 &plot nbnd=   8, nks=  1801 /
            0.000000  0.000000  0.000000
   -8.148   13.249   13.249   13.312   18.822   18.879   18.879   26.496
           -0.003536  0.000000  0.000000
   -8.148   13.248   13.248   13.311   18.823   18.879   18.880   26.497
           -0.007071  0.000000  0.000000
   -8.147   13.244   13.246   13.309   18.825   18.880   18.884   26.497
           -0.010607  0.000000  0.000000
   -8.146   13.240   13.242   13.305   18.828   18.882   18.889   26.498
           -0.014142  0.000000  0.000000
   -8.144   13.233   13.237   13.299   18.832   18.885   18.898   26.500
           -0.017678  0.000000  0.000000
   -8.142   13.224   13.230   13.291   18.835   18.891   18.908   26.501
           -0.021213  0.000000  0.000000
   -8.140   13.213   13.222   13.282   18.838   18.899   18.921   26.504
           -0.024749  0.000000  0.000000
   -8.137   13.200   13.212   13.272   18.839   18.911   18.936   26.506
           -0.028284  0.000000  0.000000
   -8.133   13.186   13.200   13.260   18.839   18.926   18.954   26.509
           -0.031820  0.000000  0.000000
   -8.129   13.170   13.187   13.247   18.838   18.944   18.974   26.512
           -0.035355  0.000000  0.000000
   -8.125   13.152   13.171   13.234   18.836   18.965   18.995   26.516
           -0.038891  0.000000  0.000000
   -8.120   13.132   13.154   13.219   18.833   18.988   19.019   26.520
           -0.042426  0.000000  0.000000
   -8.115   13.110   13.134   13.204   18.829   19.014   19.045   26.524
           -0.045962  0.000000  0.000000
   -8.109   13.087   13.113   13.187   18.825   19.041   19.073   26.528
           -0.049497  0.000000  0.000000
   -8.103   13.063   13.090   13.170   18.821   19.071   19.103   26.533
           -0.053033  0.000000  0.000000
   -8.096   13.036   13.065   13.152   18.816   19.103   19.135   26.538
           -0.056569  0.000000  0.000000
   -8.089   13.009   13.038   13.134   18.811   19.137   19.169   26.543
           -0.060104  0.000000  0.000000
   -8.081   12.979   13.009   13.114   18.805   19.173   19.205   26.548
           -0.063640  0.000000  0.000000
   -8.073   12.949   12.979   13.093   18.799   19.210   19.242   26.554
           -0.067175  0.000000  0.000000
   -8.065   12.917   12.948   13.072   18.792   19.250   19.282   26.559
           -0.070711  0.000000  0.000000
   -8.056   12.884   12.915   13.049   18.786   19.291   19.323   26.565
           -0.074246  0.000000  0.000000
   -8.046   12.850   12.881   13.026   18.778   19.334   19.365   26.570
           -0.077782  0.000000  0.000000
   -8.036   12.814   12.846   13.001   18.771   19.378   19.409   26.576
           -0.081317  0.000000  0.000000
   -8.026   12.778   12.809   12.976   18.763   19.424   19.454   26.582
           -0.084853  0.000000  0.000000
   -8.015   12.740   12.772   12.950   18.755   19.471   19.501   26.587
           -0.088388  0.000000  0.000000
   -8.004   12.702   12.733   12.922   18.746   19.519   19.549   26.592
           -0.091924  0.000000  0.000000
   -7.992   12.662   12.693   12.894   18.737   19.569   19.599   26.597
           -0.095459  0.000000  0.000000
   -7.980   12.622   12.653   12.865   18.728   19.620   19.650   26.602
           -0.098995  0.000000  0.000000
   -7.967   12.580   12.611   12.834   18.719   19.673   19.702   26.607
           -0.102530  0.000000  0.000000
   -7.954   12.538   12.569   12.803   18.709   19.726   19.755   26.611
           -0.106066  0.000000  0.000000
   -7.941   12.495   12.526   12.771   18.699   19.781   19.809   26.615
           -0.109602  0.000000  0.000000
   -7.927   12.452   12.482   12.738   18.689   19.837   19.865   26.618
           -0.113137  0.000000  0.000000
   -7.912   12.408   12.438   12.704   18.678   19.894   19.921   26.621
           -0.116673  0.000000  0.000000
   -7.897   12.363   12.393   12.669   18.668   19.951   19.979   26.623
           -0.120208  0.000000  0.000000
   -7.882   12.318   12.347   12.633   18.657   20.010   20.037   26.624
           -0.123744  0.000000  0.000000
   -7.866   12.272   12.301   12.597   18.645   20.070   20.097   26.625
           -0.127279  0.000000  0.000000
   -7.850   12.225   12.254   12.559   18.634   20.130   20.157   26.625
           -0.130815  0.000000  0.000000
   -7.833   12.178   12.207   12.521   18.622   20.192   20.218   26.624
           -0.134350  0.000000  0.000000
   -7.816   12.131   12.159   12.481   18.610   20.254   20.280   26.623
           -0.137886  0.000000  0.000000
   -7.798   12.083   12.111   12.441   18.598   20.317   20.343   26.620
           -0.141421  0.000000  0.000000
   -7.780   12.035   12.063   12.400   18.585   20.381   20.406   26.616
           -0.144957  0.000000  0.000000
   -7.761   11.987   12.014   12.358   18.573   20.445   20.470   26.611
           -0.148492  0.000000  0.000000
   -7.742   11.938   11.965   12.316   18.560   20.510   20.535   26.605
           -0.152028  0.000000  0.000000
   -7.723   11.889   11.916   12.272   18.547   20.576   20.601   26.598
           -0.155563  0.000000  0.000000
   -7.703   11.839   11.866   12.228   18.534   20.643   20.667   26.589
           -0.159099  0.000000  0.000000
   -7.683   11.790   11.816   12.183   18.520   20.710   20.734   26.579
           -0.162635  0.000000  0.000000
   -7.662   11.740   11.766   12.137   18.507   20.777   20.801   26.567
           -0.166170  0.000000  0.000000
   -7.640   11.690   11.716   12.090   18.493   20.845   20.869   26.554
           -0.169706  0.000000  0.000000
   -7.619   11.640   11.666   12.043   18.479   20.914   20.937   26.539
           -0.173241  0.000000  0.000000
   -7.596   11.590   11.615   11.995   18.465   20.983   21.006   26.522
           -0.176777  0.000000  0.000000
   -7.574   11.540   11.565   11.946   18.451   21.053   21.075   26.504
           -0.180312  0.000000  0.000000
   -7.551   11.489   11.514   11.896   18.436   21.123   21.145   26.484
           -0.183848  0.000000  0.000000
   -7.527   11.439   11.463   11.846   18.422   21.193   21.216   26.462
           -0.187383  0.000000  0.000000
   -7.503   11.388   11.412   11.795   18.407   21.264   21.286   26.438
           -0.190919  0.000000  0.000000
   -7.479   11.337   11.361   11.743   18.393   21.335   21.357   26.413
           -0.194454  0.000000  0.000000
   -7.454   11.287   11.310   11.691   18.378   21.407   21.429   26.385
           -0.197990  0.000000  0.000000
   -7.428   11.236   11.259   11.638   18.363   21.479   21.501   26.355
           -0.201525  0.000000  0.000000
   -7.402   11.185   11.208   11.584   18.348   21.552   21.573   26.323
           -0.205061  0.000000  0.000000
   -7.376   11.135   11.158   11.529   18.333   21.624   21.645   26.290
           -0.208597  0.000000  0.000000
   -7.349   11.084   11.107   11.474   18.318   21.697   21.718   26.254
           -0.212132  0.000000  0.000000
   -7.322   11.033   11.056   11.419   18.303   21.771   21.791   26.216
           -0.215668  0.000000  0.000000
   -7.295   10.983   11.005   11.362   18.288   21.844   21.865   26.176
           -0.219203  0.000000  0.000000
   -7.266   10.932   10.954   11.305   18.272   21.918   21.939   26.134
           -0.222739  0.000000  0.000000
   -7.238   10.882   10.904   11.248   18.257   21.992   22.013   26.090
           -0.226274  0.000000  0.000000
   -7.209   10.832   10.853   11.190   18.242   22.067   22.087   26.043
           -0.229810  0.000000  0.000000
   -7.179   10.782   10.803   11.131   18.226   22.141   22.161   25.995
           -0.233345  0.000000  0.000000
   -7.150   10.732   10.753   11.072   18.211   22.216   22.236   25.945
           -0.236881  0.000000  0.000000
   -7.119   10.682   10.702   11.012   18.195   22.291   22.311   25.893
           -0.240416  0.000000  0.000000
   -7.089   10.632   10.652   10.951   18.180   22.366   22.386   25.839
           -0.243952  0.000000  0.000000
   -7.057   10.582   10.602   10.890   18.164   22.442   22.461   25.783
           -0.247487  0.000000  0.000000
   -7.026   10.533   10.553   10.829   18.149   22.517   22.537   25.726
           -0.251023  0.000000  0.000000
   -6.994   10.483   10.503   10.767   18.133   22.593   22.612   25.667
           -0.254558  0.000000  0.000000
   -6.961   10.434   10.454   10.704   18.118   22.669   22.688   25.606
           -0.258094  0.000000  0.000000
   -6.928   10.385   10.404   10.641   18.102   22.745   22.764   25.543
           -0.261630  0.000000  0.000000
   -6.895   10.336   10.355   10.577   18.087   22.821   22.840   25.479
           -0.265165  0.000000  0.000000
   -6.861   10.288   10.306   10.513   18.072   22.897   22.916   25.414
           -0.268701  0.000000  0.000000
   -6.826   10.239   10.258   10.449   18.056   22.973   22.992   25.347
           -0.272236  0.000000  0.000000
   -6.792   10.191   10.209   10.384   18.041   23.050   23.069   25.279
           -0.275772  0.000000  0.000000
   -6.756   10.143   10.161   10.318   18.026   23.126   23.145   25.210
           -0.279307  0.000000  0.000000
   -6.721   10.096   10.113   10.252   18.011   23.203   23.222   25.139
           -0.282843  0.000000  0.000000
   -6.685   10.048   10.065   10.186   17.995   23.280   23.299   25.067
           -0.286378  0.000000  0.000000
   -6.648   10.001   10.016   10.120   17.980   23.357   23.375   24.995
           -0.289914  0.000000  0.000000
   -6.611    9.954    9.968   10.053   17.966   23.433   23.452   24.921
           -0.293449  0.000000  0.000000
   -6.574    9.907    9.920    9.987   17.951   23.510   23.529   24.847
           -0.296985  0.000000  0.000000
   -6.536    9.861    9.870    9.921   17.936   23.587   23.606   24.771
           -0.300520  0.000000  0.000000
   -6.498    9.814    9.817    9.859   17.921   23.664   23.683   24.695
           -0.304056  0.000000  0.000000
   -6.459    9.758    9.769    9.802   17.907   23.741   23.760   24.619
           -0.307591  0.000000  0.000000
   -6.420    9.694    9.723    9.751   17.892   23.818   23.836   24.541
           -0.311127  0.000000  0.000000
   -6.380    9.626    9.677    9.702   17.878   23.894   23.913   24.464
           -0.314663  0.000000  0.000000
   -6.340    9.557    9.632    9.656   17.864   23.971   23.990   24.386
           -0.318198  0.000000  0.000000
   -6.300    9.487    9.587    9.610   17.849   24.047   24.067   24.307
           -0.321734  0.000000  0.000000
   -6.259    9.416    9.543    9.564   17.835   24.122   24.144   24.230
           -0.325269  0.000000  0.000000
   -6.217    9.345    9.499    9.520   17.822   24.140   24.210   24.221
           -0.328805  0.000000  0.000000
   -6.176    9.273    9.455    9.475   17.808   24.065   24.282   24.298
           -0.332340  0.000000  0.000000
   -6.133    9.200    9.411    9.431   17.794   23.986   24.358   24.375
           -0.335876  0.000000  0.000000
   -6.091    9.128    9.368    9.387   17.781   23.906   24.434   24.452
           -0.339411  0.000000  0.000000
   -6.048    9.054    9.325    9.344   17.768   23.826   24.511   24.528
           -0.342947  0.000000  0.000000
   -6.004    8.981    9.282    9.301   17.754   23.745   24.587   24.605
           -0.346482  0.000000  0.000000
   -5.960    8.907    9.240    9.259   17.742   23.665   24.664   24.682
           -0.350018  0.000000  0.000000
   -5.916    8.832    9.198    9.216   17.729   23.584   24.740   24.758
           -0.353553  0.000000  0.000000
   -5.871    8.757    9.156    9.174   17.716   23.504   24.817   24.835
           -0.357089  0.000000  0.000000
   -5.826    8.682    9.115    9.133   17.704   23.424   24.893   24.911
           -0.360624  0.000000  0.000000
   -5.780    8.607    9.073    9.092   17.692   23.343   24.969   24.987
           -0.364160  0.000000  0.000000
   -5.734    8.531    9.033    9.051   17.680   23.263   25.045   25.063
           -0.367696  0.000000  0.000000
   -5.688    8.455    8.992    9.010   17.668   23.183   25.121   25.139
           -0.371231  0.000000  0.000000
   -5.641    8.378    8.952    8.970   17.656   23.103   25.197   25.215
           -0.374767  0.000000  0.000000
   -5.594    8.301    8.913    8.930   17.645   23.024   25.273   25.291
           -0.378302  0.000000  0.000000
   -5.546    8.224    8.873    8.891   17.633   22.945   25.349   25.367
           -0.381838  0.000000  0.000000
   -5.498    8.147    8.834    8.852   17.622   22.866   25.424   25.442
           -0.385373  0.000000  0.000000
   -5.449    8.069    8.796    8.813   17.612   22.787   25.499   25.518
           -0.388909  0.000000  0.000000
   -5.400    7.991    8.757    8.774   17.601   22.709   25.574   25.593
           -0.392444  0.000000  0.000000
   -5.351    7.913    8.719    8.736   17.591   22.631   25.649   25.668
           -0.395980  0.000000  0.000000
   -5.301    7.834    8.682    8.699   17.581   22.553   25.724   25.743
           -0.399515  0.000000  0.000000
   -5.251    7.755    8.645    8.662   17.571   22.476   25.799   25.817
           -0.403051  0.000000  0.000000
   -5.200    7.676    8.608    8.625   17.561   22.399   25.873   25.892
           -0.406586  0.000000  0.000000
   -5.149    7.597    8.571    8.588   17.552   22.323   25.947   25.966
           -0.410122  0.000000  0.000000
   -5.098    7.517    8.535    8.552   17.543   22.247   26.021   26.040
           -0.413657  0.000000  0.000000
   -5.046    7.437    8.500    8.516   17.534   22.171   26.095   26.114
           -0.417193  0.000000  0.000000
   -4.994    7.357    8.464    8.481   17.525   22.096   26.168   26.187
           -0.420729  0.000000  0.000000
   -4.941    7.276    8.429    8.446   17.517   22.022   26.242   26.261
           -0.424264  0.000000  0.000000
   -4.888    7.196    8.395    8.411   17.509   21.948   26.315   26.334
           -0.427800  0.000000  0.000000
   -4.834    7.115    8.361    8.377   17.501   21.874   26.387   26.406
           -0.431335  0.000000  0.000000
   -4.780    7.034    8.327    8.343   17.493   21.801   26.460   26.479
           -0.434871  0.000000  0.000000
   -4.726    6.953    8.294    8.310   17.486   21.729   26.532   26.551
           -0.438406  0.000000  0.000000
   -4.671    6.871    8.261    8.277   17.479   21.657   26.604   26.623
           -0.441942  0.000000  0.000000
   -4.616    6.790    8.228    8.244   17.472   21.586   26.675   26.695
           -0.445477  0.000000  0.000000
   -4.561    6.708    8.196    8.212   17.466   21.515   26.747   26.766
           -0.449013  0.000000  0.000000
   -4.505    6.626    8.164    8.180   17.460   21.445   26.818   26.837
           -0.452548  0.000000  0.000000
   -4.448    6.543    8.133    8.148   17.454   21.375   26.888   26.908
           -0.456084  0.000000  0.000000
   -4.392    6.461    8.102    8.117   17.449   21.307   26.958   26.978
           -0.459619  0.000000  0.000000
   -4.334    6.378    8.071    8.086   17.443   21.238   27.028   27.048
           -0.463155  0.000000  0.000000
   -4.277    6.296    8.041    8.056   17.439   21.171   27.098   27.117
           -0.466690  0.000000  0.000000
   -4.219    6.213    8.011    8.026   17.434   21.103   27.167   27.187
           -0.470226  0.000000  0.000000
   -4.161    6.130    7.981    7.997   17.430   21.037   27.235   27.255
           -0.473762  0.000000  0.000000
   -4.102    6.046    7.952    7.968   17.426   20.971   27.303   27.324
           -0.477297  0.000000  0.000000
   -4.043    5.963    7.924    7.939   17.422   20.906   27.371   27.392
           -0.480833  0.000000  0.000000
   -3.984    5.880    7.896    7.911   17.419   20.841   27.439   27.459
           -0.484368  0.000000  0.000000
   -3.924    5.796    7.868    7.883   17.416   20.777   27.506   27.526
           -0.487904  0.000000  0.000000
   -3.863    5.712    7.841    7.856   17.413   20.714   27.572   27.593
           -0.491439  0.000000  0.000000
   -3.803    5.628    7.814    7.829   17.411   20.651   27.638   27.659
           -0.494975  0.000000  0.000000
   -3.742    5.545    7.787    7.802   17.409   20.589   27.703   27.724
           -0.498510  0.000000  0.000000
   -3.681    5.460    7.761    7.776   17.407   20.528   27.768   27.789
           -0.502046  0.000000  0.000000
   -3.619    5.376    7.735    7.750   17.406   20.467   27.833   27.854
           -0.505581  0.000000  0.000000
   -3.557    5.292    7.710    7.725   17.405   20.407   27.896   27.918
           -0.509117  0.000000  0.000000
   -3.494    5.208    7.685    7.700   17.405   20.348   27.960   27.981
           -0.512652  0.000000  0.000000
   -3.431    5.123    7.661    7.675   17.404   20.289   28.022   28.044
           -0.516188  0.000000  0.000000
   -3.368    5.039    7.637    7.651   17.404   20.231   28.084   28.106
           -0.519723  0.000000  0.000000
   -3.304    4.954    7.613    7.628   17.405   20.173   28.146   28.167
           -0.523259  0.000000  0.000000
   -3.240    4.870    7.590    7.605   17.406   20.117   28.207   28.228
           -0.526795  0.000000  0.000000
   -3.176    4.785    7.567    7.582   17.407   20.061   28.267   28.289
           -0.530330  0.000000  0.000000
   -3.111    4.701    7.545    7.559   17.409   20.005   28.326   28.348
           -0.533866  0.000000  0.000000
   -3.046    4.616    7.523    7.537   17.411   19.950   28.385   28.407
           -0.537401  0.000000  0.000000
   -2.981    4.531    7.501    7.516   17.413   19.896   28.443   28.465
           -0.540937  0.000000  0.000000
   -2.915    4.446    7.480    7.495   17.416   19.843   28.500   28.523
           -0.544472  0.000000  0.000000
   -2.849    4.362    7.460    7.474   17.419   19.790   28.557   28.580
           -0.548008  0.000000  0.000000
   -2.783    4.277    7.440    7.454   17.423   19.738   28.613   28.635
           -0.551543  0.000000  0.000000
   -2.716    4.192    7.420    7.434   17.427   19.686   28.668   28.691
           -0.555079  0.000000  0.000000
   -2.649    4.107    7.401    7.415   17.431   19.635   28.722   28.745
           -0.558614  0.000000  0.000000
   -2.581    4.022    7.382    7.396   17.436   19.585   28.775   28.799
           -0.562150  0.000000  0.000000
   -2.513    3.937    7.363    7.378   17.441   19.536   28.828   28.851
           -0.565685  0.000000  0.000000
   -2.445    3.853    7.345    7.359   17.446   19.487   28.880   28.903
           -0.569221  0.000000  0.000000
   -2.376    3.768    7.328    7.342   17.452   19.438   28.930   28.954
           -0.572756  0.000000  0.000000
   -2.308    3.683    7.311    7.325   17.459   19.391   28.980   29.004
           -0.576292  0.000000  0.000000
   -2.238    3.598    7.294    7.308   17.465   19.344   29.029   29.053
           -0.579828  0.000000  0.000000
   -2.169    3.514    7.278    7.292   17.473   19.298   29.077   29.101
           -0.583363  0.000000  0.000000
   -2.099    3.429    7.262    7.276   17.480   19.252   29.124   29.148
           -0.586899  0.000000  0.000000
   -2.029    3.344    7.246    7.260   17.488   19.207   29.170   29.194
           -0.590434  0.000000  0.000000
   -1.958    3.260    7.231    7.246   17.497   19.162   29.215   29.240
           -0.593970  0.000000  0.000000
   -1.887    3.175    7.217    7.231   17.506   19.119   29.259   29.284
           -0.597505  0.000000  0.000000
   -1.816    3.091    7.203    7.217   17.515   19.076   29.302   29.327
           -0.601041  0.000000  0.000000
   -1.744    3.007    7.189    7.203   17.525   19.033   29.344   29.368
           -0.604576  0.000000  0.000000
   -1.673    2.922    7.176    7.190   17.535   18.991   29.384   29.409
           -0.608112  0.000000  0.000000
   -1.601    2.838    7.163    7.177   17.546   18.950   29.424   29.449
           -0.611647  0.000000  0.000000
   -1.528    2.754    7.151    7.165   17.557   18.909   29.462   29.487
           -0.615183  0.000000  0.000000
   -1.455    2.670    7.139    7.153   17.568   18.869   29.500   29.525
           -0.618718  0.000000  0.000000
   -1.382    2.586    7.128    7.142   17.580   18.830   29.536   29.561
           -0.622254  0.000000  0.000000
   -1.309    2.502    7.117    7.131   17.593   18.791   29.570   29.596
           -0.625790  0.000000  0.000000
   -1.235    2.419    7.106    7.120   17.606   18.753   29.604   29.629
           -0.629325  0.000000  0.000000
   -1.161    2.335    7.096    7.110   17.619   18.715   29.636   29.662
           -0.632861  0.000000  0.000000
   -1.087    2.252    7.087    7.100   17.633   18.679   29.667   29.693
           -0.636396  0.000000  0.000000
   -1.012    2.168    7.077    7.091   17.647   18.642   29.697   29.723
           -0.639932  0.000000  0.000000
   -0.938    2.085    7.069    7.082   17.662   18.606   29.725   29.751
           -0.643467  0.000000  0.000000
   -0.862    2.002    7.060    7.074   17.677   18.571   29.752   29.778
           -0.647003  0.000000  0.000000
   -0.787    1.919    7.053    7.066   17.693   18.537   29.778   29.804
           -0.650538  0.000000  0.000000
   -0.711    1.836    7.045    7.059   17.709   18.503   29.802   29.829
           -0.654074  0.000000  0.000000
   -0.635    1.754    7.038    7.052   17.726   18.469   29.825   29.852
           -0.657609  0.000000  0.000000
   -0.559    1.671    7.032    7.045   17.743   18.437   29.847   29.873
           -0.661145  0.000000  0.000000
   -0.483    1.589    7.026    7.039   17.761   18.404   29.867   29.893
           -0.664680  0.000000  0.000000
   -0.406    1.507    7.020    7.034   17.779   18.373   29.886   29.912
           -0.668216  0.000000  0.000000
   -0.329    1.425    7.015    7.029   17.798   18.342   29.903   29.929
           -0.671751  0.000000  0.000000
   -0.252    1.343    7.010    7.024   17.817   18.311   29.919   29.945
           -0.675287  0.000000  0.000000
   -0.174    1.261    7.006    7.020   17.837   18.281   29.933   29.960
           -0.678823  0.000000  0.000000
   -0.096    1.180    7.002    7.016   17.857   18.252   29.946   29.973
           -0.682358  0.000000  0.000000
   -0.018    1.098    6.999    7.012   17.878   18.223   29.957   29.984
           -0.685894  0.000000  0.000000
    0.060    1.017    6.996    7.009   17.899   18.195   29.967   29.994
           -0.689429  0.000000  0.000000
    0.139    0.936    6.993    7.007   17.920   18.168   29.976   30.002
           -0.692965  0.000000  0.000000
    0.217    0.856    6.991    7.005   17.943   18.140   29.982   30.009
           -0.696500  0.000000  0.000000
    0.296    0.775    6.990    7.003   17.965   18.114   29.988   30.014
           -0.700036  0.000000  0.000000
    0.375    0.695    6.989    7.002   17.989   18.088   29.992   30.018
           -0.703571  0.000000  0.000000
    0.455    0.615    6.988    7.002   18.012   18.063   29.994   30.021
           -0.707107  0.000000  0.000000
    0.529    0.540    6.988    7.001   18.031   18.044   29.995   30.021
           -0.707107  0.001768  0.000000
    0.529    0.540    6.988    7.001   18.031   18.044   29.994   30.021
           -0.707107  0.003536  0.000000
    0.529    0.540    6.987    7.001   18.032   18.045   29.994   30.021
           -0.707107  0.005303 -0.000000
    0.529    0.541    6.987    7.000   18.033   18.046   29.994   30.020
           -0.707107  0.007071  0.000000
    0.530    0.541    6.986    6.999   18.035   18.048   29.993   30.020
           -0.707107  0.008839  0.000000
    0.530    0.541    6.984    6.998   18.037   18.050   29.992   30.019
           -0.707107  0.010607  0.000000
    0.530    0.542    6.983    6.997   18.039   18.053   29.991   30.017
           -0.707107  0.012374  0.000000
    0.531    0.542    6.981    6.995   18.042   18.056   29.989   30.016
           -0.707107  0.014142 -0.000000
    0.531    0.543    6.979    6.993   18.046   18.059   29.988   30.014
           -0.707107  0.015910  0.000000
    0.532    0.543    6.977    6.991   18.050   18.063   29.986   30.012
           -0.707107  0.017678  0.000000
    0.533    0.544    6.975    6.988   18.055   18.068   29.984   30.010
           -0.707107  0.019445  0.000000
    0.534    0.545    6.972    6.986   18.060   18.073   29.981   30.008
           -0.707107  0.021213  0.000000
    0.534    0.546    6.969    6.983   18.065   18.078   29.979   30.005
           -0.707107  0.022981  0.000000
    0.535    0.547    6.966    6.979   18.071   18.084   29.976   30.003
           -0.707107  0.024749  0.000000
    0.536    0.548    6.962    6.976   18.078   18.091   29.973   30.000
           -0.707107  0.026517 -0.000000
    0.537    0.549    6.959    6.972   18.085   18.098   29.970   29.997
           -0.707107  0.028284  0.000000
    0.538    0.550    6.955    6.968   18.092   18.105   29.966   29.993
           -0.707107  0.030052  0.000000
    0.540    0.551    6.950    6.964   18.100   18.113   29.963   29.989
           -0.707107  0.031820  0.000000
    0.541    0.552    6.946    6.959   18.108   18.121   29.959   29.986
           -0.707107  0.033588 -0.000000
    0.542    0.554    6.941    6.955   18.117   18.130   29.955   29.981
           -0.707107  0.035355  0.000000
    0.544    0.555    6.936    6.950   18.126   18.139   29.951   29.977
           -0.707107  0.037123  0.000000
    0.545    0.557    6.931    6.944   18.136   18.149   29.946   29.972
           -0.707107  0.038891  0.000000
    0.547    0.558    6.925    6.939   18.146   18.159   29.941   29.968
           -0.707107  0.040659 -0.000000
    0.548    0.560    6.920    6.933   18.157   18.170   29.936   29.963
           -0.707107  0.042426 -0.000000
    0.550    0.562    6.914    6.927   18.168   18.181   29.931   29.957
           -0.707107  0.044194  0.000000
    0.552    0.563    6.908    6.921   18.179   18.193   29.926   29.952
           -0.707107  0.045962  0.000000
    0.554    0.565    6.901    6.915   18.191   18.205   29.920   29.946
           -0.707107  0.047730  0.000000
    0.556    0.567    6.894    6.908   18.204   18.217   29.914   29.940
           -0.707107  0.049497 -0.000000
    0.558    0.569    6.888    6.901   18.217   18.230   29.908   29.934
           -0.707107  0.051265  0.000000
    0.560    0.571    6.880    6.894   18.230   18.243   29.901   29.928
           -0.707107  0.053033  0.000000
    0.562    0.573    6.873    6.887   18.244   18.257   29.895   29.921
           -0.707107  0.054801  0.000000
    0.564    0.576    6.866    6.879   18.258   18.271   29.888   29.914
           -0.707107  0.056569  0.000000
    0.566    0.578    6.858    6.872   18.273   18.286   29.881   29.907
           -0.707107  0.058336  0.000000
    0.569    0.580    6.850    6.864   18.288   18.301   29.873   29.899
           -0.707107  0.060104  0.000000
    0.571    0.583    6.842    6.855   18.303   18.317   29.866   29.892
           -0.707107  0.061872  0.000000
    0.574    0.585    6.833    6.847   18.319   18.333   29.858   29.884
           -0.707107  0.063640 -0.000000
    0.576    0.588    6.825    6.838   18.335   18.349   29.850   29.876
           -0.707107  0.065407  0.000000
    0.579    0.590    6.816    6.829   18.352   18.366   29.842   29.867
           -0.707107  0.067175  0.000000
    0.582    0.593    6.807    6.820   18.370   18.383   29.833   29.859
           -0.707107  0.068943  0.000000
    0.584    0.596    6.797    6.811   18.387   18.401   29.824   29.850
           -0.707107  0.070711 -0.000000
    0.587    0.599    6.788    6.802   18.405   18.419   29.815   29.841
           -0.707107  0.072478  0.000000
    0.590    0.602    6.778    6.792   18.424   18.438   29.806   29.832
           -0.707107  0.074246  0.000000
    0.593    0.605    6.768    6.782   18.443   18.456   29.796   29.822
           -0.707107  0.076014  0.000000
    0.596    0.608    6.758    6.772   18.462   18.476   29.786   29.812
           -0.707107  0.077782 -0.000000
    0.599    0.611    6.748    6.762   18.482   18.496   29.776   29.802
           -0.707107  0.079550 -0.000000
    0.602    0.614    6.738    6.752   18.502   18.516   29.766   29.792
           -0.707107  0.081317  0.000000
    0.606    0.617    6.727    6.741   18.522   18.536   29.756   29.781
           -0.707107  0.083085  0.000000
    0.609    0.621    6.716    6.730   18.543   18.557   29.745   29.770
           -0.707107  0.084853  0.000000
    0.612    0.624    6.706    6.719   18.565   18.579   29.734   29.759
           -0.707107  0.086621 -0.000000
    0.616    0.627    6.694    6.708   18.586   18.600   29.722   29.747
           -0.707107  0.088388  0.000000
    0.619    0.631    6.683    6.697   18.608   18.622   29.711   29.736
           -0.707107  0.090156  0.000000
    0.623    0.634    6.672    6.686   18.631   18.645   29.699   29.724
           -0.707107  0.091924  0.000000
    0.626    0.638    6.660    6.674   18.654   18.668   29.687   29.711
           -0.707107  0.093692  0.000000
    0.630    0.642    6.648    6.662   18.677   18.691   29.674   29.699
           -0.707107  0.095459  0.000000
    0.634    0.646    6.636    6.650   18.701   18.715   29.661   29.686
           -0.707107  0.097227  0.000000
    0.638    0.649    6.624    6.638   18.725   18.739   29.648   29.673
           -0.707107  0.098995 -0.000000
    0.641    0.653    6.612    6.626   18.749   18.763   29.635   29.660
           -0.707107  0.100763  0.000000
    0.645    0.657    6.600    6.614   18.774   18.788   29.622   29.646
           -0.707107  0.102530  0.000000
    0.649    0.661    6.587    6.601   18.799   18.813   29.608   29.632
           -0.707107  0.104298  0.000000
    0.653    0.665    6.575    6.588   18.824   18.839   29.594   29.618
           -0.707107  0.106066  0.000000
    0.658    0.669    6.562    6.576   18.850   18.864   29.580   29.604
           -0.707107  0.107834 -0.000000
    0.662    0.674    6.549    6.563   18.876   18.891   29.565   29.589
           -0.707107  0.109602  0.000000
    0.666    0.678    6.536    6.550   18.903   18.917   29.550   29.574
           -0.707107  0.111369  0.000000
    0.670    0.682    6.523    6.537   18.929   18.944   29.535   29.559
           -0.707107  0.113137  0.000000
    0.675    0.687    6.509    6.523   18.957   18.971   29.519   29.543
           -0.707107  0.114905 -0.000000
    0.679    0.691    6.496    6.510   18.984   18.999   29.504   29.527
           -0.707107  0.116673  0.000000
    0.683    0.695    6.482    6.496   19.012   19.027   29.488   29.511
           -0.707107  0.118440  0.000000
    0.688    0.700    6.469    6.483   19.040   19.055   29.471   29.495
           -0.707107  0.120208  0.000000
    0.692    0.705    6.455    6.469   19.069   19.083   29.455   29.478
           -0.707107  0.121976  0.000000
    0.697    0.709    6.441    6.455   19.098   19.112   29.438   29.461
           -0.707107  0.123744 -0.000000
    0.702    0.714    6.427    6.441   19.127   19.141   29.420   29.444
           -0.707107  0.125511  0.000000
    0.706    0.719    6.413    6.427   19.156   19.171   29.403   29.426
           -0.707107  0.127279  0.000000
    0.711    0.723    6.399    6.413   19.186   19.201   29.385   29.408
           -0.707107  0.129047 -0.000000
    0.716    0.728    6.385    6.399   19.216   19.231   29.367   29.390
           -0.707107  0.130815  0.000000
    0.721    0.733    6.370    6.384   19.247   19.261   29.349   29.371
           -0.707107  0.132583  0.000000
    0.726    0.738    6.356    6.370   19.277   19.292   29.330   29.353
           -0.707107  0.134350  0.000000
    0.731    0.743    6.341    6.356   19.308   19.323   29.311   29.333
           -0.707107  0.136118  0.000000
    0.736    0.748    6.327    6.341   19.340   19.355   29.292   29.314
           -0.707107  0.137886  0.000000
    0.741    0.753    6.312    6.326   19.371   19.386   29.272   29.294
           -0.707107  0.139654  0.000000
    0.746    0.759    6.297    6.312   19.403   19.418   29.252   29.274
           -0.707107  0.141421  0.000000
    0.751    0.764    6.283    6.297   19.435   19.451   29.232   29.254
           -0.707107  0.143189 -0.000000
    0.757    0.769    6.268    6.282   19.468   19.483   29.212   29.233
           -0.707107  0.144957 -0.000000
    0.762    0.774    6.253    6.267   19.501   19.516   29.191   29.212
           -0.707107  0.146725  0.000000
    0.767    0.780    6.238    6.252   19.534   19.549   29.170   29.191
           -0.707107  0.148492  0.000000
    0.772    0.785    6.223    6.237   19.567   19.582   29.148   29.170
           -0.707107  0.150260  0.000000
    0.778    0.790    6.208    6.222   19.600   19.616   29.126   29.148
           -0.707107  0.152028 -0.000000
    0.783    0.796    6.193    6.207   19.634   19.650   29.104   29.125
           -0.707107  0.153796 -0.000000
    0.789    0.801    6.177    6.192   19.668   19.684   29.082   29.103
           -0.707107  0.155563  0.000000
    0.794    0.807    6.162    6.177   19.703   19.718   29.059   29.080
           -0.707107  0.157331  0.000000
    0.800    0.813    6.147    6.161   19.737   19.753   29.036   29.057
           -0.707107  0.159099  0.000000
    0.805    0.818    6.132    6.146   19.772   19.788   29.013   29.034
           -0.707107  0.160867 -0.000000
    0.811    0.824    6.116    6.131   19.807   19.823   28.990   29.010
           -0.707107  0.162635  0.000000
    0.817    0.830    6.101    6.116   19.843   19.858   28.966   28.986
           -0.707107  0.164402  0.000000
    0.822    0.835    6.086    6.100   19.878   19.894   28.941   28.961
           -0.707107  0.166170  0.000000
    0.828    0.841    6.070    6.085   19.914   19.930   28.917   28.937
           -0.707107  0.167938  0.000000
    0.834    0.847    6.055    6.069   19.950   19.966   28.892   28.912
           -0.707107  0.169706  0.000000
    0.840    0.853    6.039    6.054   19.986   20.002   28.867   28.886
           -0.707107  0.171473  0.000000
    0.846    0.859    6.024    6.039   20.023   20.039   28.842   28.861
           -0.707107  0.173241 -0.000000
    0.851    0.864    6.009    6.023   20.060   20.076   28.816   28.835
           -0.707107  0.175009  0.000000
    0.857    0.870    5.993    6.008   20.097   20.113   28.790   28.809
           -0.707107  0.176777  0.000000
    0.863    0.876    5.978    5.992   20.134   20.150   28.763   28.782
           -0.707107  0.178544  0.000000
    0.869    0.882    5.962    5.977   20.171   20.188   28.737   28.755
           -0.707107  0.180312  0.000000
    0.875    0.888    5.947    5.962   20.209   20.225   28.710   28.728
           -0.707107  0.182080  0.000000
    0.881    0.894    5.931    5.946   20.247   20.263   28.683   28.701
           -0.707107  0.183848  0.000000
    0.887    0.900    5.916    5.931   20.285   20.301   28.655   28.673
           -0.707107  0.185616  0.000000
    0.893    0.906    5.901    5.915   20.323   20.340   28.627   28.645
           -0.707107  0.187383 -0.000000
    0.899    0.913    5.885    5.900   20.362   20.378   28.599   28.617
           -0.707107  0.189151  0.000000
    0.905    0.919    5.870    5.885   20.400   20.417   28.570   28.588
           -0.707107  0.190919  0.000000
    0.911    0.925    5.855    5.869   20.439   20.456   28.542   28.559
           -0.707107  0.192687  0.000000
    0.917    0.931    5.839    5.854   20.478   20.495   28.513   28.530
           -0.707107  0.194454  0.000000
    0.923    0.937    5.824    5.839   20.517   20.534   28.483   28.500
           -0.707107  0.196222 -0.000000
    0.930    0.943    5.809    5.824   20.557   20.574   28.454   28.470
           -0.707107  0.197990  0.000000
    0.936    0.949    5.794    5.809   20.596   20.613   28.424   28.440
           -0.707107  0.199758  0.000000
    0.942    0.956    5.778    5.793   20.636   20.653   28.393   28.410
           -0.707107  0.201525 -0.000000
    0.948    0.962    5.763    5.778   20.676   20.693   28.363   28.379
           -0.707107  0.203293  0.000000
    0.954    0.968    5.748    5.763   20.716   20.733   28.332   28.348
           -0.707107  0.205061  0.000000
    0.960    0.974    5.733    5.748   20.756   20.774   28.301   28.317
           -0.707107  0.206829  0.000000
    0.967    0.980    5.718    5.733   20.797   20.814   28.270   28.285
           -0.707107  0.208597  0.000000
    0.973    0.987    5.703    5.719   20.837   20.855   28.238   28.254
           -0.707107  0.210364  0.000000
    0.979    0.993    5.689    5.704   20.878   20.896   28.206   28.221
           -0.707107  0.212132  0.000000
    0.985    0.999    5.674    5.689   20.919   20.937   28.174   28.189
           -0.707107  0.213900  0.000000
    0.991    1.005    5.659    5.674   20.960   20.978   28.142   28.156
           -0.707107  0.215668  0.000000
    0.997    1.012    5.645    5.660   21.001   21.019   28.109   28.123
           -0.707107  0.217435 -0.000000
    1.004    1.018    5.630    5.645   21.042   21.060   28.076   28.090
           -0.707107  0.219203 -0.000000
    1.010    1.024    5.615    5.631   21.084   21.102   28.043   28.057
           -0.707107  0.220971  0.000000
    1.016    1.030    5.601    5.617   21.125   21.143   28.009   28.023
           -0.707107  0.222739  0.000000
    1.022    1.036    5.587    5.602   21.167   21.185   27.975   27.989
           -0.707107  0.224506  0.000000
    1.028    1.042    5.573    5.588   21.209   21.227   27.941   27.955
           -0.707107  0.226274 -0.000000
    1.034    1.049    5.558    5.574   21.251   21.269   27.907   27.921
           -0.707107  0.228042  0.000000
    1.040    1.055    5.544    5.560   21.293   21.311   27.873   27.886
           -0.707107  0.229810  0.000000
    1.046    1.061    5.530    5.546   21.335   21.354   27.838   27.851
           -0.707107  0.231577  0.000000
    1.052    1.067    5.517    5.532   21.377   21.396   27.803   27.816
           -0.707107  0.233345 -0.000000
    1.059    1.073    5.503    5.519   21.420   21.438   27.768   27.780
           -0.707107  0.235113  0.000000
    1.065    1.079    5.489    5.505   21.462   21.481   27.732   27.745
           -0.707107  0.236881  0.000000
    1.071    1.085    5.476    5.492   21.505   21.524   27.697   27.709
           -0.707107  0.238649  0.000000
    1.076    1.091    5.462    5.478   21.547   21.566   27.661   27.673
           -0.707107  0.240416  0.000000
    1.082    1.097    5.449    5.465   21.590   21.609   27.625   27.637
           -0.707107  0.242184  0.000000
    1.088    1.103    5.436    5.452   21.633   21.652   27.588   27.600
           -0.707107  0.243952  0.000000
    1.094    1.109    5.423    5.439   21.676   21.695   27.552   27.563
           -0.707107  0.245720 -0.000000
    1.100    1.115    5.410    5.426   21.719   21.738   27.515   27.526
           -0.707107  0.247487  0.000000
    1.106    1.121    5.397    5.413   21.762   21.782   27.479   27.489
           -0.707107  0.249255  0.000000
    1.112    1.127    5.385    5.401   21.805   21.825   27.441   27.452
           -0.707107  0.251023  0.000000
    1.117    1.132    5.372    5.388   21.848   21.868   27.404   27.415
           -0.707107  0.252791  0.000000
    1.123    1.138    5.360    5.376   21.891   21.911   27.367   27.377
           -0.707107  0.254558  0.000000
    1.129    1.144    5.347    5.364   21.934   21.955   27.329   27.339
           -0.707107  0.256326  0.000000
    1.134    1.149    5.335    5.351   21.978   21.998   27.292   27.301
           -0.707107  0.258094  0.000000
    1.140    1.155    5.323    5.340   22.021   22.042   27.254   27.263
           -0.707107  0.259862  0.000000
    1.145    1.161    5.312    5.328   22.064   22.085   27.216   27.225
           -0.707107  0.261630 -0.000000
    1.151    1.166    5.300    5.316   22.108   22.129   27.177   27.187
           -0.707107  0.263397  0.000000
    1.156    1.171    5.288    5.305   22.151   22.172   27.139   27.148
           -0.707107  0.265165  0.000000
    1.161    1.177    5.277    5.293   22.194   22.216   27.101   27.109
           -0.707107  0.266933  0.000000
    1.167    1.182    5.266    5.282   22.238   22.259   27.062   27.071
           -0.707107  0.268701  0.000000
    1.172    1.187    5.255    5.271   22.281   22.303   27.024   27.032
           -0.707107  0.270468 -0.000000
    1.177    1.193    5.244    5.261   22.324   22.346   26.985   26.993
           -0.707107  0.272236  0.000000
    1.182    1.198    5.233    5.250   22.368   22.390   26.946   26.954
           -0.707107  0.274004  0.000000
    1.187    1.203    5.223    5.240   22.411   22.433   26.907   26.915
           -0.707107  0.275772 -0.000000
    1.192    1.208    5.213    5.229   22.454   22.477   26.868   26.876
           -0.707107  0.277539  0.000000
    1.197    1.213    5.203    5.219   22.497   22.520   26.829   26.836
           -0.707107  0.279307  0.000000
    1.201    1.217    5.193    5.209   22.540   22.563   26.790   26.797
           -0.707107  0.281075  0.000000
    1.206    1.222    5.183    5.200   22.583   22.607   26.751   26.758
           -0.707107  0.282843  0.000000
    1.211    1.227    5.173    5.190   22.626   22.650   26.712   26.718
           -0.707107  0.284610  0.000000
    1.215    1.231    5.164    5.181   22.669   22.693   26.673   26.679
           -0.707107  0.286378  0.000000
    1.220    1.236    5.155    5.172   22.712   22.736   26.634   26.640
           -0.707107  0.288146  0.000000
    1.224    1.240    5.146    5.163   22.754   22.779   26.595   26.600
           -0.707107  0.289914 -0.000000
    1.228    1.245    5.137    5.154   22.796   22.821   26.556   26.561
           -0.707107  0.291682 -0.000000
    1.233    1.249    5.129    5.145   22.839   22.864   26.517   26.522
           -0.707107  0.293449 -0.000000
    1.237    1.253    5.120    5.137   22.881   22.906   26.478   26.483
           -0.707107  0.295217  0.000000
    1.241    1.257    5.112    5.129   22.922   22.948   26.439   26.444
           -0.707107  0.296985  0.000000
    1.245    1.261    5.104    5.121   22.964   22.990   26.400   26.405
           -0.707107  0.298753  0.000000
    1.248    1.265    5.096    5.113   23.005   23.032   26.362   26.367
           -0.707107  0.300520  0.000000
    1.252    1.269    5.089    5.106   23.046   23.073   26.323   26.328
           -0.707107  0.302288  0.000000
    1.256    1.272    5.082    5.099   23.087   23.114   26.285   26.290
           -0.707107  0.304056  0.000000
    1.259    1.276    5.075    5.092   23.127   23.155   26.247   26.252
           -0.707107  0.305824  0.000000
    1.263    1.279    5.068    5.085   23.167   23.195   26.209   26.214
           -0.707107  0.307591  0.000000
    1.266    1.283    5.061    5.078   23.207   23.235   26.172   26.177
           -0.707107  0.309359  0.000000
    1.269    1.286    5.055    5.072   23.246   23.275   26.135   26.140
           -0.707107  0.311127  0.000000
    1.272    1.289    5.049    5.066   23.285   23.314   26.098   26.103
           -0.707107  0.312895  0.000000
    1.275    1.292    5.043    5.060   23.323   23.353   26.061   26.067
           -0.707107  0.314663  0.000000
    1.278    1.295    5.037    5.054   23.361   23.391   26.025   26.031
           -0.707107  0.316430  0.000000
    1.281    1.298    5.032    5.049   23.397   23.428   25.990   25.996
           -0.707107  0.318198  0.000000
    1.283    1.300    5.026    5.044   23.434   23.465   25.955   25.962
           -0.707107  0.319966  0.000000
    1.286    1.303    5.021    5.039   23.469   23.501   25.921   25.928
           -0.707107  0.321734  0.000000
    1.288    1.305    5.017    5.034   23.504   23.536   25.887   25.895
           -0.707107  0.323501  0.000000
    1.291    1.307    5.012    5.030   23.537   23.571   25.855   25.863
           -0.707107  0.325269  0.000000
    1.293    1.310    5.008    5.026   23.570   23.604   25.823   25.831
           -0.707107  0.327037  0.000000
    1.295    1.312    5.004    5.022   23.602   23.636   25.792   25.801
           -0.707107  0.328805  0.000000
    1.297    1.314    5.000    5.018   23.632   23.667   25.762   25.772
           -0.707107  0.330572  0.000000
    1.298    1.315    4.997    5.014   23.661   23.697   25.734   25.744
           -0.707107  0.332340  0.000000
    1.300    1.317    4.994    5.011   23.689   23.725   25.706   25.717
           -0.707107  0.334108 -0.000000
    1.302    1.319    4.991    5.008   23.715   23.752   25.681   25.692
           -0.707107  0.335876  0.000000
    1.303    1.320    4.988    5.006   23.739   23.777   25.656   25.669
           -0.707107  0.337643  0.000000
    1.304    1.321    4.986    5.003   23.762   23.801   25.634   25.647
           -0.707107  0.339411  0.000000
    1.305    1.322    4.983    5.001   23.783   23.822   25.613   25.627
           -0.707107  0.341179  0.000000
    1.306    1.323    4.981    4.999   23.802   23.841   25.595   25.609
           -0.707107  0.342947  0.000000
    1.307    1.324    4.980    4.997   23.818   23.858   25.578   25.593
           -0.707107  0.344715  0.000000
    1.308    1.325    4.978    4.996   23.833   23.873   25.564   25.579
           -0.707107  0.346482  0.000000
    1.309    1.326    4.977    4.995   23.844   23.885   25.552   25.567
           -0.707107  0.348250  0.000000
    1.309    1.326    4.976    4.994   23.854   23.895   25.543   25.558
           -0.707107  0.350018 -0.000000
    1.309    1.326    4.976    4.993   23.860   23.902   25.536   25.552
           -0.707107  0.351786 -0.000000
    1.310    1.327    4.975    4.993   23.864   23.906   25.532   25.548
           -0.707107  0.353553  0.000000
    1.310    1.327    4.975    4.993   23.866   23.908   25.530   25.547
           -0.706223  0.354437  0.000000
    1.301    1.335    4.977    4.991   23.859   23.914   25.533   25.545
           -0.705339  0.355321  0.000000
    1.292    1.344    4.970    4.998   23.850   23.920   25.534   25.546
           -0.704455  0.356205  0.000000
    1.282    1.354    4.961    5.008   23.839   23.927   25.535   25.549
           -0.703571  0.357089  0.000000
    1.272    1.363    4.952    5.018   23.826   23.934   25.536   25.553
           -0.702687  0.357973  0.000000
    1.262    1.372    4.943    5.028   23.812   23.941   25.539   25.558
           -0.701803  0.358857  0.000000
    1.253    1.381    4.934    5.039   23.797   23.948   25.543   25.563
           -0.700920  0.359741  0.000000
    1.243    1.390    4.924    5.050   23.780   23.955   25.548   25.568
           -0.700036  0.360624  0.000000
    1.234    1.399    4.915    5.061   23.762   23.962   25.554   25.574
           -0.699152  0.361508  0.000000
    1.224    1.407    4.906    5.072   23.743   23.969   25.560   25.580
           -0.698268  0.362392  0.000000
    1.215    1.415    4.897    5.084   23.722   23.975   25.568   25.587
           -0.697384  0.363276  0.000000
    1.205    1.423    4.888    5.095   23.701   23.981   25.576   25.594
           -0.696500  0.364160  0.000000
    1.196    1.431    4.879    5.107   23.678   23.988   25.585   25.602
           -0.695616  0.365044  0.000000
    1.186    1.439    4.870    5.120   23.654   23.994   25.594   25.611
           -0.694732  0.365928  0.000000
    1.177    1.446    4.861    5.132   23.630   23.999   25.602   25.622
           -0.693849  0.366812  0.000000
    1.168    1.454    4.852    5.145   23.605   24.005   25.610   25.634
           -0.692965  0.367696  0.000000
    1.159    1.461    4.843    5.158   23.579   24.011   25.618   25.647
           -0.692081  0.368579  0.000000
    1.150    1.468    4.835    5.171   23.552   24.016   25.625   25.661
           -0.691197  0.369463  0.000000
    1.140    1.475    4.826    5.184   23.524   24.021   25.633   25.676
           -0.690313  0.370347  0.000000
    1.131    1.481    4.817    5.198   23.496   24.027   25.641   25.692
           -0.689429  0.371231  0.000000
    1.122    1.488    4.808    5.211   23.467   24.032   25.649   25.709
           -0.688545  0.372115  0.000000
    1.113    1.494    4.800    5.225   23.437   24.036   25.657   25.726
           -0.687661  0.372999  0.000000
    1.104    1.500    4.791    5.239   23.407   24.041   25.666   25.744
           -0.686777  0.373883  0.000000
    1.096    1.506    4.783    5.254   23.377   24.045   25.674   25.762
           -0.685894  0.374767  0.000000
    1.087    1.512    4.774    5.268   23.346   24.050   25.683   25.781
           -0.685010  0.375650  0.000000
    1.078    1.518    4.766    5.283   23.314   24.054   25.691   25.800
           -0.684126  0.376534  0.000000
    1.069    1.523    4.757    5.298   23.283   24.058   25.700   25.820
           -0.683242  0.377418  0.000000
    1.061    1.529    4.749    5.313   23.250   24.062   25.710   25.840
           -0.682358  0.378302  0.000000
    1.052    1.534    4.740    5.328   23.218   24.066   25.719   25.861
           -0.681474  0.379186  0.000000
    1.043    1.539    4.732    5.344   23.185   24.069   25.728   25.882
           -0.680590  0.380070  0.000000
    1.035    1.544    4.724    5.359   23.152   24.073   25.738   25.903
           -0.679706  0.380954  0.000000
    1.026    1.549    4.715    5.375   23.118   24.076   25.748   25.924
           -0.678823  0.381838  0.000000
    1.018    1.553    4.707    5.391   23.084   24.079   25.758   25.946
           -0.677939  0.382722  0.000000
    1.010    1.558    4.699    5.407   23.051   24.082   25.768   25.968
           -0.677055  0.383605  0.000000
    1.001    1.562    4.691    5.423   23.016   24.085   25.778   25.990
           -0.676171  0.384489  0.000000
    0.993    1.566    4.683    5.440   22.982   24.088   25.789   26.013
           -0.675287  0.385373  0.000000
    0.985    1.570    4.675    5.456   22.947   24.090   25.799   26.035
           -0.674403  0.386257  0.000000
    0.977    1.574    4.667    5.473   22.913   24.093   25.810   26.058
           -0.673519  0.387141  0.000000
    0.969    1.578    4.659    5.490   22.878   24.095   25.821   26.081
           -0.672635  0.388025  0.000000
    0.961    1.581    4.651    5.507   22.843   24.097   25.832   26.105
           -0.671751  0.388909  0.000000
    0.952    1.585    4.643    5.524   22.807   24.099   25.843   26.128
           -0.670868  0.389793  0.000000
    0.945    1.588    4.635    5.542   22.772   24.101   25.855   26.151
           -0.669984  0.390676  0.000000
    0.937    1.592    4.628    5.559   22.737   24.103   25.866   26.175
           -0.669100  0.391560  0.000000
    0.929    1.595    4.620    5.577   22.701   24.105   25.878   26.199
           -0.668216  0.392444  0.000000
    0.921    1.598    4.612    5.595   22.666   24.107   25.890   26.223
           -0.667332  0.393328  0.000000
    0.913    1.601    4.605    5.613   22.630   24.108   25.902   26.247
           -0.666448  0.394212  0.000000
    0.905    1.603    4.597    5.631   22.594   24.110   25.914   26.271
           -0.665564  0.395096  0.000000
    0.898    1.606    4.590    5.649   22.558   24.111   25.926   26.295
           -0.664680  0.395980  0.000000
    0.890    1.609    4.582    5.667   22.523   24.112   25.938   26.319
           -0.663796  0.396864  0.000000
    0.883    1.611    4.575    5.685   22.487   24.113   25.951   26.344
           -0.662913  0.397748  0.000000
    0.875    1.613    4.567    5.704   22.451   24.114   25.963   26.368
           -0.662029  0.398631  0.000000
    0.868    1.616    4.560    5.723   22.415   24.115   25.976   26.393
           -0.661145  0.399515  0.000000
    0.860    1.618    4.552    5.741   22.379   24.116   25.988   26.417
           -0.660261  0.400399  0.000000
    0.853    1.620    4.545    5.760   22.343   24.117   26.001   26.442
           -0.659377  0.401283  0.000000
    0.845    1.622    4.538    5.779   22.307   24.118   26.014   26.466
           -0.658493  0.402167  0.000000
    0.838    1.624    4.531    5.798   22.271   24.118   26.027   26.491
           -0.657609  0.403051  0.000000
    0.831    1.625    4.524    5.817   22.235   24.119   26.040   26.516
           -0.656725  0.403935  0.000000
    0.824    1.627    4.516    5.836   22.199   24.119   26.054   26.540
           -0.655842  0.404819  0.000000
    0.817    1.629    4.509    5.856   22.163   24.119   26.067   26.565
           -0.654958  0.405703  0.000000
    0.810    1.630    4.502    5.875   22.127   24.120   26.080   26.590
           -0.654074  0.406586  0.000000
    0.802    1.631    4.495    5.894   22.091   24.120   26.094   26.614
           -0.653190  0.407470  0.000000
    0.795    1.633    4.489    5.914   22.055   24.120   26.107   26.639
           -0.652306  0.408354  0.000000
    0.789    1.634    4.482    5.934   22.020   24.120   26.121   26.664
           -0.651422  0.409238  0.000000
    0.782    1.635    4.475    5.953   21.984   24.120   26.135   26.688
           -0.650538  0.410122  0.000000
    0.775    1.636    4.468    5.973   21.948   24.120   26.149   26.713
           -0.649654  0.411006  0.000000
    0.768    1.637    4.461    5.993   21.913   24.120   26.163   26.738
           -0.648770  0.411890  0.000000
    0.761    1.638    4.455    6.013   21.877   24.120   26.176   26.762
           -0.647887  0.412774  0.000000
    0.755    1.639    4.448    6.033   21.841   24.119   26.190   26.787
           -0.647003  0.413657  0.000000
    0.748    1.640    4.441    6.053   21.806   24.119   26.205   26.812
           -0.646119  0.414541  0.000000
    0.741    1.640    4.435    6.073   21.771   24.119   26.219   26.836
           -0.645235  0.415425  0.000000
    0.735    1.641    4.428    6.093   21.735   24.118   26.233   26.861
           -0.644351  0.416309  0.000000
    0.728    1.642    4.422    6.113   21.700   24.118   26.247   26.885
           -0.643467  0.417193  0.000000
    0.722    1.642    4.415    6.133   21.665   24.117   26.261   26.910
           -0.642583  0.418077  0.000000
    0.716    1.643    4.409    6.153   21.630   24.117   26.276   26.934
           -0.641699  0.418961  0.000000
    0.709    1.643    4.403    6.173   21.595   24.116   26.290   26.959
           -0.640816  0.419845  0.000000
    0.703    1.643    4.397    6.194   21.560   24.115   26.304   26.983
           -0.639932  0.420729  0.000000
    0.697    1.643    4.390    6.214   21.525   24.115   26.319   27.007
           -0.639048  0.421612  0.000000
    0.691    1.644    4.384    6.234   21.490   24.114   26.333   27.032
           -0.638164  0.422496  0.000000
    0.684    1.644    4.378    6.254   21.456   24.113   26.348   27.056
           -0.637280  0.423380  0.000000
    0.678    1.644    4.372    6.275   21.421   24.112   26.362   27.080
           -0.636396  0.424264  0.000000
    0.672    1.644    4.366    6.295   21.387   24.111   26.377   27.104
           -0.635512  0.425148  0.000000
    0.666    1.644    4.360    6.316   21.352   24.111   26.392   27.128
           -0.634628  0.426032  0.000000
    0.660    1.644    4.354    6.336   21.318   24.110   26.406   27.152
           -0.633744  0.426916  0.000000
    0.655    1.644    4.348    6.356   21.284   24.109   26.421   27.176
           -0.632861  0.427800  0.000000
    0.649    1.644    4.342    6.377   21.250   24.108   26.436   27.199
           -0.631977  0.428683  0.000000
    0.643    1.644    4.336    6.397   21.217   24.107   26.450   27.223
           -0.631093  0.429567  0.000000
    0.637    1.643    4.331    6.417   21.183   24.106   26.465   27.247
           -0.630209  0.430451  0.000000
    0.631    1.643    4.325    6.438   21.149   24.105   26.480   27.270
           -0.629325  0.431335  0.000000
    0.626    1.643    4.319    6.458   21.116   24.104   26.494   27.294
           -0.628441  0.432219  0.000000
    0.620    1.643    4.314    6.479   21.083   24.102   26.509   27.317
           -0.627557  0.433103  0.000000
    0.615    1.642    4.308    6.499   21.050   24.101   26.524   27.340
           -0.626673  0.433987  0.000000
    0.609    1.642    4.303    6.519   21.017   24.100   26.539   27.364
           -0.625790  0.434871  0.000000
    0.604    1.641    4.297    6.540   20.984   24.099   26.553   27.387
           -0.624906  0.435755  0.000000
    0.598    1.641    4.292    6.560   20.951   24.098   26.568   27.410
           -0.624022  0.436638  0.000000
    0.593    1.640    4.286    6.580   20.919   24.097   26.583   27.433
           -0.623138  0.437522  0.000000
    0.588    1.640    4.281    6.600   20.886   24.095   26.597   27.455
           -0.622254  0.438406  0.000000
    0.583    1.639    4.276    6.620   20.854   24.094   26.612   27.478
           -0.621370  0.439290  0.000000
    0.577    1.639    4.271    6.640   20.822   24.093   26.627   27.501
           -0.620486  0.440174  0.000000
    0.572    1.638    4.265    6.661   20.790   24.092   26.642   27.523
           -0.619602  0.441058  0.000000
    0.567    1.638    4.260    6.681   20.759   24.090   26.656   27.546
           -0.618718  0.441942  0.000000
    0.562    1.637    4.255    6.701   20.727   24.089   26.671   27.568
           -0.617835  0.442826  0.000000
    0.557    1.636    4.250    6.720   20.696   24.088   26.685   27.590
           -0.616951  0.443710  0.000000
    0.552    1.635    4.245    6.740   20.664   24.087   26.700   27.612
           -0.616067  0.444593  0.000000
    0.547    1.635    4.240    6.760   20.634   24.085   26.715   27.634
           -0.615183  0.445477  0.000000
    0.542    1.634    4.235    6.780   20.603   24.084   26.729   27.656
           -0.614299  0.446361  0.000000
    0.538    1.633    4.231    6.800   20.572   24.083   26.744   27.677
           -0.613415  0.447245  0.000000
    0.533    1.632    4.226    6.819   20.542   24.081   26.758   27.699
           -0.612531  0.448129  0.000000
    0.528    1.632    4.221    6.839   20.511   24.080   26.772   27.720
           -0.611647  0.449013  0.000000
    0.524    1.631    4.216    6.858   20.481   24.079   26.787   27.741
           -0.610763  0.449897  0.000000
    0.519    1.630    4.212    6.878   20.452   24.077   26.801   27.762
           -0.609880  0.450781  0.000000
    0.515    1.629    4.207    6.897   20.422   24.076   26.816   27.783
           -0.608996  0.451664  0.000000
    0.510    1.628    4.203    6.916   20.392   24.075   26.830   27.804
           -0.608112  0.452548  0.000000
    0.506    1.628    4.198    6.935   20.363   24.073   26.844   27.825
           -0.607228  0.453432  0.000000
    0.501    1.627    4.194    6.954   20.334   24.072   26.858   27.845
           -0.606344  0.454316  0.000000
    0.497    1.626    4.189    6.973   20.305   24.071   26.872   27.866
           -0.605460  0.455200  0.000000
    0.493    1.625    4.185    6.992   20.277   24.069   26.886   27.886
           -0.604576  0.456084  0.000000
    0.488    1.624    4.181    7.011   20.249   24.068   26.900   27.906
           -0.603692  0.456968  0.000000
    0.484    1.623    4.176    7.030   20.220   24.066   26.914   27.926
           -0.602809  0.457852  0.000000
    0.480    1.622    4.172    7.048   20.192   24.065   26.928   27.946
           -0.601925  0.458736  0.000000
    0.476    1.621    4.168    7.067   20.165   24.064   26.942   27.965
           -0.601041  0.459619  0.000000
    0.472    1.620    4.164    7.085   20.137   24.062   26.956   27.985
           -0.600157  0.460503  0.000000
    0.468    1.619    4.160    7.103   20.110   24.061   26.969   28.004
           -0.599273  0.461387  0.000000
    0.464    1.618    4.156    7.121   20.083   24.060   26.983   28.023
           -0.598389  0.462271  0.000000
    0.460    1.617    4.152    7.139   20.056   24.059   26.996   28.042
           -0.597505  0.463155  0.000000
    0.456    1.617    4.148    7.157   20.030   24.057   27.010   28.061
           -0.596621  0.464039  0.000000
    0.452    1.616    4.144    7.175   20.004   24.056   27.023   28.079
           -0.595737  0.464923  0.000000
    0.449    1.615    4.140    7.192   19.978   24.055   27.037   28.098
           -0.594854  0.465807  0.000000
    0.445    1.614    4.137    7.210   19.952   24.053   27.050   28.116
           -0.593970  0.466690  0.000000
    0.441    1.613    4.133    7.227   19.926   24.052   27.063   28.134
           -0.593086  0.467574  0.000000
    0.438    1.612    4.129    7.244   19.901   24.051   27.076   28.152
           -0.592202  0.468458  0.000000
    0.434    1.611    4.126    7.261   19.876   24.050   27.089   28.169
           -0.591318  0.469342  0.000000
    0.431    1.610    4.122    7.278   19.851   24.048   27.102   28.187
           -0.590434  0.470226  0.000000
    0.427    1.609    4.119    7.295   19.827   24.047   27.114   28.204
           -0.589550  0.471110  0.000000
    0.424    1.608    4.115    7.311   19.803   24.046   27.127   28.221
           -0.588666  0.471994  0.000000
    0.421    1.607    4.112    7.328   19.779   24.045   27.139   28.238
           -0.587783  0.472878  0.000000
    0.417    1.606    4.108    7.344   19.755   24.043   27.152   28.255
           -0.586899  0.473762  0.000000
    0.414    1.605    4.105    7.360   19.732   24.042   27.164   28.271
           -0.586015  0.474645  0.000000
    0.411    1.604    4.102    7.376   19.709   24.041   27.176   28.288
           -0.585131  0.475529  0.000000
    0.408    1.603    4.099    7.392   19.686   24.040   27.188   28.304
           -0.584247  0.476413  0.000000
    0.405    1.602    4.096    7.407   19.664   24.039   27.200   28.320
           -0.583363  0.477297  0.000000
    0.402    1.601    4.092    7.423   19.641   24.037   27.212   28.335
           -0.582479  0.478181  0.000000
    0.399    1.601    4.089    7.438   19.620   24.036   27.224   28.351
           -0.581595  0.479065  0.000000
    0.396    1.600    4.086    7.453   19.598   24.035   27.235   28.366
           -0.580711  0.479949  0.000000
    0.393    1.599    4.083    7.468   19.577   24.034   27.247   28.381
           -0.579828  0.480833  0.000000
    0.390    1.598    4.081    7.482   19.556   24.033   27.258   28.396
           -0.578944  0.481716  0.000000
    0.387    1.597    4.078    7.497   19.535   24.032   27.269   28.411
           -0.578060  0.482600  0.000000
    0.385    1.596    4.075    7.511   19.515   24.031   27.280   28.425
           -0.577176  0.483484  0.000000
    0.382    1.595    4.072    7.525   19.495   24.030   27.291   28.439
           -0.576292  0.484368  0.000000
    0.379    1.594    4.069    7.539   19.475   24.029   27.302   28.453
           -0.575408  0.485252  0.000000
    0.377    1.594    4.067    7.553   19.456   24.028   27.313   28.467
           -0.574524  0.486136  0.000000
    0.374    1.593    4.064    7.566   19.436   24.027   27.323   28.480
           -0.573640  0.487020  0.000000
    0.372    1.592    4.062    7.579   19.418   24.026   27.334   28.493
           -0.572756  0.487904  0.000000
    0.369    1.591    4.059    7.592   19.399   24.025   27.344   28.506
           -0.571873  0.488788  0.000000
    0.367    1.590    4.057    7.605   19.381   24.024   27.354   28.519
           -0.570989  0.489671  0.000000
    0.365    1.590    4.054    7.618   19.363   24.023   27.364   28.532
           -0.570105  0.490555  0.000000
    0.362    1.589    4.052    7.630   19.346   24.022   27.373   28.544
           -0.569221  0.491439  0.000000
    0.360    1.588    4.050    7.642   19.329   24.021   27.383   28.556
           -0.568337  0.492323  0.000000
    0.358    1.587    4.048    7.654   19.312   24.020   27.392   28.568
           -0.567453  0.493207  0.000000
    0.356    1.587    4.045    7.666   19.296   24.019   27.402   28.579
           -0.566569  0.494091  0.000000
    0.354    1.586    4.043    7.677   19.280   24.018   27.411   28.591
           -0.565685  0.494975  0.000000
    0.352    1.585    4.041    7.688   19.264   24.018   27.419   28.602
           -0.564802  0.495859  0.000000
    0.350    1.584    4.039    7.699   19.248   24.017   27.428   28.613
           -0.563918  0.496743  0.000000
    0.348    1.584    4.037    7.710   19.233   24.016   27.437   28.623
           -0.563034  0.497626  0.000000
    0.346    1.583    4.035    7.720   19.219   24.015   27.445   28.634
           -0.562150  0.498510  0.000000
    0.344    1.582    4.033    7.731   19.204   24.014   27.453   28.644
           -0.561266  0.499394  0.000000
    0.342    1.582    4.032    7.741   19.190   24.014   27.461   28.653
           -0.560382  0.500278  0.000000
    0.340    1.581    4.030    7.750   19.177   24.013   27.469   28.663
           -0.559498  0.501162  0.000000
    0.339    1.581    4.028    7.760   19.164   24.012   27.476   28.672
           -0.558614  0.502046  0.000000
    0.337    1.580    4.026    7.769   19.151   24.012   27.484   28.681
           -0.557730  0.502930  0.000000
    0.336    1.579    4.025    7.778   19.138   24.011   27.491   28.690
           -0.556847  0.503814  0.000000
    0.334    1.579    4.023    7.787   19.126   24.010   27.498   28.699
           -0.555963  0.504697  0.000000
    0.333    1.578    4.022    7.795   19.115   24.010   27.505   28.707
           -0.555079  0.505581  0.000000
    0.331    1.578    4.020    7.803   19.103   24.009   27.511   28.715
           -0.554195  0.506465  0.000000
    0.330    1.577    4.019    7.811   19.092   24.008   27.517   28.722
           -0.553311  0.507349  0.000000
    0.328    1.577    4.017    7.819   19.082   24.008   27.524   28.730
           -0.552427  0.508233  0.000000
    0.327    1.576    4.016    7.826   19.071   24.007   27.530   28.737
           -0.551543  0.509117  0.000000
    0.326    1.576    4.015    7.833   19.062   24.007   27.535   28.744
           -0.550659  0.510001  0.000000
    0.325    1.576    4.014    7.840   19.052   24.006   27.541   28.751
           -0.549776  0.510885  0.000000
    0.324    1.575    4.012    7.847   19.043   24.006   27.546   28.757
           -0.548892  0.511769  0.000000
    0.322    1.575    4.011    7.853   19.034   24.005   27.551   28.763
           -0.548008  0.512652  0.000000
    0.321    1.574    4.010    7.859   19.026   24.005   27.556   28.769
           -0.547124  0.513536  0.000000
    0.320    1.574    4.009    7.865   19.018   24.005   27.561   28.774
           -0.546240  0.514420  0.000000
    0.320    1.574    4.008    7.870   19.011   24.004   27.565   28.780
           -0.545356  0.515304  0.000000
    0.319    1.573    4.007    7.875   19.004   24.004   27.569   28.785
           -0.544472  0.516188  0.000000
    0.318    1.573    4.007    7.880   18.997   24.003   27.573   28.789
           -0.543588  0.517072  0.000000
    0.317    1.573    4.006    7.885   18.991   24.003   27.577   28.794
           -0.542704  0.517956  0.000000
    0.316    1.572    4.005    7.889   18.985   24.003   27.580   28.798
           -0.541821  0.518840  0.000000
    0.316    1.572    4.004    7.893   18.979   24.002   27.583   28.802
           -0.540937  0.519723  0.000000
    0.315    1.572    4.004    7.897   18.974   24.002   27.586   28.805
           -0.540053  0.520607  0.000000
    0.314    1.572    4.003    7.900   18.970   24.002   27.589   28.808
           -0.539169  0.521491  0.000000
    0.314    1.571    4.003    7.903   18.965   24.002   27.592   28.811
           -0.538285  0.522375  0.000000
    0.313    1.571    4.002    7.906   18.962   24.002   27.594   28.814
           -0.537401  0.523259  0.000000
    0.313    1.571    4.002    7.908   18.958   24.001   27.596   28.817
           -0.536517  0.524143  0.000000
    0.313    1.571    4.001    7.911   18.955   24.001   27.598   28.819
           -0.535633  0.525027  0.000000
    0.312    1.571    4.001    7.913   18.952   24.001   27.600   28.821
           -0.534750  0.525911  0.000000
    0.312    1.571    4.001    7.914   18.950   24.001   27.601   28.822
           -0.533866  0.526795  0.000000
    0.312    1.571    4.000    7.916   18.948   24.001   27.602   28.823
           -0.532982  0.527678  0.000000
    0.312    1.571    4.000    7.917   18.947   24.001   27.603   28.824
           -0.532098  0.528562  0.000000
    0.312    1.571    4.000    7.917   18.946   24.001   27.603   28.825
           -0.531214  0.529446  0.000000
    0.311    1.571    4.000    7.918   18.945   24.001   27.604   28.826
           -0.530330  0.530330  0.000000
    0.311    1.571    4.000    7.918   18.945   24.001   27.604   28.826
           -0.527678  0.527678  0.000000
    0.280    1.602    3.974    7.945   18.972   24.133   27.542   28.798
           -0.525027  0.525027  0.000000
    0.247    1.633    3.951    7.972   18.999   24.265   27.480   28.770
           -0.522375  0.522375  0.000000
    0.212    1.665    3.930    8.000   19.027   24.398   27.418   28.742
           -0.519723  0.519723  0.000000
    0.175    1.697    3.911    8.028   19.054   24.530   27.355   28.713
           -0.517072  0.517072  0.000000
    0.136    1.730    3.895    8.056   19.083   24.661   27.292   28.685
           -0.514420  0.514420  0.000000
    0.096    1.763    3.880    8.085   19.111   24.793   27.228   28.657
           -0.511769  0.511769  0.000000
    0.054    1.797    3.868    8.114   19.140   24.924   27.164   28.628
           -0.509117  0.509117  0.000000
    0.010    1.831    3.859    8.143   19.169   25.055   27.100   28.600
           -0.506465  0.506465  0.000000
   -0.035    1.866    3.851    8.173   19.198   25.185   27.036   28.571
           -0.503814  0.503814  0.000000
   -0.082    1.901    3.846    8.203   19.228   25.314   26.972   28.543
           -0.501162  0.501162  0.000000
   -0.130    1.936    3.842    8.233   19.258   25.442   26.907   28.514
           -0.498510  0.498510  0.000000
   -0.180    1.972    3.841    8.264   19.289   25.569   26.842   28.486
           -0.495859  0.495859  0.000000
   -0.231    2.009    3.842    8.295   19.319   25.695   26.777   28.457
           -0.493207  0.493207  0.000000
   -0.284    2.045    3.845    8.326   19.350   25.820   26.711   28.429
           -0.490555  0.490555  0.000000
   -0.337    2.083    3.850    8.357   19.382   25.943   26.646   28.400
           -0.487904  0.487904  0.000000
   -0.392    2.120    3.856    8.389   19.413   26.064   26.580   28.372
           -0.485252  0.485252  0.000000
   -0.449    2.159    3.865    8.421   19.445   26.183   26.514   28.343
           -0.482600  0.482600  0.000000
   -0.506    2.197    3.875    8.453   19.477   26.300   26.448   28.315
           -0.479949  0.479949  0.000000
   -0.564    2.236    3.887    8.486   19.509   26.382   26.414   28.286
           -0.477297  0.477297  0.000000
   -0.623    2.276    3.900    8.519   19.542   26.315   26.525   28.258
           -0.474645  0.474645  0.000000
   -0.683    2.316    3.915    8.552   19.575   26.249   26.633   28.230
           -0.471994  0.471994  0.000000
   -0.744    2.356    3.932    8.585   19.608   26.182   26.736   28.201
           -0.469342  0.469342  0.000000
   -0.806    2.397    3.950    8.619   19.641   26.116   26.835   28.173
           -0.466690  0.466690  0.000000
   -0.868    2.438    3.970    8.653   19.675   26.049   26.928   28.145
           -0.464039  0.464039  0.000000
   -0.931    2.480    3.991    8.687   19.709   25.983   27.015   28.117
           -0.461387  0.461387  0.000000
   -0.995    2.522    4.013    8.721   19.743   25.916   27.096   28.089
           -0.458736  0.458736  0.000000
   -1.059    2.565    4.037    8.756   19.777   25.849   27.170   28.061
           -0.456084  0.456084  0.000000
   -1.124    2.608    4.061    8.790   19.811   25.782   27.235   28.034
           -0.453432  0.453432  0.000000
   -1.189    2.651    4.088    8.826   19.846   25.715   27.292   28.006
           -0.450781  0.450781  0.000000
   -1.255    2.695    4.115    8.861   19.881   25.649   27.340   27.978
           -0.448129  0.448129  0.000000
   -1.321    2.740    4.143    8.896   19.916   25.582   27.377   27.951
           -0.445477  0.445477  0.000000
   -1.387    2.784    4.173    8.932   19.951   25.515   27.405   27.924
           -0.442826  0.442826  0.000000
   -1.454    2.830    4.203    8.968   19.987   25.448   27.423   27.897
           -0.440174  0.440174  0.000000
   -1.521    2.875    4.235    9.004   20.022   25.382   27.431   27.870
           -0.437522  0.437522  0.000000
   -1.588    2.921    4.267    9.040   20.058   25.315   27.430   27.843
           -0.434871  0.434871  0.000000
   -1.655    2.968    4.301    9.077   20.094   25.248   27.420   27.816
           -0.432219  0.432219  0.000000
   -1.723    3.015    4.335    9.113   20.129   25.182   27.403   27.789
           -0.429567  0.429567  0.000000
   -1.790    3.062    4.371    9.150   20.165   25.115   27.378   27.763
           -0.426916  0.426916  0.000000
   -1.858    3.110    4.407    9.187   20.202   25.049   27.346   27.737
           -0.424264  0.424264  0.000000
   -1.926    3.158    4.444    9.225   20.238   24.982   27.309   27.711
           -0.421612  0.421612  0.000000
   -1.994    3.207    4.482    9.262   20.274   24.916   27.267   27.685
           -0.418961  0.418961  0.000000
   -2.062    3.256    4.521    9.299   20.310   24.850   27.220   27.659
           -0.416309  0.416309  0.000000
   -2.130    3.305    4.561    9.337   20.347   24.784   27.170   27.634
           -0.413657  0.413657  0.000000
   -2.198    3.355    4.601    9.375   20.383   24.718   27.116   27.609
           -0.411006  0.411006  0.000000
   -2.266    3.406    4.642    9.413   20.420   24.652   27.060   27.584
           -0.408354  0.408354  0.000000
   -2.333    3.456    4.684    9.451   20.456   24.587   27.001   27.559
           -0.405703  0.405703  0.000000
   -2.401    3.508    4.727    9.489   20.493   24.521   26.940   27.535
           -0.403051  0.403051  0.000000
   -2.469    3.559    4.770    9.528   20.529   24.456   26.877   27.511
           -0.400399  0.400399  0.000000
   -2.536    3.611    4.814    9.566   20.566   24.391   26.813   27.487
           -0.397748  0.397748  0.000000
   -2.604    3.664    4.859    9.605   20.602   24.326   26.747   27.463
           -0.395096  0.395096  0.000000
   -2.671    3.717    4.904    9.643   20.638   24.261   26.680   27.440
           -0.392444  0.392444  0.000000
   -2.738    3.770    4.950    9.682   20.675   24.197   26.612   27.417
           -0.389793  0.389793  0.000000
   -2.805    3.824    4.997    9.721   20.711   24.132   26.543   27.395
           -0.387141  0.387141  0.000000
   -2.872    3.878    5.044    9.760   20.747   24.068   26.474   27.373
           -0.384489  0.384489  0.000000
   -2.939    3.932    5.092    9.799   20.783   24.004   26.404   27.351
           -0.381838  0.381838  0.000000
   -3.005    3.987    5.140    9.838   20.818   23.940   26.334   27.329
           -0.379186  0.379186  0.000000
   -3.071    4.043    5.189    9.877   20.854   23.877   26.263   27.308
           -0.376534  0.376534  0.000000
   -3.137    4.099    5.239    9.916   20.889   23.813   26.191   27.287
           -0.373883  0.373883  0.000000
   -3.203    4.155    5.289    9.955   20.925   23.750   26.120   27.267
           -0.371231  0.371231  0.000000
   -3.268    4.211    5.340    9.995   20.959   23.687   26.048   27.247
           -0.368579  0.368579  0.000000
   -3.333    4.268    5.391   10.034   20.994   23.625   25.976   27.227
           -0.365928  0.365928  0.000000
   -3.398    4.326    5.443   10.073   21.029   23.562   25.904   27.208
           -0.363276  0.363276  0.000000
   -3.463    4.383    5.495   10.112   21.063   23.500   25.832   27.189
           -0.360624  0.360624  0.000000
   -3.527    4.442    5.548   10.152   21.096   23.439   25.760   27.170
           -0.357973  0.357973  0.000000
   -3.591    4.500    5.601   10.191   21.130   23.377   25.688   27.152
           -0.355321  0.355321  0.000000
   -3.655    4.559    5.655   10.231   21.163   23.316   25.616   27.135
           -0.352670  0.352670  0.000000
   -3.718    4.619    5.709   10.270   21.196   23.255   25.544   27.118
           -0.350018  0.350018  0.000000
   -3.781    4.678    5.764   10.309   21.228   23.194   25.472   27.101
           -0.347366  0.347366  0.000000
   -3.844    4.739    5.819   10.348   21.260   23.133   25.400   27.085
           -0.344715  0.344715  0.000000
   -3.906    4.799    5.875   10.388   21.291   23.073   25.328   27.070
           -0.342063  0.342063  0.000000
   -3.968    4.860    5.931   10.427   21.322   23.013   25.257   27.055
           -0.339411  0.339411  0.000000
   -4.030    4.921    5.988   10.466   21.352   22.954   25.185   27.040
           -0.336760  0.336760  0.000000
   -4.091    4.983    6.045   10.505   21.382   22.895   25.114   27.026
           -0.334108  0.334108  0.000000
   -4.152    5.045    6.103   10.544   21.411   22.836   25.043   27.013
           -0.331456  0.331456  0.000000
   -4.213    5.108    6.160   10.583   21.440   22.777   24.972   27.000
           -0.328805  0.328805  0.000000
   -4.273    5.171    6.219   10.622   21.468   22.719   24.901   26.988
           -0.326153  0.326153  0.000000
   -4.333    5.234    6.278   10.661   21.495   22.661   24.830   26.976
           -0.323501  0.323501  0.000000
   -4.393    5.298    6.337   10.700   21.522   22.603   24.760   26.965
           -0.320850  0.320850  0.000000
   -4.452    5.362    6.396   10.738   21.548   22.546   24.690   26.954
           -0.318198  0.318198 -0.000000
   -4.510    5.426    6.456   10.777   21.573   22.489   24.620   26.944
           -0.315546  0.315546  0.000000
   -4.569    5.491    6.516   10.815   21.598   22.432   24.551   26.935
           -0.312895  0.312895  0.000000
   -4.627    5.556    6.577   10.854   21.622   22.376   24.481   26.926
           -0.310243  0.310243  0.000000
   -4.684    5.621    6.638   10.892   21.645   22.320   24.412   26.918
           -0.307591  0.307591  0.000000
   -4.741    5.687    6.700   10.930   21.667   22.265   24.343   26.911
           -0.304940  0.304940  0.000000
   -4.798    5.753    6.762   10.968   21.688   22.209   24.275   26.904
           -0.302288  0.302288  0.000000
   -4.854    5.820    6.824   11.005   21.708   22.155   24.206   26.897
           -0.299636  0.299636  0.000000
   -4.910    5.887    6.886   11.043   21.728   22.100   24.138   26.892
           -0.296985  0.296985  0.000000
   -4.966    5.954    6.949   11.080   21.746   22.046   24.071   26.886
           -0.294333  0.294333  0.000000
   -5.021    6.022    7.012   11.117   21.764   21.992   24.003   26.882
           -0.291682  0.291682  0.000000
   -5.076    6.090    7.076   11.154   21.781   21.939   23.936   26.878
           -0.289030  0.289030  0.000000
   -5.130    6.158    7.139   11.191   21.796   21.886   23.869   26.875
           -0.286378  0.286378  0.000000
   -5.184    6.227    7.204   11.228   21.811   21.833   23.802   26.872
           -0.283727  0.283727  0.000000
   -5.237    6.296    7.268   11.264   21.781   21.824   23.736   26.870
           -0.281075  0.281075 -0.000000
   -5.290    6.365    7.333   11.301   21.729   21.837   23.670   26.868
           -0.278423  0.278423  0.000000
   -5.342    6.435    7.398   11.337   21.678   21.848   23.604   26.867
           -0.275772  0.275772  0.000000
   -5.394    6.505    7.463   11.372   21.627   21.859   23.538   26.867
           -0.273120  0.273120  0.000000
   -5.446    6.575    7.529   11.408   21.576   21.868   23.473   26.867
           -0.270468  0.270468  0.000000
   -5.497    6.645    7.594   11.443   21.526   21.876   23.408   26.868
           -0.267817  0.267817  0.000000
   -5.548    6.716    7.661   11.478   21.476   21.883   23.344   26.869
           -0.265165  0.265165  0.000000
   -5.598    6.788    7.727   11.513   21.427   21.889   23.279   26.870
           -0.262513  0.262513  0.000000
   -5.648    6.859    7.794   11.548   21.378   21.894   23.215   26.872
           -0.259862  0.259862  0.000000
   -5.697    6.931    7.860   11.582   21.330   21.897   23.151   26.875
           -0.257210  0.257210  0.000000
   -5.746    7.003    7.928   11.616   21.281   21.899   23.088   26.877
           -0.254558  0.254558  0.000000
   -5.794    7.076    7.995   11.650   21.234   21.901   23.025   26.881
           -0.251907  0.251907  0.000000
   -5.842    7.149    8.063   11.683   21.186   21.901   22.962   26.884
           -0.249255  0.249255  0.000000
   -5.890    7.222    8.130   11.717   21.140   21.900   22.899   26.888
           -0.246603  0.246603  0.000000
   -5.937    7.295    8.198   11.750   21.093   21.897   22.837   26.892
           -0.243952  0.243952  0.000000
   -5.983    7.369    8.266   11.782   21.047   21.894   22.775   26.896
           -0.241300  0.241300 -0.000000
   -6.030    7.443    8.335   11.815   21.002   21.889   22.713   26.901
           -0.238649  0.238649  0.000000
   -6.075    7.517    8.403   11.847   20.956   21.883   22.652   26.906
           -0.235997  0.235997  0.000000
   -6.120    7.591    8.472   11.878   20.912   21.876   22.590   26.910
           -0.233345  0.233345 -0.000000
   -6.165    7.666    8.541   11.910   20.868   21.868   22.530   26.915
           -0.230694  0.230694 -0.000000
   -6.209    7.741    8.610   11.941   20.824   21.859   22.469   26.920
           -0.228042  0.228042 -0.000000
   -6.253    7.816    8.679   11.971   20.780   21.848   22.409   26.925
           -0.225390  0.225390  0.000000
   -6.296    7.891    8.748   12.002   20.737   21.836   22.349   26.930
           -0.222739  0.222739  0.000000
   -6.339    7.967    8.818   12.032   20.695   21.823   22.289   26.935
           -0.220087  0.220087  0.000000
   -6.381    8.043    8.887   12.062   20.653   21.809   22.229   26.940
           -0.217435  0.217435  0.000000
   -6.423    8.119    8.957   12.091   20.611   21.794   22.170   26.945
           -0.214784  0.214784  0.000000
   -6.465    8.196    9.027   12.120   20.570   21.778   22.111   26.950
           -0.212132  0.212132  0.000000
   -6.506    8.272    9.097   12.149   20.530   21.760   22.053   26.954
           -0.209480  0.209480  0.000000
   -6.546    8.349    9.167   12.177   20.490   21.742   21.994   26.958
           -0.206829  0.206829  0.000000
   -6.586    8.426    9.237   12.205   20.450   21.722   21.936   26.962
           -0.204177  0.204177  0.000000
   -6.625    8.503    9.307   12.233   20.411   21.701   21.879   26.966
           -0.201525  0.201525  0.000000
   -6.664    8.580    9.377   12.260   20.372   21.679   21.821   26.969
           -0.198874  0.198874  0.000000
   -6.703    8.658    9.447   12.287   20.333   21.656   21.764   26.972
           -0.196222  0.196222  0.000000
   -6.741    8.736    9.517   12.313   20.296   21.632   21.707   26.975
           -0.193570  0.193570  0.000000
   -6.778    8.813    9.587   12.339   20.258   21.606   21.652   26.977
           -0.190919  0.190919  0.000000
   -6.815    8.891    9.658   12.365   20.221   21.576   21.598   26.979
           -0.188267  0.188267  0.000000
   -6.852    8.969    9.728   12.391   20.185   21.533   21.559   26.980
           -0.185616  0.185616 -0.000000
   -6.887    9.048    9.798   12.416   20.149   21.479   21.529   26.981
           -0.182964  0.182964  0.000000
   -6.923    9.126    9.868   12.440   20.113   21.424   21.499   26.981
           -0.180312  0.180312  0.000000
   -6.958    9.205    9.938   12.465   20.078   21.369   21.468   26.981
           -0.177661  0.177661  0.000000
   -6.992    9.283   10.008   12.488   20.044   21.314   21.437   26.981
           -0.175009  0.175009  0.000000
   -7.026    9.362   10.078   12.512   20.010   21.259   21.405   26.979
           -0.172357  0.172357 -0.000000
   -7.060    9.441   10.148   12.535   19.976   21.205   21.372   26.978
           -0.169706  0.169706  0.000000
   -7.093    9.519   10.218   12.558   19.943   21.151   21.338   26.976
           -0.167054  0.167054  0.000000
   -7.125    9.598   10.287   12.580   19.911   21.097   21.303   26.973
           -0.164402  0.164402 -0.000000
   -7.157    9.677   10.357   12.602   19.878   21.043   21.267   26.970
           -0.161751  0.161751  0.000000
   -7.189    9.756   10.426   12.624   19.847   20.990   21.231   26.966
           -0.159099  0.159099  0.000000
   -7.220    9.835   10.495   12.645   19.816   20.937   21.193   26.962
           -0.156447  0.156447  0.000000
   -7.251    9.914   10.564   12.666   19.785   20.884   21.155   26.957
           -0.153796  0.153796  0.000000
   -7.281    9.993   10.633   12.686   19.755   20.832   21.116   26.952
           -0.151144  0.151144  0.000000
   -7.310   10.071   10.702   12.706   19.725   20.779   21.076   26.946
           -0.148492  0.148492  0.000000
   -7.339   10.150   10.770   12.726   19.696   20.727   21.035   26.940
           -0.145841  0.145841  0.000000
   -7.367   10.229   10.838   12.745   19.667   20.676   20.994   26.933
           -0.143189  0.143189  0.000000
   -7.395   10.308   10.906   12.764   19.639   20.625   20.952   26.926
           -0.140537  0.140537  0.000000
   -7.423   10.386   10.973   12.782   19.612   20.574   20.909   26.918
           -0.137886  0.137886  0.000000
   -7.450   10.464   11.041   12.801   19.584   20.523   20.865   26.910
           -0.135234  0.135234  0.000000
   -7.476   10.543   11.107   12.818   19.558   20.473   20.821   26.902
           -0.132583  0.132583  0.000000
   -7.502   10.621   11.174   12.836   19.532   20.423   20.776   26.893
           -0.129931  0.129931  0.000000
   -7.528   10.698   11.240   12.853   19.506   20.373   20.731   26.884
           -0.127279  0.127279  0.000000
   -7.553   10.776   11.306   12.869   19.481   20.324   20.685   26.874
           -0.124628  0.124628  0.000000
   -7.577   10.853   11.371   12.885   19.456   20.275   20.638   26.865
           -0.121976  0.121976  0.000000
   -7.601   10.930   11.436   12.901   19.432   20.227   20.591   26.855
           -0.119324  0.119324  0.000000
   -7.625   11.007   11.500   12.917   19.408   20.178   20.543   26.844
           -0.116673  0.116673  0.000000
   -7.648   11.083   11.564   12.932   19.385   20.131   20.495   26.834
           -0.114021  0.114021  0.000000
   -7.670   11.159   11.627   12.946   19.363   20.083   20.447   26.823
           -0.111369  0.111369  0.000000
   -7.692   11.235   11.689   12.961   19.340   20.037   20.398   26.813
           -0.108718  0.108718  0.000000
   -7.713   11.310   11.752   12.975   19.319   19.990   20.349   26.802
           -0.106066  0.106066 -0.000000
   -7.734   11.385   11.813   12.988   19.298   19.944   20.299   26.791
           -0.103414  0.103414  0.000000
   -7.755   11.459   11.874   13.001   19.277   19.899   20.250   26.779
           -0.100763  0.100763  0.000000
   -7.774   11.533   11.934   13.014   19.257   19.854   20.200   26.768
           -0.098111  0.098111 -0.000000
   -7.794   11.606   11.993   13.027   19.238   19.810   20.150   26.757
           -0.095459  0.095459  0.000000
   -7.813   11.678   12.052   13.039   19.219   19.766   20.100   26.746
           -0.092808  0.092808  0.000000
   -7.831   11.750   12.109   13.051   19.200   19.723   20.050   26.734
           -0.090156  0.090156  0.000000
   -7.849   11.821   12.166   13.062   19.182   19.680   20.000   26.723
           -0.087504  0.087504  0.000000
   -7.866   11.891   12.222   13.073   19.164   19.638   19.950   26.712
           -0.084853  0.084853  0.000000
   -7.883   11.960   12.278   13.084   19.147   19.597   19.900   26.701
           -0.082201  0.082201  0.000000
   -7.899   12.029   12.332   13.094   19.131   19.556   19.850   26.690
           -0.079550  0.079550  0.000000
   -7.915   12.096   12.385   13.104   19.115   19.516   19.800   26.679
           -0.076898  0.076898  0.000000
   -7.930   12.162   12.437   13.114   19.099   19.477   19.751   26.669
           -0.074246  0.074246  0.000000
   -7.945   12.228   12.488   13.123   19.085   19.438   19.703   26.658
           -0.071595  0.071595  0.000000
   -7.959   12.292   12.538   13.132   19.070   19.401   19.654   26.648
           -0.068943  0.068943  0.000000
   -7.973   12.355   12.587   13.140   19.056   19.364   19.607   26.638
           -0.066291  0.066291  0.000000
   -7.986   12.416   12.635   13.149   19.043   19.328   19.560   26.628
           -0.063640  0.063640  0.000000
   -7.999   12.477   12.681   13.157   19.030   19.293   19.514   26.619
           -0.060988  0.060988  0.000000
   -8.011   12.535   12.726   13.164   19.018   19.259   19.468   26.609
           -0.058336  0.058336  0.000000
   -8.023   12.592   12.770   13.171   19.006   19.226   19.424   26.600
           -0.055685  0.055685  0.000000
   -8.034   12.648   12.812   13.178   18.995   19.194   19.380   26.591
           -0.053033  0.053033  0.000000
   -8.044   12.702   12.853   13.185   18.984   19.162   19.338   26.583
           -0.050381  0.050381  0.000000
   -8.054   12.753   12.892   13.191   18.974   19.132   19.297   26.575
           -0.047730  0.047730  0.000000
   -8.064   12.803   12.930   13.197   18.964   19.104   19.257   26.567
           -0.045078  0.045078  0.000000
   -8.073   12.851   12.967   13.203   18.955   19.076   19.218   26.560
           -0.042426  0.042426  0.000000
   -8.082   12.896   13.002   13.208   18.946   19.049   19.182   26.553
           -0.039775  0.039775 -0.000000
   -8.090   12.940   13.035   13.213   18.938   19.024   19.146   26.546
           -0.037123  0.037123  0.000000
   -8.097   12.980   13.067   13.217   18.930   19.000   19.113   26.540
           -0.034471  0.034471  0.000000
   -8.104   13.018   13.097   13.222   18.923   18.978   19.081   26.534
           -0.031820  0.031820 -0.000000
   -8.111   13.053   13.126   13.226   18.917   18.956   19.052   26.528
           -0.029168  0.029168  0.000000
   -8.117   13.086   13.153   13.229   18.911   18.936   19.024   26.523
           -0.026517  0.026517  0.000000
   -8.122   13.115   13.178   13.233   18.905   18.918   18.999   26.519
           -0.023865  0.023865  0.000000
   -8.127   13.141   13.202   13.236   18.900   18.901   18.976   26.515
           -0.021213  0.021213  0.000000
   -8.131   13.164   13.224   13.238   18.885   18.896   18.956   26.511
           -0.018562  0.018562  0.000000
   -8.135   13.184   13.241   13.243   18.871   18.892   18.937   26.507
           -0.015910  0.015910  0.000000
   -8.139   13.202   13.243   13.261   18.858   18.888   18.922   26.504
           -0.013258  0.013258  0.000000
   -8.141   13.216   13.244   13.276   18.848   18.885   18.909   26.502
           -0.010607  0.010607  0.000000
   -8.144   13.228   13.246   13.289   18.839   18.883   18.898   26.500
           -0.007955  0.007955  0.000000
   -8.146   13.237   13.247   13.299   18.832   18.881   18.889   26.498
           -0.005303  0.005303  0.000000
   -8.147   13.243   13.248   13.306   18.826   18.880   18.884   26.497
           -0.002652  0.002652  0.000000
   -8.148   13.247   13.248   13.311   18.823   18.879   18.880   26.497
            0.000000  0.000000  0.000000
   -8.148   13.249   13.249   13.312   18.822   18.879   18.879   26.496
           -0.001768  0.001768  0.001768
   -8.148   13.248   13.248   13.311   18.823   18.879   18.879   26.497
           -0.003536  0.003536  0.003536
   -8.147   13.247   13.247   13.307   18.826   18.880   18.880   26.497
           -0.005303  0.005303  0.005303
   -8.146   13.246   13.246   13.301   18.830   18.883   18.883   26.498
           -0.007071  0.007071  0.007071
   -8.145   13.243   13.243   13.291   18.836   18.885   18.885   26.499
           -0.008839  0.008839  0.008839
   -8.144   13.241   13.241   13.280   18.843   18.889   18.889   26.500
           -0.010607  0.010607  0.010607
   -8.142   13.237   13.237   13.266   18.852   18.894   18.894   26.502
           -0.012374  0.012374  0.012374
   -8.139   13.233   13.233   13.249   18.863   18.899   18.899   26.504
           -0.014142  0.014142  0.014142
   -8.137   13.228   13.228   13.230   18.875   18.905   18.905   26.506
           -0.015910  0.015910  0.015910
   -8.134   13.208   13.223   13.223   18.889   18.912   18.912   26.509
           -0.017678  0.017678  0.017678
   -8.131   13.184   13.217   13.217   18.904   18.920   18.920   26.511
           -0.019445  0.019445  0.019445
   -8.127   13.158   13.211   13.211   18.920   18.928   18.928   26.515
           -0.021213  0.021213  0.021213
   -8.123   13.129   13.204   13.204   18.937   18.937   18.938   26.518
           -0.022981  0.022981  0.022981
   -8.119   13.098   13.196   13.196   18.947   18.947   18.957   26.522
           -0.024749  0.024749  0.024749
   -8.114   13.065   13.188   13.188   18.958   18.958   18.978   26.526
           -0.026517  0.026517  0.026517
   -8.109   13.030   13.179   13.179   18.970   18.970   19.000   26.530
           -0.028284  0.028284  0.028284
   -8.104   12.993   13.169   13.169   18.982   18.982   19.022   26.535
           -0.030052  0.030052  0.030052
   -8.098   12.954   13.160   13.160   18.995   18.995   19.046   26.540
           -0.031820  0.031820  0.031820
   -8.092   12.912   13.149   13.149   19.008   19.008   19.071   26.545
           -0.033588  0.033588  0.033588
   -8.086   12.869   13.138   13.138   19.023   19.023   19.097   26.551
           -0.035355  0.035355  0.035355
   -8.079   12.824   13.127   13.127   19.038   19.038   19.124   26.557
           -0.037123  0.037123  0.037123
   -8.072   12.778   13.115   13.115   19.053   19.053   19.152   26.563
           -0.038891  0.038891  0.038891
   -8.064   12.729   13.102   13.102   19.070   19.070   19.180   26.569
           -0.040659  0.040659  0.040659
   -8.057   12.679   13.089   13.089   19.087   19.087   19.210   26.576
           -0.042426  0.042426  0.042426
   -8.048   12.628   13.076   13.076   19.104   19.104   19.239   26.583
           -0.044194  0.044194  0.044194
   -8.040   12.575   13.062   13.062   19.122   19.122   19.270   26.590
           -0.045962  0.045962  0.045962
   -8.031   12.520   13.048   13.048   19.141   19.141   19.301   26.598
           -0.047730  0.047730  0.047730
   -8.022   12.464   13.033   13.033   19.161   19.161   19.333   26.606
           -0.049497  0.049497  0.049497
   -8.013   12.407   13.018   13.018   19.181   19.181   19.365   26.614
           -0.051265  0.051265  0.051265
   -8.003   12.348   13.002   13.002   19.201   19.201   19.398   26.623
           -0.053033  0.053033  0.053033
   -7.993   12.288   12.987   12.987   19.222   19.222   19.430   26.632
           -0.054801  0.054801  0.054801
   -7.982   12.227   12.970   12.970   19.243   19.243   19.464   26.641
           -0.056569  0.056569  0.056569
   -7.971   12.164   12.954   12.954   19.265   19.265   19.497   26.650
           -0.058336  0.058336  0.058336
   -7.960   12.101   12.936   12.936   19.288   19.288   19.531   26.660
           -0.060104  0.060104  0.060104
   -7.948   12.036   12.919   12.919   19.311   19.311   19.565   26.670
           -0.061872  0.061872  0.061872
   -7.937   11.971   12.901   12.901   19.334   19.334   19.600   26.680
           -0.063640  0.063640  0.063640
   -7.924   11.904   12.883   12.883   19.358   19.358   19.634   26.691
           -0.065407  0.065407  0.065407
   -7.912   11.837   12.865   12.865   19.382   19.382   19.669   26.702
           -0.067175  0.067175  0.067175
   -7.899   11.768   12.846   12.846   19.406   19.406   19.703   26.713
           -0.068943  0.068943  0.068943
   -7.886   11.699   12.828   12.828   19.431   19.431   19.738   26.724
           -0.070711  0.070711  0.070711
   -7.872   11.629   12.808   12.808   19.457   19.457   19.772   26.736
           -0.072478  0.072478  0.072478
   -7.858   11.558   12.789   12.789   19.482   19.482   19.807   26.748
           -0.074246  0.074246  0.074246
   -7.844   11.486   12.769   12.769   19.508   19.508   19.842   26.760
           -0.076014  0.076014  0.076014
   -7.829   11.414   12.750   12.750   19.534   19.534   19.876   26.773
           -0.077782  0.077782  0.077782
   -7.814   11.340   12.729   12.729   19.561   19.561   19.911   26.786
           -0.079550  0.079550  0.079550
   -7.799   11.267   12.709   12.709   19.588   19.588   19.945   26.799
           -0.081317  0.081317  0.081317
   -7.783   11.192   12.689   12.689   19.615   19.615   19.979   26.812
           -0.083085  0.083085  0.083085
   -7.767   11.117   12.668   12.668   19.642   19.642   20.013   26.826
           -0.084853  0.084853  0.084853
   -7.751   11.041   12.647   12.647   19.669   19.669   20.047   26.840
           -0.086621  0.086621  0.086621
   -7.734   10.965   12.626   12.626   19.697   19.697   20.081   26.854
           -0.088388  0.088388  0.088388
   -7.717   10.888   12.605   12.605   19.725   19.725   20.114   26.868
           -0.090156  0.090156  0.090156
   -7.700   10.811   12.584   12.584   19.753   19.753   20.148   26.883
           -0.091924  0.091924  0.091924
   -7.682   10.733   12.562   12.562   19.781   19.781   20.181   26.898
           -0.093692  0.093692  0.093692
   -7.664   10.655   12.541   12.541   19.809   19.809   20.214   26.913
           -0.095459  0.095459  0.095459
   -7.646   10.576   12.519   12.519   19.838   19.838   20.246   26.928
           -0.097227  0.097227  0.097227
   -7.627   10.496   12.497   12.497   19.866   19.866   20.278   26.944
           -0.098995  0.098995  0.098995
   -7.608   10.417   12.475   12.475   19.895   19.895   20.310   26.960
           -0.100763  0.100763  0.100763
   -7.588   10.337   12.453   12.453   19.924   19.924   20.342   26.976
           -0.102530  0.102530  0.102530
   -7.569   10.256   12.431   12.431   19.953   19.953   20.373   26.993
           -0.104298  0.104298  0.104298
   -7.549   10.176   12.409   12.409   19.981   19.981   20.404   27.009
           -0.106066  0.106066  0.106066
   -7.528   10.094   12.387   12.387   20.010   20.010   20.435   27.026
           -0.107834  0.107834  0.107834
   -7.507   10.013   12.365   12.365   20.039   20.039   20.466   27.043
           -0.109602  0.109602  0.109602
   -7.486    9.931   12.342   12.342   20.068   20.068   20.496   27.060
           -0.111369  0.111369  0.111369
   -7.465    9.849   12.320   12.320   20.097   20.097   20.525   27.078
           -0.113137  0.113137  0.113137
   -7.443    9.767   12.298   12.298   20.126   20.126   20.555   27.095
           -0.114905  0.114905  0.114905
   -7.421    9.684   12.275   12.275   20.155   20.155   20.584   27.113
           -0.116673  0.116673  0.116673
   -7.399    9.601   12.253   12.253   20.183   20.183   20.613   27.131
           -0.118440  0.118440  0.118440
   -7.376    9.518   12.231   12.231   20.212   20.212   20.641   27.150
           -0.120208  0.120208  0.120208
   -7.353    9.435   12.208   12.208   20.241   20.241   20.669   27.168
           -0.121976  0.121976  0.121976
   -7.329    9.351   12.186   12.186   20.269   20.269   20.697   27.187
           -0.123744  0.123744  0.123744
   -7.306    9.268   12.163   12.163   20.298   20.298   20.724   27.205
           -0.125511  0.125511  0.125511
   -7.282    9.184   12.141   12.141   20.326   20.326   20.751   27.224
           -0.127279  0.127279  0.127279
   -7.257    9.100   12.119   12.119   20.354   20.354   20.777   27.244
           -0.129047  0.129047  0.129047
   -7.232    9.015   12.096   12.096   20.382   20.382   20.803   27.263
           -0.130815  0.130815  0.130815
   -7.207    8.931   12.074   12.074   20.410   20.410   20.829   27.282
           -0.132583  0.132583  0.132583
   -7.182    8.846   12.052   12.052   20.438   20.438   20.855   27.302
           -0.134350  0.134350  0.134350
   -7.156    8.762   12.030   12.030   20.465   20.465   20.880   27.322
           -0.136118  0.136118  0.136118
   -7.130    8.677   12.007   12.007   20.493   20.493   20.904   27.342
           -0.137886  0.137886  0.137886
   -7.103    8.592   11.985   11.985   20.520   20.520   20.929   27.361
           -0.139654  0.139654  0.139654
   -7.077    8.507   11.963   11.963   20.547   20.547   20.953   27.382
           -0.141421  0.141421  0.141421
   -7.050    8.422   11.941   11.941   20.574   20.574   20.976   27.402
           -0.143189  0.143189  0.143189
   -7.022    8.337   11.919   11.919   20.600   20.600   20.999   27.422
           -0.144957  0.144957  0.144957
   -6.994    8.251   11.898   11.898   20.626   20.626   21.022   27.443
           -0.146725  0.146725  0.146725
   -6.966    8.166   11.876   11.876   20.652   20.652   21.045   27.463
           -0.148492  0.148492  0.148492
   -6.938    8.081   11.854   11.854   20.678   20.678   21.067   27.484
           -0.150260  0.150260  0.150260
   -6.909    7.995   11.832   11.832   20.704   20.704   21.089   27.504
           -0.152028  0.152028  0.152028
   -6.880    7.910   11.811   11.811   20.729   20.729   21.110   27.525
           -0.153796  0.153796  0.153796
   -6.851    7.824   11.790   11.790   20.754   20.754   21.131   27.546
           -0.155563  0.155563  0.155563
   -6.821    7.739   11.768   11.768   20.779   20.779   21.152   27.567
           -0.157331  0.157331  0.157331
   -6.791    7.653   11.747   11.747   20.803   20.803   21.173   27.588
           -0.159099  0.159099  0.159099
   -6.760    7.568   11.726   11.726   20.827   20.827   21.193   27.609
           -0.160867  0.160867  0.160867
   -6.730    7.482   11.705   11.705   20.851   20.851   21.213   27.630
           -0.162635  0.162635  0.162635
   -6.699    7.397   11.684   11.684   20.875   20.875   21.232   27.651
           -0.164402  0.164402  0.164402
   -6.667    7.311   11.663   11.663   20.898   20.898   21.251   27.672
           -0.166170  0.166170  0.166170
   -6.636    7.225   11.643   11.643   20.921   20.921   21.270   27.693
           -0.167938  0.167938  0.167938
   -6.604    7.140   11.622   11.622   20.943   20.943   21.288   27.714
           -0.169706  0.169706  0.169706
   -6.571    7.055   11.602   11.602   20.965   20.965   21.307   27.735
           -0.171473  0.171473  0.171473
   -6.539    6.969   11.581   11.581   20.987   20.987   21.324   27.756
           -0.173241  0.173241  0.173241
   -6.506    6.884   11.561   11.561   21.009   21.009   21.342   27.777
           -0.175009  0.175009  0.175009
   -6.472    6.798   11.541   11.541   21.030   21.030   21.359   27.798
           -0.176777  0.176777  0.176777
   -6.439    6.713   11.521   11.521   21.051   21.051   21.376   27.819
           -0.178544  0.178544  0.178544
   -6.405    6.628   11.502   11.502   21.071   21.071   21.393   27.840
           -0.180312  0.180312  0.180312
   -6.371    6.543   11.482   11.482   21.091   21.091   21.409   27.860
           -0.182080  0.182080  0.182080
   -6.336    6.458   11.463   11.463   21.111   21.111   21.425   27.881
           -0.183848  0.183848  0.183848
   -6.301    6.373   11.443   11.443   21.130   21.130   21.441   27.902
           -0.185616  0.185616  0.185616
   -6.266    6.288   11.424   11.424   21.149   21.149   21.456   27.922
           -0.187383  0.187383  0.187383
   -6.230    6.203   11.405   11.405   21.168   21.168   21.472   27.943
           -0.189151  0.189151  0.189151
   -6.195    6.118   11.386   11.386   21.186   21.186   21.486   27.963
           -0.190919  0.190919  0.190919
   -6.159    6.034   11.368   11.368   21.204   21.204   21.501   27.984
           -0.192687  0.192687  0.192687
   -6.122    5.949   11.349   11.349   21.221   21.221   21.515   28.004
           -0.194454  0.194454  0.194454
   -6.085    5.865   11.331   11.331   21.238   21.238   21.530   28.024
           -0.196222  0.196222  0.196222
   -6.048    5.780   11.313   11.313   21.255   21.255   21.543   28.044
           -0.197990  0.197990  0.197990
   -6.011    5.696   11.295   11.295   21.271   21.271   21.557   28.064
           -0.199758  0.199758  0.199758
   -5.973    5.612   11.277   11.277   21.287   21.287   21.570   28.084
           -0.201525  0.201525  0.201525
   -5.935    5.528   11.259   11.259   21.303   21.303   21.584   28.103
           -0.203293  0.203293  0.203293
   -5.897    5.445   11.241   11.241   21.318   21.318   21.596   28.123
           -0.205061  0.205061  0.205061
   -5.858    5.361   11.224   11.224   21.333   21.333   21.609   28.142
           -0.206829  0.206829  0.206829
   -5.819    5.278   11.207   11.207   21.348   21.348   21.621   28.161
           -0.208597  0.208597  0.208597
   -5.780    5.194   11.190   11.190   21.362   21.362   21.634   28.180
           -0.210364  0.210364  0.210364
   -5.741    5.111   11.173   11.173   21.375   21.375   21.646   28.199
           -0.212132  0.212132  0.212132
   -5.701    5.028   11.156   11.156   21.389   21.389   21.657   28.217
           -0.213900  0.213900  0.213900
   -5.661    4.945   11.140   11.140   21.402   21.402   21.669   28.236
           -0.215668  0.215668  0.215668
   -5.621    4.863   11.123   11.123   21.415   21.415   21.680   28.254
           -0.217435  0.217435  0.217435
   -5.580    4.780   11.107   11.107   21.427   21.427   21.691   28.272
           -0.219203  0.219203  0.219203
   -5.539    4.698   11.091   11.091   21.439   21.439   21.702   28.290
           -0.220971  0.220971  0.220971
   -5.498    4.616   11.076   11.076   21.451   21.451   21.713   28.307
           -0.222739  0.222739  0.222739
   -5.456    4.534   11.060   11.060   21.462   21.462   21.723   28.324
           -0.224506  0.224506  0.224506
   -5.414    4.452   11.045   11.045   21.473   21.473   21.733   28.342
           -0.226274  0.226274  0.226274
   -5.372    4.371   11.029   11.029   21.484   21.484   21.743   28.358
           -0.228042  0.228042  0.228042
   -5.330    4.290   11.014   11.014   21.494   21.494   21.753   28.375
           -0.229810  0.229810  0.229810
   -5.287    4.209   11.000   11.000   21.504   21.504   21.763   28.391
           -0.231577  0.231577  0.231577
   -5.244    4.128   10.985   10.985   21.514   21.514   21.772   28.407
           -0.233345  0.233345  0.233345
   -5.201    4.047   10.971   10.971   21.523   21.523   21.781   28.423
           -0.235113  0.235113  0.235113
   -5.158    3.967   10.956   10.956   21.532   21.532   21.790   28.439
           -0.236881  0.236881  0.236881
   -5.114    3.886   10.942   10.942   21.541   21.541   21.799   28.454
           -0.238649  0.238649  0.238649
   -5.070    3.806   10.928   10.928   21.549   21.549   21.808   28.469
           -0.240416  0.240416  0.240416
   -5.026    3.727   10.915   10.915   21.557   21.557   21.816   28.484
           -0.242184  0.242184  0.242184
   -4.981    3.647   10.901   10.901   21.565   21.565   21.825   28.499
           -0.243952  0.243952  0.243952
   -4.937    3.568   10.888   10.888   21.573   21.573   21.833   28.513
           -0.245720  0.245720  0.245720
   -4.892    3.489   10.875   10.875   21.580   21.580   21.841   28.527
           -0.247487  0.247487  0.247487
   -4.846    3.411   10.862   10.862   21.587   21.587   21.849   28.541
           -0.249255  0.249255  0.249255
   -4.801    3.332   10.849   10.849   21.594   21.594   21.856   28.554
           -0.251023  0.251023  0.251023
   -4.755    3.254   10.837   10.837   21.600   21.600   21.864   28.567
           -0.252791  0.252791  0.252791
   -4.709    3.176   10.825   10.825   21.606   21.606   21.871   28.580
           -0.254558  0.254558  0.254558
   -4.663    3.099   10.812   10.812   21.612   21.612   21.878   28.593
           -0.256326  0.256326  0.256326
   -4.617    3.022   10.801   10.801   21.618   21.618   21.885   28.605
           -0.258094  0.258094  0.258094
   -4.570    2.945   10.789   10.789   21.624   21.624   21.892   28.617
           -0.259862  0.259862  0.259862
   -4.523    2.868   10.777   10.777   21.629   21.629   21.899   28.629
           -0.261630  0.261630  0.261630
   -4.476    2.792   10.766   10.766   21.634   21.634   21.905   28.641
           -0.263397  0.263397  0.263397
   -4.429    2.716   10.755   10.755   21.639   21.639   21.912   28.652
           -0.265165  0.265165  0.265165
   -4.382    2.641   10.744   10.744   21.643   21.643   21.918   28.663
           -0.266933  0.266933  0.266933
   -4.334    2.565   10.734   10.734   21.648   21.648   21.924   28.673
           -0.268701  0.268701  0.268701
   -4.287    2.491   10.723   10.723   21.652   21.652   21.930   28.684
           -0.270468  0.270468  0.270468
   -4.239    2.416   10.713   10.713   21.656   21.656   21.936   28.694
           -0.272236  0.272236  0.272236
   -4.191    2.342   10.703   10.703   21.660   21.660   21.942   28.704
           -0.274004  0.274004  0.274004
   -4.142    2.268   10.693   10.693   21.663   21.663   21.947   28.713
           -0.275772  0.275772  0.275772
   -4.094    2.195   10.684   10.684   21.667   21.667   21.953   28.723
           -0.277539  0.277539  0.277539
   -4.046    2.122   10.674   10.674   21.670   21.670   21.958   28.732
           -0.279307  0.279307  0.279307
   -3.997    2.050   10.665   10.665   21.673   21.673   21.963   28.740
           -0.281075  0.281075  0.281075
   -3.948    1.978   10.656   10.656   21.676   21.676   21.968   28.749
           -0.282843  0.282843  0.282843
   -3.900    1.906   10.647   10.647   21.679   21.679   21.973   28.757
           -0.284610  0.284610  0.284610
   -3.851    1.835   10.639   10.639   21.682   21.682   21.977   28.765
           -0.286378  0.286378  0.286378
   -3.802    1.765   10.631   10.631   21.684   21.684   21.982   28.772
           -0.288146  0.288146  0.288146
   -3.753    1.695   10.622   10.622   21.687   21.687   21.986   28.780
           -0.289914  0.289914  0.289914
   -3.704    1.625   10.614   10.614   21.689   21.689   21.991   28.787
           -0.291682  0.291682  0.291682
   -3.655    1.556   10.607   10.607   21.691   21.691   21.995   28.794
           -0.293449  0.293449  0.293449
   -3.607    1.488   10.599   10.599   21.693   21.693   21.999   28.801
           -0.295217  0.295217  0.295217
   -3.558    1.421   10.592   10.592   21.695   21.695   22.003   28.807
           -0.296985  0.296985  0.296985
   -3.509    1.353   10.585   10.585   21.697   21.697   22.007   28.813
           -0.298753  0.298753  0.298753
   -3.461    1.287   10.578   10.578   21.699   21.699   22.010   28.819
           -0.300520  0.300520  0.300520
   -3.412    1.221   10.572   10.572   21.700   21.700   22.014   28.825
           -0.302288  0.302288  0.302288
   -3.364    1.157   10.565   10.565   21.702   21.702   22.017   28.830
           -0.304056  0.304056  0.304056
   -3.316    1.092   10.559   10.559   21.703   21.703   22.020   28.836
           -0.305824  0.305824  0.305824
   -3.268    1.029   10.553   10.553   21.704   21.704   22.024   28.841
           -0.307591  0.307591  0.307591
   -3.221    0.967   10.547   10.547   21.706   21.706   22.027   28.845
           -0.309359  0.309359  0.309359
   -3.174    0.905   10.542   10.542   21.707   21.707   22.030   28.850
           -0.311127  0.311127  0.311127
   -3.127    0.845   10.536   10.536   21.708   21.708   22.032   28.854
           -0.312895  0.312895  0.312895
   -3.081    0.785   10.531   10.531   21.709   21.709   22.035   28.859
           -0.314663  0.314663  0.314663
   -3.035    0.727   10.526   10.526   21.710   21.710   22.038   28.863
           -0.316430  0.316430  0.316430
   -2.991    0.670   10.522   10.522   21.711   21.711   22.040   28.866
           -0.318198  0.318198  0.318198
   -2.946    0.614   10.517   10.517   21.711   21.711   22.042   28.870
           -0.319966  0.319966  0.319966
   -2.903    0.559   10.513   10.513   21.712   21.712   22.045   28.873
           -0.321734  0.321734  0.321734
   -2.860    0.506   10.509   10.509   21.713   21.713   22.047   28.877
           -0.323501  0.323501  0.323501
   -2.819    0.455   10.505   10.505   21.713   21.713   22.049   28.880
           -0.325269  0.325269  0.325269
   -2.778    0.405   10.501   10.501   21.714   21.714   22.051   28.882
           -0.327037  0.327037  0.327037
   -2.739    0.357   10.498   10.498   21.715   21.715   22.052   28.885
           -0.328805  0.328805  0.328805
   -2.701    0.311   10.495   10.495   21.715   21.715   22.054   28.887
           -0.330572  0.330572  0.330572
   -2.665    0.267   10.492   10.492   21.715   21.715   22.055   28.890
           -0.332340  0.332340  0.332340
   -2.630    0.225   10.489   10.489   21.716   21.716   22.057   28.892
           -0.334108  0.334108  0.334108
   -2.598    0.186   10.487   10.487   21.716   21.716   22.058   28.894
           -0.335876  0.335876  0.335876
   -2.567    0.149   10.484   10.484   21.717   21.717   22.059   28.895
           -0.337643  0.337643  0.337643
   -2.538    0.115   10.482   10.482   21.717   21.717   22.060   28.897
           -0.339411  0.339411  0.339411
   -2.512    0.084   10.480   10.480   21.717   21.717   22.061   28.898
           -0.341179  0.341179  0.341179
   -2.488    0.056   10.479   10.479   21.717   21.717   22.062   28.900
           -0.342947  0.342947  0.342947
   -2.467    0.031   10.477   10.477   21.717   21.717   22.063   28.901
           -0.344715  0.344715  0.344715
   -2.449    0.010   10.476   10.476   21.718   21.718   22.064   28.902
           -0.346482  0.346482  0.346482
   -2.434   -0.008   10.475   10.475   21.718   21.718   22.064   28.902
           -0.348250  0.348250  0.348250
   -2.422   -0.021   10.474   10.474   21.718   21.718   22.064   28.903
           -0.350018  0.350018  0.350018
   -2.414   -0.031   10.474   10.474   21.718   21.718   22.065   28.903
           -0.351786  0.351786  0.351786
   -2.409   -0.037   10.474   10.474   21.718   21.718   22.065   28.904
           -0.353553  0.353553  0.353553
   -2.407   -0.039   10.473   10.473   21.718   21.718   22.065   28.904
           -0.355321  0.352670  0.352670
   -2.407   -0.039   10.473   10.473   21.718   21.718   22.065   28.904
           -0.357089  0.351786  0.351786
   -2.407   -0.039   10.472   10.473   21.718   21.719   22.066   28.904
           -0.358857  0.350902  0.350902
   -2.406   -0.039   10.470   10.472   21.717   21.721   22.068   28.904
           -0.360624  0.350018  0.350018
   -2.406   -0.038   10.467   10.471   21.717   21.723   22.070   28.904
           -0.362392  0.349134  0.349134
   -2.405   -0.037   10.463   10.470   21.716   21.725   22.072   28.904
           -0.364160  0.348250  0.348250
   -2.404   -0.037   10.459   10.468   21.715   21.728   22.075   28.904
           -0.365928  0.347366  0.347366
   -2.403   -0.036   10.454   10.466   21.713   21.732   22.079   28.904
           -0.367696  0.346482  0.346482
   -2.402   -0.034   10.448   10.464   21.712   21.736   22.084   28.904
           -0.369463  0.345598  0.345598
   -2.401   -0.033   10.441   10.461   21.710   21.741   22.089   28.904
           -0.371231  0.344715  0.344715
   -2.399   -0.032   10.433   10.459   21.708   21.746   22.094   28.904
           -0.372999  0.343831  0.343831
   -2.398   -0.030   10.425   10.455   21.706   21.752   22.101   28.904
           -0.374767  0.342947  0.342947
   -2.396   -0.028   10.416   10.452   21.703   21.759   22.108   28.904
           -0.376534  0.342063  0.342063
   -2.394   -0.026   10.406   10.448   21.700   21.766   22.116   28.904
           -0.378302  0.341179  0.341179
   -2.392   -0.024   10.395   10.444   21.696   21.774   22.124   28.904
           -0.380070  0.340295  0.340295
   -2.390   -0.022   10.383   10.440   21.693   21.782   22.134   28.904
           -0.381838  0.339411  0.339411
   -2.387   -0.019   10.371   10.436   21.689   21.791   22.144   28.904
           -0.383605  0.338527  0.338527
   -2.385   -0.016   10.358   10.431   21.684   21.800   22.154   28.904
           -0.385373  0.337643  0.337643
   -2.382   -0.014   10.344   10.426   21.679   21.810   22.166   28.904
           -0.387141  0.336760  0.336760
   -2.379   -0.011   10.330   10.420   21.674   21.820   22.178   28.904
           -0.388909  0.335876  0.335876
   -2.376   -0.008   10.314   10.414   21.668   21.831   22.191   28.904
           -0.390676  0.334992  0.334992
   -2.373   -0.004   10.298   10.408   21.662   21.843   22.205   28.904
           -0.392444  0.334108  0.334108
   -2.370   -0.001   10.282   10.402   21.656   21.855   22.219   28.903
           -0.394212  0.333224  0.333224
   -2.367    0.003   10.264   10.396   21.649   21.867   22.235   28.903
           -0.395980  0.332340  0.332340
   -2.363    0.006   10.246   10.389   21.642   21.880   22.251   28.903
           -0.397748  0.331456  0.331456
   -2.359    0.010   10.227   10.382   21.634   21.894   22.268   28.902
           -0.399515  0.330572  0.330572
   -2.355    0.014   10.207   10.375   21.626   21.908   22.285   28.902
           -0.401283  0.329689  0.329689
   -2.351    0.018   10.187   10.367   21.617   21.923   22.303   28.901
           -0.403051  0.328805  0.328805
   -2.347    0.023   10.166   10.359   21.609   21.938   22.322   28.901
           -0.404819  0.327921  0.327921
   -2.343    0.027   10.144   10.351   21.600   21.954   22.342   28.900
           -0.406586  0.327037  0.327037
   -2.338    0.032   10.122   10.343   21.590   21.970   22.363   28.899
           -0.408354  0.326153  0.326153
   -2.334    0.037   10.099   10.334   21.580   21.987   22.384   28.898
           -0.410122  0.325269  0.325269
   -2.329    0.042   10.075   10.325   21.570   22.004   22.405   28.897
           -0.411890  0.324385  0.324385
   -2.324    0.047   10.051   10.316   21.560   22.022   22.428   28.896
           -0.413657  0.323501  0.323501
   -2.319    0.052   10.026   10.307   21.549   22.040   22.451   28.895
           -0.415425  0.322617  0.322617
   -2.313    0.058   10.000   10.297   21.537   22.059   22.475   28.893
           -0.417193  0.321734  0.321734
   -2.308    0.063    9.974   10.288   21.526   22.078   22.499   28.891
           -0.418961  0.320850  0.320850
   -2.302    0.069    9.947   10.278   21.514   22.098   22.524   28.890
           -0.420729  0.319966  0.319966
   -2.297    0.075    9.920   10.267   21.502   22.118   22.549   28.888
           -0.422496  0.319082  0.319082
   -2.291    0.081    9.892   10.257   21.490   22.139   22.576   28.886
           -0.424264  0.318198  0.318198
   -2.285    0.087    9.863   10.246   21.477   22.160   22.602   28.884
           -0.426032  0.317314  0.317314
   -2.279    0.094    9.834   10.235   21.464   22.182   22.630   28.881
           -0.427800  0.316430  0.316430
   -2.272    0.100    9.804   10.224   21.451   22.204   22.658   28.879
           -0.429567  0.315546  0.315546
   -2.266    0.107    9.774   10.213   21.437   22.226   22.686   28.876
           -0.431335  0.314663  0.314663
   -2.259    0.114    9.743   10.201   21.423   22.249   22.715   28.873
           -0.433103  0.313779  0.313779
   -2.253    0.121    9.712   10.190   21.409   22.273   22.745   28.870
           -0.434871  0.312895  0.312895
   -2.246    0.128    9.680   10.178   21.395   22.297   22.775   28.866
           -0.436638  0.312011  0.312011
   -2.239    0.135    9.648   10.166   21.381   22.321   22.806   28.863
           -0.438406  0.311127  0.311127
   -2.231    0.143    9.615   10.153   21.366   22.346   22.837   28.859
           -0.440174  0.310243  0.310243
   -2.224    0.150    9.581   10.141   21.351   22.371   22.868   28.855
           -0.441942  0.309359  0.309359
   -2.216    0.158    9.547   10.128   21.336   22.397   22.901   28.851
           -0.443710  0.308475  0.308475
   -2.209    0.166    9.513   10.115   21.320   22.423   22.933   28.846
           -0.445477  0.307591  0.307591
   -2.201    0.174    9.478   10.102   21.305   22.449   22.966   28.841
           -0.447245  0.306708  0.306708
   -2.193    0.182    9.443   10.089   21.289   22.476   23.000   28.836
           -0.449013  0.305824  0.305824
   -2.185    0.191    9.407   10.076   21.273   22.503   23.034   28.831
           -0.450781  0.304940  0.304940
   -2.176    0.199    9.371   10.062   21.257   22.531   23.068   28.825
           -0.452548  0.304056  0.304056
   -2.168    0.208    9.334   10.048   21.241   22.559   23.103   28.819
           -0.454316  0.303172  0.303172
   -2.159    0.217    9.297   10.034   21.224   22.587   23.139   28.813
           -0.456084  0.302288  0.302288
   -2.151    0.226    9.259   10.020   21.207   22.616   23.174   28.806
           -0.457852  0.301404  0.301404
   -2.142    0.235    9.221   10.006   21.191   22.645   23.211   28.799
           -0.459619  0.300520  0.300520
   -2.133    0.244    9.183    9.992   21.174   22.675   23.247   28.792
           -0.461387  0.299636  0.299636
   -2.124    0.253    9.144    9.978   21.157   22.705   23.284   28.784
           -0.463155  0.298753  0.298753
   -2.114    0.263    9.105    9.963   21.139   22.735   23.322   28.776
           -0.464923  0.297869  0.297869
   -2.105    0.273    9.066    9.948   21.122   22.766   23.359   28.768
           -0.466690  0.296985  0.296985
   -2.095    0.282    9.026    9.933   21.104   22.797   23.397   28.759
           -0.468458  0.296101  0.296101
   -2.085    0.292    8.986    9.918   21.087   22.828   23.436   28.750
           -0.470226  0.295217  0.295217
   -2.075    0.302    8.945    9.903   21.069   22.860   23.475   28.741
           -0.471994  0.294333  0.294333
   -2.065    0.313    8.904    9.888   21.051   22.892   23.514   28.731
           -0.473762  0.293449  0.293449
   -2.055    0.323    8.863    9.873   21.033   22.924   23.554   28.721
           -0.475529  0.292565  0.292565
   -2.045    0.334    8.821    9.857   21.015   22.957   23.593   28.710
           -0.477297  0.291682  0.291682
   -2.034    0.344    8.779    9.842   20.997   22.990   23.634   28.700
           -0.479065  0.290798  0.290798
   -2.023    0.355    8.737    9.826   20.978   23.023   23.674   28.688
           -0.480833  0.289914  0.289914
   -2.013    0.366    8.695    9.810   20.960   23.056   23.715   28.676
           -0.482600  0.289030  0.289030
   -2.002    0.377    8.652    9.795   20.941   23.090   23.756   28.664
           -0.484368  0.288146  0.288146
   -1.990    0.389    8.609    9.779   20.923   23.124   23.797   28.652
           -0.486136  0.287262  0.287262
   -1.979    0.400    8.565    9.763   20.904   23.159   23.839   28.639
           -0.487904  0.286378  0.286378
   -1.968    0.411    8.522    9.747   20.886   23.193   23.881   28.625
           -0.489671  0.285494  0.285494
   -1.956    0.423    8.478    9.730   20.867   23.228   23.923   28.611
           -0.491439  0.284610  0.284610
   -1.944    0.435    8.434    9.714   20.848   23.264   23.966   28.597
           -0.493207  0.283727  0.283727
   -1.933    0.447    8.389    9.698   20.829   23.299   24.008   28.582
           -0.494975  0.282843  0.282843
   -1.920    0.459    8.345    9.681   20.810   23.335   24.051   28.566
           -0.496743  0.281959  0.281959
   -1.908    0.471    8.300    9.665   20.791   23.371   24.095   28.551
           -0.498510  0.281075  0.281075
   -1.896    0.484    8.255    9.648   20.772   23.407   24.138   28.534
           -0.500278  0.280191  0.280191
   -1.884    0.496    8.209    9.632   20.753   23.444   24.182   28.518
           -0.502046  0.279307  0.279307
   -1.871    0.509    8.164    9.615   20.734   23.480   24.226   28.500
           -0.503814  0.278423  0.278423
   -1.858    0.521    8.118    9.598   20.715   23.517   24.270   28.483
           -0.505581  0.277539  0.277539
   -1.845    0.534    8.072    9.581   20.696   23.554   24.314   28.464
           -0.507349  0.276656  0.276656
   -1.832    0.547    8.026    9.565   20.676   23.592   24.359   28.446
           -0.509117  0.275772  0.275772
   -1.819    0.560    7.980    9.548   20.657   23.629   24.404   28.427
           -0.510885  0.274888  0.274888
   -1.806    0.574    7.933    9.531   20.638   23.667   24.449   28.407
           -0.512652  0.274004  0.274004
   -1.792    0.587    7.887    9.514   20.619   23.705   24.494   28.387
           -0.514420  0.273120  0.273120
   -1.778    0.600    7.840    9.497   20.600   23.743   24.539   28.366
           -0.516188  0.272236  0.272236
   -1.765    0.614    7.793    9.480   20.580   23.782   24.585   28.345
           -0.517956  0.271352  0.271352
   -1.751    0.628    7.746    9.463   20.561   23.820   24.630   28.323
           -0.519723  0.270468  0.270468
   -1.737    0.642    7.699    9.446   20.542   23.859   24.676   28.301
           -0.521491  0.269584  0.269584
   -1.722    0.656    7.651    9.429   20.523   23.898   24.722   28.278
           -0.523259  0.268701  0.268701
   -1.708    0.670    7.604    9.411   20.503   23.937   24.768   28.255
           -0.525027  0.267817  0.267817
   -1.694    0.684    7.556    9.394   20.484   23.976   24.814   28.231
           -0.526795  0.266933  0.266933
   -1.679    0.698    7.508    9.377   20.465   24.015   24.861   28.207
           -0.528562  0.266049  0.266049
   -1.664    0.713    7.460    9.360   20.446   24.055   24.907   28.182
           -0.530330  0.265165  0.265165
   -1.649    0.727    7.412    9.343   20.427   24.094   24.954   28.157
           -0.532098  0.264281  0.264281
   -1.634    0.742    7.364    9.326   20.408   24.134   25.001   28.131
           -0.533866  0.263397  0.263397
   -1.619    0.756    7.316    9.308   20.388   24.174   25.047   28.104
           -0.535633  0.262513  0.262513
   -1.603    0.771    7.268    9.291   20.369   24.214   25.094   28.078
           -0.537401  0.261630  0.261630
   -1.588    0.786    7.220    9.274   20.350   24.254   25.141   28.050
           -0.539169  0.260746  0.260746
   -1.572    0.801    7.171    9.257   20.331   24.294   25.188   28.023
           -0.540937  0.259862  0.259862
   -1.556    0.817    7.123    9.240   20.312   24.334   25.235   27.994
           -0.542704  0.258978  0.258978
   -1.541    0.832    7.074    9.222   20.293   24.374   25.283   27.965
           -0.544472  0.258094  0.258094
   -1.524    0.847    7.026    9.205   20.275   24.415   25.330   27.936
           -0.546240  0.257210  0.257210
   -1.508    0.863    6.977    9.188   20.256   24.455   25.377   27.907
           -0.548008  0.256326  0.256326
   -1.492    0.878    6.928    9.171   20.237   24.496   25.424   27.876
           -0.549776  0.255442  0.255442
   -1.475    0.894    6.880    9.154   20.218   24.536   25.472   27.846
           -0.551543  0.254558  0.254558
   -1.459    0.909    6.831    9.137   20.199   24.577   25.519   27.815
           -0.553311  0.253675  0.253675
   -1.442    0.925    6.782    9.120   20.181   24.618   25.566   27.783
           -0.555079  0.252791  0.252791
   -1.425    0.941    6.733    9.102   20.162   24.658   25.614   27.751
           -0.556847  0.251907  0.251907
   -1.408    0.957    6.684    9.085   20.144   24.699   25.661   27.719
           -0.558614  0.251023  0.251023
   -1.391    0.973    6.636    9.068   20.125   24.740   25.708   27.687
           -0.560382  0.250139  0.250139
   -1.373    0.989    6.587    9.051   20.107   24.781   25.755   27.654
           -0.562150  0.249255  0.249255
   -1.356    1.005    6.538    9.035   20.089   24.822   25.802   27.620
           -0.563918  0.248371  0.248371
   -1.338    1.021    6.489    9.018   20.070   24.863   25.849   27.587
           -0.565685  0.247487  0.247487
   -1.321    1.038    6.441    9.001   20.052   24.903   25.896   27.553
           -0.567453  0.246603  0.246603
   -1.303    1.054    6.392    8.984   20.034   24.944   25.943   27.519
           -0.569221  0.245720  0.245720
   -1.285    1.070    6.343    8.967   20.016   24.985   25.989   27.484
           -0.570989  0.244836  0.244836
   -1.266    1.087    6.295    8.950   19.998   25.026   26.035   27.450
           -0.572756  0.243952  0.243952
   -1.248    1.103    6.246    8.934   19.980   25.067   26.081   27.415
           -0.574524  0.243068  0.243068
   -1.230    1.120    6.198    8.917   19.963   25.108   26.127   27.380
           -0.576292  0.242184  0.242184
   -1.211    1.136    6.149    8.901   19.945   25.148   26.172   27.345
           -0.578060  0.241300  0.241300
   -1.192    1.153    6.101    8.884   19.927   25.189   26.216   27.311
           -0.579828  0.240416  0.240416
   -1.174    1.169    6.053    8.868   19.910   25.230   26.260   27.276
           -0.581595  0.239532  0.239532
   -1.155    1.186    6.005    8.851   19.892   25.270   26.303   27.242
           -0.583363  0.238649  0.238649
   -1.136    1.203    5.957    8.835   19.875   25.311   26.345   27.209
           -0.585131  0.237765  0.237765
   -1.116    1.219    5.909    8.818   19.858   25.351   26.386   27.177
           -0.586899  0.236881  0.236881
   -1.097    1.236    5.861    8.802   19.841   25.392   26.425   27.146
           -0.588666  0.235997  0.235997
   -1.078    1.252    5.813    8.786   19.824   25.432   26.461   27.117
           -0.590434  0.235113  0.235113
   -1.058    1.269    5.766    8.770   19.807   25.472   26.495   27.090
           -0.592202  0.234229  0.234229
   -1.038    1.285    5.719    8.754   19.790   25.512   26.524   27.067
           -0.593970  0.233345  0.233345
   -1.018    1.302    5.672    8.738   19.773   25.552   26.548   27.049
           -0.595737  0.232461  0.232461
   -0.998    1.318    5.625    8.722   19.756   25.592   26.565   27.038
           -0.597505  0.231577  0.231577
   -0.978    1.335    5.578    8.706   19.740   25.632   26.574   27.034
           -0.599273  0.230694  0.230694
   -0.958    1.351    5.531    8.690   19.723   25.672   26.575   27.038
           -0.601041  0.229810  0.229810
   -0.938    1.368    5.485    8.675   19.707   25.711   26.567   27.051
           -0.602809  0.228926  0.228926
   -0.917    1.384    5.439    8.659   19.691   25.750   26.551   27.071
           -0.604576  0.228042  0.228042
   -0.897    1.400    5.393    8.644   19.675   25.790   26.529   27.096
           -0.606344  0.227158  0.227158
   -0.876    1.416    5.347    8.628   19.659   25.829   26.502   27.126
           -0.608112  0.226274  0.226274
   -0.855    1.432    5.302    8.613   19.643   25.868   26.471   27.159
           -0.609880  0.225390  0.225390
   -0.834    1.448    5.257    8.597   19.627   25.906   26.438   27.195
           -0.611647  0.224506  0.224506
   -0.813    1.463    5.212    8.582   19.611   25.945   26.403   27.232
           -0.613415  0.223623  0.223623
   -0.792    1.479    5.168    8.567   19.595   25.983   26.365   27.271
           -0.615183  0.222739  0.222739
   -0.771    1.494    5.124    8.552   19.580   26.021   26.327   27.311
           -0.616951  0.221855  0.221855
   -0.750    1.509    5.080    8.537   19.565   26.059   26.287   27.351
           -0.618718  0.220971  0.220971
   -0.728    1.524    5.037    8.522   19.549   26.097   26.247   27.391
           -0.620486  0.220087  0.220087
   -0.707    1.539    4.994    8.507   19.534   26.135   26.205   27.432
           -0.622254  0.219203  0.219203
   -0.685    1.554    4.952    8.493   19.519   26.164   26.172   27.473
           -0.624022  0.218319  0.218319
   -0.663    1.568    4.910    8.478   19.504   26.121   26.209   27.514
           -0.625790  0.217435  0.217435
   -0.641    1.582    4.868    8.464   19.489   26.078   26.246   27.555
           -0.627557  0.216551  0.216551
   -0.620    1.596    4.827    8.449   19.475   26.035   26.283   27.595
           -0.629325  0.215668  0.215668
   -0.597    1.609    4.787    8.435   19.460   25.992   26.320   27.636
           -0.631093  0.214784  0.214784
   -0.575    1.622    4.747    8.421   19.446   25.948   26.356   27.676
           -0.632861  0.213900  0.213900
   -0.553    1.635    4.708    8.407   19.432   25.904   26.392   27.717
           -0.634628  0.213016  0.213016
   -0.531    1.647    4.669    8.393   19.417   25.859   26.427   27.756
           -0.636396  0.212132  0.212132
   -0.509    1.659    4.631    8.379   19.403   25.815   26.463   27.796
           -0.638164  0.211248  0.211248
   -0.486    1.670    4.593    8.365   19.389   25.770   26.498   27.835
           -0.639932  0.210364  0.210364
   -0.464    1.681    4.557    8.351   19.376   25.725   26.533   27.874
           -0.641699  0.209480  0.209480
   -0.441    1.691    4.521    8.338   19.362   25.680   26.567   27.912
           -0.643467  0.208597  0.208597
   -0.419    1.701    4.485    8.324   19.348   25.635   26.602   27.950
           -0.645235  0.207713  0.207713
   -0.396    1.711    4.451    8.311   19.335   25.590   26.636   27.987
           -0.647003  0.206829  0.206829
   -0.373    1.719    4.418    8.298   19.321   25.544   26.670   28.024
           -0.648770  0.205945  0.205945
   -0.351    1.728    4.385    8.284   19.308   25.499   26.703   28.060
           -0.650538  0.205061  0.205061
   -0.328    1.735    4.353    8.271   19.295   25.453   26.736   28.095
           -0.652306  0.204177  0.204177
   -0.305    1.742    4.323    8.259   19.282   25.407   26.769   28.130
           -0.654074  0.203293  0.203293
   -0.282    1.748    4.293    8.246   19.269   25.362   26.801   28.165
           -0.655842  0.202409  0.202409
   -0.260    1.753    4.264    8.233   19.257   25.316   26.833   28.199
           -0.657609  0.201525  0.201525
   -0.237    1.758    4.237    8.220   19.244   25.270   26.865   28.232
           -0.659377  0.200642  0.200642
   -0.214    1.761    4.211    8.208   19.232   25.224   26.897   28.264
           -0.661145  0.199758  0.199758
   -0.191    1.764    4.185    8.196   19.219   25.178   26.928   28.296
           -0.662913  0.198874  0.198874
   -0.168    1.766    4.161    8.183   19.207   25.133   26.959   28.327
           -0.664680  0.197990  0.197990
   -0.146    1.768    4.139    8.171   19.195   25.087   26.989   28.357
           -0.666448  0.197106  0.197106
   -0.123    1.768    4.117    8.159   19.183   25.041   27.019   28.386
           -0.668216  0.196222  0.196222
   -0.101    1.767    4.097    8.147   19.172   24.995   27.049   28.415
           -0.669984  0.195338  0.195338
   -0.078    1.766    4.078    8.136   19.160   24.949   27.078   28.442
           -0.671751  0.194454  0.194454
   -0.056    1.763    4.061    8.124   19.149   24.903   27.107   28.469
           -0.673519  0.193570  0.193570
   -0.034    1.760    4.045    8.112   19.137   24.857   27.136   28.495
           -0.675287  0.192687  0.192687
   -0.012    1.755    4.030    8.101   19.126   24.812   27.164   28.521
           -0.677055  0.191803  0.191803
    0.010    1.750    4.017    8.090   19.115   24.766   27.192   28.545
           -0.678823  0.190919  0.190919
    0.032    1.744    4.005    8.079   19.104   24.720   27.219   28.569
           -0.680590  0.190035  0.190035
    0.053    1.737    3.995    8.068   19.093   24.675   27.246   28.591
           -0.682358  0.189151  0.189151
    0.074    1.729    3.986    8.057   19.082   24.629   27.273   28.613
           -0.684126  0.188267  0.188267
    0.095    1.720    3.978    8.046   19.071   24.584   27.299   28.634
           -0.685894  0.187383  0.187383
    0.115    1.711    3.972    8.035   19.061   24.538   27.325   28.654
           -0.687661  0.186499  0.186499
    0.135    1.701    3.967    8.025   19.051   24.493   27.351   28.673
           -0.689429  0.185616  0.185616
    0.155    1.690    3.964    8.014   19.040   24.447   27.376   28.691
           -0.691197  0.184732  0.184732
    0.174    1.679    3.962    8.004   19.030   24.402   27.400   28.708
           -0.692965  0.183848  0.183848
    0.193    1.667    3.961    7.994   19.020   24.357   27.425   28.725
           -0.694732  0.182964  0.182964
    0.210    1.655    3.962    7.984   19.010   24.312   27.449   28.740
           -0.696500  0.182080  0.182080
    0.228    1.643    3.964    7.974   19.001   24.267   27.472   28.755
           -0.698268  0.181196  0.181196
    0.244    1.630    3.967    7.964   18.991   24.223   27.495   28.769
           -0.700036  0.180312  0.180312
    0.260    1.618    3.971    7.955   18.982   24.178   27.518   28.782
           -0.701803  0.179428  0.179428
    0.274    1.605    3.977    7.945   18.972   24.133   27.540   28.794
           -0.703571  0.178544  0.178544
    0.288    1.593    3.984    7.936   18.963   24.089   27.562   28.806
           -0.705339  0.177661  0.177661
    0.300    1.582    3.991    7.927   18.954   24.045   27.583   28.816
           -0.707107  0.176777  0.176777
    0.311    1.571    4.000    7.918   18.945   24.001   27.604   28.826
           -0.707107  0.177661  0.175893
    0.311    1.571    4.000    7.918   18.945   24.001   27.604   28.826
           -0.707107  0.178544  0.175009
    0.312    1.571    4.000    7.917   18.946   24.001   27.603   28.825
           -0.707107  0.179428  0.174125
    0.312    1.571    4.000    7.917   18.947   24.001   27.603   28.824
           -0.707107  0.180312  0.173241
    0.312    1.571    4.000    7.916   18.948   24.001   27.602   28.823
           -0.707107  0.181196  0.172357
    0.312    1.571    4.001    7.914   18.950   24.001   27.601   28.822
           -0.707107  0.182080  0.171473
    0.312    1.571    4.001    7.913   18.952   24.001   27.600   28.821
           -0.707107  0.182964  0.170590
    0.313    1.571    4.001    7.911   18.955   24.001   27.598   28.819
           -0.707107  0.183848  0.169706
    0.313    1.571    4.002    7.908   18.958   24.001   27.596   28.817
           -0.707107  0.184732  0.168822
    0.313    1.571    4.002    7.906   18.962   24.002   27.594   28.814
           -0.707107  0.185616  0.167938
    0.314    1.571    4.003    7.903   18.965   24.002   27.592   28.811
           -0.707107  0.186499  0.167054
    0.314    1.572    4.003    7.900   18.970   24.002   27.589   28.808
           -0.707107  0.187383  0.166170
    0.315    1.572    4.004    7.897   18.974   24.002   27.586   28.805
           -0.707107  0.188267  0.165286
    0.316    1.572    4.004    7.893   18.979   24.002   27.583   28.802
           -0.707107  0.189151  0.164402
    0.316    1.572    4.005    7.889   18.985   24.003   27.580   28.798
           -0.707107  0.190035  0.163518
    0.317    1.573    4.006    7.885   18.991   24.003   27.577   28.794
           -0.707107  0.190919  0.162635
    0.318    1.573    4.007    7.880   18.997   24.003   27.573   28.789
           -0.707107  0.191803  0.161751
    0.319    1.573    4.007    7.875   19.004   24.004   27.569   28.785
           -0.707107  0.192687  0.160867
    0.320    1.574    4.008    7.870   19.011   24.004   27.565   28.780
           -0.707107  0.193570  0.159983
    0.320    1.574    4.009    7.865   19.018   24.005   27.561   28.774
           -0.707107  0.194454  0.159099
    0.321    1.574    4.010    7.859   19.026   24.005   27.556   28.769
           -0.707107  0.195338  0.158215
    0.322    1.575    4.011    7.853   19.034   24.005   27.551   28.763
           -0.707107  0.196222  0.157331
    0.324    1.575    4.012    7.847   19.043   24.006   27.546   28.757
           -0.707107  0.197106  0.156447
    0.325    1.576    4.014    7.840   19.052   24.006   27.541   28.751
           -0.707107  0.197990  0.155563
    0.326    1.576    4.015    7.833   19.062   24.007   27.535   28.744
           -0.707107  0.198874  0.154680
    0.327    1.576    4.016    7.826   19.071   24.007   27.530   28.737
           -0.707107  0.199758  0.153796
    0.328    1.577    4.017    7.819   19.082   24.008   27.524   28.730
           -0.707107  0.200642  0.152912
    0.330    1.577    4.019    7.811   19.092   24.008   27.517   28.722
           -0.707107  0.201525  0.152028
    0.331    1.578    4.020    7.803   19.103   24.009   27.511   28.715
           -0.707107  0.202409  0.151144
    0.333    1.578    4.022    7.795   19.115   24.010   27.505   28.707
           -0.707107  0.203293  0.150260
    0.334    1.579    4.023    7.787   19.126   24.010   27.498   28.699
           -0.707107  0.204177  0.149376
    0.336    1.579    4.025    7.778   19.138   24.011   27.491   28.690
           -0.707107  0.205061  0.148492
    0.337    1.580    4.026    7.769   19.151   24.012   27.484   28.681
           -0.707107  0.205945  0.147609
    0.339    1.581    4.028    7.760   19.164   24.012   27.476   28.672
           -0.707107  0.206829  0.146725
    0.340    1.581    4.030    7.750   19.177   24.013   27.469   28.663
           -0.707107  0.207713  0.145841
    0.342    1.582    4.032    7.741   19.190   24.014   27.461   28.653
           -0.707107  0.208597  0.144957
    0.344    1.582    4.033    7.731   19.204   24.014   27.453   28.644
           -0.707107  0.209480  0.144073
    0.346    1.583    4.035    7.720   19.219   24.015   27.445   28.634
           -0.707107  0.210364  0.143189
    0.348    1.584    4.037    7.710   19.233   24.016   27.437   28.623
           -0.707107  0.211248  0.142305
    0.350    1.584    4.039    7.699   19.248   24.017   27.428   28.613
           -0.707107  0.212132  0.141421
    0.352    1.585    4.041    7.688   19.264   24.018   27.419   28.602
           -0.707107  0.213016  0.140537
    0.354    1.586    4.043    7.677   19.280   24.018   27.411   28.591
           -0.707107  0.213900  0.139654
    0.356    1.587    4.045    7.666   19.296   24.019   27.402   28.579
           -0.707107  0.214784  0.138770
    0.358    1.587    4.048    7.654   19.312   24.020   27.392   28.568
           -0.707107  0.215668  0.137886
    0.360    1.588    4.050    7.642   19.329   24.021   27.383   28.556
           -0.707107  0.216551  0.137002
    0.362    1.589    4.052    7.630   19.346   24.022   27.373   28.544
           -0.707107  0.217435  0.136118
    0.365    1.590    4.054    7.618   19.363   24.023   27.364   28.532
           -0.707107  0.218319  0.135234
    0.367    1.590    4.057    7.605   19.381   24.024   27.354   28.519
           -0.707107  0.219203  0.134350
    0.369    1.591    4.059    7.592   19.399   24.025   27.344   28.506
           -0.707107  0.220087  0.133466
    0.372    1.592    4.062    7.579   19.418   24.026   27.334   28.493
           -0.707107  0.220971  0.132583
    0.374    1.593    4.064    7.566   19.436   24.027   27.323   28.480
           -0.707107  0.221855  0.131699
    0.377    1.594    4.067    7.553   19.456   24.028   27.313   28.467
           -0.707107  0.222739  0.130815
    0.379    1.594    4.069    7.539   19.475   24.029   27.302   28.453
           -0.707107  0.223623  0.129931
    0.382    1.595    4.072    7.525   19.495   24.030   27.291   28.439
           -0.707107  0.224506  0.129047
    0.385    1.596    4.075    7.511   19.515   24.031   27.280   28.425
           -0.707107  0.225390  0.128163
    0.387    1.597    4.078    7.497   19.535   24.032   27.269   28.411
           -0.707107  0.226274  0.127279
    0.390    1.598    4.081    7.482   19.556   24.033   27.258   28.396
           -0.707107  0.227158  0.126395
    0.393    1.599    4.083    7.468   19.577   24.034   27.247   28.381
           -0.707107  0.228042  0.125511
    0.396    1.600    4.086    7.453   19.598   24.035   27.235   28.366
           -0.707107  0.228926  0.124628
    0.399    1.601    4.089    7.438   19.620   24.036   27.224   28.351
           -0.707107  0.229810  0.123744
    0.402    1.601    4.092    7.423   19.641   24.037   27.212   28.335
           -0.707107  0.230694  0.122860
    0.405    1.602    4.096    7.407   19.664   24.039   27.200   28.320
           -0.707107  0.231577  0.121976
    0.408    1.603    4.099    7.392   19.686   24.040   27.188   28.304
           -0.707107  0.232461  0.121092
    0.411    1.604    4.102    7.376   19.709   24.041   27.176   28.288
           -0.707107  0.233345  0.120208
    0.414    1.605    4.105    7.360   19.732   24.042   27.164   28.271
           -0.707107  0.234229  0.119324
    0.417    1.606    4.108    7.344   19.755   24.043   27.152   28.255
           -0.707107  0.235113  0.118440
    0.421    1.607    4.112    7.328   19.779   24.045   27.139   28.238
           -0.707107  0.235997  0.117557
    0.424    1.608    4.115    7.311   19.803   24.046   27.127   28.221
           -0.707107  0.236881  0.116673
    0.427    1.609    4.119    7.295   19.827   24.047   27.114   28.204
           -0.707107  0.237765  0.115789
    0.431    1.610    4.122    7.278   19.851   24.048   27.102   28.187
           -0.707107  0.238649  0.114905
    0.434    1.611    4.126    7.261   19.876   24.050   27.089   28.169
           -0.707107  0.239532  0.114021
    0.438    1.612    4.129    7.244   19.901   24.051   27.076   28.152
           -0.707107  0.240416  0.113137
    0.441    1.613    4.133    7.227   19.926   24.052   27.063   28.134
           -0.707107  0.241300  0.112253
    0.445    1.614    4.137    7.210   19.952   24.053   27.050   28.116
           -0.707107  0.242184  0.111369
    0.449    1.615    4.140    7.192   19.978   24.055   27.037   28.098
           -0.707107  0.243068  0.110485
    0.452    1.616    4.144    7.175   20.004   24.056   27.023   28.079
           -0.707107  0.243952  0.109602
    0.456    1.617    4.148    7.157   20.030   24.057   27.010   28.061
           -0.707107  0.244836  0.108718
    0.460    1.617    4.152    7.139   20.056   24.059   26.996   28.042
           -0.707107  0.245720  0.107834
    0.464    1.618    4.156    7.121   20.083   24.060   26.983   28.023
           -0.707107  0.246603  0.106950
    0.468    1.619    4.160    7.103   20.110   24.061   26.969   28.004
           -0.707107  0.247487  0.106066
    0.472    1.620    4.164    7.085   20.137   24.062   26.956   27.985
           -0.707107  0.248371  0.105182
    0.476    1.621    4.168    7.067   20.165   24.064   26.942   27.965
           -0.707107  0.249255  0.104298
    0.480    1.622    4.172    7.048   20.192   24.065   26.928   27.946
           -0.707107  0.250139  0.103414
    0.484    1.623    4.176    7.030   20.220   24.066   26.914   27.926
           -0.707107  0.251023  0.102530
    0.488    1.624    4.181    7.011   20.249   24.068   26.900   27.906
           -0.707107  0.251907  0.101647
    0.493    1.625    4.185    6.992   20.277   24.069   26.886   27.886
           -0.707107  0.252791  0.100763
    0.497    1.626    4.189    6.973   20.305   24.071   26.872   27.866
           -0.707107  0.253675  0.099879
    0.501    1.627    4.194    6.954   20.334   24.072   26.858   27.845
           -0.707107  0.254558  0.098995
    0.506    1.628    4.198    6.935   20.363   24.073   26.844   27.825
           -0.707107  0.255442  0.098111
    0.510    1.628    4.203    6.916   20.392   24.075   26.830   27.804
           -0.707107  0.256326  0.097227
    0.515    1.629    4.207    6.897   20.422   24.076   26.816   27.783
           -0.707107  0.257210  0.096343
    0.519    1.630    4.212    6.878   20.452   24.077   26.801   27.762
           -0.707107  0.258094  0.095459
    0.524    1.631    4.216    6.858   20.481   24.079   26.787   27.741
           -0.707107  0.258978  0.094576
    0.528    1.632    4.221    6.839   20.511   24.080   26.772   27.720
           -0.707107  0.259862  0.093692
    0.533    1.632    4.226    6.819   20.542   24.081   26.758   27.699
           -0.707107  0.260746  0.092808
    0.538    1.633    4.231    6.800   20.572   24.083   26.744   27.677
           -0.707107  0.261630  0.091924
    0.542    1.634    4.235    6.780   20.603   24.084   26.729   27.656
           -0.707107  0.262513  0.091040
    0.547    1.635    4.240    6.760   20.634   24.085   26.715   27.634
           -0.707107  0.263397  0.090156
    0.552    1.635    4.245    6.740   20.664   24.087   26.700   27.612
           -0.707107  0.264281  0.089272
    0.557    1.636    4.250    6.720   20.696   24.088   26.685   27.590
           -0.707107  0.265165  0.088388
    0.562    1.637    4.255    6.701   20.727   24.089   26.671   27.568
           -0.707107  0.266049  0.087504
    0.567    1.638    4.260    6.681   20.759   24.090   26.656   27.546
           -0.707107  0.266933  0.086621
    0.572    1.638    4.265    6.661   20.790   24.092   26.642   27.523
           -0.707107  0.267817  0.085737
    0.577    1.639    4.271    6.640   20.822   24.093   26.627   27.501
           -0.707107  0.268701  0.084853
    0.583    1.639    4.276    6.620   20.854   24.094   26.612   27.478
           -0.707107  0.269584  0.083969
    0.588    1.640    4.281    6.600   20.886   24.095   26.597   27.455
           -0.707107  0.270468  0.083085
    0.593    1.640    4.286    6.580   20.919   24.097   26.583   27.433
           -0.707107  0.271352  0.082201
    0.598    1.641    4.292    6.560   20.951   24.098   26.568   27.410
           -0.707107  0.272236  0.081317
    0.604    1.641    4.297    6.540   20.984   24.099   26.553   27.387
           -0.707107  0.273120  0.080433
    0.609    1.642    4.303    6.519   21.017   24.100   26.539   27.364
           -0.707107  0.274004  0.079550
    0.615    1.642    4.308    6.499   21.050   24.101   26.524   27.340
           -0.707107  0.274888  0.078666
    0.620    1.643    4.314    6.479   21.083   24.102   26.509   27.317
           -0.707107  0.275772  0.077782
    0.626    1.643    4.319    6.458   21.116   24.104   26.494   27.294
           -0.707107  0.276656  0.076898
    0.631    1.643    4.325    6.438   21.149   24.105   26.480   27.270
           -0.707107  0.277539  0.076014
    0.637    1.643    4.331    6.417   21.183   24.106   26.465   27.247
           -0.707107  0.278423  0.075130
    0.643    1.644    4.336    6.397   21.217   24.107   26.450   27.223
           -0.707107  0.279307  0.074246
    0.649    1.644    4.342    6.377   21.250   24.108   26.436   27.199
           -0.707107  0.280191  0.073362
    0.655    1.644    4.348    6.356   21.284   24.109   26.421   27.176
           -0.707107  0.281075  0.072478
    0.660    1.644    4.354    6.336   21.318   24.110   26.406   27.152
           -0.707107  0.281959  0.071595
    0.666    1.644    4.360    6.316   21.352   24.111   26.392   27.128
           -0.707107  0.282843  0.070711
    0.672    1.644    4.366    6.295   21.387   24.111   26.377   27.104
           -0.707107  0.283727  0.069827
    0.678    1.644    4.372    6.275   21.421   24.112   26.362   27.080
           -0.707107  0.284610  0.068943
    0.684    1.644    4.378    6.254   21.456   24.113   26.348   27.056
           -0.707107  0.285494  0.068059
    0.691    1.644    4.384    6.234   21.490   24.114   26.333   27.032
           -0.707107  0.286378  0.067175
    0.697    1.643    4.390    6.214   21.525   24.115   26.319   27.007
           -0.707107  0.287262  0.066291
    0.703    1.643    4.397    6.194   21.560   24.115   26.304   26.983
           -0.707107  0.288146  0.065407
    0.709    1.643    4.403    6.173   21.595   24.116   26.290   26.959
           -0.707107  0.289030  0.064523
    0.716    1.643    4.409    6.153   21.630   24.117   26.276   26.934
           -0.707107  0.289914  0.063640
    0.722    1.642    4.415    6.133   21.665   24.117   26.261   26.910
           -0.707107  0.290798  0.062756
    0.728    1.642    4.422    6.113   21.700   24.118   26.247   26.885
           -0.707107  0.291682  0.061872
    0.735    1.641    4.428    6.093   21.735   24.118   26.233   26.861
           -0.707107  0.292565  0.060988
    0.741    1.640    4.435    6.073   21.771   24.119   26.219   26.836
           -0.707107  0.293449  0.060104
    0.748    1.640    4.441    6.053   21.806   24.119   26.205   26.812
           -0.707107  0.294333  0.059220
    0.755    1.639    4.448    6.033   21.841   24.119   26.190   26.787
           -0.707107  0.295217  0.058336
    0.761    1.638    4.455    6.013   21.877   24.120   26.176   26.762
           -0.707107  0.296101  0.057452
    0.768    1.637    4.461    5.993   21.913   24.120   26.163   26.738
           -0.707107  0.296985  0.056569
    0.775    1.636    4.468    5.973   21.948   24.120   26.149   26.713
           -0.707107  0.297869  0.055685
    0.782    1.635    4.475    5.953   21.984   24.120   26.135   26.688
           -0.707107  0.298753  0.054801
    0.789    1.634    4.482    5.934   22.020   24.120   26.121   26.664
           -0.707107  0.299636  0.053917
    0.795    1.633    4.489    5.914   22.055   24.120   26.107   26.639
           -0.707107  0.300520  0.053033
    0.802    1.631    4.495    5.894   22.091   24.120   26.094   26.614
           -0.707107  0.301404  0.052149
    0.810    1.630    4.502    5.875   22.127   24.120   26.080   26.590
           -0.707107  0.302288  0.051265
    0.817    1.629    4.509    5.856   22.163   24.119   26.067   26.565
           -0.707107  0.303172  0.050381
    0.824    1.627    4.516    5.836   22.199   24.119   26.054   26.540
           -0.707107  0.304056  0.049497
    0.831    1.625    4.524    5.817   22.235   24.119   26.040   26.516
           -0.707107  0.304940  0.048614
    0.838    1.624    4.531    5.798   22.271   24.118   26.027   26.491
           -0.707107  0.305824  0.047730
    0.845    1.622    4.538    5.779   22.307   24.118   26.014   26.466
           -0.707107  0.306708  0.046846
    0.853    1.620    4.545    5.760   22.343   24.117   26.001   26.442
           -0.707107  0.307591  0.045962
    0.860    1.618    4.552    5.741   22.379   24.116   25.988   26.417
           -0.707107  0.308475  0.045078
    0.868    1.616    4.560    5.723   22.415   24.115   25.976   26.393
           -0.707107  0.309359  0.044194
    0.875    1.613    4.567    5.704   22.451   24.114   25.963   26.368
           -0.707107  0.310243  0.043310
    0.883    1.611    4.575    5.685   22.487   24.113   25.951   26.344
           -0.707107  0.311127  0.042426
    0.890    1.609    4.582    5.667   22.523   24.112   25.938   26.319
           -0.707107  0.312011  0.041543
    0.898    1.606    4.590    5.649   22.558   24.111   25.926   26.295
           -0.707107  0.312895  0.040659
    0.905    1.603    4.597    5.631   22.594   24.110   25.914   26.271
           -0.707107  0.313779  0.039775
    0.913    1.601    4.605    5.613   22.630   24.108   25.902   26.247
           -0.707107  0.314663  0.038891
    0.921    1.598    4.612    5.595   22.666   24.107   25.890   26.223
           -0.707107  0.315546  0.038007
    0.929    1.595    4.620    5.577   22.701   24.105   25.878   26.199
           -0.707107  0.316430  0.037123
    0.937    1.592    4.628    5.559   22.737   24.103   25.866   26.175
           -0.707107  0.317314  0.036239
    0.945    1.588    4.635    5.542   22.772   24.101   25.855   26.151
           -0.707107  0.318198  0.035355
    0.952    1.585    4.643    5.524   22.807   24.099   25.843   26.128
           -0.707107  0.319082  0.034471
    0.961    1.581    4.651    5.507   22.843   24.097   25.832   26.105
           -0.707107  0.319966  0.033588
    0.969    1.578    4.659    5.490   22.878   24.095   25.821   26.081
           -0.707107  0.320850  0.032704
    0.977    1.574    4.667    5.473   22.913   24.093   25.810   26.058
           -0.707107  0.321734  0.031820
    0.985    1.570    4.675    5.456   22.947   24.090   25.799   26.035
           -0.707107  0.322617  0.030936
    0.993    1.566    4.683    5.440   22.982   24.088   25.789   26.013
           -0.707107  0.323501  0.030052
    1.001    1.562    4.691    5.423   23.016   24.085   25.778   25.990
           -0.707107  0.324385  0.029168
    1.010    1.558    4.699    5.407   23.051   24.082   25.768   25.968
           -0.707107  0.325269  0.028284
    1.018    1.553    4.707    5.391   23.084   24.079   25.758   25.946
           -0.707107  0.326153  0.027400
    1.026    1.549    4.715    5.375   23.118   24.076   25.748   25.924
           -0.707107  0.327037  0.026517
    1.035    1.544    4.724    5.359   23.152   24.073   25.738   25.903
           -0.707107  0.327921  0.025633
    1.043    1.539    4.732    5.344   23.185   24.069   25.728   25.882
           -0.707107  0.328805  0.024749
    1.052    1.534    4.740    5.328   23.218   24.066   25.719   25.861
           -0.707107  0.329689  0.023865
    1.061    1.529    4.749    5.313   23.250   24.062   25.710   25.840
           -0.707107  0.330572  0.022981
    1.069    1.523    4.757    5.298   23.283   24.058   25.700   25.820
           -0.707107  0.331456  0.022097
    1.078    1.518    4.766    5.283   23.314   24.054   25.691   25.800
           -0.707107  0.332340  0.021213
    1.087    1.512    4.774    5.268   23.346   24.050   25.683   25.781
           -0.707107  0.333224  0.020329
    1.096    1.506    4.783    5.254   23.377   24.045   25.674   25.762
           -0.707107  0.334108  0.019445
    1.104    1.500    4.791    5.239   23.407   24.041   25.666   25.744
           -0.707107  0.334992  0.018562
    1.113    1.494    4.800    5.225   23.437   24.036   25.657   25.726
           -0.707107  0.335876  0.017678
    1.122    1.488    4.808    5.211   23.467   24.032   25.649   25.709
           -0.707107  0.336760  0.016794
    1.131    1.481    4.817    5.198   23.496   24.027   25.641   25.692
           -0.707107  0.337643  0.015910
    1.140    1.475    4.826    5.184   23.524   24.021   25.633   25.676
           -0.707107  0.338527  0.015026
    1.150    1.468    4.835    5.171   23.552   24.016   25.625   25.661
           -0.707107  0.339411  0.014142
    1.159    1.461    4.843    5.158   23.579   24.011   25.618   25.647
           -0.707107  0.340295  0.013258
    1.168    1.454    4.852    5.145   23.605   24.005   25.610   25.634
           -0.707107  0.341179  0.012374
    1.177    1.446    4.861    5.132   23.630   23.999   25.602   25.622
           -0.707107  0.342063  0.011490
    1.186    1.439    4.870    5.120   23.654   23.994   25.594   25.611
           -0.707107  0.342947  0.010607
    1.196    1.431    4.879    5.107   23.678   23.988   25.585   25.602
           -0.707107  0.343831  0.009723
    1.205    1.423    4.888    5.095   23.701   23.981   25.576   25.594
           -0.707107  0.344715  0.008839
    1.215    1.415    4.897    5.084   23.722   23.975   25.568   25.587
           -0.707107  0.345598  0.007955
    1.224    1.407    4.906    5.072   23.743   23.969   25.560   25.580
           -0.707107  0.346482  0.007071
    1.234    1.399    4.915    5.061   23.762   23.962   25.554   25.574
           -0.707107  0.347366  0.006187
    1.243    1.390    4.924    5.050   23.780   23.955   25.548   25.568
           -0.707107  0.348250  0.005303
    1.253    1.381    4.934    5.039   23.797   23.948   25.543   25.563
           -0.707107  0.349134  0.004419
    1.262    1.372    4.943    5.028   23.812   23.941   25.539   25.558
           -0.707107  0.350018  0.003536
    1.272    1.363    4.952    5.018   23.826   23.934   25.536   25.553
           -0.707107  0.350902  0.002652
    1.282    1.354    4.961    5.008   23.839   23.927   25.535   25.549
           -0.707107  0.351786  0.001768
    1.292    1.344    4.970    4.998   23.850   23.920   25.534   25.546
           -0.707107  0.352670  0.000884
    1.301    1.335    4.977    4.991   23.859   23.914   25.533   25.545
           -0.707107  0.353553  0.000000
    1.310    1.327    4.975    4.993   23.866   23.908   25.530   25.547
           -0.705339  0.353553  0.001768
    1.281    1.355    4.966    5.002   23.843   23.929   25.537   25.541
           -0.703571  0.353553  0.003536
    1.253    1.383    4.940    5.030   23.820   23.950   25.529   25.553
           -0.701803  0.353553  0.005303
    1.224    1.411    4.914    5.058   23.795   23.969   25.522   25.566
           -0.700036  0.353553  0.007071
    1.195    1.438    4.889    5.087   23.770   23.987   25.517   25.580
           -0.698268  0.353553  0.008839
    1.165    1.465    4.865    5.116   23.745   24.004   25.513   25.595
           -0.696500  0.353553  0.010607
    1.136    1.491    4.842    5.145   23.718   24.019   25.511   25.611
           -0.694732  0.353553  0.012374
    1.106    1.517    4.819    5.175   23.691   24.033   25.511   25.628
           -0.692965  0.353553  0.014142
    1.076    1.543    4.797    5.206   23.663   24.045   25.512   25.646
           -0.691197  0.353553  0.015910
    1.046    1.568    4.775    5.237   23.635   24.056   25.516   25.664
           -0.689429  0.353553  0.017678
    1.016    1.593    4.755    5.268   23.607   24.065   25.521   25.683
           -0.687661  0.353553  0.019445
    0.986    1.617    4.735    5.300   23.578   24.073   25.527   25.703
           -0.685894  0.353553  0.021213
    0.956    1.640    4.716    5.332   23.549   24.079   25.536   25.724
           -0.684126  0.353553  0.022981
    0.925    1.663    4.699    5.364   23.519   24.084   25.546   25.745
           -0.682358  0.353553  0.024749
    0.895    1.686    4.682    5.397   23.490   24.087   25.558   25.766
           -0.680590  0.353553  0.026517
    0.864    1.707    4.666    5.430   23.460   24.088   25.572   25.788
           -0.678823  0.353553  0.028284
    0.834    1.728    4.651    5.463   23.430   24.088   25.588   25.811
           -0.677055  0.353553  0.030052
    0.803    1.748    4.637    5.497   23.399   24.086   25.605   25.833
           -0.675287  0.353553  0.031820
    0.772    1.767    4.624    5.531   23.369   24.083   25.623   25.857
           -0.673519  0.353553  0.033588
    0.742    1.786    4.612    5.565   23.339   24.079   25.644   25.880
           -0.671751  0.353553  0.035355
    0.711    1.804    4.602    5.600   23.308   24.073   25.665   25.905
           -0.669984  0.353553  0.037123
    0.680    1.820    4.593    5.635   23.278   24.067   25.688   25.929
           -0.668216  0.353553  0.038891
    0.650    1.836    4.584    5.670   23.247   24.059   25.712   25.954
           -0.666448  0.353553  0.040659
    0.619    1.851    4.578    5.705   23.217   24.050   25.738   25.979
           -0.664680  0.353553  0.042426
    0.588    1.865    4.572    5.740   23.186   24.040   25.764   26.004
           -0.662913  0.353553  0.044194
    0.558    1.878    4.568    5.776   23.156   24.029   25.792   26.030
           -0.661145  0.353553  0.045962
    0.527    1.890    4.565    5.812   23.125   24.017   25.820   26.055
           -0.659377  0.353553  0.047730
    0.497    1.901    4.563    5.848   23.095   24.004   25.849   26.081
           -0.657609  0.353553  0.049497
    0.466    1.911    4.563    5.884   23.065   23.991   25.879   26.108
           -0.655842  0.353553  0.051265
    0.436    1.920    4.564    5.920   23.035   23.977   25.910   26.134
           -0.654074  0.353553  0.053033
    0.405    1.928    4.566    5.957   23.005   23.963   25.941   26.161
           -0.652306  0.353553  0.054801
    0.375    1.934    4.570    5.994   22.975   23.947   25.973   26.188
           -0.650538  0.353553  0.056569
    0.345    1.940    4.575    6.031   22.945   23.932   26.005   26.215
           -0.648770  0.353553  0.058336
    0.314    1.944    4.582    6.068   22.916   23.916   26.038   26.242
           -0.647003  0.353553  0.060104
    0.284    1.948    4.590    6.105   22.886   23.899   26.071   26.269
           -0.645235  0.353553  0.061872
    0.254    1.950    4.599    6.142   22.857   23.882   26.105   26.296
           -0.643467  0.353553  0.063640
    0.224    1.951    4.610    6.180   22.828   23.865   26.139   26.324
           -0.641699  0.353553  0.065407
    0.195    1.952    4.622    6.218   22.799   23.847   26.172   26.352
           -0.639932  0.353553  0.067175
    0.165    1.951    4.635    6.255   22.770   23.830   26.206   26.380
           -0.638164  0.353553  0.068943
    0.135    1.949    4.650    6.293   22.742   23.811   26.241   26.407
           -0.636396  0.353553  0.070711
    0.106    1.946    4.666    6.331   22.714   23.793   26.275   26.435
           -0.634628  0.353553  0.072478
    0.076    1.942    4.684    6.369   22.686   23.775   26.309   26.463
           -0.632861  0.353553  0.074246
    0.047    1.938    4.702    6.407   22.658   23.756   26.343   26.492
           -0.631093  0.353553  0.076014
    0.018    1.932    4.722    6.445   22.630   23.737   26.377   26.520
           -0.629325  0.353553  0.077782
   -0.011    1.925    4.743    6.484   22.603   23.718   26.410   26.548
           -0.627557  0.353553  0.079550
   -0.040    1.918    4.765    6.522   22.576   23.699   26.444   26.577
           -0.625790  0.353553  0.081317
   -0.069    1.910    4.789    6.561   22.549   23.679   26.477   26.605
           -0.624022  0.353553  0.083085
   -0.098    1.901    4.813    6.599   22.522   23.660   26.510   26.633
           -0.622254  0.353553  0.084853
   -0.127    1.891    4.838    6.638   22.496   23.640   26.542   26.662
           -0.620486  0.353553  0.086621
   -0.155    1.880    4.865    6.676   22.470   23.621   26.574   26.690
           -0.618718  0.353553  0.088388
   -0.184    1.869    4.892    6.715   22.444   23.601   26.606   26.719
           -0.616951  0.353553  0.090156
   -0.212    1.857    4.921    6.754   22.419   23.582   26.637   26.747
           -0.615183  0.353553  0.091924
   -0.240    1.845    4.950    6.792   22.393   23.562   26.667   26.776
           -0.613415  0.353553  0.093692
   -0.268    1.832    4.980    6.831   22.369   23.542   26.696   26.805
           -0.611647  0.353553  0.095459
   -0.296    1.818    5.012    6.870   22.344   23.523   26.725   26.833
           -0.609880  0.353553  0.097227
   -0.323    1.804    5.044    6.909   22.319   23.503   26.753   26.862
           -0.608112  0.353553  0.098995
   -0.351    1.790    5.076    6.947   22.295   23.483   26.780   26.890
           -0.606344  0.353553  0.100763
   -0.378    1.774    5.110    6.986   22.272   23.463   26.806   26.919
           -0.604576  0.353553  0.102530
   -0.405    1.759    5.144    7.025   22.248   23.444   26.831   26.947
           -0.602809  0.353553  0.104298
   -0.432    1.743    5.179    7.064   22.225   23.424   26.855   26.976
           -0.601041  0.353553  0.106066
   -0.459    1.727    5.214    7.103   22.202   23.404   26.878   27.005
           -0.599273  0.353553  0.107834
   -0.486    1.710    5.251    7.141   22.180   23.385   26.899   27.033
           -0.597505  0.353553  0.109602
   -0.513    1.693    5.288    7.180   22.157   23.365   26.919   27.061
           -0.595737  0.353553  0.111369
   -0.539    1.676    5.325    7.219   22.135   23.346   26.938   27.090
           -0.593970  0.353553  0.113137
   -0.566    1.658    5.363    7.258   22.114   23.326   26.955   27.118
           -0.592202  0.353553  0.114905
   -0.592    1.640    5.402    7.297   22.093   23.307   26.971   27.146
           -0.590434  0.353553  0.116673
   -0.618    1.622    5.441    7.335   22.072   23.288   26.985   27.175
           -0.588666  0.353553  0.118440
   -0.644    1.604    5.480    7.374   22.051   23.268   26.997   27.203
           -0.586899  0.353553  0.120208
   -0.669    1.586    5.520    7.412   22.031   23.249   27.007   27.231
           -0.585131  0.353553  0.121976
   -0.695    1.567    5.561    7.451   22.011   23.230   27.016   27.259
           -0.583363  0.353553  0.123744
   -0.720    1.548    5.602    7.489   21.991   23.211   27.023   27.287
           -0.581595  0.353553  0.125511
   -0.745    1.529    5.643    7.528   21.972   23.192   27.027   27.315
           -0.579828  0.353553  0.127279
   -0.770    1.510    5.685    7.566   21.953   23.173   27.030   27.342
           -0.578060  0.353553  0.129047
   -0.795    1.491    5.727    7.604   21.934   23.154   27.031   27.370
           -0.576292  0.353553  0.130815
   -0.820    1.471    5.770    7.643   21.916   23.136   27.029   27.398
           -0.574524  0.353553  0.132583
   -0.844    1.452    5.813    7.681   21.898   23.117   27.026   27.425
           -0.572756  0.353553  0.134350
   -0.869    1.433    5.856    7.719   21.881   23.098   27.020   27.452
           -0.570989  0.353553  0.136118
   -0.893    1.413    5.900    7.757   21.863   23.080   27.012   27.480
           -0.569221  0.353553  0.137886
   -0.917    1.393    5.944    7.795   21.846   23.062   27.001   27.507
           -0.567453  0.353553  0.139654
   -0.940    1.374    5.988    7.832   21.830   23.043   26.989   27.534
           -0.565685  0.353553  0.141421
   -0.964    1.354    6.033    7.870   21.814   23.025   26.974   27.560
           -0.563918  0.353553  0.143189
   -0.988    1.334    6.078    7.908   21.798   23.007   26.957   27.587
           -0.562150  0.353553  0.144957
   -1.011    1.315    6.123    7.945   21.783   22.989   26.938   27.614
           -0.560382  0.353553  0.146725
   -1.034    1.295    6.168    7.982   21.767   22.971   26.917   27.640
           -0.558614  0.353553  0.148492
   -1.057    1.275    6.214    8.020   21.753   22.954   26.894   27.666
           -0.556847  0.353553  0.150260
   -1.080    1.255    6.260    8.057   21.738   22.936   26.868   27.692
           -0.555079  0.353553  0.152028
   -1.102    1.236    6.306    8.094   21.724   22.919   26.841   27.718
           -0.553311  0.353553  0.153796
   -1.125    1.216    6.352    8.130   21.711   22.901   26.811   27.744
           -0.551543  0.353553  0.155563
   -1.147    1.197    6.399    8.167   21.697   22.884   26.780   27.770
           -0.549776  0.353553  0.157331
   -1.169    1.177    6.445    8.203   21.684   22.867   26.746   27.795
           -0.548008  0.353553  0.159099
   -1.191    1.157    6.492    8.240   21.672   22.850   26.711   27.820
           -0.546240  0.353553  0.160867
   -1.212    1.138    6.539    8.276   21.660   22.833   26.674   27.845
           -0.544472  0.353553  0.162635
   -1.234    1.119    6.587    8.312   21.648   22.816   26.636   27.870
           -0.542704  0.353553  0.164402
   -1.255    1.099    6.634    8.348   21.636   22.800   26.596   27.895
           -0.540937  0.353553  0.166170
   -1.276    1.080    6.682    8.384   21.625   22.783   26.554   27.919
           -0.539169  0.353553  0.167938
   -1.297    1.061    6.729    8.419   21.614   22.767   26.511   27.943
           -0.537401  0.353553  0.169706
   -1.318    1.042    6.777    8.454   21.604   22.750   26.466   27.967
           -0.535633  0.353553  0.171473
   -1.339    1.023    6.825    8.490   21.594   22.734   26.421   27.991
           -0.533866  0.353553  0.173241
   -1.359    1.004    6.873    8.525   21.584   22.718   26.374   28.015
           -0.532098  0.353553  0.175009
   -1.379    0.985    6.921    8.559   21.575   22.702   26.325   28.038
           -0.530330  0.353553  0.176777
   -1.399    0.966    6.969    8.594   21.566   22.687   26.276   28.061
           -0.528562  0.353553  0.178544
   -1.419    0.948    7.018    8.628   21.557   22.671   26.226   28.084
           -0.526795  0.353553  0.180312
   -1.439    0.929    7.066    8.662   21.549   22.655   26.174   28.106
           -0.525027  0.353553  0.182080
   -1.458    0.911    7.115    8.696   21.541   22.640   26.122   28.129
           -0.523259  0.353553  0.183848
   -1.477    0.893    7.163    8.730   21.533   22.625   26.069   28.151
           -0.521491  0.353553  0.185616
   -1.496    0.875    7.212    8.764   21.526   22.610   26.015   28.172
           -0.519723  0.353553  0.187383
   -1.515    0.857    7.260    8.797   21.519   22.595   25.960   28.194
           -0.517956  0.353553  0.189151
   -1.534    0.839    7.309    8.830   21.513   22.580   25.905   28.215
           -0.516188  0.353553  0.190919
   -1.552    0.821    7.358    8.863   21.507   22.565   25.849   28.236
           -0.514420  0.353553  0.192687
   -1.571    0.803    7.406    8.895   21.501   22.551   25.792   28.257
           -0.512652  0.353553  0.194454
   -1.589    0.786    7.455    8.928   21.495   22.536   25.735   28.277
           -0.510885  0.353553  0.196222
   -1.607    0.769    7.504    8.960   21.490   22.522   25.677   28.297
           -0.509117  0.353553  0.197990
   -1.624    0.752    7.553    8.991   21.485   22.508   25.619   28.317
           -0.507349  0.353553  0.199758
   -1.642    0.734    7.601    9.023   21.481   22.494   25.560   28.337
           -0.505581  0.353553  0.201525
   -1.659    0.718    7.650    9.054   21.477   22.480   25.501   28.356
           -0.503814  0.353553  0.203293
   -1.676    0.701    7.699    9.085   21.473   22.466   25.442   28.375
           -0.502046  0.353553  0.205061
   -1.693    0.684    7.747    9.116   21.470   22.453   25.383   28.393
           -0.500278  0.353553  0.206829
   -1.710    0.668    7.796    9.147   21.467   22.439   25.323   28.411
           -0.498510  0.353553  0.208597
   -1.727    0.652    7.844    9.177   21.464   22.426   25.263   28.429
           -0.496743  0.353553  0.210364
   -1.743    0.635    7.893    9.207   21.461   22.413   25.203   28.447
           -0.494975  0.353553  0.212132
   -1.759    0.620    7.941    9.237   21.459   22.400   25.142   28.464
           -0.493207  0.353553  0.213900
   -1.775    0.604    7.990    9.266   21.457   22.387   25.082   28.481
           -0.491439  0.353553  0.215668
   -1.791    0.588    8.038    9.295   21.456   22.374   25.021   28.497
           -0.489671  0.353553  0.217435
   -1.807    0.573    8.086    9.324   21.455   22.362   24.960   28.514
           -0.487904  0.353553  0.219203
   -1.822    0.557    8.134    9.352   21.454   22.349   24.900   28.530
           -0.486136  0.353553  0.220971
   -1.837    0.542    8.182    9.381   21.453   22.337   24.839   28.545
           -0.484368  0.353553  0.222739
   -1.852    0.527    8.229    9.409   21.453   22.325   24.779   28.560
           -0.482600  0.353553  0.224506
   -1.867    0.513    8.277    9.436   21.453   22.313   24.718   28.575
           -0.480833  0.353553  0.226274
   -1.882    0.498    8.324    9.463   21.453   22.301   24.658   28.590
           -0.479065  0.353553  0.228042
   -1.896    0.484    8.372    9.490   21.453   22.289   24.597   28.604
           -0.477297  0.353553  0.229810
   -1.910    0.469    8.419    9.517   21.454   22.278   24.537   28.617
           -0.475529  0.353553  0.231577
   -1.924    0.455    8.466    9.543   21.455   22.266   24.477   28.631
           -0.473762  0.353553  0.233345
   -1.938    0.441    8.512    9.569   21.457   22.255   24.417   28.644
           -0.471994  0.353553  0.235113
   -1.952    0.428    8.559    9.595   21.458   22.244   24.357   28.656
           -0.470226  0.353553  0.236881
   -1.965    0.414    8.605    9.620   21.460   22.233   24.298   28.669
           -0.468458  0.353553  0.238649
   -1.978    0.401    8.651    9.645   21.462   22.222   24.239   28.681
           -0.466690  0.353553  0.240416
   -1.991    0.388    8.697    9.670   21.464   22.211   24.180   28.692
           -0.464923  0.353553  0.242184
   -2.004    0.375    8.743    9.694   21.467   22.200   24.122   28.704
           -0.463155  0.353553  0.243952
   -2.017    0.362    8.788    9.718   21.470   22.190   24.063   28.714
           -0.461387  0.353553  0.245720
   -2.029    0.349    8.833    9.742   21.473   22.179   24.006   28.725
           -0.459619  0.353553  0.247487
   -2.042    0.337    8.878    9.765   21.476   22.169   23.948   28.735
           -0.457852  0.353553  0.249255
   -2.054    0.325    8.922    9.788   21.479   22.159   23.891   28.745
           -0.456084  0.353553  0.251023
   -2.066    0.312    8.966    9.811   21.483   22.149   23.835   28.754
           -0.454316  0.353553  0.252791
   -2.077    0.301    9.010    9.833   21.486   22.139   23.778   28.764
           -0.452548  0.353553  0.254558
   -2.089    0.289    9.054    9.855   21.490   22.129   23.723   28.772
           -0.450781  0.353553  0.256326
   -2.100    0.278    9.097    9.877   21.494   22.120   23.668   28.781
           -0.449013  0.353553  0.258094
   -2.111    0.266    9.140    9.898   21.498   22.110   23.613   28.789
           -0.447245  0.353553  0.259862
   -2.122    0.255    9.182    9.919   21.503   22.101   23.559   28.796
           -0.445477  0.353553  0.261630
   -2.132    0.244    9.224    9.939   21.507   22.092   23.505   28.804
           -0.443710  0.353553  0.263397
   -2.143    0.234    9.265    9.959   21.512   22.083   23.453   28.811
           -0.441942  0.353553  0.265165
   -2.153    0.223    9.307    9.979   21.517   22.074   23.400   28.818
           -0.440174  0.353553  0.266933
   -2.163    0.213    9.347    9.998   21.522   22.065   23.349   28.824
           -0.438406  0.353553  0.268701
   -2.173    0.203    9.387   10.017   21.527   22.056   23.298   28.830
           -0.436638  0.353553  0.270468
   -2.182    0.193    9.427   10.036   21.532   22.048   23.247   28.836
           -0.434871  0.353553  0.272236
   -2.192    0.183    9.467   10.054   21.537   22.039   23.198   28.841
           -0.433103  0.353553  0.274004
   -2.201    0.174    9.505   10.072   21.542   22.031   23.149   28.847
           -0.431335  0.353553  0.275772
   -2.210    0.164    9.544   10.090   21.548   22.022   23.101   28.852
           -0.429567  0.353553  0.277539
   -2.219    0.155    9.581   10.107   21.553   22.014   23.053   28.856
           -0.427800  0.353553  0.279307
   -2.228    0.146    9.618   10.124   21.559   22.006   23.007   28.861
           -0.426032  0.353553  0.281075
   -2.236    0.138    9.655   10.140   21.564   21.998   22.961   28.865
           -0.424264  0.353553  0.282843
   -2.244    0.129    9.691   10.156   21.570   21.990   22.916   28.868
           -0.422496  0.353553  0.284610
   -2.252    0.121    9.726   10.171   21.575   21.982   22.872   28.872
           -0.420729  0.353553  0.286378
   -2.260    0.113    9.761   10.187   21.581   21.974   22.829   28.875
           -0.418961  0.353553  0.288146
   -2.268    0.105    9.795   10.201   21.587   21.966   22.787   28.878
           -0.417193  0.353553  0.289914
   -2.275    0.097    9.829   10.216   21.592   21.959   22.746   28.881
           -0.415425  0.353553  0.291682
   -2.282    0.090    9.862   10.230   21.598   21.951   22.706   28.884
           -0.413657  0.353553  0.293449
   -2.289    0.083    9.894   10.244   21.603   21.943   22.667   28.886
           -0.411890  0.353553  0.295217
   -2.296    0.076    9.926   10.257   21.609   21.936   22.629   28.889
           -0.410122  0.353553  0.296985
   -2.303    0.069    9.956   10.270   21.614   21.928   22.593   28.891
           -0.408354  0.353553  0.298753
   -2.309    0.062    9.986   10.282   21.620   21.920   22.557   28.892
           -0.406586  0.353553  0.300520
   -2.315    0.056   10.016   10.294   21.625   21.912   22.522   28.894
           -0.404819  0.353553  0.302288
   -2.321    0.050   10.044   10.306   21.630   21.905   22.489   28.896
           -0.403051  0.353553  0.304056
   -2.327    0.043   10.072   10.317   21.636   21.897   22.457   28.897
           -0.401283  0.353553  0.305824
   -2.333    0.038   10.099   10.328   21.641   21.889   22.426   28.898
           -0.399515  0.353553  0.307591
   -2.338    0.032   10.125   10.339   21.646   21.881   22.397   28.899
           -0.397748  0.353553  0.309359
   -2.343    0.027   10.150   10.349   21.651   21.873   22.368   28.900
           -0.395980  0.353553  0.311127
   -2.348    0.022   10.175   10.359   21.656   21.865   22.342   28.901
           -0.394212  0.353553  0.312895
   -2.353    0.017   10.198   10.368   21.660   21.857   22.316   28.902
           -0.392444  0.353553  0.314663
   -2.358    0.012   10.221   10.377   21.665   21.849   22.292   28.902
           -0.390676  0.353553  0.316430
   -2.362    0.007   10.243   10.386   21.669   21.840   22.269   28.903
           -0.388909  0.353553  0.318198
   -2.366    0.003   10.264   10.394   21.673   21.832   22.247   28.903
           -0.387141  0.353553  0.319966
   -2.370   -0.001   10.284   10.402   21.678   21.824   22.227   28.903
           -0.385373  0.353553  0.321734
   -2.374   -0.005   10.303   10.409   21.681   21.815   22.209   28.904
           -0.383605  0.353553  0.323501
   -2.378   -0.009   10.321   10.416   21.685   21.807   22.191   28.904
           -0.381838  0.353553  0.325269
   -2.381   -0.012   10.338   10.422   21.689   21.799   22.175   28.904
           -0.380070  0.353553  0.327037
   -2.384   -0.016   10.354   10.429   21.692   21.791   22.161   28.904
           -0.378302  0.353553  0.328805
   -2.387   -0.019   10.369   10.434   21.696   21.783   22.147   28.904
           -0.376534  0.353553  0.330572
   -2.390   -0.022   10.384   10.440   21.699   21.775   22.135   28.904
           -0.374767  0.353553  0.332340
   -2.392   -0.024   10.397   10.445   21.701   21.767   22.124   28.904
           -0.372999  0.353553  0.334108
   -2.395   -0.027   10.409   10.449   21.704   21.760   22.114   28.904
           -0.371231  0.353553  0.335876
   -2.397   -0.029   10.420   10.454   21.706   21.753   22.105   28.904
           -0.369463  0.353553  0.337643
   -2.399   -0.031   10.430   10.457   21.709   21.747   22.097   28.904
           -0.367696  0.353553  0.339411
   -2.400   -0.033   10.439   10.461   21.711   21.741   22.090   28.904
           -0.365928  0.353553  0.341179
   -2.402   -0.034   10.447   10.464   21.712   21.736   22.084   28.904
           -0.364160  0.353553  0.342947
   -2.403   -0.036   10.454   10.466   21.714   21.731   22.079   28.904
           -0.362392  0.353553  0.344715
   -2.404   -0.037   10.460   10.469   21.715   21.727   22.075   28.904
           -0.360624  0.353553  0.346482
   -2.405   -0.038   10.465   10.470   21.716   21.724   22.071   28.904
           -0.358857  0.353553  0.348250
   -2.406   -0.039   10.469   10.472   21.717   21.721   22.068   28.904
           -0.357089  0.353553  0.350018
   -2.406   -0.039   10.471   10.473   21.718   21.720   22.067   28.904
           -0.355321  0.353553  0.351786
   -2.407   -0.039   10.473   10.473   21.718   21.718   22.065   28.904
           -0.353553  0.353553  0.353553
   -2.407   -0.039   10.473   10.473   21.718   21.718   22.065   28.904
           -0.354437  0.354437  0.351786
   -2.407   -0.039   10.473   10.473   21.718   21.718   22.065   28.904
           -0.355321  0.355321  0.350018
   -2.407   -0.039   10.472   10.473   21.718   21.719   22.066   28.904
           -0.356205  0.356205  0.348250
   -2.406   -0.039   10.470   10.472   21.717   21.721   22.068   28.904
           -0.357089  0.357089  0.346482
   -2.406   -0.038   10.467   10.471   21.717   21.723   22.070   28.904
           -0.357973  0.357973  0.344715
   -2.405   -0.037   10.463   10.470   21.716   21.725   22.072   28.904
           -0.358857  0.358857  0.342947
   -2.404   -0.037   10.459   10.468   21.715   21.728   22.075   28.904
           -0.359741  0.359741  0.341179
   -2.403   -0.036   10.454   10.466   21.713   21.732   22.079   28.904
           -0.360624  0.360624  0.339411
   -2.402   -0.034   10.448   10.464   21.712   21.736   22.084   28.904
           -0.361508  0.361508  0.337643
   -2.401   -0.033   10.441   10.461   21.710   21.741   22.089   28.904
           -0.362392  0.362392  0.335876
   -2.399   -0.032   10.433   10.459   21.708   21.746   22.094   28.904
           -0.363276  0.363276  0.334108
   -2.398   -0.030   10.425   10.455   21.706   21.752   22.101   28.904
           -0.364160  0.364160  0.332340
   -2.396   -0.028   10.416   10.452   21.703   21.759   22.108   28.904
           -0.365044  0.365044  0.330572
   -2.394   -0.026   10.406   10.448   21.700   21.766   22.116   28.904
           -0.365928  0.365928  0.328805
   -2.392   -0.024   10.395   10.444   21.696   21.774   22.124   28.904
           -0.366812  0.366812  0.327037
   -2.390   -0.022   10.383   10.440   21.693   21.782   22.134   28.904
           -0.367696  0.367696  0.325269
   -2.387   -0.019   10.371   10.436   21.689   21.791   22.144   28.904
           -0.368579  0.368579  0.323501
   -2.385   -0.016   10.358   10.431   21.684   21.800   22.154   28.904
           -0.369463  0.369463  0.321734
   -2.382   -0.014   10.344   10.426   21.679   21.810   22.166   28.904
           -0.370347  0.370347  0.319966
   -2.379   -0.011   10.330   10.420   21.674   21.820   22.178   28.904
           -0.371231  0.371231  0.318198
   -2.376   -0.008   10.314   10.414   21.668   21.831   22.191   28.904
           -0.372115  0.372115  0.316430
   -2.373   -0.004   10.298   10.408   21.662   21.843   22.205   28.904
           -0.372999  0.372999  0.314663
   -2.370   -0.001   10.282   10.402   21.656   21.855   22.219   28.903
           -0.373883  0.373883  0.312895
   -2.367    0.003   10.264   10.396   21.649   21.867   22.235   28.903
           -0.374767  0.374767  0.311127
   -2.363    0.006   10.246   10.389   21.642   21.880   22.251   28.903
           -0.375650  0.375650  0.309359
   -2.359    0.010   10.227   10.382   21.634   21.894   22.268   28.902
           -0.376534  0.376534  0.307591
   -2.355    0.014   10.207   10.375   21.626   21.908   22.285   28.902
           -0.377418  0.377418  0.305824
   -2.351    0.018   10.187   10.367   21.617   21.923   22.303   28.901
           -0.378302  0.378302  0.304056
   -2.347    0.023   10.166   10.359   21.609   21.938   22.322   28.901
           -0.379186  0.379186  0.302288
   -2.343    0.027   10.144   10.351   21.600   21.954   22.342   28.900
           -0.380070  0.380070  0.300520
   -2.338    0.032   10.122   10.343   21.590   21.970   22.363   28.899
           -0.380954  0.380954  0.298753
   -2.334    0.037   10.099   10.334   21.580   21.987   22.384   28.898
           -0.381838  0.381838  0.296985
   -2.329    0.042   10.075   10.325   21.570   22.004   22.405   28.897
           -0.382722  0.382722  0.295217
   -2.324    0.047   10.051   10.316   21.560   22.022   22.428   28.896
           -0.383605  0.383605  0.293449
   -2.319    0.052   10.026   10.307   21.549   22.040   22.451   28.895
           -0.384489  0.384489  0.291682
   -2.313    0.058   10.000   10.297   21.537   22.059   22.475   28.893
           -0.385373  0.385373  0.289914
   -2.308    0.063    9.974   10.288   21.526   22.078   22.499   28.891
           -0.386257  0.386257  0.288146
   -2.302    0.069    9.947   10.278   21.514   22.098   22.524   28.890
           -0.387141  0.387141  0.286378
   -2.297    0.075    9.920   10.267   21.502   22.118   22.549   28.888
           -0.388025  0.388025  0.284610
   -2.291    0.081    9.892   10.257   21.490   22.139   22.576   28.886
           -0.388909  0.388909  0.282843
   -2.285    0.087    9.863   10.246   21.477   22.160   22.602   28.884
           -0.389793  0.389793  0.281075
   -2.279    0.094    9.834   10.235   21.464   22.182   22.630   28.881
           -0.390676  0.390676  0.279307
   -2.272    0.100    9.804   10.224   21.451   22.204   22.658   28.879
           -0.391560  0.391560  0.277539
   -2.266    0.107    9.774   10.213   21.437   22.226   22.686   28.876
           -0.392444  0.392444  0.275772
   -2.259    0.114    9.743   10.201   21.423   22.249   22.715   28.873
           -0.393328  0.393328  0.274004
   -2.253    0.121    9.712   10.190   21.409   22.273   22.745   28.870
           -0.394212  0.394212  0.272236
   -2.246    0.128    9.680   10.178   21.395   22.297   22.775   28.866
           -0.395096  0.395096  0.270468
   -2.239    0.135    9.648   10.166   21.381   22.321   22.806   28.863
           -0.395980  0.395980  0.268701
   -2.231    0.143    9.615   10.153   21.366   22.346   22.837   28.859
           -0.396864  0.396864  0.266933
   -2.224    0.150    9.581   10.141   21.351   22.371   22.868   28.855
           -0.397748  0.397748  0.265165
   -2.216    0.158    9.547   10.128   21.336   22.397   22.901   28.851
           -0.398631  0.398631  0.263397
   -2.209    0.166    9.513   10.115   21.320   22.423   22.933   28.846
           -0.399515  0.399515  0.261630
   -2.201    0.174    9.478   10.102   21.305   22.449   22.966   28.841
           -0.400399  0.400399  0.259862
   -2.193    0.182    9.443   10.089   21.289   22.476   23.000   28.836
           -0.401283  0.401283  0.258094
   -2.185    0.191    9.407   10.076   21.273   22.503   23.034   28.831
           -0.402167  0.402167  0.256326
   -2.176    0.199    9.371   10.062   21.257   22.531   23.068   28.825
           -0.403051  0.403051  0.254558
   -2.168    0.208    9.334   10.048   21.241   22.559   23.103   28.819
           -0.403935  0.403935  0.252791
   -2.159    0.217    9.297   10.034   21.224   22.587   23.139   28.813
           -0.404819  0.404819  0.251023
   -2.151    0.226    9.259   10.020   21.207   22.616   23.174   28.806
           -0.405703  0.405703  0.249255
   -2.142    0.235    9.221   10.006   21.191   22.645   23.211   28.799
           -0.406586  0.406586  0.247487
   -2.133    0.244    9.183    9.992   21.174   22.675   23.247   28.792
           -0.407470  0.407470  0.245720
   -2.124    0.253    9.144    9.978   21.157   22.705   23.284   28.784
           -0.408354  0.408354  0.243952
   -2.114    0.263    9.105    9.963   21.139   22.735   23.322   28.776
           -0.409238  0.409238  0.242184
   -2.105    0.273    9.066    9.948   21.122   22.766   23.359   28.768
           -0.410122  0.410122  0.240416
   -2.095    0.282    9.026    9.933   21.104   22.797   23.397   28.759
           -0.411006  0.411006  0.238649
   -2.085    0.292    8.986    9.918   21.087   22.828   23.436   28.750
           -0.411890  0.411890  0.236881
   -2.075    0.302    8.945    9.903   21.069   22.860   23.475   28.741
           -0.412774  0.412774  0.235113
   -2.065    0.313    8.904    9.888   21.051   22.892   23.514   28.731
           -0.413657  0.413657  0.233345
   -2.055    0.323    8.863    9.873   21.033   22.924   23.554   28.721
           -0.414541  0.414541  0.231577
   -2.045    0.334    8.821    9.857   21.015   22.957   23.593   28.710
           -0.415425  0.415425  0.229810
   -2.034    0.344    8.779    9.842   20.997   22.990   23.634   28.700
           -0.416309  0.416309  0.228042
   -2.023    0.355    8.737    9.826   20.978   23.023   23.674   28.688
           -0.417193  0.417193  0.226274
   -2.013    0.366    8.695    9.810   20.960   23.056   23.715   28.676
           -0.418077  0.418077  0.224506
   -2.002    0.377    8.652    9.795   20.941   23.090   23.756   28.664
           -0.418961  0.418961  0.222739
   -1.990    0.389    8.609    9.779   20.923   23.124   23.797   28.652
           -0.419845  0.419845  0.220971
   -1.979    0.400    8.565    9.763   20.904   23.159   23.839   28.639
           -0.420729  0.420729  0.219203
   -1.968    0.411    8.522    9.747   20.886   23.193   23.881   28.625
           -0.421612  0.421612  0.217435
   -1.956    0.423    8.478    9.730   20.867   23.228   23.923   28.611
           -0.422496  0.422496  0.215668
   -1.944    0.435    8.434    9.714   20.848   23.264   23.966   28.597
           -0.423380  0.423380  0.213900
   -1.933    0.447    8.389    9.698   20.829   23.299   24.008   28.582
           -0.424264  0.424264  0.212132
   -1.920    0.459    8.345    9.681   20.810   23.335   24.051   28.566
           -0.425148  0.425148  0.210364
   -1.908    0.471    8.300    9.665   20.791   23.371   24.095   28.551
           -0.426032  0.426032  0.208597
   -1.896    0.484    8.255    9.648   20.772   23.407   24.138   28.534
           -0.426916  0.426916  0.206829
   -1.884    0.496    8.209    9.632   20.753   23.444   24.182   28.518
           -0.427800  0.427800  0.205061
   -1.871    0.509    8.164    9.615   20.734   23.480   24.226   28.500
           -0.428683  0.428683  0.203293
   -1.858    0.521    8.118    9.598   20.715   23.517   24.270   28.483
           -0.429567  0.429567  0.201525
   -1.845    0.534    8.072    9.581   20.696   23.554   24.314   28.464
           -0.430451  0.430451  0.199758
   -1.832    0.547    8.026    9.565   20.676   23.592   24.359   28.446
           -0.431335  0.431335  0.197990
   -1.819    0.560    7.980    9.548   20.657   23.629   24.404   28.427
           -0.432219  0.432219  0.196222
   -1.806    0.574    7.933    9.531   20.638   23.667   24.449   28.407
           -0.433103  0.433103  0.194454
   -1.792    0.587    7.887    9.514   20.619   23.705   24.494   28.387
           -0.433987  0.433987  0.192687
   -1.778    0.600    7.840    9.497   20.600   23.743   24.539   28.366
           -0.434871  0.434871  0.190919
   -1.765    0.614    7.793    9.480   20.580   23.782   24.585   28.345
           -0.435755  0.435755  0.189151
   -1.751    0.628    7.746    9.463   20.561   23.820   24.630   28.323
           -0.436638  0.436638  0.187383
   -1.737    0.642    7.699    9.446   20.542   23.859   24.676   28.301
           -0.437522  0.437522  0.185616
   -1.722    0.656    7.651    9.429   20.523   23.898   24.722   28.278
           -0.438406  0.438406  0.183848
   -1.708    0.670    7.604    9.411   20.503   23.937   24.768   28.255
           -0.439290  0.439290  0.182080
   -1.694    0.684    7.556    9.394   20.484   23.976   24.814   28.231
           -0.440174  0.440174  0.180312
   -1.679    0.698    7.508    9.377   20.465   24.015   24.861   28.207
           -0.441058  0.441058  0.178544
   -1.664    0.713    7.460    9.360   20.446   24.055   24.907   28.182
           -0.441942  0.441942  0.176777
   -1.649    0.727    7.412    9.343   20.427   24.094   24.954   28.157
           -0.442826  0.442826  0.175009
   -1.634    0.742    7.364    9.326   20.408   24.134   25.001   28.131
           -0.443710  0.443710  0.173241
   -1.619    0.756    7.316    9.308   20.388   24.174   25.047   28.104
           -0.444593  0.444593  0.171473
   -1.603    0.771    7.268    9.291   20.369   24.214   25.094   28.078
           -0.445477  0.445477  0.169706
   -1.588    0.786    7.220    9.274   20.350   24.254   25.141   28.050
           -0.446361  0.446361  0.167938
   -1.572    0.801    7.171    9.257   20.331   24.294   25.188   28.023
           -0.447245  0.447245  0.166170
   -1.556    0.817    7.123    9.240   20.312   24.334   25.235   27.994
           -0.448129  0.448129  0.164402
   -1.541    0.832    7.074    9.222   20.293   24.374   25.283   27.965
           -0.449013  0.449013  0.162635
   -1.524    0.847    7.026    9.205   20.275   24.415   25.330   27.936
           -0.449897  0.449897  0.160867
   -1.508    0.863    6.977    9.188   20.256   24.455   25.377   27.907
           -0.450781  0.450781  0.159099
   -1.492    0.878    6.928    9.171   20.237   24.496   25.424   27.876
           -0.451664  0.451664  0.157331
   -1.475    0.894    6.880    9.154   20.218   24.536   25.472   27.846
           -0.452548  0.452548  0.155563
   -1.459    0.909    6.831    9.137   20.199   24.577   25.519   27.815
           -0.453432  0.453432  0.153796
   -1.442    0.925    6.782    9.120   20.181   24.618   25.566   27.783
           -0.454316  0.454316  0.152028
   -1.425    0.941    6.733    9.102   20.162   24.658   25.614   27.751
           -0.455200  0.455200  0.150260
   -1.408    0.957    6.684    9.085   20.144   24.699   25.661   27.719
           -0.456084  0.456084  0.148492
   -1.391    0.973    6.636    9.068   20.125   24.740   25.708   27.687
           -0.456968  0.456968  0.146725
   -1.373    0.989    6.587    9.051   20.107   24.781   25.755   27.654
           -0.457852  0.457852  0.144957
   -1.356    1.005    6.538    9.035   20.089   24.822   25.802   27.620
           -0.458736  0.458736  0.143189
   -1.338    1.021    6.489    9.018   20.070   24.863   25.849   27.587
           -0.459619  0.459619  0.141421
   -1.321    1.038    6.441    9.001   20.052   24.903   25.896   27.553
           -0.460503  0.460503  0.139654
   -1.303    1.054    6.392    8.984   20.034   24.944   25.943   27.519
           -0.461387  0.461387  0.137886
   -1.285    1.070    6.343    8.967   20.016   24.985   25.989   27.484
           -0.462271  0.462271  0.136118
   -1.266    1.087    6.295    8.950   19.998   25.026   26.035   27.450
           -0.463155  0.463155  0.134350
   -1.248    1.103    6.246    8.934   19.980   25.067   26.081   27.415
           -0.464039  0.464039  0.132583
   -1.230    1.120    6.198    8.917   19.963   25.108   26.127   27.380
           -0.464923  0.464923  0.130815
   -1.211    1.136    6.149    8.901   19.945   25.148   26.172   27.345
           -0.465807  0.465807  0.129047
   -1.192    1.153    6.101    8.884   19.927   25.189   26.216   27.311
           -0.466690  0.466690  0.127279
   -1.174    1.169    6.053    8.868   19.910   25.230   26.260   27.276
           -0.467574  0.467574  0.125511
   -1.155    1.186    6.005    8.851   19.892   25.270   26.303   27.242
           -0.468458  0.468458  0.123744
   -1.136    1.203    5.957    8.835   19.875   25.311   26.345   27.209
           -0.469342  0.469342  0.121976
   -1.116    1.219    5.909    8.818   19.858   25.351   26.386   27.177
           -0.470226  0.470226  0.120208
   -1.097    1.236    5.861    8.802   19.841   25.392   26.425   27.146
           -0.471110  0.471110  0.118440
   -1.078    1.252    5.813    8.786   19.824   25.432   26.461   27.117
           -0.471994  0.471994  0.116673
   -1.058    1.269    5.766    8.770   19.807   25.472   26.495   27.090
           -0.472878  0.472878  0.114905
   -1.038    1.285    5.719    8.754   19.790   25.512   26.524   27.067
           -0.473762  0.473762  0.113137
   -1.018    1.302    5.672    8.738   19.773   25.552   26.548   27.049
           -0.474645  0.474645  0.111369
   -0.998    1.318    5.625    8.722   19.756   25.592   26.565   27.038
           -0.475529  0.475529  0.109602
   -0.978    1.335    5.578    8.706   19.740   25.632   26.574   27.034
           -0.476413  0.476413  0.107834
   -0.958    1.351    5.531    8.690   19.723   25.672   26.575   27.038
           -0.477297  0.477297  0.106066
   -0.938    1.368    5.485    8.675   19.707   25.711   26.567   27.051
           -0.478181  0.478181  0.104298
   -0.917    1.384    5.439    8.659   19.691   25.750   26.551   27.071
           -0.479065  0.479065  0.102530
   -0.897    1.400    5.393    8.644   19.675   25.790   26.529   27.096
           -0.479949  0.479949  0.100763
   -0.876    1.416    5.347    8.628   19.659   25.829   26.502   27.126
           -0.480833  0.480833  0.098995
   -0.855    1.432    5.302    8.613   19.643   25.868   26.471   27.159
           -0.481716  0.481716  0.097227
   -0.834    1.448    5.257    8.597   19.627   25.906   26.438   27.195
           -0.482600  0.482600  0.095459
   -0.813    1.463    5.212    8.582   19.611   25.945   26.403   27.232
           -0.483484  0.483484  0.093692
   -0.792    1.479    5.168    8.567   19.595   25.983   26.365   27.271
           -0.484368  0.484368  0.091924
   -0.771    1.494    5.124    8.552   19.580   26.021   26.327   27.311
           -0.485252  0.485252  0.090156
   -0.750    1.509    5.080    8.537   19.565   26.059   26.287   27.351
           -0.486136  0.486136  0.088388
   -0.728    1.524    5.037    8.522   19.549   26.097   26.247   27.391
           -0.487020  0.487020  0.086621
   -0.707    1.539    4.994    8.507   19.534   26.135   26.205   27.432
           -0.487904  0.487904  0.084853
   -0.685    1.554    4.952    8.493   19.519   26.164   26.172   27.473
           -0.488788  0.488788  0.083085
   -0.663    1.568    4.910    8.478   19.504   26.121   26.209   27.514
           -0.489671  0.489671  0.081317
   -0.641    1.582    4.868    8.464   19.489   26.078   26.246   27.555
           -0.490555  0.490555  0.079550
   -0.620    1.596    4.827    8.449   19.475   26.035   26.283   27.595
           -0.491439  0.491439  0.077782
   -0.597    1.609    4.787    8.435   19.460   25.992   26.320   27.636
           -0.492323  0.492323  0.076014
   -0.575    1.622    4.747    8.421   19.446   25.948   26.356   27.676
           -0.493207  0.493207  0.074246
   -0.553    1.635    4.708    8.407   19.432   25.904   26.392   27.717
           -0.494091  0.494091  0.072478
   -0.531    1.647    4.669    8.393   19.417   25.859   26.427   27.756
           -0.494975  0.494975  0.070711
   -0.509    1.659    4.631    8.379   19.403   25.815   26.463   27.796
           -0.495859  0.495859  0.068943
   -0.486    1.670    4.593    8.365   19.389   25.770   26.498   27.835
           -0.496743  0.496743  0.067175
   -0.464    1.681    4.557    8.351   19.376   25.725   26.533   27.874
           -0.497626  0.497626  0.065407
   -0.441    1.691    4.521    8.338   19.362   25.680   26.567   27.912
           -0.498510  0.498510  0.063640
   -0.419    1.701    4.485    8.324   19.348   25.635   26.602   27.950
           -0.499394  0.499394  0.061872
   -0.396    1.711    4.451    8.311   19.335   25.590   26.636   27.987
           -0.500278  0.500278  0.060104
   -0.373    1.719    4.418    8.298   19.321   25.544   26.670   28.024
           -0.501162  0.501162  0.058336
   -0.351    1.728    4.385    8.284   19.308   25.499   26.703   28.060
           -0.502046  0.502046  0.056569
   -0.328    1.735    4.353    8.271   19.295   25.453   26.736   28.095
           -0.502930  0.502930  0.054801
   -0.305    1.742    4.323    8.259   19.282   25.407   26.769   28.130
           -0.503814  0.503814  0.053033
   -0.282    1.748    4.293    8.246   19.269   25.362   26.801   28.165
           -0.504697  0.504697  0.051265
   -0.260    1.753    4.264    8.233   19.257   25.316   26.833   28.199
           -0.505581  0.505581  0.049497
   -0.237    1.758    4.237    8.220   19.244   25.270   26.865   28.232
           -0.506465  0.506465  0.047730
   -0.214    1.761    4.211    8.208   19.232   25.224   26.897   28.264
           -0.507349  0.507349  0.045962
   -0.191    1.764    4.185    8.196   19.219   25.178   26.928   28.296
           -0.508233  0.508233  0.044194
   -0.168    1.766    4.161    8.183   19.207   25.133   26.959   28.327
           -0.509117  0.509117  0.042426
   -0.146    1.768    4.139    8.171   19.195   25.087   26.989   28.357
           -0.510001  0.510001  0.040659
   -0.123    1.768    4.117    8.159   19.183   25.041   27.019   28.386
           -0.510885  0.510885  0.038891
   -0.101    1.767    4.097    8.147   19.172   24.995   27.049   28.415
           -0.511769  0.511769  0.037123
   -0.078    1.766    4.078    8.136   19.160   24.949   27.078   28.442
           -0.512652  0.512652  0.035355
   -0.056    1.763    4.061    8.124   19.149   24.903   27.107   28.469
           -0.513536  0.513536  0.033588
   -0.034    1.760    4.045    8.112   19.137   24.857   27.136   28.495
           -0.514420  0.514420  0.031820
   -0.012    1.755    4.030    8.101   19.126   24.812   27.164   28.521
           -0.515304  0.515304  0.030052
    0.010    1.750    4.017    8.090   19.115   24.766   27.192   28.545
           -0.516188  0.516188  0.028284
    0.032    1.744    4.005    8.079   19.104   24.720   27.219   28.569
           -0.517072  0.517072  0.026517
    0.053    1.737    3.995    8.068   19.093   24.675   27.246   28.591
           -0.517956  0.517956  0.024749
    0.074    1.729    3.986    8.057   19.082   24.629   27.273   28.613
           -0.518840  0.518840  0.022981
    0.095    1.720    3.978    8.046   19.071   24.584   27.299   28.634
           -0.519723  0.519723  0.021213
    0.115    1.711    3.972    8.035   19.061   24.538   27.325   28.654
           -0.520607  0.520607  0.019445
    0.135    1.701    3.967    8.025   19.051   24.493   27.351   28.673
           -0.521491  0.521491  0.017678
    0.155    1.690    3.964    8.014   19.040   24.447   27.376   28.691
           -0.522375  0.522375  0.015910
    0.174    1.679    3.962    8.004   19.030   24.402   27.400   28.708
           -0.523259  0.523259  0.014142
    0.193    1.667    3.961    7.994   19.020   24.357   27.425   28.725
           -0.524143  0.524143  0.012374
    0.210    1.655    3.962    7.984   19.010   24.312   27.449   28.740
           -0.525027  0.525027  0.010607
    0.228    1.643    3.964    7.974   19.001   24.267   27.472   28.755
           -0.525911  0.525911  0.008839
    0.244    1.630    3.967    7.964   18.991   24.223   27.495   28.769
           -0.526795  0.526795  0.007071
    0.260    1.618    3.971    7.955   18.982   24.178   27.518   28.782
           -0.527678  0.527678  0.005303
    0.274    1.605    3.977    7.945   18.972   24.133   27.540   28.794
           -0.528562  0.528562  0.003536
    0.288    1.593    3.984    7.936   18.963   24.089   27.562   28.806
           -0.529446  0.529446  0.001768
    0.300    1.582    3.991    7.927   18.954   24.045   27.583   28.816
           -0.530330  0.530330  0.000000
    0.311    1.571    4.000    7.918   18.945   24.001   27.604   28.826
