
     Program PROJWFC v.7.4.1 starts on 28Jul2026 at 23:15:11 

     This program is part of the open-source Quantum ESPRESSO suite
     for quantum simulation of materials; please cite
         "P. Giannozzi et al., J. Phys.:Condens. Matter 21 395502 (2009);
         "P. Giannozzi et al., J. Phys.:Condens. Matter 29 465901 (2017);
         "P. Giannozzi et al., J. Chem. Phys. 152 154105 (2020);
          URL http://www.quantum-espresso.org", 
     in publications or presentations arising from this work. More details at
     http://www.quantum-espresso.org/quote

     Parallel version (MPI), running on     8 processors

     MPI processes distributed on     1 nodes
     R & G space division:  proc/nbgrp/npool/nimage =       8
     98943 MiB available memory on the printing compute node when the environment starts
 

     Reading xml data from directory:

     ../tmp/diamond-HSE06.save/
     EXX fraction changed:   0.25
     EXX Screening parameter changed:    0.2000000
     file C.pbe-n-kjpaw_psl.1.0.0.UPF: wavefunction(s)  2S 2P renormalized

     IMPORTANT: XC functional enforced from input :
     Exchange-correlation= HSE
                           (   1   4  12   4   0   0   0)
     EXX-fraction              =        0.25
     Any further DFT definition will be discarded
     Please, verify this is what you really want

 
     Parallelization info
     --------------------
     sticks:   dense  smooth     PW     G-vecs:    dense   smooth      PW
     Min          35      35     13                  389      389      87
     Max          36      36     14                  391      391      88
     Sum         283     283    109                 3119     3119     701
 
     Using Slab Decomposition
 

     Check: negative core charge=   -0.000077

     Gaussian broadening (read from input): ngauss,degauss=   0    0.007000


     Calling projwave .... 
     Subspace diagonalization in iterative solution of the eigenvalue problem:
     one sub-group per band group will be used
     scalapack distributed-memory algorithm (size of sub-group:  2*  2 procs)

     linear algebra parallelized on   4 procs
 
  Problem Sizes 
  natomwfc =            8
  nx       =            4
  nbnd     =            8
  nkstot   =          512
  npwx     =           57
  nkb      =           16
 

     Atomic states used for projection
     (read from pseudopotential files):

     state #   1: atom   1 (C  ), wfc  1 (l=0 m= 1)
     state #   2: atom   1 (C  ), wfc  2 (l=1 m= 1)
     state #   3: atom   1 (C  ), wfc  2 (l=1 m= 2)
     state #   4: atom   1 (C  ), wfc  2 (l=1 m= 3)
     state #   5: atom   2 (C  ), wfc  1 (l=0 m= 1)
     state #   6: atom   2 (C  ), wfc  2 (l=1 m= 1)
     state #   7: atom   2 (C  ), wfc  2 (l=1 m= 2)
     state #   8: atom   2 (C  ), wfc  2 (l=1 m= 3)

 k =   0.0000000000  0.0000000000  0.0000000000
==== e(   1) =   -10.12998 eV ==== 
     psi = 0.497*[#   1]+0.497*[#   5]
    |psi|^2 = 0.994
==== e(   2) =    12.75666 eV ==== 
     psi = 0.249*[#   3]+0.249*[#   7]+0.243*[#   4]+0.243*[#   8]+0.003*[#   2]
          +0.003*[#   6]
    |psi|^2 = 0.991
==== e(   3) =    12.75666 eV ==== 
     psi = 0.327*[#   2]+0.327*[#   6]+0.087*[#   4]+0.087*[#   8]+0.081*[#   3]
          +0.081*[#   7]
    |psi|^2 = 0.991
==== e(   4) =    12.82470 eV ==== 
     psi = 0.165*[#   2]+0.165*[#   3]+0.165*[#   4]+0.165*[#   6]+0.165*[#   7]
          +0.165*[#   8]
    |psi|^2 = 0.991
==== e(   5) =    19.61144 eV ==== 
     psi = 0.163*[#   2]+0.163*[#   3]+0.163*[#   4]+0.163*[#   6]+0.163*[#   7]
          +0.163*[#   8]
    |psi|^2 = 0.976
==== e(   6) =    19.66953 eV ==== 
     psi = 0.312*[#   3]+0.312*[#   7]+0.141*[#   4]+0.141*[#   8]+0.035*[#   2]
          +0.035*[#   6]
    |psi|^2 = 0.975
==== e(   7) =    19.66953 eV ==== 
     psi = 0.290*[#   2]+0.290*[#   6]+0.184*[#   4]+0.184*[#   8]+0.013*[#   3]
          +0.013*[#   7]
    |psi|^2 = 0.975
==== e(   8) =    28.32711 eV ==== 
     psi = 0.483*[#   1]+0.483*[#   5]
    |psi|^2 = 0.966

 k =  -0.0883883476  0.0883883476 -0.0883883476
==== e(   1) =    -9.68208 eV ==== 
     psi = 0.420*[#   1]+0.420*[#   5]+0.026*[#   2]+0.026*[#   3]+0.026*[#   4]
          +0.026*[#   6]+0.026*[#   7]+0.026*[#   8]
    |psi|^2 = 0.994
==== e(   2) =    10.31492 eV ==== 
     psi = 0.154*[#   2]+0.154*[#   6]+0.149*[#   3]+0.149*[#   4]+0.149*[#   7]
          +0.149*[#   8]+0.044*[#   1]+0.044*[#   5]
    |psi|^2 = 0.992
==== e(   3) =    12.08295 eV ==== 
     psi = 0.248*[#   3]+0.248*[#   4]+0.248*[#   7]+0.248*[#   8]
    |psi|^2 = 0.993
==== e(   4) =    12.13739 eV ==== 
     psi = 0.328*[#   2]+0.328*[#   6]+0.084*[#   3]+0.084*[#   4]+0.084*[#   7]
          +0.084*[#   8]
    |psi|^2 = 0.993
==== e(   5) =    20.49947 eV ==== 
     psi = 0.313*[#   2]+0.313*[#   6]+0.086*[#   3]+0.086*[#   4]+0.086*[#   7]
          +0.086*[#   8]
    |psi|^2 = 0.972
==== e(   6) =    20.55174 eV ==== 
     psi = 0.243*[#   3]+0.243*[#   4]+0.243*[#   7]+0.243*[#   8]
    |psi|^2 = 0.971
==== e(   7) =    21.07963 eV ==== 
     psi = 0.146*[#   2]+0.146*[#   6]+0.130*[#   3]+0.130*[#   4]+0.130*[#   7]
          +0.130*[#   8]+0.079*[#   1]+0.079*[#   5]
    |psi|^2 = 0.969
==== e(   8) =    28.64776 eV ==== 
     psi = 0.424*[#   1]+0.424*[#   5]+0.016*[#   2]+0.016*[#   3]+0.016*[#   4]
          +0.016*[#   6]+0.016*[#   7]+0.016*[#   8]
    |psi|^2 = 0.945

 k =  -0.1767766953  0.1767766953 -0.1767766953
==== e(   1) =    -8.35505 eV ==== 
     psi = 0.331*[#   1]+0.331*[#   5]+0.055*[#   2]+0.055*[#   6]+0.055*[#   3]
          +0.055*[#   4]+0.055*[#   7]+0.055*[#   8]
    |psi|^2 = 0.993
==== e(   2) =     6.04087 eV ==== 
     psi = 0.129*[#   2]+0.129*[#   6]+0.128*[#   3]+0.128*[#   4]+0.128*[#   7]
          +0.128*[#   8]+0.112*[#   1]+0.112*[#   5]
    |psi|^2 = 0.992
==== e(   3) =    10.95909 eV ==== 
     psi = 0.249*[#   3]+0.249*[#   4]+0.249*[#   7]+0.249*[#   8]
    |psi|^2 = 0.996
==== e(   4) =    11.00874 eV ==== 
     psi = 0.331*[#   2]+0.331*[#   6]+0.083*[#   3]+0.083*[#   4]+0.083*[#   7]
          +0.083*[#   8]
    |psi|^2 = 0.996
==== e(   5) =    21.86852 eV ==== 
     psi = 0.310*[#   2]+0.310*[#   6]+0.083*[#   3]+0.083*[#   4]+0.083*[#   7]
          +0.083*[#   8]
    |psi|^2 = 0.951
==== e(   6) =    21.93226 eV ==== 
     psi = 0.237*[#   3]+0.237*[#   4]+0.237*[#   7]+0.237*[#   8]
    |psi|^2 = 0.950
==== e(   7) =    22.50369 eV ==== 
     psi = 0.225*[#   1]+0.225*[#   5]+0.091*[#   2]+0.091*[#   6]+0.081*[#   3]
          +0.081*[#   4]+0.081*[#   7]+0.081*[#   8]
    |psi|^2 = 0.953
==== e(   8) =    29.40198 eV ==== 
     psi = 0.268*[#   1]+0.268*[#   5]+0.053*[#   2]+0.053*[#   3]+0.053*[#   4]
          +0.053*[#   6]+0.053*[#   7]+0.053*[#   8]
    |psi|^2 = 0.852

 k =  -0.2651650429  0.2651650429 -0.2651650429
==== e(   1) =    -6.16930 eV ==== 
     psi = 0.302*[#   1]+0.302*[#   5]+0.065*[#   2]+0.065*[#   6]+0.065*[#   3]
          +0.065*[#   4]+0.065*[#   7]+0.065*[#   8]
    |psi|^2 = 0.993
==== e(   2) =     1.76268 eV ==== 
     psi = 0.138*[#   1]+0.138*[#   5]+0.120*[#   2]+0.120*[#   6]+0.119*[#   3]
          +0.119*[#   4]+0.119*[#   7]+0.119*[#   8]
    |psi|^2 = 0.992
==== e(   3) =    10.14232 eV ==== 
     psi = 0.249*[#   3]+0.249*[#   4]+0.249*[#   7]+0.249*[#   8]
    |psi|^2 = 0.997
==== e(   4) =    10.19091 eV ==== 
     psi = 0.332*[#   2]+0.332*[#   6]+0.083*[#   3]+0.083*[#   4]+0.083*[#   7]
          +0.083*[#   8]
    |psi|^2 = 0.997
==== e(   5) =    22.47518 eV ==== 
     psi = 0.296*[#   2]+0.296*[#   6]+0.078*[#   3]+0.078*[#   4]+0.078*[#   7]
          +0.078*[#   8]
    |psi|^2 = 0.905
==== e(   6) =    22.55088 eV ==== 
     psi = 0.226*[#   3]+0.226*[#   4]+0.226*[#   7]+0.226*[#   8]
    |psi|^2 = 0.903
==== e(   7) =    23.10588 eV ==== 
     psi = 0.342*[#   1]+0.342*[#   5]+0.046*[#   2]+0.046*[#   6]+0.038*[#   3]
          +0.038*[#   4]+0.038*[#   7]+0.038*[#   8]
    |psi|^2 = 0.925
==== e(   8) =    29.98192 eV ==== 
     psi = 0.119*[#   1]+0.119*[#   5]+0.070*[#   2]+0.070*[#   3]+0.070*[#   4]
          +0.070*[#   6]+0.070*[#   7]+0.070*[#   8]
    |psi|^2 = 0.660

 k =   0.3535533906 -0.3535533906  0.3535533906
==== e(   1) =    -3.89699 eV ==== 
     psi = 0.376*[#   1]+0.376*[#   5]+0.041*[#   2]+0.041*[#   6]+0.041*[#   3]
          +0.041*[#   4]+0.041*[#   7]+0.041*[#   8]
    |psi|^2 = 0.999
==== e(   2) =    -1.28017 eV ==== 
     psi = 0.143*[#   2]+0.143*[#   6]+0.143*[#   3]+0.143*[#   4]+0.143*[#   7]
          +0.143*[#   8]+0.065*[#   1]+0.065*[#   5]
    |psi|^2 = 0.986
==== e(   3) =     9.84338 eV ==== 
     psi = 0.249*[#   3]+0.249*[#   4]+0.249*[#   7]+0.249*[#   8]
    |psi|^2 = 0.998
==== e(   4) =     9.89155 eV ==== 
     psi = 0.332*[#   2]+0.332*[#   6]+0.083*[#   3]+0.083*[#   4]+0.083*[#   7]
          +0.083*[#   8]
    |psi|^2 = 0.998
==== e(   5) =    22.56451 eV ==== 
     psi = 0.289*[#   2]+0.289*[#   6]+0.076*[#   3]+0.076*[#   4]+0.076*[#   7]
          +0.076*[#   8]
    |psi|^2 = 0.882
==== e(   6) =    22.64325 eV ==== 
     psi = 0.220*[#   3]+0.220*[#   4]+0.220*[#   7]+0.220*[#   8]
    |psi|^2 = 0.879
==== e(   7) =    23.22724 eV ==== 
     psi = 0.384*[#   1]+0.384*[#   5]+0.028*[#   2]+0.028*[#   6]+0.021*[#   3]
          +0.021*[#   4]+0.021*[#   7]+0.021*[#   8]
    |psi|^2 = 0.910
==== e(   8) =    30.10311 eV ==== 
     psi = 0.069*[#   2]+0.069*[#   3]+0.069*[#   4]+0.069*[#   6]+0.069*[#   7]
          +0.069*[#   8]+0.069*[#   1]+0.069*[#   5]
    |psi|^2 = 0.554

 k =   0.2651650429 -0.2651650429  0.2651650429
==== e(   1) =    -6.16930 eV ==== 
     psi = 0.302*[#   1]+0.302*[#   5]+0.065*[#   2]+0.065*[#   6]+0.065*[#   3]
          +0.065*[#   4]+0.065*[#   7]+0.065*[#   8]
    |psi|^2 = 0.993
==== e(   2) =     1.76268 eV ==== 
     psi = 0.138*[#   1]+0.138*[#   5]+0.120*[#   2]+0.120*[#   6]+0.119*[#   3]
          +0.119*[#   4]+0.119*[#   7]+0.119*[#   8]
    |psi|^2 = 0.992
==== e(   3) =    10.14232 eV ==== 
     psi = 0.249*[#   3]+0.249*[#   4]+0.249*[#   7]+0.249*[#   8]
    |psi|^2 = 0.997
==== e(   4) =    10.19091 eV ==== 
     psi = 0.332*[#   2]+0.332*[#   6]+0.083*[#   3]+0.083*[#   4]+0.083*[#   7]
          +0.083*[#   8]
    |psi|^2 = 0.997
==== e(   5) =    22.47518 eV ==== 
     psi = 0.296*[#   2]+0.296*[#   6]+0.078*[#   3]+0.078*[#   4]+0.078*[#   7]
          +0.078*[#   8]
    |psi|^2 = 0.905
==== e(   6) =    22.55088 eV ==== 
     psi = 0.226*[#   3]+0.226*[#   4]+0.226*[#   7]+0.226*[#   8]
    |psi|^2 = 0.903
==== e(   7) =    23.10588 eV ==== 
     psi = 0.342*[#   1]+0.342*[#   5]+0.046*[#   2]+0.046*[#   6]+0.038*[#   3]
          +0.038*[#   4]+0.038*[#   7]+0.038*[#   8]
    |psi|^2 = 0.925
==== e(   8) =    29.98192 eV ==== 
     psi = 0.119*[#   1]+0.119*[#   5]+0.070*[#   2]+0.070*[#   3]+0.070*[#   4]
          +0.070*[#   6]+0.070*[#   7]+0.070*[#   8]
    |psi|^2 = 0.660

 k =   0.1767766953 -0.1767766953  0.1767766953
==== e(   1) =    -8.35505 eV ==== 
     psi = 0.331*[#   1]+0.331*[#   5]+0.055*[#   2]+0.055*[#   6]+0.055*[#   3]
          +0.055*[#   4]+0.055*[#   7]+0.055*[#   8]
    |psi|^2 = 0.993
==== e(   2) =     6.04087 eV ==== 
     psi = 0.129*[#   2]+0.129*[#   6]+0.128*[#   3]+0.128*[#   4]+0.128*[#   7]
          +0.128*[#   8]+0.112*[#   1]+0.112*[#   5]
    |psi|^2 = 0.992
==== e(   3) =    10.95909 eV ==== 
     psi = 0.249*[#   3]+0.249*[#   4]+0.249*[#   7]+0.249*[#   8]
    |psi|^2 = 0.996
==== e(   4) =    11.00874 eV ==== 
     psi = 0.331*[#   2]+0.331*[#   6]+0.083*[#   3]+0.083*[#   4]+0.083*[#   7]
          +0.083*[#   8]
    |psi|^2 = 0.996
==== e(   5) =    21.86852 eV ==== 
     psi = 0.310*[#   2]+0.310*[#   6]+0.083*[#   3]+0.083*[#   4]+0.083*[#   7]
          +0.083*[#   8]
    |psi|^2 = 0.951
==== e(   6) =    21.93226 eV ==== 
     psi = 0.237*[#   3]+0.237*[#   4]+0.237*[#   7]+0.237*[#   8]
    |psi|^2 = 0.950
==== e(   7) =    22.50369 eV ==== 
     psi = 0.225*[#   1]+0.225*[#   5]+0.091*[#   2]+0.091*[#   6]+0.081*[#   3]
          +0.081*[#   4]+0.081*[#   7]+0.081*[#   8]
    |psi|^2 = 0.953
==== e(   8) =    29.40198 eV ==== 
     psi = 0.268*[#   1]+0.268*[#   5]+0.053*[#   2]+0.053*[#   3]+0.053*[#   4]
          +0.053*[#   6]+0.053*[#   7]+0.053*[#   8]
    |psi|^2 = 0.852

 k =   0.0883883476 -0.0883883476  0.0883883476
==== e(   1) =    -9.68208 eV ==== 
     psi = 0.420*[#   1]+0.420*[#   5]+0.026*[#   2]+0.026*[#   3]+0.026*[#   4]
          +0.026*[#   6]+0.026*[#   7]+0.026*[#   8]
    |psi|^2 = 0.994
==== e(   2) =    10.31492 eV ==== 
     psi = 0.154*[#   2]+0.154*[#   6]+0.149*[#   3]+0.149*[#   4]+0.149*[#   7]
          +0.149*[#   8]+0.044*[#   1]+0.044*[#   5]
    |psi|^2 = 0.992
==== e(   3) =    12.08295 eV ==== 
     psi = 0.248*[#   3]+0.248*[#   4]+0.248*[#   7]+0.248*[#   8]
    |psi|^2 = 0.993
==== e(   4) =    12.13739 eV ==== 
     psi = 0.328*[#   2]+0.328*[#   6]+0.084*[#   3]+0.084*[#   4]+0.084*[#   7]
          +0.084*[#   8]
    |psi|^2 = 0.993
==== e(   5) =    20.49947 eV ==== 
     psi = 0.313*[#   2]+0.313*[#   6]+0.086*[#   3]+0.086*[#   4]+0.086*[#   7]
          +0.086*[#   8]
    |psi|^2 = 0.972
==== e(   6) =    20.55174 eV ==== 
     psi = 0.243*[#   3]+0.243*[#   4]+0.243*[#   7]+0.243*[#   8]
    |psi|^2 = 0.971
==== e(   7) =    21.07963 eV ==== 
     psi = 0.146*[#   2]+0.146*[#   6]+0.130*[#   3]+0.130*[#   4]+0.130*[#   7]
          +0.130*[#   8]+0.079*[#   1]+0.079*[#   5]
    |psi|^2 = 0.969
==== e(   8) =    28.64776 eV ==== 
     psi = 0.424*[#   1]+0.424*[#   5]+0.016*[#   2]+0.016*[#   3]+0.016*[#   4]
          +0.016*[#   6]+0.016*[#   7]+0.016*[#   8]
    |psi|^2 = 0.945

 k =   0.0883883476  0.0883883476  0.0883883476
==== e(   1) =    -9.68208 eV ==== 
     psi = 0.420*[#   1]+0.420*[#   5]+0.026*[#   2]+0.026*[#   3]+0.026*[#   4]
          +0.026*[#   6]+0.026*[#   7]+0.026*[#   8]
    |psi|^2 = 0.994
==== e(   2) =    10.31492 eV ==== 
     psi = 0.154*[#   3]+0.154*[#   7]+0.149*[#   2]+0.149*[#   4]+0.149*[#   6]
          +0.149*[#   8]+0.044*[#   1]+0.044*[#   5]
    |psi|^2 = 0.992
==== e(   3) =    12.08295 eV ==== 
     psi = 0.248*[#   2]+0.248*[#   4]+0.248*[#   6]+0.248*[#   8]
    |psi|^2 = 0.993
==== e(   4) =    12.13739 eV ==== 
     psi = 0.328*[#   3]+0.328*[#   7]+0.084*[#   2]+0.084*[#   4]+0.084*[#   6]
          +0.084*[#   8]
    |psi|^2 = 0.993
==== e(   5) =    20.49947 eV ==== 
     psi = 0.313*[#   3]+0.313*[#   7]+0.086*[#   2]+0.086*[#   4]+0.086*[#   6]
          +0.086*[#   8]
    |psi|^2 = 0.972
==== e(   6) =    20.55174 eV ==== 
     psi = 0.243*[#   2]+0.243*[#   4]+0.243*[#   6]+0.243*[#   8]
    |psi|^2 = 0.971
==== e(   7) =    21.07963 eV ==== 
     psi = 0.146*[#   3]+0.146*[#   7]+0.130*[#   2]+0.130*[#   4]+0.130*[#   6]
          +0.130*[#   8]+0.079*[#   1]+0.079*[#   5]
    |psi|^2 = 0.969
==== e(   8) =    28.64776 eV ==== 
     psi = 0.424*[#   1]+0.424*[#   5]+0.016*[#   2]+0.016*[#   3]+0.016*[#   4]
          +0.016*[#   6]+0.016*[#   7]+0.016*[#   8]
    |psi|^2 = 0.945

 k =   0.0000000000  0.1767766953  0.0000000000
==== e(   1) =    -9.53229 eV ==== 
     psi = 0.402*[#   1]+0.402*[#   5]+0.095*[#   4]+0.095*[#   8]
    |psi|^2 = 0.994
==== e(   2) =    10.95571 eV ==== 
     psi = 0.249*[#   2]+0.249*[#   3]+0.249*[#   6]+0.249*[#   7]
    |psi|^2 = 0.995
==== e(   3) =    10.98330 eV ==== 
     psi = 0.248*[#   2]+0.248*[#   3]+0.248*[#   6]+0.248*[#   7]+0.001*[#   4]
          +0.001*[#   8]
    |psi|^2 = 0.994
==== e(   4) =    11.51377 eV ==== 
     psi = 0.446*[#   4]+0.446*[#   8]+0.049*[#   1]+0.049*[#   5]
    |psi|^2 = 0.993
==== e(   5) =    19.24934 eV ==== 
     psi = 0.393*[#   4]+0.393*[#   8]+0.093*[#   1]+0.093*[#   5]
    |psi|^2 = 0.973
==== e(   6) =    21.96568 eV ==== 
     psi = 0.242*[#   2]+0.242*[#   3]+0.242*[#   6]+0.242*[#   7]
    |psi|^2 = 0.969
==== e(   7) =    21.98875 eV ==== 
     psi = 0.242*[#   2]+0.242*[#   3]+0.242*[#   6]+0.242*[#   7]
    |psi|^2 = 0.968
==== e(   8) =    28.12362 eV ==== 
     psi = 0.382*[#   1]+0.382*[#   5]+0.047*[#   4]+0.047*[#   8]
    |psi|^2 = 0.859

 k =  -0.0883883476  0.2651650429 -0.0883883476
==== e(   1) =    -8.49786 eV ==== 
     psi = 0.332*[#   1]+0.332*[#   5]+0.136*[#   4]+0.136*[#   8]+0.014*[#   2]
          +0.014*[#   3]+0.014*[#   6]+0.014*[#   7]
    |psi|^2 = 0.993
==== e(   2) =     7.57032 eV ==== 
     psi = 0.158*[#   2]+0.158*[#   6]+0.156*[#   3]+0.156*[#   7]+0.106*[#   4]
          +0.106*[#   8]+0.078*[#   1]+0.078*[#   5]
    |psi|^2 = 0.995
==== e(   3) =     9.78245 eV ==== 
     psi = 0.254*[#   3]+0.254*[#   7]+0.245*[#   2]+0.245*[#   6]
    |psi|^2 = 0.997
==== e(   4) =    10.76031 eV ==== 
     psi = 0.322*[#   4]+0.322*[#   8]+0.072*[#   2]+0.072*[#   6]+0.065*[#   3]
          +0.065*[#   7]+0.039*[#   1]+0.039*[#   5]
    |psi|^2 = 0.996
==== e(   5) =    19.90711 eV ==== 
     psi = 0.331*[#   4]+0.331*[#   8]+0.099*[#   1]+0.099*[#   5]+0.027*[#   2]
          +0.027*[#   6]+0.025*[#   3]+0.025*[#   7]
    |psi|^2 = 0.963
==== e(   6) =    23.63842 eV ==== 
     psi = 0.262*[#   3]+0.262*[#   7]+0.214*[#   2]+0.214*[#   6]+0.001*[#   1]
          +0.001*[#   5]
    |psi|^2 = 0.955
==== e(   7) =    23.66836 eV ==== 
     psi = 0.225*[#   2]+0.225*[#   6]+0.179*[#   3]+0.179*[#   7]+0.072*[#   1]
          +0.072*[#   5]+0.002*[#   4]+0.002*[#   8]
    |psi|^2 = 0.955
==== e(   8) =    27.31171 eV ==== 
     psi = 0.247*[#   1]+0.247*[#   5]+0.063*[#   4]+0.063*[#   8]+0.013*[#   2]
          +0.013*[#   6]+0.012*[#   3]+0.012*[#   7]
    |psi|^2 = 0.671

 k =  -0.1767766953  0.3535533906 -0.1767766953
==== e(   1) =    -6.59019 eV ==== 
     psi = 0.293*[#   1]+0.293*[#   5]+0.140*[#   4]+0.140*[#   8]+0.032*[#   2]
          +0.032*[#   6]+0.032*[#   3]+0.032*[#   7]
    |psi|^2 = 0.993
==== e(   2) =     3.38632 eV ==== 
     psi = 0.143*[#   2]+0.143*[#   6]+0.142*[#   3]+0.142*[#   7]+0.126*[#   1]
          +0.126*[#   5]+0.086*[#   4]+0.086*[#   8]
    |psi|^2 = 0.994
==== e(   3) =     9.09850 eV ==== 
     psi = 0.258*[#   3]+0.258*[#   7]+0.240*[#   2]+0.240*[#   6]
    |psi|^2 = 0.998
==== e(   4) =     9.55049 eV ==== 
     psi = 0.325*[#   4]+0.325*[#   8]+0.075*[#   2]+0.075*[#   6]+0.058*[#   3]
          +0.058*[#   7]+0.040*[#   1]+0.040*[#   5]
    |psi|^2 = 0.997
==== e(   5) =    21.10155 eV ==== 
     psi = 0.300*[#   4]+0.300*[#   8]+0.081*[#   1]+0.081*[#   5]+0.038*[#   2]
          +0.038*[#   6]+0.034*[#   3]+0.034*[#   7]
    |psi|^2 = 0.906
==== e(   6) =    24.30375 eV ==== 
     psi = 0.233*[#   3]+0.233*[#   7]+0.224*[#   2]+0.224*[#   6]
    |psi|^2 = 0.915
==== e(   7) =    24.50232 eV ==== 
     psi = 0.192*[#   1]+0.192*[#   5]+0.136*[#   2]+0.136*[#   6]+0.131*[#   3]
          +0.131*[#   7]
    |psi|^2 = 0.920
==== e(   8) =    27.79217 eV ==== 
     psi = 0.160*[#   1]+0.160*[#   5]+0.081*[#   4]+0.081*[#   8]+0.037*[#   2]
          +0.037*[#   3]+0.037*[#   6]+0.037*[#   7]
    |psi|^2 = 0.632

 k =   0.4419417382 -0.2651650429  0.4419417382
==== e(   1) =    -3.98775 eV ==== 
     psi = 0.324*[#   1]+0.324*[#   5]+0.108*[#   4]+0.108*[#   8]+0.034*[#   2]
          +0.034*[#   6]+0.033*[#   3]+0.033*[#   7]
    |psi|^2 = 0.997
==== e(   2) =    -0.37464 eV ==== 
     psi = 0.146*[#   2]+0.146*[#   6]+0.146*[#   3]+0.146*[#   7]+0.102*[#   1]
          +0.102*[#   5]+0.101*[#   4]+0.101*[#   8]
    |psi|^2 = 0.990
==== e(   3) =     8.50007 eV ==== 
     psi = 0.314*[#   4]+0.314*[#   8]+0.080*[#   3]+0.080*[#   7]+0.066*[#   2]
          +0.066*[#   6]+0.039*[#   1]+0.039*[#   5]
    |psi|^2 = 0.998
==== e(   4) =     9.10497 eV ==== 
     psi = 0.256*[#   2]+0.256*[#   6]+0.243*[#   3]+0.243*[#   7]
    |psi|^2 = 0.998
==== e(   5) =    21.73077 eV ==== 
     psi = 0.277*[#   4]+0.277*[#   8]+0.067*[#   1]+0.067*[#   5]+0.041*[#   2]
          +0.041*[#   6]+0.036*[#   3]+0.036*[#   7]
    |psi|^2 = 0.844
==== e(   6) =    24.00336 eV ==== 
     psi = 0.225*[#   3]+0.225*[#   7]+0.218*[#   2]+0.218*[#   6]
    |psi|^2 = 0.886
==== e(   7) =    24.72318 eV ==== 
     psi = 0.276*[#   1]+0.276*[#   5]+0.078*[#   2]+0.078*[#   6]+0.077*[#   3]
          +0.077*[#   7]+0.014*[#   4]+0.014*[#   8]
    |psi|^2 = 0.889
==== e(   8) =    29.60796 eV ==== 
     psi = 0.108*[#   4]+0.108*[#   8]+0.104*[#   1]+0.104*[#   5]+0.060*[#   3]
          +0.060*[#   7]+0.059*[#   2]+0.059*[#   6]
    |psi|^2 = 0.663

 k =   0.3535533906 -0.1767766953  0.3535533906
==== e(   1) =    -4.86219 eV ==== 
     psi = 0.299*[#   1]+0.299*[#   5]+0.087*[#   2]+0.087*[#   6]+0.087*[#   3]
          +0.087*[#   7]+0.024*[#   4]+0.024*[#   8]
    |psi|^2 = 0.995
==== e(   2) =     0.75363 eV ==== 
     psi = 0.170*[#   4]+0.170*[#   8]+0.125*[#   1]+0.125*[#   5]+0.100*[#   2]
          +0.100*[#   6]+0.100*[#   3]+0.100*[#   7]
    |psi|^2 = 0.992
==== e(   3) =     8.01175 eV ==== 
     psi = 0.296*[#   4]+0.296*[#   8]+0.084*[#   3]+0.084*[#   7]+0.079*[#   2]
          +0.079*[#   6]+0.040*[#   1]+0.040*[#   5]
    |psi|^2 = 0.998
==== e(   4) =     9.79499 eV ==== 
     psi = 0.252*[#   2]+0.252*[#   6]+0.247*[#   3]+0.247*[#   7]
    |psi|^2 = 0.998
==== e(   5) =    22.36402 eV ==== 
     psi = 0.278*[#   4]+0.278*[#   8]+0.056*[#   1]+0.056*[#   5]+0.049*[#   2]
          +0.049*[#   6]+0.039*[#   3]+0.039*[#   7]
    |psi|^2 = 0.844
==== e(   6) =    23.31863 eV ==== 
     psi = 0.231*[#   3]+0.231*[#   7]+0.221*[#   2]+0.221*[#   6]
    |psi|^2 = 0.905
==== e(   7) =    24.60241 eV ==== 
     psi = 0.270*[#   1]+0.271*[#   5]+0.060*[#   4]+0.060*[#   8]+0.057*[#   2]
          +0.057*[#   6]+0.056*[#   3]+0.056*[#   7]
    |psi|^2 = 0.887
==== e(   8) =    29.92089 eV ==== 
     psi = 0.125*[#   1]+0.125*[#   5]+0.094*[#   4]+0.094*[#   8]+0.071*[#   3]
          +0.071*[#   7]+0.071*[#   2]+0.071*[#   6]
    |psi|^2 = 0.723

 k =   0.2651650429 -0.0883883476  0.2651650429
==== e(   1) =    -7.32158 eV ==== 
     psi = 0.302*[#   1]+0.302*[#   5]+0.092*[#   2]+0.092*[#   3]+0.092*[#   6]
          +0.092*[#   7]+0.011*[#   4]+0.011*[#   8]
    |psi|^2 = 0.993
==== e(   2) =     4.80104 eV ==== 
     psi = 0.173*[#   4]+0.173*[#   8]+0.115*[#   1]+0.115*[#   5]+0.105*[#   2]
          +0.105*[#   6]+0.104*[#   3]+0.104*[#   7]
    |psi|^2 = 0.994
==== e(   3) =     8.26547 eV ==== 
     psi = 0.281*[#   4]+0.281*[#   8]+0.088*[#   3]+0.088*[#   7]+0.085*[#   2]
          +0.085*[#   6]+0.044*[#   1]+0.044*[#   5]
    |psi|^2 = 0.996
==== e(   4) =    10.92955 eV ==== 
     psi = 0.250*[#   2]+0.250*[#   6]+0.248*[#   3]+0.248*[#   7]
    |psi|^2 = 0.997
==== e(   5) =    22.22005 eV ==== 
     psi = 0.242*[#   2]+0.242*[#   6]+0.233*[#   3]+0.233*[#   7]
    |psi|^2 = 0.951
==== e(   6) =    22.89416 eV ==== 
     psi = 0.305*[#   4]+0.305*[#   8]+0.060*[#   1]+0.060*[#   5]+0.048*[#   3]
          +0.048*[#   7]+0.039*[#   2]+0.039*[#   6]
    |psi|^2 = 0.904
==== e(   7) =    23.93665 eV ==== 
     psi = 0.169*[#   1]+0.169*[#   5]+0.140*[#   4]+0.140*[#   8]+0.076*[#   2]
          +0.076*[#   6]+0.075*[#   3]+0.075*[#   7]
    |psi|^2 = 0.921
==== e(   8) =    28.74021 eV ==== 
     psi = 0.234*[#   1]+0.234*[#   5]+0.061*[#   2]+0.061*[#   3]+0.061*[#   6]
          +0.061*[#   7]+0.030*[#   4]+0.030*[#   8]
    |psi|^2 = 0.772

 k =   0.1767766953  0.0000000000  0.1767766953
==== e(   1) =    -8.94115 eV ==== 
     psi = 0.355*[#   1]+0.355*[#   5]+0.071*[#   2]+0.071*[#   3]+0.071*[#   6]
          +0.071*[#   7]
    |psi|^2 = 0.993
==== e(   2) =     8.70853 eV ==== 
     psi = 0.155*[#   2]+0.155*[#   3]+0.155*[#   6]+0.155*[#   7]+0.125*[#   4]
          +0.125*[#   8]+0.062*[#   1]+0.062*[#   5]
    |psi|^2 = 0.995
==== e(   3) =     9.42115 eV ==== 
     psi = 0.332*[#   4]+0.332*[#   8]+0.061*[#   2]+0.061*[#   3]+0.061*[#   6]
          +0.061*[#   7]+0.042*[#   1]+0.042*[#   5]
    |psi|^2 = 0.993
==== e(   4) =    12.04028 eV ==== 
     psi = 0.249*[#   2]+0.249*[#   3]+0.249*[#   6]+0.249*[#   7]
    |psi|^2 = 0.995
==== e(   5) =    20.79867 eV ==== 
     psi = 0.242*[#   2]+0.242*[#   3]+0.242*[#   6]+0.242*[#   7]
    |psi|^2 = 0.970
==== e(   6) =    22.28904 eV ==== 
     psi = 0.158*[#   4]+0.158*[#   8]+0.113*[#   2]+0.113*[#   3]+0.113*[#   6]
          +0.113*[#   7]+0.095*[#   1]+0.095*[#   5]
    |psi|^2 = 0.959
==== e(   7) =    22.42688 eV ==== 
     psi = 0.352*[#   4]+0.352*[#   8]+0.046*[#   1]+0.046*[#   5]+0.040*[#   2]
          +0.040*[#   3]+0.040*[#   6]+0.040*[#   7]
    |psi|^2 = 0.957
==== e(   8) =    28.56677 eV ==== 
     psi = 0.338*[#   1]+0.338*[#   5]+0.045*[#   2]+0.045*[#   3]+0.045*[#   6]
          +0.045*[#   7]+0.002*[#   4]+0.002*[#   8]
    |psi|^2 = 0.858

 k =   0.1767766953  0.1767766953  0.1767766953
==== e(   1) =    -8.35505 eV ==== 
     psi = 0.331*[#   1]+0.331*[#   5]+0.055*[#   3]+0.055*[#   7]+0.055*[#   2]
          +0.055*[#   4]+0.055*[#   6]+0.055*[#   8]
    |psi|^2 = 0.993
==== e(   2) =     6.04087 eV ==== 
     psi = 0.129*[#   3]+0.129*[#   7]+0.128*[#   2]+0.128*[#   4]+0.128*[#   6]
          +0.128*[#   8]+0.112*[#   1]+0.112*[#   5]
    |psi|^2 = 0.992
==== e(   3) =    10.95909 eV ==== 
     psi = 0.249*[#   2]+0.249*[#   4]+0.249*[#   6]+0.249*[#   8]
    |psi|^2 = 0.996
==== e(   4) =    11.00874 eV ==== 
     psi = 0.331*[#   3]+0.331*[#   7]+0.083*[#   2]+0.083*[#   4]+0.083*[#   6]
          +0.083*[#   8]
    |psi|^2 = 0.996
==== e(   5) =    21.86852 eV ==== 
     psi = 0.310*[#   3]+0.310*[#   7]+0.083*[#   2]+0.083*[#   4]+0.083*[#   6]
          +0.083*[#   8]
    |psi|^2 = 0.951
==== e(   6) =    21.93226 eV ==== 
     psi = 0.237*[#   2]+0.237*[#   4]+0.237*[#   6]+0.237*[#   8]
    |psi|^2 = 0.950
==== e(   7) =    22.50369 eV ==== 
     psi = 0.225*[#   1]+0.225*[#   5]+0.091*[#   3]+0.091*[#   7]+0.081*[#   2]
          +0.081*[#   4]+0.081*[#   6]+0.081*[#   8]
    |psi|^2 = 0.953
==== e(   8) =    29.40198 eV ==== 
     psi = 0.268*[#   1]+0.268*[#   5]+0.053*[#   2]+0.053*[#   3]+0.053*[#   4]
          +0.053*[#   6]+0.053*[#   7]+0.053*[#   8]
    |psi|^2 = 0.852

 k =   0.0883883476  0.2651650429  0.0883883476
==== e(   1) =    -8.49786 eV ==== 
     psi = 0.332*[#   1]+0.332*[#   5]+0.136*[#   4]+0.136*[#   8]+0.014*[#   2]
          +0.014*[#   3]+0.014*[#   6]+0.014*[#   7]
    |psi|^2 = 0.993
==== e(   2) =     7.57032 eV ==== 
     psi = 0.158*[#   3]+0.158*[#   7]+0.156*[#   2]+0.156*[#   6]+0.106*[#   4]
          +0.106*[#   8]+0.078*[#   1]+0.078*[#   5]
    |psi|^2 = 0.995
==== e(   3) =     9.78245 eV ==== 
     psi = 0.254*[#   2]+0.254*[#   6]+0.245*[#   3]+0.245*[#   7]
    |psi|^2 = 0.997
==== e(   4) =    10.76031 eV ==== 
     psi = 0.322*[#   4]+0.322*[#   8]+0.072*[#   3]+0.072*[#   7]+0.065*[#   2]
          +0.065*[#   6]+0.039*[#   1]+0.039*[#   5]
    |psi|^2 = 0.996
==== e(   5) =    19.90711 eV ==== 
     psi = 0.331*[#   4]+0.331*[#   8]+0.099*[#   1]+0.099*[#   5]+0.027*[#   3]
          +0.027*[#   7]+0.025*[#   2]+0.025*[#   6]
    |psi|^2 = 0.963
==== e(   6) =    23.63842 eV ==== 
     psi = 0.262*[#   2]+0.262*[#   6]+0.214*[#   3]+0.214*[#   7]+0.001*[#   1]
          +0.001*[#   5]
    |psi|^2 = 0.955
==== e(   7) =    23.66836 eV ==== 
     psi = 0.225*[#   3]+0.225*[#   7]+0.179*[#   2]+0.179*[#   6]+0.072*[#   1]
          +0.072*[#   5]+0.002*[#   4]+0.002*[#   8]
    |psi|^2 = 0.955
==== e(   8) =    27.31171 eV ==== 
     psi = 0.247*[#   1]+0.247*[#   5]+0.063*[#   4]+0.063*[#   8]+0.013*[#   3]
          +0.013*[#   7]+0.012*[#   2]+0.012*[#   6]
    |psi|^2 = 0.671

 k =   0.0000000000  0.3535533906  0.0000000000
==== e(   1) =    -7.76119 eV ==== 
     psi = 0.302*[#   1]+0.302*[#   5]+0.194*[#   4]+0.194*[#   8]
    |psi|^2 = 0.993
==== e(   2) =     8.30455 eV ==== 
     psi = 0.372*[#   4]+0.372*[#   8]+0.119*[#   1]+0.119*[#   5]+0.003*[#   2]
          +0.003*[#   3]+0.003*[#   6]+0.003*[#   7]
    |psi|^2 = 0.997
==== e(   3) =     8.46473 eV ==== 
     psi = 0.250*[#   2]+0.250*[#   3]+0.250*[#   6]+0.250*[#   7]
    |psi|^2 = 0.998
==== e(   4) =     8.48677 eV ==== 
     psi = 0.246*[#   2]+0.246*[#   3]+0.246*[#   6]+0.246*[#   7]+0.005*[#   4]
          +0.005*[#   8]+0.002*[#   1]+0.002*[#   5]
    |psi|^2 = 0.998
==== e(   5) =    18.46560 eV ==== 
     psi = 0.296*[#   4]+0.296*[#   8]+0.185*[#   1]+0.185*[#   5]
    |psi|^2 = 0.962
==== e(   6) =    24.40235 eV ==== 
     psi = 0.208*[#   1]+0.208*[#   5]+0.073*[#   4]+0.073*[#   8]
    |psi|^2 = 0.562
==== e(   7) =    25.93690 eV ==== 
     psi = 0.239*[#   2]+0.239*[#   3]+0.239*[#   6]+0.239*[#   7]
    |psi|^2 = 0.955
==== e(   8) =    25.95453 eV ==== 
     psi = 0.239*[#   2]+0.239*[#   3]+0.239*[#   6]+0.239*[#   7]
    |psi|^2 = 0.954

 k =  -0.0883883476  0.4419417382 -0.0883883476
==== e(   1) =    -6.14522 eV ==== 
     psi = 0.274*[#   1]+0.274*[#   5]+0.208*[#   4]+0.208*[#   8]+0.007*[#   2]
          +0.007*[#   6]+0.007*[#   3]+0.007*[#   7]
    |psi|^2 = 0.993
==== e(   2) =     5.04926 eV ==== 
     psi = 0.148*[#   4]+0.148*[#   8]+0.120*[#   1]+0.120*[#   5]+0.115*[#   2]
          +0.115*[#   6]+0.115*[#   3]+0.115*[#   7]
    |psi|^2 = 0.997
==== e(   3) =     7.46034 eV ==== 
     psi = 0.217*[#   4]+0.217*[#   8]+0.121*[#   3]+0.121*[#   7]+0.109*[#   2]
          +0.109*[#   6]+0.052*[#   1]+0.052*[#   5]
    |psi|^2 = 0.998
==== e(   4) =     7.71678 eV ==== 
     psi = 0.255*[#   2]+0.255*[#   6]+0.244*[#   3]+0.244*[#   7]
    |psi|^2 = 0.998
==== e(   5) =    19.18929 eV ==== 
     psi = 0.264*[#   4]+0.264*[#   8]+0.167*[#   1]+0.167*[#   5]+0.016*[#   2]
          +0.016*[#   6]+0.015*[#   3]+0.015*[#   7]
    |psi|^2 = 0.923
==== e(   6) =    23.38970 eV ==== 
     psi = 0.178*[#   1]+0.177*[#   5]+0.088*[#   4]+0.088*[#   8]+0.013*[#   3]
          +0.013*[#   7]+0.012*[#   2]+0.012*[#   6]
    |psi|^2 = 0.582
==== e(   7) =    27.28391 eV ==== 
     psi = 0.235*[#   3]+0.235*[#   7]+0.233*[#   2]+0.233*[#   6]
    |psi|^2 = 0.936
==== e(   8) =    27.42723 eV ==== 
     psi = 0.201*[#   2]+0.201*[#   6]+0.199*[#   3]+0.199*[#   7]+0.065*[#   1]
          +0.065*[#   5]+0.003*[#   4]+0.003*[#   8]
    |psi|^2 = 0.936

 k =   0.5303300859 -0.1767766953  0.5303300859
==== e(   1) =    -3.68726 eV ==== 
     psi = 0.271*[#   1]+0.271*[#   5]+0.193*[#   4]+0.193*[#   8]+0.017*[#   2]
          +0.017*[#   6]+0.017*[#   3]+0.017*[#   7]
    |psi|^2 = 0.995
==== e(   2) =     1.46758 eV ==== 
     psi = 0.136*[#   2]+0.136*[#   6]+0.136*[#   3]+0.136*[#   7]+0.135*[#   1]
          +0.135*[#   5]+0.091*[#   4]+0.091*[#   8]
    |psi|^2 = 0.995
==== e(   3) =     5.86231 eV ==== 
     psi = 0.269*[#   4]+0.269*[#   8]+0.085*[#   3]+0.085*[#   7]+0.082*[#   2]
          +0.082*[#   6]+0.063*[#   1]+0.063*[#   5]
    |psi|^2 = 0.998
==== e(   4) =     7.68608 eV ==== 
     psi = 0.251*[#   2]+0.251*[#   6]+0.249*[#   3]+0.249*[#   7]
    |psi|^2 = 0.999
==== e(   5) =    20.10557 eV ==== 
     psi = 0.230*[#   4]+0.230*[#   8]+0.138*[#   1]+0.138*[#   5]+0.024*[#   2]
          +0.024*[#   6]+0.022*[#   3]+0.022*[#   7]
    |psi|^2 = 0.826
==== e(   6) =    25.58986 eV ==== 
     psi = 0.134*[#   1]+0.134*[#   5]+0.119*[#   4]+0.119*[#   8]+0.032*[#   3]
          +0.032*[#   7]+0.032*[#   2]+0.032*[#   6]
    |psi|^2 = 0.633
==== e(   7) =    27.17699 eV ==== 
     psi = 0.228*[#   3]+0.228*[#   7]+0.227*[#   2]+0.227*[#   6]
    |psi|^2 = 0.911
==== e(   8) =    27.90645 eV ==== 
     psi = 0.165*[#   1]+0.165*[#   5]+0.131*[#   2]+0.131*[#   6]+0.130*[#   3]
          +0.130*[#   7]+0.018*[#   4]+0.018*[#   8]
    |psi|^2 = 0.889

 k =   0.4419417382 -0.0883883476  0.4419417382
==== e(   1) =    -2.91467 eV ==== 
     psi = 0.294*[#   1]+0.294*[#   5]+0.082*[#   2]+0.082*[#   6]+0.082*[#   3]
          +0.082*[#   7]+0.041*[#   4]+0.041*[#   8]
    |psi|^2 = 0.997
==== e(   2) =     0.62961 eV ==== 
     psi = 0.204*[#   4]+0.204*[#   8]+0.116*[#   1]+0.116*[#   5]+0.089*[#   2]
          +0.089*[#   6]+0.088*[#   3]+0.088*[#   7]
    |psi|^2 = 0.994
==== e(   3) =     4.76150 eV ==== 
     psi = 0.271*[#   4]+0.271*[#   8]+0.081*[#   3]+0.081*[#   7]+0.080*[#   2]
          +0.080*[#   6]+0.068*[#   1]+0.068*[#   5]
    |psi|^2 = 0.998
==== e(   4) =     8.41725 eV ==== 
     psi = 0.250*[#   2]+0.250*[#   6]+0.249*[#   3]+0.249*[#   7]
    |psi|^2 = 0.998
==== e(   5) =    20.90877 eV ==== 
     psi = 0.227*[#   4]+0.227*[#   8]+0.103*[#   1]+0.103*[#   5]+0.035*[#   2]
          +0.035*[#   6]+0.034*[#   3]+0.034*[#   7]
    |psi|^2 = 0.797
==== e(   6) =    26.08883 eV ==== 
     psi = 0.232*[#   3]+0.232*[#   7]+0.232*[#   2]+0.232*[#   6]
    |psi|^2 = 0.929
==== e(   7) =    27.86328 eV ==== 
     psi = 0.213*[#   1]+0.213*[#   5]+0.076*[#   2]+0.076*[#   6]+0.076*[#   3]
          +0.076*[#   7]+0.066*[#   4]+0.066*[#   8]
    |psi|^2 = 0.865
==== e(   8) =    29.30771 eV ==== 
     psi = 0.134*[#   1]+0.134*[#   5]+0.131*[#   4]+0.131*[#   8]+0.054*[#   3]
          +0.054*[#   7]+0.053*[#   2]+0.053*[#   6]
    |psi|^2 = 0.744

 k =   0.3535533906  0.0000000000  0.3535533906
==== e(   1) =    -5.38990 eV ==== 
     psi = 0.279*[#   1]+0.279*[#   5]+0.105*[#   2]+0.105*[#   3]+0.105*[#   6]
          +0.105*[#   7]+0.008*[#   4]+0.008*[#   8]
    |psi|^2 = 0.994
==== e(   2) =     3.70665 eV ==== 
     psi = 0.193*[#   4]+0.193*[#   8]+0.132*[#   1]+0.132*[#   5]+0.087*[#   2]
          +0.087*[#   3]+0.087*[#   6]+0.087*[#   7]
    |psi|^2 = 0.998
==== e(   3) =     4.93097 eV ==== 
     psi = 0.275*[#   4]+0.275*[#   8]+0.078*[#   2]+0.078*[#   3]+0.078*[#   6]
          +0.078*[#   7]+0.066*[#   1]+0.066*[#   5]
    |psi|^2 = 0.995
==== e(   4) =     9.69700 eV ==== 
     psi = 0.249*[#   2]+0.249*[#   3]+0.249*[#   6]+0.249*[#   7]
    |psi|^2 = 0.998
==== e(   5) =    22.07378 eV ==== 
     psi = 0.251*[#   4]+0.251*[#   8]+0.075*[#   1]+0.075*[#   5]+0.043*[#   2]
          +0.043*[#   3]+0.043*[#   6]+0.043*[#   7]
    |psi|^2 = 0.823
==== e(   6) =    24.22599 eV ==== 
     psi = 0.239*[#   2]+0.239*[#   3]+0.239*[#   6]+0.239*[#   7]
    |psi|^2 = 0.956
==== e(   7) =    26.76715 eV ==== 
     psi = 0.176*[#   4]+0.176*[#   8]+0.125*[#   1]+0.125*[#   5]+0.061*[#   2]
          +0.061*[#   3]+0.061*[#   6]+0.061*[#   7]
    |psi|^2 = 0.848
==== e(   8) =    28.52697 eV ==== 
     psi = 0.265*[#   1]+0.265*[#   5]+0.068*[#   2]+0.068*[#   3]+0.068*[#   6]
          +0.068*[#   7]+0.007*[#   4]+0.007*[#   8]
    |psi|^2 = 0.818

 k =   0.2651650429  0.0883883476  0.2651650429
==== e(   1) =    -7.32158 eV ==== 
     psi = 0.302*[#   1]+0.302*[#   5]+0.092*[#   2]+0.092*[#   3]+0.092*[#   6]
          +0.092*[#   7]+0.011*[#   4]+0.011*[#   8]
    |psi|^2 = 0.993
==== e(   2) =     4.80104 eV ==== 
     psi = 0.173*[#   4]+0.173*[#   8]+0.115*[#   1]+0.115*[#   5]+0.105*[#   3]
          +0.105*[#   7]+0.104*[#   2]+0.104*[#   6]
    |psi|^2 = 0.994
==== e(   3) =     8.26547 eV ==== 
     psi = 0.281*[#   4]+0.281*[#   8]+0.088*[#   2]+0.088*[#   6]+0.085*[#   3]
          +0.085*[#   7]+0.044*[#   1]+0.044*[#   5]
    |psi|^2 = 0.996
==== e(   4) =    10.92955 eV ==== 
     psi = 0.250*[#   3]+0.250*[#   7]+0.248*[#   2]+0.248*[#   6]
    |psi|^2 = 0.997
==== e(   5) =    22.22005 eV ==== 
     psi = 0.242*[#   3]+0.242*[#   7]+0.233*[#   2]+0.233*[#   6]
    |psi|^2 = 0.951
==== e(   6) =    22.89416 eV ==== 
     psi = 0.305*[#   4]+0.305*[#   8]+0.060*[#   1]+0.060*[#   5]+0.048*[#   2]
          +0.048*[#   6]+0.039*[#   3]+0.039*[#   7]
    |psi|^2 = 0.904
==== e(   7) =    23.93665 eV ==== 
     psi = 0.169*[#   1]+0.169*[#   5]+0.140*[#   4]+0.140*[#   8]+0.076*[#   3]
          +0.076*[#   7]+0.075*[#   2]+0.075*[#   6]
    |psi|^2 = 0.921
==== e(   8) =    28.74021 eV ==== 
     psi = 0.234*[#   1]+0.234*[#   5]+0.061*[#   2]+0.061*[#   3]+0.061*[#   6]
          +0.061*[#   7]+0.030*[#   4]+0.030*[#   8]
    |psi|^2 = 0.772

 k =   0.2651650429  0.2651650429  0.2651650429
==== e(   1) =    -6.16930 eV ==== 
     psi = 0.302*[#   1]+0.302*[#   5]+0.065*[#   3]+0.065*[#   7]+0.065*[#   2]
          +0.065*[#   4]+0.065*[#   6]+0.065*[#   8]
    |psi|^2 = 0.993
==== e(   2) =     1.76268 eV ==== 
     psi = 0.138*[#   1]+0.138*[#   5]+0.120*[#   3]+0.120*[#   7]+0.119*[#   2]
          +0.119*[#   4]+0.119*[#   6]+0.119*[#   8]
    |psi|^2 = 0.992
==== e(   3) =    10.14232 eV ==== 
     psi = 0.249*[#   2]+0.249*[#   4]+0.249*[#   6]+0.249*[#   8]
    |psi|^2 = 0.997
==== e(   4) =    10.19091 eV ==== 
     psi = 0.332*[#   3]+0.332*[#   7]+0.083*[#   2]+0.083*[#   4]+0.083*[#   6]
          +0.083*[#   8]
    |psi|^2 = 0.997
==== e(   5) =    22.47518 eV ==== 
     psi = 0.296*[#   3]+0.296*[#   7]+0.078*[#   2]+0.078*[#   4]+0.078*[#   6]
          +0.078*[#   8]
    |psi|^2 = 0.905
==== e(   6) =    22.55088 eV ==== 
     psi = 0.226*[#   2]+0.226*[#   4]+0.226*[#   6]+0.226*[#   8]
    |psi|^2 = 0.903
==== e(   7) =    23.10588 eV ==== 
     psi = 0.342*[#   1]+0.342*[#   5]+0.046*[#   3]+0.046*[#   7]+0.038*[#   2]
          +0.038*[#   4]+0.038*[#   6]+0.038*[#   8]
    |psi|^2 = 0.925
==== e(   8) =    29.98192 eV ==== 
     psi = 0.119*[#   1]+0.119*[#   5]+0.070*[#   2]+0.070*[#   3]+0.070*[#   4]
          +0.070*[#   6]+0.070*[#   7]+0.070*[#   8]
    |psi|^2 = 0.660

 k =   0.1767766953  0.3535533906  0.1767766953
==== e(   1) =    -6.59019 eV ==== 
     psi = 0.293*[#   1]+0.293*[#   5]+0.140*[#   4]+0.140*[#   8]+0.032*[#   3]
          +0.032*[#   7]+0.032*[#   2]+0.032*[#   6]
    |psi|^2 = 0.993
==== e(   2) =     3.38632 eV ==== 
     psi = 0.143*[#   3]+0.143*[#   7]+0.142*[#   2]+0.142*[#   6]+0.126*[#   1]
          +0.126*[#   5]+0.086*[#   4]+0.086*[#   8]
    |psi|^2 = 0.994
==== e(   3) =     9.09850 eV ==== 
     psi = 0.258*[#   2]+0.258*[#   6]+0.240*[#   3]+0.240*[#   7]
    |psi|^2 = 0.998
==== e(   4) =     9.55049 eV ==== 
     psi = 0.325*[#   4]+0.325*[#   8]+0.075*[#   3]+0.075*[#   7]+0.058*[#   2]
          +0.058*[#   6]+0.040*[#   1]+0.040*[#   5]
    |psi|^2 = 0.997
==== e(   5) =    21.10155 eV ==== 
     psi = 0.300*[#   4]+0.300*[#   8]+0.081*[#   1]+0.081*[#   5]+0.038*[#   3]
          +0.038*[#   7]+0.034*[#   2]+0.034*[#   6]
    |psi|^2 = 0.906
==== e(   6) =    24.30375 eV ==== 
     psi = 0.233*[#   2]+0.233*[#   6]+0.224*[#   3]+0.224*[#   7]
    |psi|^2 = 0.915
==== e(   7) =    24.50232 eV ==== 
     psi = 0.192*[#   1]+0.192*[#   5]+0.136*[#   3]+0.136*[#   7]+0.131*[#   2]
          +0.131*[#   6]
    |psi|^2 = 0.920
==== e(   8) =    27.79217 eV ==== 
     psi = 0.160*[#   1]+0.160*[#   5]+0.081*[#   4]+0.081*[#   8]+0.037*[#   2]
          +0.037*[#   3]+0.037*[#   6]+0.037*[#   7]
    |psi|^2 = 0.632

 k =   0.0883883476  0.4419417382  0.0883883476
==== e(   1) =    -6.14522 eV ==== 
     psi = 0.274*[#   1]+0.274*[#   5]+0.208*[#   4]+0.208*[#   8]+0.007*[#   3]
          +0.007*[#   7]+0.007*[#   2]+0.007*[#   6]
    |psi|^2 = 0.993
==== e(   2) =     5.04926 eV ==== 
     psi = 0.148*[#   4]+0.148*[#   8]+0.120*[#   1]+0.120*[#   5]+0.115*[#   3]
          +0.115*[#   7]+0.115*[#   2]+0.115*[#   6]
    |psi|^2 = 0.997
==== e(   3) =     7.46034 eV ==== 
     psi = 0.217*[#   4]+0.217*[#   8]+0.121*[#   2]+0.121*[#   6]+0.109*[#   3]
          +0.109*[#   7]+0.052*[#   1]+0.052*[#   5]
    |psi|^2 = 0.998
==== e(   4) =     7.71678 eV ==== 
     psi = 0.255*[#   3]+0.255*[#   7]+0.244*[#   2]+0.244*[#   6]
    |psi|^2 = 0.998
==== e(   5) =    19.18929 eV ==== 
     psi = 0.264*[#   4]+0.264*[#   8]+0.167*[#   1]+0.167*[#   5]+0.016*[#   3]
          +0.016*[#   7]+0.015*[#   2]+0.015*[#   6]
    |psi|^2 = 0.923
==== e(   6) =    23.38970 eV ==== 
     psi = 0.178*[#   1]+0.177*[#   5]+0.088*[#   4]+0.088*[#   8]+0.013*[#   2]
          +0.013*[#   6]+0.012*[#   3]+0.012*[#   7]
    |psi|^2 = 0.582
==== e(   7) =    27.28391 eV ==== 
     psi = 0.235*[#   2]+0.235*[#   6]+0.233*[#   3]+0.233*[#   7]
    |psi|^2 = 0.936
==== e(   8) =    27.42723 eV ==== 
     psi = 0.201*[#   3]+0.201*[#   7]+0.199*[#   2]+0.199*[#   6]+0.065*[#   1]
          +0.065*[#   5]+0.003*[#   4]+0.003*[#   8]
    |psi|^2 = 0.936

 k =   0.0000000000  0.5303300859  0.0000000000
==== e(   1) =    -4.83234 eV ==== 
     psi = 0.253*[#   1]+0.253*[#   5]+0.244*[#   4]+0.244*[#   8]
    |psi|^2 = 0.993
==== e(   2) =     4.02200 eV ==== 
     psi = 0.329*[#   4]+0.329*[#   8]+0.170*[#   1]+0.170*[#   5]
    |psi|^2 = 0.998
==== e(   3) =     6.77730 eV ==== 
     psi = 0.250*[#   2]+0.250*[#   3]+0.250*[#   6]+0.250*[#   7]
    |psi|^2 = 0.999
==== e(   4) =     6.79369 eV ==== 
     psi = 0.250*[#   2]+0.250*[#   3]+0.250*[#   6]+0.250*[#   7]
    |psi|^2 = 0.999
==== e(   5) =    18.08185 eV ==== 
     psi = 0.241*[#   4]+0.241*[#   8]+0.215*[#   1]+0.215*[#   5]
    |psi|^2 = 0.912
==== e(   6) =    20.70395 eV ==== 
     psi = 0.208*[#   1]+0.208*[#   5]+0.118*[#   4]+0.118*[#   8]
    |psi|^2 = 0.653
==== e(   7) =    29.72347 eV ==== 
     psi = 0.239*[#   2]+0.239*[#   3]+0.239*[#   6]+0.239*[#   7]
    |psi|^2 = 0.958
==== e(   8) =    29.74566 eV ==== 
     psi = 0.239*[#   2]+0.239*[#   3]+0.239*[#   6]+0.239*[#   7]
    |psi|^2 = 0.957

 k =   0.6187184335 -0.0883883476  0.6187184335
==== e(   1) =    -2.62927 eV ==== 
     psi = 0.252*[#   4]+0.252*[#   8]+0.237*[#   1]+0.237*[#   5]+0.004*[#   2]
          +0.004*[#   6]+0.004*[#   3]+0.004*[#   7]
    |psi|^2 = 0.995
==== e(   2) =     1.63488 eV ==== 
     psi = 0.272*[#   4]+0.272*[#   8]+0.199*[#   1]+0.199*[#   5]+0.014*[#   3]
          +0.014*[#   7]+0.014*[#   2]+0.014*[#   6]
    |psi|^2 = 0.997
==== e(   3) =     5.13731 eV ==== 
     psi = 0.219*[#   3]+0.219*[#   7]+0.219*[#   2]+0.219*[#   6]+0.050*[#   4]
          +0.050*[#   8]+0.011*[#   1]+0.011*[#   5]
    |psi|^2 = 0.998
==== e(   4) =     6.59308 eV ==== 
     psi = 0.250*[#   2]+0.250*[#   6]+0.249*[#   3]+0.249*[#   7]
    |psi|^2 = 0.999
==== e(   5) =    18.93088 eV ==== 
     psi = 0.203*[#   4]+0.203*[#   8]+0.196*[#   1]+0.196*[#   5]+0.008*[#   2]
          +0.008*[#   6]+0.007*[#   3]+0.007*[#   7]
    |psi|^2 = 0.830
==== e(   6) =    20.99292 eV ==== 
     psi = 0.187*[#   1]+0.187*[#   5]+0.147*[#   4]+0.148*[#   8]+0.014*[#   3]
          +0.014*[#   7]+0.014*[#   2]+0.014*[#   6]
    |psi|^2 = 0.727
==== e(   7) =    30.30658 eV ==== 
     psi = 0.240*[#   3]+0.240*[#   7]+0.240*[#   2]+0.240*[#   6]
    |psi|^2 = 0.959
==== e(   8) =    30.68655 eV ==== 
     psi = 0.207*[#   2]+0.207*[#   6]+0.206*[#   3]+0.206*[#   7]+0.052*[#   1]
          +0.052*[#   5]+0.003*[#   4]+0.003*[#   8]
    |psi|^2 = 0.935

 k =   0.5303300859  0.0000000000  0.5303300859
==== e(   1) =    -1.01287 eV ==== 
     psi = 0.281*[#   1]+0.281*[#   5]+0.139*[#   4]+0.139*[#   8]+0.040*[#   2]
          +0.040*[#   3]+0.040*[#   6]+0.040*[#   7]
    |psi|^2 = 0.998
==== e(   2) =     0.40957 eV ==== 
     psi = 0.256*[#   4]+0.256*[#   8]+0.187*[#   1]+0.187*[#   5]+0.028*[#   2]
          +0.028*[#   3]+0.028*[#   6]+0.028*[#   7]
    |psi|^2 = 0.997
==== e(   3) =     3.15674 eV ==== 
     psi = 0.169*[#   2]+0.169*[#   3]+0.169*[#   6]+0.169*[#   7]+0.159*[#   4]
          +0.159*[#   8]
    |psi|^2 = 0.996
==== e(   4) =     7.18537 eV ==== 
     psi = 0.250*[#   2]+0.250*[#   3]+0.250*[#   6]+0.250*[#   7]
    |psi|^2 = 0.999
==== e(   5) =    19.66608 eV ==== 
     psi = 0.200*[#   4]+0.200*[#   8]+0.156*[#   1]+0.156*[#   5]+0.020*[#   2]
          +0.020*[#   3]+0.020*[#   6]+0.020*[#   7]
    |psi|^2 = 0.793
==== e(   6) =    24.91632 eV ==== 
     psi = 0.147*[#   4]+0.147*[#   8]+0.145*[#   1]+0.145*[#   5]+0.026*[#   2]
          +0.026*[#   3]+0.026*[#   6]+0.026*[#   7]
    |psi|^2 = 0.685
==== e(   7) =    28.89125 eV ==== 
     psi = 0.239*[#   2]+0.239*[#   3]+0.239*[#   6]+0.239*[#   7]
    |psi|^2 = 0.957
==== e(   8) =    30.40364 eV ==== 
     psi = 0.153*[#   2]+0.153*[#   3]+0.153*[#   6]+0.153*[#   7]+0.141*[#   1]
          +0.141*[#   5]+0.003*[#   4]+0.003*[#   8]
    |psi|^2 = 0.900

 k =   0.4419417382  0.0883883476  0.4419417382
==== e(   1) =    -2.91467 eV ==== 
     psi = 0.294*[#   1]+0.294*[#   5]+0.082*[#   3]+0.082*[#   7]+0.082*[#   2]
          +0.082*[#   6]+0.041*[#   4]+0.041*[#   8]
    |psi|^2 = 0.997
==== e(   2) =     0.62961 eV ==== 
     psi = 0.204*[#   4]+0.204*[#   8]+0.116*[#   1]+0.116*[#   5]+0.089*[#   3]
          +0.089*[#   7]+0.088*[#   2]+0.088*[#   6]
    |psi|^2 = 0.994
==== e(   3) =     4.76150 eV ==== 
     psi = 0.271*[#   4]+0.271*[#   8]+0.081*[#   2]+0.081*[#   6]+0.080*[#   3]
          +0.080*[#   7]+0.068*[#   1]+0.068*[#   5]
    |psi|^2 = 0.998
==== e(   4) =     8.41725 eV ==== 
     psi = 0.250*[#   3]+0.250*[#   7]+0.249*[#   2]+0.249*[#   6]
    |psi|^2 = 0.998
==== e(   5) =    20.90877 eV ==== 
     psi = 0.227*[#   4]+0.227*[#   8]+0.103*[#   1]+0.103*[#   5]+0.035*[#   3]
          +0.035*[#   7]+0.034*[#   2]+0.034*[#   6]
    |psi|^2 = 0.797
==== e(   6) =    26.08883 eV ==== 
     psi = 0.232*[#   2]+0.232*[#   6]+0.232*[#   3]+0.232*[#   7]
    |psi|^2 = 0.929
==== e(   7) =    27.86327 eV ==== 
     psi = 0.213*[#   1]+0.213*[#   5]+0.076*[#   3]+0.076*[#   7]+0.076*[#   2]
          +0.076*[#   6]+0.066*[#   4]+0.066*[#   8]
    |psi|^2 = 0.865
==== e(   8) =    29.30770 eV ==== 
     psi = 0.134*[#   1]+0.134*[#   5]+0.131*[#   4]+0.131*[#   8]+0.054*[#   2]
          +0.054*[#   6]+0.053*[#   3]+0.053*[#   7]
    |psi|^2 = 0.744

 k =   0.3535533906  0.1767766953  0.3535533906
==== e(   1) =    -4.86219 eV ==== 
     psi = 0.299*[#   1]+0.299*[#   5]+0.087*[#   3]+0.087*[#   7]+0.087*[#   2]
          +0.087*[#   6]+0.024*[#   4]+0.024*[#   8]
    |psi|^2 = 0.995
==== e(   2) =     0.75363 eV ==== 
     psi = 0.170*[#   4]+0.170*[#   8]+0.125*[#   1]+0.125*[#   5]+0.100*[#   3]
          +0.100*[#   7]+0.100*[#   2]+0.100*[#   6]
    |psi|^2 = 0.992
==== e(   3) =     8.01175 eV ==== 
     psi = 0.296*[#   4]+0.296*[#   8]+0.084*[#   2]+0.084*[#   6]+0.079*[#   3]
          +0.079*[#   7]+0.040*[#   1]+0.040*[#   5]
    |psi|^2 = 0.998
==== e(   4) =     9.79499 eV ==== 
     psi = 0.252*[#   3]+0.252*[#   7]+0.247*[#   2]+0.247*[#   6]
    |psi|^2 = 0.998
==== e(   5) =    22.36402 eV ==== 
     psi = 0.278*[#   4]+0.278*[#   8]+0.056*[#   1]+0.056*[#   5]+0.049*[#   3]
          +0.049*[#   7]+0.039*[#   2]+0.039*[#   6]
    |psi|^2 = 0.844
==== e(   6) =    23.31863 eV ==== 
     psi = 0.231*[#   2]+0.231*[#   6]+0.221*[#   3]+0.221*[#   7]
    |psi|^2 = 0.905
==== e(   7) =    24.60241 eV ==== 
     psi = 0.270*[#   1]+0.271*[#   5]+0.060*[#   4]+0.060*[#   8]+0.057*[#   3]
          +0.057*[#   7]+0.056*[#   2]+0.056*[#   6]
    |psi|^2 = 0.887
==== e(   8) =    29.92089 eV ==== 
     psi = 0.125*[#   1]+0.125*[#   5]+0.094*[#   4]+0.094*[#   8]+0.071*[#   2]
          +0.071*[#   6]+0.071*[#   3]+0.071*[#   7]
    |psi|^2 = 0.723

 k =  -0.3535533906 -0.3535533906 -0.3535533906
==== e(   1) =    -3.89699 eV ==== 
     psi = 0.376*[#   1]+0.376*[#   5]+0.041*[#   3]+0.041*[#   7]+0.041*[#   2]
          +0.041*[#   4]+0.041*[#   6]+0.041*[#   8]
    |psi|^2 = 0.999
==== e(   2) =    -1.28017 eV ==== 
     psi = 0.143*[#   3]+0.143*[#   7]+0.143*[#   2]+0.143*[#   4]+0.143*[#   6]
          +0.143*[#   8]+0.065*[#   1]+0.065*[#   5]
    |psi|^2 = 0.986
==== e(   3) =     9.84338 eV ==== 
     psi = 0.249*[#   2]+0.249*[#   4]+0.249*[#   6]+0.249*[#   8]
    |psi|^2 = 0.998
==== e(   4) =     9.89155 eV ==== 
     psi = 0.332*[#   3]+0.332*[#   7]+0.083*[#   2]+0.083*[#   4]+0.083*[#   6]
          +0.083*[#   8]
    |psi|^2 = 0.998
==== e(   5) =    22.56451 eV ==== 
     psi = 0.289*[#   3]+0.289*[#   7]+0.076*[#   2]+0.076*[#   4]+0.076*[#   6]
          +0.076*[#   8]
    |psi|^2 = 0.882
==== e(   6) =    22.64325 eV ==== 
     psi = 0.220*[#   2]+0.220*[#   4]+0.220*[#   6]+0.220*[#   8]
    |psi|^2 = 0.879
==== e(   7) =    23.22724 eV ==== 
     psi = 0.384*[#   1]+0.384*[#   5]+0.028*[#   3]+0.028*[#   7]+0.021*[#   2]
          +0.021*[#   4]+0.021*[#   6]+0.021*[#   8]
    |psi|^2 = 0.910
==== e(   8) =    30.10311 eV ==== 
     psi = 0.069*[#   2]+0.069*[#   3]+0.069*[#   4]+0.069*[#   6]+0.069*[#   7]
          +0.069*[#   8]+0.069*[#   1]+0.069*[#   5]
    |psi|^2 = 0.554

 k =  -0.4419417382 -0.2651650429 -0.4419417382
==== e(   1) =    -3.98775 eV ==== 
     psi = 0.324*[#   1]+0.324*[#   5]+0.108*[#   4]+0.108*[#   8]+0.034*[#   3]
          +0.034*[#   7]+0.033*[#   2]+0.033*[#   6]
    |psi|^2 = 0.997
==== e(   2) =    -0.37464 eV ==== 
     psi = 0.146*[#   3]+0.146*[#   7]+0.146*[#   2]+0.146*[#   6]+0.102*[#   1]
          +0.102*[#   5]+0.101*[#   4]+0.101*[#   8]
    |psi|^2 = 0.990
==== e(   3) =     8.50007 eV ==== 
     psi = 0.314*[#   4]+0.314*[#   8]+0.080*[#   2]+0.080*[#   6]+0.066*[#   3]
          +0.066*[#   7]+0.039*[#   1]+0.039*[#   5]
    |psi|^2 = 0.998
==== e(   4) =     9.10497 eV ==== 
     psi = 0.256*[#   3]+0.256*[#   7]+0.243*[#   2]+0.243*[#   6]
    |psi|^2 = 0.998
==== e(   5) =    21.73077 eV ==== 
     psi = 0.277*[#   4]+0.277*[#   8]+0.067*[#   1]+0.067*[#   5]+0.041*[#   3]
          +0.041*[#   7]+0.036*[#   2]+0.036*[#   6]
    |psi|^2 = 0.844
==== e(   6) =    24.00336 eV ==== 
     psi = 0.225*[#   2]+0.225*[#   6]+0.218*[#   3]+0.218*[#   7]
    |psi|^2 = 0.886
==== e(   7) =    24.72318 eV ==== 
     psi = 0.276*[#   1]+0.276*[#   5]+0.078*[#   3]+0.078*[#   7]+0.077*[#   2]
          +0.077*[#   6]+0.014*[#   4]+0.014*[#   8]
    |psi|^2 = 0.889
==== e(   8) =    29.60796 eV ==== 
     psi = 0.108*[#   4]+0.108*[#   8]+0.104*[#   1]+0.104*[#   5]+0.060*[#   2]
          +0.060*[#   6]+0.059*[#   3]+0.059*[#   7]
    |psi|^2 = 0.663

 k =  -0.5303300859 -0.1767766953 -0.5303300859
==== e(   1) =    -3.68726 eV ==== 
     psi = 0.271*[#   1]+0.271*[#   5]+0.193*[#   4]+0.193*[#   8]+0.017*[#   3]
          +0.017*[#   7]+0.017*[#   2]+0.017*[#   6]
    |psi|^2 = 0.995
==== e(   2) =     1.46758 eV ==== 
     psi = 0.136*[#   3]+0.136*[#   7]+0.136*[#   2]+0.136*[#   6]+0.135*[#   1]
          +0.135*[#   5]+0.091*[#   4]+0.091*[#   8]
    |psi|^2 = 0.995
==== e(   3) =     5.86231 eV ==== 
     psi = 0.269*[#   4]+0.269*[#   8]+0.085*[#   2]+0.085*[#   6]+0.082*[#   3]
          +0.082*[#   7]+0.063*[#   1]+0.063*[#   5]
    |psi|^2 = 0.998
==== e(   4) =     7.68608 eV ==== 
     psi = 0.251*[#   3]+0.251*[#   7]+0.249*[#   2]+0.249*[#   6]
    |psi|^2 = 0.999
==== e(   5) =    20.10557 eV ==== 
     psi = 0.230*[#   4]+0.230*[#   8]+0.138*[#   1]+0.138*[#   5]+0.024*[#   3]
          +0.024*[#   7]+0.022*[#   2]+0.022*[#   6]
    |psi|^2 = 0.826
==== e(   6) =    25.58986 eV ==== 
     psi = 0.134*[#   1]+0.134*[#   5]+0.119*[#   4]+0.119*[#   8]+0.032*[#   2]
          +0.032*[#   6]+0.032*[#   3]+0.032*[#   7]
    |psi|^2 = 0.633
==== e(   7) =    27.17699 eV ==== 
     psi = 0.228*[#   2]+0.228*[#   6]+0.227*[#   3]+0.227*[#   7]
    |psi|^2 = 0.911
==== e(   8) =    27.90645 eV ==== 
     psi = 0.165*[#   1]+0.165*[#   5]+0.131*[#   3]+0.131*[#   7]+0.130*[#   2]
          +0.130*[#   6]+0.018*[#   4]+0.018*[#   8]
    |psi|^2 = 0.889

 k =  -0.6187184335 -0.0883883476 -0.6187184335
==== e(   1) =    -2.62927 eV ==== 
     psi = 0.252*[#   4]+0.252*[#   8]+0.237*[#   1]+0.237*[#   5]+0.004*[#   3]
          +0.004*[#   7]+0.004*[#   2]+0.004*[#   6]
    |psi|^2 = 0.995
==== e(   2) =     1.63488 eV ==== 
     psi = 0.272*[#   4]+0.272*[#   8]+0.199*[#   1]+0.199*[#   5]+0.014*[#   2]
          +0.014*[#   6]+0.014*[#   3]+0.014*[#   7]
    |psi|^2 = 0.997
==== e(   3) =     5.13731 eV ==== 
     psi = 0.219*[#   2]+0.219*[#   6]+0.219*[#   3]+0.219*[#   7]+0.050*[#   4]
          +0.050*[#   8]+0.011*[#   1]+0.011*[#   5]
    |psi|^2 = 0.998
==== e(   4) =     6.59308 eV ==== 
     psi = 0.250*[#   3]+0.250*[#   7]+0.249*[#   2]+0.249*[#   6]
    |psi|^2 = 0.999
==== e(   5) =    18.93088 eV ==== 
     psi = 0.203*[#   4]+0.203*[#   8]+0.196*[#   1]+0.196*[#   5]+0.008*[#   3]
          +0.008*[#   7]+0.007*[#   2]+0.007*[#   6]
    |psi|^2 = 0.830
==== e(   6) =    20.99292 eV ==== 
     psi = 0.187*[#   1]+0.187*[#   5]+0.147*[#   4]+0.148*[#   8]+0.014*[#   2]
          +0.014*[#   6]+0.014*[#   3]+0.014*[#   7]
    |psi|^2 = 0.727
==== e(   7) =    30.30658 eV ==== 
     psi = 0.240*[#   2]+0.240*[#   6]+0.240*[#   3]+0.240*[#   7]
    |psi|^2 = 0.959
==== e(   8) =    30.68655 eV ==== 
     psi = 0.207*[#   3]+0.207*[#   7]+0.206*[#   2]+0.206*[#   6]+0.052*[#   1]
          +0.052*[#   5]+0.003*[#   4]+0.003*[#   8]
    |psi|^2 = 0.935

 k =   0.0000000000 -0.7071067812  0.0000000000
==== e(   1) =    -0.71110 eV ==== 
     psi = 0.286*[#   4]+0.284*[#   8]+0.213*[#   5]+0.213*[#   1]
    |psi|^2 = 0.996
==== e(   2) =    -0.69923 eV ==== 
     psi = 0.287*[#   8]+0.285*[#   4]+0.212*[#   1]+0.211*[#   5]
    |psi|^2 = 0.996
==== e(   3) =     6.17832 eV ==== 
     psi = 0.250*[#   2]+0.250*[#   3]+0.250*[#   6]+0.250*[#   7]
    |psi|^2 = 0.998
==== e(   4) =     6.19359 eV ==== 
     psi = 0.250*[#   2]+0.250*[#   3]+0.250*[#   6]+0.250*[#   7]
    |psi|^2 = 0.998
==== e(   5) =    18.66947 eV ==== 
     psi = 0.224*[#   5]+0.218*[#   1]+0.185*[#   4]+0.179*[#   8]
    |psi|^2 = 0.806
==== e(   6) =    18.68244 eV ==== 
     psi = 0.223*[#   1]+0.216*[#   5]+0.185*[#   8]+0.180*[#   4]
    |psi|^2 = 0.804
==== e(   7) =    31.64970 eV ==== 
     psi = 0.247*[#   2]+0.247*[#   3]+0.247*[#   6]+0.247*[#   7]
    |psi|^2 = 0.986
==== e(   8) =    31.67752 eV ==== 
     psi = 0.246*[#   2]+0.246*[#   3]+0.246*[#   6]+0.246*[#   7]
    |psi|^2 = 0.986

 k =  -0.0883883476 -0.6187184335 -0.0883883476
==== e(   1) =    -2.62927 eV ==== 
     psi = 0.252*[#   4]+0.252*[#   8]+0.237*[#   1]+0.237*[#   5]+0.004*[#   3]
          +0.004*[#   7]+0.004*[#   2]+0.004*[#   6]
    |psi|^2 = 0.995
==== e(   2) =     1.63488 eV ==== 
     psi = 0.272*[#   4]+0.272*[#   8]+0.199*[#   1]+0.199*[#   5]+0.014*[#   2]
          +0.014*[#   6]+0.014*[#   3]+0.014*[#   7]
    |psi|^2 = 0.997
==== e(   3) =     5.13731 eV ==== 
     psi = 0.219*[#   2]+0.219*[#   6]+0.219*[#   3]+0.219*[#   7]+0.050*[#   4]
          +0.050*[#   8]+0.011*[#   1]+0.011*[#   5]
    |psi|^2 = 0.998
==== e(   4) =     6.59308 eV ==== 
     psi = 0.250*[#   3]+0.250*[#   7]+0.249*[#   2]+0.249*[#   6]
    |psi|^2 = 0.999
==== e(   5) =    18.93088 eV ==== 
     psi = 0.203*[#   4]+0.203*[#   8]+0.196*[#   1]+0.196*[#   5]+0.008*[#   3]
          +0.008*[#   7]+0.007*[#   2]+0.007*[#   6]
    |psi|^2 = 0.830
==== e(   6) =    20.99292 eV ==== 
     psi = 0.187*[#   1]+0.187*[#   5]+0.147*[#   4]+0.148*[#   8]+0.014*[#   2]
          +0.014*[#   6]+0.014*[#   3]+0.014*[#   7]
    |psi|^2 = 0.727
==== e(   7) =    30.30658 eV ==== 
     psi = 0.240*[#   2]+0.240*[#   6]+0.240*[#   3]+0.240*[#   7]
    |psi|^2 = 0.959
==== e(   8) =    30.68655 eV ==== 
     psi = 0.207*[#   3]+0.207*[#   7]+0.206*[#   2]+0.206*[#   6]+0.052*[#   1]
          +0.052*[#   5]+0.003*[#   4]+0.003*[#   8]
    |psi|^2 = 0.935

 k =  -0.1767766953 -0.5303300859 -0.1767766953
==== e(   1) =    -3.68726 eV ==== 
     psi = 0.271*[#   1]+0.271*[#   5]+0.193*[#   4]+0.193*[#   8]+0.017*[#   3]
          +0.017*[#   7]+0.017*[#   2]+0.017*[#   6]
    |psi|^2 = 0.995
==== e(   2) =     1.46758 eV ==== 
     psi = 0.136*[#   3]+0.136*[#   7]+0.136*[#   2]+0.136*[#   6]+0.135*[#   1]
          +0.135*[#   5]+0.091*[#   4]+0.091*[#   8]
    |psi|^2 = 0.995
==== e(   3) =     5.86231 eV ==== 
     psi = 0.269*[#   4]+0.269*[#   8]+0.085*[#   2]+0.085*[#   6]+0.082*[#   3]
          +0.082*[#   7]+0.063*[#   1]+0.063*[#   5]
    |psi|^2 = 0.998
==== e(   4) =     7.68608 eV ==== 
     psi = 0.251*[#   3]+0.251*[#   7]+0.249*[#   2]+0.249*[#   6]
    |psi|^2 = 0.999
==== e(   5) =    20.10557 eV ==== 
     psi = 0.230*[#   4]+0.230*[#   8]+0.138*[#   1]+0.138*[#   5]+0.024*[#   3]
          +0.024*[#   7]+0.022*[#   2]+0.022*[#   6]
    |psi|^2 = 0.826
==== e(   6) =    25.58986 eV ==== 
     psi = 0.134*[#   1]+0.134*[#   5]+0.119*[#   4]+0.119*[#   8]+0.032*[#   2]
          +0.032*[#   6]+0.032*[#   3]+0.032*[#   7]
    |psi|^2 = 0.633
==== e(   7) =    27.17699 eV ==== 
     psi = 0.228*[#   2]+0.228*[#   6]+0.227*[#   3]+0.227*[#   7]
    |psi|^2 = 0.911
==== e(   8) =    27.90645 eV ==== 
     psi = 0.165*[#   1]+0.165*[#   5]+0.131*[#   3]+0.131*[#   7]+0.130*[#   2]
          +0.130*[#   6]+0.018*[#   4]+0.018*[#   8]
    |psi|^2 = 0.889

 k =  -0.2651650429 -0.4419417382 -0.2651650429
==== e(   1) =    -3.98775 eV ==== 
     psi = 0.324*[#   1]+0.324*[#   5]+0.108*[#   4]+0.108*[#   8]+0.034*[#   3]
          +0.034*[#   7]+0.033*[#   2]+0.033*[#   6]
    |psi|^2 = 0.997
==== e(   2) =    -0.37464 eV ==== 
     psi = 0.146*[#   3]+0.146*[#   7]+0.146*[#   2]+0.146*[#   6]+0.102*[#   1]
          +0.102*[#   5]+0.101*[#   4]+0.101*[#   8]
    |psi|^2 = 0.990
==== e(   3) =     8.50007 eV ==== 
     psi = 0.314*[#   4]+0.314*[#   8]+0.080*[#   2]+0.080*[#   6]+0.066*[#   3]
          +0.066*[#   7]+0.039*[#   1]+0.039*[#   5]
    |psi|^2 = 0.998
==== e(   4) =     9.10497 eV ==== 
     psi = 0.256*[#   3]+0.256*[#   7]+0.243*[#   2]+0.243*[#   6]
    |psi|^2 = 0.998
==== e(   5) =    21.73077 eV ==== 
     psi = 0.277*[#   4]+0.277*[#   8]+0.067*[#   1]+0.067*[#   5]+0.041*[#   3]
          +0.041*[#   7]+0.036*[#   2]+0.036*[#   6]
    |psi|^2 = 0.844
==== e(   6) =    24.00336 eV ==== 
     psi = 0.225*[#   2]+0.225*[#   6]+0.218*[#   3]+0.218*[#   7]
    |psi|^2 = 0.886
==== e(   7) =    24.72317 eV ==== 
     psi = 0.276*[#   1]+0.276*[#   5]+0.078*[#   3]+0.078*[#   7]+0.077*[#   2]
          +0.077*[#   6]+0.014*[#   4]+0.014*[#   8]
    |psi|^2 = 0.889
==== e(   8) =    29.60796 eV ==== 
     psi = 0.108*[#   4]+0.108*[#   8]+0.104*[#   1]+0.104*[#   5]+0.060*[#   2]
          +0.060*[#   6]+0.059*[#   3]+0.059*[#   7]
    |psi|^2 = 0.663

 k =  -0.2651650429 -0.2651650429 -0.2651650429
==== e(   1) =    -6.16930 eV ==== 
     psi = 0.302*[#   1]+0.302*[#   5]+0.065*[#   3]+0.065*[#   7]+0.065*[#   2]
          +0.065*[#   4]+0.065*[#   6]+0.065*[#   8]
    |psi|^2 = 0.993
==== e(   2) =     1.76268 eV ==== 
     psi = 0.138*[#   1]+0.138*[#   5]+0.120*[#   3]+0.120*[#   7]+0.119*[#   2]
          +0.119*[#   4]+0.119*[#   6]+0.119*[#   8]
    |psi|^2 = 0.992
==== e(   3) =    10.14232 eV ==== 
     psi = 0.249*[#   2]+0.249*[#   4]+0.249*[#   6]+0.249*[#   8]
    |psi|^2 = 0.997
==== e(   4) =    10.19091 eV ==== 
     psi = 0.332*[#   3]+0.332*[#   7]+0.083*[#   2]+0.083*[#   4]+0.083*[#   6]
          +0.083*[#   8]
    |psi|^2 = 0.997
==== e(   5) =    22.47518 eV ==== 
     psi = 0.296*[#   3]+0.296*[#   7]+0.078*[#   2]+0.078*[#   4]+0.078*[#   6]
          +0.078*[#   8]
    |psi|^2 = 0.905
==== e(   6) =    22.55088 eV ==== 
     psi = 0.226*[#   2]+0.226*[#   4]+0.226*[#   6]+0.226*[#   8]
    |psi|^2 = 0.903
==== e(   7) =    23.10588 eV ==== 
     psi = 0.342*[#   1]+0.342*[#   5]+0.046*[#   3]+0.046*[#   7]+0.038*[#   2]
          +0.038*[#   4]+0.038*[#   6]+0.038*[#   8]
    |psi|^2 = 0.925
==== e(   8) =    29.98192 eV ==== 
     psi = 0.119*[#   1]+0.119*[#   5]+0.070*[#   2]+0.070*[#   3]+0.070*[#   4]
          +0.070*[#   6]+0.070*[#   7]+0.070*[#   8]
    |psi|^2 = 0.660

 k =  -0.3535533906 -0.1767766953 -0.3535533906
==== e(   1) =    -4.86219 eV ==== 
     psi = 0.299*[#   1]+0.299*[#   5]+0.087*[#   3]+0.087*[#   7]+0.087*[#   2]
          +0.087*[#   6]+0.024*[#   4]+0.024*[#   8]
    |psi|^2 = 0.995
==== e(   2) =     0.75363 eV ==== 
     psi = 0.170*[#   4]+0.170*[#   8]+0.125*[#   1]+0.125*[#   5]+0.100*[#   3]
          +0.100*[#   7]+0.100*[#   2]+0.100*[#   6]
    |psi|^2 = 0.992
==== e(   3) =     8.01175 eV ==== 
     psi = 0.296*[#   4]+0.296*[#   8]+0.084*[#   2]+0.084*[#   6]+0.079*[#   3]
          +0.079*[#   7]+0.040*[#   1]+0.040*[#   5]
    |psi|^2 = 0.998
==== e(   4) =     9.79499 eV ==== 
     psi = 0.252*[#   3]+0.252*[#   7]+0.247*[#   2]+0.247*[#   6]
    |psi|^2 = 0.998
==== e(   5) =    22.36402 eV ==== 
     psi = 0.278*[#   4]+0.278*[#   8]+0.056*[#   1]+0.056*[#   5]+0.049*[#   3]
          +0.049*[#   7]+0.039*[#   2]+0.039*[#   6]
    |psi|^2 = 0.844
==== e(   6) =    23.31863 eV ==== 
     psi = 0.231*[#   2]+0.231*[#   6]+0.221*[#   3]+0.221*[#   7]
    |psi|^2 = 0.905
==== e(   7) =    24.60241 eV ==== 
     psi = 0.270*[#   1]+0.271*[#   5]+0.060*[#   4]+0.060*[#   8]+0.057*[#   3]
          +0.057*[#   7]+0.056*[#   2]+0.056*[#   6]
    |psi|^2 = 0.887
==== e(   8) =    29.92089 eV ==== 
     psi = 0.125*[#   1]+0.125*[#   5]+0.094*[#   4]+0.094*[#   8]+0.071*[#   2]
          +0.071*[#   6]+0.071*[#   3]+0.071*[#   7]
    |psi|^2 = 0.723

 k =  -0.4419417382 -0.0883883476 -0.4419417382
==== e(   1) =    -2.91467 eV ==== 
     psi = 0.294*[#   1]+0.294*[#   5]+0.082*[#   3]+0.082*[#   7]+0.082*[#   2]
          +0.082*[#   6]+0.041*[#   4]+0.041*[#   8]
    |psi|^2 = 0.997
==== e(   2) =     0.62961 eV ==== 
     psi = 0.204*[#   4]+0.204*[#   8]+0.116*[#   1]+0.116*[#   5]+0.089*[#   3]
          +0.089*[#   7]+0.088*[#   2]+0.088*[#   6]
    |psi|^2 = 0.994
==== e(   3) =     4.76150 eV ==== 
     psi = 0.271*[#   4]+0.271*[#   8]+0.081*[#   2]+0.081*[#   6]+0.080*[#   3]
          +0.080*[#   7]+0.068*[#   1]+0.068*[#   5]
    |psi|^2 = 0.998
==== e(   4) =     8.41725 eV ==== 
     psi = 0.250*[#   3]+0.250*[#   7]+0.249*[#   2]+0.249*[#   6]
    |psi|^2 = 0.998
==== e(   5) =    20.90877 eV ==== 
     psi = 0.227*[#   4]+0.227*[#   8]+0.103*[#   1]+0.103*[#   5]+0.035*[#   3]
          +0.035*[#   7]+0.034*[#   2]+0.034*[#   6]
    |psi|^2 = 0.797
==== e(   6) =    26.08883 eV ==== 
     psi = 0.232*[#   2]+0.232*[#   6]+0.232*[#   3]+0.232*[#   7]
    |psi|^2 = 0.929
==== e(   7) =    27.86327 eV ==== 
     psi = 0.213*[#   1]+0.213*[#   5]+0.076*[#   3]+0.076*[#   7]+0.076*[#   2]
          +0.076*[#   6]+0.066*[#   4]+0.066*[#   8]
    |psi|^2 = 0.865
==== e(   8) =    29.30771 eV ==== 
     psi = 0.134*[#   1]+0.134*[#   5]+0.131*[#   4]+0.131*[#   8]+0.054*[#   2]
          +0.054*[#   6]+0.053*[#   3]+0.053*[#   7]
    |psi|^2 = 0.744

 k =  -0.5303300859  0.0000000000 -0.5303300859
==== e(   1) =    -1.01287 eV ==== 
     psi = 0.281*[#   1]+0.281*[#   5]+0.139*[#   4]+0.139*[#   8]+0.040*[#   2]
          +0.040*[#   3]+0.040*[#   6]+0.040*[#   7]
    |psi|^2 = 0.998
==== e(   2) =     0.40957 eV ==== 
     psi = 0.256*[#   4]+0.256*[#   8]+0.187*[#   1]+0.187*[#   5]+0.028*[#   2]
          +0.028*[#   3]+0.028*[#   6]+0.028*[#   7]
    |psi|^2 = 0.997
==== e(   3) =     3.15674 eV ==== 
     psi = 0.169*[#   2]+0.169*[#   3]+0.169*[#   6]+0.169*[#   7]+0.159*[#   4]
          +0.159*[#   8]
    |psi|^2 = 0.996
==== e(   4) =     7.18537 eV ==== 
     psi = 0.250*[#   2]+0.250*[#   3]+0.250*[#   6]+0.250*[#   7]
    |psi|^2 = 0.999
==== e(   5) =    19.66608 eV ==== 
     psi = 0.200*[#   4]+0.200*[#   8]+0.156*[#   1]+0.156*[#   5]+0.020*[#   2]
          +0.020*[#   3]+0.020*[#   6]+0.020*[#   7]
    |psi|^2 = 0.793
==== e(   6) =    24.91632 eV ==== 
     psi = 0.147*[#   4]+0.147*[#   8]+0.145*[#   1]+0.145*[#   5]+0.026*[#   2]
          +0.026*[#   3]+0.026*[#   6]+0.026*[#   7]
    |psi|^2 = 0.685
==== e(   7) =    28.89125 eV ==== 
     psi = 0.239*[#   2]+0.239*[#   3]+0.239*[#   6]+0.239*[#   7]
    |psi|^2 = 0.957
==== e(   8) =    30.40364 eV ==== 
     psi = 0.153*[#   2]+0.153*[#   3]+0.153*[#   6]+0.153*[#   7]+0.141*[#   1]
          +0.141*[#   5]+0.003*[#   4]+0.003*[#   8]
    |psi|^2 = 0.900

 k =   0.0883883476 -0.6187184335  0.0883883476
==== e(   1) =    -2.62927 eV ==== 
     psi = 0.252*[#   4]+0.252*[#   8]+0.237*[#   1]+0.237*[#   5]+0.004*[#   2]
          +0.004*[#   6]+0.004*[#   3]+0.004*[#   7]
    |psi|^2 = 0.995
==== e(   2) =     1.63488 eV ==== 
     psi = 0.272*[#   4]+0.272*[#   8]+0.199*[#   1]+0.199*[#   5]+0.014*[#   3]
          +0.014*[#   7]+0.014*[#   2]+0.014*[#   6]
    |psi|^2 = 0.997
==== e(   3) =     5.13731 eV ==== 
     psi = 0.219*[#   3]+0.219*[#   7]+0.219*[#   2]+0.219*[#   6]+0.050*[#   4]
          +0.050*[#   8]+0.011*[#   1]+0.011*[#   5]
    |psi|^2 = 0.998
==== e(   4) =     6.59308 eV ==== 
     psi = 0.250*[#   2]+0.250*[#   6]+0.249*[#   3]+0.249*[#   7]
    |psi|^2 = 0.999
==== e(   5) =    18.93088 eV ==== 
     psi = 0.203*[#   4]+0.203*[#   8]+0.196*[#   1]+0.196*[#   5]+0.008*[#   2]
          +0.008*[#   6]+0.007*[#   3]+0.007*[#   7]
    |psi|^2 = 0.830
==== e(   6) =    20.99292 eV ==== 
     psi = 0.187*[#   1]+0.187*[#   5]+0.147*[#   4]+0.148*[#   8]+0.014*[#   3]
          +0.014*[#   7]+0.014*[#   2]+0.014*[#   6]
    |psi|^2 = 0.727
==== e(   7) =    30.30658 eV ==== 
     psi = 0.240*[#   3]+0.240*[#   7]+0.240*[#   2]+0.240*[#   6]
    |psi|^2 = 0.959
==== e(   8) =    30.68655 eV ==== 
     psi = 0.207*[#   2]+0.207*[#   6]+0.206*[#   3]+0.206*[#   7]+0.052*[#   1]
          +0.052*[#   5]+0.003*[#   4]+0.003*[#   8]
    |psi|^2 = 0.935

 k =   0.0000000000 -0.5303300859  0.0000000000
==== e(   1) =    -4.83234 eV ==== 
     psi = 0.253*[#   1]+0.253*[#   5]+0.244*[#   4]+0.244*[#   8]
    |psi|^2 = 0.993
==== e(   2) =     4.02200 eV ==== 
     psi = 0.329*[#   4]+0.329*[#   8]+0.170*[#   1]+0.170*[#   5]
    |psi|^2 = 0.998
==== e(   3) =     6.77730 eV ==== 
     psi = 0.250*[#   2]+0.250*[#   3]+0.250*[#   6]+0.250*[#   7]
    |psi|^2 = 0.999
==== e(   4) =     6.79369 eV ==== 
     psi = 0.250*[#   2]+0.250*[#   3]+0.250*[#   6]+0.250*[#   7]
    |psi|^2 = 0.999
==== e(   5) =    18.08185 eV ==== 
     psi = 0.241*[#   4]+0.241*[#   8]+0.215*[#   1]+0.215*[#   5]
    |psi|^2 = 0.912
==== e(   6) =    20.70395 eV ==== 
     psi = 0.208*[#   1]+0.208*[#   5]+0.118*[#   4]+0.118*[#   8]
    |psi|^2 = 0.653
==== e(   7) =    29.72347 eV ==== 
     psi = 0.239*[#   2]+0.239*[#   3]+0.239*[#   6]+0.239*[#   7]
    |psi|^2 = 0.958
==== e(   8) =    29.74566 eV ==== 
     psi = 0.239*[#   2]+0.239*[#   3]+0.239*[#   6]+0.239*[#   7]
    |psi|^2 = 0.957

 k =  -0.0883883476 -0.4419417382 -0.0883883476
==== e(   1) =    -6.14522 eV ==== 
     psi = 0.274*[#   1]+0.274*[#   5]+0.208*[#   4]+0.208*[#   8]+0.007*[#   3]
          +0.007*[#   7]+0.007*[#   2]+0.007*[#   6]
    |psi|^2 = 0.993
==== e(   2) =     5.04926 eV ==== 
     psi = 0.148*[#   4]+0.148*[#   8]+0.120*[#   1]+0.120*[#   5]+0.115*[#   3]
          +0.115*[#   7]+0.115*[#   2]+0.115*[#   6]
    |psi|^2 = 0.997
==== e(   3) =     7.46034 eV ==== 
     psi = 0.217*[#   4]+0.217*[#   8]+0.121*[#   2]+0.121*[#   6]+0.109*[#   3]
          +0.109*[#   7]+0.052*[#   1]+0.052*[#   5]
    |psi|^2 = 0.998
==== e(   4) =     7.71678 eV ==== 
     psi = 0.255*[#   3]+0.255*[#   7]+0.244*[#   2]+0.244*[#   6]
    |psi|^2 = 0.998
==== e(   5) =    19.18929 eV ==== 
     psi = 0.264*[#   4]+0.264*[#   8]+0.167*[#   1]+0.167*[#   5]+0.016*[#   3]
          +0.016*[#   7]+0.015*[#   2]+0.015*[#   6]
    |psi|^2 = 0.923
==== e(   6) =    23.38970 eV ==== 
     psi = 0.178*[#   1]+0.177*[#   5]+0.088*[#   4]+0.088*[#   8]+0.013*[#   2]
          +0.013*[#   6]+0.012*[#   3]+0.012*[#   7]
    |psi|^2 = 0.582
==== e(   7) =    27.28391 eV ==== 
     psi = 0.235*[#   2]+0.235*[#   6]+0.233*[#   3]+0.233*[#   7]
    |psi|^2 = 0.936
==== e(   8) =    27.42723 eV ==== 
     psi = 0.201*[#   3]+0.201*[#   7]+0.199*[#   2]+0.199*[#   6]+0.065*[#   1]
          +0.065*[#   5]+0.003*[#   4]+0.003*[#   8]
    |psi|^2 = 0.936

 k =  -0.1767766953 -0.3535533906 -0.1767766953
==== e(   1) =    -6.59019 eV ==== 
     psi = 0.293*[#   1]+0.293*[#   5]+0.140*[#   4]+0.140*[#   8]+0.032*[#   3]
          +0.032*[#   7]+0.032*[#   2]+0.032*[#   6]
    |psi|^2 = 0.993
==== e(   2) =     3.38632 eV ==== 
     psi = 0.143*[#   3]+0.143*[#   7]+0.142*[#   2]+0.142*[#   6]+0.126*[#   1]
          +0.126*[#   5]+0.086*[#   4]+0.086*[#   8]
    |psi|^2 = 0.994
==== e(   3) =     9.09850 eV ==== 
     psi = 0.258*[#   2]+0.258*[#   6]+0.240*[#   3]+0.240*[#   7]
    |psi|^2 = 0.998
==== e(   4) =     9.55049 eV ==== 
     psi = 0.325*[#   4]+0.325*[#   8]+0.075*[#   3]+0.075*[#   7]+0.058*[#   2]
          +0.058*[#   6]+0.040*[#   1]+0.040*[#   5]
    |psi|^2 = 0.997
==== e(   5) =    21.10155 eV ==== 
     psi = 0.300*[#   4]+0.300*[#   8]+0.081*[#   1]+0.081*[#   5]+0.038*[#   3]
          +0.038*[#   7]+0.034*[#   2]+0.034*[#   6]
    |psi|^2 = 0.906
==== e(   6) =    24.30375 eV ==== 
     psi = 0.233*[#   2]+0.233*[#   6]+0.224*[#   3]+0.224*[#   7]
    |psi|^2 = 0.915
==== e(   7) =    24.50232 eV ==== 
     psi = 0.192*[#   1]+0.192*[#   5]+0.136*[#   3]+0.136*[#   7]+0.131*[#   2]
          +0.131*[#   6]
    |psi|^2 = 0.920
==== e(   8) =    27.79217 eV ==== 
     psi = 0.160*[#   1]+0.160*[#   5]+0.081*[#   4]+0.081*[#   8]+0.037*[#   2]
          +0.037*[#   3]+0.037*[#   6]+0.037*[#   7]
    |psi|^2 = 0.632

 k =  -0.1767766953 -0.1767766953 -0.1767766953
==== e(   1) =    -8.35505 eV ==== 
     psi = 0.331*[#   1]+0.331*[#   5]+0.055*[#   3]+0.055*[#   7]+0.055*[#   2]
          +0.055*[#   4]+0.055*[#   6]+0.055*[#   8]
    |psi|^2 = 0.993
==== e(   2) =     6.04087 eV ==== 
     psi = 0.129*[#   3]+0.129*[#   7]+0.128*[#   2]+0.128*[#   4]+0.128*[#   6]
          +0.128*[#   8]+0.112*[#   1]+0.112*[#   5]
    |psi|^2 = 0.992
==== e(   3) =    10.95909 eV ==== 
     psi = 0.249*[#   2]+0.249*[#   4]+0.249*[#   6]+0.249*[#   8]
    |psi|^2 = 0.996
==== e(   4) =    11.00874 eV ==== 
     psi = 0.331*[#   3]+0.331*[#   7]+0.083*[#   2]+0.083*[#   4]+0.083*[#   6]
          +0.083*[#   8]
    |psi|^2 = 0.996
==== e(   5) =    21.86852 eV ==== 
     psi = 0.310*[#   3]+0.310*[#   7]+0.083*[#   2]+0.083*[#   4]+0.083*[#   6]
          +0.083*[#   8]
    |psi|^2 = 0.951
==== e(   6) =    21.93226 eV ==== 
     psi = 0.237*[#   2]+0.237*[#   4]+0.237*[#   6]+0.237*[#   8]
    |psi|^2 = 0.950
==== e(   7) =    22.50369 eV ==== 
     psi = 0.225*[#   1]+0.225*[#   5]+0.091*[#   3]+0.091*[#   7]+0.081*[#   2]
          +0.081*[#   4]+0.081*[#   6]+0.081*[#   8]
    |psi|^2 = 0.953
==== e(   8) =    29.40198 eV ==== 
     psi = 0.268*[#   1]+0.268*[#   5]+0.053*[#   2]+0.053*[#   3]+0.053*[#   4]
          +0.053*[#   6]+0.053*[#   7]+0.053*[#   8]
    |psi|^2 = 0.852

 k =  -0.2651650429 -0.0883883476 -0.2651650429
==== e(   1) =    -7.32158 eV ==== 
     psi = 0.302*[#   1]+0.302*[#   5]+0.092*[#   2]+0.092*[#   3]+0.092*[#   6]
          +0.092*[#   7]+0.011*[#   4]+0.011*[#   8]
    |psi|^2 = 0.993
==== e(   2) =     4.80104 eV ==== 
     psi = 0.173*[#   4]+0.173*[#   8]+0.115*[#   1]+0.115*[#   5]+0.105*[#   3]
          +0.105*[#   7]+0.104*[#   2]+0.104*[#   6]
    |psi|^2 = 0.994
==== e(   3) =     8.26547 eV ==== 
     psi = 0.281*[#   4]+0.281*[#   8]+0.088*[#   2]+0.088*[#   6]+0.085*[#   3]
          +0.085*[#   7]+0.044*[#   1]+0.044*[#   5]
    |psi|^2 = 0.996
==== e(   4) =    10.92955 eV ==== 
     psi = 0.250*[#   3]+0.250*[#   7]+0.248*[#   2]+0.248*[#   6]
    |psi|^2 = 0.997
==== e(   5) =    22.22005 eV ==== 
     psi = 0.242*[#   3]+0.242*[#   7]+0.233*[#   2]+0.233*[#   6]
    |psi|^2 = 0.951
==== e(   6) =    22.89416 eV ==== 
     psi = 0.305*[#   4]+0.305*[#   8]+0.060*[#   1]+0.060*[#   5]+0.048*[#   2]
          +0.048*[#   6]+0.039*[#   3]+0.039*[#   7]
    |psi|^2 = 0.904
==== e(   7) =    23.93665 eV ==== 
     psi = 0.169*[#   1]+0.169*[#   5]+0.140*[#   4]+0.140*[#   8]+0.076*[#   3]
          +0.076*[#   7]+0.075*[#   2]+0.075*[#   6]
    |psi|^2 = 0.921
==== e(   8) =    28.74021 eV ==== 
     psi = 0.234*[#   1]+0.234*[#   5]+0.061*[#   2]+0.061*[#   3]+0.061*[#   6]
          +0.061*[#   7]+0.030*[#   4]+0.030*[#   8]
    |psi|^2 = 0.772

 k =  -0.3535533906  0.0000000000 -0.3535533906
==== e(   1) =    -5.38990 eV ==== 
     psi = 0.279*[#   1]+0.279*[#   5]+0.105*[#   2]+0.105*[#   3]+0.105*[#   6]
          +0.105*[#   7]+0.008*[#   4]+0.008*[#   8]
    |psi|^2 = 0.994
==== e(   2) =     3.70665 eV ==== 
     psi = 0.193*[#   4]+0.193*[#   8]+0.132*[#   1]+0.132*[#   5]+0.087*[#   2]
          +0.087*[#   3]+0.087*[#   6]+0.087*[#   7]
    |psi|^2 = 0.998
==== e(   3) =     4.93097 eV ==== 
     psi = 0.275*[#   4]+0.275*[#   8]+0.078*[#   2]+0.078*[#   3]+0.078*[#   6]
          +0.078*[#   7]+0.066*[#   1]+0.066*[#   5]
    |psi|^2 = 0.995
==== e(   4) =     9.69700 eV ==== 
     psi = 0.249*[#   2]+0.249*[#   3]+0.249*[#   6]+0.249*[#   7]
    |psi|^2 = 0.998
==== e(   5) =    22.07378 eV ==== 
     psi = 0.251*[#   4]+0.251*[#   8]+0.075*[#   1]+0.075*[#   5]+0.043*[#   2]
          +0.043*[#   3]+0.043*[#   6]+0.043*[#   7]
    |psi|^2 = 0.823
==== e(   6) =    24.22599 eV ==== 
     psi = 0.239*[#   2]+0.239*[#   3]+0.239*[#   6]+0.239*[#   7]
    |psi|^2 = 0.956
==== e(   7) =    26.76715 eV ==== 
     psi = 0.176*[#   4]+0.176*[#   8]+0.125*[#   1]+0.125*[#   5]+0.061*[#   2]
          +0.061*[#   3]+0.061*[#   6]+0.061*[#   7]
    |psi|^2 = 0.848
==== e(   8) =    28.52697 eV ==== 
     psi = 0.265*[#   1]+0.265*[#   5]+0.068*[#   2]+0.068*[#   3]+0.068*[#   6]
          +0.068*[#   7]+0.007*[#   4]+0.007*[#   8]
    |psi|^2 = 0.818

 k =  -0.4419417382  0.0883883476 -0.4419417382
==== e(   1) =    -2.91467 eV ==== 
     psi = 0.294*[#   1]+0.294*[#   5]+0.082*[#   2]+0.082*[#   6]+0.082*[#   3]
          +0.082*[#   7]+0.041*[#   4]+0.041*[#   8]
    |psi|^2 = 0.997
==== e(   2) =     0.62961 eV ==== 
     psi = 0.204*[#   4]+0.204*[#   8]+0.116*[#   1]+0.116*[#   5]+0.089*[#   2]
          +0.089*[#   6]+0.088*[#   3]+0.088*[#   7]
    |psi|^2 = 0.994
==== e(   3) =     4.76150 eV ==== 
     psi = 0.271*[#   4]+0.271*[#   8]+0.081*[#   3]+0.081*[#   7]+0.080*[#   2]
          +0.080*[#   6]+0.068*[#   1]+0.068*[#   5]
    |psi|^2 = 0.998
==== e(   4) =     8.41725 eV ==== 
     psi = 0.250*[#   2]+0.250*[#   6]+0.249*[#   3]+0.249*[#   7]
    |psi|^2 = 0.998
==== e(   5) =    20.90877 eV ==== 
     psi = 0.227*[#   4]+0.227*[#   8]+0.103*[#   1]+0.103*[#   5]+0.035*[#   2]
          +0.035*[#   6]+0.034*[#   3]+0.034*[#   7]
    |psi|^2 = 0.797
==== e(   6) =    26.08883 eV ==== 
     psi = 0.232*[#   3]+0.232*[#   7]+0.232*[#   2]+0.232*[#   6]
    |psi|^2 = 0.929
==== e(   7) =    27.86327 eV ==== 
     psi = 0.213*[#   1]+0.213*[#   5]+0.076*[#   2]+0.076*[#   6]+0.076*[#   3]
          +0.076*[#   7]+0.066*[#   4]+0.066*[#   8]
    |psi|^2 = 0.865
==== e(   8) =    29.30771 eV ==== 
     psi = 0.134*[#   1]+0.134*[#   5]+0.131*[#   4]+0.131*[#   8]+0.054*[#   3]
          +0.054*[#   7]+0.053*[#   2]+0.053*[#   6]
    |psi|^2 = 0.744

 k =   0.1767766953 -0.5303300859  0.1767766953
==== e(   1) =    -3.68726 eV ==== 
     psi = 0.271*[#   1]+0.271*[#   5]+0.193*[#   4]+0.193*[#   8]+0.017*[#   2]
          +0.017*[#   6]+0.017*[#   3]+0.017*[#   7]
    |psi|^2 = 0.995
==== e(   2) =     1.46758 eV ==== 
     psi = 0.136*[#   2]+0.136*[#   6]+0.136*[#   3]+0.136*[#   7]+0.135*[#   1]
          +0.135*[#   5]+0.091*[#   4]+0.091*[#   8]
    |psi|^2 = 0.995
==== e(   3) =     5.86231 eV ==== 
     psi = 0.269*[#   4]+0.269*[#   8]+0.085*[#   3]+0.085*[#   7]+0.082*[#   2]
          +0.082*[#   6]+0.063*[#   1]+0.063*[#   5]
    |psi|^2 = 0.998
==== e(   4) =     7.68608 eV ==== 
     psi = 0.251*[#   2]+0.251*[#   6]+0.249*[#   3]+0.249*[#   7]
    |psi|^2 = 0.999
==== e(   5) =    20.10557 eV ==== 
     psi = 0.230*[#   4]+0.230*[#   8]+0.138*[#   1]+0.138*[#   5]+0.024*[#   2]
          +0.024*[#   6]+0.022*[#   3]+0.022*[#   7]
    |psi|^2 = 0.826
==== e(   6) =    25.58986 eV ==== 
     psi = 0.134*[#   1]+0.134*[#   5]+0.119*[#   4]+0.119*[#   8]+0.032*[#   3]
          +0.032*[#   7]+0.032*[#   2]+0.032*[#   6]
    |psi|^2 = 0.633
==== e(   7) =    27.17699 eV ==== 
     psi = 0.228*[#   3]+0.228*[#   7]+0.227*[#   2]+0.227*[#   6]
    |psi|^2 = 0.911
==== e(   8) =    27.90645 eV ==== 
     psi = 0.165*[#   1]+0.165*[#   5]+0.131*[#   2]+0.131*[#   6]+0.130*[#   3]
          +0.130*[#   7]+0.018*[#   4]+0.018*[#   8]
    |psi|^2 = 0.889

 k =   0.0883883476 -0.4419417382  0.0883883476
==== e(   1) =    -6.14522 eV ==== 
     psi = 0.274*[#   1]+0.274*[#   5]+0.208*[#   4]+0.208*[#   8]+0.007*[#   2]
          +0.007*[#   6]+0.007*[#   3]+0.007*[#   7]
    |psi|^2 = 0.993
==== e(   2) =     5.04926 eV ==== 
     psi = 0.148*[#   4]+0.148*[#   8]+0.120*[#   1]+0.120*[#   5]+0.115*[#   2]
          +0.115*[#   6]+0.115*[#   3]+0.115*[#   7]
    |psi|^2 = 0.997
==== e(   3) =     7.46034 eV ==== 
     psi = 0.217*[#   4]+0.217*[#   8]+0.121*[#   3]+0.121*[#   7]+0.109*[#   2]
          +0.109*[#   6]+0.052*[#   1]+0.052*[#   5]
    |psi|^2 = 0.998
==== e(   4) =     7.71678 eV ==== 
     psi = 0.255*[#   2]+0.255*[#   6]+0.244*[#   3]+0.244*[#   7]
    |psi|^2 = 0.998
==== e(   5) =    19.18929 eV ==== 
     psi = 0.264*[#   4]+0.264*[#   8]+0.167*[#   1]+0.167*[#   5]+0.016*[#   2]
          +0.016*[#   6]+0.015*[#   3]+0.015*[#   7]
    |psi|^2 = 0.923
==== e(   6) =    23.38970 eV ==== 
     psi = 0.178*[#   1]+0.177*[#   5]+0.088*[#   4]+0.088*[#   8]+0.013*[#   3]
          +0.013*[#   7]+0.012*[#   2]+0.012*[#   6]
    |psi|^2 = 0.582
==== e(   7) =    27.28391 eV ==== 
     psi = 0.235*[#   3]+0.235*[#   7]+0.233*[#   2]+0.233*[#   6]
    |psi|^2 = 0.936
==== e(   8) =    27.42723 eV ==== 
     psi = 0.201*[#   2]+0.201*[#   6]+0.199*[#   3]+0.199*[#   7]+0.065*[#   1]
          +0.065*[#   5]+0.003*[#   4]+0.003*[#   8]
    |psi|^2 = 0.936

 k =   0.0000000000 -0.3535533906  0.0000000000
==== e(   1) =    -7.76119 eV ==== 
     psi = 0.302*[#   1]+0.302*[#   5]+0.194*[#   4]+0.194*[#   8]
    |psi|^2 = 0.993
==== e(   2) =     8.30455 eV ==== 
     psi = 0.372*[#   4]+0.372*[#   8]+0.119*[#   1]+0.119*[#   5]+0.003*[#   2]
          +0.003*[#   3]+0.003*[#   6]+0.003*[#   7]
    |psi|^2 = 0.997
==== e(   3) =     8.46473 eV ==== 
     psi = 0.250*[#   2]+0.250*[#   3]+0.250*[#   6]+0.250*[#   7]
    |psi|^2 = 0.998
==== e(   4) =     8.48677 eV ==== 
     psi = 0.246*[#   2]+0.246*[#   3]+0.246*[#   6]+0.246*[#   7]+0.005*[#   4]
          +0.005*[#   8]+0.002*[#   1]+0.002*[#   5]
    |psi|^2 = 0.998
==== e(   5) =    18.46560 eV ==== 
     psi = 0.296*[#   4]+0.296*[#   8]+0.185*[#   1]+0.185*[#   5]
    |psi|^2 = 0.962
==== e(   6) =    24.40235 eV ==== 
     psi = 0.208*[#   1]+0.208*[#   5]+0.073*[#   4]+0.073*[#   8]
    |psi|^2 = 0.562
==== e(   7) =    25.93690 eV ==== 
     psi = 0.239*[#   2]+0.239*[#   3]+0.239*[#   6]+0.239*[#   7]
    |psi|^2 = 0.955
==== e(   8) =    25.95453 eV ==== 
     psi = 0.239*[#   2]+0.239*[#   3]+0.239*[#   6]+0.239*[#   7]
    |psi|^2 = 0.954

 k =  -0.0883883476 -0.2651650429 -0.0883883476
==== e(   1) =    -8.49786 eV ==== 
     psi = 0.332*[#   1]+0.332*[#   5]+0.136*[#   4]+0.136*[#   8]+0.014*[#   2]
          +0.014*[#   3]+0.014*[#   6]+0.014*[#   7]
    |psi|^2 = 0.993
==== e(   2) =     7.57032 eV ==== 
     psi = 0.158*[#   3]+0.158*[#   7]+0.156*[#   2]+0.156*[#   6]+0.106*[#   4]
          +0.106*[#   8]+0.078*[#   1]+0.078*[#   5]
    |psi|^2 = 0.995
==== e(   3) =     9.78245 eV ==== 
     psi = 0.254*[#   2]+0.254*[#   6]+0.245*[#   3]+0.245*[#   7]
    |psi|^2 = 0.997
==== e(   4) =    10.76031 eV ==== 
     psi = 0.322*[#   4]+0.322*[#   8]+0.072*[#   3]+0.072*[#   7]+0.065*[#   2]
          +0.065*[#   6]+0.039*[#   1]+0.039*[#   5]
    |psi|^2 = 0.996
==== e(   5) =    19.90711 eV ==== 
     psi = 0.331*[#   4]+0.331*[#   8]+0.099*[#   1]+0.099*[#   5]+0.027*[#   3]
          +0.027*[#   7]+0.025*[#   2]+0.025*[#   6]
    |psi|^2 = 0.963
==== e(   6) =    23.63842 eV ==== 
     psi = 0.262*[#   2]+0.262*[#   6]+0.214*[#   3]+0.214*[#   7]+0.001*[#   1]
          +0.001*[#   5]
    |psi|^2 = 0.955
==== e(   7) =    23.66836 eV ==== 
     psi = 0.225*[#   3]+0.225*[#   7]+0.179*[#   2]+0.179*[#   6]+0.072*[#   1]
          +0.072*[#   5]+0.002*[#   4]+0.002*[#   8]
    |psi|^2 = 0.955
==== e(   8) =    27.31171 eV ==== 
     psi = 0.247*[#   1]+0.247*[#   5]+0.063*[#   4]+0.063*[#   8]+0.013*[#   3]
          +0.013*[#   7]+0.012*[#   2]+0.012*[#   6]
    |psi|^2 = 0.671

 k =  -0.0883883476 -0.0883883476 -0.0883883476
==== e(   1) =    -9.68208 eV ==== 
     psi = 0.420*[#   1]+0.420*[#   5]+0.026*[#   2]+0.026*[#   3]+0.026*[#   4]
          +0.026*[#   6]+0.026*[#   7]+0.026*[#   8]
    |psi|^2 = 0.994
==== e(   2) =    10.31492 eV ==== 
     psi = 0.154*[#   3]+0.154*[#   7]+0.149*[#   2]+0.149*[#   4]+0.149*[#   6]
          +0.149*[#   8]+0.044*[#   1]+0.044*[#   5]
    |psi|^2 = 0.992
==== e(   3) =    12.08295 eV ==== 
     psi = 0.248*[#   2]+0.248*[#   4]+0.248*[#   6]+0.248*[#   8]
    |psi|^2 = 0.993
==== e(   4) =    12.13739 eV ==== 
     psi = 0.328*[#   3]+0.328*[#   7]+0.084*[#   2]+0.084*[#   4]+0.084*[#   6]
          +0.084*[#   8]
    |psi|^2 = 0.993
==== e(   5) =    20.49947 eV ==== 
     psi = 0.313*[#   3]+0.313*[#   7]+0.086*[#   2]+0.086*[#   4]+0.086*[#   6]
          +0.086*[#   8]
    |psi|^2 = 0.972
==== e(   6) =    20.55174 eV ==== 
     psi = 0.243*[#   2]+0.243*[#   4]+0.243*[#   6]+0.243*[#   8]
    |psi|^2 = 0.971
==== e(   7) =    21.07963 eV ==== 
     psi = 0.146*[#   3]+0.146*[#   7]+0.130*[#   2]+0.130*[#   4]+0.130*[#   6]
          +0.130*[#   8]+0.079*[#   1]+0.079*[#   5]
    |psi|^2 = 0.969
==== e(   8) =    28.64776 eV ==== 
     psi = 0.424*[#   1]+0.424*[#   5]+0.016*[#   2]+0.016*[#   3]+0.016*[#   4]
          +0.016*[#   6]+0.016*[#   7]+0.016*[#   8]
    |psi|^2 = 0.945

 k =  -0.1767766953  0.0000000000 -0.1767766953
==== e(   1) =    -8.94115 eV ==== 
     psi = 0.355*[#   1]+0.355*[#   5]+0.071*[#   2]+0.071*[#   3]+0.071*[#   6]
          +0.071*[#   7]
    |psi|^2 = 0.993
==== e(   2) =     8.70853 eV ==== 
     psi = 0.155*[#   2]+0.155*[#   3]+0.155*[#   6]+0.155*[#   7]+0.125*[#   4]
          +0.125*[#   8]+0.062*[#   1]+0.062*[#   5]
    |psi|^2 = 0.995
==== e(   3) =     9.42115 eV ==== 
     psi = 0.332*[#   4]+0.332*[#   8]+0.061*[#   2]+0.061*[#   3]+0.061*[#   6]
          +0.061*[#   7]+0.042*[#   1]+0.042*[#   5]
    |psi|^2 = 0.993
==== e(   4) =    12.04028 eV ==== 
     psi = 0.249*[#   2]+0.249*[#   3]+0.249*[#   6]+0.249*[#   7]
    |psi|^2 = 0.995
==== e(   5) =    20.79867 eV ==== 
     psi = 0.242*[#   2]+0.242*[#   3]+0.242*[#   6]+0.242*[#   7]
    |psi|^2 = 0.970
==== e(   6) =    22.28904 eV ==== 
     psi = 0.158*[#   4]+0.158*[#   8]+0.113*[#   2]+0.113*[#   3]+0.113*[#   6]
          +0.113*[#   7]+0.095*[#   1]+0.095*[#   5]
    |psi|^2 = 0.959
==== e(   7) =    22.42688 eV ==== 
     psi = 0.352*[#   4]+0.352*[#   8]+0.046*[#   1]+0.046*[#   5]+0.040*[#   2]
          +0.040*[#   3]+0.040*[#   6]+0.040*[#   7]
    |psi|^2 = 0.957
==== e(   8) =    28.56677 eV ==== 
     psi = 0.338*[#   1]+0.338*[#   5]+0.045*[#   2]+0.045*[#   3]+0.045*[#   6]
          +0.045*[#   7]+0.002*[#   4]+0.002*[#   8]
    |psi|^2 = 0.858

 k =  -0.2651650429  0.0883883476 -0.2651650429
==== e(   1) =    -7.32158 eV ==== 
     psi = 0.302*[#   1]+0.302*[#   5]+0.092*[#   2]+0.092*[#   3]+0.092*[#   6]
          +0.092*[#   7]+0.011*[#   4]+0.011*[#   8]
    |psi|^2 = 0.993
==== e(   2) =     4.80104 eV ==== 
     psi = 0.173*[#   4]+0.173*[#   8]+0.115*[#   1]+0.115*[#   5]+0.105*[#   2]
          +0.105*[#   6]+0.104*[#   3]+0.104*[#   7]
    |psi|^2 = 0.994
==== e(   3) =     8.26547 eV ==== 
     psi = 0.281*[#   4]+0.281*[#   8]+0.088*[#   3]+0.088*[#   7]+0.085*[#   2]
          +0.085*[#   6]+0.044*[#   1]+0.044*[#   5]
    |psi|^2 = 0.996
==== e(   4) =    10.92955 eV ==== 
     psi = 0.250*[#   2]+0.250*[#   6]+0.248*[#   3]+0.248*[#   7]
    |psi|^2 = 0.997
==== e(   5) =    22.22005 eV ==== 
     psi = 0.242*[#   2]+0.242*[#   6]+0.233*[#   3]+0.233*[#   7]
    |psi|^2 = 0.951
==== e(   6) =    22.89416 eV ==== 
     psi = 0.305*[#   4]+0.305*[#   8]+0.060*[#   1]+0.060*[#   5]+0.048*[#   3]
          +0.048*[#   7]+0.039*[#   2]+0.039*[#   6]
    |psi|^2 = 0.904
==== e(   7) =    23.93665 eV ==== 
     psi = 0.169*[#   1]+0.169*[#   5]+0.140*[#   4]+0.140*[#   8]+0.076*[#   2]
          +0.076*[#   6]+0.075*[#   3]+0.075*[#   7]
    |psi|^2 = 0.921
==== e(   8) =    28.74021 eV ==== 
     psi = 0.234*[#   1]+0.234*[#   5]+0.061*[#   2]+0.061*[#   3]+0.061*[#   6]
          +0.061*[#   7]+0.030*[#   4]+0.030*[#   8]
    |psi|^2 = 0.772

 k =  -0.3535533906  0.1767766953 -0.3535533906
==== e(   1) =    -4.86219 eV ==== 
     psi = 0.299*[#   1]+0.299*[#   5]+0.087*[#   2]+0.087*[#   6]+0.087*[#   3]
          +0.087*[#   7]+0.024*[#   4]+0.024*[#   8]
    |psi|^2 = 0.995
==== e(   2) =     0.75363 eV ==== 
     psi = 0.170*[#   4]+0.170*[#   8]+0.125*[#   1]+0.125*[#   5]+0.100*[#   2]
          +0.100*[#   6]+0.100*[#   3]+0.100*[#   7]
    |psi|^2 = 0.992
==== e(   3) =     8.01175 eV ==== 
     psi = 0.296*[#   4]+0.296*[#   8]+0.084*[#   3]+0.084*[#   7]+0.079*[#   2]
          +0.079*[#   6]+0.040*[#   1]+0.040*[#   5]
    |psi|^2 = 0.998
==== e(   4) =     9.79499 eV ==== 
     psi = 0.252*[#   2]+0.252*[#   6]+0.247*[#   3]+0.247*[#   7]
    |psi|^2 = 0.998
==== e(   5) =    22.36402 eV ==== 
     psi = 0.278*[#   4]+0.278*[#   8]+0.056*[#   1]+0.056*[#   5]+0.049*[#   2]
          +0.049*[#   6]+0.039*[#   3]+0.039*[#   7]
    |psi|^2 = 0.844
==== e(   6) =    23.31863 eV ==== 
     psi = 0.231*[#   3]+0.231*[#   7]+0.221*[#   2]+0.221*[#   6]
    |psi|^2 = 0.905
==== e(   7) =    24.60241 eV ==== 
     psi = 0.270*[#   1]+0.271*[#   5]+0.060*[#   4]+0.060*[#   8]+0.057*[#   2]
          +0.057*[#   6]+0.056*[#   3]+0.056*[#   7]
    |psi|^2 = 0.887
==== e(   8) =    29.92089 eV ==== 
     psi = 0.125*[#   1]+0.125*[#   5]+0.094*[#   4]+0.094*[#   8]+0.071*[#   3]
          +0.071*[#   7]+0.071*[#   2]+0.071*[#   6]
    |psi|^2 = 0.723

 k =   0.2651650429 -0.4419417382  0.2651650429
==== e(   1) =    -3.98775 eV ==== 
     psi = 0.324*[#   1]+0.324*[#   5]+0.108*[#   4]+0.108*[#   8]+0.034*[#   2]
          +0.034*[#   6]+0.033*[#   3]+0.033*[#   7]
    |psi|^2 = 0.997
==== e(   2) =    -0.37464 eV ==== 
     psi = 0.146*[#   2]+0.146*[#   6]+0.146*[#   3]+0.146*[#   7]+0.102*[#   1]
          +0.102*[#   5]+0.101*[#   4]+0.101*[#   8]
    |psi|^2 = 0.990
==== e(   3) =     8.50007 eV ==== 
     psi = 0.314*[#   4]+0.314*[#   8]+0.080*[#   3]+0.080*[#   7]+0.066*[#   2]
          +0.066*[#   6]+0.039*[#   1]+0.039*[#   5]
    |psi|^2 = 0.998
==== e(   4) =     9.10497 eV ==== 
     psi = 0.256*[#   2]+0.256*[#   6]+0.243*[#   3]+0.243*[#   7]
    |psi|^2 = 0.998
==== e(   5) =    21.73077 eV ==== 
     psi = 0.277*[#   4]+0.277*[#   8]+0.067*[#   1]+0.067*[#   5]+0.041*[#   2]
          +0.041*[#   6]+0.036*[#   3]+0.036*[#   7]
    |psi|^2 = 0.844
==== e(   6) =    24.00336 eV ==== 
     psi = 0.225*[#   3]+0.225*[#   7]+0.218*[#   2]+0.218*[#   6]
    |psi|^2 = 0.886
==== e(   7) =    24.72317 eV ==== 
     psi = 0.276*[#   1]+0.276*[#   5]+0.078*[#   2]+0.078*[#   6]+0.077*[#   3]
          +0.077*[#   7]+0.014*[#   4]+0.014*[#   8]
    |psi|^2 = 0.889
==== e(   8) =    29.60796 eV ==== 
     psi = 0.108*[#   4]+0.108*[#   8]+0.104*[#   1]+0.104*[#   5]+0.060*[#   3]
          +0.060*[#   7]+0.059*[#   2]+0.059*[#   6]
    |psi|^2 = 0.663

 k =   0.1767766953 -0.3535533906  0.1767766953
==== e(   1) =    -6.59019 eV ==== 
     psi = 0.293*[#   1]+0.293*[#   5]+0.140*[#   4]+0.140*[#   8]+0.032*[#   2]
          +0.032*[#   6]+0.032*[#   3]+0.032*[#   7]
    |psi|^2 = 0.993
==== e(   2) =     3.38632 eV ==== 
     psi = 0.143*[#   2]+0.143*[#   6]+0.142*[#   3]+0.142*[#   7]+0.126*[#   1]
          +0.126*[#   5]+0.086*[#   4]+0.086*[#   8]
    |psi|^2 = 0.994
==== e(   3) =     9.09850 eV ==== 
     psi = 0.258*[#   3]+0.258*[#   7]+0.240*[#   2]+0.240*[#   6]
    |psi|^2 = 0.998
==== e(   4) =     9.55049 eV ==== 
     psi = 0.325*[#   4]+0.325*[#   8]+0.075*[#   2]+0.075*[#   6]+0.058*[#   3]
          +0.058*[#   7]+0.040*[#   1]+0.040*[#   5]
    |psi|^2 = 0.997
==== e(   5) =    21.10155 eV ==== 
     psi = 0.300*[#   4]+0.300*[#   8]+0.081*[#   1]+0.081*[#   5]+0.038*[#   2]
          +0.038*[#   6]+0.034*[#   3]+0.034*[#   7]
    |psi|^2 = 0.906
==== e(   6) =    24.30375 eV ==== 
     psi = 0.233*[#   3]+0.233*[#   7]+0.224*[#   2]+0.224*[#   6]
    |psi|^2 = 0.915
==== e(   7) =    24.50232 eV ==== 
     psi = 0.192*[#   1]+0.192*[#   5]+0.136*[#   2]+0.136*[#   6]+0.131*[#   3]
          +0.131*[#   7]
    |psi|^2 = 0.920
==== e(   8) =    27.79217 eV ==== 
     psi = 0.160*[#   1]+0.160*[#   5]+0.081*[#   4]+0.081*[#   8]+0.037*[#   2]
          +0.037*[#   3]+0.037*[#   6]+0.037*[#   7]
    |psi|^2 = 0.632

 k =   0.0883883476 -0.2651650429  0.0883883476
==== e(   1) =    -8.49786 eV ==== 
     psi = 0.332*[#   1]+0.332*[#   5]+0.136*[#   4]+0.136*[#   8]+0.014*[#   2]
          +0.014*[#   3]+0.014*[#   6]+0.014*[#   7]
    |psi|^2 = 0.993
==== e(   2) =     7.57032 eV ==== 
     psi = 0.158*[#   2]+0.158*[#   6]+0.156*[#   3]+0.156*[#   7]+0.106*[#   4]
          +0.106*[#   8]+0.078*[#   1]+0.078*[#   5]
    |psi|^2 = 0.995
==== e(   3) =     9.78245 eV ==== 
     psi = 0.254*[#   3]+0.254*[#   7]+0.245*[#   2]+0.245*[#   6]
    |psi|^2 = 0.997
==== e(   4) =    10.76031 eV ==== 
     psi = 0.322*[#   4]+0.322*[#   8]+0.072*[#   2]+0.072*[#   6]+0.065*[#   3]
          +0.065*[#   7]+0.039*[#   1]+0.039*[#   5]
    |psi|^2 = 0.996
==== e(   5) =    19.90711 eV ==== 
     psi = 0.331*[#   4]+0.331*[#   8]+0.099*[#   1]+0.099*[#   5]+0.027*[#   2]
          +0.027*[#   6]+0.025*[#   3]+0.025*[#   7]
    |psi|^2 = 0.963
==== e(   6) =    23.63842 eV ==== 
     psi = 0.262*[#   3]+0.262*[#   7]+0.214*[#   2]+0.214*[#   6]+0.001*[#   1]
          +0.001*[#   5]
    |psi|^2 = 0.955
==== e(   7) =    23.66836 eV ==== 
     psi = 0.225*[#   2]+0.225*[#   6]+0.179*[#   3]+0.179*[#   7]+0.072*[#   1]
          +0.072*[#   5]+0.002*[#   4]+0.002*[#   8]
    |psi|^2 = 0.955
==== e(   8) =    27.31171 eV ==== 
     psi = 0.247*[#   1]+0.247*[#   5]+0.063*[#   4]+0.063*[#   8]+0.013*[#   2]
          +0.013*[#   6]+0.012*[#   3]+0.012*[#   7]
    |psi|^2 = 0.671

 k =   0.0000000000 -0.1767766953  0.0000000000
==== e(   1) =    -9.53229 eV ==== 
     psi = 0.402*[#   1]+0.402*[#   5]+0.095*[#   4]+0.095*[#   8]
    |psi|^2 = 0.994
==== e(   2) =    10.95571 eV ==== 
     psi = 0.249*[#   2]+0.249*[#   3]+0.249*[#   6]+0.249*[#   7]
    |psi|^2 = 0.995
==== e(   3) =    10.98330 eV ==== 
     psi = 0.248*[#   2]+0.248*[#   3]+0.248*[#   6]+0.248*[#   7]+0.001*[#   4]
          +0.001*[#   8]
    |psi|^2 = 0.994
==== e(   4) =    11.51377 eV ==== 
     psi = 0.446*[#   4]+0.446*[#   8]+0.049*[#   1]+0.049*[#   5]
    |psi|^2 = 0.993
==== e(   5) =    19.24934 eV ==== 
     psi = 0.393*[#   4]+0.393*[#   8]+0.093*[#   1]+0.093*[#   5]
    |psi|^2 = 0.973
==== e(   6) =    21.96568 eV ==== 
     psi = 0.242*[#   2]+0.242*[#   3]+0.242*[#   6]+0.242*[#   7]
    |psi|^2 = 0.969
==== e(   7) =    21.98875 eV ==== 
     psi = 0.242*[#   2]+0.242*[#   3]+0.242*[#   6]+0.242*[#   7]
    |psi|^2 = 0.968
==== e(   8) =    28.12362 eV ==== 
     psi = 0.382*[#   1]+0.382*[#   5]+0.047*[#   4]+0.047*[#   8]
    |psi|^2 = 0.859

 k =  -0.0883883476 -0.0883883476  0.0883883476
==== e(   1) =    -9.68208 eV ==== 
     psi = 0.420*[#   1]+0.420*[#   5]+0.026*[#   2]+0.026*[#   3]+0.026*[#   4]
          +0.026*[#   6]+0.026*[#   7]+0.026*[#   8]
    |psi|^2 = 0.994
==== e(   2) =    10.31492 eV ==== 
     psi = 0.154*[#   4]+0.154*[#   8]+0.149*[#   2]+0.149*[#   3]+0.149*[#   6]
          +0.149*[#   7]+0.044*[#   1]+0.044*[#   5]
    |psi|^2 = 0.992
==== e(   3) =    12.08295 eV ==== 
     psi = 0.248*[#   2]+0.248*[#   3]+0.248*[#   6]+0.248*[#   7]
    |psi|^2 = 0.993
==== e(   4) =    12.13739 eV ==== 
     psi = 0.328*[#   4]+0.328*[#   8]+0.084*[#   2]+0.084*[#   3]+0.084*[#   6]
          +0.084*[#   7]
    |psi|^2 = 0.993
==== e(   5) =    20.49947 eV ==== 
     psi = 0.313*[#   4]+0.313*[#   8]+0.086*[#   2]+0.086*[#   3]+0.086*[#   6]
          +0.086*[#   7]
    |psi|^2 = 0.972
==== e(   6) =    20.55174 eV ==== 
     psi = 0.243*[#   2]+0.243*[#   3]+0.243*[#   6]+0.243*[#   7]
    |psi|^2 = 0.971
==== e(   7) =    21.07963 eV ==== 
     psi = 0.146*[#   4]+0.146*[#   8]+0.130*[#   2]+0.130*[#   3]+0.130*[#   6]
          +0.130*[#   7]+0.079*[#   1]+0.079*[#   5]
    |psi|^2 = 0.969
==== e(   8) =    28.64776 eV ==== 
     psi = 0.424*[#   1]+0.424*[#   5]+0.016*[#   2]+0.016*[#   3]+0.016*[#   4]
          +0.016*[#   6]+0.016*[#   7]+0.016*[#   8]
    |psi|^2 = 0.945

 k =  -0.1767766953  0.0000000000  0.0000000000
==== e(   1) =    -9.53229 eV ==== 
     psi = 0.402*[#   1]+0.402*[#   5]+0.095*[#   3]+0.095*[#   7]
    |psi|^2 = 0.994
==== e(   2) =    10.95571 eV ==== 
     psi = 0.249*[#   2]+0.249*[#   4]+0.249*[#   6]+0.249*[#   8]
    |psi|^2 = 0.995
==== e(   3) =    10.98330 eV ==== 
     psi = 0.248*[#   2]+0.248*[#   4]+0.248*[#   6]+0.248*[#   8]+0.001*[#   3]
          +0.001*[#   7]
    |psi|^2 = 0.994
==== e(   4) =    11.51377 eV ==== 
     psi = 0.446*[#   3]+0.446*[#   7]+0.049*[#   1]+0.049*[#   5]
    |psi|^2 = 0.993
==== e(   5) =    19.24934 eV ==== 
     psi = 0.393*[#   3]+0.393*[#   7]+0.093*[#   1]+0.093*[#   5]
    |psi|^2 = 0.973
==== e(   6) =    21.96568 eV ==== 
     psi = 0.242*[#   2]+0.242*[#   4]+0.242*[#   6]+0.242*[#   8]
    |psi|^2 = 0.969
==== e(   7) =    21.98875 eV ==== 
     psi = 0.242*[#   2]+0.242*[#   4]+0.242*[#   6]+0.242*[#   8]
    |psi|^2 = 0.968
==== e(   8) =    28.12362 eV ==== 
     psi = 0.382*[#   1]+0.382*[#   5]+0.047*[#   3]+0.047*[#   7]
    |psi|^2 = 0.859

 k =  -0.2651650429  0.0883883476 -0.0883883476
==== e(   1) =    -8.49786 eV ==== 
     psi = 0.332*[#   1]+0.332*[#   5]+0.136*[#   3]+0.136*[#   7]+0.014*[#   2]
          +0.014*[#   4]+0.014*[#   6]+0.014*[#   8]
    |psi|^2 = 0.993
==== e(   2) =     7.57032 eV ==== 
     psi = 0.158*[#   2]+0.158*[#   6]+0.156*[#   4]+0.156*[#   8]+0.106*[#   3]
          +0.106*[#   7]+0.078*[#   1]+0.078*[#   5]
    |psi|^2 = 0.995
==== e(   3) =     9.78245 eV ==== 
     psi = 0.254*[#   4]+0.254*[#   8]+0.245*[#   2]+0.245*[#   6]
    |psi|^2 = 0.997
==== e(   4) =    10.76031 eV ==== 
     psi = 0.322*[#   3]+0.322*[#   7]+0.072*[#   2]+0.072*[#   6]+0.065*[#   4]
          +0.065*[#   8]+0.039*[#   1]+0.039*[#   5]
    |psi|^2 = 0.996
==== e(   5) =    19.90711 eV ==== 
     psi = 0.331*[#   3]+0.331*[#   7]+0.099*[#   1]+0.099*[#   5]+0.027*[#   2]
          +0.027*[#   6]+0.025*[#   4]+0.025*[#   8]
    |psi|^2 = 0.963
==== e(   6) =    23.63842 eV ==== 
     psi = 0.262*[#   4]+0.262*[#   8]+0.214*[#   2]+0.214*[#   6]+0.001*[#   1]
          +0.001*[#   5]
    |psi|^2 = 0.955
==== e(   7) =    23.66836 eV ==== 
     psi = 0.225*[#   2]+0.225*[#   6]+0.179*[#   4]+0.179*[#   8]+0.072*[#   1]
          +0.072*[#   5]+0.002*[#   3]+0.002*[#   7]
    |psi|^2 = 0.955
==== e(   8) =    27.31171 eV ==== 
     psi = 0.247*[#   1]+0.247*[#   5]+0.063*[#   3]+0.063*[#   7]+0.013*[#   2]
          +0.013*[#   6]+0.012*[#   4]+0.012*[#   8]
    |psi|^2 = 0.671

 k =  -0.3535533906  0.1767766953 -0.1767766953
==== e(   1) =    -6.59019 eV ==== 
     psi = 0.293*[#   1]+0.293*[#   5]+0.140*[#   3]+0.140*[#   7]+0.032*[#   2]
          +0.032*[#   6]+0.032*[#   4]+0.032*[#   8]
    |psi|^2 = 0.993
==== e(   2) =     3.38632 eV ==== 
     psi = 0.143*[#   2]+0.143*[#   6]+0.142*[#   4]+0.142*[#   8]+0.126*[#   1]
          +0.126*[#   5]+0.086*[#   3]+0.086*[#   7]
    |psi|^2 = 0.994
==== e(   3) =     9.09850 eV ==== 
     psi = 0.258*[#   4]+0.258*[#   8]+0.240*[#   2]+0.240*[#   6]
    |psi|^2 = 0.998
==== e(   4) =     9.55049 eV ==== 
     psi = 0.325*[#   3]+0.325*[#   7]+0.075*[#   2]+0.075*[#   6]+0.058*[#   4]
          +0.058*[#   8]+0.040*[#   1]+0.040*[#   5]
    |psi|^2 = 0.997
==== e(   5) =    21.10155 eV ==== 
     psi = 0.300*[#   3]+0.300*[#   7]+0.081*[#   1]+0.081*[#   5]+0.038*[#   2]
          +0.038*[#   6]+0.034*[#   4]+0.034*[#   8]
    |psi|^2 = 0.906
==== e(   6) =    24.30375 eV ==== 
     psi = 0.233*[#   4]+0.233*[#   8]+0.224*[#   2]+0.224*[#   6]
    |psi|^2 = 0.915
==== e(   7) =    24.50232 eV ==== 
     psi = 0.192*[#   1]+0.192*[#   5]+0.136*[#   2]+0.136*[#   6]+0.131*[#   4]
          +0.131*[#   8]
    |psi|^2 = 0.920
==== e(   8) =    27.79217 eV ==== 
     psi = 0.160*[#   1]+0.160*[#   5]+0.081*[#   3]+0.081*[#   7]+0.037*[#   2]
          +0.037*[#   4]+0.037*[#   6]+0.037*[#   8]
    |psi|^2 = 0.632

 k =   0.2651650429 -0.4419417382  0.4419417382
==== e(   1) =    -3.98775 eV ==== 
     psi = 0.324*[#   1]+0.324*[#   5]+0.108*[#   3]+0.108*[#   7]+0.034*[#   2]
          +0.034*[#   6]+0.033*[#   4]+0.033*[#   8]
    |psi|^2 = 0.997
==== e(   2) =    -0.37464 eV ==== 
     psi = 0.146*[#   2]+0.146*[#   6]+0.146*[#   4]+0.146*[#   8]+0.102*[#   1]
          +0.102*[#   5]+0.101*[#   3]+0.101*[#   7]
    |psi|^2 = 0.990
==== e(   3) =     8.50007 eV ==== 
     psi = 0.314*[#   3]+0.314*[#   7]+0.080*[#   4]+0.080*[#   8]+0.066*[#   2]
          +0.066*[#   6]+0.039*[#   1]+0.039*[#   5]
    |psi|^2 = 0.998
==== e(   4) =     9.10497 eV ==== 
     psi = 0.256*[#   2]+0.256*[#   6]+0.243*[#   4]+0.243*[#   8]
    |psi|^2 = 0.998
==== e(   5) =    21.73077 eV ==== 
     psi = 0.277*[#   3]+0.277*[#   7]+0.067*[#   1]+0.067*[#   5]+0.041*[#   2]
          +0.041*[#   6]+0.036*[#   4]+0.036*[#   8]
    |psi|^2 = 0.844
==== e(   6) =    24.00336 eV ==== 
     psi = 0.225*[#   4]+0.225*[#   8]+0.218*[#   2]+0.218*[#   6]
    |psi|^2 = 0.886
==== e(   7) =    24.72318 eV ==== 
     psi = 0.276*[#   1]+0.276*[#   5]+0.078*[#   2]+0.078*[#   6]+0.077*[#   4]
          +0.077*[#   8]+0.014*[#   3]+0.014*[#   7]
    |psi|^2 = 0.889
==== e(   8) =    29.60796 eV ==== 
     psi = 0.108*[#   3]+0.108*[#   7]+0.104*[#   1]+0.104*[#   5]+0.060*[#   4]
          +0.060*[#   8]+0.059*[#   2]+0.059*[#   6]
    |psi|^2 = 0.663

 k =   0.1767766953 -0.3535533906  0.3535533906
==== e(   1) =    -4.86219 eV ==== 
     psi = 0.299*[#   1]+0.299*[#   5]+0.087*[#   2]+0.087*[#   6]+0.087*[#   4]
          +0.087*[#   8]+0.024*[#   3]+0.024*[#   7]
    |psi|^2 = 0.995
==== e(   2) =     0.75363 eV ==== 
     psi = 0.170*[#   3]+0.170*[#   7]+0.125*[#   1]+0.125*[#   5]+0.100*[#   2]
          +0.100*[#   6]+0.100*[#   4]+0.100*[#   8]
    |psi|^2 = 0.992
==== e(   3) =     8.01175 eV ==== 
     psi = 0.296*[#   3]+0.296*[#   7]+0.084*[#   4]+0.084*[#   8]+0.079*[#   2]
          +0.079*[#   6]+0.040*[#   1]+0.040*[#   5]
    |psi|^2 = 0.998
==== e(   4) =     9.79499 eV ==== 
     psi = 0.252*[#   2]+0.252*[#   6]+0.247*[#   4]+0.247*[#   8]
    |psi|^2 = 0.998
==== e(   5) =    22.36402 eV ==== 
     psi = 0.278*[#   3]+0.278*[#   7]+0.056*[#   1]+0.056*[#   5]+0.049*[#   2]
          +0.049*[#   6]+0.039*[#   4]+0.039*[#   8]
    |psi|^2 = 0.844
==== e(   6) =    23.31863 eV ==== 
     psi = 0.231*[#   4]+0.231*[#   8]+0.221*[#   2]+0.221*[#   6]
    |psi|^2 = 0.905
==== e(   7) =    24.60241 eV ==== 
     psi = 0.270*[#   1]+0.271*[#   5]+0.060*[#   3]+0.060*[#   7]+0.057*[#   2]
          +0.057*[#   6]+0.056*[#   4]+0.056*[#   8]
    |psi|^2 = 0.887
==== e(   8) =    29.92089 eV ==== 
     psi = 0.125*[#   1]+0.125*[#   5]+0.094*[#   3]+0.094*[#   7]+0.071*[#   4]
          +0.071*[#   8]+0.071*[#   2]+0.071*[#   6]
    |psi|^2 = 0.723

 k =   0.0883883476 -0.2651650429  0.2651650429
==== e(   1) =    -7.32158 eV ==== 
     psi = 0.302*[#   1]+0.302*[#   5]+0.092*[#   2]+0.092*[#   4]+0.092*[#   6]
          +0.092*[#   8]+0.011*[#   3]+0.011*[#   7]
    |psi|^2 = 0.993
==== e(   2) =     4.80104 eV ==== 
     psi = 0.173*[#   3]+0.173*[#   7]+0.115*[#   1]+0.115*[#   5]+0.105*[#   2]
          +0.105*[#   6]+0.104*[#   4]+0.104*[#   8]
    |psi|^2 = 0.994
==== e(   3) =     8.26547 eV ==== 
     psi = 0.281*[#   3]+0.281*[#   7]+0.088*[#   4]+0.088*[#   8]+0.085*[#   2]
          +0.085*[#   6]+0.044*[#   1]+0.044*[#   5]
    |psi|^2 = 0.996
==== e(   4) =    10.92955 eV ==== 
     psi = 0.250*[#   2]+0.250*[#   6]+0.248*[#   4]+0.248*[#   8]
    |psi|^2 = 0.997
==== e(   5) =    22.22005 eV ==== 
     psi = 0.242*[#   2]+0.242*[#   6]+0.233*[#   4]+0.233*[#   8]
    |psi|^2 = 0.951
==== e(   6) =    22.89416 eV ==== 
     psi = 0.305*[#   3]+0.305*[#   7]+0.060*[#   1]+0.060*[#   5]+0.048*[#   4]
          +0.048*[#   8]+0.039*[#   2]+0.039*[#   6]
    |psi|^2 = 0.904
==== e(   7) =    23.93665 eV ==== 
     psi = 0.169*[#   1]+0.169*[#   5]+0.140*[#   3]+0.140*[#   7]+0.076*[#   2]
          +0.076*[#   6]+0.075*[#   4]+0.075*[#   8]
    |psi|^2 = 0.921
==== e(   8) =    28.74021 eV ==== 
     psi = 0.234*[#   1]+0.234*[#   5]+0.061*[#   2]+0.061*[#   4]+0.061*[#   6]
          +0.061*[#   8]+0.030*[#   3]+0.030*[#   7]
    |psi|^2 = 0.772

 k =   0.0000000000 -0.1767766953  0.1767766953
==== e(   1) =    -8.94115 eV ==== 
     psi = 0.355*[#   1]+0.355*[#   5]+0.071*[#   2]+0.071*[#   4]+0.071*[#   6]
          +0.071*[#   8]
    |psi|^2 = 0.993
==== e(   2) =     8.70853 eV ==== 
     psi = 0.155*[#   2]+0.155*[#   4]+0.155*[#   6]+0.155*[#   8]+0.125*[#   3]
          +0.125*[#   7]+0.062*[#   1]+0.062*[#   5]
    |psi|^2 = 0.995
==== e(   3) =     9.42115 eV ==== 
     psi = 0.332*[#   3]+0.332*[#   7]+0.061*[#   2]+0.061*[#   4]+0.061*[#   6]
          +0.061*[#   8]+0.042*[#   1]+0.042*[#   5]
    |psi|^2 = 0.993
==== e(   4) =    12.04028 eV ==== 
     psi = 0.249*[#   2]+0.249*[#   4]+0.249*[#   6]+0.249*[#   8]
    |psi|^2 = 0.995
==== e(   5) =    20.79867 eV ==== 
     psi = 0.242*[#   2]+0.242*[#   4]+0.242*[#   6]+0.242*[#   8]
    |psi|^2 = 0.970
==== e(   6) =    22.28904 eV ==== 
     psi = 0.158*[#   3]+0.158*[#   7]+0.113*[#   2]+0.113*[#   4]+0.113*[#   6]
          +0.113*[#   8]+0.095*[#   1]+0.095*[#   5]
    |psi|^2 = 0.959
==== e(   7) =    22.42688 eV ==== 
     psi = 0.352*[#   3]+0.352*[#   7]+0.046*[#   1]+0.046*[#   5]+0.040*[#   2]
          +0.040*[#   4]+0.040*[#   6]+0.040*[#   8]
    |psi|^2 = 0.957
==== e(   8) =    28.56677 eV ==== 
     psi = 0.338*[#   1]+0.338*[#   5]+0.045*[#   2]+0.045*[#   4]+0.045*[#   6]
          +0.045*[#   8]+0.002*[#   3]+0.002*[#   7]
    |psi|^2 = 0.858

 k =   0.0000000000  0.0000000000  0.1767766953
==== e(   1) =    -9.53229 eV ==== 
     psi = 0.402*[#   1]+0.402*[#   5]+0.095*[#   2]+0.095*[#   6]
    |psi|^2 = 0.994
==== e(   2) =    10.95571 eV ==== 
     psi = 0.249*[#   3]+0.249*[#   4]+0.249*[#   7]+0.249*[#   8]
    |psi|^2 = 0.995
==== e(   3) =    10.98330 eV ==== 
     psi = 0.248*[#   3]+0.248*[#   4]+0.248*[#   7]+0.248*[#   8]+0.001*[#   2]
          +0.001*[#   6]
    |psi|^2 = 0.994
==== e(   4) =    11.51377 eV ==== 
     psi = 0.446*[#   2]+0.446*[#   6]+0.049*[#   1]+0.049*[#   5]
    |psi|^2 = 0.993
==== e(   5) =    19.24934 eV ==== 
     psi = 0.393*[#   2]+0.393*[#   6]+0.093*[#   1]+0.093*[#   5]
    |psi|^2 = 0.973
==== e(   6) =    21.96568 eV ==== 
     psi = 0.242*[#   3]+0.242*[#   4]+0.242*[#   7]+0.242*[#   8]
    |psi|^2 = 0.969
==== e(   7) =    21.98875 eV ==== 
     psi = 0.242*[#   3]+0.242*[#   4]+0.242*[#   7]+0.242*[#   8]
    |psi|^2 = 0.968
==== e(   8) =    28.12362 eV ==== 
     psi = 0.382*[#   1]+0.382*[#   5]+0.047*[#   2]+0.047*[#   6]
    |psi|^2 = 0.859

 k =  -0.0883883476  0.0883883476  0.0883883476
==== e(   1) =    -9.68204 eV ==== 
     psi = 0.420*[#   1]+0.420*[#   5]+0.025*[#   2]+0.025*[#   3]+0.025*[#   4]
          +0.025*[#   6]+0.025*[#   7]+0.025*[#   8]
    |psi|^2 = 0.994
==== e(   2) =    10.35108 eV ==== 
     psi = 0.151*[#   2]+0.151*[#   3]+0.151*[#   4]+0.151*[#   6]+0.151*[#   7]
          +0.151*[#   8]+0.045*[#   1]+0.045*[#   5]
    |psi|^2 = 0.992
==== e(   3) =    12.08766 eV ==== 
     psi = 0.281*[#   4]+0.281*[#   8]+0.207*[#   3]+0.207*[#   7]+0.008*[#   2]
          +0.008*[#   6]
    |psi|^2 = 0.993
==== e(   4) =    12.08766 eV ==== 
     psi = 0.323*[#   2]+0.323*[#   6]+0.124*[#   3]+0.124*[#   7]+0.050*[#   4]
          +0.050*[#   8]
    |psi|^2 = 0.993
==== e(   5) =    20.54117 eV ==== 
     psi = 0.247*[#   4]+0.247*[#   8]+0.236*[#   3]+0.236*[#   7]+0.002*[#   2]
          +0.002*[#   6]
    |psi|^2 = 0.971
==== e(   6) =    20.54117 eV ==== 
     psi = 0.322*[#   2]+0.322*[#   6]+0.087*[#   3]+0.087*[#   7]+0.076*[#   4]
          +0.076*[#   8]
    |psi|^2 = 0.971
==== e(   7) =    21.05236 eV ==== 
     psi = 0.135*[#   2]+0.135*[#   3]+0.135*[#   4]+0.135*[#   6]+0.135*[#   7]
          +0.135*[#   8]+0.079*[#   1]+0.079*[#   5]
    |psi|^2 = 0.970
==== e(   8) =    28.64371 eV ==== 
     psi = 0.423*[#   1]+0.423*[#   5]+0.016*[#   2]+0.016*[#   3]+0.016*[#   4]
          +0.016*[#   6]+0.016*[#   7]+0.016*[#   8]
    |psi|^2 = 0.946

 k =  -0.1767766953  0.1767766953  0.0000000000
==== e(   1) =    -8.94112 eV ==== 
     psi = 0.355*[#   1]+0.355*[#   5]+0.071*[#   3]+0.071*[#   4]+0.071*[#   7]
          +0.071*[#   8]
    |psi|^2 = 0.993
==== e(   2) =     8.73779 eV ==== 
     psi = 0.155*[#   3]+0.155*[#   4]+0.155*[#   7]+0.155*[#   8]+0.127*[#   2]
          +0.127*[#   6]+0.061*[#   1]+0.061*[#   5]
    |psi|^2 = 0.995
==== e(   3) =     9.41866 eV ==== 
     psi = 0.331*[#   2]+0.331*[#   6]+0.062*[#   3]+0.062*[#   4]+0.062*[#   7]
          +0.062*[#   8]+0.042*[#   1]+0.042*[#   5]
    |psi|^2 = 0.993
==== e(   4) =    12.00040 eV ==== 
     psi = 0.249*[#   3]+0.249*[#   4]+0.249*[#   7]+0.249*[#   8]
    |psi|^2 = 0.995
==== e(   5) =    20.83780 eV ==== 
     psi = 0.242*[#   3]+0.242*[#   4]+0.242*[#   7]+0.242*[#   8]
    |psi|^2 = 0.969
==== e(   6) =    22.25181 eV ==== 
     psi = 0.159*[#   2]+0.159*[#   6]+0.113*[#   3]+0.113*[#   4]+0.113*[#   7]
          +0.113*[#   8]+0.095*[#   1]+0.095*[#   5]
    |psi|^2 = 0.960
==== e(   7) =    22.42862 eV ==== 
     psi = 0.351*[#   2]+0.351*[#   6]+0.046*[#   1]+0.046*[#   5]+0.041*[#   3]
          +0.041*[#   4]+0.041*[#   7]+0.041*[#   8]
    |psi|^2 = 0.957
==== e(   8) =    28.56252 eV ==== 
     psi = 0.338*[#   1]+0.338*[#   5]+0.045*[#   3]+0.045*[#   4]+0.045*[#   7]
          +0.045*[#   8]+0.001*[#   2]+0.001*[#   6]
    |psi|^2 = 0.859

 k =  -0.2651650429  0.2651650429 -0.0883883476
==== e(   1) =    -7.32169 eV ==== 
     psi = 0.302*[#   1]+0.302*[#   5]+0.091*[#   3]+0.091*[#   4]+0.091*[#   7]
          +0.091*[#   8]+0.011*[#   2]+0.011*[#   6]
    |psi|^2 = 0.993
==== e(   2) =     4.80457 eV ==== 
     psi = 0.174*[#   2]+0.174*[#   6]+0.114*[#   1]+0.114*[#   5]+0.104*[#   3]
          +0.104*[#   4]+0.104*[#   7]+0.104*[#   8]
    |psi|^2 = 0.994
==== e(   3) =     8.28819 eV ==== 
     psi = 0.280*[#   2]+0.280*[#   6]+0.087*[#   3]+0.087*[#   4]+0.087*[#   7]
          +0.087*[#   8]+0.044*[#   1]+0.044*[#   5]
    |psi|^2 = 0.996
==== e(   4) =    10.89287 eV ==== 
     psi = 0.249*[#   3]+0.249*[#   4]+0.249*[#   7]+0.249*[#   8]
    |psi|^2 = 0.997
==== e(   5) =    22.27099 eV ==== 
     psi = 0.238*[#   3]+0.238*[#   4]+0.238*[#   7]+0.238*[#   8]
    |psi|^2 = 0.950
==== e(   6) =    22.87911 eV ==== 
     psi = 0.306*[#   2]+0.306*[#   6]+0.057*[#   1]+0.057*[#   5]+0.044*[#   3]
          +0.044*[#   4]+0.044*[#   7]+0.044*[#   8]
    |psi|^2 = 0.903
==== e(   7) =    23.90121 eV ==== 
     psi = 0.171*[#   1]+0.172*[#   5]+0.141*[#   2]+0.141*[#   6]+0.075*[#   3]
          +0.075*[#   4]+0.075*[#   7]+0.075*[#   8]
    |psi|^2 = 0.923
==== e(   8) =    28.74276 eV ==== 
     psi = 0.235*[#   1]+0.235*[#   5]+0.061*[#   3]+0.061*[#   4]+0.061*[#   7]
          +0.061*[#   8]+0.029*[#   2]+0.029*[#   6]
    |psi|^2 = 0.773

 k =   0.3535533906 -0.3535533906  0.5303300859
==== e(   1) =    -4.86268 eV ==== 
     psi = 0.299*[#   1]+0.299*[#   5]+0.087*[#   3]+0.087*[#   4]+0.087*[#   7]
          +0.087*[#   8]+0.024*[#   2]+0.024*[#   6]
    |psi|^2 = 0.995
==== e(   2) =     0.75497 eV ==== 
     psi = 0.171*[#   2]+0.171*[#   6]+0.125*[#   1]+0.125*[#   5]+0.100*[#   3]
          +0.100*[#   4]+0.100*[#   7]+0.100*[#   8]
    |psi|^2 = 0.992
==== e(   3) =     8.03810 eV ==== 
     psi = 0.295*[#   2]+0.295*[#   6]+0.082*[#   3]+0.082*[#   4]+0.082*[#   7]
          +0.082*[#   8]+0.040*[#   1]+0.040*[#   5]
    |psi|^2 = 0.998
==== e(   4) =     9.76176 eV ==== 
     psi = 0.249*[#   3]+0.249*[#   4]+0.249*[#   7]+0.249*[#   8]
    |psi|^2 = 0.998
==== e(   5) =    22.34113 eV ==== 
     psi = 0.278*[#   2]+0.278*[#   6]+0.054*[#   1]+0.054*[#   5]+0.045*[#   3]
          +0.045*[#   4]+0.045*[#   7]+0.045*[#   8]
    |psi|^2 = 0.845
==== e(   6) =    23.37166 eV ==== 
     psi = 0.226*[#   3]+0.226*[#   4]+0.226*[#   7]+0.226*[#   8]
    |psi|^2 = 0.904
==== e(   7) =    24.57839 eV ==== 
     psi = 0.272*[#   1]+0.272*[#   5]+0.061*[#   2]+0.061*[#   6]+0.056*[#   3]
          +0.056*[#   4]+0.056*[#   7]+0.056*[#   8]
    |psi|^2 = 0.890
==== e(   8) =    29.92170 eV ==== 
     psi = 0.126*[#   1]+0.126*[#   5]+0.093*[#   2]+0.093*[#   6]+0.071*[#   3]
          +0.071*[#   4]+0.071*[#   7]+0.071*[#   8]
    |psi|^2 = 0.722

 k =   0.2651650429 -0.2651650429  0.4419417382
==== e(   1) =    -3.98723 eV ==== 
     psi = 0.324*[#   1]+0.324*[#   5]+0.108*[#   2]+0.108*[#   6]+0.033*[#   3]
          +0.033*[#   4]+0.033*[#   7]+0.033*[#   8]
    |psi|^2 = 0.997
==== e(   2) =    -0.37596 eV ==== 
     psi = 0.146*[#   3]+0.146*[#   4]+0.146*[#   7]+0.146*[#   8]+0.102*[#   1]
          +0.102*[#   5]+0.101*[#   2]+0.101*[#   6]
    |psi|^2 = 0.990
==== e(   3) =     8.53045 eV ==== 
     psi = 0.314*[#   2]+0.314*[#   6]+0.073*[#   3]+0.073*[#   4]+0.073*[#   7]
          +0.073*[#   8]+0.039*[#   1]+0.039*[#   5]
    |psi|^2 = 0.998
==== e(   4) =     9.07461 eV ==== 
     psi = 0.249*[#   3]+0.249*[#   4]+0.249*[#   7]+0.249*[#   8]
    |psi|^2 = 0.998
==== e(   5) =    21.70334 eV ==== 
     psi = 0.277*[#   2]+0.277*[#   6]+0.065*[#   1]+0.065*[#   5]+0.040*[#   3]
          +0.040*[#   4]+0.040*[#   7]+0.040*[#   8]
    |psi|^2 = 0.845
==== e(   6) =    24.05488 eV ==== 
     psi = 0.221*[#   3]+0.221*[#   4]+0.221*[#   7]+0.221*[#   8]
    |psi|^2 = 0.885
==== e(   7) =    24.70454 eV ==== 
     psi = 0.278*[#   1]+0.278*[#   5]+0.077*[#   3]+0.077*[#   4]+0.077*[#   7]
          +0.077*[#   8]+0.014*[#   2]+0.014*[#   6]
    |psi|^2 = 0.892
==== e(   8) =    29.62007 eV ==== 
     psi = 0.108*[#   2]+0.108*[#   6]+0.103*[#   1]+0.103*[#   5]+0.060*[#   3]
          +0.060*[#   4]+0.060*[#   7]+0.060*[#   8]
    |psi|^2 = 0.660

 k =   0.1767766953 -0.1767766953  0.3535533906
==== e(   1) =    -6.59005 eV ==== 
     psi = 0.293*[#   1]+0.293*[#   5]+0.140*[#   2]+0.140*[#   6]+0.032*[#   3]
          +0.032*[#   4]+0.032*[#   7]+0.032*[#   8]
    |psi|^2 = 0.993
==== e(   2) =     3.38384 eV ==== 
     psi = 0.142*[#   3]+0.142*[#   4]+0.142*[#   7]+0.142*[#   8]+0.126*[#   1]
          +0.126*[#   5]+0.087*[#   2]+0.087*[#   6]
    |psi|^2 = 0.994
==== e(   3) =     9.07188 eV ==== 
     psi = 0.249*[#   3]+0.249*[#   4]+0.249*[#   7]+0.249*[#   8]
    |psi|^2 = 0.998
==== e(   4) =     9.58311 eV ==== 
     psi = 0.324*[#   2]+0.324*[#   6]+0.067*[#   3]+0.067*[#   4]+0.067*[#   7]
          +0.067*[#   8]+0.040*[#   1]+0.040*[#   5]
    |psi|^2 = 0.997
==== e(   5) =    21.07727 eV ==== 
     psi = 0.300*[#   2]+0.300*[#   6]+0.079*[#   1]+0.079*[#   5]+0.037*[#   3]
          +0.037*[#   4]+0.037*[#   7]+0.037*[#   8]
    |psi|^2 = 0.906
==== e(   6) =    24.34788 eV ==== 
     psi = 0.228*[#   3]+0.228*[#   4]+0.228*[#   7]+0.228*[#   8]
    |psi|^2 = 0.914
==== e(   7) =    24.48340 eV ==== 
     psi = 0.196*[#   1]+0.196*[#   5]+0.133*[#   3]+0.133*[#   4]+0.133*[#   7]
          +0.133*[#   8]
    |psi|^2 = 0.923
==== e(   8) =    27.80548 eV ==== 
     psi = 0.158*[#   1]+0.158*[#   5]+0.081*[#   2]+0.081*[#   6]+0.038*[#   3]
          +0.038*[#   4]+0.038*[#   7]+0.038*[#   8]
    |psi|^2 = 0.629

 k =   0.0883883476 -0.0883883476  0.2651650429
==== e(   1) =    -8.49786 eV ==== 
     psi = 0.331*[#   1]+0.331*[#   5]+0.136*[#   2]+0.136*[#   6]+0.014*[#   3]
          +0.014*[#   4]+0.014*[#   7]+0.014*[#   8]
    |psi|^2 = 0.993
==== e(   2) =     7.56619 eV ==== 
     psi = 0.156*[#   3]+0.156*[#   4]+0.156*[#   7]+0.156*[#   8]+0.108*[#   2]
          +0.108*[#   6]+0.078*[#   1]+0.078*[#   5]
    |psi|^2 = 0.995
==== e(   3) =     9.75610 eV ==== 
     psi = 0.249*[#   3]+0.249*[#   4]+0.249*[#   7]+0.249*[#   8]
    |psi|^2 = 0.997
==== e(   4) =    10.79656 eV ==== 
     psi = 0.320*[#   2]+0.320*[#   6]+0.069*[#   3]+0.069*[#   4]+0.069*[#   7]
          +0.069*[#   8]+0.039*[#   1]+0.039*[#   5]
    |psi|^2 = 0.995
==== e(   5) =    19.89428 eV ==== 
     psi = 0.331*[#   2]+0.331*[#   6]+0.097*[#   1]+0.097*[#   5]+0.027*[#   3]
          +0.027*[#   4]+0.027*[#   7]+0.027*[#   8]
    |psi|^2 = 0.963
==== e(   6) =    23.64704 eV ==== 
     psi = 0.201*[#   3]+0.201*[#   4]+0.201*[#   7]+0.201*[#   8]+0.075*[#   1]
          +0.075*[#   5]+0.002*[#   2]+0.002*[#   6]
    |psi|^2 = 0.956
==== e(   7) =    23.67050 eV ==== 
     psi = 0.239*[#   3]+0.239*[#   4]+0.239*[#   7]+0.239*[#   8]
    |psi|^2 = 0.954
==== e(   8) =    27.31671 eV ==== 
     psi = 0.247*[#   1]+0.247*[#   5]+0.063*[#   2]+0.063*[#   6]+0.013*[#   3]
          +0.013*[#   4]+0.013*[#   7]+0.013*[#   8]
    |psi|^2 = 0.670

 k =   0.0883883476  0.0883883476  0.2651650429
==== e(   1) =    -8.49786 eV ==== 
     psi = 0.332*[#   1]+0.332*[#   5]+0.136*[#   2]+0.136*[#   6]+0.014*[#   3]
          +0.014*[#   4]+0.014*[#   7]+0.014*[#   8]
    |psi|^2 = 0.993
==== e(   2) =     7.57032 eV ==== 
     psi = 0.158*[#   3]+0.158*[#   7]+0.156*[#   4]+0.156*[#   8]+0.106*[#   2]
          +0.106*[#   6]+0.078*[#   1]+0.078*[#   5]
    |psi|^2 = 0.995
==== e(   3) =     9.78245 eV ==== 
     psi = 0.254*[#   4]+0.254*[#   8]+0.245*[#   3]+0.245*[#   7]
    |psi|^2 = 0.997
==== e(   4) =    10.76031 eV ==== 
     psi = 0.322*[#   2]+0.322*[#   6]+0.072*[#   3]+0.072*[#   7]+0.065*[#   4]
          +0.065*[#   8]+0.039*[#   1]+0.039*[#   5]
    |psi|^2 = 0.996
==== e(   5) =    19.90711 eV ==== 
     psi = 0.331*[#   2]+0.331*[#   6]+0.099*[#   1]+0.099*[#   5]+0.027*[#   3]
          +0.027*[#   7]+0.025*[#   4]+0.025*[#   8]
    |psi|^2 = 0.963
==== e(   6) =    23.63842 eV ==== 
     psi = 0.262*[#   4]+0.262*[#   8]+0.214*[#   3]+0.214*[#   7]+0.001*[#   1]
          +0.001*[#   5]
    |psi|^2 = 0.955
==== e(   7) =    23.66836 eV ==== 
     psi = 0.225*[#   3]+0.225*[#   7]+0.179*[#   4]+0.179*[#   8]+0.072*[#   1]
          +0.072*[#   5]+0.002*[#   2]+0.002*[#   6]
    |psi|^2 = 0.955
==== e(   8) =    27.31171 eV ==== 
     psi = 0.247*[#   1]+0.247*[#   5]+0.063*[#   2]+0.063*[#   6]+0.013*[#   3]
          +0.013*[#   7]+0.012*[#   4]+0.012*[#   8]
    |psi|^2 = 0.671

 k =   0.0000000000  0.1767766953  0.1767766953
==== e(   1) =    -8.94112 eV ==== 
     psi = 0.355*[#   1]+0.355*[#   5]+0.071*[#   2]+0.071*[#   4]+0.071*[#   6]
          +0.071*[#   8]
    |psi|^2 = 0.993
==== e(   2) =     8.73779 eV ==== 
     psi = 0.155*[#   2]+0.155*[#   4]+0.155*[#   6]+0.155*[#   8]+0.127*[#   3]
          +0.127*[#   7]+0.061*[#   1]+0.061*[#   5]
    |psi|^2 = 0.995
==== e(   3) =     9.41866 eV ==== 
     psi = 0.331*[#   3]+0.331*[#   7]+0.062*[#   2]+0.062*[#   4]+0.062*[#   6]
          +0.062*[#   8]+0.042*[#   1]+0.042*[#   5]
    |psi|^2 = 0.993
==== e(   4) =    12.00040 eV ==== 
     psi = 0.249*[#   2]+0.249*[#   4]+0.249*[#   6]+0.249*[#   8]
    |psi|^2 = 0.995
==== e(   5) =    20.83780 eV ==== 
     psi = 0.242*[#   2]+0.242*[#   4]+0.242*[#   6]+0.242*[#   8]
    |psi|^2 = 0.969
==== e(   6) =    22.25181 eV ==== 
     psi = 0.159*[#   3]+0.159*[#   7]+0.113*[#   2]+0.113*[#   4]+0.113*[#   6]
          +0.113*[#   8]+0.095*[#   1]+0.095*[#   5]
    |psi|^2 = 0.960
==== e(   7) =    22.42862 eV ==== 
     psi = 0.351*[#   3]+0.351*[#   7]+0.046*[#   1]+0.046*[#   5]+0.041*[#   2]
          +0.041*[#   4]+0.041*[#   6]+0.041*[#   8]
    |psi|^2 = 0.957
==== e(   8) =    28.56252 eV ==== 
     psi = 0.338*[#   1]+0.338*[#   5]+0.045*[#   2]+0.045*[#   4]+0.045*[#   6]
          +0.045*[#   8]+0.001*[#   3]+0.001*[#   7]
    |psi|^2 = 0.859

 k =  -0.0883883476  0.2651650429  0.0883883476
==== e(   1) =    -8.49785 eV ==== 
     psi = 0.332*[#   1]+0.332*[#   5]+0.136*[#   4]+0.136*[#   8]+0.014*[#   2]
          +0.014*[#   3]+0.014*[#   6]+0.014*[#   7]
    |psi|^2 = 0.993
==== e(   2) =     7.59550 eV ==== 
     psi = 0.157*[#   2]+0.157*[#   3]+0.157*[#   6]+0.157*[#   7]+0.106*[#   4]
          +0.106*[#   8]+0.078*[#   1]+0.078*[#   5]
    |psi|^2 = 0.995
==== e(   3) =     9.76136 eV ==== 
     psi = 0.249*[#   2]+0.249*[#   3]+0.249*[#   6]+0.249*[#   7]
    |psi|^2 = 0.997
==== e(   4) =    10.75168 eV ==== 
     psi = 0.322*[#   4]+0.322*[#   8]+0.068*[#   2]+0.068*[#   3]+0.068*[#   6]
          +0.068*[#   7]+0.039*[#   1]+0.039*[#   5]
    |psi|^2 = 0.996
==== e(   5) =    19.90766 eV ==== 
     psi = 0.331*[#   4]+0.331*[#   8]+0.099*[#   1]+0.099*[#   5]+0.026*[#   2]
          +0.026*[#   3]+0.026*[#   6]+0.026*[#   7]
    |psi|^2 = 0.963
==== e(   6) =    23.64996 eV ==== 
     psi = 0.239*[#   2]+0.239*[#   3]+0.239*[#   6]+0.239*[#   7]
    |psi|^2 = 0.954
==== e(   7) =    23.65146 eV ==== 
     psi = 0.202*[#   2]+0.202*[#   3]+0.202*[#   6]+0.202*[#   7]+0.072*[#   1]
          +0.072*[#   5]+0.002*[#   4]+0.002*[#   8]
    |psi|^2 = 0.955
==== e(   8) =    27.30984 eV ==== 
     psi = 0.248*[#   1]+0.248*[#   5]+0.063*[#   4]+0.063*[#   8]+0.012*[#   2]
          +0.012*[#   3]+0.012*[#   6]+0.012*[#   7]
    |psi|^2 = 0.673

 k =  -0.1767766953  0.3535533906  0.0000000000
==== e(   1) =    -7.17123 eV ==== 
     psi = 0.294*[#   1]+0.294*[#   5]+0.164*[#   4]+0.164*[#   8]+0.037*[#   3]
          +0.037*[#   7]+0.002*[#   2]+0.002*[#   6]
    |psi|^2 = 0.993
==== e(   2) =     6.11449 eV ==== 
     psi = 0.149*[#   2]+0.149*[#   6]+0.133*[#   4]+0.133*[#   8]+0.115*[#   3]
          +0.115*[#   7]+0.101*[#   1]+0.101*[#   5]
    |psi|^2 = 0.997
==== e(   3) =     7.08156 eV ==== 
     psi = 0.290*[#   2]+0.290*[#   6]+0.129*[#   3]+0.129*[#   7]+0.049*[#   1]
          +0.049*[#   5]+0.031*[#   4]+0.031*[#   8]
    |psi|^2 = 0.996
==== e(   4) =     9.84752 eV ==== 
     psi = 0.244*[#   4]+0.244*[#   8]+0.201*[#   3]+0.201*[#   7]+0.035*[#   2]
          +0.035*[#   6]+0.019*[#   1]+0.019*[#   5]
    |psi|^2 = 0.997
==== e(   5) =    20.65581 eV ==== 
     psi = 0.293*[#   4]+0.293*[#   8]+0.103*[#   1]+0.103*[#   5]+0.057*[#   3]
          +0.057*[#   7]+0.021*[#   2]+0.021*[#   6]
    |psi|^2 = 0.947
==== e(   6) =    24.27502 eV ==== 
     psi = 0.266*[#   2]+0.266*[#   6]+0.136*[#   3]+0.136*[#   7]+0.018*[#   1]
          +0.018*[#   5]+0.009*[#   4]+0.009*[#   8]
    |psi|^2 = 0.857
==== e(   7) =    25.93852 eV ==== 
     psi = 0.262*[#   3]+0.262*[#   7]+0.168*[#   2]+0.168*[#   6]+0.039*[#   1]
          +0.039*[#   5]
    |psi|^2 = 0.938
==== e(   8) =    26.07809 eV ==== 
     psi = 0.246*[#   1]+0.246*[#   5]+0.062*[#   4]+0.062*[#   8]+0.017*[#   2]
          +0.017*[#   6]+0.008*[#   3]+0.008*[#   7]
    |psi|^2 = 0.665

 k =   0.4419417382 -0.2651650429  0.6187184335
==== e(   1) =    -4.96548 eV ==== 
     psi = 0.277*[#   1]+0.277*[#   5]+0.161*[#   4]+0.161*[#   8]+0.048*[#   3]
          +0.048*[#   7]+0.012*[#   2]+0.012*[#   6]
    |psi|^2 = 0.994
==== e(   2) =     2.53291 eV ==== 
     psi = 0.184*[#   2]+0.184*[#   6]+0.127*[#   1]+0.127*[#   5]+0.105*[#   3]
          +0.105*[#   7]+0.082*[#   4]+0.082*[#   8]
    |psi|^2 = 0.995
==== e(   3) =     6.29029 eV ==== 
     psi = 0.255*[#   2]+0.255*[#   6]+0.091*[#   4]+0.091*[#   8]+0.090*[#   3]
          +0.090*[#   7]+0.063*[#   1]+0.063*[#   5]
    |psi|^2 = 0.997
==== e(   4) =     8.57951 eV ==== 
     psi = 0.223*[#   4]+0.223*[#   8]+0.222*[#   3]+0.222*[#   7]+0.042*[#   2]
          +0.042*[#   6]+0.011*[#   1]+0.011*[#   5]
    |psi|^2 = 0.997
==== e(   5) =    22.07398 eV ==== 
     psi = 0.247*[#   4]+0.247*[#   8]+0.075*[#   3]+0.075*[#   7]+0.068*[#   1]
          +0.068*[#   5]+0.036*[#   2]+0.036*[#   6]
    |psi|^2 = 0.854
==== e(   6) =    23.82550 eV ==== 
     psi = 0.200*[#   2]+0.200*[#   6]+0.126*[#   3]+0.126*[#   7]+0.063*[#   1]
          +0.063*[#   5]+0.020*[#   4]+0.020*[#   8]
    |psi|^2 = 0.820
==== e(   7) =    26.87275 eV ==== 
     psi = 0.229*[#   1]+0.229*[#   5]+0.086*[#   4]+0.086*[#   8]+0.081*[#   3]
          +0.081*[#   7]+0.023*[#   2]+0.023*[#   6]
    |psi|^2 = 0.838
==== e(   8) =    27.72986 eV ==== 
     psi = 0.164*[#   2]+0.164*[#   6]+0.158*[#   3]+0.158*[#   7]+0.069*[#   1]
          +0.069*[#   5]+0.010*[#   4]+0.010*[#   8]
    |psi|^2 = 0.803

 k =   0.3535533906 -0.1767766953  0.5303300859
==== e(   1) =    -2.81988 eV ==== 
     psi = 0.325*[#   1]+0.325*[#   5]+0.074*[#   2]+0.074*[#   6]+0.073*[#   4]
          +0.073*[#   8]+0.027*[#   3]+0.027*[#   7]
    |psi|^2 = 0.999
==== e(   2) =    -0.21511 eV ==== 
     psi = 0.143*[#   2]+0.143*[#   6]+0.142*[#   4]+0.142*[#   8]+0.126*[#   3]
          +0.126*[#   7]+0.084*[#   1]+0.084*[#   5]
    |psi|^2 = 0.991
==== e(   3) =     6.26053 eV ==== 
     psi = 0.193*[#   4]+0.193*[#   8]+0.188*[#   2]+0.188*[#   6]+0.070*[#   1]
          +0.070*[#   5]+0.048*[#   3]+0.048*[#   7]
    |psi|^2 = 0.998
==== e(   4) =     7.90145 eV ==== 
     psi = 0.257*[#   3]+0.257*[#   7]+0.122*[#   2]+0.122*[#   6]+0.118*[#   4]
          +0.118*[#   8]+0.003*[#   1]+0.003*[#   5]
    |psi|^2 = 0.998
==== e(   5) =    22.34125 eV ==== 
     psi = 0.137*[#   2]+0.137*[#   6]+0.132*[#   4]+0.132*[#   8]+0.096*[#   3]
          +0.096*[#   7]+0.016*[#   1]+0.016*[#   5]
    |psi|^2 = 0.763
==== e(   6) =    23.72823 eV ==== 
     psi = 0.154*[#   1]+0.154*[#   5]+0.099*[#   4]+0.099*[#   8]+0.093*[#   2]
          +0.093*[#   6]+0.091*[#   3]+0.091*[#   7]
    |psi|^2 = 0.873
==== e(   7) =    27.63731 eV ==== 
     psi = 0.206*[#   3]+0.206*[#   7]+0.154*[#   1]+0.154*[#   5]+0.059*[#   2]
          +0.059*[#   6]+0.056*[#   4]+0.056*[#   8]
    |psi|^2 = 0.953
==== e(   8) =    29.40141 eV ==== 
     psi = 0.134*[#   1]+0.134*[#   5]+0.113*[#   4]+0.113*[#   8]+0.110*[#   2]
          +0.110*[#   6]+0.038*[#   3]+0.038*[#   7]
    |psi|^2 = 0.790

 k =   0.2651650429 -0.0883883476  0.4419417382
==== e(   1) =    -4.96469 eV ==== 
     psi = 0.276*[#   1]+0.276*[#   5]+0.161*[#   2]+0.161*[#   6]+0.048*[#   3]
          +0.048*[#   7]+0.012*[#   4]+0.012*[#   8]
    |psi|^2 = 0.994
==== e(   2) =     2.52695 eV ==== 
     psi = 0.183*[#   4]+0.183*[#   8]+0.127*[#   1]+0.127*[#   5]+0.105*[#   3]
          +0.105*[#   7]+0.082*[#   2]+0.082*[#   6]
    |psi|^2 = 0.995
==== e(   3) =     6.27766 eV ==== 
     psi = 0.257*[#   4]+0.257*[#   8]+0.091*[#   3]+0.091*[#   7]+0.088*[#   2]
          +0.088*[#   6]+0.063*[#   1]+0.063*[#   5]
    |psi|^2 = 0.997
==== e(   4) =     8.60232 eV ==== 
     psi = 0.225*[#   2]+0.225*[#   6]+0.221*[#   3]+0.221*[#   7]+0.041*[#   4]
          +0.041*[#   8]+0.012*[#   1]+0.012*[#   5]
    |psi|^2 = 0.997
==== e(   5) =    22.04675 eV ==== 
     psi = 0.247*[#   2]+0.247*[#   6]+0.077*[#   3]+0.077*[#   7]+0.068*[#   1]
          +0.068*[#   5]+0.035*[#   4]+0.035*[#   8]
    |psi|^2 = 0.855
==== e(   6) =    23.85591 eV ==== 
     psi = 0.202*[#   4]+0.202*[#   8]+0.125*[#   3]+0.125*[#   7]+0.064*[#   1]
          +0.064*[#   5]+0.019*[#   2]+0.019*[#   6]
    |psi|^2 = 0.820
==== e(   7) =    26.84911 eV ==== 
     psi = 0.227*[#   1]+0.227*[#   5]+0.086*[#   2]+0.086*[#   6]+0.083*[#   3]
          +0.083*[#   7]+0.022*[#   4]+0.022*[#   8]
    |psi|^2 = 0.835
==== e(   8) =    27.76598 eV ==== 
     psi = 0.163*[#   4]+0.163*[#   8]+0.157*[#   3]+0.157*[#   7]+0.070*[#   1]
          +0.070*[#   5]+0.011*[#   2]+0.011*[#   6]
    |psi|^2 = 0.802

 k =   0.1767766953  0.0000000000  0.3535533906
==== e(   1) =    -7.17106 eV ==== 
     psi = 0.294*[#   1]+0.294*[#   5]+0.164*[#   2]+0.164*[#   6]+0.037*[#   3]
          +0.037*[#   7]+0.002*[#   4]+0.002*[#   8]
    |psi|^2 = 0.993
==== e(   2) =     6.08959 eV ==== 
     psi = 0.148*[#   4]+0.148*[#   8]+0.133*[#   2]+0.133*[#   6]+0.115*[#   3]
          +0.115*[#   7]+0.102*[#   1]+0.102*[#   5]
    |psi|^2 = 0.997
==== e(   3) =     7.08378 eV ==== 
     psi = 0.291*[#   4]+0.291*[#   8]+0.128*[#   3]+0.128*[#   7]+0.048*[#   1]
          +0.048*[#   5]+0.030*[#   2]+0.030*[#   6]
    |psi|^2 = 0.995
==== e(   4) =     9.87822 eV ==== 
     psi = 0.244*[#   2]+0.244*[#   6]+0.201*[#   3]+0.201*[#   7]+0.035*[#   4]
          +0.035*[#   8]+0.019*[#   1]+0.019*[#   5]
    |psi|^2 = 0.997
==== e(   5) =    20.64190 eV ==== 
     psi = 0.293*[#   2]+0.293*[#   6]+0.102*[#   1]+0.102*[#   5]+0.059*[#   3]
          +0.059*[#   7]+0.020*[#   4]+0.020*[#   8]
    |psi|^2 = 0.947
==== e(   6) =    24.29384 eV ==== 
     psi = 0.268*[#   4]+0.268*[#   8]+0.135*[#   3]+0.135*[#   7]+0.019*[#   1]
          +0.019*[#   5]+0.009*[#   2]+0.009*[#   6]
    |psi|^2 = 0.860
==== e(   7) =    25.94919 eV ==== 
     psi = 0.256*[#   3]+0.256*[#   7]+0.165*[#   4]+0.165*[#   8]+0.043*[#   1]
          +0.043*[#   5]+0.002*[#   2]+0.002*[#   6]
    |psi|^2 = 0.932
==== e(   8) =    26.06905 eV ==== 
     psi = 0.241*[#   1]+0.241*[#   5]+0.061*[#   2]+0.061*[#   6]+0.019*[#   4]
          +0.019*[#   8]+0.013*[#   3]+0.013*[#   7]
    |psi|^2 = 0.666

 k =   0.1767766953  0.1767766953  0.3535533906
==== e(   1) =    -6.59019 eV ==== 
     psi = 0.293*[#   1]+0.293*[#   5]+0.140*[#   2]+0.140*[#   6]+0.032*[#   3]
          +0.032*[#   7]+0.032*[#   4]+0.032*[#   8]
    |psi|^2 = 0.993
==== e(   2) =     3.38632 eV ==== 
     psi = 0.143*[#   3]+0.143*[#   7]+0.142*[#   4]+0.142*[#   8]+0.126*[#   1]
          +0.126*[#   5]+0.086*[#   2]+0.086*[#   6]
    |psi|^2 = 0.994
==== e(   3) =     9.09850 eV ==== 
     psi = 0.258*[#   4]+0.258*[#   8]+0.240*[#   3]+0.240*[#   7]
    |psi|^2 = 0.998
==== e(   4) =     9.55049 eV ==== 
     psi = 0.325*[#   2]+0.325*[#   6]+0.075*[#   3]+0.075*[#   7]+0.058*[#   4]
          +0.058*[#   8]+0.040*[#   1]+0.040*[#   5]
    |psi|^2 = 0.997
==== e(   5) =    21.10155 eV ==== 
     psi = 0.300*[#   2]+0.300*[#   6]+0.081*[#   1]+0.081*[#   5]+0.038*[#   3]
          +0.038*[#   7]+0.034*[#   4]+0.034*[#   8]
    |psi|^2 = 0.906
==== e(   6) =    24.30375 eV ==== 
     psi = 0.233*[#   4]+0.233*[#   8]+0.224*[#   3]+0.224*[#   7]
    |psi|^2 = 0.915
==== e(   7) =    24.50232 eV ==== 
     psi = 0.192*[#   1]+0.192*[#   5]+0.136*[#   3]+0.136*[#   7]+0.131*[#   4]
          +0.131*[#   8]
    |psi|^2 = 0.920
==== e(   8) =    27.79217 eV ==== 
     psi = 0.160*[#   1]+0.160*[#   5]+0.081*[#   2]+0.081*[#   6]+0.037*[#   3]
          +0.037*[#   4]+0.037*[#   7]+0.037*[#   8]
    |psi|^2 = 0.632

 k =   0.0883883476  0.2651650429  0.2651650429
==== e(   1) =    -7.32169 eV ==== 
     psi = 0.302*[#   1]+0.302*[#   5]+0.091*[#   2]+0.091*[#   4]+0.091*[#   6]
          +0.091*[#   8]+0.011*[#   3]+0.011*[#   7]
    |psi|^2 = 0.993
==== e(   2) =     4.80457 eV ==== 
     psi = 0.174*[#   3]+0.174*[#   7]+0.114*[#   1]+0.114*[#   5]+0.104*[#   2]
          +0.104*[#   4]+0.104*[#   6]+0.104*[#   8]
    |psi|^2 = 0.994
==== e(   3) =     8.28819 eV ==== 
     psi = 0.280*[#   3]+0.280*[#   7]+0.087*[#   2]+0.087*[#   4]+0.087*[#   6]
          +0.087*[#   8]+0.044*[#   1]+0.044*[#   5]
    |psi|^2 = 0.996
==== e(   4) =    10.89287 eV ==== 
     psi = 0.249*[#   2]+0.249*[#   4]+0.249*[#   6]+0.249*[#   8]
    |psi|^2 = 0.997
==== e(   5) =    22.27099 eV ==== 
     psi = 0.238*[#   2]+0.238*[#   4]+0.238*[#   6]+0.238*[#   8]
    |psi|^2 = 0.950
==== e(   6) =    22.87911 eV ==== 
     psi = 0.306*[#   3]+0.306*[#   7]+0.057*[#   1]+0.057*[#   5]+0.044*[#   2]
          +0.044*[#   4]+0.044*[#   6]+0.044*[#   8]
    |psi|^2 = 0.903
==== e(   7) =    23.90121 eV ==== 
     psi = 0.171*[#   1]+0.172*[#   5]+0.141*[#   3]+0.141*[#   7]+0.075*[#   2]
          +0.075*[#   4]+0.075*[#   6]+0.075*[#   8]
    |psi|^2 = 0.923
==== e(   8) =    28.74276 eV ==== 
     psi = 0.235*[#   1]+0.235*[#   5]+0.061*[#   2]+0.061*[#   4]+0.061*[#   6]
          +0.061*[#   8]+0.029*[#   3]+0.029*[#   7]
    |psi|^2 = 0.773

 k =   0.0000000000  0.3535533906  0.1767766953
==== e(   1) =    -7.17123 eV ==== 
     psi = 0.294*[#   1]+0.294*[#   5]+0.164*[#   4]+0.164*[#   8]+0.037*[#   2]
          +0.037*[#   6]+0.002*[#   3]+0.002*[#   7]
    |psi|^2 = 0.993
==== e(   2) =     6.11449 eV ==== 
     psi = 0.149*[#   3]+0.149*[#   7]+0.133*[#   4]+0.133*[#   8]+0.115*[#   2]
          +0.115*[#   6]+0.101*[#   1]+0.101*[#   5]
    |psi|^2 = 0.997
==== e(   3) =     7.08156 eV ==== 
     psi = 0.290*[#   3]+0.290*[#   7]+0.129*[#   2]+0.129*[#   6]+0.049*[#   1]
          +0.049*[#   5]+0.031*[#   4]+0.031*[#   8]
    |psi|^2 = 0.996
==== e(   4) =     9.84752 eV ==== 
     psi = 0.244*[#   4]+0.244*[#   8]+0.201*[#   2]+0.201*[#   6]+0.035*[#   3]
          +0.035*[#   7]+0.019*[#   1]+0.019*[#   5]
    |psi|^2 = 0.997
==== e(   5) =    20.65581 eV ==== 
     psi = 0.293*[#   4]+0.293*[#   8]+0.103*[#   1]+0.103*[#   5]+0.057*[#   2]
          +0.057*[#   6]+0.021*[#   3]+0.021*[#   7]
    |psi|^2 = 0.947
==== e(   6) =    24.27502 eV ==== 
     psi = 0.266*[#   3]+0.266*[#   7]+0.136*[#   2]+0.136*[#   6]+0.018*[#   1]
          +0.018*[#   5]+0.009*[#   4]+0.009*[#   8]
    |psi|^2 = 0.857
==== e(   7) =    25.93852 eV ==== 
     psi = 0.262*[#   2]+0.262*[#   6]+0.168*[#   3]+0.168*[#   7]+0.039*[#   1]
          +0.039*[#   5]
    |psi|^2 = 0.938
==== e(   8) =    26.07809 eV ==== 
     psi = 0.246*[#   1]+0.246*[#   5]+0.062*[#   4]+0.062*[#   8]+0.017*[#   3]
          +0.017*[#   7]+0.008*[#   2]+0.008*[#   6]
    |psi|^2 = 0.665

 k =  -0.0883883476  0.4419417382  0.0883883476
==== e(   1) =    -6.14551 eV ==== 
     psi = 0.274*[#   1]+0.274*[#   5]+0.208*[#   4]+0.208*[#   8]+0.007*[#   2]
          +0.007*[#   3]+0.007*[#   6]+0.007*[#   7]
    |psi|^2 = 0.993
==== e(   2) =     5.06896 eV ==== 
     psi = 0.149*[#   4]+0.149*[#   8]+0.120*[#   1]+0.120*[#   5]+0.114*[#   2]
          +0.114*[#   3]+0.114*[#   6]+0.114*[#   7]
    |psi|^2 = 0.997
==== e(   3) =     7.45580 eV ==== 
     psi = 0.216*[#   4]+0.216*[#   8]+0.115*[#   2]+0.115*[#   3]+0.115*[#   6]
          +0.115*[#   7]+0.052*[#   1]+0.052*[#   5]
    |psi|^2 = 0.998
==== e(   4) =     7.69940 eV ==== 
     psi = 0.250*[#   2]+0.250*[#   3]+0.250*[#   6]+0.250*[#   7]
    |psi|^2 = 0.998
==== e(   5) =    19.18639 eV ==== 
     psi = 0.263*[#   4]+0.263*[#   8]+0.168*[#   1]+0.168*[#   5]+0.015*[#   2]
          +0.015*[#   3]+0.015*[#   6]+0.015*[#   7]
    |psi|^2 = 0.923
==== e(   6) =    23.39143 eV ==== 
     psi = 0.176*[#   1]+0.176*[#   5]+0.089*[#   4]+0.089*[#   8]+0.013*[#   2]
          +0.013*[#   3]+0.013*[#   6]+0.013*[#   7]
    |psi|^2 = 0.582
==== e(   7) =    27.29390 eV ==== 
     psi = 0.234*[#   2]+0.234*[#   3]+0.234*[#   6]+0.234*[#   7]
    |psi|^2 = 0.935
==== e(   8) =    27.41428 eV ==== 
     psi = 0.200*[#   2]+0.200*[#   3]+0.200*[#   6]+0.200*[#   7]+0.066*[#   1]
          +0.066*[#   5]+0.003*[#   4]+0.003*[#   8]
    |psi|^2 = 0.938

 k =   0.5303300859 -0.1767766953  0.7071067812
==== e(   1) =    -4.23201 eV ==== 
     psi = 0.256*[#   1]+0.256*[#   5]+0.220*[#   4]+0.220*[#   8]+0.016*[#   3]
          +0.016*[#   7]+0.005*[#   2]+0.005*[#   6]
    |psi|^2 = 0.994
==== e(   2) =     3.41893 eV ==== 
     psi = 0.206*[#   4]+0.206*[#   8]+0.174*[#   1]+0.174*[#   5]+0.091*[#   2]
          +0.091*[#   6]+0.027*[#   3]+0.027*[#   7]
    |psi|^2 = 0.998
==== e(   3) =     5.52057 eV ==== 
     psi = 0.266*[#   2]+0.266*[#   6]+0.177*[#   3]+0.177*[#   7]+0.032*[#   1]
          +0.032*[#   5]+0.024*[#   4]+0.024*[#   8]
    |psi|^2 = 0.997
==== e(   4) =     6.64099 eV ==== 
     psi = 0.231*[#   3]+0.231*[#   7]+0.137*[#   2]+0.137*[#   6]+0.126*[#   4]
          +0.126*[#   8]+0.005*[#   1]+0.005*[#   5]
    |psi|^2 = 0.998
==== e(   5) =    20.36571 eV ==== 
     psi = 0.233*[#   4]+0.233*[#   8]+0.152*[#   1]+0.152*[#   5]+0.044*[#   3]
          +0.044*[#   7]+0.011*[#   2]+0.011*[#   6]
    |psi|^2 = 0.880
==== e(   6) =    22.59148 eV ==== 
     psi = 0.150*[#   1]+0.150*[#   5]+0.103*[#   4]+0.103*[#   8]+0.052*[#   3]
          +0.052*[#   7]+0.002*[#   2]+0.002*[#   6]
    |psi|^2 = 0.614
==== e(   7) =    27.47719 eV ==== 
     psi = 0.232*[#   2]+0.232*[#   6]+0.124*[#   3]+0.124*[#   7]+0.092*[#   1]
          +0.092*[#   5]+0.008*[#   4]+0.008*[#   8]
    |psi|^2 = 0.912
==== e(   8) =    29.78282 eV ==== 
     psi = 0.249*[#   3]+0.249*[#   7]+0.205*[#   2]+0.205*[#   6]+0.027*[#   1]
          +0.027*[#   5]
    |psi|^2 = 0.963

 k =   0.4419417382 -0.0883883476  0.6187184335
==== e(   1) =    -1.79602 eV ==== 
     psi = 0.267*[#   1]+0.267*[#   5]+0.185*[#   4]+0.185*[#   8]+0.034*[#   2]
          +0.034*[#   6]+0.013*[#   3]+0.013*[#   7]
    |psi|^2 = 0.997
==== e(   2) =     0.99643 eV ==== 
     psi = 0.172*[#   1]+0.172*[#   5]+0.138*[#   4]+0.138*[#   8]+0.130*[#   2]
          +0.130*[#   6]+0.059*[#   3]+0.059*[#   7]
    |psi|^2 = 0.997
==== e(   3) =     4.09849 eV ==== 
     psi = 0.183*[#   4]+0.183*[#   8]+0.142*[#   2]+0.142*[#   6]+0.134*[#   3]
          +0.134*[#   7]+0.039*[#   1]+0.039*[#   5]
    |psi|^2 = 0.997
==== e(   4) =     6.18098 eV ==== 
     psi = 0.223*[#   3]+0.223*[#   7]+0.217*[#   2]+0.217*[#   6]+0.054*[#   4]
          +0.054*[#   8]+0.006*[#   1]+0.006*[#   5]
    |psi|^2 = 0.998
==== e(   5) =    21.57799 eV ==== 
     psi = 0.188*[#   4]+0.188*[#   8]+0.111*[#   1]+0.111*[#   5]+0.079*[#   3]
          +0.079*[#   7]+0.005*[#   2]+0.005*[#   6]
    |psi|^2 = 0.765
==== e(   6) =    25.01000 eV ==== 
     psi = 0.118*[#   3]+0.118*[#   7]+0.115*[#   4]+0.115*[#   8]+0.069*[#   1]
          +0.069*[#   5]+0.015*[#   2]+0.015*[#   6]
    |psi|^2 = 0.635
==== e(   7) =    27.01237 eV ==== 
     psi = 0.201*[#   2]+0.201*[#   6]+0.168*[#   1]+0.168*[#   5]+0.051*[#   3]
          +0.051*[#   7]+0.042*[#   4]+0.042*[#   8]
    |psi|^2 = 0.925
==== e(   8) =    29.57270 eV ==== 
     psi = 0.194*[#   2]+0.194*[#   6]+0.152*[#   3]+0.152*[#   7]+0.106*[#   1]
          +0.106*[#   5]+0.003*[#   4]+0.003*[#   8]
    |psi|^2 = 0.911

 k =   0.3535533906  0.0000000000  0.5303300859
==== e(   1) =    -2.66699 eV ==== 
     psi = 0.269*[#   1]+0.269*[#   5]+0.153*[#   2]+0.153*[#   6]+0.046*[#   3]
          +0.046*[#   7]+0.031*[#   4]+0.031*[#   8]
    |psi|^2 = 0.997
==== e(   2) =     1.81323 eV ==== 
     psi = 0.207*[#   4]+0.207*[#   8]+0.174*[#   1]+0.174*[#   5]+0.076*[#   2]
          +0.076*[#   6]+0.043*[#   3]+0.043*[#   7]
    |psi|^2 = 0.998
==== e(   3) =     3.63271 eV ==== 
     psi = 0.253*[#   4]+0.253*[#   8]+0.138*[#   3]+0.138*[#   7]+0.073*[#   2]
          +0.073*[#   6]+0.035*[#   1]+0.035*[#   5]
    |psi|^2 = 0.996
==== e(   4) =     7.12928 eV ==== 
     psi = 0.245*[#   2]+0.245*[#   6]+0.209*[#   3]+0.209*[#   7]+0.035*[#   4]
          +0.035*[#   8]+0.010*[#   1]+0.010*[#   5]
    |psi|^2 = 0.998
==== e(   5) =    22.44065 eV ==== 
     psi = 0.191*[#   4]+0.191*[#   8]+0.113*[#   3]+0.113*[#   7]+0.059*[#   1]
          +0.059*[#   5]+0.008*[#   2]+0.008*[#   6]
    |psi|^2 = 0.742
==== e(   6) =    25.00457 eV ==== 
     psi = 0.235*[#   2]+0.235*[#   6]+0.127*[#   3]+0.127*[#   7]+0.051*[#   1]
          +0.051*[#   5]+0.004*[#   4]+0.004*[#   8]
    |psi|^2 = 0.833
==== e(   7) =    27.53533 eV ==== 
     psi = 0.226*[#   1]+0.226*[#   5]+0.112*[#   2]+0.112*[#   6]+0.041*[#   3]
          +0.041*[#   7]+0.021*[#   4]+0.021*[#   8]
    |psi|^2 = 0.799
==== e(   8) =    29.16957 eV ==== 
     psi = 0.201*[#   4]+0.201*[#   8]+0.137*[#   1]+0.137*[#   5]+0.114*[#   3]
          +0.114*[#   7]+0.009*[#   2]+0.009*[#   6]
    |psi|^2 = 0.923

 k =   0.2651650429  0.0883883476  0.4419417382
==== e(   1) =    -4.96489 eV ==== 
     psi = 0.276*[#   1]+0.276*[#   5]+0.161*[#   2]+0.161*[#   6]+0.048*[#   3]
          +0.048*[#   7]+0.012*[#   4]+0.012*[#   8]
    |psi|^2 = 0.994
==== e(   2) =     2.53009 eV ==== 
     psi = 0.184*[#   4]+0.184*[#   8]+0.127*[#   1]+0.127*[#   5]+0.105*[#   3]
          +0.105*[#   7]+0.082*[#   2]+0.082*[#   6]
    |psi|^2 = 0.995
==== e(   3) =     6.26613 eV ==== 
     psi = 0.255*[#   4]+0.255*[#   8]+0.092*[#   2]+0.092*[#   6]+0.089*[#   3]
          +0.089*[#   7]+0.063*[#   1]+0.063*[#   5]
    |psi|^2 = 0.997
==== e(   4) =     8.61156 eV ==== 
     psi = 0.223*[#   3]+0.223*[#   7]+0.222*[#   2]+0.222*[#   6]+0.043*[#   4]
          +0.043*[#   8]+0.011*[#   1]+0.011*[#   5]
    |psi|^2 = 0.997
==== e(   5) =    22.08042 eV ==== 
     psi = 0.250*[#   2]+0.250*[#   6]+0.076*[#   3]+0.076*[#   7]+0.070*[#   1]
          +0.070*[#   5]+0.031*[#   4]+0.031*[#   8]
    |psi|^2 = 0.856
==== e(   6) =    23.81207 eV ==== 
     psi = 0.205*[#   4]+0.205*[#   8]+0.127*[#   3]+0.127*[#   7]+0.060*[#   1]
          +0.060*[#   5]+0.017*[#   2]+0.017*[#   6]
    |psi|^2 = 0.817
==== e(   7) =    26.88005 eV ==== 
     psi = 0.230*[#   1]+0.230*[#   5]+0.087*[#   2]+0.087*[#   6]+0.077*[#   3]
          +0.077*[#   7]+0.022*[#   4]+0.022*[#   8]
    |psi|^2 = 0.833
==== e(   8) =    27.72870 eV ==== 
     psi = 0.164*[#   4]+0.164*[#   8]+0.160*[#   3]+0.160*[#   7]+0.069*[#   1]
          +0.069*[#   5]+0.010*[#   2]+0.010*[#   6]
    |psi|^2 = 0.807

 k =  -0.4419417382 -0.4419417382 -0.2651650429
==== e(   1) =    -3.98775 eV ==== 
     psi = 0.324*[#   1]+0.324*[#   5]+0.108*[#   2]+0.108*[#   6]+0.034*[#   3]
          +0.034*[#   7]+0.033*[#   4]+0.033*[#   8]
    |psi|^2 = 0.997
==== e(   2) =    -0.37464 eV ==== 
     psi = 0.146*[#   3]+0.146*[#   7]+0.146*[#   4]+0.146*[#   8]+0.102*[#   1]
          +0.102*[#   5]+0.101*[#   2]+0.101*[#   6]
    |psi|^2 = 0.990
==== e(   3) =     8.50007 eV ==== 
     psi = 0.314*[#   2]+0.314*[#   6]+0.080*[#   4]+0.080*[#   8]+0.066*[#   3]
          +0.066*[#   7]+0.039*[#   1]+0.039*[#   5]
    |psi|^2 = 0.998
==== e(   4) =     9.10497 eV ==== 
     psi = 0.256*[#   3]+0.256*[#   7]+0.243*[#   4]+0.243*[#   8]
    |psi|^2 = 0.998
==== e(   5) =    21.73077 eV ==== 
     psi = 0.277*[#   2]+0.277*[#   6]+0.067*[#   1]+0.067*[#   5]+0.041*[#   3]
          +0.041*[#   7]+0.036*[#   4]+0.036*[#   8]
    |psi|^2 = 0.844
==== e(   6) =    24.00336 eV ==== 
     psi = 0.225*[#   4]+0.225*[#   8]+0.218*[#   3]+0.218*[#   7]
    |psi|^2 = 0.886
==== e(   7) =    24.72318 eV ==== 
     psi = 0.276*[#   1]+0.276*[#   5]+0.078*[#   3]+0.078*[#   7]+0.077*[#   4]
          +0.077*[#   8]+0.014*[#   2]+0.014*[#   6]
    |psi|^2 = 0.889
==== e(   8) =    29.60796 eV ==== 
     psi = 0.108*[#   2]+0.108*[#   6]+0.104*[#   1]+0.104*[#   5]+0.060*[#   4]
          +0.060*[#   8]+0.059*[#   3]+0.059*[#   7]
    |psi|^2 = 0.663

 k =  -0.5303300859 -0.3535533906 -0.3535533906
==== e(   1) =    -4.86268 eV ==== 
     psi = 0.299*[#   1]+0.299*[#   5]+0.087*[#   2]+0.087*[#   4]+0.087*[#   6]
          +0.087*[#   8]+0.024*[#   3]+0.024*[#   7]
    |psi|^2 = 0.995
==== e(   2) =     0.75497 eV ==== 
     psi = 0.171*[#   3]+0.171*[#   7]+0.125*[#   1]+0.125*[#   5]+0.100*[#   2]
          +0.100*[#   4]+0.100*[#   6]+0.100*[#   8]
    |psi|^2 = 0.992
==== e(   3) =     8.03810 eV ==== 
     psi = 0.295*[#   3]+0.295*[#   7]+0.082*[#   2]+0.082*[#   4]+0.082*[#   6]
          +0.082*[#   8]+0.040*[#   1]+0.040*[#   5]
    |psi|^2 = 0.998
==== e(   4) =     9.76176 eV ==== 
     psi = 0.249*[#   2]+0.249*[#   4]+0.249*[#   6]+0.249*[#   8]
    |psi|^2 = 0.998
==== e(   5) =    22.34113 eV ==== 
     psi = 0.278*[#   3]+0.278*[#   7]+0.054*[#   1]+0.054*[#   5]+0.045*[#   2]
          +0.045*[#   4]+0.045*[#   6]+0.045*[#   8]
    |psi|^2 = 0.845
==== e(   6) =    23.37167 eV ==== 
     psi = 0.226*[#   2]+0.226*[#   4]+0.226*[#   6]+0.226*[#   8]
    |psi|^2 = 0.904
==== e(   7) =    24.57839 eV ==== 
     psi = 0.272*[#   1]+0.272*[#   5]+0.061*[#   3]+0.061*[#   7]+0.056*[#   2]
          +0.056*[#   4]+0.056*[#   6]+0.056*[#   8]
    |psi|^2 = 0.890
==== e(   8) =    29.92170 eV ==== 
     psi = 0.126*[#   1]+0.126*[#   5]+0.093*[#   3]+0.093*[#   7]+0.071*[#   2]
          +0.071*[#   4]+0.071*[#   6]+0.071*[#   8]
    |psi|^2 = 0.722

 k =  -0.6187184335 -0.2651650429 -0.4419417382
==== e(   1) =    -4.96548 eV ==== 
     psi = 0.277*[#   1]+0.277*[#   5]+0.161*[#   4]+0.161*[#   8]+0.048*[#   2]
          +0.048*[#   6]+0.012*[#   3]+0.012*[#   7]
    |psi|^2 = 0.994
==== e(   2) =     2.53291 eV ==== 
     psi = 0.184*[#   3]+0.184*[#   7]+0.127*[#   1]+0.127*[#   5]+0.105*[#   2]
          +0.105*[#   6]+0.082*[#   4]+0.082*[#   8]
    |psi|^2 = 0.995
==== e(   3) =     6.29029 eV ==== 
     psi = 0.255*[#   3]+0.255*[#   7]+0.091*[#   4]+0.091*[#   8]+0.090*[#   2]
          +0.090*[#   6]+0.063*[#   1]+0.063*[#   5]
    |psi|^2 = 0.997
==== e(   4) =     8.57951 eV ==== 
     psi = 0.223*[#   4]+0.223*[#   8]+0.222*[#   2]+0.222*[#   6]+0.042*[#   3]
          +0.042*[#   7]+0.011*[#   1]+0.011*[#   5]
    |psi|^2 = 0.997
==== e(   5) =    22.07398 eV ==== 
     psi = 0.247*[#   4]+0.247*[#   8]+0.075*[#   2]+0.075*[#   6]+0.068*[#   1]
          +0.068*[#   5]+0.036*[#   3]+0.036*[#   7]
    |psi|^2 = 0.854
==== e(   6) =    23.82550 eV ==== 
     psi = 0.200*[#   3]+0.200*[#   7]+0.126*[#   2]+0.126*[#   6]+0.063*[#   1]
          +0.063*[#   5]+0.020*[#   4]+0.020*[#   8]
    |psi|^2 = 0.820
==== e(   7) =    26.87275 eV ==== 
     psi = 0.229*[#   1]+0.229*[#   5]+0.086*[#   4]+0.086*[#   8]+0.081*[#   2]
          +0.081*[#   6]+0.023*[#   3]+0.023*[#   7]
    |psi|^2 = 0.838
==== e(   8) =    27.72986 eV ==== 
     psi = 0.164*[#   3]+0.164*[#   7]+0.158*[#   2]+0.158*[#   6]+0.069*[#   1]
          +0.069*[#   5]+0.010*[#   4]+0.010*[#   8]
    |psi|^2 = 0.803

 k =  -0.7071067812 -0.1767766953 -0.5303300859
==== e(   1) =    -4.23201 eV ==== 
     psi = 0.256*[#   1]+0.256*[#   5]+0.220*[#   4]+0.220*[#   8]+0.016*[#   2]
          +0.016*[#   6]+0.005*[#   3]+0.005*[#   7]
    |psi|^2 = 0.994
==== e(   2) =     3.41893 eV ==== 
     psi = 0.206*[#   4]+0.206*[#   8]+0.174*[#   1]+0.174*[#   5]+0.091*[#   3]
          +0.091*[#   7]+0.027*[#   2]+0.027*[#   6]
    |psi|^2 = 0.998
==== e(   3) =     5.52057 eV ==== 
     psi = 0.266*[#   3]+0.266*[#   7]+0.177*[#   2]+0.177*[#   6]+0.032*[#   1]
          +0.032*[#   5]+0.024*[#   4]+0.024*[#   8]
    |psi|^2 = 0.997
==== e(   4) =     6.64099 eV ==== 
     psi = 0.231*[#   2]+0.231*[#   6]+0.137*[#   3]+0.137*[#   7]+0.126*[#   4]
          +0.126*[#   8]+0.005*[#   1]+0.005*[#   5]
    |psi|^2 = 0.998
==== e(   5) =    20.36571 eV ==== 
     psi = 0.233*[#   4]+0.233*[#   8]+0.152*[#   1]+0.152*[#   5]+0.044*[#   2]
          +0.044*[#   6]+0.011*[#   3]+0.011*[#   7]
    |psi|^2 = 0.880
==== e(   6) =    22.59148 eV ==== 
     psi = 0.150*[#   1]+0.150*[#   5]+0.103*[#   4]+0.103*[#   8]+0.052*[#   2]
          +0.052*[#   6]+0.002*[#   3]+0.002*[#   7]
    |psi|^2 = 0.614
==== e(   7) =    27.47719 eV ==== 
     psi = 0.232*[#   3]+0.232*[#   7]+0.124*[#   2]+0.124*[#   6]+0.092*[#   1]
          +0.092*[#   5]+0.008*[#   4]+0.008*[#   8]
    |psi|^2 = 0.912
==== e(   8) =    29.78282 eV ==== 
     psi = 0.249*[#   2]+0.249*[#   6]+0.205*[#   3]+0.205*[#   7]+0.027*[#   1]
          +0.027*[#   5]
    |psi|^2 = 0.963

 k =  -0.0883883476 -0.7954951288  0.0883883476
==== e(   1) =    -2.63090 eV ==== 
     psi = 0.252*[#   4]+0.252*[#   8]+0.238*[#   1]+0.238*[#   5]+0.004*[#   2]
          +0.004*[#   3]+0.004*[#   6]+0.004*[#   7]
    |psi|^2 = 0.995
==== e(   2) =     1.64132 eV ==== 
     psi = 0.273*[#   4]+0.273*[#   8]+0.199*[#   1]+0.199*[#   5]+0.013*[#   2]
          +0.013*[#   3]+0.013*[#   6]+0.013*[#   7]
    |psi|^2 = 0.997
==== e(   3) =     5.14672 eV ==== 
     psi = 0.219*[#   2]+0.219*[#   3]+0.219*[#   6]+0.219*[#   7]+0.049*[#   4]
          +0.049*[#   8]+0.011*[#   1]+0.011*[#   5]
    |psi|^2 = 0.998
==== e(   4) =     6.57741 eV ==== 
     psi = 0.250*[#   2]+0.250*[#   3]+0.250*[#   6]+0.250*[#   7]
    |psi|^2 = 0.999
==== e(   5) =    18.92169 eV ==== 
     psi = 0.203*[#   4]+0.203*[#   8]+0.197*[#   1]+0.197*[#   5]+0.008*[#   2]
          +0.008*[#   3]+0.008*[#   6]+0.008*[#   7]
    |psi|^2 = 0.831
==== e(   6) =    21.00188 eV ==== 
     psi = 0.186*[#   1]+0.186*[#   5]+0.148*[#   4]+0.148*[#   8]+0.014*[#   2]
          +0.014*[#   3]+0.014*[#   6]+0.014*[#   7]
    |psi|^2 = 0.726
==== e(   7) =    30.32799 eV ==== 
     psi = 0.240*[#   2]+0.240*[#   3]+0.240*[#   6]+0.240*[#   7]
    |psi|^2 = 0.959
==== e(   8) =    30.67009 eV ==== 
     psi = 0.207*[#   2]+0.207*[#   3]+0.207*[#   6]+0.207*[#   7]+0.052*[#   1]
          +0.052*[#   5]+0.003*[#   4]+0.003*[#   8]
    |psi|^2 = 0.937

 k =  -0.1767766953 -0.7071067812  0.0000000000
==== e(   1) =    -0.35790 eV ==== 
     psi = 0.253*[#   4]+0.252*[#   8]+0.225*[#   5]+0.224*[#   1]+0.020*[#   2]
          +0.019*[#   6]+0.002*[#   3]+0.002*[#   7]
    |psi|^2 = 0.997
==== e(   2) =    -0.34370 eV ==== 
     psi = 0.254*[#   8]+0.253*[#   4]+0.224*[#   1]+0.223*[#   5]+0.019*[#   2]
          +0.019*[#   6]+0.002*[#   3]+0.002*[#   7]
    |psi|^2 = 0.997
==== e(   3) =     5.14658 eV ==== 
     psi = 0.236*[#   2]+0.235*[#   6]+0.219*[#   7]+0.218*[#   3]+0.036*[#   4]
          +0.036*[#   8]+0.009*[#   1]+0.009*[#   5]
    |psi|^2 = 0.998
==== e(   4) =     5.16313 eV ==== 
     psi = 0.235*[#   6]+0.235*[#   2]+0.219*[#   3]+0.219*[#   7]+0.036*[#   8]
          +0.036*[#   4]+0.009*[#   1]+0.009*[#   5]
    |psi|^2 = 0.998
==== e(   5) =    20.86784 eV ==== 
     psi = 0.170*[#   4]+0.169*[#   5]+0.167*[#   8]+0.166*[#   1]+0.045*[#   7]
          +0.044*[#   3]+0.002*[#   2]+0.001*[#   6]
    |psi|^2 = 0.763
==== e(   6) =    20.88438 eV ==== 
     psi = 0.171*[#   8]+0.169*[#   1]+0.167*[#   4]+0.165*[#   5]+0.044*[#   3]
          +0.043*[#   7]+0.002*[#   2]+0.002*[#   6]
    |psi|^2 = 0.761
==== e(   7) =    30.24031 eV ==== 
     psi = 0.225*[#   2]+0.225*[#   6]+0.174*[#   7]+0.174*[#   3]+0.056*[#   5]
          +0.056*[#   1]+0.003*[#   4]+0.003*[#   8]
    |psi|^2 = 0.916
==== e(   8) =    30.25825 eV ==== 
     psi = 0.225*[#   6]+0.224*[#   2]+0.174*[#   3]+0.173*[#   7]+0.057*[#   1]
          +0.057*[#   5]+0.003*[#   4]+0.003*[#   8]
    |psi|^2 = 0.915

 k =  -0.2651650429 -0.6187184335 -0.0883883476
==== e(   1) =    -1.79432 eV ==== 
     psi = 0.266*[#   1]+0.266*[#   5]+0.185*[#   4]+0.185*[#   8]+0.034*[#   2]
          +0.034*[#   6]+0.013*[#   3]+0.013*[#   7]
    |psi|^2 = 0.997
==== e(   2) =     0.99409 eV ==== 
     psi = 0.173*[#   1]+0.173*[#   5]+0.138*[#   4]+0.138*[#   8]+0.129*[#   2]
          +0.129*[#   6]+0.059*[#   3]+0.059*[#   7]
    |psi|^2 = 0.997
==== e(   3) =     4.08685 eV ==== 
     psi = 0.181*[#   4]+0.181*[#   8]+0.144*[#   2]+0.144*[#   6]+0.134*[#   3]
          +0.134*[#   7]+0.039*[#   1]+0.039*[#   5]
    |psi|^2 = 0.997
==== e(   4) =     6.19469 eV ==== 
     psi = 0.223*[#   3]+0.223*[#   7]+0.215*[#   2]+0.215*[#   6]+0.055*[#   4]
          +0.055*[#   8]+0.006*[#   1]+0.006*[#   5]
    |psi|^2 = 0.998
==== e(   5) =    21.58091 eV ==== 
     psi = 0.189*[#   4]+0.189*[#   8]+0.111*[#   1]+0.111*[#   5]+0.079*[#   3]
          +0.079*[#   7]+0.004*[#   2]+0.004*[#   6]
    |psi|^2 = 0.766
==== e(   6) =    25.00599 eV ==== 
     psi = 0.119*[#   3]+0.119*[#   7]+0.114*[#   4]+0.114*[#   8]+0.069*[#   1]
          +0.069*[#   5]+0.015*[#   2]+0.015*[#   6]
    |psi|^2 = 0.634
==== e(   7) =    27.00774 eV ==== 
     psi = 0.203*[#   2]+0.203*[#   6]+0.166*[#   1]+0.166*[#   5]+0.051*[#   3]
          +0.051*[#   7]+0.042*[#   4]+0.042*[#   8]
    |psi|^2 = 0.924
==== e(   8) =    29.58971 eV ==== 
     psi = 0.193*[#   2]+0.193*[#   6]+0.151*[#   3]+0.151*[#   7]+0.108*[#   1]
          +0.108*[#   5]+0.004*[#   4]+0.004*[#   8]
    |psi|^2 = 0.913

 k =  -0.3535533906 -0.5303300859 -0.1767766953
==== e(   1) =    -2.81981 eV ==== 
     psi = 0.325*[#   1]+0.325*[#   5]+0.074*[#   2]+0.074*[#   4]+0.074*[#   6]
          +0.074*[#   8]+0.027*[#   3]+0.027*[#   7]
    |psi|^2 = 0.999
==== e(   2) =    -0.21424 eV ==== 
     psi = 0.142*[#   2]+0.142*[#   4]+0.142*[#   6]+0.142*[#   8]+0.127*[#   3]
          +0.127*[#   7]+0.084*[#   1]+0.084*[#   5]
    |psi|^2 = 0.991
==== e(   3) =     6.23330 eV ==== 
     psi = 0.191*[#   2]+0.191*[#   4]+0.191*[#   6]+0.191*[#   8]+0.070*[#   1]
          +0.070*[#   5]+0.048*[#   3]+0.048*[#   7]
    |psi|^2 = 0.998
==== e(   4) =     7.93066 eV ==== 
     psi = 0.257*[#   3]+0.257*[#   7]+0.120*[#   2]+0.120*[#   4]+0.120*[#   6]
          +0.120*[#   8]+0.003*[#   1]+0.003*[#   5]
    |psi|^2 = 0.998
==== e(   5) =    22.39276 eV ==== 
     psi = 0.134*[#   2]+0.134*[#   4]+0.134*[#   6]+0.134*[#   8]+0.096*[#   3]
          +0.096*[#   7]+0.015*[#   1]+0.015*[#   5]
    |psi|^2 = 0.760
==== e(   6) =    23.66374 eV ==== 
     psi = 0.151*[#   1]+0.151*[#   5]+0.096*[#   2]+0.096*[#   4]+0.096*[#   6]
          +0.096*[#   8]+0.094*[#   3]+0.094*[#   7]
    |psi|^2 = 0.875
==== e(   7) =    27.65200 eV ==== 
     psi = 0.203*[#   3]+0.203*[#   7]+0.157*[#   1]+0.157*[#   5]+0.058*[#   2]
          +0.058*[#   4]+0.058*[#   6]+0.058*[#   8]
    |psi|^2 = 0.952
==== e(   8) =    29.38534 eV ==== 
     psi = 0.135*[#   1]+0.135*[#   5]+0.112*[#   2]+0.112*[#   4]+0.112*[#   6]
          +0.112*[#   8]+0.037*[#   3]+0.037*[#   7]
    |psi|^2 = 0.792

 k =  -0.3535533906 -0.3535533906 -0.1767766953
==== e(   1) =    -4.86219 eV ==== 
     psi = 0.299*[#   1]+0.299*[#   5]+0.087*[#   3]+0.087*[#   7]+0.087*[#   4]
          +0.087*[#   8]+0.024*[#   2]+0.024*[#   6]
    |psi|^2 = 0.995
==== e(   2) =     0.75363 eV ==== 
     psi = 0.170*[#   2]+0.170*[#   6]+0.125*[#   1]+0.125*[#   5]+0.100*[#   3]
          +0.100*[#   7]+0.100*[#   4]+0.100*[#   8]
    |psi|^2 = 0.992
==== e(   3) =     8.01175 eV ==== 
     psi = 0.296*[#   2]+0.296*[#   6]+0.084*[#   4]+0.084*[#   8]+0.079*[#   3]
          +0.079*[#   7]+0.040*[#   1]+0.040*[#   5]
    |psi|^2 = 0.998
==== e(   4) =     9.79499 eV ==== 
     psi = 0.252*[#   3]+0.252*[#   7]+0.247*[#   4]+0.247*[#   8]
    |psi|^2 = 0.998
==== e(   5) =    22.36402 eV ==== 
     psi = 0.278*[#   2]+0.278*[#   6]+0.056*[#   1]+0.056*[#   5]+0.049*[#   3]
          +0.049*[#   7]+0.039*[#   4]+0.039*[#   8]
    |psi|^2 = 0.844
==== e(   6) =    23.31863 eV ==== 
     psi = 0.231*[#   4]+0.231*[#   8]+0.221*[#   3]+0.221*[#   7]
    |psi|^2 = 0.905
==== e(   7) =    24.60241 eV ==== 
     psi = 0.270*[#   1]+0.271*[#   5]+0.060*[#   2]+0.060*[#   6]+0.057*[#   3]
          +0.057*[#   7]+0.056*[#   4]+0.056*[#   8]
    |psi|^2 = 0.887
==== e(   8) =    29.92089 eV ==== 
     psi = 0.125*[#   1]+0.125*[#   5]+0.094*[#   2]+0.094*[#   6]+0.071*[#   4]
          +0.071*[#   8]+0.071*[#   3]+0.071*[#   7]
    |psi|^2 = 0.723

 k =  -0.4419417382 -0.2651650429 -0.2651650429
==== e(   1) =    -3.98723 eV ==== 
     psi = 0.324*[#   1]+0.324*[#   5]+0.108*[#   3]+0.108*[#   7]+0.033*[#   2]
          +0.033*[#   4]+0.033*[#   6]+0.033*[#   8]
    |psi|^2 = 0.997
==== e(   2) =    -0.37596 eV ==== 
     psi = 0.146*[#   2]+0.146*[#   4]+0.146*[#   6]+0.146*[#   8]+0.102*[#   1]
          +0.102*[#   5]+0.101*[#   3]+0.101*[#   7]
    |psi|^2 = 0.990
==== e(   3) =     8.53045 eV ==== 
     psi = 0.314*[#   3]+0.314*[#   7]+0.073*[#   2]+0.073*[#   4]+0.073*[#   6]
          +0.073*[#   8]+0.039*[#   1]+0.039*[#   5]
    |psi|^2 = 0.998
==== e(   4) =     9.07461 eV ==== 
     psi = 0.249*[#   2]+0.249*[#   4]+0.249*[#   6]+0.249*[#   8]
    |psi|^2 = 0.998
==== e(   5) =    21.70334 eV ==== 
     psi = 0.277*[#   3]+0.277*[#   7]+0.065*[#   1]+0.065*[#   5]+0.040*[#   2]
          +0.040*[#   4]+0.040*[#   6]+0.040*[#   8]
    |psi|^2 = 0.845
==== e(   6) =    24.05488 eV ==== 
     psi = 0.221*[#   2]+0.221*[#   4]+0.221*[#   6]+0.221*[#   8]
    |psi|^2 = 0.885
==== e(   7) =    24.70454 eV ==== 
     psi = 0.278*[#   1]+0.278*[#   5]+0.077*[#   2]+0.077*[#   4]+0.077*[#   6]
          +0.077*[#   8]+0.014*[#   3]+0.014*[#   7]
    |psi|^2 = 0.892
==== e(   8) =    29.62007 eV ==== 
     psi = 0.108*[#   3]+0.108*[#   7]+0.103*[#   1]+0.103*[#   5]+0.060*[#   2]
          +0.060*[#   4]+0.060*[#   6]+0.060*[#   8]
    |psi|^2 = 0.660

 k =  -0.5303300859 -0.1767766953 -0.3535533906
==== e(   1) =    -2.81988 eV ==== 
     psi = 0.325*[#   1]+0.325*[#   5]+0.074*[#   3]+0.074*[#   7]+0.073*[#   4]
          +0.073*[#   8]+0.027*[#   2]+0.027*[#   6]
    |psi|^2 = 0.999
==== e(   2) =    -0.21511 eV ==== 
     psi = 0.143*[#   3]+0.143*[#   7]+0.142*[#   4]+0.142*[#   8]+0.126*[#   2]
          +0.126*[#   6]+0.084*[#   1]+0.084*[#   5]
    |psi|^2 = 0.991
==== e(   3) =     6.26053 eV ==== 
     psi = 0.193*[#   4]+0.193*[#   8]+0.188*[#   3]+0.188*[#   7]+0.070*[#   1]
          +0.070*[#   5]+0.048*[#   2]+0.048*[#   6]
    |psi|^2 = 0.998
==== e(   4) =     7.90145 eV ==== 
     psi = 0.257*[#   2]+0.257*[#   6]+0.122*[#   3]+0.122*[#   7]+0.118*[#   4]
          +0.118*[#   8]+0.003*[#   1]+0.003*[#   5]
    |psi|^2 = 0.998
==== e(   5) =    22.34125 eV ==== 
     psi = 0.137*[#   3]+0.137*[#   7]+0.132*[#   4]+0.132*[#   8]+0.096*[#   2]
          +0.096*[#   6]+0.016*[#   1]+0.016*[#   5]
    |psi|^2 = 0.763
==== e(   6) =    23.72823 eV ==== 
     psi = 0.154*[#   1]+0.154*[#   5]+0.099*[#   4]+0.099*[#   8]+0.093*[#   3]
          +0.093*[#   7]+0.091*[#   2]+0.091*[#   6]
    |psi|^2 = 0.873
==== e(   7) =    27.63731 eV ==== 
     psi = 0.206*[#   2]+0.206*[#   6]+0.154*[#   1]+0.154*[#   5]+0.059*[#   3]
          +0.059*[#   7]+0.056*[#   4]+0.056*[#   8]
    |psi|^2 = 0.953
==== e(   8) =    29.40141 eV ==== 
     psi = 0.134*[#   1]+0.134*[#   5]+0.113*[#   4]+0.113*[#   8]+0.110*[#   3]
          +0.110*[#   7]+0.038*[#   2]+0.038*[#   6]
    |psi|^2 = 0.790

 k =  -0.6187184335 -0.0883883476 -0.4419417382
==== e(   1) =    -1.79602 eV ==== 
     psi = 0.267*[#   1]+0.267*[#   5]+0.185*[#   4]+0.185*[#   8]+0.034*[#   3]
          +0.034*[#   7]+0.013*[#   2]+0.013*[#   6]
    |psi|^2 = 0.997
==== e(   2) =     0.99643 eV ==== 
     psi = 0.172*[#   1]+0.172*[#   5]+0.138*[#   4]+0.138*[#   8]+0.130*[#   3]
          +0.130*[#   7]+0.059*[#   2]+0.059*[#   6]
    |psi|^2 = 0.997
==== e(   3) =     4.09849 eV ==== 
     psi = 0.183*[#   4]+0.183*[#   8]+0.142*[#   3]+0.142*[#   7]+0.134*[#   2]
          +0.134*[#   6]+0.039*[#   1]+0.039*[#   5]
    |psi|^2 = 0.997
==== e(   4) =     6.18098 eV ==== 
     psi = 0.223*[#   2]+0.223*[#   6]+0.217*[#   3]+0.217*[#   7]+0.054*[#   4]
          +0.054*[#   8]+0.006*[#   1]+0.006*[#   5]
    |psi|^2 = 0.998
==== e(   5) =    21.57799 eV ==== 
     psi = 0.188*[#   4]+0.188*[#   8]+0.111*[#   1]+0.111*[#   5]+0.079*[#   2]
          +0.079*[#   6]+0.005*[#   3]+0.005*[#   7]
    |psi|^2 = 0.765
==== e(   6) =    25.01000 eV ==== 
     psi = 0.118*[#   2]+0.118*[#   6]+0.115*[#   4]+0.115*[#   8]+0.069*[#   1]
          +0.069*[#   5]+0.015*[#   3]+0.015*[#   7]
    |psi|^2 = 0.635
==== e(   7) =    27.01237 eV ==== 
     psi = 0.201*[#   3]+0.201*[#   7]+0.168*[#   1]+0.168*[#   5]+0.051*[#   2]
          +0.051*[#   6]+0.042*[#   4]+0.042*[#   8]
    |psi|^2 = 0.925
==== e(   8) =    29.57270 eV ==== 
     psi = 0.194*[#   3]+0.194*[#   7]+0.152*[#   2]+0.152*[#   6]+0.106*[#   1]
          +0.106*[#   5]+0.003*[#   4]+0.003*[#   8]
    |psi|^2 = 0.911

 k =   0.0000000000 -0.7071067812  0.1767766953
==== e(   1) =    -0.35790 eV ==== 
     psi = 0.253*[#   4]+0.252*[#   8]+0.225*[#   5]+0.224*[#   1]+0.020*[#   3]
          +0.019*[#   7]+0.002*[#   2]+0.002*[#   6]
    |psi|^2 = 0.997
==== e(   2) =    -0.34370 eV ==== 
     psi = 0.254*[#   8]+0.253*[#   4]+0.224*[#   1]+0.223*[#   5]+0.019*[#   3]
          +0.019*[#   7]+0.002*[#   2]+0.002*[#   6]
    |psi|^2 = 0.997
==== e(   3) =     5.14658 eV ==== 
     psi = 0.236*[#   3]+0.235*[#   7]+0.219*[#   6]+0.218*[#   2]+0.036*[#   4]
          +0.036*[#   8]+0.009*[#   1]+0.009*[#   5]
    |psi|^2 = 0.998
==== e(   4) =     5.16313 eV ==== 
     psi = 0.235*[#   7]+0.235*[#   3]+0.219*[#   2]+0.219*[#   6]+0.036*[#   8]
          +0.036*[#   4]+0.009*[#   1]+0.009*[#   5]
    |psi|^2 = 0.998
==== e(   5) =    20.86784 eV ==== 
     psi = 0.170*[#   4]+0.169*[#   5]+0.167*[#   8]+0.166*[#   1]+0.045*[#   6]
          +0.044*[#   2]+0.002*[#   3]+0.001*[#   7]
    |psi|^2 = 0.763
==== e(   6) =    20.88438 eV ==== 
     psi = 0.171*[#   8]+0.169*[#   1]+0.167*[#   4]+0.165*[#   5]+0.044*[#   2]
          +0.043*[#   6]+0.002*[#   3]+0.002*[#   7]
    |psi|^2 = 0.761
==== e(   7) =    30.24031 eV ==== 
     psi = 0.225*[#   3]+0.225*[#   7]+0.174*[#   6]+0.174*[#   2]+0.056*[#   5]
          +0.056*[#   1]+0.003*[#   4]+0.003*[#   8]
    |psi|^2 = 0.916
==== e(   8) =    30.25825 eV ==== 
     psi = 0.225*[#   7]+0.224*[#   3]+0.174*[#   2]+0.173*[#   6]+0.057*[#   1]
          +0.057*[#   5]+0.003*[#   4]+0.003*[#   8]
    |psi|^2 = 0.915

 k =  -0.0883883476 -0.6187184335  0.0883883476
==== e(   1) =    -2.62845 eV ==== 
     psi = 0.252*[#   4]+0.252*[#   8]+0.237*[#   1]+0.237*[#   5]+0.004*[#   2]
          +0.004*[#   3]+0.004*[#   6]+0.004*[#   7]
    |psi|^2 = 0.995
==== e(   2) =     1.62847 eV ==== 
     psi = 0.272*[#   4]+0.272*[#   8]+0.199*[#   1]+0.199*[#   5]+0.014*[#   2]
          +0.014*[#   3]+0.014*[#   6]+0.014*[#   7]
    |psi|^2 = 0.997
==== e(   3) =     5.15949 eV ==== 
     psi = 0.219*[#   2]+0.219*[#   3]+0.219*[#   6]+0.219*[#   7]+0.050*[#   4]
          +0.050*[#   8]+0.011*[#   1]+0.011*[#   5]
    |psi|^2 = 0.998
==== e(   4) =     6.57623 eV ==== 
     psi = 0.250*[#   2]+0.250*[#   3]+0.250*[#   6]+0.250*[#   7]
    |psi|^2 = 0.999
==== e(   5) =    18.91711 eV ==== 
     psi = 0.203*[#   4]+0.203*[#   8]+0.197*[#   1]+0.197*[#   5]+0.008*[#   2]
          +0.008*[#   3]+0.008*[#   6]+0.008*[#   7]
    |psi|^2 = 0.831
==== e(   6) =    21.00687 eV ==== 
     psi = 0.187*[#   1]+0.187*[#   5]+0.148*[#   4]+0.148*[#   8]+0.014*[#   2]
          +0.014*[#   3]+0.014*[#   6]+0.014*[#   7]
    |psi|^2 = 0.726
==== e(   7) =    30.33998 eV ==== 
     psi = 0.240*[#   2]+0.240*[#   3]+0.240*[#   6]+0.240*[#   7]
    |psi|^2 = 0.959
==== e(   8) =    30.66592 eV ==== 
     psi = 0.207*[#   2]+0.207*[#   3]+0.207*[#   6]+0.207*[#   7]+0.051*[#   1]
          +0.051*[#   5]+0.003*[#   4]+0.003*[#   8]
    |psi|^2 = 0.935

 k =  -0.1767766953 -0.5303300859 -0.0000000000
==== e(   1) =    -4.23088 eV ==== 
     psi = 0.256*[#   1]+0.256*[#   5]+0.220*[#   4]+0.220*[#   8]+0.016*[#   3]
          +0.016*[#   7]+0.005*[#   2]+0.005*[#   6]
    |psi|^2 = 0.994
==== e(   2) =     3.40059 eV ==== 
     psi = 0.205*[#   4]+0.205*[#   8]+0.174*[#   1]+0.174*[#   5]+0.092*[#   2]
          +0.092*[#   6]+0.028*[#   3]+0.028*[#   7]
    |psi|^2 = 0.998
==== e(   3) =     5.52101 eV ==== 
     psi = 0.267*[#   2]+0.267*[#   6]+0.177*[#   3]+0.177*[#   7]+0.032*[#   1]
          +0.032*[#   5]+0.024*[#   4]+0.024*[#   8]
    |psi|^2 = 0.997
==== e(   4) =     6.66073 eV ==== 
     psi = 0.230*[#   3]+0.230*[#   7]+0.136*[#   2]+0.136*[#   6]+0.128*[#   4]
          +0.128*[#   8]+0.005*[#   1]+0.005*[#   5]
    |psi|^2 = 0.998
==== e(   5) =    20.35675 eV ==== 
     psi = 0.234*[#   4]+0.234*[#   8]+0.151*[#   1]+0.151*[#   5]+0.045*[#   3]
          +0.045*[#   7]+0.010*[#   2]+0.010*[#   6]
    |psi|^2 = 0.880
==== e(   6) =    22.60273 eV ==== 
     psi = 0.152*[#   1]+0.151*[#   5]+0.103*[#   4]+0.103*[#   8]+0.050*[#   3]
          +0.050*[#   7]+0.002*[#   2]+0.002*[#   6]
    |psi|^2 = 0.614
==== e(   7) =    27.47615 eV ==== 
     psi = 0.233*[#   2]+0.233*[#   6]+0.125*[#   3]+0.125*[#   7]+0.090*[#   1]
          +0.090*[#   5]+0.007*[#   4]+0.007*[#   8]
    |psi|^2 = 0.910
==== e(   8) =    29.79322 eV ==== 
     psi = 0.248*[#   3]+0.248*[#   7]+0.205*[#   2]+0.205*[#   6]+0.028*[#   1]
          +0.028*[#   5]
    |psi|^2 = 0.962

 k =  -0.2651650429 -0.4419417382 -0.0883883476
==== e(   1) =    -4.96489 eV ==== 
     psi = 0.276*[#   1]+0.276*[#   5]+0.161*[#   4]+0.161*[#   8]+0.048*[#   3]
          +0.048*[#   7]+0.012*[#   2]+0.012*[#   6]
    |psi|^2 = 0.994
==== e(   2) =     2.53009 eV ==== 
     psi = 0.184*[#   2]+0.184*[#   6]+0.127*[#   1]+0.127*[#   5]+0.105*[#   3]
          +0.105*[#   7]+0.082*[#   4]+0.082*[#   8]
    |psi|^2 = 0.995
==== e(   3) =     6.26613 eV ==== 
     psi = 0.255*[#   2]+0.255*[#   6]+0.092*[#   4]+0.092*[#   8]+0.089*[#   3]
          +0.089*[#   7]+0.063*[#   1]+0.063*[#   5]
    |psi|^2 = 0.997
==== e(   4) =     8.61156 eV ==== 
     psi = 0.223*[#   3]+0.223*[#   7]+0.222*[#   4]+0.222*[#   8]+0.043*[#   2]
          +0.043*[#   6]+0.011*[#   1]+0.011*[#   5]
    |psi|^2 = 0.997
==== e(   5) =    22.08042 eV ==== 
     psi = 0.250*[#   4]+0.250*[#   8]+0.076*[#   3]+0.076*[#   7]+0.070*[#   1]
          +0.070*[#   5]+0.031*[#   2]+0.031*[#   6]
    |psi|^2 = 0.856
==== e(   6) =    23.81207 eV ==== 
     psi = 0.205*[#   2]+0.205*[#   6]+0.127*[#   3]+0.127*[#   7]+0.060*[#   1]
          +0.060*[#   5]+0.017*[#   4]+0.017*[#   8]
    |psi|^2 = 0.817
==== e(   7) =    26.88005 eV ==== 
     psi = 0.230*[#   1]+0.230*[#   5]+0.087*[#   4]+0.087*[#   8]+0.077*[#   3]
          +0.077*[#   7]+0.022*[#   2]+0.022*[#   6]
    |psi|^2 = 0.833
==== e(   8) =    27.72870 eV ==== 
     psi = 0.164*[#   2]+0.164*[#   6]+0.160*[#   3]+0.160*[#   7]+0.069*[#   1]
          +0.069*[#   5]+0.010*[#   4]+0.010*[#   8]
    |psi|^2 = 0.807

 k =  -0.2651650429 -0.2651650429 -0.0883883476
==== e(   1) =    -7.32158 eV ==== 
     psi = 0.302*[#   1]+0.302*[#   5]+0.092*[#   3]+0.092*[#   4]+0.092*[#   7]
          +0.092*[#   8]+0.011*[#   2]+0.011*[#   6]
    |psi|^2 = 0.993
==== e(   2) =     4.80104 eV ==== 
     psi = 0.173*[#   2]+0.173*[#   6]+0.115*[#   1]+0.115*[#   5]+0.105*[#   3]
          +0.105*[#   7]+0.104*[#   4]+0.104*[#   8]
    |psi|^2 = 0.994
==== e(   3) =     8.26547 eV ==== 
     psi = 0.281*[#   2]+0.281*[#   6]+0.088*[#   4]+0.088*[#   8]+0.085*[#   3]
          +0.085*[#   7]+0.044*[#   1]+0.044*[#   5]
    |psi|^2 = 0.996
==== e(   4) =    10.92955 eV ==== 
     psi = 0.250*[#   3]+0.250*[#   7]+0.248*[#   4]+0.248*[#   8]
    |psi|^2 = 0.997
==== e(   5) =    22.22005 eV ==== 
     psi = 0.242*[#   3]+0.242*[#   7]+0.233*[#   4]+0.233*[#   8]
    |psi|^2 = 0.951
==== e(   6) =    22.89416 eV ==== 
     psi = 0.305*[#   2]+0.305*[#   6]+0.060*[#   1]+0.060*[#   5]+0.048*[#   4]
          +0.048*[#   8]+0.039*[#   3]+0.039*[#   7]
    |psi|^2 = 0.904
==== e(   7) =    23.93665 eV ==== 
     psi = 0.169*[#   1]+0.169*[#   5]+0.140*[#   2]+0.140*[#   6]+0.076*[#   3]
          +0.076*[#   7]+0.075*[#   4]+0.075*[#   8]
    |psi|^2 = 0.921
==== e(   8) =    28.74021 eV ==== 
     psi = 0.234*[#   1]+0.234*[#   5]+0.061*[#   3]+0.061*[#   4]+0.061*[#   7]
          +0.061*[#   8]+0.030*[#   2]+0.030*[#   6]
    |psi|^2 = 0.772

 k =  -0.3535533906 -0.1767766953 -0.1767766953
==== e(   1) =    -6.59005 eV ==== 
     psi = 0.293*[#   1]+0.293*[#   5]+0.140*[#   3]+0.140*[#   7]+0.032*[#   2]
          +0.032*[#   4]+0.032*[#   6]+0.032*[#   8]
    |psi|^2 = 0.993
==== e(   2) =     3.38384 eV ==== 
     psi = 0.142*[#   2]+0.142*[#   4]+0.142*[#   6]+0.142*[#   8]+0.126*[#   1]
          +0.126*[#   5]+0.087*[#   3]+0.087*[#   7]
    |psi|^2 = 0.994
==== e(   3) =     9.07188 eV ==== 
     psi = 0.249*[#   2]+0.249*[#   4]+0.249*[#   6]+0.249*[#   8]
    |psi|^2 = 0.998
==== e(   4) =     9.58311 eV ==== 
     psi = 0.324*[#   3]+0.324*[#   7]+0.067*[#   2]+0.067*[#   4]+0.067*[#   6]
          +0.067*[#   8]+0.040*[#   1]+0.040*[#   5]
    |psi|^2 = 0.997
==== e(   5) =    21.07727 eV ==== 
     psi = 0.300*[#   3]+0.300*[#   7]+0.079*[#   1]+0.079*[#   5]+0.037*[#   2]
          +0.037*[#   4]+0.037*[#   6]+0.037*[#   8]
    |psi|^2 = 0.906
==== e(   6) =    24.34788 eV ==== 
     psi = 0.228*[#   2]+0.228*[#   4]+0.228*[#   6]+0.228*[#   8]
    |psi|^2 = 0.914
==== e(   7) =    24.48340 eV ==== 
     psi = 0.196*[#   1]+0.196*[#   5]+0.133*[#   2]+0.133*[#   4]+0.133*[#   6]
          +0.133*[#   8]
    |psi|^2 = 0.923
==== e(   8) =    27.80548 eV ==== 
     psi = 0.158*[#   1]+0.158*[#   5]+0.081*[#   3]+0.081*[#   7]+0.038*[#   2]
          +0.038*[#   4]+0.038*[#   6]+0.038*[#   8]
    |psi|^2 = 0.629

 k =  -0.4419417382 -0.0883883476 -0.2651650429
==== e(   1) =    -4.96469 eV ==== 
     psi = 0.276*[#   1]+0.276*[#   5]+0.161*[#   3]+0.161*[#   7]+0.048*[#   2]
          +0.048*[#   6]+0.012*[#   4]+0.012*[#   8]
    |psi|^2 = 0.994
==== e(   2) =     2.52695 eV ==== 
     psi = 0.183*[#   4]+0.183*[#   8]+0.127*[#   1]+0.127*[#   5]+0.105*[#   2]
          +0.105*[#   6]+0.082*[#   3]+0.082*[#   7]
    |psi|^2 = 0.995
==== e(   3) =     6.27766 eV ==== 
     psi = 0.257*[#   4]+0.257*[#   8]+0.091*[#   2]+0.091*[#   6]+0.088*[#   3]
          +0.088*[#   7]+0.063*[#   1]+0.063*[#   5]
    |psi|^2 = 0.997
==== e(   4) =     8.60232 eV ==== 
     psi = 0.225*[#   3]+0.225*[#   7]+0.221*[#   2]+0.221*[#   6]+0.041*[#   4]
          +0.041*[#   8]+0.012*[#   1]+0.012*[#   5]
    |psi|^2 = 0.997
==== e(   5) =    22.04675 eV ==== 
     psi = 0.247*[#   3]+0.247*[#   7]+0.077*[#   2]+0.077*[#   6]+0.068*[#   1]
          +0.068*[#   5]+0.035*[#   4]+0.035*[#   8]
    |psi|^2 = 0.855
==== e(   6) =    23.85591 eV ==== 
     psi = 0.202*[#   4]+0.202*[#   8]+0.125*[#   2]+0.125*[#   6]+0.064*[#   1]
          +0.064*[#   5]+0.019*[#   3]+0.019*[#   7]
    |psi|^2 = 0.820
==== e(   7) =    26.84911 eV ==== 
     psi = 0.227*[#   1]+0.227*[#   5]+0.086*[#   3]+0.086*[#   7]+0.083*[#   2]
          +0.083*[#   6]+0.022*[#   4]+0.022*[#   8]
    |psi|^2 = 0.835
==== e(   8) =    27.76598 eV ==== 
     psi = 0.163*[#   4]+0.163*[#   8]+0.157*[#   2]+0.157*[#   6]+0.070*[#   1]
          +0.070*[#   5]+0.011*[#   3]+0.011*[#   7]
    |psi|^2 = 0.802

 k =  -0.5303300859  0.0000000000 -0.3535533906
==== e(   1) =    -2.66699 eV ==== 
     psi = 0.269*[#   1]+0.269*[#   5]+0.153*[#   3]+0.153*[#   7]+0.046*[#   2]
          +0.046*[#   6]+0.031*[#   4]+0.031*[#   8]
    |psi|^2 = 0.997
==== e(   2) =     1.81323 eV ==== 
     psi = 0.207*[#   4]+0.207*[#   8]+0.174*[#   1]+0.174*[#   5]+0.076*[#   3]
          +0.076*[#   7]+0.043*[#   2]+0.043*[#   6]
    |psi|^2 = 0.998
==== e(   3) =     3.63271 eV ==== 
     psi = 0.253*[#   4]+0.253*[#   8]+0.138*[#   2]+0.138*[#   6]+0.073*[#   3]
          +0.073*[#   7]+0.035*[#   1]+0.035*[#   5]
    |psi|^2 = 0.996
==== e(   4) =     7.12928 eV ==== 
     psi = 0.245*[#   3]+0.245*[#   7]+0.209*[#   2]+0.209*[#   6]+0.035*[#   4]
          +0.035*[#   8]+0.010*[#   1]+0.010*[#   5]
    |psi|^2 = 0.998
==== e(   5) =    22.44065 eV ==== 
     psi = 0.191*[#   4]+0.191*[#   8]+0.113*[#   2]+0.113*[#   6]+0.059*[#   1]
          +0.059*[#   5]+0.008*[#   3]+0.008*[#   7]
    |psi|^2 = 0.742
==== e(   6) =    25.00457 eV ==== 
     psi = 0.235*[#   3]+0.235*[#   7]+0.127*[#   2]+0.127*[#   6]+0.051*[#   1]
          +0.051*[#   5]+0.004*[#   4]+0.004*[#   8]
    |psi|^2 = 0.833
==== e(   7) =    27.53533 eV ==== 
     psi = 0.226*[#   1]+0.226*[#   5]+0.112*[#   3]+0.112*[#   7]+0.041*[#   2]
          +0.041*[#   6]+0.021*[#   4]+0.021*[#   8]
    |psi|^2 = 0.799
==== e(   8) =    29.16957 eV ==== 
     psi = 0.201*[#   4]+0.201*[#   8]+0.137*[#   1]+0.137*[#   5]+0.114*[#   2]
          +0.114*[#   6]+0.009*[#   3]+0.009*[#   7]
    |psi|^2 = 0.923

 k =   0.0883883476 -0.6187184335  0.2651650429
==== e(   1) =    -1.79432 eV ==== 
     psi = 0.266*[#   1]+0.266*[#   5]+0.185*[#   4]+0.185*[#   8]+0.034*[#   3]
          +0.034*[#   7]+0.013*[#   2]+0.013*[#   6]
    |psi|^2 = 0.997
==== e(   2) =     0.99409 eV ==== 
     psi = 0.173*[#   1]+0.173*[#   5]+0.138*[#   4]+0.138*[#   8]+0.129*[#   3]
          +0.129*[#   7]+0.059*[#   2]+0.059*[#   6]
    |psi|^2 = 0.997
==== e(   3) =     4.08685 eV ==== 
     psi = 0.181*[#   4]+0.181*[#   8]+0.144*[#   3]+0.144*[#   7]+0.134*[#   2]
          +0.134*[#   6]+0.039*[#   1]+0.039*[#   5]
    |psi|^2 = 0.997
==== e(   4) =     6.19469 eV ==== 
     psi = 0.223*[#   2]+0.223*[#   6]+0.215*[#   3]+0.215*[#   7]+0.055*[#   4]
          +0.055*[#   8]+0.006*[#   1]+0.006*[#   5]
    |psi|^2 = 0.998
==== e(   5) =    21.58091 eV ==== 
     psi = 0.189*[#   4]+0.189*[#   8]+0.111*[#   1]+0.111*[#   5]+0.079*[#   2]
          +0.079*[#   6]+0.004*[#   3]+0.004*[#   7]
    |psi|^2 = 0.766
==== e(   6) =    25.00599 eV ==== 
     psi = 0.119*[#   2]+0.119*[#   6]+0.114*[#   4]+0.114*[#   8]+0.069*[#   1]
          +0.069*[#   5]+0.015*[#   3]+0.015*[#   7]
    |psi|^2 = 0.634
==== e(   7) =    27.00774 eV ==== 
     psi = 0.203*[#   3]+0.203*[#   7]+0.166*[#   1]+0.166*[#   5]+0.051*[#   2]
          +0.051*[#   6]+0.042*[#   4]+0.042*[#   8]
    |psi|^2 = 0.924
==== e(   8) =    29.58971 eV ==== 
     psi = 0.193*[#   3]+0.193*[#   7]+0.151*[#   2]+0.151*[#   6]+0.108*[#   1]
          +0.108*[#   5]+0.004*[#   4]+0.004*[#   8]
    |psi|^2 = 0.913

 k =   0.0000000000 -0.5303300859  0.1767766953
==== e(   1) =    -4.23088 eV ==== 
     psi = 0.256*[#   1]+0.256*[#   5]+0.220*[#   4]+0.220*[#   8]+0.016*[#   2]
          +0.016*[#   6]+0.005*[#   3]+0.005*[#   7]
    |psi|^2 = 0.994
==== e(   2) =     3.40059 eV ==== 
     psi = 0.205*[#   4]+0.205*[#   8]+0.174*[#   1]+0.174*[#   5]+0.092*[#   3]
          +0.092*[#   7]+0.028*[#   2]+0.028*[#   6]
    |psi|^2 = 0.998
==== e(   3) =     5.52101 eV ==== 
     psi = 0.267*[#   3]+0.267*[#   7]+0.177*[#   2]+0.177*[#   6]+0.032*[#   1]
          +0.032*[#   5]+0.024*[#   4]+0.024*[#   8]
    |psi|^2 = 0.997
==== e(   4) =     6.66073 eV ==== 
     psi = 0.230*[#   2]+0.230*[#   6]+0.136*[#   3]+0.136*[#   7]+0.128*[#   4]
          +0.128*[#   8]+0.005*[#   1]+0.005*[#   5]
    |psi|^2 = 0.998
==== e(   5) =    20.35675 eV ==== 
     psi = 0.234*[#   4]+0.234*[#   8]+0.151*[#   1]+0.151*[#   5]+0.045*[#   2]
          +0.045*[#   6]+0.010*[#   3]+0.010*[#   7]
    |psi|^2 = 0.880
==== e(   6) =    22.60273 eV ==== 
     psi = 0.152*[#   1]+0.151*[#   5]+0.103*[#   4]+0.103*[#   8]+0.050*[#   2]
          +0.050*[#   6]+0.002*[#   3]+0.002*[#   7]
    |psi|^2 = 0.614
==== e(   7) =    27.47615 eV ==== 
     psi = 0.233*[#   3]+0.233*[#   7]+0.125*[#   2]+0.125*[#   6]+0.090*[#   1]
          +0.090*[#   5]+0.007*[#   4]+0.007*[#   8]
    |psi|^2 = 0.910
==== e(   8) =    29.79322 eV ==== 
     psi = 0.248*[#   2]+0.248*[#   6]+0.205*[#   3]+0.205*[#   7]+0.028*[#   1]
          +0.028*[#   5]
    |psi|^2 = 0.962

 k =  -0.0883883476 -0.4419417382  0.0883883476
==== e(   1) =    -6.14505 eV ==== 
     psi = 0.274*[#   1]+0.274*[#   5]+0.208*[#   4]+0.208*[#   8]+0.007*[#   2]
          +0.007*[#   3]+0.007*[#   6]+0.007*[#   7]
    |psi|^2 = 0.993
==== e(   2) =     5.03806 eV ==== 
     psi = 0.150*[#   4]+0.150*[#   8]+0.121*[#   1]+0.121*[#   5]+0.114*[#   2]
          +0.114*[#   3]+0.114*[#   6]+0.114*[#   7]
    |psi|^2 = 0.997
==== e(   3) =     7.49417 eV ==== 
     psi = 0.216*[#   4]+0.216*[#   8]+0.115*[#   2]+0.115*[#   3]+0.115*[#   6]
          +0.115*[#   7]+0.052*[#   1]+0.052*[#   5]
    |psi|^2 = 0.998
==== e(   4) =     7.69620 eV ==== 
     psi = 0.250*[#   2]+0.250*[#   3]+0.250*[#   6]+0.250*[#   7]
    |psi|^2 = 0.998
==== e(   5) =    19.17822 eV ==== 
     psi = 0.264*[#   4]+0.264*[#   8]+0.167*[#   1]+0.167*[#   5]+0.015*[#   2]
          +0.015*[#   3]+0.015*[#   6]+0.015*[#   7]
    |psi|^2 = 0.923
==== e(   6) =    23.40018 eV ==== 
     psi = 0.179*[#   1]+0.179*[#   5]+0.089*[#   4]+0.089*[#   8]+0.012*[#   2]
          +0.012*[#   3]+0.012*[#   6]+0.012*[#   7]
    |psi|^2 = 0.582
==== e(   7) =    27.31577 eV ==== 
     psi = 0.234*[#   2]+0.234*[#   3]+0.234*[#   6]+0.234*[#   7]
    |psi|^2 = 0.935
==== e(   8) =    27.40571 eV ==== 
     psi = 0.201*[#   2]+0.201*[#   3]+0.201*[#   6]+0.201*[#   7]+0.063*[#   1]
          +0.063*[#   5]+0.003*[#   4]+0.003*[#   8]
    |psi|^2 = 0.934

 k =  -0.1767766953 -0.3535533906  0.0000000000
==== e(   1) =    -7.17106 eV ==== 
     psi = 0.294*[#   1]+0.294*[#   5]+0.164*[#   4]+0.164*[#   8]+0.037*[#   3]
          +0.037*[#   7]+0.002*[#   2]+0.002*[#   6]
    |psi|^2 = 0.993
==== e(   2) =     6.08959 eV ==== 
     psi = 0.148*[#   2]+0.148*[#   6]+0.133*[#   4]+0.133*[#   8]+0.115*[#   3]
          +0.115*[#   7]+0.102*[#   1]+0.102*[#   5]
    |psi|^2 = 0.997
==== e(   3) =     7.08378 eV ==== 
     psi = 0.291*[#   2]+0.291*[#   6]+0.128*[#   3]+0.128*[#   7]+0.048*[#   1]
          +0.048*[#   5]+0.030*[#   4]+0.030*[#   8]
    |psi|^2 = 0.995
==== e(   4) =     9.87822 eV ==== 
     psi = 0.244*[#   4]+0.244*[#   8]+0.201*[#   3]+0.201*[#   7]+0.035*[#   2]
          +0.035*[#   6]+0.019*[#   1]+0.019*[#   5]
    |psi|^2 = 0.997
==== e(   5) =    20.64190 eV ==== 
     psi = 0.293*[#   4]+0.293*[#   8]+0.102*[#   1]+0.102*[#   5]+0.059*[#   3]
          +0.059*[#   7]+0.020*[#   2]+0.020*[#   6]
    |psi|^2 = 0.947
==== e(   6) =    24.29384 eV ==== 
     psi = 0.268*[#   2]+0.268*[#   6]+0.135*[#   3]+0.135*[#   7]+0.019*[#   1]
          +0.019*[#   5]+0.009*[#   4]+0.009*[#   8]
    |psi|^2 = 0.860
==== e(   7) =    25.94919 eV ==== 
     psi = 0.256*[#   3]+0.256*[#   7]+0.165*[#   2]+0.165*[#   6]+0.043*[#   1]
          +0.043*[#   5]+0.002*[#   4]+0.002*[#   8]
    |psi|^2 = 0.932
==== e(   8) =    26.06905 eV ==== 
     psi = 0.241*[#   1]+0.241*[#   5]+0.061*[#   4]+0.061*[#   8]+0.019*[#   2]
          +0.019*[#   6]+0.013*[#   3]+0.013*[#   7]
    |psi|^2 = 0.666

 k =  -0.1767766953 -0.1767766953  0.0000000000
==== e(   1) =    -8.94115 eV ==== 
     psi = 0.355*[#   1]+0.355*[#   5]+0.071*[#   3]+0.071*[#   4]+0.071*[#   7]
          +0.071*[#   8]
    |psi|^2 = 0.993
==== e(   2) =     8.70853 eV ==== 
     psi = 0.155*[#   3]+0.155*[#   4]+0.155*[#   7]+0.155*[#   8]+0.125*[#   2]
          +0.125*[#   6]+0.062*[#   1]+0.062*[#   5]
    |psi|^2 = 0.995
==== e(   3) =     9.42115 eV ==== 
     psi = 0.332*[#   2]+0.332*[#   6]+0.061*[#   3]+0.061*[#   4]+0.061*[#   7]
          +0.061*[#   8]+0.042*[#   1]+0.042*[#   5]
    |psi|^2 = 0.993
==== e(   4) =    12.04028 eV ==== 
     psi = 0.249*[#   3]+0.249*[#   4]+0.249*[#   7]+0.249*[#   8]
    |psi|^2 = 0.995
==== e(   5) =    20.79867 eV ==== 
     psi = 0.242*[#   3]+0.242*[#   4]+0.242*[#   7]+0.242*[#   8]
    |psi|^2 = 0.970
==== e(   6) =    22.28904 eV ==== 
     psi = 0.158*[#   2]+0.158*[#   6]+0.113*[#   3]+0.113*[#   4]+0.113*[#   7]
          +0.113*[#   8]+0.095*[#   1]+0.095*[#   5]
    |psi|^2 = 0.959
==== e(   7) =    22.42688 eV ==== 
     psi = 0.352*[#   2]+0.352*[#   6]+0.046*[#   1]+0.046*[#   5]+0.040*[#   3]
          +0.040*[#   4]+0.040*[#   7]+0.040*[#   8]
    |psi|^2 = 0.957
==== e(   8) =    28.56677 eV ==== 
     psi = 0.338*[#   1]+0.338*[#   5]+0.045*[#   3]+0.045*[#   4]+0.045*[#   7]
          +0.045*[#   8]+0.002*[#   2]+0.002*[#   6]
    |psi|^2 = 0.858

 k =  -0.2651650429 -0.0883883476 -0.0883883476
==== e(   1) =    -8.49786 eV ==== 
     psi = 0.331*[#   1]+0.331*[#   5]+0.136*[#   3]+0.136*[#   7]+0.014*[#   2]
          +0.014*[#   4]+0.014*[#   6]+0.014*[#   8]
    |psi|^2 = 0.993
==== e(   2) =     7.56619 eV ==== 
     psi = 0.156*[#   2]+0.156*[#   4]+0.156*[#   6]+0.156*[#   8]+0.108*[#   3]
          +0.108*[#   7]+0.078*[#   1]+0.078*[#   5]
    |psi|^2 = 0.995
==== e(   3) =     9.75610 eV ==== 
     psi = 0.249*[#   2]+0.249*[#   4]+0.249*[#   6]+0.249*[#   8]
    |psi|^2 = 0.997
==== e(   4) =    10.79656 eV ==== 
     psi = 0.320*[#   3]+0.320*[#   7]+0.069*[#   2]+0.069*[#   4]+0.069*[#   6]
          +0.069*[#   8]+0.039*[#   1]+0.039*[#   5]
    |psi|^2 = 0.995
==== e(   5) =    19.89428 eV ==== 
     psi = 0.331*[#   3]+0.331*[#   7]+0.097*[#   1]+0.097*[#   5]+0.027*[#   2]
          +0.027*[#   4]+0.027*[#   6]+0.027*[#   8]
    |psi|^2 = 0.963
==== e(   6) =    23.64704 eV ==== 
     psi = 0.201*[#   2]+0.201*[#   4]+0.201*[#   6]+0.201*[#   8]+0.075*[#   1]
          +0.075*[#   5]+0.002*[#   3]+0.002*[#   7]
    |psi|^2 = 0.956
==== e(   7) =    23.67050 eV ==== 
     psi = 0.239*[#   2]+0.239*[#   4]+0.239*[#   6]+0.239*[#   8]
    |psi|^2 = 0.954
==== e(   8) =    27.31671 eV ==== 
     psi = 0.247*[#   1]+0.247*[#   5]+0.063*[#   3]+0.063*[#   7]+0.013*[#   2]
          +0.013*[#   4]+0.013*[#   6]+0.013*[#   8]
    |psi|^2 = 0.670

 k =  -0.3535533906  0.0000000000 -0.1767766953
==== e(   1) =    -7.17106 eV ==== 
     psi = 0.294*[#   1]+0.294*[#   5]+0.164*[#   3]+0.164*[#   7]+0.037*[#   2]
          +0.037*[#   6]+0.002*[#   4]+0.002*[#   8]
    |psi|^2 = 0.993
==== e(   2) =     6.08959 eV ==== 
     psi = 0.148*[#   4]+0.148*[#   8]+0.133*[#   3]+0.133*[#   7]+0.115*[#   2]
          +0.115*[#   6]+0.102*[#   1]+0.102*[#   5]
    |psi|^2 = 0.997
==== e(   3) =     7.08378 eV ==== 
     psi = 0.291*[#   4]+0.291*[#   8]+0.128*[#   2]+0.128*[#   6]+0.048*[#   1]
          +0.048*[#   5]+0.030*[#   3]+0.030*[#   7]
    |psi|^2 = 0.995
==== e(   4) =     9.87822 eV ==== 
     psi = 0.244*[#   3]+0.244*[#   7]+0.201*[#   2]+0.201*[#   6]+0.035*[#   4]
          +0.035*[#   8]+0.019*[#   1]+0.019*[#   5]
    |psi|^2 = 0.997
==== e(   5) =    20.64190 eV ==== 
     psi = 0.293*[#   3]+0.293*[#   7]+0.102*[#   1]+0.102*[#   5]+0.059*[#   2]
          +0.059*[#   6]+0.020*[#   4]+0.020*[#   8]
    |psi|^2 = 0.947
==== e(   6) =    24.29384 eV ==== 
     psi = 0.268*[#   4]+0.268*[#   8]+0.135*[#   2]+0.135*[#   6]+0.019*[#   1]
          +0.019*[#   5]+0.009*[#   3]+0.009*[#   7]
    |psi|^2 = 0.860
==== e(   7) =    25.94919 eV ==== 
     psi = 0.256*[#   2]+0.256*[#   6]+0.165*[#   4]+0.165*[#   8]+0.043*[#   1]
          +0.043*[#   5]+0.002*[#   3]+0.002*[#   7]
    |psi|^2 = 0.932
==== e(   8) =    26.06905 eV ==== 
     psi = 0.241*[#   1]+0.241*[#   5]+0.061*[#   3]+0.061*[#   7]+0.019*[#   4]
          +0.019*[#   8]+0.013*[#   2]+0.013*[#   6]
    |psi|^2 = 0.666

 k =  -0.4419417382  0.0883883476 -0.2651650429
==== e(   1) =    -4.96489 eV ==== 
     psi = 0.276*[#   1]+0.276*[#   5]+0.161*[#   3]+0.161*[#   7]+0.048*[#   2]
          +0.048*[#   6]+0.012*[#   4]+0.012*[#   8]
    |psi|^2 = 0.994
==== e(   2) =     2.53009 eV ==== 
     psi = 0.184*[#   4]+0.184*[#   8]+0.127*[#   1]+0.127*[#   5]+0.105*[#   2]
          +0.105*[#   6]+0.082*[#   3]+0.082*[#   7]
    |psi|^2 = 0.995
==== e(   3) =     6.26613 eV ==== 
     psi = 0.255*[#   4]+0.255*[#   8]+0.092*[#   3]+0.092*[#   7]+0.089*[#   2]
          +0.089*[#   6]+0.063*[#   1]+0.063*[#   5]
    |psi|^2 = 0.997
==== e(   4) =     8.61156 eV ==== 
     psi = 0.223*[#   2]+0.223*[#   6]+0.222*[#   3]+0.222*[#   7]+0.043*[#   4]
          +0.043*[#   8]+0.011*[#   1]+0.011*[#   5]
    |psi|^2 = 0.997
==== e(   5) =    22.08042 eV ==== 
     psi = 0.250*[#   3]+0.250*[#   7]+0.076*[#   2]+0.076*[#   6]+0.070*[#   1]
          +0.070*[#   5]+0.031*[#   4]+0.031*[#   8]
    |psi|^2 = 0.856
==== e(   6) =    23.81207 eV ==== 
     psi = 0.205*[#   4]+0.205*[#   8]+0.127*[#   2]+0.127*[#   6]+0.060*[#   1]
          +0.060*[#   5]+0.017*[#   3]+0.017*[#   7]
    |psi|^2 = 0.817
==== e(   7) =    26.88005 eV ==== 
     psi = 0.230*[#   1]+0.230*[#   5]+0.087*[#   3]+0.087*[#   7]+0.077*[#   2]
          +0.077*[#   6]+0.022*[#   4]+0.022*[#   8]
    |psi|^2 = 0.833
==== e(   8) =    27.72870 eV ==== 
     psi = 0.164*[#   4]+0.164*[#   8]+0.160*[#   2]+0.160*[#   6]+0.069*[#   1]
          +0.069*[#   5]+0.010*[#   3]+0.010*[#   7]
    |psi|^2 = 0.807

 k =   0.1767766953 -0.5303300859  0.3535533906
==== e(   1) =    -2.81981 eV ==== 
     psi = 0.325*[#   1]+0.325*[#   5]+0.074*[#   3]+0.074*[#   4]+0.074*[#   7]
          +0.074*[#   8]+0.027*[#   2]+0.027*[#   6]
    |psi|^2 = 0.999
==== e(   2) =    -0.21424 eV ==== 
     psi = 0.142*[#   3]+0.142*[#   4]+0.142*[#   7]+0.142*[#   8]+0.127*[#   2]
          +0.127*[#   6]+0.084*[#   1]+0.084*[#   5]
    |psi|^2 = 0.991
==== e(   3) =     6.23330 eV ==== 
     psi = 0.191*[#   3]+0.191*[#   4]+0.191*[#   7]+0.191*[#   8]+0.070*[#   1]
          +0.070*[#   5]+0.048*[#   2]+0.048*[#   6]
    |psi|^2 = 0.998
==== e(   4) =     7.93066 eV ==== 
     psi = 0.257*[#   2]+0.257*[#   6]+0.120*[#   3]+0.120*[#   4]+0.120*[#   7]
          +0.120*[#   8]+0.003*[#   1]+0.003*[#   5]
    |psi|^2 = 0.998
==== e(   5) =    22.39276 eV ==== 
     psi = 0.134*[#   3]+0.134*[#   4]+0.134*[#   7]+0.134*[#   8]+0.096*[#   2]
          +0.096*[#   6]+0.015*[#   1]+0.015*[#   5]
    |psi|^2 = 0.760
==== e(   6) =    23.66374 eV ==== 
     psi = 0.151*[#   1]+0.151*[#   5]+0.096*[#   3]+0.096*[#   4]+0.096*[#   7]
          +0.096*[#   8]+0.094*[#   2]+0.094*[#   6]
    |psi|^2 = 0.875
==== e(   7) =    27.65200 eV ==== 
     psi = 0.203*[#   2]+0.203*[#   6]+0.157*[#   1]+0.157*[#   5]+0.058*[#   3]
          +0.058*[#   4]+0.058*[#   7]+0.058*[#   8]
    |psi|^2 = 0.952
==== e(   8) =    29.38534 eV ==== 
     psi = 0.135*[#   1]+0.135*[#   5]+0.112*[#   3]+0.112*[#   4]+0.112*[#   7]
          +0.112*[#   8]+0.037*[#   2]+0.037*[#   6]
    |psi|^2 = 0.792

 k =   0.0883883476 -0.4419417382  0.2651650429
==== e(   1) =    -4.96489 eV ==== 
     psi = 0.276*[#   1]+0.276*[#   5]+0.161*[#   4]+0.161*[#   8]+0.048*[#   2]
          +0.048*[#   6]+0.012*[#   3]+0.012*[#   7]
    |psi|^2 = 0.994
==== e(   2) =     2.53009 eV ==== 
     psi = 0.184*[#   3]+0.184*[#   7]+0.127*[#   1]+0.127*[#   5]+0.105*[#   2]
          +0.105*[#   6]+0.082*[#   4]+0.082*[#   8]
    |psi|^2 = 0.995
==== e(   3) =     6.26613 eV ==== 
     psi = 0.255*[#   3]+0.255*[#   7]+0.092*[#   4]+0.092*[#   8]+0.089*[#   2]
          +0.089*[#   6]+0.063*[#   1]+0.063*[#   5]
    |psi|^2 = 0.997
==== e(   4) =     8.61156 eV ==== 
     psi = 0.223*[#   2]+0.223*[#   6]+0.222*[#   4]+0.222*[#   8]+0.043*[#   3]
          +0.043*[#   7]+0.011*[#   1]+0.011*[#   5]
    |psi|^2 = 0.997
==== e(   5) =    22.08042 eV ==== 
     psi = 0.250*[#   4]+0.250*[#   8]+0.076*[#   2]+0.076*[#   6]+0.070*[#   1]
          +0.070*[#   5]+0.031*[#   3]+0.031*[#   7]
    |psi|^2 = 0.856
==== e(   6) =    23.81207 eV ==== 
     psi = 0.205*[#   3]+0.205*[#   7]+0.127*[#   2]+0.127*[#   6]+0.060*[#   1]
          +0.060*[#   5]+0.017*[#   4]+0.017*[#   8]
    |psi|^2 = 0.817
==== e(   7) =    26.88005 eV ==== 
     psi = 0.230*[#   1]+0.230*[#   5]+0.087*[#   4]+0.087*[#   8]+0.077*[#   2]
          +0.077*[#   6]+0.022*[#   3]+0.022*[#   7]
    |psi|^2 = 0.833
==== e(   8) =    27.72870 eV ==== 
     psi = 0.164*[#   3]+0.164*[#   7]+0.160*[#   2]+0.160*[#   6]+0.069*[#   1]
          +0.069*[#   5]+0.010*[#   4]+0.010*[#   8]
    |psi|^2 = 0.807

 k =   0.0000000000 -0.3535533906  0.1767766953
==== e(   1) =    -7.17106 eV ==== 
     psi = 0.294*[#   1]+0.294*[#   5]+0.164*[#   4]+0.164*[#   8]+0.037*[#   2]
          +0.037*[#   6]+0.002*[#   3]+0.002*[#   7]
    |psi|^2 = 0.993
==== e(   2) =     6.08959 eV ==== 
     psi = 0.148*[#   3]+0.148*[#   7]+0.133*[#   4]+0.133*[#   8]+0.115*[#   2]
          +0.115*[#   6]+0.102*[#   1]+0.102*[#   5]
    |psi|^2 = 0.997
==== e(   3) =     7.08378 eV ==== 
     psi = 0.291*[#   3]+0.291*[#   7]+0.128*[#   2]+0.128*[#   6]+0.048*[#   1]
          +0.048*[#   5]+0.030*[#   4]+0.030*[#   8]
    |psi|^2 = 0.995
==== e(   4) =     9.87822 eV ==== 
     psi = 0.244*[#   4]+0.244*[#   8]+0.201*[#   2]+0.201*[#   6]+0.035*[#   3]
          +0.035*[#   7]+0.019*[#   1]+0.019*[#   5]
    |psi|^2 = 0.997
==== e(   5) =    20.64190 eV ==== 
     psi = 0.293*[#   4]+0.293*[#   8]+0.102*[#   1]+0.102*[#   5]+0.059*[#   2]
          +0.059*[#   6]+0.020*[#   3]+0.020*[#   7]
    |psi|^2 = 0.947
==== e(   6) =    24.29384 eV ==== 
     psi = 0.268*[#   3]+0.268*[#   7]+0.135*[#   2]+0.135*[#   6]+0.019*[#   1]
          +0.019*[#   5]+0.009*[#   4]+0.009*[#   8]
    |psi|^2 = 0.860
==== e(   7) =    25.94919 eV ==== 
     psi = 0.256*[#   2]+0.256*[#   6]+0.165*[#   3]+0.165*[#   7]+0.043*[#   1]
          +0.043*[#   5]+0.002*[#   4]+0.002*[#   8]
    |psi|^2 = 0.932
==== e(   8) =    26.06905 eV ==== 
     psi = 0.241*[#   1]+0.241*[#   5]+0.061*[#   4]+0.061*[#   8]+0.019*[#   3]
          +0.019*[#   7]+0.013*[#   2]+0.013*[#   6]
    |psi|^2 = 0.666

 k =  -0.0883883476 -0.2651650429  0.0883883476
==== e(   1) =    -8.49786 eV ==== 
     psi = 0.331*[#   1]+0.331*[#   5]+0.136*[#   4]+0.136*[#   8]+0.014*[#   2]
          +0.014*[#   3]+0.014*[#   6]+0.014*[#   7]
    |psi|^2 = 0.993
==== e(   2) =     7.56619 eV ==== 
     psi = 0.156*[#   2]+0.156*[#   3]+0.156*[#   6]+0.156*[#   7]+0.108*[#   4]
          +0.108*[#   8]+0.078*[#   1]+0.078*[#   5]
    |psi|^2 = 0.995
==== e(   3) =     9.75610 eV ==== 
     psi = 0.249*[#   2]+0.249*[#   3]+0.249*[#   6]+0.249*[#   7]
    |psi|^2 = 0.997
==== e(   4) =    10.79656 eV ==== 
     psi = 0.320*[#   4]+0.320*[#   8]+0.069*[#   2]+0.069*[#   3]+0.069*[#   6]
          +0.069*[#   7]+0.039*[#   1]+0.039*[#   5]
    |psi|^2 = 0.995
==== e(   5) =    19.89428 eV ==== 
     psi = 0.331*[#   4]+0.331*[#   8]+0.097*[#   1]+0.097*[#   5]+0.027*[#   2]
          +0.027*[#   3]+0.027*[#   6]+0.027*[#   7]
    |psi|^2 = 0.963
==== e(   6) =    23.64704 eV ==== 
     psi = 0.201*[#   2]+0.201*[#   3]+0.201*[#   6]+0.201*[#   7]+0.075*[#   1]
          +0.075*[#   5]+0.002*[#   4]+0.002*[#   8]
    |psi|^2 = 0.956
==== e(   7) =    23.67050 eV ==== 
     psi = 0.239*[#   2]+0.239*[#   3]+0.239*[#   6]+0.239*[#   7]
    |psi|^2 = 0.954
==== e(   8) =    27.31671 eV ==== 
     psi = 0.247*[#   1]+0.247*[#   5]+0.063*[#   4]+0.063*[#   8]+0.013*[#   2]
          +0.013*[#   3]+0.013*[#   6]+0.013*[#   7]
    |psi|^2 = 0.670

 k =  -0.1767766953 -0.1767766953  0.1767766953
==== e(   1) =    -8.35505 eV ==== 
     psi = 0.331*[#   1]+0.331*[#   5]+0.055*[#   4]+0.055*[#   8]+0.055*[#   2]
          +0.055*[#   3]+0.055*[#   6]+0.055*[#   7]
    |psi|^2 = 0.993
==== e(   2) =     6.04087 eV ==== 
     psi = 0.129*[#   4]+0.129*[#   8]+0.128*[#   2]+0.128*[#   3]+0.128*[#   6]
          +0.128*[#   7]+0.112*[#   1]+0.112*[#   5]
    |psi|^2 = 0.992
==== e(   3) =    10.95909 eV ==== 
     psi = 0.249*[#   2]+0.249*[#   3]+0.249*[#   6]+0.249*[#   7]
    |psi|^2 = 0.996
==== e(   4) =    11.00874 eV ==== 
     psi = 0.331*[#   4]+0.331*[#   8]+0.083*[#   2]+0.083*[#   3]+0.083*[#   6]
          +0.083*[#   7]
    |psi|^2 = 0.996
==== e(   5) =    21.86852 eV ==== 
     psi = 0.310*[#   4]+0.310*[#   8]+0.083*[#   2]+0.083*[#   3]+0.083*[#   6]
          +0.083*[#   7]
    |psi|^2 = 0.951
==== e(   6) =    21.93226 eV ==== 
     psi = 0.237*[#   2]+0.237*[#   3]+0.237*[#   6]+0.237*[#   7]
    |psi|^2 = 0.950
==== e(   7) =    22.50369 eV ==== 
     psi = 0.225*[#   1]+0.225*[#   5]+0.091*[#   4]+0.091*[#   8]+0.081*[#   2]
          +0.081*[#   3]+0.081*[#   6]+0.081*[#   7]
    |psi|^2 = 0.953
==== e(   8) =    29.40198 eV ==== 
     psi = 0.268*[#   1]+0.268*[#   5]+0.053*[#   2]+0.053*[#   3]+0.053*[#   4]
          +0.053*[#   6]+0.053*[#   7]+0.053*[#   8]
    |psi|^2 = 0.852

 k =  -0.2651650429 -0.0883883476  0.0883883476
==== e(   1) =    -8.49786 eV ==== 
     psi = 0.332*[#   1]+0.332*[#   5]+0.136*[#   3]+0.136*[#   7]+0.014*[#   2]
          +0.014*[#   4]+0.014*[#   6]+0.014*[#   8]
    |psi|^2 = 0.993
==== e(   2) =     7.57032 eV ==== 
     psi = 0.158*[#   4]+0.158*[#   8]+0.156*[#   2]+0.156*[#   6]+0.106*[#   3]
          +0.106*[#   7]+0.078*[#   1]+0.078*[#   5]
    |psi|^2 = 0.995
==== e(   3) =     9.78245 eV ==== 
     psi = 0.254*[#   2]+0.254*[#   6]+0.245*[#   4]+0.245*[#   8]
    |psi|^2 = 0.997
==== e(   4) =    10.76031 eV ==== 
     psi = 0.322*[#   3]+0.322*[#   7]+0.072*[#   4]+0.072*[#   8]+0.065*[#   2]
          +0.065*[#   6]+0.039*[#   1]+0.039*[#   5]
    |psi|^2 = 0.996
==== e(   5) =    19.90711 eV ==== 
     psi = 0.331*[#   3]+0.331*[#   7]+0.099*[#   1]+0.099*[#   5]+0.027*[#   4]
          +0.027*[#   8]+0.025*[#   2]+0.025*[#   6]
    |psi|^2 = 0.963
==== e(   6) =    23.63842 eV ==== 
     psi = 0.262*[#   2]+0.262*[#   6]+0.214*[#   4]+0.214*[#   8]+0.001*[#   1]
          +0.001*[#   5]
    |psi|^2 = 0.955
==== e(   7) =    23.66836 eV ==== 
     psi = 0.225*[#   4]+0.225*[#   8]+0.179*[#   2]+0.179*[#   6]+0.072*[#   1]
          +0.072*[#   5]+0.002*[#   3]+0.002*[#   7]
    |psi|^2 = 0.955
==== e(   8) =    27.31171 eV ==== 
     psi = 0.247*[#   1]+0.247*[#   5]+0.063*[#   3]+0.063*[#   7]+0.013*[#   4]
          +0.013*[#   8]+0.012*[#   2]+0.012*[#   6]
    |psi|^2 = 0.671

 k =  -0.3535533906  0.0000000000  0.0000000000
==== e(   1) =    -7.76119 eV ==== 
     psi = 0.302*[#   1]+0.302*[#   5]+0.194*[#   3]+0.194*[#   7]
    |psi|^2 = 0.993
==== e(   2) =     8.30455 eV ==== 
     psi = 0.372*[#   3]+0.372*[#   7]+0.119*[#   1]+0.119*[#   5]+0.003*[#   2]
          +0.003*[#   4]+0.003*[#   6]+0.003*[#   8]
    |psi|^2 = 0.997
==== e(   3) =     8.46473 eV ==== 
     psi = 0.250*[#   2]+0.250*[#   4]+0.250*[#   6]+0.250*[#   8]
    |psi|^2 = 0.998
==== e(   4) =     8.48677 eV ==== 
     psi = 0.246*[#   2]+0.246*[#   4]+0.246*[#   6]+0.246*[#   8]+0.005*[#   3]
          +0.005*[#   7]+0.002*[#   1]+0.002*[#   5]
    |psi|^2 = 0.998
==== e(   5) =    18.46560 eV ==== 
     psi = 0.296*[#   3]+0.296*[#   7]+0.185*[#   1]+0.185*[#   5]
    |psi|^2 = 0.962
==== e(   6) =    24.40235 eV ==== 
     psi = 0.208*[#   1]+0.208*[#   5]+0.073*[#   3]+0.073*[#   7]
    |psi|^2 = 0.562
==== e(   7) =    25.93690 eV ==== 
     psi = 0.239*[#   2]+0.239*[#   4]+0.239*[#   6]+0.239*[#   8]
    |psi|^2 = 0.955
==== e(   8) =    25.95453 eV ==== 
     psi = 0.239*[#   2]+0.239*[#   4]+0.239*[#   6]+0.239*[#   8]
    |psi|^2 = 0.954

 k =  -0.4419417382  0.0883883476 -0.0883883476
==== e(   1) =    -6.14522 eV ==== 
     psi = 0.274*[#   1]+0.274*[#   5]+0.208*[#   3]+0.208*[#   7]+0.007*[#   2]
          +0.007*[#   6]+0.007*[#   4]+0.007*[#   8]
    |psi|^2 = 0.993
==== e(   2) =     5.04926 eV ==== 
     psi = 0.148*[#   3]+0.148*[#   7]+0.120*[#   1]+0.120*[#   5]+0.115*[#   2]
          +0.115*[#   6]+0.115*[#   4]+0.115*[#   8]
    |psi|^2 = 0.997
==== e(   3) =     7.46034 eV ==== 
     psi = 0.217*[#   3]+0.217*[#   7]+0.121*[#   4]+0.121*[#   8]+0.109*[#   2]
          +0.109*[#   6]+0.052*[#   1]+0.052*[#   5]
    |psi|^2 = 0.998
==== e(   4) =     7.71678 eV ==== 
     psi = 0.255*[#   2]+0.255*[#   6]+0.244*[#   4]+0.244*[#   8]
    |psi|^2 = 0.998
==== e(   5) =    19.18929 eV ==== 
     psi = 0.264*[#   3]+0.264*[#   7]+0.167*[#   1]+0.167*[#   5]+0.016*[#   2]
          +0.016*[#   6]+0.015*[#   4]+0.015*[#   8]
    |psi|^2 = 0.923
==== e(   6) =    23.38970 eV ==== 
     psi = 0.178*[#   1]+0.177*[#   5]+0.088*[#   3]+0.088*[#   7]+0.013*[#   4]
          +0.013*[#   8]+0.012*[#   2]+0.012*[#   6]
    |psi|^2 = 0.582
==== e(   7) =    27.28391 eV ==== 
     psi = 0.235*[#   4]+0.235*[#   8]+0.233*[#   2]+0.233*[#   6]
    |psi|^2 = 0.936
==== e(   8) =    27.42723 eV ==== 
     psi = 0.201*[#   2]+0.201*[#   6]+0.199*[#   4]+0.199*[#   8]+0.065*[#   1]
          +0.065*[#   5]+0.003*[#   3]+0.003*[#   7]
    |psi|^2 = 0.936

 k =   0.1767766953 -0.5303300859  0.5303300859
==== e(   1) =    -3.68726 eV ==== 
     psi = 0.271*[#   1]+0.271*[#   5]+0.193*[#   3]+0.193*[#   7]+0.017*[#   2]
          +0.017*[#   6]+0.017*[#   4]+0.017*[#   8]
    |psi|^2 = 0.995
==== e(   2) =     1.46758 eV ==== 
     psi = 0.136*[#   2]+0.136*[#   6]+0.136*[#   4]+0.136*[#   8]+0.135*[#   1]
          +0.135*[#   5]+0.091*[#   3]+0.091*[#   7]
    |psi|^2 = 0.995
==== e(   3) =     5.86231 eV ==== 
     psi = 0.269*[#   3]+0.269*[#   7]+0.085*[#   4]+0.085*[#   8]+0.082*[#   2]
          +0.082*[#   6]+0.063*[#   1]+0.063*[#   5]
    |psi|^2 = 0.998
==== e(   4) =     7.68608 eV ==== 
     psi = 0.251*[#   2]+0.251*[#   6]+0.249*[#   4]+0.249*[#   8]
    |psi|^2 = 0.999
==== e(   5) =    20.10557 eV ==== 
     psi = 0.230*[#   3]+0.230*[#   7]+0.138*[#   1]+0.138*[#   5]+0.024*[#   2]
          +0.024*[#   6]+0.022*[#   4]+0.022*[#   8]
    |psi|^2 = 0.826
==== e(   6) =    25.58986 eV ==== 
     psi = 0.134*[#   1]+0.134*[#   5]+0.119*[#   3]+0.119*[#   7]+0.032*[#   4]
          +0.032*[#   8]+0.032*[#   2]+0.032*[#   6]
    |psi|^2 = 0.633
==== e(   7) =    27.17699 eV ==== 
     psi = 0.228*[#   4]+0.228*[#   8]+0.227*[#   2]+0.227*[#   6]
    |psi|^2 = 0.911
==== e(   8) =    27.90645 eV ==== 
     psi = 0.165*[#   1]+0.165*[#   5]+0.131*[#   2]+0.131*[#   6]+0.130*[#   4]
          +0.130*[#   8]+0.018*[#   3]+0.018*[#   7]
    |psi|^2 = 0.889

 k =   0.0883883476 -0.4419417382  0.4419417382
==== e(   1) =    -2.91467 eV ==== 
     psi = 0.294*[#   1]+0.294*[#   5]+0.082*[#   2]+0.082*[#   6]+0.082*[#   4]
          +0.082*[#   8]+0.041*[#   3]+0.041*[#   7]
    |psi|^2 = 0.997
==== e(   2) =     0.62961 eV ==== 
     psi = 0.204*[#   3]+0.204*[#   7]+0.116*[#   1]+0.116*[#   5]+0.089*[#   2]
          +0.089*[#   6]+0.088*[#   4]+0.088*[#   8]
    |psi|^2 = 0.994
==== e(   3) =     4.76150 eV ==== 
     psi = 0.271*[#   3]+0.271*[#   7]+0.081*[#   4]+0.081*[#   8]+0.080*[#   2]
          +0.080*[#   6]+0.068*[#   1]+0.068*[#   5]
    |psi|^2 = 0.998
==== e(   4) =     8.41725 eV ==== 
     psi = 0.250*[#   2]+0.250*[#   6]+0.249*[#   4]+0.249*[#   8]
    |psi|^2 = 0.998
==== e(   5) =    20.90877 eV ==== 
     psi = 0.227*[#   3]+0.227*[#   7]+0.103*[#   1]+0.103*[#   5]+0.035*[#   2]
          +0.035*[#   6]+0.034*[#   4]+0.034*[#   8]
    |psi|^2 = 0.797
==== e(   6) =    26.08883 eV ==== 
     psi = 0.232*[#   4]+0.232*[#   8]+0.232*[#   2]+0.232*[#   6]
    |psi|^2 = 0.929
==== e(   7) =    27.86327 eV ==== 
     psi = 0.213*[#   1]+0.213*[#   5]+0.076*[#   2]+0.076*[#   6]+0.076*[#   4]
          +0.076*[#   8]+0.066*[#   3]+0.066*[#   7]
    |psi|^2 = 0.865
==== e(   8) =    29.30771 eV ==== 
     psi = 0.134*[#   1]+0.134*[#   5]+0.131*[#   3]+0.131*[#   7]+0.054*[#   4]
          +0.054*[#   8]+0.053*[#   2]+0.053*[#   6]
    |psi|^2 = 0.744

 k =   0.0000000000 -0.3535533906  0.3535533906
==== e(   1) =    -5.38990 eV ==== 
     psi = 0.279*[#   1]+0.279*[#   5]+0.105*[#   2]+0.105*[#   4]+0.105*[#   6]
          +0.105*[#   8]+0.008*[#   3]+0.008*[#   7]
    |psi|^2 = 0.994
==== e(   2) =     3.70665 eV ==== 
     psi = 0.193*[#   3]+0.193*[#   7]+0.132*[#   1]+0.132*[#   5]+0.087*[#   2]
          +0.087*[#   4]+0.087*[#   6]+0.087*[#   8]
    |psi|^2 = 0.998
==== e(   3) =     4.93097 eV ==== 
     psi = 0.275*[#   3]+0.275*[#   7]+0.078*[#   2]+0.078*[#   4]+0.078*[#   6]
          +0.078*[#   8]+0.066*[#   1]+0.066*[#   5]
    |psi|^2 = 0.995
==== e(   4) =     9.69700 eV ==== 
     psi = 0.249*[#   2]+0.249*[#   4]+0.249*[#   6]+0.249*[#   8]
    |psi|^2 = 0.998
==== e(   5) =    22.07378 eV ==== 
     psi = 0.251*[#   3]+0.251*[#   7]+0.075*[#   1]+0.075*[#   5]+0.043*[#   2]
          +0.043*[#   4]+0.043*[#   6]+0.043*[#   8]
    |psi|^2 = 0.823
==== e(   6) =    24.22599 eV ==== 
     psi = 0.239*[#   2]+0.239*[#   4]+0.239*[#   6]+0.239*[#   8]
    |psi|^2 = 0.956
==== e(   7) =    26.76715 eV ==== 
     psi = 0.176*[#   3]+0.176*[#   7]+0.125*[#   1]+0.125*[#   5]+0.061*[#   2]
          +0.061*[#   4]+0.061*[#   6]+0.061*[#   8]
    |psi|^2 = 0.848
==== e(   8) =    28.52697 eV ==== 
     psi = 0.265*[#   1]+0.265*[#   5]+0.068*[#   2]+0.068*[#   4]+0.068*[#   6]
          +0.068*[#   8]+0.007*[#   3]+0.007*[#   7]
    |psi|^2 = 0.818

 k =  -0.0883883476 -0.2651650429  0.2651650429
==== e(   1) =    -7.32158 eV ==== 
     psi = 0.302*[#   1]+0.302*[#   5]+0.092*[#   2]+0.092*[#   4]+0.092*[#   6]
          +0.092*[#   8]+0.011*[#   3]+0.011*[#   7]
    |psi|^2 = 0.993
==== e(   2) =     4.80104 eV ==== 
     psi = 0.173*[#   3]+0.173*[#   7]+0.115*[#   1]+0.115*[#   5]+0.105*[#   4]
          +0.105*[#   8]+0.104*[#   2]+0.104*[#   6]
    |psi|^2 = 0.994
==== e(   3) =     8.26547 eV ==== 
     psi = 0.281*[#   3]+0.281*[#   7]+0.088*[#   2]+0.088*[#   6]+0.085*[#   4]
          +0.085*[#   8]+0.044*[#   1]+0.044*[#   5]
    |psi|^2 = 0.996
==== e(   4) =    10.92955 eV ==== 
     psi = 0.250*[#   4]+0.250*[#   8]+0.248*[#   2]+0.248*[#   6]
    |psi|^2 = 0.997
==== e(   5) =    22.22005 eV ==== 
     psi = 0.242*[#   4]+0.242*[#   8]+0.233*[#   2]+0.233*[#   6]
    |psi|^2 = 0.951
==== e(   6) =    22.89416 eV ==== 
     psi = 0.305*[#   3]+0.305*[#   7]+0.060*[#   1]+0.060*[#   5]+0.048*[#   2]
          +0.048*[#   6]+0.039*[#   4]+0.039*[#   8]
    |psi|^2 = 0.904
==== e(   7) =    23.93665 eV ==== 
     psi = 0.169*[#   1]+0.169*[#   5]+0.140*[#   3]+0.140*[#   7]+0.076*[#   4]
          +0.076*[#   8]+0.075*[#   2]+0.075*[#   6]
    |psi|^2 = 0.921
==== e(   8) =    28.74021 eV ==== 
     psi = 0.234*[#   1]+0.234*[#   5]+0.061*[#   2]+0.061*[#   4]+0.061*[#   6]
          +0.061*[#   8]+0.030*[#   3]+0.030*[#   7]
    |psi|^2 = 0.772

 k =  -0.0883883476 -0.0883883476  0.2651650429
==== e(   1) =    -8.49786 eV ==== 
     psi = 0.332*[#   1]+0.332*[#   5]+0.136*[#   2]+0.136*[#   6]+0.014*[#   3]
          +0.014*[#   4]+0.014*[#   7]+0.014*[#   8]
    |psi|^2 = 0.993
==== e(   2) =     7.57032 eV ==== 
     psi = 0.158*[#   4]+0.158*[#   8]+0.156*[#   3]+0.156*[#   7]+0.106*[#   2]
          +0.106*[#   6]+0.078*[#   1]+0.078*[#   5]
    |psi|^2 = 0.995
==== e(   3) =     9.78245 eV ==== 
     psi = 0.254*[#   3]+0.254*[#   7]+0.245*[#   4]+0.245*[#   8]
    |psi|^2 = 0.997
==== e(   4) =    10.76031 eV ==== 
     psi = 0.322*[#   2]+0.322*[#   6]+0.072*[#   4]+0.072*[#   8]+0.065*[#   3]
          +0.065*[#   7]+0.039*[#   1]+0.039*[#   5]
    |psi|^2 = 0.996
==== e(   5) =    19.90711 eV ==== 
     psi = 0.331*[#   2]+0.331*[#   6]+0.099*[#   1]+0.099*[#   5]+0.027*[#   4]
          +0.027*[#   8]+0.025*[#   3]+0.025*[#   7]
    |psi|^2 = 0.963
==== e(   6) =    23.63842 eV ==== 
     psi = 0.262*[#   3]+0.262*[#   7]+0.214*[#   4]+0.214*[#   8]+0.001*[#   1]
          +0.001*[#   5]
    |psi|^2 = 0.955
==== e(   7) =    23.66836 eV ==== 
     psi = 0.225*[#   4]+0.225*[#   8]+0.179*[#   3]+0.179*[#   7]+0.072*[#   1]
          +0.072*[#   5]+0.002*[#   2]+0.002*[#   6]
    |psi|^2 = 0.955
==== e(   8) =    27.31171 eV ==== 
     psi = 0.247*[#   1]+0.247*[#   5]+0.063*[#   2]+0.063*[#   6]+0.013*[#   4]
          +0.013*[#   8]+0.012*[#   3]+0.012*[#   7]
    |psi|^2 = 0.671

 k =  -0.1767766953  0.0000000000  0.1767766953
==== e(   1) =    -8.94112 eV ==== 
     psi = 0.355*[#   1]+0.355*[#   5]+0.071*[#   2]+0.071*[#   3]+0.071*[#   6]
          +0.071*[#   7]
    |psi|^2 = 0.993
==== e(   2) =     8.73779 eV ==== 
     psi = 0.155*[#   2]+0.155*[#   3]+0.155*[#   6]+0.155*[#   7]+0.127*[#   4]
          +0.127*[#   8]+0.061*[#   1]+0.061*[#   5]
    |psi|^2 = 0.995
==== e(   3) =     9.41866 eV ==== 
     psi = 0.331*[#   4]+0.331*[#   8]+0.062*[#   2]+0.062*[#   3]+0.062*[#   6]
          +0.062*[#   7]+0.042*[#   1]+0.042*[#   5]
    |psi|^2 = 0.993
==== e(   4) =    12.00040 eV ==== 
     psi = 0.249*[#   2]+0.249*[#   3]+0.249*[#   6]+0.249*[#   7]
    |psi|^2 = 0.995
==== e(   5) =    20.83780 eV ==== 
     psi = 0.242*[#   2]+0.242*[#   3]+0.242*[#   6]+0.242*[#   7]
    |psi|^2 = 0.969
==== e(   6) =    22.25181 eV ==== 
     psi = 0.159*[#   4]+0.159*[#   8]+0.113*[#   2]+0.113*[#   3]+0.113*[#   6]
          +0.113*[#   7]+0.095*[#   1]+0.095*[#   5]
    |psi|^2 = 0.960
==== e(   7) =    22.42862 eV ==== 
     psi = 0.351*[#   4]+0.351*[#   8]+0.046*[#   1]+0.046*[#   5]+0.041*[#   2]
          +0.041*[#   3]+0.041*[#   6]+0.041*[#   7]
    |psi|^2 = 0.957
==== e(   8) =    28.56252 eV ==== 
     psi = 0.338*[#   1]+0.338*[#   5]+0.045*[#   2]+0.045*[#   3]+0.045*[#   6]
          +0.045*[#   7]+0.001*[#   4]+0.001*[#   8]
    |psi|^2 = 0.859

 k =  -0.2651650429  0.0883883476  0.0883883476
==== e(   1) =    -8.49785 eV ==== 
     psi = 0.332*[#   1]+0.332*[#   5]+0.136*[#   3]+0.136*[#   7]+0.014*[#   2]
          +0.014*[#   4]+0.014*[#   6]+0.014*[#   8]
    |psi|^2 = 0.993
==== e(   2) =     7.59550 eV ==== 
     psi = 0.157*[#   2]+0.157*[#   4]+0.157*[#   6]+0.157*[#   8]+0.106*[#   3]
          +0.106*[#   7]+0.078*[#   1]+0.078*[#   5]
    |psi|^2 = 0.995
==== e(   3) =     9.76136 eV ==== 
     psi = 0.249*[#   2]+0.249*[#   4]+0.249*[#   6]+0.249*[#   8]
    |psi|^2 = 0.997
==== e(   4) =    10.75168 eV ==== 
     psi = 0.322*[#   3]+0.322*[#   7]+0.068*[#   2]+0.068*[#   4]+0.068*[#   6]
          +0.068*[#   8]+0.039*[#   1]+0.039*[#   5]
    |psi|^2 = 0.996
==== e(   5) =    19.90766 eV ==== 
     psi = 0.331*[#   3]+0.331*[#   7]+0.099*[#   1]+0.099*[#   5]+0.026*[#   2]
          +0.026*[#   4]+0.026*[#   6]+0.026*[#   8]
    |psi|^2 = 0.963
==== e(   6) =    23.64996 eV ==== 
     psi = 0.239*[#   2]+0.239*[#   4]+0.239*[#   6]+0.239*[#   8]
    |psi|^2 = 0.954
==== e(   7) =    23.65146 eV ==== 
     psi = 0.202*[#   2]+0.202*[#   4]+0.202*[#   6]+0.202*[#   8]+0.072*[#   1]
          +0.072*[#   5]+0.002*[#   3]+0.002*[#   7]
    |psi|^2 = 0.955
==== e(   8) =    27.30984 eV ==== 
     psi = 0.248*[#   1]+0.248*[#   5]+0.063*[#   3]+0.063*[#   7]+0.012*[#   2]
          +0.012*[#   4]+0.012*[#   6]+0.012*[#   8]
    |psi|^2 = 0.673

 k =  -0.3535533906  0.1767766953  0.0000000000
==== e(   1) =    -7.17123 eV ==== 
     psi = 0.294*[#   1]+0.294*[#   5]+0.164*[#   3]+0.164*[#   7]+0.037*[#   4]
          +0.037*[#   8]+0.002*[#   2]+0.002*[#   6]
    |psi|^2 = 0.993
==== e(   2) =     6.11449 eV ==== 
     psi = 0.149*[#   2]+0.149*[#   6]+0.133*[#   3]+0.133*[#   7]+0.115*[#   4]
          +0.115*[#   8]+0.101*[#   1]+0.101*[#   5]
    |psi|^2 = 0.997
==== e(   3) =     7.08156 eV ==== 
     psi = 0.290*[#   2]+0.290*[#   6]+0.129*[#   4]+0.129*[#   8]+0.049*[#   1]
          +0.049*[#   5]+0.031*[#   3]+0.031*[#   7]
    |psi|^2 = 0.996
==== e(   4) =     9.84752 eV ==== 
     psi = 0.244*[#   3]+0.244*[#   7]+0.201*[#   4]+0.201*[#   8]+0.035*[#   2]
          +0.035*[#   6]+0.019*[#   1]+0.019*[#   5]
    |psi|^2 = 0.997
==== e(   5) =    20.65581 eV ==== 
     psi = 0.293*[#   3]+0.293*[#   7]+0.103*[#   1]+0.103*[#   5]+0.057*[#   4]
          +0.057*[#   8]+0.021*[#   2]+0.021*[#   6]
    |psi|^2 = 0.947
==== e(   6) =    24.27502 eV ==== 
     psi = 0.266*[#   2]+0.266*[#   6]+0.136*[#   4]+0.136*[#   8]+0.018*[#   1]
          +0.018*[#   5]+0.009*[#   3]+0.009*[#   7]
    |psi|^2 = 0.857
==== e(   7) =    25.93852 eV ==== 
     psi = 0.262*[#   4]+0.262*[#   8]+0.168*[#   2]+0.168*[#   6]+0.039*[#   1]
          +0.039*[#   5]
    |psi|^2 = 0.938
==== e(   8) =    26.07809 eV ==== 
     psi = 0.246*[#   1]+0.246*[#   5]+0.062*[#   3]+0.062*[#   7]+0.017*[#   2]
          +0.017*[#   6]+0.008*[#   4]+0.008*[#   8]
    |psi|^2 = 0.665

 k =   0.2651650429 -0.4419417382  0.6187184335
==== e(   1) =    -4.96548 eV ==== 
     psi = 0.277*[#   1]+0.277*[#   5]+0.161*[#   3]+0.161*[#   7]+0.048*[#   4]
          +0.048*[#   8]+0.012*[#   2]+0.012*[#   6]
    |psi|^2 = 0.994
==== e(   2) =     2.53291 eV ==== 
     psi = 0.184*[#   2]+0.184*[#   6]+0.127*[#   1]+0.127*[#   5]+0.105*[#   4]
          +0.105*[#   8]+0.082*[#   3]+0.082*[#   7]
    |psi|^2 = 0.995
==== e(   3) =     6.29029 eV ==== 
     psi = 0.255*[#   2]+0.255*[#   6]+0.091*[#   3]+0.091*[#   7]+0.090*[#   4]
          +0.090*[#   8]+0.063*[#   1]+0.063*[#   5]
    |psi|^2 = 0.997
==== e(   4) =     8.57951 eV ==== 
     psi = 0.223*[#   3]+0.223*[#   7]+0.222*[#   4]+0.222*[#   8]+0.042*[#   2]
          +0.042*[#   6]+0.011*[#   1]+0.011*[#   5]
    |psi|^2 = 0.997
==== e(   5) =    22.07398 eV ==== 
     psi = 0.247*[#   3]+0.247*[#   7]+0.075*[#   4]+0.075*[#   8]+0.068*[#   1]
          +0.068*[#   5]+0.036*[#   2]+0.036*[#   6]
    |psi|^2 = 0.854
==== e(   6) =    23.82550 eV ==== 
     psi = 0.200*[#   2]+0.200*[#   6]+0.126*[#   4]+0.126*[#   8]+0.063*[#   1]
          +0.063*[#   5]+0.020*[#   3]+0.020*[#   7]
    |psi|^2 = 0.820
==== e(   7) =    26.87275 eV ==== 
     psi = 0.229*[#   1]+0.229*[#   5]+0.086*[#   3]+0.086*[#   7]+0.081*[#   4]
          +0.081*[#   8]+0.023*[#   2]+0.023*[#   6]
    |psi|^2 = 0.838
==== e(   8) =    27.72986 eV ==== 
     psi = 0.164*[#   2]+0.164*[#   6]+0.158*[#   4]+0.158*[#   8]+0.069*[#   1]
          +0.069*[#   5]+0.010*[#   3]+0.010*[#   7]
    |psi|^2 = 0.803

 k =   0.1767766953 -0.3535533906  0.5303300859
==== e(   1) =    -2.81988 eV ==== 
     psi = 0.325*[#   1]+0.325*[#   5]+0.074*[#   2]+0.074*[#   6]+0.073*[#   3]
          +0.073*[#   7]+0.027*[#   4]+0.027*[#   8]
    |psi|^2 = 0.999
==== e(   2) =    -0.21511 eV ==== 
     psi = 0.143*[#   2]+0.143*[#   6]+0.142*[#   3]+0.142*[#   7]+0.126*[#   4]
          +0.126*[#   8]+0.084*[#   1]+0.084*[#   5]
    |psi|^2 = 0.991
==== e(   3) =     6.26053 eV ==== 
     psi = 0.193*[#   3]+0.193*[#   7]+0.188*[#   2]+0.188*[#   6]+0.070*[#   1]
          +0.070*[#   5]+0.048*[#   4]+0.048*[#   8]
    |psi|^2 = 0.998
==== e(   4) =     7.90145 eV ==== 
     psi = 0.257*[#   4]+0.257*[#   8]+0.122*[#   2]+0.122*[#   6]+0.118*[#   3]
          +0.118*[#   7]+0.003*[#   1]+0.003*[#   5]
    |psi|^2 = 0.998
==== e(   5) =    22.34125 eV ==== 
     psi = 0.137*[#   2]+0.137*[#   6]+0.132*[#   3]+0.132*[#   7]+0.096*[#   4]
          +0.096*[#   8]+0.016*[#   1]+0.016*[#   5]
    |psi|^2 = 0.763
==== e(   6) =    23.72823 eV ==== 
     psi = 0.154*[#   1]+0.154*[#   5]+0.099*[#   3]+0.099*[#   7]+0.093*[#   2]
          +0.093*[#   6]+0.091*[#   4]+0.091*[#   8]
    |psi|^2 = 0.873
==== e(   7) =    27.63731 eV ==== 
     psi = 0.206*[#   4]+0.206*[#   8]+0.154*[#   1]+0.154*[#   5]+0.059*[#   2]
          +0.059*[#   6]+0.056*[#   3]+0.056*[#   7]
    |psi|^2 = 0.953
==== e(   8) =    29.40141 eV ==== 
     psi = 0.134*[#   1]+0.134*[#   5]+0.113*[#   3]+0.113*[#   7]+0.110*[#   2]
          +0.110*[#   6]+0.038*[#   4]+0.038*[#   8]
    |psi|^2 = 0.790

 k =   0.0883883476 -0.2651650429  0.4419417382
==== e(   1) =    -4.96469 eV ==== 
     psi = 0.276*[#   1]+0.276*[#   5]+0.161*[#   2]+0.161*[#   6]+0.048*[#   4]
          +0.048*[#   8]+0.012*[#   3]+0.012*[#   7]
    |psi|^2 = 0.994
==== e(   2) =     2.52695 eV ==== 
     psi = 0.183*[#   3]+0.183*[#   7]+0.127*[#   1]+0.127*[#   5]+0.105*[#   4]
          +0.105*[#   8]+0.082*[#   2]+0.082*[#   6]
    |psi|^2 = 0.995
==== e(   3) =     6.27766 eV ==== 
     psi = 0.257*[#   3]+0.257*[#   7]+0.091*[#   4]+0.091*[#   8]+0.088*[#   2]
          +0.088*[#   6]+0.063*[#   1]+0.063*[#   5]
    |psi|^2 = 0.997
==== e(   4) =     8.60232 eV ==== 
     psi = 0.225*[#   2]+0.225*[#   6]+0.221*[#   4]+0.221*[#   8]+0.041*[#   3]
          +0.041*[#   7]+0.012*[#   1]+0.012*[#   5]
    |psi|^2 = 0.997
==== e(   5) =    22.04675 eV ==== 
     psi = 0.247*[#   2]+0.247*[#   6]+0.077*[#   4]+0.077*[#   8]+0.068*[#   1]
          +0.068*[#   5]+0.035*[#   3]+0.035*[#   7]
    |psi|^2 = 0.855
==== e(   6) =    23.85591 eV ==== 
     psi = 0.202*[#   3]+0.202*[#   7]+0.125*[#   4]+0.125*[#   8]+0.064*[#   1]
          +0.064*[#   5]+0.019*[#   2]+0.019*[#   6]
    |psi|^2 = 0.820
==== e(   7) =    26.84911 eV ==== 
     psi = 0.227*[#   1]+0.227*[#   5]+0.086*[#   2]+0.086*[#   6]+0.083*[#   4]
          +0.083*[#   8]+0.022*[#   3]+0.022*[#   7]
    |psi|^2 = 0.835
==== e(   8) =    27.76598 eV ==== 
     psi = 0.163*[#   3]+0.163*[#   7]+0.157*[#   4]+0.157*[#   8]+0.070*[#   1]
          +0.070*[#   5]+0.011*[#   2]+0.011*[#   6]
    |psi|^2 = 0.802

 k =   0.0000000000 -0.1767766953  0.3535533906
==== e(   1) =    -7.17106 eV ==== 
     psi = 0.294*[#   1]+0.294*[#   5]+0.164*[#   2]+0.164*[#   6]+0.037*[#   4]
          +0.037*[#   8]+0.002*[#   3]+0.002*[#   7]
    |psi|^2 = 0.993
==== e(   2) =     6.08959 eV ==== 
     psi = 0.148*[#   3]+0.148*[#   7]+0.133*[#   2]+0.133*[#   6]+0.115*[#   4]
          +0.115*[#   8]+0.102*[#   1]+0.102*[#   5]
    |psi|^2 = 0.997
==== e(   3) =     7.08378 eV ==== 
     psi = 0.291*[#   3]+0.291*[#   7]+0.128*[#   4]+0.128*[#   8]+0.048*[#   1]
          +0.048*[#   5]+0.030*[#   2]+0.030*[#   6]
    |psi|^2 = 0.995
==== e(   4) =     9.87822 eV ==== 
     psi = 0.244*[#   2]+0.244*[#   6]+0.201*[#   4]+0.201*[#   8]+0.035*[#   3]
          +0.035*[#   7]+0.019*[#   1]+0.019*[#   5]
    |psi|^2 = 0.997
==== e(   5) =    20.64190 eV ==== 
     psi = 0.293*[#   2]+0.293*[#   6]+0.102*[#   1]+0.102*[#   5]+0.059*[#   4]
          +0.059*[#   8]+0.020*[#   3]+0.020*[#   7]
    |psi|^2 = 0.947
==== e(   6) =    24.29384 eV ==== 
     psi = 0.268*[#   3]+0.268*[#   7]+0.135*[#   4]+0.135*[#   8]+0.019*[#   1]
          +0.019*[#   5]+0.009*[#   2]+0.009*[#   6]
    |psi|^2 = 0.860
==== e(   7) =    25.94919 eV ==== 
     psi = 0.256*[#   4]+0.256*[#   8]+0.165*[#   3]+0.165*[#   7]+0.043*[#   1]
          +0.043*[#   5]+0.002*[#   2]+0.002*[#   6]
    |psi|^2 = 0.932
==== e(   8) =    26.06905 eV ==== 
     psi = 0.241*[#   1]+0.241*[#   5]+0.061*[#   2]+0.061*[#   6]+0.019*[#   3]
          +0.019*[#   7]+0.013*[#   4]+0.013*[#   8]
    |psi|^2 = 0.666

 k =   0.0000000000  0.0000000000  0.3535533906
==== e(   1) =    -7.76119 eV ==== 
     psi = 0.302*[#   1]+0.302*[#   5]+0.194*[#   2]+0.194*[#   6]
    |psi|^2 = 0.993
==== e(   2) =     8.30455 eV ==== 
     psi = 0.372*[#   2]+0.372*[#   6]+0.119*[#   1]+0.119*[#   5]+0.003*[#   3]
          +0.003*[#   4]+0.003*[#   7]+0.003*[#   8]
    |psi|^2 = 0.997
==== e(   3) =     8.46473 eV ==== 
     psi = 0.250*[#   3]+0.250*[#   4]+0.250*[#   7]+0.250*[#   8]
    |psi|^2 = 0.998
==== e(   4) =     8.48677 eV ==== 
     psi = 0.246*[#   3]+0.246*[#   4]+0.246*[#   7]+0.246*[#   8]+0.005*[#   2]
          +0.005*[#   6]+0.002*[#   1]+0.002*[#   5]
    |psi|^2 = 0.998
==== e(   5) =    18.46560 eV ==== 
     psi = 0.296*[#   2]+0.296*[#   6]+0.185*[#   1]+0.185*[#   5]
    |psi|^2 = 0.962
==== e(   6) =    24.40235 eV ==== 
     psi = 0.208*[#   1]+0.208*[#   5]+0.073*[#   2]+0.073*[#   6]
    |psi|^2 = 0.562
==== e(   7) =    25.93690 eV ==== 
     psi = 0.239*[#   3]+0.239*[#   4]+0.239*[#   7]+0.239*[#   8]
    |psi|^2 = 0.955
==== e(   8) =    25.95453 eV ==== 
     psi = 0.239*[#   3]+0.239*[#   4]+0.239*[#   7]+0.239*[#   8]
    |psi|^2 = 0.954

 k =  -0.0883883476  0.0883883476  0.2651650429
==== e(   1) =    -8.49785 eV ==== 
     psi = 0.332*[#   1]+0.332*[#   5]+0.136*[#   2]+0.136*[#   6]+0.014*[#   3]
          +0.014*[#   4]+0.014*[#   7]+0.014*[#   8]
    |psi|^2 = 0.993
==== e(   2) =     7.59550 eV ==== 
     psi = 0.157*[#   3]+0.157*[#   4]+0.157*[#   7]+0.157*[#   8]+0.106*[#   2]
          +0.106*[#   6]+0.078*[#   1]+0.078*[#   5]
    |psi|^2 = 0.995
==== e(   3) =     9.76136 eV ==== 
     psi = 0.249*[#   3]+0.249*[#   4]+0.249*[#   7]+0.249*[#   8]
    |psi|^2 = 0.997
==== e(   4) =    10.75168 eV ==== 
     psi = 0.322*[#   2]+0.322*[#   6]+0.068*[#   3]+0.068*[#   4]+0.068*[#   7]
          +0.068*[#   8]+0.039*[#   1]+0.039*[#   5]
    |psi|^2 = 0.996
==== e(   5) =    19.90766 eV ==== 
     psi = 0.331*[#   2]+0.331*[#   6]+0.099*[#   1]+0.099*[#   5]+0.026*[#   3]
          +0.026*[#   4]+0.026*[#   7]+0.026*[#   8]
    |psi|^2 = 0.963
==== e(   6) =    23.64996 eV ==== 
     psi = 0.239*[#   3]+0.239*[#   4]+0.239*[#   7]+0.239*[#   8]
    |psi|^2 = 0.954
==== e(   7) =    23.65146 eV ==== 
     psi = 0.202*[#   3]+0.202*[#   4]+0.202*[#   7]+0.202*[#   8]+0.072*[#   1]
          +0.072*[#   5]+0.002*[#   2]+0.002*[#   6]
    |psi|^2 = 0.955
==== e(   8) =    27.30984 eV ==== 
     psi = 0.248*[#   1]+0.248*[#   5]+0.063*[#   2]+0.063*[#   6]+0.012*[#   3]
          +0.012*[#   4]+0.012*[#   7]+0.012*[#   8]
    |psi|^2 = 0.673

 k =  -0.1767766953  0.1767766953  0.1767766953
==== e(   1) =    -8.35505 eV ==== 
     psi = 0.331*[#   1]+0.331*[#   5]+0.055*[#   2]+0.055*[#   3]+0.055*[#   4]
          +0.055*[#   6]+0.055*[#   7]+0.055*[#   8]
    |psi|^2 = 0.993
==== e(   2) =     6.06224 eV ==== 
     psi = 0.128*[#   2]+0.128*[#   3]+0.128*[#   4]+0.128*[#   6]+0.128*[#   7]
          +0.128*[#   8]+0.112*[#   1]+0.112*[#   5]
    |psi|^2 = 0.992
==== e(   3) =    10.96999 eV ==== 
     psi = 0.331*[#   4]+0.331*[#   8]+0.092*[#   3]+0.092*[#   7]+0.075*[#   2]
          +0.075*[#   6]
    |psi|^2 = 0.996
==== e(   4) =    10.96999 eV ==== 
     psi = 0.257*[#   2]+0.257*[#   6]+0.240*[#   3]+0.240*[#   7]+0.001*[#   4]
          +0.001*[#   8]
    |psi|^2 = 0.996
==== e(   5) =    21.90055 eV ==== 
     psi = 0.311*[#   4]+0.311*[#   8]+0.109*[#   3]+0.109*[#   7]+0.055*[#   2]
          +0.055*[#   6]
    |psi|^2 = 0.950
==== e(   6) =    21.90055 eV ==== 
     psi = 0.262*[#   2]+0.262*[#   6]+0.208*[#   3]+0.208*[#   7]+0.006*[#   4]
          +0.006*[#   8]
    |psi|^2 = 0.950
==== e(   7) =    22.49196 eV ==== 
     psi = 0.225*[#   1]+0.225*[#   5]+0.084*[#   2]+0.084*[#   3]+0.084*[#   4]
          +0.084*[#   6]+0.084*[#   7]+0.084*[#   8]
    |psi|^2 = 0.954
==== e(   8) =    29.38661 eV ==== 
     psi = 0.267*[#   1]+0.267*[#   5]+0.053*[#   2]+0.053*[#   3]+0.053*[#   4]
          +0.053*[#   6]+0.053*[#   7]+0.053*[#   8]
    |psi|^2 = 0.852

 k =  -0.2651650429  0.2651650429  0.0883883476
==== e(   1) =    -7.32183 eV ==== 
     psi = 0.303*[#   1]+0.303*[#   5]+0.091*[#   3]+0.091*[#   4]+0.091*[#   7]
          +0.091*[#   8]+0.011*[#   2]+0.011*[#   6]
    |psi|^2 = 0.993
==== e(   2) =     4.82258 eV ==== 
     psi = 0.173*[#   2]+0.173*[#   6]+0.114*[#   1]+0.114*[#   5]+0.105*[#   3]
          +0.105*[#   4]+0.105*[#   7]+0.105*[#   8]
    |psi|^2 = 0.994
==== e(   3) =     8.26364 eV ==== 
     psi = 0.280*[#   2]+0.280*[#   6]+0.087*[#   3]+0.087*[#   4]+0.087*[#   7]
          +0.087*[#   8]+0.044*[#   1]+0.044*[#   5]
    |psi|^2 = 0.996
==== e(   4) =    10.90024 eV ==== 
     psi = 0.249*[#   3]+0.249*[#   4]+0.249*[#   7]+0.249*[#   8]
    |psi|^2 = 0.997
==== e(   5) =    22.24739 eV ==== 
     psi = 0.238*[#   3]+0.238*[#   4]+0.238*[#   7]+0.238*[#   8]
    |psi|^2 = 0.951
==== e(   6) =    22.88136 eV ==== 
     psi = 0.306*[#   2]+0.306*[#   6]+0.059*[#   1]+0.059*[#   5]+0.043*[#   3]
          +0.043*[#   4]+0.043*[#   7]+0.043*[#   8]
    |psi|^2 = 0.903
==== e(   7) =    23.90904 eV ==== 
     psi = 0.170*[#   1]+0.170*[#   5]+0.141*[#   2]+0.141*[#   6]+0.075*[#   3]
          +0.075*[#   4]+0.075*[#   7]+0.075*[#   8]
    |psi|^2 = 0.922
==== e(   8) =    28.73227 eV ==== 
     psi = 0.235*[#   1]+0.235*[#   5]+0.061*[#   3]+0.061*[#   4]+0.061*[#   7]
          +0.061*[#   8]+0.030*[#   2]+0.030*[#   6]
    |psi|^2 = 0.774

 k =   0.3535533906 -0.3535533906  0.7071067812
==== e(   1) =    -5.39090 eV ==== 
     psi = 0.279*[#   1]+0.279*[#   5]+0.105*[#   3]+0.105*[#   4]+0.105*[#   7]
          +0.105*[#   8]+0.009*[#   2]+0.009*[#   6]
    |psi|^2 = 0.994
==== e(   2) =     3.72736 eV ==== 
     psi = 0.194*[#   2]+0.194*[#   6]+0.131*[#   1]+0.131*[#   5]+0.087*[#   3]
          +0.087*[#   4]+0.087*[#   7]+0.087*[#   8]
    |psi|^2 = 0.998
==== e(   3) =     4.92982 eV ==== 
     psi = 0.274*[#   2]+0.274*[#   6]+0.079*[#   3]+0.079*[#   4]+0.079*[#   7]
          +0.079*[#   8]+0.066*[#   1]+0.066*[#   5]
    |psi|^2 = 0.995
==== e(   4) =     9.67015 eV ==== 
     psi = 0.249*[#   3]+0.249*[#   4]+0.249*[#   7]+0.249*[#   8]
    |psi|^2 = 0.998
==== e(   5) =    22.05848 eV ==== 
     psi = 0.251*[#   2]+0.251*[#   6]+0.075*[#   1]+0.075*[#   5]+0.043*[#   3]
          +0.043*[#   4]+0.043*[#   7]+0.043*[#   8]
    |psi|^2 = 0.824
==== e(   6) =    24.26221 eV ==== 
     psi = 0.239*[#   3]+0.239*[#   4]+0.239*[#   7]+0.239*[#   8]
    |psi|^2 = 0.955
==== e(   7) =    26.72951 eV ==== 
     psi = 0.177*[#   2]+0.177*[#   6]+0.125*[#   1]+0.125*[#   5]+0.061*[#   3]
          +0.061*[#   4]+0.061*[#   7]+0.061*[#   8]
    |psi|^2 = 0.851
==== e(   8) =    28.53515 eV ==== 
     psi = 0.266*[#   1]+0.266*[#   5]+0.069*[#   3]+0.069*[#   4]+0.069*[#   7]
          +0.069*[#   8]+0.007*[#   2]+0.007*[#   6]
    |psi|^2 = 0.820

 k =   0.2651650429 -0.2651650429  0.6187184335
==== e(   1) =    -2.91659 eV ==== 
     psi = 0.294*[#   1]+0.294*[#   5]+0.082*[#   3]+0.082*[#   4]+0.082*[#   7]
          +0.082*[#   8]+0.041*[#   2]+0.041*[#   6]
    |psi|^2 = 0.997
==== e(   2) =     0.63192 eV ==== 
     psi = 0.205*[#   2]+0.205*[#   6]+0.115*[#   1]+0.115*[#   5]+0.088*[#   3]
          +0.088*[#   4]+0.088*[#   7]+0.088*[#   8]
    |psi|^2 = 0.994
==== e(   3) =     4.78014 eV ==== 
     psi = 0.270*[#   2]+0.270*[#   6]+0.081*[#   3]+0.081*[#   4]+0.081*[#   7]
          +0.081*[#   8]+0.067*[#   1]+0.067*[#   5]
    |psi|^2 = 0.998
==== e(   4) =     8.39347 eV ==== 
     psi = 0.250*[#   3]+0.250*[#   4]+0.250*[#   7]+0.250*[#   8]
    |psi|^2 = 0.998
==== e(   5) =    20.89123 eV ==== 
     psi = 0.226*[#   2]+0.226*[#   6]+0.103*[#   1]+0.103*[#   5]+0.035*[#   3]
          +0.035*[#   4]+0.035*[#   7]+0.035*[#   8]
    |psi|^2 = 0.799
==== e(   6) =    26.13348 eV ==== 
     psi = 0.232*[#   3]+0.232*[#   4]+0.232*[#   7]+0.232*[#   8]
    |psi|^2 = 0.928
==== e(   7) =    27.83740 eV ==== 
     psi = 0.214*[#   1]+0.214*[#   5]+0.076*[#   3]+0.076*[#   4]+0.076*[#   7]
          +0.076*[#   8]+0.071*[#   2]+0.071*[#   6]
    |psi|^2 = 0.874
==== e(   8) =    29.33397 eV ==== 
     psi = 0.133*[#   1]+0.133*[#   5]+0.127*[#   2]+0.127*[#   6]+0.054*[#   3]
          +0.054*[#   4]+0.054*[#   7]+0.054*[#   8]
    |psi|^2 = 0.737

 k =   0.1767766953 -0.1767766953  0.5303300859
==== e(   1) =    -3.68643 eV ==== 
     psi = 0.271*[#   1]+0.271*[#   5]+0.193*[#   2]+0.193*[#   6]+0.017*[#   3]
          +0.017*[#   4]+0.017*[#   7]+0.017*[#   8]
    |psi|^2 = 0.995
==== e(   2) =     1.46125 eV ==== 
     psi = 0.135*[#   1]+0.135*[#   3]+0.135*[#   4]+0.135*[#   5]+0.135*[#   7]
          +0.135*[#   8]+0.092*[#   2]+0.092*[#   6]
    |psi|^2 = 0.995
==== e(   3) =     5.88843 eV ==== 
     psi = 0.268*[#   2]+0.268*[#   6]+0.084*[#   3]+0.084*[#   4]+0.084*[#   7]
          +0.084*[#   8]+0.063*[#   1]+0.063*[#   5]
    |psi|^2 = 0.998
==== e(   4) =     7.66466 eV ==== 
     psi = 0.250*[#   3]+0.250*[#   4]+0.250*[#   7]+0.250*[#   8]
    |psi|^2 = 0.999
==== e(   5) =    20.08700 eV ==== 
     psi = 0.229*[#   2]+0.229*[#   6]+0.138*[#   1]+0.138*[#   5]+0.023*[#   3]
          +0.023*[#   4]+0.023*[#   7]+0.023*[#   8]
    |psi|^2 = 0.828
==== e(   6) =    25.61031 eV ==== 
     psi = 0.136*[#   1]+0.136*[#   5]+0.121*[#   2]+0.121*[#   6]+0.031*[#   3]
          +0.031*[#   4]+0.031*[#   7]+0.031*[#   8]
    |psi|^2 = 0.636
==== e(   7) =    27.21940 eV ==== 
     psi = 0.227*[#   3]+0.227*[#   4]+0.227*[#   7]+0.227*[#   8]
    |psi|^2 = 0.910
==== e(   8) =    27.88753 eV ==== 
     psi = 0.162*[#   1]+0.162*[#   5]+0.132*[#   3]+0.132*[#   4]+0.132*[#   7]
          +0.132*[#   8]+0.016*[#   2]+0.016*[#   6]
    |psi|^2 = 0.883

 k =   0.0883883476 -0.0883883476  0.4419417382
==== e(   1) =    -6.14505 eV ==== 
     psi = 0.274*[#   1]+0.274*[#   5]+0.208*[#   2]+0.208*[#   6]+0.007*[#   3]
          +0.007*[#   4]+0.007*[#   7]+0.007*[#   8]
    |psi|^2 = 0.993
==== e(   2) =     5.03806 eV ==== 
     psi = 0.150*[#   2]+0.150*[#   6]+0.121*[#   1]+0.121*[#   5]+0.114*[#   3]
          +0.114*[#   4]+0.114*[#   7]+0.114*[#   8]
    |psi|^2 = 0.997
==== e(   3) =     7.49417 eV ==== 
     psi = 0.216*[#   2]+0.216*[#   6]+0.115*[#   3]+0.115*[#   4]+0.115*[#   7]
          +0.115*[#   8]+0.052*[#   1]+0.052*[#   5]
    |psi|^2 = 0.998
==== e(   4) =     7.69620 eV ==== 
     psi = 0.250*[#   3]+0.250*[#   4]+0.250*[#   7]+0.250*[#   8]
    |psi|^2 = 0.998
==== e(   5) =    19.17822 eV ==== 
     psi = 0.264*[#   2]+0.264*[#   6]+0.167*[#   1]+0.167*[#   5]+0.015*[#   3]
          +0.015*[#   4]+0.015*[#   7]+0.015*[#   8]
    |psi|^2 = 0.923
==== e(   6) =    23.40018 eV ==== 
     psi = 0.179*[#   1]+0.179*[#   5]+0.089*[#   2]+0.089*[#   6]+0.012*[#   3]
          +0.012*[#   4]+0.012*[#   7]+0.012*[#   8]
    |psi|^2 = 0.582
==== e(   7) =    27.31577 eV ==== 
     psi = 0.234*[#   3]+0.234*[#   4]+0.234*[#   7]+0.234*[#   8]
    |psi|^2 = 0.935
==== e(   8) =    27.40571 eV ==== 
     psi = 0.201*[#   3]+0.201*[#   4]+0.201*[#   7]+0.201*[#   8]+0.063*[#   1]
          +0.063*[#   5]+0.003*[#   2]+0.003*[#   6]
    |psi|^2 = 0.934

 k =   0.0883883476  0.0883883476  0.4419417382
==== e(   1) =    -6.14522 eV ==== 
     psi = 0.274*[#   1]+0.274*[#   5]+0.208*[#   2]+0.208*[#   6]+0.007*[#   3]
          +0.007*[#   7]+0.007*[#   4]+0.007*[#   8]
    |psi|^2 = 0.993
==== e(   2) =     5.04926 eV ==== 
     psi = 0.148*[#   2]+0.148*[#   6]+0.120*[#   1]+0.120*[#   5]+0.115*[#   3]
          +0.115*[#   7]+0.115*[#   4]+0.115*[#   8]
    |psi|^2 = 0.997
==== e(   3) =     7.46034 eV ==== 
     psi = 0.217*[#   2]+0.217*[#   6]+0.121*[#   4]+0.121*[#   8]+0.109*[#   3]
          +0.109*[#   7]+0.052*[#   1]+0.052*[#   5]
    |psi|^2 = 0.998
==== e(   4) =     7.71678 eV ==== 
     psi = 0.255*[#   3]+0.255*[#   7]+0.244*[#   4]+0.244*[#   8]
    |psi|^2 = 0.998
==== e(   5) =    19.18929 eV ==== 
     psi = 0.264*[#   2]+0.264*[#   6]+0.167*[#   1]+0.167*[#   5]+0.016*[#   3]
          +0.016*[#   7]+0.015*[#   4]+0.015*[#   8]
    |psi|^2 = 0.923
==== e(   6) =    23.38970 eV ==== 
     psi = 0.178*[#   1]+0.177*[#   5]+0.088*[#   2]+0.088*[#   6]+0.013*[#   4]
          +0.013*[#   8]+0.012*[#   3]+0.012*[#   7]
    |psi|^2 = 0.582
==== e(   7) =    27.28391 eV ==== 
     psi = 0.235*[#   4]+0.235*[#   8]+0.233*[#   3]+0.233*[#   7]
    |psi|^2 = 0.936
==== e(   8) =    27.42723 eV ==== 
     psi = 0.201*[#   3]+0.201*[#   7]+0.199*[#   4]+0.199*[#   8]+0.065*[#   1]
          +0.065*[#   5]+0.003*[#   2]+0.003*[#   6]
    |psi|^2 = 0.936

 k =   0.0000000000  0.1767766953  0.3535533906
==== e(   1) =    -7.17123 eV ==== 
     psi = 0.294*[#   1]+0.294*[#   5]+0.164*[#   2]+0.164*[#   6]+0.037*[#   4]
          +0.037*[#   8]+0.002*[#   3]+0.002*[#   7]
    |psi|^2 = 0.993
==== e(   2) =     6.11449 eV ==== 
     psi = 0.149*[#   3]+0.149*[#   7]+0.133*[#   2]+0.133*[#   6]+0.115*[#   4]
          +0.115*[#   8]+0.101*[#   1]+0.101*[#   5]
    |psi|^2 = 0.997
==== e(   3) =     7.08156 eV ==== 
     psi = 0.290*[#   3]+0.290*[#   7]+0.129*[#   4]+0.129*[#   8]+0.049*[#   1]
          +0.049*[#   5]+0.031*[#   2]+0.031*[#   6]
    |psi|^2 = 0.996
==== e(   4) =     9.84752 eV ==== 
     psi = 0.244*[#   2]+0.244*[#   6]+0.201*[#   4]+0.201*[#   8]+0.035*[#   3]
          +0.035*[#   7]+0.019*[#   1]+0.019*[#   5]
    |psi|^2 = 0.997
==== e(   5) =    20.65581 eV ==== 
     psi = 0.293*[#   2]+0.293*[#   6]+0.103*[#   1]+0.103*[#   5]+0.057*[#   4]
          +0.057*[#   8]+0.021*[#   3]+0.021*[#   7]
    |psi|^2 = 0.947
==== e(   6) =    24.27502 eV ==== 
     psi = 0.266*[#   3]+0.266*[#   7]+0.136*[#   4]+0.136*[#   8]+0.018*[#   1]
          +0.018*[#   5]+0.009*[#   2]+0.009*[#   6]
    |psi|^2 = 0.857
==== e(   7) =    25.93852 eV ==== 
     psi = 0.262*[#   4]+0.262*[#   8]+0.168*[#   3]+0.168*[#   7]+0.039*[#   1]
          +0.039*[#   5]
    |psi|^2 = 0.938
==== e(   8) =    26.07809 eV ==== 
     psi = 0.246*[#   1]+0.246*[#   5]+0.062*[#   2]+0.062*[#   6]+0.017*[#   3]
          +0.017*[#   7]+0.008*[#   4]+0.008*[#   8]
    |psi|^2 = 0.665

 k =  -0.0883883476  0.2651650429  0.2651650429
==== e(   1) =    -7.32183 eV ==== 
     psi = 0.303*[#   1]+0.303*[#   5]+0.091*[#   2]+0.091*[#   4]+0.091*[#   6]
          +0.091*[#   8]+0.011*[#   3]+0.011*[#   7]
    |psi|^2 = 0.993
==== e(   2) =     4.82258 eV ==== 
     psi = 0.173*[#   3]+0.173*[#   7]+0.114*[#   1]+0.114*[#   5]+0.105*[#   2]
          +0.105*[#   4]+0.105*[#   6]+0.105*[#   8]
    |psi|^2 = 0.994
==== e(   3) =     8.26364 eV ==== 
     psi = 0.280*[#   3]+0.280*[#   7]+0.087*[#   2]+0.087*[#   4]+0.087*[#   6]
          +0.087*[#   8]+0.044*[#   1]+0.044*[#   5]
    |psi|^2 = 0.996
==== e(   4) =    10.90024 eV ==== 
     psi = 0.249*[#   2]+0.249*[#   4]+0.249*[#   6]+0.249*[#   8]
    |psi|^2 = 0.997
==== e(   5) =    22.24739 eV ==== 
     psi = 0.238*[#   2]+0.238*[#   4]+0.238*[#   6]+0.238*[#   8]
    |psi|^2 = 0.951
==== e(   6) =    22.88136 eV ==== 
     psi = 0.306*[#   3]+0.306*[#   7]+0.059*[#   1]+0.059*[#   5]+0.043*[#   2]
          +0.043*[#   4]+0.043*[#   6]+0.043*[#   8]
    |psi|^2 = 0.903
==== e(   7) =    23.90904 eV ==== 
     psi = 0.170*[#   1]+0.170*[#   5]+0.141*[#   3]+0.141*[#   7]+0.075*[#   2]
          +0.075*[#   4]+0.075*[#   6]+0.075*[#   8]
    |psi|^2 = 0.922
==== e(   8) =    28.73227 eV ==== 
     psi = 0.235*[#   1]+0.235*[#   5]+0.061*[#   2]+0.061*[#   4]+0.061*[#   6]
          +0.061*[#   8]+0.030*[#   3]+0.030*[#   7]
    |psi|^2 = 0.774

 k =  -0.1767766953  0.3535533906  0.1767766953
==== e(   1) =    -6.59073 eV ==== 
     psi = 0.294*[#   1]+0.294*[#   5]+0.140*[#   4]+0.140*[#   8]+0.031*[#   2]
          +0.031*[#   3]+0.031*[#   6]+0.031*[#   7]
    |psi|^2 = 0.993
==== e(   2) =     3.40409 eV ==== 
     psi = 0.142*[#   2]+0.142*[#   3]+0.142*[#   6]+0.142*[#   7]+0.126*[#   1]
          +0.126*[#   5]+0.086*[#   4]+0.086*[#   8]
    |psi|^2 = 0.994
==== e(   3) =     9.08083 eV ==== 
     psi = 0.249*[#   2]+0.249*[#   3]+0.249*[#   6]+0.249*[#   7]
    |psi|^2 = 0.998
==== e(   4) =     9.54787 eV ==== 
     psi = 0.325*[#   4]+0.325*[#   8]+0.067*[#   2]+0.067*[#   3]+0.067*[#   6]
          +0.067*[#   7]+0.040*[#   1]+0.040*[#   5]
    |psi|^2 = 0.997
==== e(   5) =    21.08990 eV ==== 
     psi = 0.300*[#   4]+0.300*[#   8]+0.081*[#   1]+0.081*[#   5]+0.036*[#   2]
          +0.036*[#   3]+0.036*[#   6]+0.036*[#   7]
    |psi|^2 = 0.906
==== e(   6) =    24.30934 eV ==== 
     psi = 0.229*[#   2]+0.229*[#   3]+0.229*[#   6]+0.229*[#   7]
    |psi|^2 = 0.915
==== e(   7) =    24.48946 eV ==== 
     psi = 0.193*[#   1]+0.193*[#   5]+0.134*[#   2]+0.134*[#   3]+0.134*[#   6]
          +0.134*[#   7]
    |psi|^2 = 0.921
==== e(   8) =    27.79079 eV ==== 
     psi = 0.161*[#   1]+0.161*[#   5]+0.082*[#   4]+0.082*[#   8]+0.037*[#   2]
          +0.037*[#   3]+0.037*[#   6]+0.037*[#   7]
    |psi|^2 = 0.635

 k =   0.4419417382 -0.2651650429  0.7954951288
==== e(   1) =    -4.96650 eV ==== 
     psi = 0.277*[#   1]+0.277*[#   5]+0.161*[#   4]+0.161*[#   8]+0.048*[#   3]
          +0.048*[#   7]+0.012*[#   2]+0.012*[#   6]
    |psi|^2 = 0.994
==== e(   2) =     2.54988 eV ==== 
     psi = 0.184*[#   2]+0.184*[#   6]+0.127*[#   1]+0.127*[#   5]+0.105*[#   3]
          +0.105*[#   7]+0.082*[#   4]+0.082*[#   8]
    |psi|^2 = 0.995
==== e(   3) =     6.26943 eV ==== 
     psi = 0.256*[#   2]+0.256*[#   6]+0.090*[#   4]+0.090*[#   8]+0.090*[#   3]
          +0.090*[#   7]+0.063*[#   1]+0.063*[#   5]
    |psi|^2 = 0.997
==== e(   4) =     8.58426 eV ==== 
     psi = 0.223*[#   4]+0.223*[#   8]+0.222*[#   3]+0.222*[#   7]+0.042*[#   2]
          +0.042*[#   6]+0.011*[#   1]+0.011*[#   5]
    |psi|^2 = 0.997
==== e(   5) =    22.06657 eV ==== 
     psi = 0.248*[#   4]+0.248*[#   8]+0.076*[#   3]+0.076*[#   7]+0.070*[#   1]
          +0.070*[#   5]+0.034*[#   2]+0.034*[#   6]
    |psi|^2 = 0.855
==== e(   6) =    23.81676 eV ==== 
     psi = 0.202*[#   2]+0.202*[#   6]+0.126*[#   3]+0.126*[#   7]+0.063*[#   1]
          +0.063*[#   5]+0.019*[#   4]+0.019*[#   8]
    |psi|^2 = 0.820
==== e(   7) =    26.88722 eV ==== 
     psi = 0.229*[#   1]+0.229*[#   5]+0.088*[#   4]+0.088*[#   8]+0.079*[#   3]
          +0.079*[#   7]+0.022*[#   2]+0.022*[#   6]
    |psi|^2 = 0.835
==== e(   8) =    27.71814 eV ==== 
     psi = 0.165*[#   2]+0.165*[#   6]+0.160*[#   3]+0.160*[#   7]+0.069*[#   1]
          +0.069*[#   5]+0.010*[#   4]+0.010*[#   8]
    |psi|^2 = 0.808

 k =   0.3535533906 -0.1767766953  0.7071067812
==== e(   1) =    -2.67103 eV ==== 
     psi = 0.270*[#   1]+0.270*[#   5]+0.152*[#   4]+0.152*[#   8]+0.045*[#   3]
          +0.045*[#   7]+0.031*[#   2]+0.031*[#   6]
    |psi|^2 = 0.997
==== e(   2) =     1.83088 eV ==== 
     psi = 0.208*[#   2]+0.208*[#   6]+0.173*[#   1]+0.173*[#   5]+0.076*[#   4]
          +0.076*[#   8]+0.042*[#   3]+0.042*[#   7]
    |psi|^2 = 0.998
==== e(   3) =     3.63612 eV ==== 
     psi = 0.251*[#   2]+0.251*[#   6]+0.138*[#   3]+0.138*[#   7]+0.073*[#   4]
          +0.073*[#   8]+0.035*[#   1]+0.035*[#   5]
    |psi|^2 = 0.996
==== e(   4) =     7.10866 eV ==== 
     psi = 0.245*[#   4]+0.245*[#   8]+0.209*[#   3]+0.209*[#   7]+0.035*[#   2]
          +0.035*[#   6]+0.010*[#   1]+0.010*[#   5]
    |psi|^2 = 0.998
==== e(   5) =    22.42062 eV ==== 
     psi = 0.190*[#   2]+0.190*[#   6]+0.114*[#   3]+0.114*[#   7]+0.060*[#   1]
          +0.059*[#   5]+0.008*[#   4]+0.008*[#   8]
    |psi|^2 = 0.743
==== e(   6) =    25.02475 eV ==== 
     psi = 0.235*[#   4]+0.235*[#   8]+0.125*[#   3]+0.125*[#   7]+0.052*[#   1]
          +0.052*[#   5]+0.005*[#   2]+0.005*[#   6]
    |psi|^2 = 0.833
==== e(   7) =    27.54206 eV ==== 
     psi = 0.226*[#   1]+0.226*[#   5]+0.112*[#   4]+0.112*[#   8]+0.041*[#   3]
          +0.041*[#   7]+0.021*[#   2]+0.021*[#   6]
    |psi|^2 = 0.800
==== e(   8) =    29.15501 eV ==== 
     psi = 0.202*[#   2]+0.202*[#   6]+0.135*[#   1]+0.135*[#   5]+0.117*[#   3]
          +0.117*[#   7]+0.008*[#   4]+0.008*[#   8]
    |psi|^2 = 0.923

 k =   0.2651650429 -0.0883883476  0.6187184335
==== e(   1) =    -1.79432 eV ==== 
     psi = 0.266*[#   1]+0.266*[#   5]+0.185*[#   2]+0.185*[#   6]+0.034*[#   4]
          +0.034*[#   8]+0.013*[#   3]+0.013*[#   7]
    |psi|^2 = 0.997
==== e(   2) =     0.98858 eV ==== 
     psi = 0.172*[#   1]+0.172*[#   5]+0.139*[#   2]+0.139*[#   6]+0.129*[#   4]
          +0.129*[#   8]+0.058*[#   3]+0.058*[#   7]
    |psi|^2 = 0.997
==== e(   3) =     4.11465 eV ==== 
     psi = 0.181*[#   2]+0.181*[#   6]+0.144*[#   4]+0.144*[#   8]+0.134*[#   3]
          +0.134*[#   7]+0.039*[#   1]+0.039*[#   5]
    |psi|^2 = 0.997
==== e(   4) =     6.17076 eV ==== 
     psi = 0.223*[#   3]+0.223*[#   7]+0.215*[#   4]+0.215*[#   8]+0.055*[#   2]
          +0.055*[#   6]+0.006*[#   1]+0.006*[#   5]
    |psi|^2 = 0.998
==== e(   5) =    21.55961 eV ==== 
     psi = 0.188*[#   2]+0.188*[#   6]+0.111*[#   1]+0.111*[#   5]+0.079*[#   3]
          +0.079*[#   7]+0.005*[#   4]+0.005*[#   8]
    |psi|^2 = 0.767
==== e(   6) =    25.03985 eV ==== 
     psi = 0.117*[#   3]+0.117*[#   7]+0.116*[#   2]+0.116*[#   6]+0.070*[#   1]
          +0.070*[#   5]+0.014*[#   4]+0.014*[#   8]
    |psi|^2 = 0.633
==== e(   7) =    27.00617 eV ==== 
     psi = 0.203*[#   4]+0.203*[#   8]+0.166*[#   1]+0.166*[#   5]+0.052*[#   3]
          +0.052*[#   7]+0.041*[#   2]+0.041*[#   6]
    |psi|^2 = 0.923
==== e(   8) =    29.58916 eV ==== 
     psi = 0.195*[#   4]+0.195*[#   8]+0.151*[#   3]+0.151*[#   7]+0.107*[#   1]
          +0.107*[#   5]+0.004*[#   2]+0.004*[#   6]
    |psi|^2 = 0.913

 k =   0.1767766953  0.0000000000  0.5303300859
==== e(   1) =    -4.23088 eV ==== 
     psi = 0.256*[#   1]+0.256*[#   5]+0.220*[#   2]+0.220*[#   6]+0.016*[#   3]
          +0.016*[#   7]+0.005*[#   4]+0.005*[#   8]
    |psi|^2 = 0.994
==== e(   2) =     3.40059 eV ==== 
     psi = 0.205*[#   2]+0.205*[#   6]+0.174*[#   1]+0.174*[#   5]+0.092*[#   4]
          +0.092*[#   8]+0.028*[#   3]+0.028*[#   7]
    |psi|^2 = 0.998
==== e(   3) =     5.52101 eV ==== 
     psi = 0.267*[#   4]+0.267*[#   8]+0.177*[#   3]+0.177*[#   7]+0.032*[#   1]
          +0.032*[#   5]+0.024*[#   2]+0.024*[#   6]
    |psi|^2 = 0.997
==== e(   4) =     6.66073 eV ==== 
     psi = 0.230*[#   3]+0.230*[#   7]+0.136*[#   4]+0.136*[#   8]+0.128*[#   2]
          +0.128*[#   6]+0.005*[#   1]+0.005*[#   5]
    |psi|^2 = 0.998
==== e(   5) =    20.35675 eV ==== 
     psi = 0.234*[#   2]+0.234*[#   6]+0.151*[#   1]+0.151*[#   5]+0.045*[#   3]
          +0.045*[#   7]+0.010*[#   4]+0.010*[#   8]
    |psi|^2 = 0.880
==== e(   6) =    22.60273 eV ==== 
     psi = 0.152*[#   1]+0.151*[#   5]+0.103*[#   2]+0.103*[#   6]+0.050*[#   3]
          +0.050*[#   7]+0.002*[#   4]+0.002*[#   8]
    |psi|^2 = 0.614
==== e(   7) =    27.47615 eV ==== 
     psi = 0.233*[#   4]+0.233*[#   8]+0.125*[#   3]+0.125*[#   7]+0.090*[#   1]
          +0.090*[#   5]+0.007*[#   2]+0.007*[#   6]
    |psi|^2 = 0.910
==== e(   8) =    29.79322 eV ==== 
     psi = 0.248*[#   3]+0.248*[#   7]+0.205*[#   4]+0.205*[#   8]+0.028*[#   1]
          +0.028*[#   5]
    |psi|^2 = 0.962

 k =  -0.5303300859 -0.5303300859 -0.1767766953
==== e(   1) =    -3.68726 eV ==== 
     psi = 0.271*[#   1]+0.271*[#   5]+0.193*[#   2]+0.193*[#   6]+0.017*[#   3]
          +0.017*[#   7]+0.017*[#   4]+0.017*[#   8]
    |psi|^2 = 0.995
==== e(   2) =     1.46758 eV ==== 
     psi = 0.136*[#   3]+0.136*[#   7]+0.136*[#   4]+0.136*[#   8]+0.135*[#   1]
          +0.135*[#   5]+0.091*[#   2]+0.091*[#   6]
    |psi|^2 = 0.995
==== e(   3) =     5.86231 eV ==== 
     psi = 0.269*[#   2]+0.269*[#   6]+0.085*[#   4]+0.085*[#   8]+0.082*[#   3]
          +0.082*[#   7]+0.063*[#   1]+0.063*[#   5]
    |psi|^2 = 0.998
==== e(   4) =     7.68608 eV ==== 
     psi = 0.251*[#   3]+0.251*[#   7]+0.249*[#   4]+0.249*[#   8]
    |psi|^2 = 0.999
==== e(   5) =    20.10557 eV ==== 
     psi = 0.230*[#   2]+0.230*[#   6]+0.138*[#   1]+0.138*[#   5]+0.024*[#   3]
          +0.024*[#   7]+0.022*[#   4]+0.022*[#   8]
    |psi|^2 = 0.826
==== e(   6) =    25.58986 eV ==== 
     psi = 0.134*[#   1]+0.134*[#   5]+0.119*[#   2]+0.119*[#   6]+0.032*[#   4]
          +0.032*[#   8]+0.032*[#   3]+0.032*[#   7]
    |psi|^2 = 0.633
==== e(   7) =    27.17699 eV ==== 
     psi = 0.228*[#   4]+0.228*[#   8]+0.227*[#   3]+0.227*[#   7]
    |psi|^2 = 0.911
==== e(   8) =    27.90645 eV ==== 
     psi = 0.165*[#   1]+0.165*[#   5]+0.131*[#   3]+0.131*[#   7]+0.130*[#   4]
          +0.130*[#   8]+0.018*[#   2]+0.018*[#   6]
    |psi|^2 = 0.889

 k =  -0.6187184335 -0.4419417382 -0.2651650429
==== e(   1) =    -4.96548 eV ==== 
     psi = 0.277*[#   1]+0.277*[#   5]+0.161*[#   2]+0.161*[#   6]+0.048*[#   4]
          +0.048*[#   8]+0.012*[#   3]+0.012*[#   7]
    |psi|^2 = 0.994
==== e(   2) =     2.53291 eV ==== 
     psi = 0.184*[#   3]+0.184*[#   7]+0.127*[#   1]+0.127*[#   5]+0.105*[#   4]
          +0.105*[#   8]+0.082*[#   2]+0.082*[#   6]
    |psi|^2 = 0.995
==== e(   3) =     6.29029 eV ==== 
     psi = 0.255*[#   3]+0.255*[#   7]+0.091*[#   2]+0.091*[#   6]+0.090*[#   4]
          +0.090*[#   8]+0.063*[#   1]+0.063*[#   5]
    |psi|^2 = 0.997
==== e(   4) =     8.57951 eV ==== 
     psi = 0.223*[#   2]+0.223*[#   6]+0.222*[#   4]+0.222*[#   8]+0.042*[#   3]
          +0.042*[#   7]+0.011*[#   1]+0.011*[#   5]
    |psi|^2 = 0.997
==== e(   5) =    22.07398 eV ==== 
     psi = 0.247*[#   2]+0.247*[#   6]+0.075*[#   4]+0.075*[#   8]+0.068*[#   1]
          +0.068*[#   5]+0.036*[#   3]+0.036*[#   7]
    |psi|^2 = 0.854
==== e(   6) =    23.82550 eV ==== 
     psi = 0.200*[#   3]+0.200*[#   7]+0.126*[#   4]+0.126*[#   8]+0.063*[#   1]
          +0.063*[#   5]+0.020*[#   2]+0.020*[#   6]
    |psi|^2 = 0.820
==== e(   7) =    26.87275 eV ==== 
     psi = 0.229*[#   1]+0.229*[#   5]+0.086*[#   2]+0.086*[#   6]+0.081*[#   4]
          +0.081*[#   8]+0.023*[#   3]+0.023*[#   7]
    |psi|^2 = 0.838
==== e(   8) =    27.72986 eV ==== 
     psi = 0.164*[#   3]+0.164*[#   7]+0.158*[#   4]+0.158*[#   8]+0.069*[#   1]
          +0.069*[#   5]+0.010*[#   2]+0.010*[#   6]
    |psi|^2 = 0.803

 k =  -0.7071067812 -0.3535533906 -0.3535533906
==== e(   1) =    -5.39090 eV ==== 
     psi = 0.279*[#   1]+0.279*[#   5]+0.105*[#   2]+0.105*[#   4]+0.105*[#   6]
          +0.105*[#   8]+0.009*[#   3]+0.009*[#   7]
    |psi|^2 = 0.994
==== e(   2) =     3.72736 eV ==== 
     psi = 0.194*[#   3]+0.194*[#   7]+0.131*[#   1]+0.131*[#   5]+0.087*[#   2]
          +0.087*[#   4]+0.087*[#   6]+0.087*[#   8]
    |psi|^2 = 0.998
==== e(   3) =     4.92982 eV ==== 
     psi = 0.274*[#   3]+0.274*[#   7]+0.079*[#   2]+0.079*[#   4]+0.079*[#   6]
          +0.079*[#   8]+0.066*[#   1]+0.066*[#   5]
    |psi|^2 = 0.995
==== e(   4) =     9.67015 eV ==== 
     psi = 0.249*[#   2]+0.249*[#   4]+0.249*[#   6]+0.249*[#   8]
    |psi|^2 = 0.998
==== e(   5) =    22.05848 eV ==== 
     psi = 0.251*[#   3]+0.251*[#   7]+0.075*[#   1]+0.075*[#   5]+0.043*[#   2]
          +0.043*[#   4]+0.043*[#   6]+0.043*[#   8]
    |psi|^2 = 0.824
==== e(   6) =    24.26221 eV ==== 
     psi = 0.239*[#   2]+0.239*[#   4]+0.239*[#   6]+0.239*[#   8]
    |psi|^2 = 0.955
==== e(   7) =    26.72951 eV ==== 
     psi = 0.177*[#   3]+0.177*[#   7]+0.125*[#   1]+0.125*[#   5]+0.061*[#   2]
          +0.061*[#   4]+0.061*[#   6]+0.061*[#   8]
    |psi|^2 = 0.851
==== e(   8) =    28.53515 eV ==== 
     psi = 0.266*[#   1]+0.266*[#   5]+0.069*[#   2]+0.069*[#   4]+0.069*[#   6]
          +0.069*[#   8]+0.007*[#   3]+0.007*[#   7]
    |psi|^2 = 0.820

 k =  -0.7954951288 -0.2651650429 -0.4419417382
==== e(   1) =    -4.96650 eV ==== 
     psi = 0.277*[#   1]+0.277*[#   5]+0.161*[#   4]+0.161*[#   8]+0.048*[#   2]
          +0.048*[#   6]+0.012*[#   3]+0.012*[#   7]
    |psi|^2 = 0.994
==== e(   2) =     2.54988 eV ==== 
     psi = 0.184*[#   3]+0.184*[#   7]+0.127*[#   1]+0.127*[#   5]+0.105*[#   2]
          +0.105*[#   6]+0.082*[#   4]+0.082*[#   8]
    |psi|^2 = 0.995
==== e(   3) =     6.26943 eV ==== 
     psi = 0.256*[#   3]+0.256*[#   7]+0.090*[#   4]+0.090*[#   8]+0.090*[#   2]
          +0.090*[#   6]+0.063*[#   1]+0.063*[#   5]
    |psi|^2 = 0.997
==== e(   4) =     8.58426 eV ==== 
     psi = 0.223*[#   4]+0.223*[#   8]+0.222*[#   2]+0.222*[#   6]+0.042*[#   3]
          +0.042*[#   7]+0.011*[#   1]+0.011*[#   5]
    |psi|^2 = 0.997
==== e(   5) =    22.06657 eV ==== 
     psi = 0.248*[#   4]+0.248*[#   8]+0.076*[#   2]+0.076*[#   6]+0.070*[#   1]
          +0.070*[#   5]+0.034*[#   3]+0.034*[#   7]
    |psi|^2 = 0.855
==== e(   6) =    23.81676 eV ==== 
     psi = 0.202*[#   3]+0.202*[#   7]+0.126*[#   2]+0.126*[#   6]+0.063*[#   1]
          +0.063*[#   5]+0.019*[#   4]+0.019*[#   8]
    |psi|^2 = 0.820
==== e(   7) =    26.88722 eV ==== 
     psi = 0.229*[#   1]+0.229*[#   5]+0.088*[#   4]+0.088*[#   8]+0.079*[#   2]
          +0.079*[#   6]+0.022*[#   3]+0.022*[#   7]
    |psi|^2 = 0.835
==== e(   8) =    27.71814 eV ==== 
     psi = 0.165*[#   3]+0.165*[#   7]+0.160*[#   2]+0.160*[#   6]+0.069*[#   1]
          +0.069*[#   5]+0.010*[#   4]+0.010*[#   8]
    |psi|^2 = 0.808

 k =  -0.1767766953 -0.8838834765  0.1767766953
==== e(   1) =    -3.69041 eV ==== 
     psi = 0.272*[#   1]+0.272*[#   5]+0.193*[#   4]+0.193*[#   8]+0.016*[#   2]
          +0.016*[#   3]+0.016*[#   6]+0.016*[#   7]
    |psi|^2 = 0.995
==== e(   2) =     1.48693 eV ==== 
     psi = 0.136*[#   2]+0.136*[#   3]+0.136*[#   6]+0.136*[#   7]+0.134*[#   1]
          +0.134*[#   5]+0.091*[#   4]+0.091*[#   8]
    |psi|^2 = 0.995
==== e(   3) =     5.85999 eV ==== 
     psi = 0.269*[#   4]+0.269*[#   8]+0.083*[#   2]+0.083*[#   3]+0.083*[#   6]
          +0.083*[#   7]+0.063*[#   1]+0.063*[#   5]
    |psi|^2 = 0.998
==== e(   4) =     7.66926 eV ==== 
     psi = 0.250*[#   2]+0.250*[#   3]+0.250*[#   6]+0.250*[#   7]
    |psi|^2 = 0.999
==== e(   5) =    20.09288 eV ==== 
     psi = 0.229*[#   4]+0.229*[#   8]+0.139*[#   1]+0.139*[#   5]+0.023*[#   2]
          +0.023*[#   3]+0.023*[#   6]+0.023*[#   7]
    |psi|^2 = 0.827
==== e(   6) =    25.59550 eV ==== 
     psi = 0.132*[#   1]+0.132*[#   5]+0.120*[#   4]+0.120*[#   8]+0.032*[#   2]
          +0.032*[#   3]+0.032*[#   6]+0.032*[#   7]
    |psi|^2 = 0.632
==== e(   7) =    27.18848 eV ==== 
     psi = 0.228*[#   2]+0.228*[#   3]+0.228*[#   6]+0.228*[#   7]
    |psi|^2 = 0.910
==== e(   8) =    27.89788 eV ==== 
     psi = 0.167*[#   1]+0.167*[#   5]+0.130*[#   2]+0.130*[#   3]+0.130*[#   6]
          +0.130*[#   7]+0.019*[#   4]+0.019*[#   8]
    |psi|^2 = 0.892

 k =  -0.2651650429 -0.7954951288  0.0883883476
==== e(   1) =    -1.80311 eV ==== 
     psi = 0.267*[#   1]+0.267*[#   5]+0.185*[#   4]+0.185*[#   8]+0.034*[#   2]
          +0.034*[#   6]+0.013*[#   3]+0.013*[#   7]
    |psi|^2 = 0.997
==== e(   2) =     1.01736 eV ==== 
     psi = 0.172*[#   1]+0.172*[#   5]+0.140*[#   4]+0.140*[#   8]+0.129*[#   2]
          +0.129*[#   6]+0.058*[#   3]+0.058*[#   7]
    |psi|^2 = 0.997
==== e(   3) =     4.09311 eV ==== 
     psi = 0.181*[#   4]+0.181*[#   8]+0.143*[#   2]+0.143*[#   6]+0.135*[#   3]
          +0.135*[#   7]+0.039*[#   1]+0.039*[#   5]
    |psi|^2 = 0.997
==== e(   4) =     6.17109 eV ==== 
     psi = 0.223*[#   3]+0.223*[#   7]+0.216*[#   2]+0.216*[#   6]+0.054*[#   4]
          +0.054*[#   8]+0.006*[#   1]+0.006*[#   5]
    |psi|^2 = 0.998
==== e(   5) =    21.56552 eV ==== 
     psi = 0.188*[#   4]+0.188*[#   8]+0.112*[#   1]+0.112*[#   5]+0.079*[#   3]
          +0.079*[#   7]+0.005*[#   2]+0.005*[#   6]
    |psi|^2 = 0.767
==== e(   6) =    25.01617 eV ==== 
     psi = 0.118*[#   3]+0.118*[#   7]+0.114*[#   4]+0.114*[#   8]+0.069*[#   1]
          +0.069*[#   5]+0.016*[#   2]+0.016*[#   6]
    |psi|^2 = 0.635
==== e(   7) =    27.01667 eV ==== 
     psi = 0.201*[#   2]+0.201*[#   6]+0.168*[#   1]+0.168*[#   5]+0.050*[#   3]
          +0.050*[#   7]+0.043*[#   4]+0.043*[#   8]
    |psi|^2 = 0.925
==== e(   8) =    29.58584 eV ==== 
     psi = 0.194*[#   2]+0.194*[#   6]+0.153*[#   3]+0.153*[#   7]+0.107*[#   1]
          +0.107*[#   5]+0.003*[#   4]+0.003*[#   8]
    |psi|^2 = 0.913

 k =  -0.3535533906 -0.7071067812  0.0000000000
==== e(   1) =     0.07960 eV ==== 
     psi = 0.247*[#   5]+0.247*[#   1]+0.126*[#   2]+0.126*[#   4]+0.126*[#   6]
          +0.126*[#   8]
    |psi|^2 = 0.998
==== e(   2) =     0.09791 eV ==== 
     psi = 0.247*[#   1]+0.246*[#   5]+0.126*[#   2]+0.126*[#   4]+0.126*[#   6]
          +0.126*[#   8]
    |psi|^2 = 0.998
==== e(   3) =     4.14879 eV ==== 
     psi = 0.202*[#   7]+0.201*[#   3]+0.149*[#   2]+0.149*[#   4]+0.148*[#   6]
          +0.148*[#   8]
    |psi|^2 = 0.998
==== e(   4) =     4.16842 eV ==== 
     psi = 0.203*[#   3]+0.201*[#   7]+0.149*[#   6]+0.149*[#   8]+0.148*[#   2]
          +0.148*[#   4]
    |psi|^2 = 0.998
==== e(   5) =    24.67101 eV ==== 
     psi = 0.174*[#   7]+0.172*[#   3]+0.063*[#   2]+0.063*[#   4]+0.062*[#   6]
          +0.062*[#   8]
    |psi|^2 = 0.596
==== e(   6) =    24.71231 eV ==== 
     psi = 0.172*[#   3]+0.171*[#   7]+0.063*[#   6]+0.063*[#   8]+0.062*[#   2]
          +0.062*[#   4]
    |psi|^2 = 0.592
==== e(   7) =    26.78163 eV ==== 
     psi = 0.234*[#   1]+0.234*[#   5]+0.118*[#   2]+0.118*[#   4]+0.118*[#   6]
          +0.118*[#   8]
    |psi|^2 = 0.940
==== e(   8) =    26.79862 eV ==== 
     psi = 0.234*[#   5]+0.234*[#   1]+0.118*[#   2]+0.118*[#   4]+0.118*[#   6]
          +0.118*[#   8]
    |psi|^2 = 0.940

 k =  -0.4419417382 -0.6187184335 -0.0883883476
==== e(   1) =    -1.79432 eV ==== 
     psi = 0.266*[#   1]+0.266*[#   5]+0.185*[#   2]+0.185*[#   6]+0.034*[#   4]
          +0.034*[#   8]+0.013*[#   3]+0.013*[#   7]
    |psi|^2 = 0.997
==== e(   2) =     0.99409 eV ==== 
     psi = 0.173*[#   1]+0.173*[#   5]+0.138*[#   2]+0.138*[#   6]+0.129*[#   4]
          +0.129*[#   8]+0.059*[#   3]+0.059*[#   7]
    |psi|^2 = 0.997
==== e(   3) =     4.08685 eV ==== 
     psi = 0.181*[#   2]+0.181*[#   6]+0.144*[#   4]+0.144*[#   8]+0.134*[#   3]
          +0.134*[#   7]+0.039*[#   1]+0.039*[#   5]
    |psi|^2 = 0.997
==== e(   4) =     6.19469 eV ==== 
     psi = 0.223*[#   3]+0.223*[#   7]+0.215*[#   4]+0.215*[#   8]+0.055*[#   2]
          +0.055*[#   6]+0.006*[#   1]+0.006*[#   5]
    |psi|^2 = 0.998
==== e(   5) =    21.58091 eV ==== 
     psi = 0.189*[#   2]+0.189*[#   6]+0.111*[#   1]+0.111*[#   5]+0.079*[#   3]
          +0.079*[#   7]+0.004*[#   4]+0.004*[#   8]
    |psi|^2 = 0.766
==== e(   6) =    25.00599 eV ==== 
     psi = 0.119*[#   3]+0.119*[#   7]+0.114*[#   2]+0.114*[#   6]+0.069*[#   1]
          +0.069*[#   5]+0.015*[#   4]+0.015*[#   8]
    |psi|^2 = 0.634
==== e(   7) =    27.00774 eV ==== 
     psi = 0.203*[#   4]+0.203*[#   8]+0.166*[#   1]+0.166*[#   5]+0.051*[#   3]
          +0.051*[#   7]+0.042*[#   2]+0.042*[#   6]
    |psi|^2 = 0.924
==== e(   8) =    29.58971 eV ==== 
     psi = 0.193*[#   4]+0.193*[#   8]+0.151*[#   3]+0.151*[#   7]+0.108*[#   1]
          +0.108*[#   5]+0.004*[#   2]+0.004*[#   6]
    |psi|^2 = 0.913

 k =  -0.4419417382 -0.4419417382 -0.0883883476
==== e(   1) =    -2.91467 eV ==== 
     psi = 0.294*[#   1]+0.294*[#   5]+0.082*[#   3]+0.082*[#   7]+0.082*[#   4]
          +0.082*[#   8]+0.041*[#   2]+0.041*[#   6]
    |psi|^2 = 0.997
==== e(   2) =     0.62961 eV ==== 
     psi = 0.204*[#   2]+0.204*[#   6]+0.116*[#   1]+0.116*[#   5]+0.089*[#   3]
          +0.089*[#   7]+0.088*[#   4]+0.088*[#   8]
    |psi|^2 = 0.994
==== e(   3) =     4.76150 eV ==== 
     psi = 0.271*[#   2]+0.271*[#   6]+0.081*[#   4]+0.081*[#   8]+0.080*[#   3]
          +0.080*[#   7]+0.068*[#   1]+0.068*[#   5]
    |psi|^2 = 0.998
==== e(   4) =     8.41725 eV ==== 
     psi = 0.250*[#   3]+0.250*[#   7]+0.249*[#   4]+0.249*[#   8]
    |psi|^2 = 0.998
==== e(   5) =    20.90877 eV ==== 
     psi = 0.227*[#   2]+0.227*[#   6]+0.103*[#   1]+0.103*[#   5]+0.035*[#   3]
          +0.035*[#   7]+0.034*[#   4]+0.034*[#   8]
    |psi|^2 = 0.797
==== e(   6) =    26.08883 eV ==== 
     psi = 0.232*[#   4]+0.232*[#   8]+0.232*[#   3]+0.232*[#   7]
    |psi|^2 = 0.929
==== e(   7) =    27.86327 eV ==== 
     psi = 0.213*[#   1]+0.213*[#   5]+0.076*[#   3]+0.076*[#   7]+0.076*[#   4]
          +0.076*[#   8]+0.066*[#   2]+0.066*[#   6]
    |psi|^2 = 0.865
==== e(   8) =    29.30771 eV ==== 
     psi = 0.134*[#   1]+0.134*[#   5]+0.131*[#   2]+0.131*[#   6]+0.054*[#   4]
          +0.054*[#   8]+0.053*[#   3]+0.053*[#   7]
    |psi|^2 = 0.744

 k =  -0.5303300859 -0.3535533906 -0.1767766953
==== e(   1) =    -2.81988 eV ==== 
     psi = 0.325*[#   1]+0.325*[#   5]+0.074*[#   3]+0.074*[#   7]+0.073*[#   2]
          +0.073*[#   6]+0.027*[#   4]+0.027*[#   8]
    |psi|^2 = 0.999
==== e(   2) =    -0.21511 eV ==== 
     psi = 0.143*[#   3]+0.143*[#   7]+0.142*[#   2]+0.142*[#   6]+0.126*[#   4]
          +0.126*[#   8]+0.084*[#   1]+0.084*[#   5]
    |psi|^2 = 0.991
==== e(   3) =     6.26053 eV ==== 
     psi = 0.193*[#   2]+0.193*[#   6]+0.188*[#   3]+0.188*[#   7]+0.070*[#   1]
          +0.070*[#   5]+0.048*[#   4]+0.048*[#   8]
    |psi|^2 = 0.998
==== e(   4) =     7.90145 eV ==== 
     psi = 0.257*[#   4]+0.257*[#   8]+0.122*[#   3]+0.122*[#   7]+0.118*[#   2]
          +0.118*[#   6]+0.003*[#   1]+0.003*[#   5]
    |psi|^2 = 0.998
==== e(   5) =    22.34125 eV ==== 
     psi = 0.137*[#   3]+0.137*[#   7]+0.132*[#   2]+0.132*[#   6]+0.096*[#   4]
          +0.096*[#   8]+0.016*[#   1]+0.016*[#   5]
    |psi|^2 = 0.763
==== e(   6) =    23.72823 eV ==== 
     psi = 0.154*[#   1]+0.154*[#   5]+0.099*[#   2]+0.099*[#   6]+0.093*[#   3]
          +0.093*[#   7]+0.091*[#   4]+0.091*[#   8]
    |psi|^2 = 0.873
==== e(   7) =    27.63731 eV ==== 
     psi = 0.206*[#   4]+0.206*[#   8]+0.154*[#   1]+0.154*[#   5]+0.059*[#   3]
          +0.059*[#   7]+0.056*[#   2]+0.056*[#   6]
    |psi|^2 = 0.953
==== e(   8) =    29.40141 eV ==== 
     psi = 0.134*[#   1]+0.134*[#   5]+0.113*[#   2]+0.113*[#   6]+0.110*[#   3]
          +0.110*[#   7]+0.038*[#   4]+0.038*[#   8]
    |psi|^2 = 0.790

 k =  -0.6187184335 -0.2651650429 -0.2651650429
==== e(   1) =    -2.91659 eV ==== 
     psi = 0.294*[#   1]+0.294*[#   5]+0.082*[#   2]+0.082*[#   4]+0.082*[#   6]
          +0.082*[#   8]+0.041*[#   3]+0.041*[#   7]
    |psi|^2 = 0.997
==== e(   2) =     0.63192 eV ==== 
     psi = 0.205*[#   3]+0.205*[#   7]+0.115*[#   1]+0.115*[#   5]+0.088*[#   2]
          +0.088*[#   4]+0.088*[#   6]+0.088*[#   8]
    |psi|^2 = 0.994
==== e(   3) =     4.78014 eV ==== 
     psi = 0.270*[#   3]+0.270*[#   7]+0.081*[#   2]+0.081*[#   4]+0.081*[#   6]
          +0.081*[#   8]+0.067*[#   1]+0.067*[#   5]
    |psi|^2 = 0.998
==== e(   4) =     8.39347 eV ==== 
     psi = 0.250*[#   2]+0.250*[#   4]+0.250*[#   6]+0.250*[#   8]
    |psi|^2 = 0.998
==== e(   5) =    20.89123 eV ==== 
     psi = 0.226*[#   3]+0.226*[#   7]+0.103*[#   1]+0.103*[#   5]+0.035*[#   2]
          +0.035*[#   4]+0.035*[#   6]+0.035*[#   8]
    |psi|^2 = 0.799
==== e(   6) =    26.13348 eV ==== 
     psi = 0.232*[#   2]+0.232*[#   4]+0.232*[#   6]+0.232*[#   8]
    |psi|^2 = 0.928
==== e(   7) =    27.83739 eV ==== 
     psi = 0.214*[#   1]+0.214*[#   5]+0.076*[#   2]+0.076*[#   4]+0.076*[#   6]
          +0.076*[#   8]+0.071*[#   3]+0.071*[#   7]
    |psi|^2 = 0.874
==== e(   8) =    29.33397 eV ==== 
     psi = 0.133*[#   1]+0.133*[#   5]+0.127*[#   3]+0.127*[#   7]+0.054*[#   2]
          +0.054*[#   4]+0.054*[#   6]+0.054*[#   8]
    |psi|^2 = 0.737

 k =  -0.7071067812 -0.1767766953 -0.3535533906
==== e(   1) =    -2.67103 eV ==== 
     psi = 0.270*[#   1]+0.270*[#   5]+0.152*[#   4]+0.152*[#   8]+0.045*[#   2]
          +0.045*[#   6]+0.031*[#   3]+0.031*[#   7]
    |psi|^2 = 0.997
==== e(   2) =     1.83088 eV ==== 
     psi = 0.208*[#   3]+0.208*[#   7]+0.173*[#   1]+0.173*[#   5]+0.076*[#   4]
          +0.076*[#   8]+0.042*[#   2]+0.042*[#   6]
    |psi|^2 = 0.998
==== e(   3) =     3.63612 eV ==== 
     psi = 0.251*[#   3]+0.251*[#   7]+0.138*[#   2]+0.138*[#   6]+0.073*[#   4]
          +0.073*[#   8]+0.035*[#   1]+0.035*[#   5]
    |psi|^2 = 0.996
==== e(   4) =     7.10866 eV ==== 
     psi = 0.245*[#   4]+0.245*[#   8]+0.209*[#   2]+0.209*[#   6]+0.035*[#   3]
          +0.035*[#   7]+0.010*[#   1]+0.010*[#   5]
    |psi|^2 = 0.998
==== e(   5) =    22.42062 eV ==== 
     psi = 0.190*[#   3]+0.190*[#   7]+0.114*[#   2]+0.114*[#   6]+0.060*[#   1]
          +0.059*[#   5]+0.008*[#   4]+0.008*[#   8]
    |psi|^2 = 0.743
==== e(   6) =    25.02475 eV ==== 
     psi = 0.235*[#   4]+0.235*[#   8]+0.125*[#   2]+0.125*[#   6]+0.052*[#   1]
          +0.052*[#   5]+0.005*[#   3]+0.005*[#   7]
    |psi|^2 = 0.833
==== e(   7) =    27.54206 eV ==== 
     psi = 0.226*[#   1]+0.226*[#   5]+0.112*[#   4]+0.112*[#   8]+0.041*[#   2]
          +0.041*[#   6]+0.021*[#   3]+0.021*[#   7]
    |psi|^2 = 0.800
==== e(   8) =    29.15501 eV ==== 
     psi = 0.202*[#   3]+0.202*[#   7]+0.135*[#   1]+0.135*[#   5]+0.117*[#   2]
          +0.117*[#   6]+0.008*[#   4]+0.008*[#   8]
    |psi|^2 = 0.923

 k =  -0.0883883476 -0.7954951288  0.2651650429
==== e(   1) =    -1.80311 eV ==== 
     psi = 0.267*[#   1]+0.267*[#   5]+0.185*[#   4]+0.185*[#   8]+0.034*[#   3]
          +0.034*[#   7]+0.013*[#   2]+0.013*[#   6]
    |psi|^2 = 0.997
==== e(   2) =     1.01736 eV ==== 
     psi = 0.172*[#   1]+0.172*[#   5]+0.140*[#   4]+0.140*[#   8]+0.129*[#   3]
          +0.129*[#   7]+0.058*[#   2]+0.058*[#   6]
    |psi|^2 = 0.997
==== e(   3) =     4.09311 eV ==== 
     psi = 0.181*[#   4]+0.181*[#   8]+0.143*[#   3]+0.143*[#   7]+0.135*[#   2]
          +0.135*[#   6]+0.039*[#   1]+0.039*[#   5]
    |psi|^2 = 0.997
==== e(   4) =     6.17109 eV ==== 
     psi = 0.223*[#   2]+0.223*[#   6]+0.216*[#   3]+0.216*[#   7]+0.054*[#   4]
          +0.054*[#   8]+0.006*[#   1]+0.006*[#   5]
    |psi|^2 = 0.998
==== e(   5) =    21.56552 eV ==== 
     psi = 0.188*[#   4]+0.188*[#   8]+0.112*[#   1]+0.112*[#   5]+0.079*[#   2]
          +0.079*[#   6]+0.005*[#   3]+0.005*[#   7]
    |psi|^2 = 0.767
==== e(   6) =    25.01617 eV ==== 
     psi = 0.118*[#   2]+0.118*[#   6]+0.114*[#   4]+0.114*[#   8]+0.069*[#   1]
          +0.069*[#   5]+0.016*[#   3]+0.016*[#   7]
    |psi|^2 = 0.635
==== e(   7) =    27.01667 eV ==== 
     psi = 0.201*[#   3]+0.201*[#   7]+0.168*[#   1]+0.168*[#   5]+0.050*[#   2]
          +0.050*[#   6]+0.043*[#   4]+0.043*[#   8]
    |psi|^2 = 0.925
==== e(   8) =    29.58584 eV ==== 
     psi = 0.194*[#   3]+0.194*[#   7]+0.153*[#   2]+0.153*[#   6]+0.107*[#   1]
          +0.107*[#   5]+0.003*[#   4]+0.003*[#   8]
    |psi|^2 = 0.913

 k =  -0.1767766953 -0.7071067812  0.1767766953
==== e(   1) =    -1.02407 eV ==== 
     psi = 0.282*[#   1]+0.282*[#   5]+0.139*[#   4]+0.139*[#   8]+0.039*[#   2]
          +0.039*[#   3]+0.039*[#   6]+0.039*[#   7]
    |psi|^2 = 0.998
==== e(   2) =     0.42387 eV ==== 
     psi = 0.257*[#   4]+0.257*[#   8]+0.186*[#   1]+0.186*[#   5]+0.028*[#   2]
          +0.028*[#   3]+0.028*[#   6]+0.028*[#   7]
    |psi|^2 = 0.997
==== e(   3) =     3.16886 eV ==== 
     psi = 0.170*[#   2]+0.170*[#   3]+0.170*[#   6]+0.170*[#   7]+0.158*[#   4]
          +0.158*[#   8]
    |psi|^2 = 0.996
==== e(   4) =     7.16735 eV ==== 
     psi = 0.250*[#   2]+0.250*[#   3]+0.250*[#   6]+0.250*[#   7]
    |psi|^2 = 0.999
==== e(   5) =    19.65174 eV ==== 
     psi = 0.199*[#   4]+0.199*[#   8]+0.157*[#   1]+0.157*[#   5]+0.020*[#   2]
          +0.020*[#   3]+0.020*[#   6]+0.020*[#   7]
    |psi|^2 = 0.794
==== e(   6) =    24.92906 eV ==== 
     psi = 0.147*[#   4]+0.147*[#   8]+0.144*[#   1]+0.144*[#   5]+0.025*[#   2]
          +0.025*[#   3]+0.025*[#   6]+0.025*[#   7]
    |psi|^2 = 0.685
==== e(   7) =    28.92368 eV ==== 
     psi = 0.239*[#   2]+0.239*[#   3]+0.239*[#   6]+0.239*[#   7]
    |psi|^2 = 0.957
==== e(   8) =    30.39899 eV ==== 
     psi = 0.154*[#   2]+0.154*[#   3]+0.154*[#   6]+0.154*[#   7]+0.140*[#   1]
          +0.140*[#   5]+0.003*[#   4]+0.003*[#   8]
    |psi|^2 = 0.902

 k =  -0.2651650429 -0.6187184335  0.0883883476
==== e(   1) =    -1.79432 eV ==== 
     psi = 0.266*[#   1]+0.266*[#   5]+0.185*[#   4]+0.185*[#   8]+0.034*[#   2]
          +0.034*[#   6]+0.013*[#   3]+0.013*[#   7]
    |psi|^2 = 0.997
==== e(   2) =     0.98858 eV ==== 
     psi = 0.172*[#   1]+0.172*[#   5]+0.139*[#   4]+0.139*[#   8]+0.129*[#   2]
          +0.129*[#   6]+0.058*[#   3]+0.058*[#   7]
    |psi|^2 = 0.997
==== e(   3) =     4.11465 eV ==== 
     psi = 0.181*[#   4]+0.181*[#   8]+0.144*[#   2]+0.144*[#   6]+0.134*[#   3]
          +0.134*[#   7]+0.039*[#   1]+0.039*[#   5]
    |psi|^2 = 0.997
==== e(   4) =     6.17076 eV ==== 
     psi = 0.223*[#   3]+0.223*[#   7]+0.215*[#   2]+0.215*[#   6]+0.055*[#   4]
          +0.055*[#   8]+0.006*[#   1]+0.006*[#   5]
    |psi|^2 = 0.998
==== e(   5) =    21.55961 eV ==== 
     psi = 0.188*[#   4]+0.188*[#   8]+0.111*[#   1]+0.111*[#   5]+0.079*[#   3]
          +0.079*[#   7]+0.005*[#   2]+0.005*[#   6]
    |psi|^2 = 0.767
==== e(   6) =    25.03985 eV ==== 
     psi = 0.117*[#   3]+0.117*[#   7]+0.116*[#   4]+0.116*[#   8]+0.070*[#   1]
          +0.070*[#   5]+0.014*[#   2]+0.014*[#   6]
    |psi|^2 = 0.633
==== e(   7) =    27.00617 eV ==== 
     psi = 0.203*[#   2]+0.203*[#   6]+0.166*[#   1]+0.166*[#   5]+0.052*[#   3]
          +0.052*[#   7]+0.041*[#   4]+0.041*[#   8]
    |psi|^2 = 0.923
==== e(   8) =    29.58916 eV ==== 
     psi = 0.195*[#   2]+0.195*[#   6]+0.151*[#   3]+0.151*[#   7]+0.107*[#   1]
          +0.107*[#   5]+0.004*[#   4]+0.004*[#   8]
    |psi|^2 = 0.913

 k =  -0.3535533906 -0.5303300859 -0.0000000000
==== e(   1) =    -2.66699 eV ==== 
     psi = 0.269*[#   1]+0.269*[#   5]+0.153*[#   4]+0.153*[#   8]+0.046*[#   3]
          +0.046*[#   7]+0.031*[#   2]+0.031*[#   6]
    |psi|^2 = 0.997
==== e(   2) =     1.81323 eV ==== 
     psi = 0.207*[#   2]+0.207*[#   6]+0.174*[#   1]+0.174*[#   5]+0.076*[#   4]
          +0.076*[#   8]+0.043*[#   3]+0.043*[#   7]
    |psi|^2 = 0.998
==== e(   3) =     3.63271 eV ==== 
     psi = 0.253*[#   2]+0.253*[#   6]+0.138*[#   3]+0.138*[#   7]+0.073*[#   4]
          +0.073*[#   8]+0.035*[#   1]+0.035*[#   5]
    |psi|^2 = 0.996
==== e(   4) =     7.12928 eV ==== 
     psi = 0.245*[#   4]+0.245*[#   8]+0.209*[#   3]+0.209*[#   7]+0.035*[#   2]
          +0.035*[#   6]+0.010*[#   1]+0.010*[#   5]
    |psi|^2 = 0.998
==== e(   5) =    22.44065 eV ==== 
     psi = 0.191*[#   2]+0.191*[#   6]+0.113*[#   3]+0.113*[#   7]+0.059*[#   1]
          +0.059*[#   5]+0.008*[#   4]+0.008*[#   8]
    |psi|^2 = 0.742
==== e(   6) =    25.00457 eV ==== 
     psi = 0.235*[#   4]+0.235*[#   8]+0.127*[#   3]+0.127*[#   7]+0.051*[#   1]
          +0.051*[#   5]+0.004*[#   2]+0.004*[#   6]
    |psi|^2 = 0.833
==== e(   7) =    27.53533 eV ==== 
     psi = 0.226*[#   1]+0.226*[#   5]+0.112*[#   4]+0.112*[#   8]+0.041*[#   3]
          +0.041*[#   7]+0.021*[#   2]+0.021*[#   6]
    |psi|^2 = 0.799
==== e(   8) =    29.16957 eV ==== 
     psi = 0.201*[#   2]+0.201*[#   6]+0.137*[#   1]+0.137*[#   5]+0.114*[#   3]
          +0.114*[#   7]+0.009*[#   4]+0.009*[#   8]
    |psi|^2 = 0.923

 k =  -0.3535533906 -0.3535533906  0.0000000000
==== e(   1) =    -5.38990 eV ==== 
     psi = 0.279*[#   1]+0.279*[#   5]+0.105*[#   3]+0.105*[#   4]+0.105*[#   7]
          +0.105*[#   8]+0.008*[#   2]+0.008*[#   6]
    |psi|^2 = 0.994
==== e(   2) =     3.70665 eV ==== 
     psi = 0.193*[#   2]+0.193*[#   6]+0.132*[#   1]+0.132*[#   5]+0.087*[#   3]
          +0.087*[#   4]+0.087*[#   7]+0.087*[#   8]
    |psi|^2 = 0.998
==== e(   3) =     4.93097 eV ==== 
     psi = 0.275*[#   2]+0.275*[#   6]+0.078*[#   3]+0.078*[#   4]+0.078*[#   7]
          +0.078*[#   8]+0.066*[#   1]+0.066*[#   5]
    |psi|^2 = 0.995
==== e(   4) =     9.69700 eV ==== 
     psi = 0.249*[#   3]+0.249*[#   4]+0.249*[#   7]+0.249*[#   8]
    |psi|^2 = 0.998
==== e(   5) =    22.07378 eV ==== 
     psi = 0.251*[#   2]+0.251*[#   6]+0.075*[#   1]+0.075*[#   5]+0.043*[#   3]
          +0.043*[#   4]+0.043*[#   7]+0.043*[#   8]
    |psi|^2 = 0.823
==== e(   6) =    24.22599 eV ==== 
     psi = 0.239*[#   3]+0.239*[#   4]+0.239*[#   7]+0.239*[#   8]
    |psi|^2 = 0.956
==== e(   7) =    26.76715 eV ==== 
     psi = 0.176*[#   2]+0.176*[#   6]+0.125*[#   1]+0.125*[#   5]+0.061*[#   3]
          +0.061*[#   4]+0.061*[#   7]+0.061*[#   8]
    |psi|^2 = 0.848
==== e(   8) =    28.52697 eV ==== 
     psi = 0.265*[#   1]+0.265*[#   5]+0.068*[#   3]+0.068*[#   4]+0.068*[#   7]
          +0.068*[#   8]+0.007*[#   2]+0.007*[#   6]
    |psi|^2 = 0.818

 k =  -0.4419417382 -0.2651650429 -0.0883883476
==== e(   1) =    -4.96469 eV ==== 
     psi = 0.276*[#   1]+0.276*[#   5]+0.161*[#   3]+0.161*[#   7]+0.048*[#   4]
          +0.048*[#   8]+0.012*[#   2]+0.012*[#   6]
    |psi|^2 = 0.994
==== e(   2) =     2.52695 eV ==== 
     psi = 0.183*[#   2]+0.183*[#   6]+0.127*[#   1]+0.127*[#   5]+0.105*[#   4]
          +0.105*[#   8]+0.082*[#   3]+0.082*[#   7]
    |psi|^2 = 0.995
==== e(   3) =     6.27766 eV ==== 
     psi = 0.257*[#   2]+0.257*[#   6]+0.091*[#   4]+0.091*[#   8]+0.088*[#   3]
          +0.088*[#   7]+0.063*[#   1]+0.063*[#   5]
    |psi|^2 = 0.997
==== e(   4) =     8.60232 eV ==== 
     psi = 0.225*[#   3]+0.225*[#   7]+0.221*[#   4]+0.221*[#   8]+0.041*[#   2]
          +0.041*[#   6]+0.012*[#   1]+0.012*[#   5]
    |psi|^2 = 0.997
==== e(   5) =    22.04675 eV ==== 
     psi = 0.247*[#   3]+0.247*[#   7]+0.077*[#   4]+0.077*[#   8]+0.068*[#   1]
          +0.068*[#   5]+0.035*[#   2]+0.035*[#   6]
    |psi|^2 = 0.855
==== e(   6) =    23.85591 eV ==== 
     psi = 0.202*[#   2]+0.202*[#   6]+0.125*[#   4]+0.125*[#   8]+0.064*[#   1]
          +0.064*[#   5]+0.019*[#   3]+0.019*[#   7]
    |psi|^2 = 0.820
==== e(   7) =    26.84911 eV ==== 
     psi = 0.227*[#   1]+0.227*[#   5]+0.086*[#   3]+0.086*[#   7]+0.083*[#   4]
          +0.083*[#   8]+0.022*[#   2]+0.022*[#   6]
    |psi|^2 = 0.835
==== e(   8) =    27.76598 eV ==== 
     psi = 0.163*[#   2]+0.163*[#   6]+0.157*[#   4]+0.157*[#   8]+0.070*[#   1]
          +0.070*[#   5]+0.011*[#   3]+0.011*[#   7]
    |psi|^2 = 0.802

 k =  -0.5303300859 -0.1767766953 -0.1767766953
==== e(   1) =    -3.68643 eV ==== 
     psi = 0.271*[#   1]+0.271*[#   5]+0.193*[#   3]+0.193*[#   7]+0.017*[#   2]
          +0.017*[#   4]+0.017*[#   6]+0.017*[#   8]
    |psi|^2 = 0.995
==== e(   2) =     1.46125 eV ==== 
     psi = 0.135*[#   1]+0.135*[#   2]+0.135*[#   4]+0.135*[#   5]+0.135*[#   6]
          +0.135*[#   8]+0.092*[#   3]+0.092*[#   7]
    |psi|^2 = 0.995
==== e(   3) =     5.88843 eV ==== 
     psi = 0.268*[#   3]+0.268*[#   7]+0.084*[#   2]+0.084*[#   4]+0.084*[#   6]
          +0.084*[#   8]+0.063*[#   1]+0.063*[#   5]
    |psi|^2 = 0.998
==== e(   4) =     7.66466 eV ==== 
     psi = 0.250*[#   2]+0.250*[#   4]+0.250*[#   6]+0.250*[#   8]
    |psi|^2 = 0.999
==== e(   5) =    20.08700 eV ==== 
     psi = 0.229*[#   3]+0.229*[#   7]+0.138*[#   1]+0.138*[#   5]+0.023*[#   2]
          +0.023*[#   4]+0.023*[#   6]+0.023*[#   8]
    |psi|^2 = 0.828
==== e(   6) =    25.61031 eV ==== 
     psi = 0.136*[#   1]+0.136*[#   5]+0.121*[#   3]+0.121*[#   7]+0.031*[#   2]
          +0.031*[#   4]+0.031*[#   6]+0.031*[#   8]
    |psi|^2 = 0.636
==== e(   7) =    27.21940 eV ==== 
     psi = 0.227*[#   2]+0.227*[#   4]+0.227*[#   6]+0.227*[#   8]
    |psi|^2 = 0.910
==== e(   8) =    27.88753 eV ==== 
     psi = 0.162*[#   1]+0.162*[#   5]+0.132*[#   2]+0.132*[#   4]+0.132*[#   6]
          +0.132*[#   8]+0.016*[#   3]+0.016*[#   7]
    |psi|^2 = 0.883

 k =  -0.6187184335 -0.0883883476 -0.2651650429
==== e(   1) =    -1.79432 eV ==== 
     psi = 0.266*[#   1]+0.266*[#   5]+0.185*[#   3]+0.185*[#   7]+0.034*[#   4]
          +0.034*[#   8]+0.013*[#   2]+0.013*[#   6]
    |psi|^2 = 0.997
==== e(   2) =     0.98858 eV ==== 
     psi = 0.172*[#   1]+0.172*[#   5]+0.139*[#   3]+0.139*[#   7]+0.129*[#   4]
          +0.129*[#   8]+0.058*[#   2]+0.058*[#   6]
    |psi|^2 = 0.997
==== e(   3) =     4.11465 eV ==== 
     psi = 0.181*[#   3]+0.181*[#   7]+0.144*[#   4]+0.144*[#   8]+0.134*[#   2]
          +0.134*[#   6]+0.039*[#   1]+0.039*[#   5]
    |psi|^2 = 0.997
==== e(   4) =     6.17076 eV ==== 
     psi = 0.223*[#   2]+0.223*[#   6]+0.215*[#   4]+0.215*[#   8]+0.055*[#   3]
          +0.055*[#   7]+0.006*[#   1]+0.006*[#   5]
    |psi|^2 = 0.998
==== e(   5) =    21.55961 eV ==== 
     psi = 0.188*[#   3]+0.188*[#   7]+0.111*[#   1]+0.111*[#   5]+0.079*[#   2]
          +0.079*[#   6]+0.005*[#   4]+0.005*[#   8]
    |psi|^2 = 0.767
==== e(   6) =    25.03985 eV ==== 
     psi = 0.117*[#   2]+0.117*[#   6]+0.116*[#   3]+0.116*[#   7]+0.070*[#   1]
          +0.070*[#   5]+0.014*[#   4]+0.014*[#   8]
    |psi|^2 = 0.633
==== e(   7) =    27.00617 eV ==== 
     psi = 0.203*[#   4]+0.203*[#   8]+0.166*[#   1]+0.166*[#   5]+0.052*[#   2]
          +0.052*[#   6]+0.041*[#   3]+0.041*[#   7]
    |psi|^2 = 0.923
==== e(   8) =    29.58916 eV ==== 
     psi = 0.195*[#   4]+0.195*[#   8]+0.151*[#   2]+0.151*[#   6]+0.107*[#   1]
          +0.107*[#   5]+0.004*[#   3]+0.004*[#   7]
    |psi|^2 = 0.913

 k =   0.0000000000 -0.7071067812  0.3535533906
==== e(   1) =     0.07960 eV ==== 
     psi = 0.247*[#   5]+0.247*[#   1]+0.126*[#   3]+0.126*[#   4]+0.126*[#   7]
          +0.126*[#   8]
    |psi|^2 = 0.998
==== e(   2) =     0.09791 eV ==== 
     psi = 0.247*[#   1]+0.246*[#   5]+0.126*[#   3]+0.126*[#   4]+0.126*[#   7]
          +0.126*[#   8]
    |psi|^2 = 0.998
==== e(   3) =     4.14879 eV ==== 
     psi = 0.202*[#   6]+0.201*[#   2]+0.149*[#   3]+0.149*[#   4]+0.148*[#   7]
          +0.148*[#   8]
    |psi|^2 = 0.998
==== e(   4) =     4.16842 eV ==== 
     psi = 0.203*[#   2]+0.201*[#   6]+0.149*[#   7]+0.149*[#   8]+0.148*[#   3]
          +0.148*[#   4]
    |psi|^2 = 0.998
==== e(   5) =    24.67101 eV ==== 
     psi = 0.174*[#   6]+0.172*[#   2]+0.063*[#   3]+0.063*[#   4]+0.062*[#   7]
          +0.062*[#   8]
    |psi|^2 = 0.596
==== e(   6) =    24.71231 eV ==== 
     psi = 0.172*[#   2]+0.171*[#   6]+0.063*[#   7]+0.063*[#   8]+0.062*[#   3]
          +0.062*[#   4]
    |psi|^2 = 0.592
==== e(   7) =    26.78163 eV ==== 
     psi = 0.234*[#   1]+0.234*[#   5]+0.118*[#   3]+0.118*[#   4]+0.118*[#   7]
          +0.118*[#   8]
    |psi|^2 = 0.940
==== e(   8) =    26.79862 eV ==== 
     psi = 0.234*[#   5]+0.234*[#   1]+0.118*[#   3]+0.118*[#   4]+0.118*[#   7]
          +0.118*[#   8]
    |psi|^2 = 0.940

 k =  -0.0883883476 -0.6187184335  0.2651650429
==== e(   1) =    -1.79432 eV ==== 
     psi = 0.266*[#   1]+0.266*[#   5]+0.185*[#   4]+0.185*[#   8]+0.034*[#   3]
          +0.034*[#   7]+0.013*[#   2]+0.013*[#   6]
    |psi|^2 = 0.997
==== e(   2) =     0.98858 eV ==== 
     psi = 0.172*[#   1]+0.172*[#   5]+0.139*[#   4]+0.139*[#   8]+0.129*[#   3]
          +0.129*[#   7]+0.058*[#   2]+0.058*[#   6]
    |psi|^2 = 0.997
==== e(   3) =     4.11465 eV ==== 
     psi = 0.181*[#   4]+0.181*[#   8]+0.144*[#   3]+0.144*[#   7]+0.134*[#   2]
          +0.134*[#   6]+0.039*[#   1]+0.039*[#   5]
    |psi|^2 = 0.997
==== e(   4) =     6.17076 eV ==== 
     psi = 0.223*[#   2]+0.223*[#   6]+0.215*[#   3]+0.215*[#   7]+0.055*[#   4]
          +0.055*[#   8]+0.006*[#   1]+0.006*[#   5]
    |psi|^2 = 0.998
==== e(   5) =    21.55961 eV ==== 
     psi = 0.188*[#   4]+0.188*[#   8]+0.111*[#   1]+0.111*[#   5]+0.079*[#   2]
          +0.079*[#   6]+0.005*[#   3]+0.005*[#   7]
    |psi|^2 = 0.767
==== e(   6) =    25.03985 eV ==== 
     psi = 0.117*[#   2]+0.117*[#   6]+0.116*[#   4]+0.116*[#   8]+0.070*[#   1]
          +0.070*[#   5]+0.014*[#   3]+0.014*[#   7]
    |psi|^2 = 0.633
==== e(   7) =    27.00617 eV ==== 
     psi = 0.203*[#   3]+0.203*[#   7]+0.166*[#   1]+0.166*[#   5]+0.052*[#   2]
          +0.052*[#   6]+0.041*[#   4]+0.041*[#   8]
    |psi|^2 = 0.923
==== e(   8) =    29.58916 eV ==== 
     psi = 0.195*[#   3]+0.195*[#   7]+0.151*[#   2]+0.151*[#   6]+0.107*[#   1]
          +0.107*[#   5]+0.004*[#   4]+0.004*[#   8]
    |psi|^2 = 0.913

 k =  -0.1767766953 -0.5303300859  0.1767766953
==== e(   1) =    -3.68643 eV ==== 
     psi = 0.271*[#   1]+0.271*[#   5]+0.193*[#   4]+0.193*[#   8]+0.017*[#   2]
          +0.017*[#   3]+0.017*[#   6]+0.017*[#   7]
    |psi|^2 = 0.995
==== e(   2) =     1.46125 eV ==== 
     psi = 0.135*[#   1]+0.135*[#   2]+0.135*[#   3]+0.135*[#   5]+0.135*[#   6]
          +0.135*[#   7]+0.092*[#   4]+0.092*[#   8]
    |psi|^2 = 0.995
==== e(   3) =     5.88843 eV ==== 
     psi = 0.268*[#   4]+0.268*[#   8]+0.084*[#   2]+0.084*[#   3]+0.084*[#   6]
          +0.084*[#   7]+0.063*[#   1]+0.063*[#   5]
    |psi|^2 = 0.998
==== e(   4) =     7.66466 eV ==== 
     psi = 0.250*[#   2]+0.250*[#   3]+0.250*[#   6]+0.250*[#   7]
    |psi|^2 = 0.999
==== e(   5) =    20.08700 eV ==== 
     psi = 0.229*[#   4]+0.229*[#   8]+0.138*[#   1]+0.138*[#   5]+0.023*[#   2]
          +0.023*[#   3]+0.023*[#   6]+0.023*[#   7]
    |psi|^2 = 0.828
==== e(   6) =    25.61031 eV ==== 
     psi = 0.136*[#   1]+0.136*[#   5]+0.121*[#   4]+0.121*[#   8]+0.031*[#   2]
          +0.031*[#   3]+0.031*[#   6]+0.031*[#   7]
    |psi|^2 = 0.636
==== e(   7) =    27.21940 eV ==== 
     psi = 0.227*[#   2]+0.227*[#   3]+0.227*[#   6]+0.227*[#   7]
    |psi|^2 = 0.910
==== e(   8) =    27.88753 eV ==== 
     psi = 0.162*[#   1]+0.162*[#   5]+0.132*[#   2]+0.132*[#   3]+0.132*[#   6]
          +0.132*[#   7]+0.016*[#   4]+0.016*[#   8]
    |psi|^2 = 0.883

 k =  -0.2651650429 -0.4419417382  0.0883883476
==== e(   1) =    -4.96469 eV ==== 
     psi = 0.276*[#   1]+0.276*[#   5]+0.161*[#   4]+0.161*[#   8]+0.048*[#   3]
          +0.048*[#   7]+0.012*[#   2]+0.012*[#   6]
    |psi|^2 = 0.994
==== e(   2) =     2.52695 eV ==== 
     psi = 0.183*[#   2]+0.183*[#   6]+0.127*[#   1]+0.127*[#   5]+0.105*[#   3]
          +0.105*[#   7]+0.082*[#   4]+0.082*[#   8]
    |psi|^2 = 0.995
==== e(   3) =     6.27766 eV ==== 
     psi = 0.257*[#   2]+0.257*[#   6]+0.091*[#   3]+0.091*[#   7]+0.088*[#   4]
          +0.088*[#   8]+0.063*[#   1]+0.063*[#   5]
    |psi|^2 = 0.997
==== e(   4) =     8.60232 eV ==== 
     psi = 0.225*[#   4]+0.225*[#   8]+0.221*[#   3]+0.221*[#   7]+0.041*[#   2]
          +0.041*[#   6]+0.012*[#   1]+0.012*[#   5]
    |psi|^2 = 0.997
==== e(   5) =    22.04675 eV ==== 
     psi = 0.247*[#   4]+0.247*[#   8]+0.077*[#   3]+0.077*[#   7]+0.068*[#   1]
          +0.068*[#   5]+0.035*[#   2]+0.035*[#   6]
    |psi|^2 = 0.855
==== e(   6) =    23.85591 eV ==== 
     psi = 0.202*[#   2]+0.202*[#   6]+0.125*[#   3]+0.125*[#   7]+0.064*[#   1]
          +0.064*[#   5]+0.019*[#   4]+0.019*[#   8]
    |psi|^2 = 0.820
==== e(   7) =    26.84911 eV ==== 
     psi = 0.227*[#   1]+0.227*[#   5]+0.086*[#   4]+0.086*[#   8]+0.083*[#   3]
          +0.083*[#   7]+0.022*[#   2]+0.022*[#   6]
    |psi|^2 = 0.835
==== e(   8) =    27.76598 eV ==== 
     psi = 0.163*[#   2]+0.163*[#   6]+0.157*[#   3]+0.157*[#   7]+0.070*[#   1]
          +0.070*[#   5]+0.011*[#   4]+0.011*[#   8]
    |psi|^2 = 0.802

 k =  -0.2651650429 -0.2651650429  0.0883883476
==== e(   1) =    -7.32158 eV ==== 
     psi = 0.302*[#   1]+0.302*[#   5]+0.092*[#   3]+0.092*[#   4]+0.092*[#   7]
          +0.092*[#   8]+0.011*[#   2]+0.011*[#   6]
    |psi|^2 = 0.993
==== e(   2) =     4.80104 eV ==== 
     psi = 0.173*[#   2]+0.173*[#   6]+0.115*[#   1]+0.115*[#   5]+0.105*[#   4]
          +0.105*[#   8]+0.104*[#   3]+0.104*[#   7]
    |psi|^2 = 0.994
==== e(   3) =     8.26547 eV ==== 
     psi = 0.281*[#   2]+0.281*[#   6]+0.088*[#   3]+0.088*[#   7]+0.085*[#   4]
          +0.085*[#   8]+0.044*[#   1]+0.044*[#   5]
    |psi|^2 = 0.996
==== e(   4) =    10.92955 eV ==== 
     psi = 0.250*[#   4]+0.250*[#   8]+0.248*[#   3]+0.248*[#   7]
    |psi|^2 = 0.997
==== e(   5) =    22.22005 eV ==== 
     psi = 0.242*[#   4]+0.242*[#   8]+0.233*[#   3]+0.233*[#   7]
    |psi|^2 = 0.951
==== e(   6) =    22.89416 eV ==== 
     psi = 0.305*[#   2]+0.305*[#   6]+0.060*[#   1]+0.060*[#   5]+0.048*[#   3]
          +0.048*[#   7]+0.039*[#   4]+0.039*[#   8]
    |psi|^2 = 0.904
==== e(   7) =    23.93665 eV ==== 
     psi = 0.169*[#   1]+0.169*[#   5]+0.140*[#   2]+0.140*[#   6]+0.076*[#   4]
          +0.076*[#   8]+0.075*[#   3]+0.075*[#   7]
    |psi|^2 = 0.921
==== e(   8) =    28.74021 eV ==== 
     psi = 0.234*[#   1]+0.234*[#   5]+0.061*[#   3]+0.061*[#   4]+0.061*[#   7]
          +0.061*[#   8]+0.030*[#   2]+0.030*[#   6]
    |psi|^2 = 0.772

 k =  -0.3535533906 -0.1767766953  0.0000000000
==== e(   1) =    -7.17106 eV ==== 
     psi = 0.294*[#   1]+0.294*[#   5]+0.164*[#   3]+0.164*[#   7]+0.037*[#   4]
          +0.037*[#   8]+0.002*[#   2]+0.002*[#   6]
    |psi|^2 = 0.993
==== e(   2) =     6.08959 eV ==== 
     psi = 0.148*[#   2]+0.148*[#   6]+0.133*[#   3]+0.133*[#   7]+0.115*[#   4]
          +0.115*[#   8]+0.102*[#   1]+0.102*[#   5]
    |psi|^2 = 0.997
==== e(   3) =     7.08378 eV ==== 
     psi = 0.291*[#   2]+0.291*[#   6]+0.128*[#   4]+0.128*[#   8]+0.048*[#   1]
          +0.048*[#   5]+0.030*[#   3]+0.030*[#   7]
    |psi|^2 = 0.995
==== e(   4) =     9.87822 eV ==== 
     psi = 0.244*[#   3]+0.244*[#   7]+0.201*[#   4]+0.201*[#   8]+0.035*[#   2]
          +0.035*[#   6]+0.019*[#   1]+0.019*[#   5]
    |psi|^2 = 0.997
==== e(   5) =    20.64190 eV ==== 
     psi = 0.293*[#   3]+0.293*[#   7]+0.102*[#   1]+0.102*[#   5]+0.059*[#   4]
          +0.059*[#   8]+0.020*[#   2]+0.020*[#   6]
    |psi|^2 = 0.947
==== e(   6) =    24.29384 eV ==== 
     psi = 0.268*[#   2]+0.268*[#   6]+0.135*[#   4]+0.135*[#   8]+0.019*[#   1]
          +0.019*[#   5]+0.009*[#   3]+0.009*[#   7]
    |psi|^2 = 0.860
==== e(   7) =    25.94919 eV ==== 
     psi = 0.256*[#   4]+0.256*[#   8]+0.165*[#   2]+0.165*[#   6]+0.043*[#   1]
          +0.043*[#   5]+0.002*[#   3]+0.002*[#   7]
    |psi|^2 = 0.932
==== e(   8) =    26.06905 eV ==== 
     psi = 0.241*[#   1]+0.241*[#   5]+0.061*[#   3]+0.061*[#   7]+0.019*[#   2]
          +0.019*[#   6]+0.013*[#   4]+0.013*[#   8]
    |psi|^2 = 0.666

 k =  -0.4419417382 -0.0883883476 -0.0883883476
==== e(   1) =    -6.14505 eV ==== 
     psi = 0.274*[#   1]+0.274*[#   5]+0.208*[#   3]+0.208*[#   7]+0.007*[#   2]
          +0.007*[#   4]+0.007*[#   6]+0.007*[#   8]
    |psi|^2 = 0.993
==== e(   2) =     5.03806 eV ==== 
     psi = 0.150*[#   3]+0.150*[#   7]+0.121*[#   1]+0.121*[#   5]+0.114*[#   2]
          +0.114*[#   4]+0.114*[#   6]+0.114*[#   8]
    |psi|^2 = 0.997
==== e(   3) =     7.49417 eV ==== 
     psi = 0.216*[#   3]+0.216*[#   7]+0.115*[#   2]+0.115*[#   4]+0.115*[#   6]
          +0.115*[#   8]+0.052*[#   1]+0.052*[#   5]
    |psi|^2 = 0.998
==== e(   4) =     7.69620 eV ==== 
     psi = 0.250*[#   2]+0.250*[#   4]+0.250*[#   6]+0.250*[#   8]
    |psi|^2 = 0.998
==== e(   5) =    19.17822 eV ==== 
     psi = 0.264*[#   3]+0.264*[#   7]+0.167*[#   1]+0.167*[#   5]+0.015*[#   2]
          +0.015*[#   4]+0.015*[#   6]+0.015*[#   8]
    |psi|^2 = 0.923
==== e(   6) =    23.40018 eV ==== 
     psi = 0.179*[#   1]+0.179*[#   5]+0.089*[#   3]+0.089*[#   7]+0.012*[#   2]
          +0.012*[#   4]+0.012*[#   6]+0.012*[#   8]
    |psi|^2 = 0.582
==== e(   7) =    27.31577 eV ==== 
     psi = 0.234*[#   2]+0.234*[#   4]+0.234*[#   6]+0.234*[#   8]
    |psi|^2 = 0.935
==== e(   8) =    27.40571 eV ==== 
     psi = 0.201*[#   2]+0.201*[#   4]+0.201*[#   6]+0.201*[#   8]+0.063*[#   1]
          +0.063*[#   5]+0.003*[#   3]+0.003*[#   7]
    |psi|^2 = 0.934

 k =  -0.5303300859  0.0000000000 -0.1767766953
==== e(   1) =    -4.23088 eV ==== 
     psi = 0.256*[#   1]+0.256*[#   5]+0.220*[#   3]+0.220*[#   7]+0.016*[#   2]
          +0.016*[#   6]+0.005*[#   4]+0.005*[#   8]
    |psi|^2 = 0.994
==== e(   2) =     3.40059 eV ==== 
     psi = 0.205*[#   3]+0.205*[#   7]+0.174*[#   1]+0.174*[#   5]+0.092*[#   4]
          +0.092*[#   8]+0.028*[#   2]+0.028*[#   6]
    |psi|^2 = 0.998
==== e(   3) =     5.52101 eV ==== 
     psi = 0.267*[#   4]+0.267*[#   8]+0.177*[#   2]+0.177*[#   6]+0.032*[#   1]
          +0.032*[#   5]+0.024*[#   3]+0.024*[#   7]
    |psi|^2 = 0.997
==== e(   4) =     6.66073 eV ==== 
     psi = 0.230*[#   2]+0.230*[#   6]+0.136*[#   4]+0.136*[#   8]+0.128*[#   3]
          +0.128*[#   7]+0.005*[#   1]+0.005*[#   5]
    |psi|^2 = 0.998
==== e(   5) =    20.35675 eV ==== 
     psi = 0.234*[#   3]+0.234*[#   7]+0.151*[#   1]+0.151*[#   5]+0.045*[#   2]
          +0.045*[#   6]+0.010*[#   4]+0.010*[#   8]
    |psi|^2 = 0.880
==== e(   6) =    22.60273 eV ==== 
     psi = 0.152*[#   1]+0.151*[#   5]+0.103*[#   3]+0.103*[#   7]+0.050*[#   2]
          +0.050*[#   6]+0.002*[#   4]+0.002*[#   8]
    |psi|^2 = 0.614
==== e(   7) =    27.47615 eV ==== 
     psi = 0.233*[#   4]+0.233*[#   8]+0.125*[#   2]+0.125*[#   6]+0.090*[#   1]
          +0.090*[#   5]+0.007*[#   3]+0.007*[#   7]
    |psi|^2 = 0.910
==== e(   8) =    29.79322 eV ==== 
     psi = 0.248*[#   2]+0.248*[#   6]+0.205*[#   4]+0.205*[#   8]+0.028*[#   1]
          +0.028*[#   5]
    |psi|^2 = 0.962

 k =   0.0883883476 -0.6187184335  0.4419417382
==== e(   1) =    -1.79432 eV ==== 
     psi = 0.266*[#   1]+0.266*[#   5]+0.185*[#   3]+0.185*[#   7]+0.034*[#   4]
          +0.034*[#   8]+0.013*[#   2]+0.013*[#   6]
    |psi|^2 = 0.997
==== e(   2) =     0.99409 eV ==== 
     psi = 0.173*[#   1]+0.173*[#   5]+0.138*[#   3]+0.138*[#   7]+0.129*[#   4]
          +0.129*[#   8]+0.059*[#   2]+0.059*[#   6]
    |psi|^2 = 0.997
==== e(   3) =     4.08685 eV ==== 
     psi = 0.181*[#   3]+0.181*[#   7]+0.144*[#   4]+0.144*[#   8]+0.134*[#   2]
          +0.134*[#   6]+0.039*[#   1]+0.039*[#   5]
    |psi|^2 = 0.997
==== e(   4) =     6.19469 eV ==== 
     psi = 0.223*[#   2]+0.223*[#   6]+0.215*[#   4]+0.215*[#   8]+0.055*[#   3]
          +0.055*[#   7]+0.006*[#   1]+0.006*[#   5]
    |psi|^2 = 0.998
==== e(   5) =    21.58091 eV ==== 
     psi = 0.189*[#   3]+0.189*[#   7]+0.111*[#   1]+0.111*[#   5]+0.079*[#   2]
          +0.079*[#   6]+0.004*[#   4]+0.004*[#   8]
    |psi|^2 = 0.766
==== e(   6) =    25.00599 eV ==== 
     psi = 0.119*[#   2]+0.119*[#   6]+0.114*[#   3]+0.114*[#   7]+0.069*[#   1]
          +0.069*[#   5]+0.015*[#   4]+0.015*[#   8]
    |psi|^2 = 0.634
==== e(   7) =    27.00774 eV ==== 
     psi = 0.203*[#   4]+0.203*[#   8]+0.166*[#   1]+0.166*[#   5]+0.051*[#   2]
          +0.051*[#   6]+0.042*[#   3]+0.042*[#   7]
    |psi|^2 = 0.924
==== e(   8) =    29.58971 eV ==== 
     psi = 0.193*[#   4]+0.193*[#   8]+0.151*[#   2]+0.151*[#   6]+0.108*[#   1]
          +0.108*[#   5]+0.004*[#   3]+0.004*[#   7]
    |psi|^2 = 0.913

 k =   0.0000000000 -0.5303300859  0.3535533906
==== e(   1) =    -2.66699 eV ==== 
     psi = 0.269*[#   1]+0.269*[#   5]+0.153*[#   4]+0.153*[#   8]+0.046*[#   2]
          +0.046*[#   6]+0.031*[#   3]+0.031*[#   7]
    |psi|^2 = 0.997
==== e(   2) =     1.81323 eV ==== 
     psi = 0.207*[#   3]+0.207*[#   7]+0.174*[#   1]+0.174*[#   5]+0.076*[#   4]
          +0.076*[#   8]+0.043*[#   2]+0.043*[#   6]
    |psi|^2 = 0.998
==== e(   3) =     3.63271 eV ==== 
     psi = 0.253*[#   3]+0.253*[#   7]+0.138*[#   2]+0.138*[#   6]+0.073*[#   4]
          +0.073*[#   8]+0.035*[#   1]+0.035*[#   5]
    |psi|^2 = 0.996
==== e(   4) =     7.12928 eV ==== 
     psi = 0.245*[#   4]+0.245*[#   8]+0.209*[#   2]+0.209*[#   6]+0.035*[#   3]
          +0.035*[#   7]+0.010*[#   1]+0.010*[#   5]
    |psi|^2 = 0.998
==== e(   5) =    22.44065 eV ==== 
     psi = 0.191*[#   3]+0.191*[#   7]+0.113*[#   2]+0.113*[#   6]+0.059*[#   1]
          +0.059*[#   5]+0.008*[#   4]+0.008*[#   8]
    |psi|^2 = 0.742
==== e(   6) =    25.00457 eV ==== 
     psi = 0.235*[#   4]+0.235*[#   8]+0.127*[#   2]+0.127*[#   6]+0.051*[#   1]
          +0.051*[#   5]+0.004*[#   3]+0.004*[#   7]
    |psi|^2 = 0.833
==== e(   7) =    27.53533 eV ==== 
     psi = 0.226*[#   1]+0.226*[#   5]+0.112*[#   4]+0.112*[#   8]+0.041*[#   2]
          +0.041*[#   6]+0.021*[#   3]+0.021*[#   7]
    |psi|^2 = 0.799
==== e(   8) =    29.16957 eV ==== 
     psi = 0.201*[#   3]+0.201*[#   7]+0.137*[#   1]+0.137*[#   5]+0.114*[#   2]
          +0.114*[#   6]+0.009*[#   4]+0.009*[#   8]
    |psi|^2 = 0.923

 k =  -0.0883883476 -0.4419417382  0.2651650429
==== e(   1) =    -4.96469 eV ==== 
     psi = 0.276*[#   1]+0.276*[#   5]+0.161*[#   4]+0.161*[#   8]+0.048*[#   2]
          +0.048*[#   6]+0.012*[#   3]+0.012*[#   7]
    |psi|^2 = 0.994
==== e(   2) =     2.52695 eV ==== 
     psi = 0.183*[#   3]+0.183*[#   7]+0.127*[#   1]+0.127*[#   5]+0.105*[#   2]
          +0.105*[#   6]+0.082*[#   4]+0.082*[#   8]
    |psi|^2 = 0.995
==== e(   3) =     6.27766 eV ==== 
     psi = 0.257*[#   3]+0.257*[#   7]+0.091*[#   2]+0.091*[#   6]+0.088*[#   4]
          +0.088*[#   8]+0.063*[#   1]+0.063*[#   5]
    |psi|^2 = 0.997
==== e(   4) =     8.60232 eV ==== 
     psi = 0.225*[#   4]+0.225*[#   8]+0.221*[#   2]+0.221*[#   6]+0.041*[#   3]
          +0.041*[#   7]+0.012*[#   1]+0.012*[#   5]
    |psi|^2 = 0.997
==== e(   5) =    22.04675 eV ==== 
     psi = 0.247*[#   4]+0.247*[#   8]+0.077*[#   2]+0.077*[#   6]+0.068*[#   1]
          +0.068*[#   5]+0.035*[#   3]+0.035*[#   7]
    |psi|^2 = 0.855
==== e(   6) =    23.85591 eV ==== 
     psi = 0.202*[#   3]+0.202*[#   7]+0.125*[#   2]+0.125*[#   6]+0.064*[#   1]
          +0.064*[#   5]+0.019*[#   4]+0.019*[#   8]
    |psi|^2 = 0.820
==== e(   7) =    26.84911 eV ==== 
     psi = 0.227*[#   1]+0.227*[#   5]+0.086*[#   4]+0.086*[#   8]+0.083*[#   2]
          +0.083*[#   6]+0.022*[#   3]+0.022*[#   7]
    |psi|^2 = 0.835
==== e(   8) =    27.76598 eV ==== 
     psi = 0.163*[#   3]+0.163*[#   7]+0.157*[#   2]+0.157*[#   6]+0.070*[#   1]
          +0.070*[#   5]+0.011*[#   4]+0.011*[#   8]
    |psi|^2 = 0.802

 k =  -0.1767766953 -0.3535533906  0.1767766953
==== e(   1) =    -6.59005 eV ==== 
     psi = 0.293*[#   1]+0.293*[#   5]+0.140*[#   4]+0.140*[#   8]+0.032*[#   2]
          +0.032*[#   3]+0.032*[#   6]+0.032*[#   7]
    |psi|^2 = 0.993
==== e(   2) =     3.38384 eV ==== 
     psi = 0.142*[#   2]+0.142*[#   3]+0.142*[#   6]+0.142*[#   7]+0.126*[#   1]
          +0.126*[#   5]+0.087*[#   4]+0.087*[#   8]
    |psi|^2 = 0.994
==== e(   3) =     9.07188 eV ==== 
     psi = 0.249*[#   2]+0.249*[#   3]+0.249*[#   6]+0.249*[#   7]
    |psi|^2 = 0.998
==== e(   4) =     9.58311 eV ==== 
     psi = 0.324*[#   4]+0.324*[#   8]+0.067*[#   2]+0.067*[#   3]+0.067*[#   6]
          +0.067*[#   7]+0.040*[#   1]+0.040*[#   5]
    |psi|^2 = 0.997
==== e(   5) =    21.07727 eV ==== 
     psi = 0.300*[#   4]+0.300*[#   8]+0.079*[#   1]+0.079*[#   5]+0.037*[#   2]
          +0.037*[#   3]+0.037*[#   6]+0.037*[#   7]
    |psi|^2 = 0.906
==== e(   6) =    24.34788 eV ==== 
     psi = 0.228*[#   2]+0.228*[#   3]+0.228*[#   6]+0.228*[#   7]
    |psi|^2 = 0.914
==== e(   7) =    24.48340 eV ==== 
     psi = 0.196*[#   1]+0.196*[#   5]+0.133*[#   2]+0.133*[#   3]+0.133*[#   6]
          +0.133*[#   7]
    |psi|^2 = 0.923
==== e(   8) =    27.80548 eV ==== 
     psi = 0.158*[#   1]+0.158*[#   5]+0.081*[#   4]+0.081*[#   8]+0.038*[#   2]
          +0.038*[#   3]+0.038*[#   6]+0.038*[#   7]
    |psi|^2 = 0.629

 k =  -0.2651650429 -0.2651650429  0.2651650429
==== e(   1) =    -6.16930 eV ==== 
     psi = 0.302*[#   1]+0.302*[#   5]+0.065*[#   4]+0.065*[#   8]+0.065*[#   2]
          +0.065*[#   3]+0.065*[#   6]+0.065*[#   7]
    |psi|^2 = 0.993
==== e(   2) =     1.76268 eV ==== 
     psi = 0.138*[#   1]+0.138*[#   5]+0.120*[#   4]+0.120*[#   8]+0.119*[#   2]
          +0.119*[#   3]+0.119*[#   6]+0.119*[#   7]
    |psi|^2 = 0.992
==== e(   3) =    10.14232 eV ==== 
     psi = 0.249*[#   2]+0.249*[#   3]+0.249*[#   6]+0.249*[#   7]
    |psi|^2 = 0.997
==== e(   4) =    10.19091 eV ==== 
     psi = 0.332*[#   4]+0.332*[#   8]+0.083*[#   2]+0.083*[#   3]+0.083*[#   6]
          +0.083*[#   7]
    |psi|^2 = 0.997
==== e(   5) =    22.47518 eV ==== 
     psi = 0.296*[#   4]+0.296*[#   8]+0.078*[#   2]+0.078*[#   3]+0.078*[#   6]
          +0.078*[#   7]
    |psi|^2 = 0.905
==== e(   6) =    22.55088 eV ==== 
     psi = 0.226*[#   2]+0.226*[#   3]+0.226*[#   6]+0.226*[#   7]
    |psi|^2 = 0.903
==== e(   7) =    23.10588 eV ==== 
     psi = 0.342*[#   1]+0.342*[#   5]+0.046*[#   4]+0.046*[#   8]+0.038*[#   2]
          +0.038*[#   3]+0.038*[#   6]+0.038*[#   7]
    |psi|^2 = 0.925
==== e(   8) =    29.98192 eV ==== 
     psi = 0.119*[#   1]+0.119*[#   5]+0.070*[#   2]+0.070*[#   3]+0.070*[#   4]
          +0.070*[#   6]+0.070*[#   7]+0.070*[#   8]
    |psi|^2 = 0.660

 k =  -0.3535533906 -0.1767766953  0.1767766953
==== e(   1) =    -6.59019 eV ==== 
     psi = 0.293*[#   1]+0.293*[#   5]+0.140*[#   3]+0.140*[#   7]+0.032*[#   4]
          +0.032*[#   8]+0.032*[#   2]+0.032*[#   6]
    |psi|^2 = 0.993
==== e(   2) =     3.38632 eV ==== 
     psi = 0.143*[#   4]+0.143*[#   8]+0.142*[#   2]+0.142*[#   6]+0.126*[#   1]
          +0.126*[#   5]+0.086*[#   3]+0.086*[#   7]
    |psi|^2 = 0.994
==== e(   3) =     9.09850 eV ==== 
     psi = 0.258*[#   2]+0.258*[#   6]+0.240*[#   4]+0.240*[#   8]
    |psi|^2 = 0.998
==== e(   4) =     9.55049 eV ==== 
     psi = 0.325*[#   3]+0.325*[#   7]+0.075*[#   4]+0.075*[#   8]+0.058*[#   2]
          +0.058*[#   6]+0.040*[#   1]+0.040*[#   5]
    |psi|^2 = 0.997
==== e(   5) =    21.10155 eV ==== 
     psi = 0.300*[#   3]+0.300*[#   7]+0.081*[#   1]+0.081*[#   5]+0.038*[#   4]
          +0.038*[#   8]+0.034*[#   2]+0.034*[#   6]
    |psi|^2 = 0.906
==== e(   6) =    24.30375 eV ==== 
     psi = 0.233*[#   2]+0.233*[#   6]+0.224*[#   4]+0.224*[#   8]
    |psi|^2 = 0.915
==== e(   7) =    24.50232 eV ==== 
     psi = 0.192*[#   1]+0.192*[#   5]+0.136*[#   4]+0.136*[#   8]+0.131*[#   2]
          +0.131*[#   6]
    |psi|^2 = 0.920
==== e(   8) =    27.79217 eV ==== 
     psi = 0.160*[#   1]+0.160*[#   5]+0.081*[#   3]+0.081*[#   7]+0.037*[#   2]
          +0.037*[#   4]+0.037*[#   6]+0.037*[#   8]
    |psi|^2 = 0.632

 k =  -0.4419417382 -0.0883883476  0.0883883476
==== e(   1) =    -6.14522 eV ==== 
     psi = 0.274*[#   1]+0.274*[#   5]+0.208*[#   3]+0.208*[#   7]+0.007*[#   4]
          +0.007*[#   8]+0.007*[#   2]+0.007*[#   6]
    |psi|^2 = 0.993
==== e(   2) =     5.04926 eV ==== 
     psi = 0.148*[#   3]+0.148*[#   7]+0.120*[#   1]+0.120*[#   5]+0.115*[#   4]
          +0.115*[#   8]+0.115*[#   2]+0.115*[#   6]
    |psi|^2 = 0.997
==== e(   3) =     7.46034 eV ==== 
     psi = 0.217*[#   3]+0.217*[#   7]+0.121*[#   2]+0.121*[#   6]+0.109*[#   4]
          +0.109*[#   8]+0.052*[#   1]+0.052*[#   5]
    |psi|^2 = 0.998
==== e(   4) =     7.71678 eV ==== 
     psi = 0.255*[#   4]+0.255*[#   8]+0.244*[#   2]+0.244*[#   6]
    |psi|^2 = 0.998
==== e(   5) =    19.18929 eV ==== 
     psi = 0.264*[#   3]+0.264*[#   7]+0.167*[#   1]+0.167*[#   5]+0.016*[#   4]
          +0.016*[#   8]+0.015*[#   2]+0.015*[#   6]
    |psi|^2 = 0.923
==== e(   6) =    23.38970 eV ==== 
     psi = 0.178*[#   1]+0.177*[#   5]+0.088*[#   3]+0.088*[#   7]+0.013*[#   2]
          +0.013*[#   6]+0.012*[#   4]+0.012*[#   8]
    |psi|^2 = 0.582
==== e(   7) =    27.28391 eV ==== 
     psi = 0.235*[#   2]+0.235*[#   6]+0.233*[#   4]+0.233*[#   8]
    |psi|^2 = 0.936
==== e(   8) =    27.42723 eV ==== 
     psi = 0.201*[#   4]+0.201*[#   8]+0.199*[#   2]+0.199*[#   6]+0.065*[#   1]
          +0.065*[#   5]+0.003*[#   3]+0.003*[#   7]
    |psi|^2 = 0.936

 k =  -0.5303300859  0.0000000000  0.0000000000
==== e(   1) =    -4.83234 eV ==== 
     psi = 0.253*[#   1]+0.253*[#   5]+0.244*[#   3]+0.244*[#   7]
    |psi|^2 = 0.993
==== e(   2) =     4.02200 eV ==== 
     psi = 0.329*[#   3]+0.329*[#   7]+0.170*[#   1]+0.170*[#   5]
    |psi|^2 = 0.998
==== e(   3) =     6.77730 eV ==== 
     psi = 0.250*[#   2]+0.250*[#   4]+0.250*[#   6]+0.250*[#   8]
    |psi|^2 = 0.999
==== e(   4) =     6.79369 eV ==== 
     psi = 0.250*[#   2]+0.250*[#   4]+0.250*[#   6]+0.250*[#   8]
    |psi|^2 = 0.999
==== e(   5) =    18.08185 eV ==== 
     psi = 0.241*[#   3]+0.241*[#   7]+0.215*[#   1]+0.215*[#   5]
    |psi|^2 = 0.912
==== e(   6) =    20.70395 eV ==== 
     psi = 0.208*[#   1]+0.208*[#   5]+0.118*[#   3]+0.118*[#   7]
    |psi|^2 = 0.653
==== e(   7) =    29.72347 eV ==== 
     psi = 0.239*[#   2]+0.239*[#   4]+0.239*[#   6]+0.239*[#   8]
    |psi|^2 = 0.958
==== e(   8) =    29.74566 eV ==== 
     psi = 0.239*[#   2]+0.239*[#   4]+0.239*[#   6]+0.239*[#   8]
    |psi|^2 = 0.957

 k =   0.0883883476 -0.6187184335  0.6187184335
==== e(   1) =    -2.62927 eV ==== 
     psi = 0.252*[#   3]+0.252*[#   7]+0.237*[#   1]+0.237*[#   5]+0.004*[#   2]
          +0.004*[#   6]+0.004*[#   4]+0.004*[#   8]
    |psi|^2 = 0.995
==== e(   2) =     1.63488 eV ==== 
     psi = 0.272*[#   3]+0.272*[#   7]+0.199*[#   1]+0.199*[#   5]+0.014*[#   4]
          +0.014*[#   8]+0.014*[#   2]+0.014*[#   6]
    |psi|^2 = 0.997
==== e(   3) =     5.13731 eV ==== 
     psi = 0.219*[#   4]+0.219*[#   8]+0.219*[#   2]+0.219*[#   6]+0.050*[#   3]
          +0.050*[#   7]+0.011*[#   1]+0.011*[#   5]
    |psi|^2 = 0.998
==== e(   4) =     6.59308 eV ==== 
     psi = 0.250*[#   2]+0.250*[#   6]+0.249*[#   4]+0.249*[#   8]
    |psi|^2 = 0.999
==== e(   5) =    18.93088 eV ==== 
     psi = 0.203*[#   3]+0.203*[#   7]+0.196*[#   1]+0.196*[#   5]+0.008*[#   2]
          +0.008*[#   6]+0.007*[#   4]+0.007*[#   8]
    |psi|^2 = 0.830
==== e(   6) =    20.99292 eV ==== 
     psi = 0.187*[#   1]+0.187*[#   5]+0.147*[#   3]+0.148*[#   7]+0.014*[#   4]
          +0.014*[#   8]+0.014*[#   2]+0.014*[#   6]
    |psi|^2 = 0.727
==== e(   7) =    30.30658 eV ==== 
     psi = 0.240*[#   4]+0.240*[#   8]+0.240*[#   2]+0.240*[#   6]
    |psi|^2 = 0.959
==== e(   8) =    30.68655 eV ==== 
     psi = 0.207*[#   2]+0.207*[#   6]+0.206*[#   4]+0.206*[#   8]+0.052*[#   1]
          +0.052*[#   5]+0.003*[#   3]+0.003*[#   7]
    |psi|^2 = 0.935

 k =   0.0000000000 -0.5303300859  0.5303300859
==== e(   1) =    -1.01287 eV ==== 
     psi = 0.281*[#   1]+0.281*[#   5]+0.139*[#   3]+0.139*[#   7]+0.040*[#   2]
          +0.040*[#   4]+0.040*[#   6]+0.040*[#   8]
    |psi|^2 = 0.998
==== e(   2) =     0.40957 eV ==== 
     psi = 0.256*[#   3]+0.256*[#   7]+0.187*[#   1]+0.187*[#   5]+0.028*[#   2]
          +0.028*[#   4]+0.028*[#   6]+0.028*[#   8]
    |psi|^2 = 0.997
==== e(   3) =     3.15674 eV ==== 
     psi = 0.169*[#   2]+0.169*[#   4]+0.169*[#   6]+0.169*[#   8]+0.159*[#   3]
          +0.159*[#   7]
    |psi|^2 = 0.996
==== e(   4) =     7.18537 eV ==== 
     psi = 0.250*[#   2]+0.250*[#   4]+0.250*[#   6]+0.250*[#   8]
    |psi|^2 = 0.999
==== e(   5) =    19.66608 eV ==== 
     psi = 0.200*[#   3]+0.200*[#   7]+0.156*[#   1]+0.156*[#   5]+0.020*[#   2]
          +0.020*[#   4]+0.020*[#   6]+0.020*[#   8]
    |psi|^2 = 0.793
==== e(   6) =    24.91632 eV ==== 
     psi = 0.147*[#   3]+0.147*[#   7]+0.145*[#   1]+0.145*[#   5]+0.026*[#   2]
          +0.026*[#   4]+0.026*[#   6]+0.026*[#   8]
    |psi|^2 = 0.685
==== e(   7) =    28.89125 eV ==== 
     psi = 0.239*[#   2]+0.239*[#   4]+0.239*[#   6]+0.239*[#   8]
    |psi|^2 = 0.957
==== e(   8) =    30.40364 eV ==== 
     psi = 0.153*[#   2]+0.153*[#   4]+0.153*[#   6]+0.153*[#   8]+0.141*[#   1]
          +0.141*[#   5]+0.003*[#   3]+0.003*[#   7]
    |psi|^2 = 0.900

 k =  -0.0883883476 -0.4419417382  0.4419417382
==== e(   1) =    -2.91467 eV ==== 
     psi = 0.294*[#   1]+0.294*[#   5]+0.082*[#   4]+0.082*[#   8]+0.082*[#   2]
          +0.082*[#   6]+0.041*[#   3]+0.041*[#   7]
    |psi|^2 = 0.997
==== e(   2) =     0.62961 eV ==== 
     psi = 0.204*[#   3]+0.204*[#   7]+0.116*[#   1]+0.116*[#   5]+0.089*[#   4]
          +0.089*[#   8]+0.088*[#   2]+0.088*[#   6]
    |psi|^2 = 0.994
==== e(   3) =     4.76150 eV ==== 
     psi = 0.271*[#   3]+0.271*[#   7]+0.081*[#   2]+0.081*[#   6]+0.080*[#   4]
          +0.080*[#   8]+0.068*[#   1]+0.068*[#   5]
    |psi|^2 = 0.998
==== e(   4) =     8.41725 eV ==== 
     psi = 0.250*[#   4]+0.250*[#   8]+0.249*[#   2]+0.249*[#   6]
    |psi|^2 = 0.998
==== e(   5) =    20.90877 eV ==== 
     psi = 0.227*[#   3]+0.227*[#   7]+0.103*[#   1]+0.103*[#   5]+0.035*[#   4]
          +0.035*[#   8]+0.034*[#   2]+0.034*[#   6]
    |psi|^2 = 0.797
==== e(   6) =    26.08883 eV ==== 
     psi = 0.232*[#   2]+0.232*[#   6]+0.232*[#   4]+0.232*[#   8]
    |psi|^2 = 0.929
==== e(   7) =    27.86327 eV ==== 
     psi = 0.213*[#   1]+0.213*[#   5]+0.076*[#   4]+0.076*[#   8]+0.076*[#   2]
          +0.076*[#   6]+0.066*[#   3]+0.066*[#   7]
    |psi|^2 = 0.865
==== e(   8) =    29.30771 eV ==== 
     psi = 0.134*[#   1]+0.134*[#   5]+0.131*[#   3]+0.131*[#   7]+0.054*[#   2]
          +0.054*[#   6]+0.053*[#   4]+0.053*[#   8]
    |psi|^2 = 0.744

 k =  -0.1767766953 -0.3535533906  0.3535533906
==== e(   1) =    -4.86219 eV ==== 
     psi = 0.299*[#   1]+0.299*[#   5]+0.087*[#   4]+0.087*[#   8]+0.087*[#   2]
          +0.087*[#   6]+0.024*[#   3]+0.024*[#   7]
    |psi|^2 = 0.995
==== e(   2) =     0.75363 eV ==== 
     psi = 0.170*[#   3]+0.170*[#   7]+0.125*[#   1]+0.125*[#   5]+0.100*[#   4]
          +0.100*[#   8]+0.100*[#   2]+0.100*[#   6]
    |psi|^2 = 0.992
==== e(   3) =     8.01175 eV ==== 
     psi = 0.296*[#   3]+0.296*[#   7]+0.084*[#   2]+0.084*[#   6]+0.079*[#   4]
          +0.079*[#   8]+0.040*[#   1]+0.040*[#   5]
    |psi|^2 = 0.998
==== e(   4) =     9.79499 eV ==== 
     psi = 0.252*[#   4]+0.252*[#   8]+0.247*[#   2]+0.247*[#   6]
    |psi|^2 = 0.998
==== e(   5) =    22.36402 eV ==== 
     psi = 0.278*[#   3]+0.278*[#   7]+0.056*[#   1]+0.056*[#   5]+0.049*[#   4]
          +0.049*[#   8]+0.039*[#   2]+0.039*[#   6]
    |psi|^2 = 0.844
==== e(   6) =    23.31863 eV ==== 
     psi = 0.231*[#   2]+0.231*[#   6]+0.221*[#   4]+0.221*[#   8]
    |psi|^2 = 0.905
==== e(   7) =    24.60241 eV ==== 
     psi = 0.270*[#   1]+0.271*[#   5]+0.060*[#   3]+0.060*[#   7]+0.057*[#   4]
          +0.057*[#   8]+0.056*[#   2]+0.056*[#   6]
    |psi|^2 = 0.887
==== e(   8) =    29.92089 eV ==== 
     psi = 0.125*[#   1]+0.125*[#   5]+0.094*[#   3]+0.094*[#   7]+0.071*[#   2]
          +0.071*[#   6]+0.071*[#   4]+0.071*[#   8]
    |psi|^2 = 0.723

 k =  -0.1767766953 -0.1767766953  0.3535533906
==== e(   1) =    -6.59019 eV ==== 
     psi = 0.293*[#   1]+0.293*[#   5]+0.140*[#   2]+0.140*[#   6]+0.032*[#   4]
          +0.032*[#   8]+0.032*[#   3]+0.032*[#   7]
    |psi|^2 = 0.993
==== e(   2) =     3.38632 eV ==== 
     psi = 0.143*[#   4]+0.143*[#   8]+0.142*[#   3]+0.142*[#   7]+0.126*[#   1]
          +0.126*[#   5]+0.086*[#   2]+0.086*[#   6]
    |psi|^2 = 0.994
==== e(   3) =     9.09850 eV ==== 
     psi = 0.258*[#   3]+0.258*[#   7]+0.240*[#   4]+0.240*[#   8]
    |psi|^2 = 0.998
==== e(   4) =     9.55049 eV ==== 
     psi = 0.325*[#   2]+0.325*[#   6]+0.075*[#   4]+0.075*[#   8]+0.058*[#   3]
          +0.058*[#   7]+0.040*[#   1]+0.040*[#   5]
    |psi|^2 = 0.997
==== e(   5) =    21.10155 eV ==== 
     psi = 0.300*[#   2]+0.300*[#   6]+0.081*[#   1]+0.081*[#   5]+0.038*[#   4]
          +0.038*[#   8]+0.034*[#   3]+0.034*[#   7]
    |psi|^2 = 0.906
==== e(   6) =    24.30375 eV ==== 
     psi = 0.233*[#   3]+0.233*[#   7]+0.224*[#   4]+0.224*[#   8]
    |psi|^2 = 0.915
==== e(   7) =    24.50232 eV ==== 
     psi = 0.192*[#   1]+0.192*[#   5]+0.136*[#   4]+0.136*[#   8]+0.131*[#   3]
          +0.131*[#   7]
    |psi|^2 = 0.920
==== e(   8) =    27.79217 eV ==== 
     psi = 0.160*[#   1]+0.160*[#   5]+0.081*[#   2]+0.081*[#   6]+0.037*[#   3]
          +0.037*[#   4]+0.037*[#   7]+0.037*[#   8]
    |psi|^2 = 0.632

 k =  -0.2651650429 -0.0883883476  0.2651650429
==== e(   1) =    -7.32169 eV ==== 
     psi = 0.302*[#   1]+0.302*[#   5]+0.091*[#   2]+0.091*[#   3]+0.091*[#   6]
          +0.091*[#   7]+0.011*[#   4]+0.011*[#   8]
    |psi|^2 = 0.993
==== e(   2) =     4.80457 eV ==== 
     psi = 0.174*[#   4]+0.174*[#   8]+0.114*[#   1]+0.114*[#   5]+0.104*[#   2]
          +0.104*[#   3]+0.104*[#   6]+0.104*[#   7]
    |psi|^2 = 0.994
==== e(   3) =     8.28819 eV ==== 
     psi = 0.280*[#   4]+0.280*[#   8]+0.087*[#   2]+0.087*[#   3]+0.087*[#   6]
          +0.087*[#   7]+0.044*[#   1]+0.044*[#   5]
    |psi|^2 = 0.996
==== e(   4) =    10.89287 eV ==== 
     psi = 0.249*[#   2]+0.249*[#   3]+0.249*[#   6]+0.249*[#   7]
    |psi|^2 = 0.997
==== e(   5) =    22.27099 eV ==== 
     psi = 0.238*[#   2]+0.238*[#   3]+0.238*[#   6]+0.238*[#   7]
    |psi|^2 = 0.950
==== e(   6) =    22.87911 eV ==== 
     psi = 0.306*[#   4]+0.306*[#   8]+0.057*[#   1]+0.057*[#   5]+0.044*[#   2]
          +0.044*[#   3]+0.044*[#   6]+0.044*[#   7]
    |psi|^2 = 0.903
==== e(   7) =    23.90121 eV ==== 
     psi = 0.171*[#   1]+0.172*[#   5]+0.141*[#   4]+0.141*[#   8]+0.075*[#   2]
          +0.075*[#   3]+0.075*[#   6]+0.075*[#   7]
    |psi|^2 = 0.923
==== e(   8) =    28.74276 eV ==== 
     psi = 0.235*[#   1]+0.235*[#   5]+0.061*[#   2]+0.061*[#   3]+0.061*[#   6]
          +0.061*[#   7]+0.029*[#   4]+0.029*[#   8]
    |psi|^2 = 0.773

 k =  -0.3535533906 -0.0000000000  0.1767766953
==== e(   1) =    -7.17123 eV ==== 
     psi = 0.294*[#   1]+0.294*[#   5]+0.164*[#   3]+0.164*[#   7]+0.037*[#   2]
          +0.037*[#   6]+0.002*[#   4]+0.002*[#   8]
    |psi|^2 = 0.993
==== e(   2) =     6.11449 eV ==== 
     psi = 0.149*[#   4]+0.149*[#   8]+0.133*[#   3]+0.133*[#   7]+0.115*[#   2]
          +0.115*[#   6]+0.101*[#   1]+0.101*[#   5]
    |psi|^2 = 0.997
==== e(   3) =     7.08156 eV ==== 
     psi = 0.290*[#   4]+0.290*[#   8]+0.129*[#   2]+0.129*[#   6]+0.049*[#   1]
          +0.049*[#   5]+0.031*[#   3]+0.031*[#   7]
    |psi|^2 = 0.996
==== e(   4) =     9.84752 eV ==== 
     psi = 0.244*[#   3]+0.244*[#   7]+0.201*[#   2]+0.201*[#   6]+0.035*[#   4]
          +0.035*[#   8]+0.019*[#   1]+0.019*[#   5]
    |psi|^2 = 0.997
==== e(   5) =    20.65581 eV ==== 
     psi = 0.293*[#   3]+0.293*[#   7]+0.103*[#   1]+0.103*[#   5]+0.057*[#   2]
          +0.057*[#   6]+0.021*[#   4]+0.021*[#   8]
    |psi|^2 = 0.947
==== e(   6) =    24.27502 eV ==== 
     psi = 0.266*[#   4]+0.266*[#   8]+0.136*[#   2]+0.136*[#   6]+0.018*[#   1]
          +0.018*[#   5]+0.009*[#   3]+0.009*[#   7]
    |psi|^2 = 0.857
==== e(   7) =    25.93852 eV ==== 
     psi = 0.262*[#   2]+0.262*[#   6]+0.168*[#   4]+0.168*[#   8]+0.039*[#   1]
          +0.039*[#   5]
    |psi|^2 = 0.938
==== e(   8) =    26.07809 eV ==== 
     psi = 0.246*[#   1]+0.246*[#   5]+0.062*[#   3]+0.062*[#   7]+0.017*[#   4]
          +0.017*[#   8]+0.008*[#   2]+0.008*[#   6]
    |psi|^2 = 0.665

 k =  -0.4419417382  0.0883883476  0.0883883476
==== e(   1) =    -6.14551 eV ==== 
     psi = 0.274*[#   1]+0.274*[#   5]+0.208*[#   3]+0.208*[#   7]+0.007*[#   2]
          +0.007*[#   4]+0.007*[#   6]+0.007*[#   8]
    |psi|^2 = 0.993
==== e(   2) =     5.06896 eV ==== 
     psi = 0.149*[#   3]+0.149*[#   7]+0.120*[#   1]+0.120*[#   5]+0.114*[#   2]
          +0.114*[#   4]+0.114*[#   6]+0.114*[#   8]
    |psi|^2 = 0.997
==== e(   3) =     7.45580 eV ==== 
     psi = 0.216*[#   3]+0.216*[#   7]+0.115*[#   2]+0.115*[#   4]+0.115*[#   6]
          +0.115*[#   8]+0.052*[#   1]+0.052*[#   5]
    |psi|^2 = 0.998
==== e(   4) =     7.69940 eV ==== 
     psi = 0.250*[#   2]+0.250*[#   4]+0.250*[#   6]+0.250*[#   8]
    |psi|^2 = 0.998
==== e(   5) =    19.18639 eV ==== 
     psi = 0.263*[#   3]+0.263*[#   7]+0.168*[#   1]+0.168*[#   5]+0.015*[#   2]
          +0.015*[#   4]+0.015*[#   6]+0.015*[#   8]
    |psi|^2 = 0.923
==== e(   6) =    23.39143 eV ==== 
     psi = 0.176*[#   1]+0.176*[#   5]+0.089*[#   3]+0.089*[#   7]+0.013*[#   2]
          +0.013*[#   4]+0.013*[#   6]+0.013*[#   8]
    |psi|^2 = 0.582
==== e(   7) =    27.29390 eV ==== 
     psi = 0.234*[#   2]+0.234*[#   4]+0.234*[#   6]+0.234*[#   8]
    |psi|^2 = 0.935
==== e(   8) =    27.41428 eV ==== 
     psi = 0.200*[#   2]+0.200*[#   4]+0.200*[#   6]+0.200*[#   8]+0.066*[#   1]
          +0.066*[#   5]+0.003*[#   3]+0.003*[#   7]
    |psi|^2 = 0.938

 k =   0.1767766953 -0.5303300859  0.7071067812
==== e(   1) =    -4.23201 eV ==== 
     psi = 0.256*[#   1]+0.256*[#   5]+0.220*[#   3]+0.220*[#   7]+0.016*[#   4]
          +0.016*[#   8]+0.005*[#   2]+0.005*[#   6]
    |psi|^2 = 0.994
==== e(   2) =     3.41893 eV ==== 
     psi = 0.206*[#   3]+0.206*[#   7]+0.174*[#   1]+0.174*[#   5]+0.091*[#   2]
          +0.091*[#   6]+0.027*[#   4]+0.027*[#   8]
    |psi|^2 = 0.998
==== e(   3) =     5.52057 eV ==== 
     psi = 0.266*[#   2]+0.266*[#   6]+0.177*[#   4]+0.177*[#   8]+0.032*[#   1]
          +0.032*[#   5]+0.024*[#   3]+0.024*[#   7]
    |psi|^2 = 0.997
==== e(   4) =     6.64099 eV ==== 
     psi = 0.231*[#   4]+0.231*[#   8]+0.137*[#   2]+0.137*[#   6]+0.126*[#   3]
          +0.126*[#   7]+0.005*[#   1]+0.005*[#   5]
    |psi|^2 = 0.998
==== e(   5) =    20.36571 eV ==== 
     psi = 0.233*[#   3]+0.233*[#   7]+0.152*[#   1]+0.152*[#   5]+0.044*[#   4]
          +0.044*[#   8]+0.011*[#   2]+0.011*[#   6]
    |psi|^2 = 0.880
==== e(   6) =    22.59148 eV ==== 
     psi = 0.150*[#   1]+0.150*[#   5]+0.103*[#   3]+0.103*[#   7]+0.052*[#   4]
          +0.052*[#   8]+0.002*[#   2]+0.002*[#   6]
    |psi|^2 = 0.614
==== e(   7) =    27.47719 eV ==== 
     psi = 0.232*[#   2]+0.232*[#   6]+0.124*[#   4]+0.124*[#   8]+0.092*[#   1]
          +0.092*[#   5]+0.008*[#   3]+0.008*[#   7]
    |psi|^2 = 0.912
==== e(   8) =    29.78282 eV ==== 
     psi = 0.249*[#   4]+0.249*[#   8]+0.205*[#   2]+0.205*[#   6]+0.027*[#   1]
          +0.027*[#   5]
    |psi|^2 = 0.963

 k =   0.0883883476 -0.4419417382  0.6187184335
==== e(   1) =    -1.79602 eV ==== 
     psi = 0.267*[#   1]+0.267*[#   5]+0.185*[#   3]+0.185*[#   7]+0.034*[#   2]
          +0.034*[#   6]+0.013*[#   4]+0.013*[#   8]
    |psi|^2 = 0.997
==== e(   2) =     0.99643 eV ==== 
     psi = 0.172*[#   1]+0.172*[#   5]+0.138*[#   3]+0.138*[#   7]+0.130*[#   2]
          +0.130*[#   6]+0.059*[#   4]+0.059*[#   8]
    |psi|^2 = 0.997
==== e(   3) =     4.09849 eV ==== 
     psi = 0.183*[#   3]+0.183*[#   7]+0.142*[#   2]+0.142*[#   6]+0.134*[#   4]
          +0.134*[#   8]+0.039*[#   1]+0.039*[#   5]
    |psi|^2 = 0.997
==== e(   4) =     6.18098 eV ==== 
     psi = 0.223*[#   4]+0.223*[#   8]+0.217*[#   2]+0.217*[#   6]+0.054*[#   3]
          +0.054*[#   7]+0.006*[#   1]+0.006*[#   5]
    |psi|^2 = 0.998
==== e(   5) =    21.57799 eV ==== 
     psi = 0.188*[#   3]+0.188*[#   7]+0.111*[#   1]+0.111*[#   5]+0.079*[#   4]
          +0.079*[#   8]+0.005*[#   2]+0.005*[#   6]
    |psi|^2 = 0.765
==== e(   6) =    25.01000 eV ==== 
     psi = 0.118*[#   4]+0.118*[#   8]+0.115*[#   3]+0.115*[#   7]+0.069*[#   1]
          +0.069*[#   5]+0.015*[#   2]+0.015*[#   6]
    |psi|^2 = 0.635
==== e(   7) =    27.01237 eV ==== 
     psi = 0.201*[#   2]+0.201*[#   6]+0.168*[#   1]+0.168*[#   5]+0.051*[#   4]
          +0.051*[#   8]+0.042*[#   3]+0.042*[#   7]
    |psi|^2 = 0.925
==== e(   8) =    29.57270 eV ==== 
     psi = 0.194*[#   2]+0.194*[#   6]+0.152*[#   4]+0.152*[#   8]+0.106*[#   1]
          +0.106*[#   5]+0.003*[#   3]+0.003*[#   7]
    |psi|^2 = 0.911

 k =  -0.0000000000 -0.3535533906  0.5303300859
==== e(   1) =    -2.66699 eV ==== 
     psi = 0.269*[#   1]+0.269*[#   5]+0.153*[#   2]+0.153*[#   6]+0.046*[#   4]
          +0.046*[#   8]+0.031*[#   3]+0.031*[#   7]
    |psi|^2 = 0.997
==== e(   2) =     1.81323 eV ==== 
     psi = 0.207*[#   3]+0.207*[#   7]+0.174*[#   1]+0.174*[#   5]+0.076*[#   2]
          +0.076*[#   6]+0.043*[#   4]+0.043*[#   8]
    |psi|^2 = 0.998
==== e(   3) =     3.63271 eV ==== 
     psi = 0.253*[#   3]+0.253*[#   7]+0.138*[#   4]+0.138*[#   8]+0.073*[#   2]
          +0.073*[#   6]+0.035*[#   1]+0.035*[#   5]
    |psi|^2 = 0.996
==== e(   4) =     7.12928 eV ==== 
     psi = 0.245*[#   2]+0.245*[#   6]+0.209*[#   4]+0.209*[#   8]+0.035*[#   3]
          +0.035*[#   7]+0.010*[#   1]+0.010*[#   5]
    |psi|^2 = 0.998
==== e(   5) =    22.44065 eV ==== 
     psi = 0.191*[#   3]+0.191*[#   7]+0.113*[#   4]+0.113*[#   8]+0.059*[#   1]
          +0.059*[#   5]+0.008*[#   2]+0.008*[#   6]
    |psi|^2 = 0.742
==== e(   6) =    25.00457 eV ==== 
     psi = 0.235*[#   2]+0.235*[#   6]+0.127*[#   4]+0.127*[#   8]+0.051*[#   1]
          +0.051*[#   5]+0.004*[#   3]+0.004*[#   7]
    |psi|^2 = 0.833
==== e(   7) =    27.53533 eV ==== 
     psi = 0.226*[#   1]+0.226*[#   5]+0.112*[#   2]+0.112*[#   6]+0.041*[#   4]
          +0.041*[#   8]+0.021*[#   3]+0.021*[#   7]
    |psi|^2 = 0.799
==== e(   8) =    29.16957 eV ==== 
     psi = 0.201*[#   3]+0.201*[#   7]+0.137*[#   1]+0.137*[#   5]+0.114*[#   4]
          +0.114*[#   8]+0.009*[#   2]+0.009*[#   6]
    |psi|^2 = 0.923

 k =  -0.0883883476 -0.2651650429  0.4419417382
==== e(   1) =    -4.96489 eV ==== 
     psi = 0.276*[#   1]+0.276*[#   5]+0.161*[#   2]+0.161*[#   6]+0.048*[#   4]
          +0.048*[#   8]+0.012*[#   3]+0.012*[#   7]
    |psi|^2 = 0.994
==== e(   2) =     2.53009 eV ==== 
     psi = 0.184*[#   3]+0.184*[#   7]+0.127*[#   1]+0.127*[#   5]+0.105*[#   4]
          +0.105*[#   8]+0.082*[#   2]+0.082*[#   6]
    |psi|^2 = 0.995
==== e(   3) =     6.26613 eV ==== 
     psi = 0.255*[#   3]+0.255*[#   7]+0.092*[#   2]+0.092*[#   6]+0.089*[#   4]
          +0.089*[#   8]+0.063*[#   1]+0.063*[#   5]
    |psi|^2 = 0.997
==== e(   4) =     8.61156 eV ==== 
     psi = 0.223*[#   4]+0.223*[#   8]+0.222*[#   2]+0.222*[#   6]+0.043*[#   3]
          +0.043*[#   7]+0.011*[#   1]+0.011*[#   5]
    |psi|^2 = 0.997
==== e(   5) =    22.08042 eV ==== 
     psi = 0.250*[#   2]+0.250*[#   6]+0.076*[#   4]+0.076*[#   8]+0.070*[#   1]
          +0.070*[#   5]+0.031*[#   3]+0.031*[#   7]
    |psi|^2 = 0.856
==== e(   6) =    23.81207 eV ==== 
     psi = 0.205*[#   3]+0.205*[#   7]+0.127*[#   4]+0.127*[#   8]+0.060*[#   1]
          +0.060*[#   5]+0.017*[#   2]+0.017*[#   6]
    |psi|^2 = 0.817
==== e(   7) =    26.88005 eV ==== 
     psi = 0.230*[#   1]+0.230*[#   5]+0.087*[#   2]+0.087*[#   6]+0.077*[#   4]
          +0.077*[#   8]+0.022*[#   3]+0.022*[#   7]
    |psi|^2 = 0.833
==== e(   8) =    27.72870 eV ==== 
     psi = 0.164*[#   3]+0.164*[#   7]+0.160*[#   4]+0.160*[#   8]+0.069*[#   1]
          +0.069*[#   5]+0.010*[#   2]+0.010*[#   6]
    |psi|^2 = 0.807

 k =  -0.0883883476 -0.0883883476  0.4419417382
==== e(   1) =    -6.14522 eV ==== 
     psi = 0.274*[#   1]+0.274*[#   5]+0.208*[#   2]+0.208*[#   6]+0.007*[#   4]
          +0.007*[#   8]+0.007*[#   3]+0.007*[#   7]
    |psi|^2 = 0.993
==== e(   2) =     5.04926 eV ==== 
     psi = 0.148*[#   2]+0.148*[#   6]+0.120*[#   1]+0.120*[#   5]+0.115*[#   4]
          +0.115*[#   8]+0.115*[#   3]+0.115*[#   7]
    |psi|^2 = 0.997
==== e(   3) =     7.46034 eV ==== 
     psi = 0.217*[#   2]+0.217*[#   6]+0.121*[#   3]+0.121*[#   7]+0.109*[#   4]
          +0.109*[#   8]+0.052*[#   1]+0.052*[#   5]
    |psi|^2 = 0.998
==== e(   4) =     7.71678 eV ==== 
     psi = 0.255*[#   4]+0.255*[#   8]+0.244*[#   3]+0.244*[#   7]
    |psi|^2 = 0.998
==== e(   5) =    19.18929 eV ==== 
     psi = 0.264*[#   2]+0.264*[#   6]+0.167*[#   1]+0.167*[#   5]+0.016*[#   4]
          +0.016*[#   8]+0.015*[#   3]+0.015*[#   7]
    |psi|^2 = 0.923
==== e(   6) =    23.38970 eV ==== 
     psi = 0.178*[#   1]+0.177*[#   5]+0.088*[#   2]+0.088*[#   6]+0.013*[#   3]
          +0.013*[#   7]+0.012*[#   4]+0.012*[#   8]
    |psi|^2 = 0.582
==== e(   7) =    27.28391 eV ==== 
     psi = 0.235*[#   3]+0.235*[#   7]+0.233*[#   4]+0.233*[#   8]
    |psi|^2 = 0.936
==== e(   8) =    27.42723 eV ==== 
     psi = 0.201*[#   4]+0.201*[#   8]+0.199*[#   3]+0.199*[#   7]+0.065*[#   1]
          +0.065*[#   5]+0.003*[#   2]+0.003*[#   6]
    |psi|^2 = 0.936

 k =  -0.1767766953 -0.0000000000  0.3535533906
==== e(   1) =    -7.17123 eV ==== 
     psi = 0.294*[#   1]+0.294*[#   5]+0.164*[#   2]+0.164*[#   6]+0.037*[#   3]
          +0.037*[#   7]+0.002*[#   4]+0.002*[#   8]
    |psi|^2 = 0.993
==== e(   2) =     6.11449 eV ==== 
     psi = 0.149*[#   4]+0.149*[#   8]+0.133*[#   2]+0.133*[#   6]+0.115*[#   3]
          +0.115*[#   7]+0.101*[#   1]+0.101*[#   5]
    |psi|^2 = 0.997
==== e(   3) =     7.08156 eV ==== 
     psi = 0.290*[#   4]+0.290*[#   8]+0.129*[#   3]+0.129*[#   7]+0.049*[#   1]
          +0.049*[#   5]+0.031*[#   2]+0.031*[#   6]
    |psi|^2 = 0.996
==== e(   4) =     9.84752 eV ==== 
     psi = 0.244*[#   2]+0.244*[#   6]+0.201*[#   3]+0.201*[#   7]+0.035*[#   4]
          +0.035*[#   8]+0.019*[#   1]+0.019*[#   5]
    |psi|^2 = 0.997
==== e(   5) =    20.65581 eV ==== 
     psi = 0.293*[#   2]+0.293*[#   6]+0.103*[#   1]+0.103*[#   5]+0.057*[#   3]
          +0.057*[#   7]+0.021*[#   4]+0.021*[#   8]
    |psi|^2 = 0.947
==== e(   6) =    24.27502 eV ==== 
     psi = 0.266*[#   4]+0.266*[#   8]+0.136*[#   3]+0.136*[#   7]+0.018*[#   1]
          +0.018*[#   5]+0.009*[#   2]+0.009*[#   6]
    |psi|^2 = 0.857
==== e(   7) =    25.93852 eV ==== 
     psi = 0.262*[#   3]+0.262*[#   7]+0.168*[#   4]+0.168*[#   8]+0.039*[#   1]
          +0.039*[#   5]
    |psi|^2 = 0.938
==== e(   8) =    26.07809 eV ==== 
     psi = 0.246*[#   1]+0.246*[#   5]+0.062*[#   2]+0.062*[#   6]+0.017*[#   4]
          +0.017*[#   8]+0.008*[#   3]+0.008*[#   7]
    |psi|^2 = 0.665

 k =  -0.2651650429  0.0883883476  0.2651650429
==== e(   1) =    -7.32183 eV ==== 
     psi = 0.303*[#   1]+0.303*[#   5]+0.091*[#   2]+0.091*[#   3]+0.091*[#   6]
          +0.091*[#   7]+0.011*[#   4]+0.011*[#   8]
    |psi|^2 = 0.993
==== e(   2) =     4.82258 eV ==== 
     psi = 0.173*[#   4]+0.173*[#   8]+0.114*[#   1]+0.114*[#   5]+0.105*[#   2]
          +0.105*[#   3]+0.105*[#   6]+0.105*[#   7]
    |psi|^2 = 0.994
==== e(   3) =     8.26364 eV ==== 
     psi = 0.280*[#   4]+0.280*[#   8]+0.087*[#   2]+0.087*[#   3]+0.087*[#   6]
          +0.087*[#   7]+0.044*[#   1]+0.044*[#   5]
    |psi|^2 = 0.996
==== e(   4) =    10.90024 eV ==== 
     psi = 0.249*[#   2]+0.249*[#   3]+0.249*[#   6]+0.249*[#   7]
    |psi|^2 = 0.997
==== e(   5) =    22.24739 eV ==== 
     psi = 0.238*[#   2]+0.238*[#   3]+0.238*[#   6]+0.238*[#   7]
    |psi|^2 = 0.951
==== e(   6) =    22.88136 eV ==== 
     psi = 0.306*[#   4]+0.306*[#   8]+0.059*[#   1]+0.059*[#   5]+0.043*[#   2]
          +0.043*[#   3]+0.043*[#   6]+0.043*[#   7]
    |psi|^2 = 0.903
==== e(   7) =    23.90904 eV ==== 
     psi = 0.170*[#   1]+0.170*[#   5]+0.141*[#   4]+0.141*[#   8]+0.075*[#   2]
          +0.075*[#   3]+0.075*[#   6]+0.075*[#   7]
    |psi|^2 = 0.922
==== e(   8) =    28.73227 eV ==== 
     psi = 0.235*[#   1]+0.235*[#   5]+0.061*[#   2]+0.061*[#   3]+0.061*[#   6]
          +0.061*[#   7]+0.030*[#   4]+0.030*[#   8]
    |psi|^2 = 0.774

 k =  -0.3535533906  0.1767766953  0.1767766953
==== e(   1) =    -6.59073 eV ==== 
     psi = 0.294*[#   1]+0.294*[#   5]+0.140*[#   3]+0.140*[#   7]+0.031*[#   2]
          +0.031*[#   4]+0.031*[#   6]+0.031*[#   8]
    |psi|^2 = 0.993
==== e(   2) =     3.40409 eV ==== 
     psi = 0.142*[#   2]+0.142*[#   4]+0.142*[#   6]+0.142*[#   8]+0.126*[#   1]
          +0.126*[#   5]+0.086*[#   3]+0.086*[#   7]
    |psi|^2 = 0.994
==== e(   3) =     9.08083 eV ==== 
     psi = 0.249*[#   2]+0.249*[#   4]+0.249*[#   6]+0.249*[#   8]
    |psi|^2 = 0.998
==== e(   4) =     9.54787 eV ==== 
     psi = 0.325*[#   3]+0.325*[#   7]+0.067*[#   2]+0.067*[#   4]+0.067*[#   6]
          +0.067*[#   8]+0.040*[#   1]+0.040*[#   5]
    |psi|^2 = 0.997
==== e(   5) =    21.08990 eV ==== 
     psi = 0.300*[#   3]+0.300*[#   7]+0.081*[#   1]+0.081*[#   5]+0.036*[#   2]
          +0.036*[#   4]+0.036*[#   6]+0.036*[#   8]
    |psi|^2 = 0.906
==== e(   6) =    24.30934 eV ==== 
     psi = 0.229*[#   2]+0.229*[#   4]+0.229*[#   6]+0.229*[#   8]
    |psi|^2 = 0.915
==== e(   7) =    24.48946 eV ==== 
     psi = 0.193*[#   1]+0.193*[#   5]+0.134*[#   2]+0.134*[#   4]+0.134*[#   6]
          +0.134*[#   8]
    |psi|^2 = 0.921
==== e(   8) =    27.79079 eV ==== 
     psi = 0.161*[#   1]+0.161*[#   5]+0.082*[#   3]+0.082*[#   7]+0.037*[#   2]
          +0.037*[#   4]+0.037*[#   6]+0.037*[#   8]
    |psi|^2 = 0.635

 k =   0.2651650429 -0.4419417382  0.7954951288
==== e(   1) =    -4.96650 eV ==== 
     psi = 0.277*[#   1]+0.277*[#   5]+0.161*[#   3]+0.161*[#   7]+0.048*[#   4]
          +0.048*[#   8]+0.012*[#   2]+0.012*[#   6]
    |psi|^2 = 0.994
==== e(   2) =     2.54988 eV ==== 
     psi = 0.184*[#   2]+0.184*[#   6]+0.127*[#   1]+0.127*[#   5]+0.105*[#   4]
          +0.105*[#   8]+0.082*[#   3]+0.082*[#   7]
    |psi|^2 = 0.995
==== e(   3) =     6.26943 eV ==== 
     psi = 0.256*[#   2]+0.256*[#   6]+0.090*[#   3]+0.090*[#   7]+0.090*[#   4]
          +0.090*[#   8]+0.063*[#   1]+0.063*[#   5]
    |psi|^2 = 0.997
==== e(   4) =     8.58426 eV ==== 
     psi = 0.223*[#   3]+0.223*[#   7]+0.222*[#   4]+0.222*[#   8]+0.042*[#   2]
          +0.042*[#   6]+0.011*[#   1]+0.011*[#   5]
    |psi|^2 = 0.997
==== e(   5) =    22.06657 eV ==== 
     psi = 0.248*[#   3]+0.248*[#   7]+0.076*[#   4]+0.076*[#   8]+0.070*[#   1]
          +0.070*[#   5]+0.034*[#   2]+0.034*[#   6]
    |psi|^2 = 0.855
==== e(   6) =    23.81676 eV ==== 
     psi = 0.202*[#   2]+0.202*[#   6]+0.126*[#   4]+0.126*[#   8]+0.063*[#   1]
          +0.063*[#   5]+0.019*[#   3]+0.019*[#   7]
    |psi|^2 = 0.820
==== e(   7) =    26.88722 eV ==== 
     psi = 0.229*[#   1]+0.229*[#   5]+0.088*[#   3]+0.088*[#   7]+0.079*[#   4]
          +0.079*[#   8]+0.022*[#   2]+0.022*[#   6]
    |psi|^2 = 0.835
==== e(   8) =    27.71814 eV ==== 
     psi = 0.165*[#   2]+0.165*[#   6]+0.160*[#   4]+0.160*[#   8]+0.069*[#   1]
          +0.069*[#   5]+0.010*[#   3]+0.010*[#   7]
    |psi|^2 = 0.808

 k =   0.1767766953 -0.3535533906  0.7071067812
==== e(   1) =    -2.67103 eV ==== 
     psi = 0.270*[#   1]+0.270*[#   5]+0.152*[#   3]+0.152*[#   7]+0.045*[#   4]
          +0.045*[#   8]+0.031*[#   2]+0.031*[#   6]
    |psi|^2 = 0.997
==== e(   2) =     1.83088 eV ==== 
     psi = 0.208*[#   2]+0.208*[#   6]+0.173*[#   1]+0.173*[#   5]+0.076*[#   3]
          +0.076*[#   7]+0.042*[#   4]+0.042*[#   8]
    |psi|^2 = 0.998
==== e(   3) =     3.63612 eV ==== 
     psi = 0.251*[#   2]+0.251*[#   6]+0.138*[#   4]+0.138*[#   8]+0.073*[#   3]
          +0.073*[#   7]+0.035*[#   1]+0.035*[#   5]
    |psi|^2 = 0.996
==== e(   4) =     7.10866 eV ==== 
     psi = 0.245*[#   3]+0.245*[#   7]+0.209*[#   4]+0.209*[#   8]+0.035*[#   2]
          +0.035*[#   6]+0.010*[#   1]+0.010*[#   5]
    |psi|^2 = 0.998
==== e(   5) =    22.42062 eV ==== 
     psi = 0.190*[#   2]+0.190*[#   6]+0.114*[#   4]+0.114*[#   8]+0.060*[#   1]
          +0.059*[#   5]+0.008*[#   3]+0.008*[#   7]
    |psi|^2 = 0.743
==== e(   6) =    25.02475 eV ==== 
     psi = 0.235*[#   3]+0.235*[#   7]+0.125*[#   4]+0.125*[#   8]+0.052*[#   1]
          +0.052*[#   5]+0.005*[#   2]+0.005*[#   6]
    |psi|^2 = 0.833
==== e(   7) =    27.54206 eV ==== 
     psi = 0.226*[#   1]+0.226*[#   5]+0.112*[#   3]+0.112*[#   7]+0.041*[#   4]
          +0.041*[#   8]+0.021*[#   2]+0.021*[#   6]
    |psi|^2 = 0.800
==== e(   8) =    29.15501 eV ==== 
     psi = 0.202*[#   2]+0.202*[#   6]+0.135*[#   1]+0.135*[#   5]+0.117*[#   4]
          +0.117*[#   8]+0.008*[#   3]+0.008*[#   7]
    |psi|^2 = 0.923

 k =   0.0883883476 -0.2651650429  0.6187184335
==== e(   1) =    -1.79432 eV ==== 
     psi = 0.266*[#   1]+0.266*[#   5]+0.185*[#   2]+0.185*[#   6]+0.034*[#   3]
          +0.034*[#   7]+0.013*[#   4]+0.013*[#   8]
    |psi|^2 = 0.997
==== e(   2) =     0.98858 eV ==== 
     psi = 0.172*[#   1]+0.172*[#   5]+0.139*[#   2]+0.139*[#   6]+0.129*[#   3]
          +0.129*[#   7]+0.058*[#   4]+0.058*[#   8]
    |psi|^2 = 0.997
==== e(   3) =     4.11465 eV ==== 
     psi = 0.181*[#   2]+0.181*[#   6]+0.144*[#   3]+0.144*[#   7]+0.134*[#   4]
          +0.134*[#   8]+0.039*[#   1]+0.039*[#   5]
    |psi|^2 = 0.997
==== e(   4) =     6.17076 eV ==== 
     psi = 0.223*[#   4]+0.223*[#   8]+0.215*[#   3]+0.215*[#   7]+0.055*[#   2]
          +0.055*[#   6]+0.006*[#   1]+0.006*[#   5]
    |psi|^2 = 0.998
==== e(   5) =    21.55961 eV ==== 
     psi = 0.188*[#   2]+0.188*[#   6]+0.111*[#   1]+0.111*[#   5]+0.079*[#   4]
          +0.079*[#   8]+0.005*[#   3]+0.005*[#   7]
    |psi|^2 = 0.767
==== e(   6) =    25.03985 eV ==== 
     psi = 0.117*[#   4]+0.117*[#   8]+0.116*[#   2]+0.116*[#   6]+0.070*[#   1]
          +0.070*[#   5]+0.014*[#   3]+0.014*[#   7]
    |psi|^2 = 0.633
==== e(   7) =    27.00617 eV ==== 
     psi = 0.203*[#   3]+0.203*[#   7]+0.166*[#   1]+0.166*[#   5]+0.052*[#   4]
          +0.052*[#   8]+0.041*[#   2]+0.041*[#   6]
    |psi|^2 = 0.923
==== e(   8) =    29.58916 eV ==== 
     psi = 0.195*[#   3]+0.195*[#   7]+0.151*[#   4]+0.151*[#   8]+0.107*[#   1]
          +0.107*[#   5]+0.004*[#   2]+0.004*[#   6]
    |psi|^2 = 0.913

 k =  -0.0000000000 -0.1767766953  0.5303300859
==== e(   1) =    -4.23088 eV ==== 
     psi = 0.256*[#   1]+0.256*[#   5]+0.220*[#   2]+0.220*[#   6]+0.016*[#   4]
          +0.016*[#   8]+0.005*[#   3]+0.005*[#   7]
    |psi|^2 = 0.994
==== e(   2) =     3.40059 eV ==== 
     psi = 0.205*[#   2]+0.205*[#   6]+0.174*[#   1]+0.174*[#   5]+0.092*[#   3]
          +0.092*[#   7]+0.028*[#   4]+0.028*[#   8]
    |psi|^2 = 0.998
==== e(   3) =     5.52101 eV ==== 
     psi = 0.267*[#   3]+0.267*[#   7]+0.177*[#   4]+0.177*[#   8]+0.032*[#   1]
          +0.032*[#   5]+0.024*[#   2]+0.024*[#   6]
    |psi|^2 = 0.997
==== e(   4) =     6.66073 eV ==== 
     psi = 0.230*[#   4]+0.230*[#   8]+0.136*[#   3]+0.136*[#   7]+0.128*[#   2]
          +0.128*[#   6]+0.005*[#   1]+0.005*[#   5]
    |psi|^2 = 0.998
==== e(   5) =    20.35675 eV ==== 
     psi = 0.234*[#   2]+0.234*[#   6]+0.151*[#   1]+0.151*[#   5]+0.045*[#   4]
          +0.045*[#   8]+0.010*[#   3]+0.010*[#   7]
    |psi|^2 = 0.880
==== e(   6) =    22.60273 eV ==== 
     psi = 0.152*[#   1]+0.151*[#   5]+0.103*[#   2]+0.103*[#   6]+0.050*[#   4]
          +0.050*[#   8]+0.002*[#   3]+0.002*[#   7]
    |psi|^2 = 0.614
==== e(   7) =    27.47615 eV ==== 
     psi = 0.233*[#   3]+0.233*[#   7]+0.125*[#   4]+0.125*[#   8]+0.090*[#   1]
          +0.090*[#   5]+0.007*[#   2]+0.007*[#   6]
    |psi|^2 = 0.910
==== e(   8) =    29.79322 eV ==== 
     psi = 0.248*[#   4]+0.248*[#   8]+0.205*[#   3]+0.205*[#   7]+0.028*[#   1]
          +0.028*[#   5]
    |psi|^2 = 0.962

 k =   0.0000000000  0.0000000000  0.5303300859
==== e(   1) =    -4.83234 eV ==== 
     psi = 0.253*[#   1]+0.253*[#   5]+0.244*[#   2]+0.244*[#   6]
    |psi|^2 = 0.993
==== e(   2) =     4.02200 eV ==== 
     psi = 0.329*[#   2]+0.329*[#   6]+0.170*[#   1]+0.170*[#   5]
    |psi|^2 = 0.998
==== e(   3) =     6.77730 eV ==== 
     psi = 0.250*[#   3]+0.250*[#   4]+0.250*[#   7]+0.250*[#   8]
    |psi|^2 = 0.999
==== e(   4) =     6.79369 eV ==== 
     psi = 0.250*[#   3]+0.250*[#   4]+0.250*[#   7]+0.250*[#   8]
    |psi|^2 = 0.999
==== e(   5) =    18.08185 eV ==== 
     psi = 0.241*[#   2]+0.241*[#   6]+0.215*[#   1]+0.215*[#   5]
    |psi|^2 = 0.912
==== e(   6) =    20.70395 eV ==== 
     psi = 0.208*[#   1]+0.208*[#   5]+0.118*[#   2]+0.118*[#   6]
    |psi|^2 = 0.653
==== e(   7) =    29.72347 eV ==== 
     psi = 0.239*[#   3]+0.239*[#   4]+0.239*[#   7]+0.239*[#   8]
    |psi|^2 = 0.958
==== e(   8) =    29.74566 eV ==== 
     psi = 0.239*[#   3]+0.239*[#   4]+0.239*[#   7]+0.239*[#   8]
    |psi|^2 = 0.957

 k =  -0.0883883476  0.0883883476  0.4419417382
==== e(   1) =    -6.14551 eV ==== 
     psi = 0.274*[#   1]+0.274*[#   5]+0.208*[#   2]+0.208*[#   6]+0.007*[#   3]
          +0.007*[#   4]+0.007*[#   7]+0.007*[#   8]
    |psi|^2 = 0.993
==== e(   2) =     5.06896 eV ==== 
     psi = 0.149*[#   2]+0.149*[#   6]+0.120*[#   1]+0.120*[#   5]+0.114*[#   3]
          +0.114*[#   4]+0.114*[#   7]+0.114*[#   8]
    |psi|^2 = 0.997
==== e(   3) =     7.45580 eV ==== 
     psi = 0.216*[#   2]+0.216*[#   6]+0.115*[#   3]+0.115*[#   4]+0.115*[#   7]
          +0.115*[#   8]+0.052*[#   1]+0.052*[#   5]
    |psi|^2 = 0.998
==== e(   4) =     7.69940 eV ==== 
     psi = 0.250*[#   3]+0.250*[#   4]+0.250*[#   7]+0.250*[#   8]
    |psi|^2 = 0.998
==== e(   5) =    19.18639 eV ==== 
     psi = 0.263*[#   2]+0.263*[#   6]+0.168*[#   1]+0.168*[#   5]+0.015*[#   3]
          +0.015*[#   4]+0.015*[#   7]+0.015*[#   8]
    |psi|^2 = 0.923
==== e(   6) =    23.39143 eV ==== 
     psi = 0.176*[#   1]+0.176*[#   5]+0.089*[#   2]+0.089*[#   6]+0.013*[#   3]
          +0.013*[#   4]+0.013*[#   7]+0.013*[#   8]
    |psi|^2 = 0.582
==== e(   7) =    27.29390 eV ==== 
     psi = 0.234*[#   3]+0.234*[#   4]+0.234*[#   7]+0.234*[#   8]
    |psi|^2 = 0.935
==== e(   8) =    27.41428 eV ==== 
     psi = 0.200*[#   3]+0.200*[#   4]+0.200*[#   7]+0.200*[#   8]+0.066*[#   1]
          +0.066*[#   5]+0.003*[#   2]+0.003*[#   6]
    |psi|^2 = 0.938

 k =  -0.1767766953  0.1767766953  0.3535533906
==== e(   1) =    -6.59073 eV ==== 
     psi = 0.294*[#   1]+0.294*[#   5]+0.140*[#   2]+0.140*[#   6]+0.031*[#   3]
          +0.031*[#   4]+0.031*[#   7]+0.031*[#   8]
    |psi|^2 = 0.993
==== e(   2) =     3.40409 eV ==== 
     psi = 0.142*[#   3]+0.142*[#   4]+0.142*[#   7]+0.142*[#   8]+0.126*[#   1]
          +0.126*[#   5]+0.086*[#   2]+0.086*[#   6]
    |psi|^2 = 0.994
==== e(   3) =     9.08083 eV ==== 
     psi = 0.249*[#   3]+0.249*[#   4]+0.249*[#   7]+0.249*[#   8]
    |psi|^2 = 0.998
==== e(   4) =     9.54787 eV ==== 
     psi = 0.325*[#   2]+0.325*[#   6]+0.067*[#   3]+0.067*[#   4]+0.067*[#   7]
          +0.067*[#   8]+0.040*[#   1]+0.040*[#   5]
    |psi|^2 = 0.997
==== e(   5) =    21.08990 eV ==== 
     psi = 0.300*[#   2]+0.300*[#   6]+0.081*[#   1]+0.081*[#   5]+0.036*[#   3]
          +0.036*[#   4]+0.036*[#   7]+0.036*[#   8]
    |psi|^2 = 0.906
==== e(   6) =    24.30934 eV ==== 
     psi = 0.229*[#   3]+0.229*[#   4]+0.229*[#   7]+0.229*[#   8]
    |psi|^2 = 0.915
==== e(   7) =    24.48946 eV ==== 
     psi = 0.193*[#   1]+0.193*[#   5]+0.134*[#   3]+0.134*[#   4]+0.134*[#   7]
          +0.134*[#   8]
    |psi|^2 = 0.921
==== e(   8) =    27.79079 eV ==== 
     psi = 0.161*[#   1]+0.161*[#   5]+0.082*[#   2]+0.082*[#   6]+0.037*[#   3]
          +0.037*[#   4]+0.037*[#   7]+0.037*[#   8]
    |psi|^2 = 0.635

 k =  -0.2651650429  0.2651650429  0.2651650429
==== e(   1) =    -6.17056 eV ==== 
     psi = 0.303*[#   1]+0.303*[#   5]+0.065*[#   2]+0.065*[#   3]+0.065*[#   4]
          +0.065*[#   6]+0.065*[#   7]+0.065*[#   8]
    |psi|^2 = 0.993
==== e(   2) =     1.77981 eV ==== 
     psi = 0.138*[#   1]+0.138*[#   5]+0.119*[#   2]+0.119*[#   3]+0.119*[#   4]
          +0.119*[#   6]+0.119*[#   7]+0.119*[#   8]
    |psi|^2 = 0.992
==== e(   3) =    10.15687 eV ==== 
     psi = 0.298*[#   4]+0.298*[#   8]+0.187*[#   3]+0.187*[#   7]+0.014*[#   2]
          +0.014*[#   6]
    |psi|^2 = 0.997
==== e(   4) =    10.15687 eV ==== 
     psi = 0.319*[#   2]+0.319*[#   6]+0.145*[#   3]+0.145*[#   7]+0.035*[#   4]
          +0.035*[#   8]
    |psi|^2 = 0.997
==== e(   5) =    22.50374 eV ==== 
     psi = 0.244*[#   3]+0.244*[#   7]+0.204*[#   4]+0.204*[#   8]+0.004*[#   2]
          +0.004*[#   6]
    |psi|^2 = 0.904
==== e(   6) =    22.50374 eV ==== 
     psi = 0.297*[#   2]+0.297*[#   6]+0.097*[#   4]+0.097*[#   8]+0.058*[#   3]
          +0.058*[#   7]
    |psi|^2 = 0.904
==== e(   7) =    23.10028 eV ==== 
     psi = 0.343*[#   1]+0.343*[#   5]+0.040*[#   2]+0.040*[#   3]+0.040*[#   4]
          +0.040*[#   6]+0.040*[#   7]+0.040*[#   8]
    |psi|^2 = 0.926
==== e(   8) =    29.95466 eV ==== 
     psi = 0.118*[#   1]+0.118*[#   5]+0.071*[#   2]+0.071*[#   3]+0.071*[#   4]
          +0.071*[#   6]+0.071*[#   7]+0.071*[#   8]
    |psi|^2 = 0.663

 k =   0.3535533906 -0.3535533906  0.8838834765
==== e(   1) =    -4.86527 eV ==== 
     psi = 0.300*[#   1]+0.300*[#   5]+0.087*[#   3]+0.087*[#   4]+0.087*[#   7]
          +0.087*[#   8]+0.024*[#   2]+0.024*[#   6]
    |psi|^2 = 0.995
==== e(   2) =     0.77272 eV ==== 
     psi = 0.171*[#   2]+0.171*[#   6]+0.125*[#   1]+0.125*[#   5]+0.100*[#   3]
          +0.100*[#   4]+0.100*[#   7]+0.100*[#   8]
    |psi|^2 = 0.992
==== e(   3) =     8.01284 eV ==== 
     psi = 0.296*[#   2]+0.296*[#   6]+0.081*[#   3]+0.081*[#   4]+0.081*[#   7]
          +0.081*[#   8]+0.040*[#   1]+0.040*[#   5]
    |psi|^2 = 0.998
==== e(   4) =     9.77245 eV ==== 
     psi = 0.249*[#   3]+0.249*[#   4]+0.249*[#   7]+0.249*[#   8]
    |psi|^2 = 0.998
==== e(   5) =    22.34689 eV ==== 
     psi = 0.278*[#   2]+0.278*[#   6]+0.056*[#   1]+0.056*[#   5]+0.044*[#   3]
          +0.044*[#   4]+0.044*[#   7]+0.044*[#   8]
    |psi|^2 = 0.845
==== e(   6) =    23.33135 eV ==== 
     psi = 0.226*[#   3]+0.226*[#   4]+0.226*[#   7]+0.226*[#   8]
    |psi|^2 = 0.905
==== e(   7) =    24.58729 eV ==== 
     psi = 0.272*[#   1]+0.272*[#   5]+0.061*[#   2]+0.061*[#   6]+0.056*[#   3]
          +0.056*[#   4]+0.056*[#   7]+0.056*[#   8]
    |psi|^2 = 0.889
==== e(   8) =    29.89307 eV ==== 
     psi = 0.125*[#   1]+0.125*[#   5]+0.094*[#   2]+0.094*[#   6]+0.072*[#   3]
          +0.072*[#   4]+0.072*[#   7]+0.072*[#   8]
    |psi|^2 = 0.726

 k =   0.2651650429 -0.2651650429  0.7954951288
==== e(   1) =    -2.92202 eV ==== 
     psi = 0.295*[#   1]+0.295*[#   5]+0.081*[#   3]+0.081*[#   4]+0.081*[#   7]
          +0.081*[#   8]+0.041*[#   2]+0.041*[#   6]
    |psi|^2 = 0.997
==== e(   2) =     0.65417 eV ==== 
     psi = 0.205*[#   2]+0.205*[#   6]+0.115*[#   1]+0.115*[#   5]+0.089*[#   3]
          +0.089*[#   4]+0.089*[#   7]+0.089*[#   8]
    |psi|^2 = 0.994
==== e(   3) =     4.75949 eV ==== 
     psi = 0.270*[#   2]+0.270*[#   6]+0.080*[#   3]+0.080*[#   4]+0.080*[#   7]
          +0.080*[#   8]+0.068*[#   1]+0.068*[#   5]
    |psi|^2 = 0.998
==== e(   4) =     8.39724 eV ==== 
     psi = 0.250*[#   3]+0.250*[#   4]+0.250*[#   7]+0.250*[#   8]
    |psi|^2 = 0.998
==== e(   5) =    20.89350 eV ==== 
     psi = 0.226*[#   2]+0.226*[#   6]+0.104*[#   1]+0.104*[#   5]+0.035*[#   3]
          +0.035*[#   4]+0.035*[#   7]+0.035*[#   8]
    |psi|^2 = 0.799
==== e(   6) =    26.11053 eV ==== 
     psi = 0.232*[#   3]+0.232*[#   4]+0.232*[#   7]+0.232*[#   8]
    |psi|^2 = 0.929
==== e(   7) =    27.85386 eV ==== 
     psi = 0.213*[#   1]+0.213*[#   5]+0.076*[#   3]+0.076*[#   4]+0.076*[#   7]
          +0.076*[#   8]+0.067*[#   2]+0.067*[#   6]
    |psi|^2 = 0.864
==== e(   8) =    29.28456 eV ==== 
     psi = 0.134*[#   1]+0.134*[#   5]+0.132*[#   2]+0.132*[#   6]+0.055*[#   3]
          +0.055*[#   4]+0.055*[#   7]+0.055*[#   8]
    |psi|^2 = 0.751

 k =   0.1767766953 -0.1767766953  0.7071067812
==== e(   1) =    -1.02407 eV ==== 
     psi = 0.282*[#   1]+0.282*[#   5]+0.139*[#   2]+0.139*[#   6]+0.039*[#   3]
          +0.039*[#   4]+0.039*[#   7]+0.039*[#   8]
    |psi|^2 = 0.998
==== e(   2) =     0.42387 eV ==== 
     psi = 0.257*[#   2]+0.257*[#   6]+0.186*[#   1]+0.186*[#   5]+0.028*[#   3]
          +0.028*[#   4]+0.028*[#   7]+0.028*[#   8]
    |psi|^2 = 0.997
==== e(   3) =     3.16886 eV ==== 
     psi = 0.170*[#   3]+0.170*[#   4]+0.170*[#   7]+0.170*[#   8]+0.158*[#   2]
          +0.158*[#   6]
    |psi|^2 = 0.996
==== e(   4) =     7.16735 eV ==== 
     psi = 0.250*[#   3]+0.250*[#   4]+0.250*[#   7]+0.250*[#   8]
    |psi|^2 = 0.999
==== e(   5) =    19.65174 eV ==== 
     psi = 0.199*[#   2]+0.199*[#   6]+0.157*[#   1]+0.157*[#   5]+0.020*[#   3]
          +0.020*[#   4]+0.020*[#   7]+0.020*[#   8]
    |psi|^2 = 0.794
==== e(   6) =    24.92906 eV ==== 
     psi = 0.147*[#   2]+0.147*[#   6]+0.144*[#   1]+0.144*[#   5]+0.025*[#   3]
          +0.025*[#   4]+0.025*[#   7]+0.025*[#   8]
    |psi|^2 = 0.685
==== e(   7) =    28.92368 eV ==== 
     psi = 0.239*[#   3]+0.239*[#   4]+0.239*[#   7]+0.239*[#   8]
    |psi|^2 = 0.957
==== e(   8) =    30.39899 eV ==== 
     psi = 0.154*[#   3]+0.154*[#   4]+0.154*[#   7]+0.154*[#   8]+0.140*[#   1]
          +0.140*[#   5]+0.003*[#   2]+0.003*[#   6]
    |psi|^2 = 0.902

 k =   0.0883883476 -0.0883883476  0.6187184335
==== e(   1) =    -2.62845 eV ==== 
     psi = 0.252*[#   2]+0.252*[#   6]+0.237*[#   1]+0.237*[#   5]+0.004*[#   3]
          +0.004*[#   4]+0.004*[#   7]+0.004*[#   8]
    |psi|^2 = 0.995
==== e(   2) =     1.62847 eV ==== 
     psi = 0.272*[#   2]+0.272*[#   6]+0.199*[#   1]+0.199*[#   5]+0.014*[#   3]
          +0.014*[#   4]+0.014*[#   7]+0.014*[#   8]
    |psi|^2 = 0.997
==== e(   3) =     5.15949 eV ==== 
     psi = 0.219*[#   3]+0.219*[#   4]+0.219*[#   7]+0.219*[#   8]+0.050*[#   2]
          +0.050*[#   6]+0.011*[#   1]+0.011*[#   5]
    |psi|^2 = 0.998
==== e(   4) =     6.57623 eV ==== 
     psi = 0.250*[#   3]+0.250*[#   4]+0.250*[#   7]+0.250*[#   8]
    |psi|^2 = 0.999
==== e(   5) =    18.91711 eV ==== 
     psi = 0.203*[#   2]+0.203*[#   6]+0.197*[#   1]+0.197*[#   5]+0.008*[#   3]
          +0.008*[#   4]+0.008*[#   7]+0.008*[#   8]
    |psi|^2 = 0.831
==== e(   6) =    21.00687 eV ==== 
     psi = 0.187*[#   1]+0.187*[#   5]+0.148*[#   2]+0.148*[#   6]+0.014*[#   3]
          +0.014*[#   4]+0.014*[#   7]+0.014*[#   8]
    |psi|^2 = 0.726
==== e(   7) =    30.33998 eV ==== 
     psi = 0.240*[#   3]+0.240*[#   4]+0.240*[#   7]+0.240*[#   8]
    |psi|^2 = 0.959
==== e(   8) =    30.66592 eV ==== 
     psi = 0.207*[#   3]+0.207*[#   4]+0.207*[#   7]+0.207*[#   8]+0.051*[#   1]
          +0.051*[#   5]+0.003*[#   2]+0.003*[#   6]
    |psi|^2 = 0.935

 k =  -0.6187184335 -0.6187184335 -0.0883883476
==== e(   1) =    -2.62927 eV ==== 
     psi = 0.252*[#   2]+0.252*[#   6]+0.237*[#   1]+0.237*[#   5]+0.004*[#   3]
          +0.004*[#   7]+0.004*[#   4]+0.004*[#   8]
    |psi|^2 = 0.995
==== e(   2) =     1.63488 eV ==== 
     psi = 0.272*[#   2]+0.272*[#   6]+0.199*[#   1]+0.199*[#   5]+0.014*[#   4]
          +0.014*[#   8]+0.014*[#   3]+0.014*[#   7]
    |psi|^2 = 0.997
==== e(   3) =     5.13731 eV ==== 
     psi = 0.219*[#   4]+0.219*[#   8]+0.219*[#   3]+0.219*[#   7]+0.050*[#   2]
          +0.050*[#   6]+0.011*[#   1]+0.011*[#   5]
    |psi|^2 = 0.998
==== e(   4) =     6.59308 eV ==== 
     psi = 0.250*[#   3]+0.250*[#   7]+0.249*[#   4]+0.249*[#   8]
    |psi|^2 = 0.999
==== e(   5) =    18.93088 eV ==== 
     psi = 0.203*[#   2]+0.203*[#   6]+0.196*[#   1]+0.196*[#   5]+0.008*[#   3]
          +0.008*[#   7]+0.007*[#   4]+0.007*[#   8]
    |psi|^2 = 0.830
==== e(   6) =    20.99292 eV ==== 
     psi = 0.187*[#   1]+0.187*[#   5]+0.147*[#   2]+0.148*[#   6]+0.014*[#   4]
          +0.014*[#   8]+0.014*[#   3]+0.014*[#   7]
    |psi|^2 = 0.727
==== e(   7) =    30.30658 eV ==== 
     psi = 0.240*[#   4]+0.240*[#   8]+0.240*[#   3]+0.240*[#   7]
    |psi|^2 = 0.959
==== e(   8) =    30.68655 eV ==== 
     psi = 0.207*[#   3]+0.207*[#   7]+0.206*[#   4]+0.206*[#   8]+0.052*[#   1]
          +0.052*[#   5]+0.003*[#   2]+0.003*[#   6]
    |psi|^2 = 0.935

 k =  -0.7071067812 -0.5303300859 -0.1767766953
==== e(   1) =    -4.23201 eV ==== 
     psi = 0.256*[#   1]+0.256*[#   5]+0.220*[#   2]+0.220*[#   6]+0.016*[#   4]
          +0.016*[#   8]+0.005*[#   3]+0.005*[#   7]
    |psi|^2 = 0.994
==== e(   2) =     3.41893 eV ==== 
     psi = 0.206*[#   2]+0.206*[#   6]+0.174*[#   1]+0.174*[#   5]+0.091*[#   3]
          +0.091*[#   7]+0.027*[#   4]+0.027*[#   8]
    |psi|^2 = 0.998
==== e(   3) =     5.52057 eV ==== 
     psi = 0.266*[#   3]+0.266*[#   7]+0.177*[#   4]+0.177*[#   8]+0.032*[#   1]
          +0.032*[#   5]+0.024*[#   2]+0.024*[#   6]
    |psi|^2 = 0.997
==== e(   4) =     6.64099 eV ==== 
     psi = 0.231*[#   4]+0.231*[#   8]+0.137*[#   3]+0.137*[#   7]+0.126*[#   2]
          +0.126*[#   6]+0.005*[#   1]+0.005*[#   5]
    |psi|^2 = 0.998
==== e(   5) =    20.36571 eV ==== 
     psi = 0.233*[#   2]+0.233*[#   6]+0.152*[#   1]+0.152*[#   5]+0.044*[#   4]
          +0.044*[#   8]+0.011*[#   3]+0.011*[#   7]
    |psi|^2 = 0.880
==== e(   6) =    22.59148 eV ==== 
     psi = 0.150*[#   1]+0.150*[#   5]+0.103*[#   2]+0.103*[#   6]+0.052*[#   4]
          +0.052*[#   8]+0.002*[#   3]+0.002*[#   7]
    |psi|^2 = 0.614
==== e(   7) =    27.47719 eV ==== 
     psi = 0.232*[#   3]+0.232*[#   7]+0.124*[#   4]+0.124*[#   8]+0.092*[#   1]
          +0.092*[#   5]+0.008*[#   2]+0.008*[#   6]
    |psi|^2 = 0.912
==== e(   8) =    29.78282 eV ==== 
     psi = 0.249*[#   4]+0.249*[#   8]+0.205*[#   3]+0.205*[#   7]+0.027*[#   1]
          +0.027*[#   5]
    |psi|^2 = 0.963

 k =  -0.7954951288 -0.4419417382 -0.2651650429
==== e(   1) =    -4.96650 eV ==== 
     psi = 0.277*[#   1]+0.277*[#   5]+0.161*[#   2]+0.161*[#   6]+0.048*[#   4]
          +0.048*[#   8]+0.012*[#   3]+0.012*[#   7]
    |psi|^2 = 0.994
==== e(   2) =     2.54988 eV ==== 
     psi = 0.184*[#   3]+0.184*[#   7]+0.127*[#   1]+0.127*[#   5]+0.105*[#   4]
          +0.105*[#   8]+0.082*[#   2]+0.082*[#   6]
    |psi|^2 = 0.995
==== e(   3) =     6.26943 eV ==== 
     psi = 0.256*[#   3]+0.256*[#   7]+0.090*[#   2]+0.090*[#   6]+0.090*[#   4]
          +0.090*[#   8]+0.063*[#   1]+0.063*[#   5]
    |psi|^2 = 0.997
==== e(   4) =     8.58426 eV ==== 
     psi = 0.223*[#   2]+0.223*[#   6]+0.222*[#   4]+0.222*[#   8]+0.042*[#   3]
          +0.042*[#   7]+0.011*[#   1]+0.011*[#   5]
    |psi|^2 = 0.997
==== e(   5) =    22.06657 eV ==== 
     psi = 0.248*[#   2]+0.248*[#   6]+0.076*[#   4]+0.076*[#   8]+0.070*[#   1]
          +0.070*[#   5]+0.034*[#   3]+0.034*[#   7]
    |psi|^2 = 0.855
==== e(   6) =    23.81676 eV ==== 
     psi = 0.202*[#   3]+0.202*[#   7]+0.126*[#   4]+0.126*[#   8]+0.063*[#   1]
          +0.063*[#   5]+0.019*[#   2]+0.019*[#   6]
    |psi|^2 = 0.820
==== e(   7) =    26.88722 eV ==== 
     psi = 0.229*[#   1]+0.229*[#   5]+0.088*[#   2]+0.088*[#   6]+0.079*[#   4]
          +0.079*[#   8]+0.022*[#   3]+0.022*[#   7]
    |psi|^2 = 0.835
==== e(   8) =    27.71814 eV ==== 
     psi = 0.165*[#   3]+0.165*[#   7]+0.160*[#   4]+0.160*[#   8]+0.069*[#   1]
          +0.069*[#   5]+0.010*[#   2]+0.010*[#   6]
    |psi|^2 = 0.808

 k =  -0.8838834765 -0.3535533906 -0.3535533906
==== e(   1) =    -4.86527 eV ==== 
     psi = 0.300*[#   1]+0.300*[#   5]+0.087*[#   2]+0.087*[#   4]+0.087*[#   6]
          +0.087*[#   8]+0.024*[#   3]+0.024*[#   7]
    |psi|^2 = 0.995
==== e(   2) =     0.77272 eV ==== 
     psi = 0.171*[#   3]+0.171*[#   7]+0.125*[#   1]+0.125*[#   5]+0.100*[#   2]
          +0.100*[#   4]+0.100*[#   6]+0.100*[#   8]
    |psi|^2 = 0.992
==== e(   3) =     8.01284 eV ==== 
     psi = 0.296*[#   3]+0.296*[#   7]+0.081*[#   2]+0.081*[#   4]+0.081*[#   6]
          +0.081*[#   8]+0.040*[#   1]+0.040*[#   5]
    |psi|^2 = 0.998
==== e(   4) =     9.77245 eV ==== 
     psi = 0.249*[#   2]+0.249*[#   4]+0.249*[#   6]+0.249*[#   8]
    |psi|^2 = 0.998
==== e(   5) =    22.34689 eV ==== 
     psi = 0.278*[#   3]+0.278*[#   7]+0.056*[#   1]+0.056*[#   5]+0.044*[#   2]
          +0.044*[#   4]+0.044*[#   6]+0.044*[#   8]
    |psi|^2 = 0.845
==== e(   6) =    23.33135 eV ==== 
     psi = 0.226*[#   2]+0.226*[#   4]+0.226*[#   6]+0.226*[#   8]
    |psi|^2 = 0.905
==== e(   7) =    24.58729 eV ==== 
     psi = 0.272*[#   1]+0.272*[#   5]+0.061*[#   3]+0.061*[#   7]+0.056*[#   2]
          +0.056*[#   4]+0.056*[#   6]+0.056*[#   8]
    |psi|^2 = 0.889
==== e(   8) =    29.89307 eV ==== 
     psi = 0.125*[#   1]+0.125*[#   5]+0.094*[#   3]+0.094*[#   7]+0.072*[#   2]
          +0.072*[#   4]+0.072*[#   6]+0.072*[#   8]
    |psi|^2 = 0.726

 k =  -0.2651650429 -0.9722718241  0.2651650429
==== e(   1) =    -3.99398 eV ==== 
     psi = 0.325*[#   1]+0.325*[#   5]+0.107*[#   4]+0.107*[#   8]+0.033*[#   2]
          +0.033*[#   3]+0.033*[#   6]+0.033*[#   7]
    |psi|^2 = 0.997
==== e(   2) =    -0.35345 eV ==== 
     psi = 0.146*[#   2]+0.146*[#   3]+0.146*[#   6]+0.146*[#   7]+0.102*[#   4]
          +0.102*[#   8]+0.101*[#   1]+0.101*[#   5]
    |psi|^2 = 0.990
==== e(   3) =     8.50147 eV ==== 
     psi = 0.314*[#   4]+0.314*[#   8]+0.073*[#   2]+0.073*[#   3]+0.073*[#   6]
          +0.073*[#   7]+0.039*[#   1]+0.039*[#   5]
    |psi|^2 = 0.998
==== e(   4) =     9.08567 eV ==== 
     psi = 0.249*[#   2]+0.249*[#   3]+0.249*[#   6]+0.249*[#   7]
    |psi|^2 = 0.998
==== e(   5) =    21.71284 eV ==== 
     psi = 0.277*[#   4]+0.277*[#   8]+0.067*[#   1]+0.067*[#   5]+0.039*[#   2]
          +0.039*[#   3]+0.039*[#   6]+0.039*[#   7]
    |psi|^2 = 0.845
==== e(   6) =    24.01032 eV ==== 
     psi = 0.221*[#   2]+0.221*[#   3]+0.221*[#   6]+0.221*[#   7]
    |psi|^2 = 0.886
==== e(   7) =    24.71213 eV ==== 
     psi = 0.277*[#   1]+0.277*[#   5]+0.077*[#   2]+0.077*[#   3]+0.077*[#   6]
          +0.077*[#   7]+0.014*[#   4]+0.014*[#   8]
    |psi|^2 = 0.890
==== e(   8) =    29.58826 eV ==== 
     psi = 0.109*[#   4]+0.109*[#   8]+0.103*[#   1]+0.103*[#   5]+0.060*[#   2]
          +0.060*[#   3]+0.060*[#   6]+0.060*[#   7]
    |psi|^2 = 0.667

 k =  -0.3535533906 -0.8838834765  0.1767766953
==== e(   1) =    -2.83085 eV ==== 
     psi = 0.326*[#   1]+0.326*[#   5]+0.073*[#   2]+0.073*[#   4]+0.073*[#   6]
          +0.073*[#   8]+0.027*[#   3]+0.027*[#   7]
    |psi|^2 = 0.999
==== e(   2) =    -0.18745 eV ==== 
     psi = 0.143*[#   2]+0.143*[#   4]+0.143*[#   6]+0.143*[#   8]+0.127*[#   3]
          +0.127*[#   7]+0.083*[#   1]+0.083*[#   5]
    |psi|^2 = 0.991
==== e(   3) =     6.24297 eV ==== 
     psi = 0.190*[#   2]+0.190*[#   4]+0.190*[#   6]+0.190*[#   8]+0.070*[#   1]
          +0.070*[#   5]+0.048*[#   3]+0.048*[#   7]
    |psi|^2 = 0.998
==== e(   4) =     7.90046 eV ==== 
     psi = 0.257*[#   3]+0.257*[#   7]+0.120*[#   2]+0.120*[#   4]+0.120*[#   6]
          +0.120*[#   8]+0.003*[#   1]+0.003*[#   5]
    |psi|^2 = 0.998
==== e(   5) =    22.35065 eV ==== 
     psi = 0.135*[#   2]+0.135*[#   4]+0.135*[#   6]+0.135*[#   8]+0.096*[#   3]
          +0.096*[#   7]+0.016*[#   1]+0.016*[#   5]
    |psi|^2 = 0.763
==== e(   6) =    23.69759 eV ==== 
     psi = 0.154*[#   1]+0.154*[#   5]+0.096*[#   2]+0.096*[#   4]+0.096*[#   6]
          +0.096*[#   8]+0.092*[#   3]+0.092*[#   7]
    |psi|^2 = 0.874
==== e(   7) =    27.65123 eV ==== 
     psi = 0.205*[#   3]+0.205*[#   7]+0.155*[#   1]+0.155*[#   5]+0.058*[#   2]
          +0.058*[#   4]+0.058*[#   6]+0.058*[#   8]
    |psi|^2 = 0.951
==== e(   8) =    29.36427 eV ==== 
     psi = 0.134*[#   1]+0.134*[#   5]+0.112*[#   2]+0.112*[#   4]+0.112*[#   6]
          +0.112*[#   8]+0.038*[#   3]+0.038*[#   7]
    |psi|^2 = 0.794

 k =  -0.4419417382 -0.7954951288  0.0883883476
==== e(   1) =    -1.80311 eV ==== 
     psi = 0.267*[#   1]+0.267*[#   5]+0.185*[#   2]+0.185*[#   6]+0.034*[#   4]
          +0.034*[#   8]+0.013*[#   3]+0.013*[#   7]
    |psi|^2 = 0.997
==== e(   2) =     1.01736 eV ==== 
     psi = 0.172*[#   1]+0.172*[#   5]+0.140*[#   2]+0.140*[#   6]+0.129*[#   4]
          +0.129*[#   8]+0.058*[#   3]+0.058*[#   7]
    |psi|^2 = 0.997
==== e(   3) =     4.09311 eV ==== 
     psi = 0.181*[#   2]+0.181*[#   6]+0.143*[#   4]+0.143*[#   8]+0.135*[#   3]
          +0.135*[#   7]+0.039*[#   1]+0.039*[#   5]
    |psi|^2 = 0.997
==== e(   4) =     6.17109 eV ==== 
     psi = 0.223*[#   3]+0.223*[#   7]+0.216*[#   4]+0.216*[#   8]+0.054*[#   2]
          +0.054*[#   6]+0.006*[#   1]+0.006*[#   5]
    |psi|^2 = 0.998
==== e(   5) =    21.56552 eV ==== 
     psi = 0.188*[#   2]+0.188*[#   6]+0.112*[#   1]+0.112*[#   5]+0.079*[#   3]
          +0.079*[#   7]+0.005*[#   4]+0.005*[#   8]
    |psi|^2 = 0.767
==== e(   6) =    25.01617 eV ==== 
     psi = 0.118*[#   3]+0.118*[#   7]+0.114*[#   2]+0.114*[#   6]+0.069*[#   1]
          +0.069*[#   5]+0.016*[#   4]+0.016*[#   8]
    |psi|^2 = 0.635
==== e(   7) =    27.01667 eV ==== 
     psi = 0.201*[#   4]+0.201*[#   8]+0.168*[#   1]+0.168*[#   5]+0.050*[#   3]
          +0.050*[#   7]+0.043*[#   2]+0.043*[#   6]
    |psi|^2 = 0.925
==== e(   8) =    29.58584 eV ==== 
     psi = 0.194*[#   4]+0.194*[#   8]+0.153*[#   3]+0.153*[#   7]+0.107*[#   1]
          +0.107*[#   5]+0.003*[#   2]+0.003*[#   6]
    |psi|^2 = 0.913

 k =  -0.5303300859 -0.7071067812  0.0000000000
==== e(   1) =    -0.35790 eV ==== 
     psi = 0.253*[#   2]+0.252*[#   6]+0.225*[#   5]+0.224*[#   1]+0.020*[#   4]
          +0.019*[#   8]+0.002*[#   3]+0.002*[#   7]
    |psi|^2 = 0.997
==== e(   2) =    -0.34370 eV ==== 
     psi = 0.254*[#   6]+0.253*[#   2]+0.224*[#   1]+0.223*[#   5]+0.019*[#   4]
          +0.019*[#   8]+0.002*[#   3]+0.002*[#   7]
    |psi|^2 = 0.997
==== e(   3) =     5.14658 eV ==== 
     psi = 0.236*[#   4]+0.235*[#   8]+0.219*[#   7]+0.218*[#   3]+0.036*[#   2]
          +0.036*[#   6]+0.009*[#   1]+0.009*[#   5]
    |psi|^2 = 0.998
==== e(   4) =     5.16313 eV ==== 
     psi = 0.235*[#   8]+0.235*[#   4]+0.219*[#   3]+0.219*[#   7]+0.036*[#   6]
          +0.036*[#   2]+0.009*[#   1]+0.009*[#   5]
    |psi|^2 = 0.998
==== e(   5) =    20.86784 eV ==== 
     psi = 0.170*[#   2]+0.169*[#   5]+0.167*[#   6]+0.166*[#   1]+0.045*[#   7]
          +0.044*[#   3]+0.002*[#   4]+0.001*[#   8]
    |psi|^2 = 0.763
==== e(   6) =    20.88438 eV ==== 
     psi = 0.171*[#   6]+0.169*[#   1]+0.167*[#   2]+0.165*[#   5]+0.044*[#   3]
          +0.043*[#   7]+0.002*[#   4]+0.002*[#   8]
    |psi|^2 = 0.761
==== e(   7) =    30.24031 eV ==== 
     psi = 0.225*[#   4]+0.225*[#   8]+0.174*[#   7]+0.174*[#   3]+0.056*[#   5]
          +0.056*[#   1]+0.003*[#   2]+0.003*[#   6]
    |psi|^2 = 0.916
==== e(   8) =    30.25825 eV ==== 
     psi = 0.225*[#   8]+0.224*[#   4]+0.174*[#   3]+0.173*[#   7]+0.057*[#   1]
          +0.057*[#   5]+0.003*[#   2]+0.003*[#   6]
    |psi|^2 = 0.915

 k =  -0.5303300859 -0.5303300859  0.0000000000
==== e(   1) =    -1.01287 eV ==== 
     psi = 0.281*[#   1]+0.281*[#   5]+0.139*[#   2]+0.139*[#   6]+0.040*[#   3]
          +0.040*[#   4]+0.040*[#   7]+0.040*[#   8]
    |psi|^2 = 0.998
==== e(   2) =     0.40957 eV ==== 
     psi = 0.256*[#   2]+0.256*[#   6]+0.187*[#   1]+0.187*[#   5]+0.028*[#   3]
          +0.028*[#   4]+0.028*[#   7]+0.028*[#   8]
    |psi|^2 = 0.997
==== e(   3) =     3.15674 eV ==== 
     psi = 0.169*[#   3]+0.169*[#   4]+0.169*[#   7]+0.169*[#   8]+0.159*[#   2]
          +0.159*[#   6]
    |psi|^2 = 0.996
==== e(   4) =     7.18537 eV ==== 
     psi = 0.250*[#   3]+0.250*[#   4]+0.250*[#   7]+0.250*[#   8]
    |psi|^2 = 0.999
==== e(   5) =    19.66608 eV ==== 
     psi = 0.200*[#   2]+0.200*[#   6]+0.156*[#   1]+0.156*[#   5]+0.020*[#   3]
          +0.020*[#   4]+0.020*[#   7]+0.020*[#   8]
    |psi|^2 = 0.793
==== e(   6) =    24.91632 eV ==== 
     psi = 0.147*[#   2]+0.147*[#   6]+0.145*[#   1]+0.145*[#   5]+0.026*[#   3]
          +0.026*[#   4]+0.026*[#   7]+0.026*[#   8]
    |psi|^2 = 0.685
==== e(   7) =    28.89125 eV ==== 
     psi = 0.239*[#   3]+0.239*[#   4]+0.239*[#   7]+0.239*[#   8]
    |psi|^2 = 0.957
==== e(   8) =    30.40364 eV ==== 
     psi = 0.153*[#   3]+0.153*[#   4]+0.153*[#   7]+0.153*[#   8]+0.141*[#   1]
          +0.141*[#   5]+0.003*[#   2]+0.003*[#   6]
    |psi|^2 = 0.900

 k =  -0.6187184335 -0.4419417382 -0.0883883476
==== e(   1) =    -1.79602 eV ==== 
     psi = 0.267*[#   1]+0.267*[#   5]+0.185*[#   2]+0.185*[#   6]+0.034*[#   3]
          +0.034*[#   7]+0.013*[#   4]+0.013*[#   8]
    |psi|^2 = 0.997
==== e(   2) =     0.99643 eV ==== 
     psi = 0.172*[#   1]+0.172*[#   5]+0.138*[#   2]+0.138*[#   6]+0.130*[#   3]
          +0.130*[#   7]+0.059*[#   4]+0.059*[#   8]
    |psi|^2 = 0.997
==== e(   3) =     4.09849 eV ==== 
     psi = 0.183*[#   2]+0.183*[#   6]+0.142*[#   3]+0.142*[#   7]+0.134*[#   4]
          +0.134*[#   8]+0.039*[#   1]+0.039*[#   5]
    |psi|^2 = 0.997
==== e(   4) =     6.18098 eV ==== 
     psi = 0.223*[#   4]+0.223*[#   8]+0.217*[#   3]+0.217*[#   7]+0.054*[#   2]
          +0.054*[#   6]+0.006*[#   1]+0.006*[#   5]
    |psi|^2 = 0.998
==== e(   5) =    21.57799 eV ==== 
     psi = 0.188*[#   2]+0.188*[#   6]+0.111*[#   1]+0.111*[#   5]+0.079*[#   4]
          +0.079*[#   8]+0.005*[#   3]+0.005*[#   7]
    |psi|^2 = 0.765
==== e(   6) =    25.01000 eV ==== 
     psi = 0.118*[#   4]+0.118*[#   8]+0.115*[#   2]+0.115*[#   6]+0.069*[#   1]
          +0.069*[#   5]+0.015*[#   3]+0.015*[#   7]
    |psi|^2 = 0.635
==== e(   7) =    27.01237 eV ==== 
     psi = 0.201*[#   3]+0.201*[#   7]+0.168*[#   1]+0.168*[#   5]+0.051*[#   4]
          +0.051*[#   8]+0.042*[#   2]+0.042*[#   6]
    |psi|^2 = 0.925
==== e(   8) =    29.57270 eV ==== 
     psi = 0.194*[#   3]+0.194*[#   7]+0.152*[#   4]+0.152*[#   8]+0.106*[#   1]
          +0.106*[#   5]+0.003*[#   2]+0.003*[#   6]
    |psi|^2 = 0.911

 k =  -0.7071067812 -0.3535533906 -0.1767766953
==== e(   1) =    -2.67103 eV ==== 
     psi = 0.270*[#   1]+0.270*[#   5]+0.152*[#   2]+0.152*[#   6]+0.045*[#   4]
          +0.045*[#   8]+0.031*[#   3]+0.031*[#   7]
    |psi|^2 = 0.997
==== e(   2) =     1.83088 eV ==== 
     psi = 0.208*[#   3]+0.208*[#   7]+0.173*[#   1]+0.173*[#   5]+0.076*[#   2]
          +0.076*[#   6]+0.042*[#   4]+0.042*[#   8]
    |psi|^2 = 0.998
==== e(   3) =     3.63612 eV ==== 
     psi = 0.251*[#   3]+0.251*[#   7]+0.138*[#   4]+0.138*[#   8]+0.073*[#   2]
          +0.073*[#   6]+0.035*[#   1]+0.035*[#   5]
    |psi|^2 = 0.996
==== e(   4) =     7.10866 eV ==== 
     psi = 0.245*[#   2]+0.245*[#   6]+0.209*[#   4]+0.209*[#   8]+0.035*[#   3]
          +0.035*[#   7]+0.010*[#   1]+0.010*[#   5]
    |psi|^2 = 0.998
==== e(   5) =    22.42062 eV ==== 
     psi = 0.190*[#   3]+0.190*[#   7]+0.114*[#   4]+0.114*[#   8]+0.060*[#   1]
          +0.059*[#   5]+0.008*[#   2]+0.008*[#   6]
    |psi|^2 = 0.743
==== e(   6) =    25.02475 eV ==== 
     psi = 0.235*[#   2]+0.235*[#   6]+0.125*[#   4]+0.125*[#   8]+0.052*[#   1]
          +0.052*[#   5]+0.005*[#   3]+0.005*[#   7]
    |psi|^2 = 0.833
==== e(   7) =    27.54206 eV ==== 
     psi = 0.226*[#   1]+0.226*[#   5]+0.112*[#   2]+0.112*[#   6]+0.041*[#   4]
          +0.041*[#   8]+0.021*[#   3]+0.021*[#   7]
    |psi|^2 = 0.800
==== e(   8) =    29.15501 eV ==== 
     psi = 0.202*[#   3]+0.202*[#   7]+0.135*[#   1]+0.135*[#   5]+0.117*[#   4]
          +0.117*[#   8]+0.008*[#   2]+0.008*[#   6]
    |psi|^2 = 0.923

 k =  -0.7954951288 -0.2651650429 -0.2651650429
==== e(   1) =    -2.92202 eV ==== 
     psi = 0.295*[#   1]+0.295*[#   5]+0.081*[#   2]+0.081*[#   4]+0.081*[#   6]
          +0.081*[#   8]+0.041*[#   3]+0.041*[#   7]
    |psi|^2 = 0.997
==== e(   2) =     0.65417 eV ==== 
     psi = 0.205*[#   3]+0.205*[#   7]+0.115*[#   1]+0.115*[#   5]+0.089*[#   2]
          +0.089*[#   4]+0.089*[#   6]+0.089*[#   8]
    |psi|^2 = 0.994
==== e(   3) =     4.75949 eV ==== 
     psi = 0.270*[#   3]+0.270*[#   7]+0.080*[#   2]+0.080*[#   4]+0.080*[#   6]
          +0.080*[#   8]+0.068*[#   1]+0.068*[#   5]
    |psi|^2 = 0.998
==== e(   4) =     8.39724 eV ==== 
     psi = 0.250*[#   2]+0.250*[#   4]+0.250*[#   6]+0.250*[#   8]
    |psi|^2 = 0.998
==== e(   5) =    20.89350 eV ==== 
     psi = 0.226*[#   3]+0.226*[#   7]+0.104*[#   1]+0.104*[#   5]+0.035*[#   2]
          +0.035*[#   4]+0.035*[#   6]+0.035*[#   8]
    |psi|^2 = 0.799
==== e(   6) =    26.11053 eV ==== 
     psi = 0.232*[#   2]+0.232*[#   4]+0.232*[#   6]+0.232*[#   8]
    |psi|^2 = 0.929
==== e(   7) =    27.85386 eV ==== 
     psi = 0.213*[#   1]+0.213*[#   5]+0.076*[#   2]+0.076*[#   4]+0.076*[#   6]
          +0.076*[#   8]+0.067*[#   3]+0.067*[#   7]
    |psi|^2 = 0.864
==== e(   8) =    29.28456 eV ==== 
     psi = 0.134*[#   1]+0.134*[#   5]+0.132*[#   3]+0.132*[#   7]+0.055*[#   2]
          +0.055*[#   4]+0.055*[#   6]+0.055*[#   8]
    |psi|^2 = 0.751

 k =  -0.1767766953 -0.8838834765  0.3535533906
==== e(   1) =    -2.83085 eV ==== 
     psi = 0.326*[#   1]+0.326*[#   5]+0.073*[#   3]+0.073*[#   4]+0.073*[#   7]
          +0.073*[#   8]+0.027*[#   2]+0.027*[#   6]
    |psi|^2 = 0.999
==== e(   2) =    -0.18745 eV ==== 
     psi = 0.143*[#   3]+0.143*[#   4]+0.143*[#   7]+0.143*[#   8]+0.127*[#   2]
          +0.127*[#   6]+0.083*[#   1]+0.083*[#   5]
    |psi|^2 = 0.991
==== e(   3) =     6.24297 eV ==== 
     psi = 0.190*[#   3]+0.190*[#   4]+0.190*[#   7]+0.190*[#   8]+0.070*[#   1]
          +0.070*[#   5]+0.048*[#   2]+0.048*[#   6]
    |psi|^2 = 0.998
==== e(   4) =     7.90046 eV ==== 
     psi = 0.257*[#   2]+0.257*[#   6]+0.120*[#   3]+0.120*[#   4]+0.120*[#   7]
          +0.120*[#   8]+0.003*[#   1]+0.003*[#   5]
    |psi|^2 = 0.998
==== e(   5) =    22.35065 eV ==== 
     psi = 0.135*[#   3]+0.135*[#   4]+0.135*[#   7]+0.135*[#   8]+0.096*[#   2]
          +0.096*[#   6]+0.016*[#   1]+0.016*[#   5]
    |psi|^2 = 0.763
==== e(   6) =    23.69759 eV ==== 
     psi = 0.154*[#   1]+0.154*[#   5]+0.096*[#   3]+0.096*[#   4]+0.096*[#   7]
          +0.096*[#   8]+0.092*[#   2]+0.092*[#   6]
    |psi|^2 = 0.874
==== e(   7) =    27.65123 eV ==== 
     psi = 0.205*[#   2]+0.205*[#   6]+0.155*[#   1]+0.155*[#   5]+0.058*[#   3]
          +0.058*[#   4]+0.058*[#   7]+0.058*[#   8]
    |psi|^2 = 0.951
==== e(   8) =    29.36427 eV ==== 
     psi = 0.134*[#   1]+0.134*[#   5]+0.112*[#   3]+0.112*[#   4]+0.112*[#   7]
          +0.112*[#   8]+0.038*[#   2]+0.038*[#   6]
    |psi|^2 = 0.794

 k =  -0.2651650429 -0.7954951288  0.2651650429
==== e(   1) =    -2.92202 eV ==== 
     psi = 0.295*[#   1]+0.295*[#   5]+0.081*[#   2]+0.081*[#   3]+0.081*[#   6]
          +0.081*[#   7]+0.041*[#   4]+0.041*[#   8]
    |psi|^2 = 0.997
==== e(   2) =     0.65417 eV ==== 
     psi = 0.205*[#   4]+0.205*[#   8]+0.115*[#   1]+0.115*[#   5]+0.089*[#   2]
          +0.089*[#   3]+0.089*[#   6]+0.089*[#   7]
    |psi|^2 = 0.994
==== e(   3) =     4.75949 eV ==== 
     psi = 0.270*[#   4]+0.270*[#   8]+0.080*[#   2]+0.080*[#   3]+0.080*[#   6]
          +0.080*[#   7]+0.068*[#   1]+0.068*[#   5]
    |psi|^2 = 0.998
==== e(   4) =     8.39724 eV ==== 
     psi = 0.250*[#   2]+0.250*[#   3]+0.250*[#   6]+0.250*[#   7]
    |psi|^2 = 0.998
==== e(   5) =    20.89350 eV ==== 
     psi = 0.226*[#   4]+0.226*[#   8]+0.104*[#   1]+0.104*[#   5]+0.035*[#   2]
          +0.035*[#   3]+0.035*[#   6]+0.035*[#   7]
    |psi|^2 = 0.799
==== e(   6) =    26.11053 eV ==== 
     psi = 0.232*[#   2]+0.232*[#   3]+0.232*[#   6]+0.232*[#   7]
    |psi|^2 = 0.929
==== e(   7) =    27.85386 eV ==== 
     psi = 0.213*[#   1]+0.213*[#   5]+0.076*[#   2]+0.076*[#   3]+0.076*[#   6]
          +0.076*[#   7]+0.067*[#   4]+0.067*[#   8]
    |psi|^2 = 0.864
==== e(   8) =    29.28456 eV ==== 
     psi = 0.134*[#   1]+0.134*[#   5]+0.132*[#   4]+0.132*[#   8]+0.055*[#   2]
          +0.055*[#   3]+0.055*[#   6]+0.055*[#   7]
    |psi|^2 = 0.751

 k =  -0.3535533906 -0.7071067812  0.1767766953
==== e(   1) =    -2.67103 eV ==== 
     psi = 0.270*[#   1]+0.270*[#   5]+0.152*[#   2]+0.152*[#   6]+0.045*[#   3]
          +0.045*[#   7]+0.031*[#   4]+0.031*[#   8]
    |psi|^2 = 0.997
==== e(   2) =     1.83088 eV ==== 
     psi = 0.208*[#   4]+0.208*[#   8]+0.173*[#   1]+0.173*[#   5]+0.076*[#   2]
          +0.076*[#   6]+0.042*[#   3]+0.042*[#   7]
    |psi|^2 = 0.998
==== e(   3) =     3.63612 eV ==== 
     psi = 0.251*[#   4]+0.251*[#   8]+0.138*[#   3]+0.138*[#   7]+0.073*[#   2]
          +0.073*[#   6]+0.035*[#   1]+0.035*[#   5]
    |psi|^2 = 0.996
==== e(   4) =     7.10866 eV ==== 
     psi = 0.245*[#   2]+0.245*[#   6]+0.209*[#   3]+0.209*[#   7]+0.035*[#   4]
          +0.035*[#   8]+0.010*[#   1]+0.010*[#   5]
    |psi|^2 = 0.998
==== e(   5) =    22.42062 eV ==== 
     psi = 0.190*[#   4]+0.190*[#   8]+0.114*[#   3]+0.114*[#   7]+0.060*[#   1]
          +0.059*[#   5]+0.008*[#   2]+0.008*[#   6]
    |psi|^2 = 0.743
==== e(   6) =    25.02475 eV ==== 
     psi = 0.235*[#   2]+0.235*[#   6]+0.125*[#   3]+0.125*[#   7]+0.052*[#   1]
          +0.052*[#   5]+0.005*[#   4]+0.005*[#   8]
    |psi|^2 = 0.833
==== e(   7) =    27.54206 eV ==== 
     psi = 0.226*[#   1]+0.226*[#   5]+0.112*[#   2]+0.112*[#   6]+0.041*[#   3]
          +0.041*[#   7]+0.021*[#   4]+0.021*[#   8]
    |psi|^2 = 0.800
==== e(   8) =    29.15501 eV ==== 
     psi = 0.202*[#   4]+0.202*[#   8]+0.135*[#   1]+0.135*[#   5]+0.117*[#   3]
          +0.117*[#   7]+0.008*[#   2]+0.008*[#   6]
    |psi|^2 = 0.923

 k =  -0.4419417382 -0.6187184335  0.0883883476
==== e(   1) =    -1.79602 eV ==== 
     psi = 0.267*[#   1]+0.267*[#   5]+0.185*[#   2]+0.185*[#   6]+0.034*[#   4]
          +0.034*[#   8]+0.013*[#   3]+0.013*[#   7]
    |psi|^2 = 0.997
==== e(   2) =     0.99643 eV ==== 
     psi = 0.172*[#   1]+0.172*[#   5]+0.138*[#   2]+0.138*[#   6]+0.130*[#   4]
          +0.130*[#   8]+0.059*[#   3]+0.059*[#   7]
    |psi|^2 = 0.997
==== e(   3) =     4.09849 eV ==== 
     psi = 0.183*[#   2]+0.183*[#   6]+0.142*[#   4]+0.142*[#   8]+0.134*[#   3]
          +0.134*[#   7]+0.039*[#   1]+0.039*[#   5]
    |psi|^2 = 0.997
==== e(   4) =     6.18098 eV ==== 
     psi = 0.223*[#   3]+0.223*[#   7]+0.217*[#   4]+0.217*[#   8]+0.054*[#   2]
          +0.054*[#   6]+0.006*[#   1]+0.006*[#   5]
    |psi|^2 = 0.998
==== e(   5) =    21.57799 eV ==== 
     psi = 0.188*[#   2]+0.188*[#   6]+0.111*[#   1]+0.111*[#   5]+0.079*[#   3]
          +0.079*[#   7]+0.005*[#   4]+0.005*[#   8]
    |psi|^2 = 0.765
==== e(   6) =    25.01000 eV ==== 
     psi = 0.118*[#   3]+0.118*[#   7]+0.115*[#   2]+0.115*[#   6]+0.069*[#   1]
          +0.069*[#   5]+0.015*[#   4]+0.015*[#   8]
    |psi|^2 = 0.635
==== e(   7) =    27.01237 eV ==== 
     psi = 0.201*[#   4]+0.201*[#   8]+0.168*[#   1]+0.168*[#   5]+0.051*[#   3]
          +0.051*[#   7]+0.042*[#   2]+0.042*[#   6]
    |psi|^2 = 0.925
==== e(   8) =    29.57270 eV ==== 
     psi = 0.194*[#   4]+0.194*[#   8]+0.152*[#   3]+0.152*[#   7]+0.106*[#   1]
          +0.106*[#   5]+0.003*[#   2]+0.003*[#   6]
    |psi|^2 = 0.911

 k =  -0.4419417382 -0.4419417382  0.0883883476
==== e(   1) =    -2.91467 eV ==== 
     psi = 0.294*[#   1]+0.294*[#   5]+0.082*[#   4]+0.082*[#   8]+0.082*[#   3]
          +0.082*[#   7]+0.041*[#   2]+0.041*[#   6]
    |psi|^2 = 0.997
==== e(   2) =     0.62961 eV ==== 
     psi = 0.204*[#   2]+0.204*[#   6]+0.116*[#   1]+0.116*[#   5]+0.089*[#   4]
          +0.089*[#   8]+0.088*[#   3]+0.088*[#   7]
    |psi|^2 = 0.994
==== e(   3) =     4.76150 eV ==== 
     psi = 0.271*[#   2]+0.271*[#   6]+0.081*[#   3]+0.081*[#   7]+0.080*[#   4]
          +0.080*[#   8]+0.068*[#   1]+0.068*[#   5]
    |psi|^2 = 0.998
==== e(   4) =     8.41725 eV ==== 
     psi = 0.250*[#   4]+0.250*[#   8]+0.249*[#   3]+0.249*[#   7]
    |psi|^2 = 0.998
==== e(   5) =    20.90877 eV ==== 
     psi = 0.227*[#   2]+0.227*[#   6]+0.103*[#   1]+0.103*[#   5]+0.035*[#   4]
          +0.035*[#   8]+0.034*[#   3]+0.034*[#   7]
    |psi|^2 = 0.797
==== e(   6) =    26.08883 eV ==== 
     psi = 0.232*[#   3]+0.232*[#   7]+0.232*[#   4]+0.232*[#   8]
    |psi|^2 = 0.929
==== e(   7) =    27.86328 eV ==== 
     psi = 0.213*[#   1]+0.213*[#   5]+0.076*[#   4]+0.076*[#   8]+0.076*[#   3]
          +0.076*[#   7]+0.066*[#   2]+0.066*[#   6]
    |psi|^2 = 0.865
==== e(   8) =    29.30771 eV ==== 
     psi = 0.134*[#   1]+0.134*[#   5]+0.131*[#   2]+0.131*[#   6]+0.054*[#   3]
          +0.054*[#   7]+0.053*[#   4]+0.053*[#   8]
    |psi|^2 = 0.744

 k =  -0.5303300859 -0.3535533906  0.0000000000
==== e(   1) =    -2.66699 eV ==== 
     psi = 0.269*[#   1]+0.269*[#   5]+0.153*[#   3]+0.153*[#   7]+0.046*[#   4]
          +0.046*[#   8]+0.031*[#   2]+0.031*[#   6]
    |psi|^2 = 0.997
==== e(   2) =     1.81323 eV ==== 
     psi = 0.207*[#   2]+0.207*[#   6]+0.174*[#   1]+0.174*[#   5]+0.076*[#   3]
          +0.076*[#   7]+0.043*[#   4]+0.043*[#   8]
    |psi|^2 = 0.998
==== e(   3) =     3.63271 eV ==== 
     psi = 0.253*[#   2]+0.253*[#   6]+0.138*[#   4]+0.138*[#   8]+0.073*[#   3]
          +0.073*[#   7]+0.035*[#   1]+0.035*[#   5]
    |psi|^2 = 0.996
==== e(   4) =     7.12928 eV ==== 
     psi = 0.245*[#   3]+0.245*[#   7]+0.209*[#   4]+0.209*[#   8]+0.035*[#   2]
          +0.035*[#   6]+0.010*[#   1]+0.010*[#   5]
    |psi|^2 = 0.998
==== e(   5) =    22.44065 eV ==== 
     psi = 0.191*[#   2]+0.191*[#   6]+0.113*[#   4]+0.113*[#   8]+0.059*[#   1]
          +0.059*[#   5]+0.008*[#   3]+0.008*[#   7]
    |psi|^2 = 0.742
==== e(   6) =    25.00457 eV ==== 
     psi = 0.235*[#   3]+0.235*[#   7]+0.127*[#   4]+0.127*[#   8]+0.051*[#   1]
          +0.051*[#   5]+0.004*[#   2]+0.004*[#   6]
    |psi|^2 = 0.833
==== e(   7) =    27.53533 eV ==== 
     psi = 0.226*[#   1]+0.226*[#   5]+0.112*[#   3]+0.112*[#   7]+0.041*[#   4]
          +0.041*[#   8]+0.021*[#   2]+0.021*[#   6]
    |psi|^2 = 0.799
==== e(   8) =    29.16957 eV ==== 
     psi = 0.201*[#   2]+0.201*[#   6]+0.137*[#   1]+0.137*[#   5]+0.114*[#   4]
          +0.114*[#   8]+0.009*[#   3]+0.009*[#   7]
    |psi|^2 = 0.923

 k =  -0.6187184335 -0.2651650429 -0.0883883476
==== e(   1) =    -1.79432 eV ==== 
     psi = 0.266*[#   1]+0.266*[#   5]+0.185*[#   3]+0.185*[#   7]+0.034*[#   2]
          +0.034*[#   6]+0.013*[#   4]+0.013*[#   8]
    |psi|^2 = 0.997
==== e(   2) =     0.98858 eV ==== 
     psi = 0.172*[#   1]+0.172*[#   5]+0.139*[#   3]+0.139*[#   7]+0.129*[#   2]
          +0.129*[#   6]+0.058*[#   4]+0.058*[#   8]
    |psi|^2 = 0.997
==== e(   3) =     4.11465 eV ==== 
     psi = 0.181*[#   3]+0.181*[#   7]+0.144*[#   2]+0.144*[#   6]+0.134*[#   4]
          +0.134*[#   8]+0.039*[#   1]+0.039*[#   5]
    |psi|^2 = 0.997
==== e(   4) =     6.17076 eV ==== 
     psi = 0.223*[#   4]+0.223*[#   8]+0.215*[#   2]+0.215*[#   6]+0.055*[#   3]
          +0.055*[#   7]+0.006*[#   1]+0.006*[#   5]
    |psi|^2 = 0.998
==== e(   5) =    21.55961 eV ==== 
     psi = 0.188*[#   3]+0.188*[#   7]+0.111*[#   1]+0.111*[#   5]+0.079*[#   4]
          +0.079*[#   8]+0.005*[#   2]+0.005*[#   6]
    |psi|^2 = 0.767
==== e(   6) =    25.03985 eV ==== 
     psi = 0.117*[#   4]+0.117*[#   8]+0.116*[#   3]+0.116*[#   7]+0.070*[#   1]
          +0.070*[#   5]+0.014*[#   2]+0.014*[#   6]
    |psi|^2 = 0.633
==== e(   7) =    27.00617 eV ==== 
     psi = 0.203*[#   2]+0.203*[#   6]+0.166*[#   1]+0.166*[#   5]+0.052*[#   4]
          +0.052*[#   8]+0.041*[#   3]+0.041*[#   7]
    |psi|^2 = 0.923
==== e(   8) =    29.58916 eV ==== 
     psi = 0.195*[#   2]+0.195*[#   6]+0.151*[#   4]+0.151*[#   8]+0.107*[#   1]
          +0.107*[#   5]+0.004*[#   3]+0.004*[#   7]
    |psi|^2 = 0.913

 k =  -0.7071067812 -0.1767766953 -0.1767766953
==== e(   1) =    -1.02407 eV ==== 
     psi = 0.282*[#   1]+0.282*[#   5]+0.139*[#   3]+0.139*[#   7]+0.039*[#   2]
          +0.039*[#   4]+0.039*[#   6]+0.039*[#   8]
    |psi|^2 = 0.998
==== e(   2) =     0.42387 eV ==== 
     psi = 0.257*[#   3]+0.257*[#   7]+0.186*[#   1]+0.186*[#   5]+0.028*[#   2]
          +0.028*[#   4]+0.028*[#   6]+0.028*[#   8]
    |psi|^2 = 0.997
==== e(   3) =     3.16886 eV ==== 
     psi = 0.170*[#   2]+0.170*[#   4]+0.170*[#   6]+0.170*[#   8]+0.158*[#   3]
          +0.158*[#   7]
    |psi|^2 = 0.996
==== e(   4) =     7.16735 eV ==== 
     psi = 0.250*[#   2]+0.250*[#   4]+0.250*[#   6]+0.250*[#   8]
    |psi|^2 = 0.999
==== e(   5) =    19.65174 eV ==== 
     psi = 0.199*[#   3]+0.199*[#   7]+0.157*[#   1]+0.157*[#   5]+0.020*[#   2]
          +0.020*[#   4]+0.020*[#   6]+0.020*[#   8]
    |psi|^2 = 0.794
==== e(   6) =    24.92906 eV ==== 
     psi = 0.147*[#   3]+0.147*[#   7]+0.144*[#   1]+0.144*[#   5]+0.025*[#   2]
          +0.025*[#   4]+0.025*[#   6]+0.025*[#   8]
    |psi|^2 = 0.685
==== e(   7) =    28.92368 eV ==== 
     psi = 0.239*[#   2]+0.239*[#   4]+0.239*[#   6]+0.239*[#   8]
    |psi|^2 = 0.957
==== e(   8) =    30.39899 eV ==== 
     psi = 0.154*[#   2]+0.154*[#   4]+0.154*[#   6]+0.154*[#   8]+0.140*[#   1]
          +0.140*[#   5]+0.003*[#   3]+0.003*[#   7]
    |psi|^2 = 0.902

 k =  -0.0883883476 -0.7954951288  0.4419417382
==== e(   1) =    -1.80311 eV ==== 
     psi = 0.267*[#   1]+0.267*[#   5]+0.185*[#   3]+0.185*[#   7]+0.034*[#   4]
          +0.034*[#   8]+0.013*[#   2]+0.013*[#   6]
    |psi|^2 = 0.997
==== e(   2) =     1.01736 eV ==== 
     psi = 0.172*[#   1]+0.172*[#   5]+0.140*[#   3]+0.140*[#   7]+0.129*[#   4]
          +0.129*[#   8]+0.058*[#   2]+0.058*[#   6]
    |psi|^2 = 0.997
==== e(   3) =     4.09311 eV ==== 
     psi = 0.181*[#   3]+0.181*[#   7]+0.143*[#   4]+0.143*[#   8]+0.135*[#   2]
          +0.135*[#   6]+0.039*[#   1]+0.039*[#   5]
    |psi|^2 = 0.997
==== e(   4) =     6.17109 eV ==== 
     psi = 0.223*[#   2]+0.223*[#   6]+0.216*[#   4]+0.216*[#   8]+0.054*[#   3]
          +0.054*[#   7]+0.006*[#   1]+0.006*[#   5]
    |psi|^2 = 0.998
==== e(   5) =    21.56552 eV ==== 
     psi = 0.188*[#   3]+0.188*[#   7]+0.112*[#   1]+0.112*[#   5]+0.079*[#   2]
          +0.079*[#   6]+0.005*[#   4]+0.005*[#   8]
    |psi|^2 = 0.767
==== e(   6) =    25.01617 eV ==== 
     psi = 0.118*[#   2]+0.118*[#   6]+0.114*[#   3]+0.114*[#   7]+0.069*[#   1]
          +0.069*[#   5]+0.016*[#   4]+0.016*[#   8]
    |psi|^2 = 0.635
==== e(   7) =    27.01667 eV ==== 
     psi = 0.201*[#   4]+0.201*[#   8]+0.168*[#   1]+0.168*[#   5]+0.050*[#   2]
          +0.050*[#   6]+0.043*[#   3]+0.043*[#   7]
    |psi|^2 = 0.925
==== e(   8) =    29.58584 eV ==== 
     psi = 0.194*[#   4]+0.194*[#   8]+0.153*[#   2]+0.153*[#   6]+0.107*[#   1]
          +0.107*[#   5]+0.003*[#   3]+0.003*[#   7]
    |psi|^2 = 0.913

 k =  -0.1767766953 -0.7071067812  0.3535533906
==== e(   1) =    -2.67103 eV ==== 
     psi = 0.270*[#   1]+0.270*[#   5]+0.152*[#   3]+0.152*[#   7]+0.045*[#   2]
          +0.045*[#   6]+0.031*[#   4]+0.031*[#   8]
    |psi|^2 = 0.997
==== e(   2) =     1.83088 eV ==== 
     psi = 0.208*[#   4]+0.208*[#   8]+0.173*[#   1]+0.173*[#   5]+0.076*[#   3]
          +0.076*[#   7]+0.042*[#   2]+0.042*[#   6]
    |psi|^2 = 0.998
==== e(   3) =     3.63612 eV ==== 
     psi = 0.251*[#   4]+0.251*[#   8]+0.138*[#   2]+0.138*[#   6]+0.073*[#   3]
          +0.073*[#   7]+0.035*[#   1]+0.035*[#   5]
    |psi|^2 = 0.996
==== e(   4) =     7.10866 eV ==== 
     psi = 0.245*[#   3]+0.245*[#   7]+0.209*[#   2]+0.209*[#   6]+0.035*[#   4]
          +0.035*[#   8]+0.010*[#   1]+0.010*[#   5]
    |psi|^2 = 0.998
==== e(   5) =    22.42062 eV ==== 
     psi = 0.190*[#   4]+0.190*[#   8]+0.114*[#   2]+0.114*[#   6]+0.060*[#   1]
          +0.059*[#   5]+0.008*[#   3]+0.008*[#   7]
    |psi|^2 = 0.743
==== e(   6) =    25.02475 eV ==== 
     psi = 0.235*[#   3]+0.235*[#   7]+0.125*[#   2]+0.125*[#   6]+0.052*[#   1]
          +0.052*[#   5]+0.005*[#   4]+0.005*[#   8]
    |psi|^2 = 0.833
==== e(   7) =    27.54206 eV ==== 
     psi = 0.226*[#   1]+0.226*[#   5]+0.112*[#   3]+0.112*[#   7]+0.041*[#   2]
          +0.041*[#   6]+0.021*[#   4]+0.021*[#   8]
    |psi|^2 = 0.800
==== e(   8) =    29.15501 eV ==== 
     psi = 0.202*[#   4]+0.202*[#   8]+0.135*[#   1]+0.135*[#   5]+0.117*[#   2]
          +0.117*[#   6]+0.008*[#   3]+0.008*[#   7]
    |psi|^2 = 0.923

 k =  -0.2651650429 -0.6187184335  0.2651650429
==== e(   1) =    -2.91659 eV ==== 
     psi = 0.294*[#   1]+0.294*[#   5]+0.082*[#   2]+0.082*[#   3]+0.082*[#   6]
          +0.082*[#   7]+0.041*[#   4]+0.041*[#   8]
    |psi|^2 = 0.997
==== e(   2) =     0.63192 eV ==== 
     psi = 0.205*[#   4]+0.205*[#   8]+0.115*[#   1]+0.115*[#   5]+0.088*[#   2]
          +0.088*[#   3]+0.088*[#   6]+0.088*[#   7]
    |psi|^2 = 0.994
==== e(   3) =     4.78014 eV ==== 
     psi = 0.270*[#   4]+0.270*[#   8]+0.081*[#   2]+0.081*[#   3]+0.081*[#   6]
          +0.081*[#   7]+0.067*[#   1]+0.067*[#   5]
    |psi|^2 = 0.998
==== e(   4) =     8.39347 eV ==== 
     psi = 0.250*[#   2]+0.250*[#   3]+0.250*[#   6]+0.250*[#   7]
    |psi|^2 = 0.998
==== e(   5) =    20.89123 eV ==== 
     psi = 0.226*[#   4]+0.226*[#   8]+0.103*[#   1]+0.103*[#   5]+0.035*[#   2]
          +0.035*[#   3]+0.035*[#   6]+0.035*[#   7]
    |psi|^2 = 0.799
==== e(   6) =    26.13348 eV ==== 
     psi = 0.232*[#   2]+0.232*[#   3]+0.232*[#   6]+0.232*[#   7]
    |psi|^2 = 0.928
==== e(   7) =    27.83740 eV ==== 
     psi = 0.214*[#   1]+0.214*[#   5]+0.076*[#   2]+0.076*[#   3]+0.076*[#   6]
          +0.076*[#   7]+0.071*[#   4]+0.071*[#   8]
    |psi|^2 = 0.874
==== e(   8) =    29.33397 eV ==== 
     psi = 0.133*[#   1]+0.133*[#   5]+0.127*[#   4]+0.127*[#   8]+0.054*[#   2]
          +0.054*[#   3]+0.054*[#   6]+0.054*[#   7]
    |psi|^2 = 0.737

 k =  -0.3535533906 -0.5303300859  0.1767766953
==== e(   1) =    -2.81988 eV ==== 
     psi = 0.325*[#   1]+0.325*[#   5]+0.074*[#   4]+0.074*[#   8]+0.073*[#   2]
          +0.073*[#   6]+0.027*[#   3]+0.027*[#   7]
    |psi|^2 = 0.999
==== e(   2) =    -0.21511 eV ==== 
     psi = 0.143*[#   4]+0.143*[#   8]+0.142*[#   2]+0.142*[#   6]+0.126*[#   3]
          +0.126*[#   7]+0.084*[#   1]+0.084*[#   5]
    |psi|^2 = 0.991
==== e(   3) =     6.26053 eV ==== 
     psi = 0.193*[#   2]+0.193*[#   6]+0.188*[#   4]+0.188*[#   8]+0.070*[#   1]
          +0.070*[#   5]+0.048*[#   3]+0.048*[#   7]
    |psi|^2 = 0.998
==== e(   4) =     7.90145 eV ==== 
     psi = 0.257*[#   3]+0.257*[#   7]+0.122*[#   4]+0.122*[#   8]+0.118*[#   2]
          +0.118*[#   6]+0.003*[#   1]+0.003*[#   5]
    |psi|^2 = 0.998
==== e(   5) =    22.34125 eV ==== 
     psi = 0.137*[#   4]+0.137*[#   8]+0.132*[#   2]+0.132*[#   6]+0.096*[#   3]
          +0.096*[#   7]+0.016*[#   1]+0.016*[#   5]
    |psi|^2 = 0.763
==== e(   6) =    23.72823 eV ==== 
     psi = 0.154*[#   1]+0.154*[#   5]+0.099*[#   2]+0.099*[#   6]+0.093*[#   4]
          +0.093*[#   8]+0.091*[#   3]+0.091*[#   7]
    |psi|^2 = 0.873
==== e(   7) =    27.63731 eV ==== 
     psi = 0.206*[#   3]+0.206*[#   7]+0.154*[#   1]+0.154*[#   5]+0.059*[#   4]
          +0.059*[#   8]+0.056*[#   2]+0.056*[#   6]
    |psi|^2 = 0.953
==== e(   8) =    29.40141 eV ==== 
     psi = 0.134*[#   1]+0.134*[#   5]+0.113*[#   2]+0.113*[#   6]+0.110*[#   4]
          +0.110*[#   8]+0.038*[#   3]+0.038*[#   7]
    |psi|^2 = 0.790

 k =  -0.3535533906 -0.3535533906  0.1767766953
==== e(   1) =    -4.86219 eV ==== 
     psi = 0.299*[#   1]+0.299*[#   5]+0.087*[#   4]+0.087*[#   8]+0.087*[#   3]
          +0.087*[#   7]+0.024*[#   2]+0.024*[#   6]
    |psi|^2 = 0.995
==== e(   2) =     0.75363 eV ==== 
     psi = 0.170*[#   2]+0.170*[#   6]+0.125*[#   1]+0.125*[#   5]+0.100*[#   4]
          +0.100*[#   8]+0.100*[#   3]+0.100*[#   7]
    |psi|^2 = 0.992
==== e(   3) =     8.01175 eV ==== 
     psi = 0.296*[#   2]+0.296*[#   6]+0.084*[#   3]+0.084*[#   7]+0.079*[#   4]
          +0.079*[#   8]+0.040*[#   1]+0.040*[#   5]
    |psi|^2 = 0.998
==== e(   4) =     9.79499 eV ==== 
     psi = 0.252*[#   4]+0.252*[#   8]+0.247*[#   3]+0.247*[#   7]
    |psi|^2 = 0.998
==== e(   5) =    22.36402 eV ==== 
     psi = 0.278*[#   2]+0.278*[#   6]+0.056*[#   1]+0.056*[#   5]+0.049*[#   4]
          +0.049*[#   8]+0.039*[#   3]+0.039*[#   7]
    |psi|^2 = 0.844
==== e(   6) =    23.31863 eV ==== 
     psi = 0.231*[#   3]+0.231*[#   7]+0.221*[#   4]+0.221*[#   8]
    |psi|^2 = 0.905
==== e(   7) =    24.60241 eV ==== 
     psi = 0.270*[#   1]+0.271*[#   5]+0.060*[#   2]+0.060*[#   6]+0.057*[#   4]
          +0.057*[#   8]+0.056*[#   3]+0.056*[#   7]
    |psi|^2 = 0.887
==== e(   8) =    29.92090 eV ==== 
     psi = 0.125*[#   1]+0.125*[#   5]+0.094*[#   2]+0.094*[#   6]+0.071*[#   3]
          +0.071*[#   7]+0.071*[#   4]+0.071*[#   8]
    |psi|^2 = 0.723

 k =  -0.4419417382 -0.2651650429  0.0883883476
==== e(   1) =    -4.96489 eV ==== 
     psi = 0.276*[#   1]+0.276*[#   5]+0.161*[#   3]+0.161*[#   7]+0.048*[#   4]
          +0.048*[#   8]+0.012*[#   2]+0.012*[#   6]
    |psi|^2 = 0.994
==== e(   2) =     2.53009 eV ==== 
     psi = 0.184*[#   2]+0.184*[#   6]+0.127*[#   1]+0.127*[#   5]+0.105*[#   4]
          +0.105*[#   8]+0.082*[#   3]+0.082*[#   7]
    |psi|^2 = 0.995
==== e(   3) =     6.26613 eV ==== 
     psi = 0.255*[#   2]+0.255*[#   6]+0.092*[#   3]+0.092*[#   7]+0.089*[#   4]
          +0.089*[#   8]+0.063*[#   1]+0.063*[#   5]
    |psi|^2 = 0.997
==== e(   4) =     8.61156 eV ==== 
     psi = 0.223*[#   4]+0.223*[#   8]+0.222*[#   3]+0.222*[#   7]+0.043*[#   2]
          +0.043*[#   6]+0.011*[#   1]+0.011*[#   5]
    |psi|^2 = 0.997
==== e(   5) =    22.08042 eV ==== 
     psi = 0.250*[#   3]+0.250*[#   7]+0.076*[#   4]+0.076*[#   8]+0.070*[#   1]
          +0.070*[#   5]+0.031*[#   2]+0.031*[#   6]
    |psi|^2 = 0.856
==== e(   6) =    23.81207 eV ==== 
     psi = 0.205*[#   2]+0.205*[#   6]+0.127*[#   4]+0.127*[#   8]+0.060*[#   1]
          +0.060*[#   5]+0.017*[#   3]+0.017*[#   7]
    |psi|^2 = 0.817
==== e(   7) =    26.88005 eV ==== 
     psi = 0.230*[#   1]+0.230*[#   5]+0.087*[#   3]+0.087*[#   7]+0.077*[#   4]
          +0.077*[#   8]+0.022*[#   2]+0.022*[#   6]
    |psi|^2 = 0.833
==== e(   8) =    27.72870 eV ==== 
     psi = 0.164*[#   2]+0.164*[#   6]+0.160*[#   4]+0.160*[#   8]+0.069*[#   1]
          +0.069*[#   5]+0.010*[#   3]+0.010*[#   7]
    |psi|^2 = 0.807

 k =  -0.5303300859 -0.1767766953  0.0000000000
==== e(   1) =    -4.23088 eV ==== 
     psi = 0.256*[#   1]+0.256*[#   5]+0.220*[#   3]+0.220*[#   7]+0.016*[#   4]
          +0.016*[#   8]+0.005*[#   2]+0.005*[#   6]
    |psi|^2 = 0.994
==== e(   2) =     3.40059 eV ==== 
     psi = 0.205*[#   3]+0.205*[#   7]+0.174*[#   1]+0.174*[#   5]+0.092*[#   2]
          +0.092*[#   6]+0.028*[#   4]+0.028*[#   8]
    |psi|^2 = 0.998
==== e(   3) =     5.52101 eV ==== 
     psi = 0.267*[#   2]+0.267*[#   6]+0.177*[#   4]+0.177*[#   8]+0.032*[#   1]
          +0.032*[#   5]+0.024*[#   3]+0.024*[#   7]
    |psi|^2 = 0.997
==== e(   4) =     6.66073 eV ==== 
     psi = 0.230*[#   4]+0.230*[#   8]+0.136*[#   2]+0.136*[#   6]+0.128*[#   3]
          +0.128*[#   7]+0.005*[#   1]+0.005*[#   5]
    |psi|^2 = 0.998
==== e(   5) =    20.35675 eV ==== 
     psi = 0.234*[#   3]+0.234*[#   7]+0.151*[#   1]+0.151*[#   5]+0.045*[#   4]
          +0.045*[#   8]+0.010*[#   2]+0.010*[#   6]
    |psi|^2 = 0.880
==== e(   6) =    22.60273 eV ==== 
     psi = 0.152*[#   1]+0.151*[#   5]+0.103*[#   3]+0.103*[#   7]+0.050*[#   4]
          +0.050*[#   8]+0.002*[#   2]+0.002*[#   6]
    |psi|^2 = 0.614
==== e(   7) =    27.47615 eV ==== 
     psi = 0.233*[#   2]+0.233*[#   6]+0.125*[#   4]+0.125*[#   8]+0.090*[#   1]
          +0.090*[#   5]+0.007*[#   3]+0.007*[#   7]
    |psi|^2 = 0.910
==== e(   8) =    29.79322 eV ==== 
     psi = 0.248*[#   4]+0.248*[#   8]+0.205*[#   2]+0.205*[#   6]+0.028*[#   1]
          +0.028*[#   5]
    |psi|^2 = 0.962

 k =  -0.6187184335 -0.0883883476 -0.0883883476
==== e(   1) =    -2.62845 eV ==== 
     psi = 0.252*[#   3]+0.252*[#   7]+0.237*[#   1]+0.237*[#   5]+0.004*[#   2]
          +0.004*[#   4]+0.004*[#   6]+0.004*[#   8]
    |psi|^2 = 0.995
==== e(   2) =     1.62847 eV ==== 
     psi = 0.272*[#   3]+0.272*[#   7]+0.199*[#   1]+0.199*[#   5]+0.014*[#   2]
          +0.014*[#   4]+0.014*[#   6]+0.014*[#   8]
    |psi|^2 = 0.997
==== e(   3) =     5.15949 eV ==== 
     psi = 0.219*[#   2]+0.219*[#   4]+0.219*[#   6]+0.219*[#   8]+0.050*[#   3]
          +0.050*[#   7]+0.011*[#   1]+0.011*[#   5]
    |psi|^2 = 0.998
==== e(   4) =     6.57623 eV ==== 
     psi = 0.250*[#   2]+0.250*[#   4]+0.250*[#   6]+0.250*[#   8]
    |psi|^2 = 0.999
==== e(   5) =    18.91711 eV ==== 
     psi = 0.203*[#   3]+0.203*[#   7]+0.197*[#   1]+0.197*[#   5]+0.008*[#   2]
          +0.008*[#   4]+0.008*[#   6]+0.008*[#   8]
    |psi|^2 = 0.831
==== e(   6) =    21.00687 eV ==== 
     psi = 0.187*[#   1]+0.187*[#   5]+0.148*[#   3]+0.148*[#   7]+0.014*[#   2]
          +0.014*[#   4]+0.014*[#   6]+0.014*[#   8]
    |psi|^2 = 0.726
==== e(   7) =    30.33998 eV ==== 
     psi = 0.240*[#   2]+0.240*[#   4]+0.240*[#   6]+0.240*[#   8]
    |psi|^2 = 0.959
==== e(   8) =    30.66592 eV ==== 
     psi = 0.207*[#   2]+0.207*[#   4]+0.207*[#   6]+0.207*[#   8]+0.051*[#   1]
          +0.051*[#   5]+0.003*[#   3]+0.003*[#   7]
    |psi|^2 = 0.935

 k =   0.0000000000 -0.7071067812  0.5303300859
==== e(   1) =    -0.35790 eV ==== 
     psi = 0.253*[#   3]+0.252*[#   7]+0.225*[#   5]+0.224*[#   1]+0.020*[#   4]
          +0.019*[#   8]+0.002*[#   2]+0.002*[#   6]
    |psi|^2 = 0.997
==== e(   2) =    -0.34370 eV ==== 
     psi = 0.254*[#   7]+0.253*[#   3]+0.224*[#   1]+0.223*[#   5]+0.019*[#   4]
          +0.019*[#   8]+0.002*[#   2]+0.002*[#   6]
    |psi|^2 = 0.997
==== e(   3) =     5.14658 eV ==== 
     psi = 0.236*[#   4]+0.235*[#   8]+0.219*[#   6]+0.218*[#   2]+0.036*[#   3]
          +0.036*[#   7]+0.009*[#   1]+0.009*[#   5]
    |psi|^2 = 0.998
==== e(   4) =     5.16313 eV ==== 
     psi = 0.235*[#   8]+0.235*[#   4]+0.219*[#   2]+0.219*[#   6]+0.036*[#   7]
          +0.036*[#   3]+0.009*[#   1]+0.009*[#   5]
    |psi|^2 = 0.998
==== e(   5) =    20.86784 eV ==== 
     psi = 0.170*[#   3]+0.169*[#   5]+0.167*[#   7]+0.166*[#   1]+0.045*[#   6]
          +0.044*[#   2]+0.002*[#   4]+0.001*[#   8]
    |psi|^2 = 0.763
==== e(   6) =    20.88438 eV ==== 
     psi = 0.171*[#   7]+0.169*[#   1]+0.167*[#   3]+0.165*[#   5]+0.044*[#   2]
          +0.043*[#   6]+0.002*[#   4]+0.002*[#   8]
    |psi|^2 = 0.761
==== e(   7) =    30.24031 eV ==== 
     psi = 0.225*[#   4]+0.225*[#   8]+0.174*[#   6]+0.174*[#   2]+0.056*[#   5]
          +0.056*[#   1]+0.003*[#   3]+0.003*[#   7]
    |psi|^2 = 0.916
==== e(   8) =    30.25825 eV ==== 
     psi = 0.225*[#   8]+0.224*[#   4]+0.174*[#   2]+0.173*[#   6]+0.057*[#   1]
          +0.057*[#   5]+0.003*[#   3]+0.003*[#   7]
    |psi|^2 = 0.915

 k =  -0.0883883476 -0.6187184335  0.4419417382
==== e(   1) =    -1.79602 eV ==== 
     psi = 0.267*[#   1]+0.267*[#   5]+0.185*[#   3]+0.185*[#   7]+0.034*[#   4]
          +0.034*[#   8]+0.013*[#   2]+0.013*[#   6]
    |psi|^2 = 0.997
==== e(   2) =     0.99643 eV ==== 
     psi = 0.172*[#   1]+0.172*[#   5]+0.138*[#   3]+0.138*[#   7]+0.130*[#   4]
          +0.130*[#   8]+0.059*[#   2]+0.059*[#   6]
    |psi|^2 = 0.997
==== e(   3) =     4.09849 eV ==== 
     psi = 0.183*[#   3]+0.183*[#   7]+0.142*[#   4]+0.142*[#   8]+0.134*[#   2]
          +0.134*[#   6]+0.039*[#   1]+0.039*[#   5]
    |psi|^2 = 0.997
==== e(   4) =     6.18098 eV ==== 
     psi = 0.223*[#   2]+0.223*[#   6]+0.217*[#   4]+0.217*[#   8]+0.054*[#   3]
          +0.054*[#   7]+0.006*[#   1]+0.006*[#   5]
    |psi|^2 = 0.998
==== e(   5) =    21.57799 eV ==== 
     psi = 0.188*[#   3]+0.188*[#   7]+0.111*[#   1]+0.111*[#   5]+0.079*[#   2]
          +0.079*[#   6]+0.005*[#   4]+0.005*[#   8]
    |psi|^2 = 0.765
==== e(   6) =    25.01000 eV ==== 
     psi = 0.118*[#   2]+0.118*[#   6]+0.115*[#   3]+0.115*[#   7]+0.069*[#   1]
          +0.069*[#   5]+0.015*[#   4]+0.015*[#   8]
    |psi|^2 = 0.635
==== e(   7) =    27.01237 eV ==== 
     psi = 0.201*[#   4]+0.201*[#   8]+0.168*[#   1]+0.168*[#   5]+0.051*[#   2]
          +0.051*[#   6]+0.042*[#   3]+0.042*[#   7]
    |psi|^2 = 0.925
==== e(   8) =    29.57270 eV ==== 
     psi = 0.194*[#   4]+0.194*[#   8]+0.152*[#   2]+0.152*[#   6]+0.106*[#   1]
          +0.106*[#   5]+0.003*[#   3]+0.003*[#   7]
    |psi|^2 = 0.911

 k =  -0.1767766953 -0.5303300859  0.3535533906
==== e(   1) =    -2.81988 eV ==== 
     psi = 0.325*[#   1]+0.325*[#   5]+0.074*[#   4]+0.074*[#   8]+0.073*[#   3]
          +0.073*[#   7]+0.027*[#   2]+0.027*[#   6]
    |psi|^2 = 0.999
==== e(   2) =    -0.21511 eV ==== 
     psi = 0.143*[#   4]+0.143*[#   8]+0.142*[#   3]+0.142*[#   7]+0.126*[#   2]
          +0.126*[#   6]+0.084*[#   1]+0.084*[#   5]
    |psi|^2 = 0.991
==== e(   3) =     6.26053 eV ==== 
     psi = 0.193*[#   3]+0.193*[#   7]+0.188*[#   4]+0.188*[#   8]+0.070*[#   1]
          +0.070*[#   5]+0.048*[#   2]+0.048*[#   6]
    |psi|^2 = 0.998
==== e(   4) =     7.90145 eV ==== 
     psi = 0.257*[#   2]+0.257*[#   6]+0.122*[#   4]+0.122*[#   8]+0.118*[#   3]
          +0.118*[#   7]+0.003*[#   1]+0.003*[#   5]
    |psi|^2 = 0.998
==== e(   5) =    22.34125 eV ==== 
     psi = 0.137*[#   4]+0.137*[#   8]+0.132*[#   3]+0.132*[#   7]+0.096*[#   2]
          +0.096*[#   6]+0.016*[#   1]+0.016*[#   5]
    |psi|^2 = 0.763
==== e(   6) =    23.72823 eV ==== 
     psi = 0.154*[#   1]+0.154*[#   5]+0.099*[#   3]+0.099*[#   7]+0.093*[#   4]
          +0.093*[#   8]+0.091*[#   2]+0.091*[#   6]
    |psi|^2 = 0.873
==== e(   7) =    27.63731 eV ==== 
     psi = 0.206*[#   2]+0.206*[#   6]+0.154*[#   1]+0.154*[#   5]+0.059*[#   4]
          +0.059*[#   8]+0.056*[#   3]+0.056*[#   7]
    |psi|^2 = 0.953
==== e(   8) =    29.40141 eV ==== 
     psi = 0.134*[#   1]+0.134*[#   5]+0.113*[#   3]+0.113*[#   7]+0.110*[#   4]
          +0.110*[#   8]+0.038*[#   2]+0.038*[#   6]
    |psi|^2 = 0.790

 k =  -0.2651650429 -0.4419417382  0.2651650429
==== e(   1) =    -3.98723 eV ==== 
     psi = 0.324*[#   1]+0.324*[#   5]+0.108*[#   4]+0.108*[#   8]+0.033*[#   2]
          +0.033*[#   3]+0.033*[#   6]+0.033*[#   7]
    |psi|^2 = 0.997
==== e(   2) =    -0.37596 eV ==== 
     psi = 0.146*[#   2]+0.146*[#   3]+0.146*[#   6]+0.146*[#   7]+0.102*[#   1]
          +0.102*[#   5]+0.101*[#   4]+0.101*[#   8]
    |psi|^2 = 0.990
==== e(   3) =     8.53045 eV ==== 
     psi = 0.314*[#   4]+0.314*[#   8]+0.073*[#   2]+0.073*[#   3]+0.073*[#   6]
          +0.073*[#   7]+0.039*[#   1]+0.039*[#   5]
    |psi|^2 = 0.998
==== e(   4) =     9.07461 eV ==== 
     psi = 0.249*[#   2]+0.249*[#   3]+0.249*[#   6]+0.249*[#   7]
    |psi|^2 = 0.998
==== e(   5) =    21.70334 eV ==== 
     psi = 0.277*[#   4]+0.277*[#   8]+0.065*[#   1]+0.065*[#   5]+0.040*[#   2]
          +0.040*[#   3]+0.040*[#   6]+0.040*[#   7]
    |psi|^2 = 0.845
==== e(   6) =    24.05488 eV ==== 
     psi = 0.221*[#   2]+0.221*[#   3]+0.221*[#   6]+0.221*[#   7]
    |psi|^2 = 0.885
==== e(   7) =    24.70454 eV ==== 
     psi = 0.278*[#   1]+0.278*[#   5]+0.077*[#   2]+0.077*[#   3]+0.077*[#   6]
          +0.077*[#   7]+0.014*[#   4]+0.014*[#   8]
    |psi|^2 = 0.892
==== e(   8) =    29.62007 eV ==== 
     psi = 0.108*[#   4]+0.108*[#   8]+0.103*[#   1]+0.103*[#   5]+0.060*[#   2]
          +0.060*[#   3]+0.060*[#   6]+0.060*[#   7]
    |psi|^2 = 0.660

 k =   0.3535533906  0.3535533906 -0.3535533906
==== e(   1) =    -3.89699 eV ==== 
     psi = 0.376*[#   1]+0.376*[#   5]+0.041*[#   4]+0.041*[#   8]+0.041*[#   2]
          +0.041*[#   3]+0.041*[#   6]+0.041*[#   7]
    |psi|^2 = 0.999
==== e(   2) =    -1.28017 eV ==== 
     psi = 0.143*[#   4]+0.143*[#   8]+0.143*[#   2]+0.143*[#   3]+0.143*[#   6]
          +0.143*[#   7]+0.065*[#   1]+0.065*[#   5]
    |psi|^2 = 0.986
==== e(   3) =     9.84338 eV ==== 
     psi = 0.249*[#   2]+0.249*[#   3]+0.249*[#   6]+0.249*[#   7]
    |psi|^2 = 0.998
==== e(   4) =     9.89155 eV ==== 
     psi = 0.332*[#   4]+0.332*[#   8]+0.083*[#   2]+0.083*[#   3]+0.083*[#   6]
          +0.083*[#   7]
    |psi|^2 = 0.998
==== e(   5) =    22.56451 eV ==== 
     psi = 0.289*[#   4]+0.289*[#   8]+0.076*[#   2]+0.076*[#   3]+0.076*[#   6]
          +0.076*[#   7]
    |psi|^2 = 0.882
==== e(   6) =    22.64325 eV ==== 
     psi = 0.220*[#   2]+0.220*[#   3]+0.220*[#   6]+0.220*[#   7]
    |psi|^2 = 0.879
==== e(   7) =    23.22724 eV ==== 
     psi = 0.384*[#   1]+0.384*[#   5]+0.028*[#   4]+0.028*[#   8]+0.021*[#   2]
          +0.021*[#   3]+0.021*[#   6]+0.021*[#   7]
    |psi|^2 = 0.910
==== e(   8) =    30.10311 eV ==== 
     psi = 0.069*[#   2]+0.069*[#   3]+0.069*[#   4]+0.069*[#   6]+0.069*[#   7]
          +0.069*[#   8]+0.069*[#   1]+0.069*[#   5]
    |psi|^2 = 0.554

 k =   0.2651650429  0.4419417382 -0.4419417382
==== e(   1) =    -3.98775 eV ==== 
     psi = 0.324*[#   1]+0.324*[#   5]+0.108*[#   3]+0.108*[#   7]+0.034*[#   4]
          +0.034*[#   8]+0.033*[#   2]+0.033*[#   6]
    |psi|^2 = 0.997
==== e(   2) =    -0.37464 eV ==== 
     psi = 0.146*[#   4]+0.146*[#   8]+0.146*[#   2]+0.146*[#   6]+0.102*[#   1]
          +0.102*[#   5]+0.101*[#   3]+0.101*[#   7]
    |psi|^2 = 0.990
==== e(   3) =     8.50007 eV ==== 
     psi = 0.314*[#   3]+0.314*[#   7]+0.080*[#   2]+0.080*[#   6]+0.066*[#   4]
          +0.066*[#   8]+0.039*[#   1]+0.039*[#   5]
    |psi|^2 = 0.998
==== e(   4) =     9.10497 eV ==== 
     psi = 0.256*[#   4]+0.256*[#   8]+0.243*[#   2]+0.243*[#   6]
    |psi|^2 = 0.998
==== e(   5) =    21.73077 eV ==== 
     psi = 0.277*[#   3]+0.277*[#   7]+0.067*[#   1]+0.067*[#   5]+0.041*[#   4]
          +0.041*[#   8]+0.036*[#   2]+0.036*[#   6]
    |psi|^2 = 0.844
==== e(   6) =    24.00336 eV ==== 
     psi = 0.225*[#   2]+0.225*[#   6]+0.218*[#   4]+0.218*[#   8]
    |psi|^2 = 0.886
==== e(   7) =    24.72318 eV ==== 
     psi = 0.276*[#   1]+0.276*[#   5]+0.078*[#   4]+0.078*[#   8]+0.077*[#   2]
          +0.077*[#   6]+0.014*[#   3]+0.014*[#   7]
    |psi|^2 = 0.889
==== e(   8) =    29.60796 eV ==== 
     psi = 0.108*[#   3]+0.108*[#   7]+0.104*[#   1]+0.104*[#   5]+0.060*[#   2]
          +0.060*[#   6]+0.059*[#   4]+0.059*[#   8]
    |psi|^2 = 0.663

 k =   0.1767766953  0.5303300859 -0.5303300859
==== e(   1) =    -3.68726 eV ==== 
     psi = 0.271*[#   1]+0.271*[#   5]+0.193*[#   3]+0.193*[#   7]+0.017*[#   4]
          +0.017*[#   8]+0.017*[#   2]+0.017*[#   6]
    |psi|^2 = 0.995
==== e(   2) =     1.46758 eV ==== 
     psi = 0.136*[#   4]+0.136*[#   8]+0.136*[#   2]+0.136*[#   6]+0.135*[#   1]
          +0.135*[#   5]+0.091*[#   3]+0.091*[#   7]
    |psi|^2 = 0.995
==== e(   3) =     5.86231 eV ==== 
     psi = 0.269*[#   3]+0.269*[#   7]+0.085*[#   2]+0.085*[#   6]+0.082*[#   4]
          +0.082*[#   8]+0.063*[#   1]+0.063*[#   5]
    |psi|^2 = 0.998
==== e(   4) =     7.68608 eV ==== 
     psi = 0.251*[#   4]+0.251*[#   8]+0.249*[#   2]+0.249*[#   6]
    |psi|^2 = 0.999
==== e(   5) =    20.10557 eV ==== 
     psi = 0.230*[#   3]+0.230*[#   7]+0.138*[#   1]+0.138*[#   5]+0.024*[#   4]
          +0.024*[#   8]+0.022*[#   2]+0.022*[#   6]
    |psi|^2 = 0.826
==== e(   6) =    25.58986 eV ==== 
     psi = 0.134*[#   1]+0.134*[#   5]+0.119*[#   3]+0.119*[#   7]+0.032*[#   2]
          +0.032*[#   6]+0.032*[#   4]+0.032*[#   8]
    |psi|^2 = 0.633
==== e(   7) =    27.17699 eV ==== 
     psi = 0.228*[#   2]+0.228*[#   6]+0.227*[#   4]+0.227*[#   8]
    |psi|^2 = 0.911
==== e(   8) =    27.90645 eV ==== 
     psi = 0.165*[#   1]+0.165*[#   5]+0.131*[#   4]+0.131*[#   8]+0.130*[#   2]
          +0.130*[#   6]+0.018*[#   3]+0.018*[#   7]
    |psi|^2 = 0.889

 k =   0.0883883476  0.6187184335 -0.6187184335
==== e(   1) =    -2.62927 eV ==== 
     psi = 0.252*[#   3]+0.252*[#   7]+0.237*[#   1]+0.237*[#   5]+0.004*[#   4]
          +0.004*[#   8]+0.004*[#   2]+0.004*[#   6]
    |psi|^2 = 0.995
==== e(   2) =     1.63488 eV ==== 
     psi = 0.272*[#   3]+0.272*[#   7]+0.199*[#   1]+0.199*[#   5]+0.014*[#   2]
          +0.014*[#   6]+0.014*[#   4]+0.014*[#   8]
    |psi|^2 = 0.997
==== e(   3) =     5.13731 eV ==== 
     psi = 0.219*[#   2]+0.219*[#   6]+0.219*[#   4]+0.219*[#   8]+0.050*[#   3]
          +0.050*[#   7]+0.011*[#   1]+0.011*[#   5]
    |psi|^2 = 0.998
==== e(   4) =     6.59308 eV ==== 
     psi = 0.250*[#   4]+0.250*[#   8]+0.249*[#   2]+0.249*[#   6]
    |psi|^2 = 0.999
==== e(   5) =    18.93088 eV ==== 
     psi = 0.203*[#   3]+0.203*[#   7]+0.196*[#   1]+0.196*[#   5]+0.008*[#   4]
          +0.008*[#   8]+0.007*[#   2]+0.007*[#   6]
    |psi|^2 = 0.830
==== e(   6) =    20.99292 eV ==== 
     psi = 0.187*[#   1]+0.187*[#   5]+0.147*[#   3]+0.148*[#   7]+0.014*[#   2]
          +0.014*[#   6]+0.014*[#   4]+0.014*[#   8]
    |psi|^2 = 0.727
==== e(   7) =    30.30658 eV ==== 
     psi = 0.240*[#   2]+0.240*[#   6]+0.240*[#   4]+0.240*[#   8]
    |psi|^2 = 0.959
==== e(   8) =    30.68655 eV ==== 
     psi = 0.207*[#   4]+0.207*[#   8]+0.206*[#   2]+0.206*[#   6]+0.052*[#   1]
          +0.052*[#   5]+0.003*[#   3]+0.003*[#   7]
    |psi|^2 = 0.935

 k =   0.7071067812  0.0000000000  0.0000000000
==== e(   1) =    -0.71110 eV ==== 
     psi = 0.286*[#   3]+0.284*[#   7]+0.213*[#   5]+0.213*[#   1]
    |psi|^2 = 0.996
==== e(   2) =    -0.69923 eV ==== 
     psi = 0.287*[#   7]+0.285*[#   3]+0.212*[#   1]+0.211*[#   5]
    |psi|^2 = 0.996
==== e(   3) =     6.17832 eV ==== 
     psi = 0.250*[#   2]+0.250*[#   4]+0.250*[#   6]+0.250*[#   8]
    |psi|^2 = 0.998
==== e(   4) =     6.19359 eV ==== 
     psi = 0.250*[#   2]+0.250*[#   4]+0.250*[#   6]+0.250*[#   8]
    |psi|^2 = 0.998
==== e(   5) =    18.66947 eV ==== 
     psi = 0.224*[#   5]+0.218*[#   1]+0.185*[#   3]+0.179*[#   7]
    |psi|^2 = 0.806
==== e(   6) =    18.68244 eV ==== 
     psi = 0.223*[#   1]+0.216*[#   5]+0.185*[#   7]+0.180*[#   3]
    |psi|^2 = 0.804
==== e(   7) =    31.64970 eV ==== 
     psi = 0.247*[#   2]+0.247*[#   4]+0.247*[#   6]+0.247*[#   8]
    |psi|^2 = 0.986
==== e(   8) =    31.67752 eV ==== 
     psi = 0.246*[#   2]+0.246*[#   4]+0.246*[#   6]+0.246*[#   8]
    |psi|^2 = 0.986

 k =   0.6187184335  0.0883883476 -0.0883883476
==== e(   1) =    -2.62927 eV ==== 
     psi = 0.252*[#   3]+0.252*[#   7]+0.237*[#   1]+0.237*[#   5]+0.004*[#   4]
          +0.004*[#   8]+0.004*[#   2]+0.004*[#   6]
    |psi|^2 = 0.995
==== e(   2) =     1.63488 eV ==== 
     psi = 0.272*[#   3]+0.272*[#   7]+0.199*[#   1]+0.199*[#   5]+0.014*[#   2]
          +0.014*[#   6]+0.014*[#   4]+0.014*[#   8]
    |psi|^2 = 0.997
==== e(   3) =     5.13731 eV ==== 
     psi = 0.219*[#   2]+0.219*[#   6]+0.219*[#   4]+0.219*[#   8]+0.050*[#   3]
          +0.050*[#   7]+0.011*[#   1]+0.011*[#   5]
    |psi|^2 = 0.998
==== e(   4) =     6.59308 eV ==== 
     psi = 0.250*[#   4]+0.250*[#   8]+0.249*[#   2]+0.249*[#   6]
    |psi|^2 = 0.999
==== e(   5) =    18.93088 eV ==== 
     psi = 0.203*[#   3]+0.203*[#   7]+0.196*[#   1]+0.196*[#   5]+0.008*[#   4]
          +0.008*[#   8]+0.007*[#   2]+0.007*[#   6]
    |psi|^2 = 0.830
==== e(   6) =    20.99292 eV ==== 
     psi = 0.187*[#   1]+0.187*[#   5]+0.147*[#   3]+0.148*[#   7]+0.014*[#   2]
          +0.014*[#   6]+0.014*[#   4]+0.014*[#   8]
    |psi|^2 = 0.727
==== e(   7) =    30.30658 eV ==== 
     psi = 0.240*[#   2]+0.240*[#   6]+0.240*[#   4]+0.240*[#   8]
    |psi|^2 = 0.959
==== e(   8) =    30.68655 eV ==== 
     psi = 0.207*[#   4]+0.207*[#   8]+0.206*[#   2]+0.206*[#   6]+0.052*[#   1]
          +0.052*[#   5]+0.003*[#   3]+0.003*[#   7]
    |psi|^2 = 0.935

 k =   0.5303300859  0.1767766953 -0.1767766953
==== e(   1) =    -3.68726 eV ==== 
     psi = 0.271*[#   1]+0.271*[#   5]+0.193*[#   3]+0.193*[#   7]+0.017*[#   4]
          +0.017*[#   8]+0.017*[#   2]+0.017*[#   6]
    |psi|^2 = 0.995
==== e(   2) =     1.46758 eV ==== 
     psi = 0.136*[#   4]+0.136*[#   8]+0.136*[#   2]+0.136*[#   6]+0.135*[#   1]
          +0.135*[#   5]+0.091*[#   3]+0.091*[#   7]
    |psi|^2 = 0.995
==== e(   3) =     5.86231 eV ==== 
     psi = 0.269*[#   3]+0.269*[#   7]+0.085*[#   2]+0.085*[#   6]+0.082*[#   4]
          +0.082*[#   8]+0.063*[#   1]+0.063*[#   5]
    |psi|^2 = 0.998
==== e(   4) =     7.68608 eV ==== 
     psi = 0.251*[#   4]+0.251*[#   8]+0.249*[#   2]+0.249*[#   6]
    |psi|^2 = 0.999
==== e(   5) =    20.10557 eV ==== 
     psi = 0.230*[#   3]+0.230*[#   7]+0.138*[#   1]+0.138*[#   5]+0.024*[#   4]
          +0.024*[#   8]+0.022*[#   2]+0.022*[#   6]
    |psi|^2 = 0.826
==== e(   6) =    25.58986 eV ==== 
     psi = 0.134*[#   1]+0.134*[#   5]+0.119*[#   3]+0.119*[#   7]+0.032*[#   2]
          +0.032*[#   6]+0.032*[#   4]+0.032*[#   8]
    |psi|^2 = 0.633
==== e(   7) =    27.17699 eV ==== 
     psi = 0.228*[#   2]+0.228*[#   6]+0.227*[#   4]+0.227*[#   8]
    |psi|^2 = 0.911
==== e(   8) =    27.90645 eV ==== 
     psi = 0.165*[#   1]+0.165*[#   5]+0.131*[#   4]+0.131*[#   8]+0.130*[#   2]
          +0.130*[#   6]+0.018*[#   3]+0.018*[#   7]
    |psi|^2 = 0.889

 k =   0.4419417382  0.2651650429 -0.2651650429
==== e(   1) =    -3.98775 eV ==== 
     psi = 0.324*[#   1]+0.324*[#   5]+0.108*[#   3]+0.108*[#   7]+0.034*[#   4]
          +0.034*[#   8]+0.033*[#   2]+0.033*[#   6]
    |psi|^2 = 0.997
==== e(   2) =    -0.37464 eV ==== 
     psi = 0.146*[#   4]+0.146*[#   8]+0.146*[#   2]+0.146*[#   6]+0.102*[#   1]
          +0.102*[#   5]+0.101*[#   3]+0.101*[#   7]
    |psi|^2 = 0.990
==== e(   3) =     8.50007 eV ==== 
     psi = 0.314*[#   3]+0.314*[#   7]+0.080*[#   2]+0.080*[#   6]+0.066*[#   4]
          +0.066*[#   8]+0.039*[#   1]+0.039*[#   5]
    |psi|^2 = 0.998
==== e(   4) =     9.10497 eV ==== 
     psi = 0.256*[#   4]+0.256*[#   8]+0.243*[#   2]+0.243*[#   6]
    |psi|^2 = 0.998
==== e(   5) =    21.73077 eV ==== 
     psi = 0.277*[#   3]+0.277*[#   7]+0.067*[#   1]+0.067*[#   5]+0.041*[#   4]
          +0.041*[#   8]+0.036*[#   2]+0.036*[#   6]
    |psi|^2 = 0.844
==== e(   6) =    24.00336 eV ==== 
     psi = 0.225*[#   2]+0.225*[#   6]+0.218*[#   4]+0.218*[#   8]
    |psi|^2 = 0.886
==== e(   7) =    24.72317 eV ==== 
     psi = 0.276*[#   1]+0.276*[#   5]+0.078*[#   4]+0.078*[#   8]+0.077*[#   2]
          +0.077*[#   6]+0.014*[#   3]+0.014*[#   7]
    |psi|^2 = 0.889
==== e(   8) =    29.60796 eV ==== 
     psi = 0.108*[#   3]+0.108*[#   7]+0.104*[#   1]+0.104*[#   5]+0.060*[#   2]
          +0.060*[#   6]+0.059*[#   4]+0.059*[#   8]
    |psi|^2 = 0.663

 k =   0.4419417382  0.4419417382 -0.2651650429
==== e(   1) =    -3.98775 eV ==== 
     psi = 0.324*[#   1]+0.324*[#   5]+0.108*[#   2]+0.108*[#   6]+0.034*[#   4]
          +0.034*[#   8]+0.033*[#   3]+0.033*[#   7]
    |psi|^2 = 0.997
==== e(   2) =    -0.37464 eV ==== 
     psi = 0.146*[#   4]+0.146*[#   8]+0.146*[#   3]+0.146*[#   7]+0.102*[#   1]
          +0.102*[#   5]+0.101*[#   2]+0.101*[#   6]
    |psi|^2 = 0.990
==== e(   3) =     8.50007 eV ==== 
     psi = 0.314*[#   2]+0.314*[#   6]+0.080*[#   3]+0.080*[#   7]+0.066*[#   4]
          +0.066*[#   8]+0.039*[#   1]+0.039*[#   5]
    |psi|^2 = 0.998
==== e(   4) =     9.10497 eV ==== 
     psi = 0.256*[#   4]+0.256*[#   8]+0.243*[#   3]+0.243*[#   7]
    |psi|^2 = 0.998
==== e(   5) =    21.73077 eV ==== 
     psi = 0.277*[#   2]+0.277*[#   6]+0.067*[#   1]+0.067*[#   5]+0.041*[#   4]
          +0.041*[#   8]+0.036*[#   3]+0.036*[#   7]
    |psi|^2 = 0.844
==== e(   6) =    24.00336 eV ==== 
     psi = 0.225*[#   3]+0.225*[#   7]+0.218*[#   4]+0.218*[#   8]
    |psi|^2 = 0.886
==== e(   7) =    24.72318 eV ==== 
     psi = 0.276*[#   1]+0.276*[#   5]+0.078*[#   4]+0.078*[#   8]+0.077*[#   3]
          +0.077*[#   7]+0.014*[#   2]+0.014*[#   6]
    |psi|^2 = 0.889
==== e(   8) =    29.60796 eV ==== 
     psi = 0.108*[#   2]+0.108*[#   6]+0.104*[#   1]+0.104*[#   5]+0.060*[#   3]
          +0.060*[#   7]+0.059*[#   4]+0.059*[#   8]
    |psi|^2 = 0.663

 k =   0.3535533906  0.5303300859 -0.3535533906
==== e(   1) =    -4.86268 eV ==== 
     psi = 0.299*[#   1]+0.299*[#   5]+0.087*[#   2]+0.087*[#   3]+0.087*[#   6]
          +0.087*[#   7]+0.024*[#   4]+0.024*[#   8]
    |psi|^2 = 0.995
==== e(   2) =     0.75497 eV ==== 
     psi = 0.171*[#   4]+0.171*[#   8]+0.125*[#   1]+0.125*[#   5]+0.100*[#   2]
          +0.100*[#   3]+0.100*[#   6]+0.100*[#   7]
    |psi|^2 = 0.992
==== e(   3) =     8.03810 eV ==== 
     psi = 0.295*[#   4]+0.295*[#   8]+0.082*[#   2]+0.082*[#   3]+0.082*[#   6]
          +0.082*[#   7]+0.040*[#   1]+0.040*[#   5]
    |psi|^2 = 0.998
==== e(   4) =     9.76176 eV ==== 
     psi = 0.249*[#   2]+0.249*[#   3]+0.249*[#   6]+0.249*[#   7]
    |psi|^2 = 0.998
==== e(   5) =    22.34113 eV ==== 
     psi = 0.278*[#   4]+0.278*[#   8]+0.054*[#   1]+0.054*[#   5]+0.045*[#   2]
          +0.045*[#   3]+0.045*[#   6]+0.045*[#   7]
    |psi|^2 = 0.845
==== e(   6) =    23.37167 eV ==== 
     psi = 0.226*[#   2]+0.226*[#   3]+0.226*[#   6]+0.226*[#   7]
    |psi|^2 = 0.904
==== e(   7) =    24.57839 eV ==== 
     psi = 0.272*[#   1]+0.272*[#   5]+0.061*[#   4]+0.061*[#   8]+0.056*[#   2]
          +0.056*[#   3]+0.056*[#   6]+0.056*[#   7]
    |psi|^2 = 0.890
==== e(   8) =    29.92170 eV ==== 
     psi = 0.126*[#   1]+0.126*[#   5]+0.093*[#   4]+0.093*[#   8]+0.071*[#   2]
          +0.071*[#   3]+0.071*[#   6]+0.071*[#   7]
    |psi|^2 = 0.722

 k =   0.2651650429  0.6187184335 -0.4419417382
==== e(   1) =    -4.96548 eV ==== 
     psi = 0.277*[#   1]+0.277*[#   5]+0.161*[#   3]+0.161*[#   7]+0.048*[#   2]
          +0.048*[#   6]+0.012*[#   4]+0.012*[#   8]
    |psi|^2 = 0.994
==== e(   2) =     2.53291 eV ==== 
     psi = 0.184*[#   4]+0.184*[#   8]+0.127*[#   1]+0.127*[#   5]+0.105*[#   2]
          +0.105*[#   6]+0.082*[#   3]+0.082*[#   7]
    |psi|^2 = 0.995
==== e(   3) =     6.29029 eV ==== 
     psi = 0.255*[#   4]+0.255*[#   8]+0.091*[#   3]+0.091*[#   7]+0.090*[#   2]
          +0.090*[#   6]+0.063*[#   1]+0.063*[#   5]
    |psi|^2 = 0.997
==== e(   4) =     8.57951 eV ==== 
     psi = 0.223*[#   3]+0.223*[#   7]+0.222*[#   2]+0.222*[#   6]+0.042*[#   4]
          +0.042*[#   8]+0.011*[#   1]+0.011*[#   5]
    |psi|^2 = 0.997
==== e(   5) =    22.07398 eV ==== 
     psi = 0.247*[#   3]+0.247*[#   7]+0.075*[#   2]+0.075*[#   6]+0.068*[#   1]
          +0.068*[#   5]+0.036*[#   4]+0.036*[#   8]
    |psi|^2 = 0.854
==== e(   6) =    23.82550 eV ==== 
     psi = 0.200*[#   4]+0.200*[#   8]+0.126*[#   2]+0.126*[#   6]+0.063*[#   1]
          +0.063*[#   5]+0.020*[#   3]+0.020*[#   7]
    |psi|^2 = 0.820
==== e(   7) =    26.87275 eV ==== 
     psi = 0.229*[#   1]+0.229*[#   5]+0.086*[#   3]+0.086*[#   7]+0.081*[#   2]
          +0.081*[#   6]+0.023*[#   4]+0.023*[#   8]
    |psi|^2 = 0.838
==== e(   8) =    27.72986 eV ==== 
     psi = 0.164*[#   4]+0.164*[#   8]+0.158*[#   2]+0.158*[#   6]+0.069*[#   1]
          +0.069*[#   5]+0.010*[#   3]+0.010*[#   7]
    |psi|^2 = 0.803

 k =   0.1767766953  0.7071067812 -0.5303300859
==== e(   1) =    -4.23201 eV ==== 
     psi = 0.256*[#   1]+0.256*[#   5]+0.220*[#   3]+0.220*[#   7]+0.016*[#   2]
          +0.016*[#   6]+0.005*[#   4]+0.005*[#   8]
    |psi|^2 = 0.994
==== e(   2) =     3.41893 eV ==== 
     psi = 0.206*[#   3]+0.206*[#   7]+0.174*[#   1]+0.174*[#   5]+0.091*[#   4]
          +0.091*[#   8]+0.027*[#   2]+0.027*[#   6]
    |psi|^2 = 0.998
==== e(   3) =     5.52057 eV ==== 
     psi = 0.266*[#   4]+0.266*[#   8]+0.177*[#   2]+0.177*[#   6]+0.032*[#   1]
          +0.032*[#   5]+0.024*[#   3]+0.024*[#   7]
    |psi|^2 = 0.997
==== e(   4) =     6.64099 eV ==== 
     psi = 0.231*[#   2]+0.231*[#   6]+0.137*[#   4]+0.137*[#   8]+0.126*[#   3]
          +0.126*[#   7]+0.005*[#   1]+0.005*[#   5]
    |psi|^2 = 0.998
==== e(   5) =    20.36571 eV ==== 
     psi = 0.233*[#   3]+0.233*[#   7]+0.152*[#   1]+0.152*[#   5]+0.044*[#   2]
          +0.044*[#   6]+0.011*[#   4]+0.011*[#   8]
    |psi|^2 = 0.880
==== e(   6) =    22.59148 eV ==== 
     psi = 0.150*[#   1]+0.150*[#   5]+0.103*[#   3]+0.103*[#   7]+0.052*[#   2]
          +0.052*[#   6]+0.002*[#   4]+0.002*[#   8]
    |psi|^2 = 0.614
==== e(   7) =    27.47719 eV ==== 
     psi = 0.232*[#   4]+0.232*[#   8]+0.124*[#   2]+0.124*[#   6]+0.092*[#   1]
          +0.092*[#   5]+0.008*[#   3]+0.008*[#   7]
    |psi|^2 = 0.912
==== e(   8) =    29.78282 eV ==== 
     psi = 0.249*[#   2]+0.249*[#   6]+0.205*[#   4]+0.205*[#   8]+0.027*[#   1]
          +0.027*[#   5]
    |psi|^2 = 0.963

 k =   0.7954951288  0.0883883476  0.0883883476
==== e(   1) =    -2.63090 eV ==== 
     psi = 0.252*[#   3]+0.252*[#   7]+0.238*[#   1]+0.238*[#   5]+0.004*[#   2]
          +0.004*[#   4]+0.004*[#   6]+0.004*[#   8]
    |psi|^2 = 0.995
==== e(   2) =     1.64132 eV ==== 
     psi = 0.273*[#   3]+0.273*[#   7]+0.199*[#   1]+0.199*[#   5]+0.013*[#   2]
          +0.013*[#   4]+0.013*[#   6]+0.013*[#   8]
    |psi|^2 = 0.997
==== e(   3) =     5.14672 eV ==== 
     psi = 0.219*[#   2]+0.219*[#   4]+0.219*[#   6]+0.219*[#   8]+0.049*[#   3]
          +0.049*[#   7]+0.011*[#   1]+0.011*[#   5]
    |psi|^2 = 0.998
==== e(   4) =     6.57741 eV ==== 
     psi = 0.250*[#   2]+0.250*[#   4]+0.250*[#   6]+0.250*[#   8]
    |psi|^2 = 0.999
==== e(   5) =    18.92169 eV ==== 
     psi = 0.203*[#   3]+0.203*[#   7]+0.197*[#   1]+0.197*[#   5]+0.008*[#   2]
          +0.008*[#   4]+0.008*[#   6]+0.008*[#   8]
    |psi|^2 = 0.831
==== e(   6) =    21.00188 eV ==== 
     psi = 0.186*[#   1]+0.186*[#   5]+0.148*[#   3]+0.148*[#   7]+0.014*[#   2]
          +0.014*[#   4]+0.014*[#   6]+0.014*[#   8]
    |psi|^2 = 0.726
==== e(   7) =    30.32799 eV ==== 
     psi = 0.240*[#   2]+0.240*[#   4]+0.240*[#   6]+0.240*[#   8]
    |psi|^2 = 0.959
==== e(   8) =    30.67009 eV ==== 
     psi = 0.207*[#   2]+0.207*[#   4]+0.207*[#   6]+0.207*[#   8]+0.052*[#   1]
          +0.052*[#   5]+0.003*[#   3]+0.003*[#   7]
    |psi|^2 = 0.937

 k =   0.7071067812  0.1767766953  0.0000000000
==== e(   1) =    -0.35790 eV ==== 
     psi = 0.253*[#   3]+0.252*[#   7]+0.225*[#   5]+0.224*[#   1]+0.020*[#   2]
          +0.019*[#   6]+0.002*[#   4]+0.002*[#   8]
    |psi|^2 = 0.997
==== e(   2) =    -0.34370 eV ==== 
     psi = 0.254*[#   7]+0.253*[#   3]+0.224*[#   1]+0.223*[#   5]+0.019*[#   2]
          +0.019*[#   6]+0.002*[#   4]+0.002*[#   8]
    |psi|^2 = 0.997
==== e(   3) =     5.14658 eV ==== 
     psi = 0.236*[#   2]+0.235*[#   6]+0.219*[#   8]+0.218*[#   4]+0.036*[#   3]
          +0.036*[#   7]+0.009*[#   1]+0.009*[#   5]
    |psi|^2 = 0.998
==== e(   4) =     5.16313 eV ==== 
     psi = 0.235*[#   6]+0.235*[#   2]+0.219*[#   4]+0.219*[#   8]+0.036*[#   7]
          +0.036*[#   3]+0.009*[#   1]+0.009*[#   5]
    |psi|^2 = 0.998
==== e(   5) =    20.86784 eV ==== 
     psi = 0.170*[#   3]+0.169*[#   5]+0.167*[#   7]+0.166*[#   1]+0.045*[#   8]
          +0.044*[#   4]+0.002*[#   2]+0.001*[#   6]
    |psi|^2 = 0.763
==== e(   6) =    20.88438 eV ==== 
     psi = 0.171*[#   7]+0.169*[#   1]+0.167*[#   3]+0.165*[#   5]+0.044*[#   4]
          +0.043*[#   8]+0.002*[#   2]+0.002*[#   6]
    |psi|^2 = 0.761
==== e(   7) =    30.24031 eV ==== 
     psi = 0.225*[#   2]+0.225*[#   6]+0.174*[#   8]+0.174*[#   4]+0.056*[#   5]
          +0.056*[#   1]+0.003*[#   3]+0.003*[#   7]
    |psi|^2 = 0.916
==== e(   8) =    30.25825 eV ==== 
     psi = 0.225*[#   6]+0.224*[#   2]+0.174*[#   4]+0.173*[#   8]+0.057*[#   1]
          +0.057*[#   5]+0.003*[#   3]+0.003*[#   7]
    |psi|^2 = 0.915

 k =   0.6187184335  0.2651650429 -0.0883883476
==== e(   1) =    -1.79432 eV ==== 
     psi = 0.266*[#   1]+0.266*[#   5]+0.185*[#   3]+0.185*[#   7]+0.034*[#   2]
          +0.034*[#   6]+0.013*[#   4]+0.013*[#   8]
    |psi|^2 = 0.997
==== e(   2) =     0.99409 eV ==== 
     psi = 0.173*[#   1]+0.173*[#   5]+0.138*[#   3]+0.138*[#   7]+0.129*[#   2]
          +0.129*[#   6]+0.059*[#   4]+0.059*[#   8]
    |psi|^2 = 0.997
==== e(   3) =     4.08685 eV ==== 
     psi = 0.181*[#   3]+0.181*[#   7]+0.144*[#   2]+0.144*[#   6]+0.134*[#   4]
          +0.134*[#   8]+0.039*[#   1]+0.039*[#   5]
    |psi|^2 = 0.997
==== e(   4) =     6.19469 eV ==== 
     psi = 0.223*[#   4]+0.223*[#   8]+0.215*[#   2]+0.215*[#   6]+0.055*[#   3]
          +0.055*[#   7]+0.006*[#   1]+0.006*[#   5]
    |psi|^2 = 0.998
==== e(   5) =    21.58091 eV ==== 
     psi = 0.189*[#   3]+0.189*[#   7]+0.111*[#   1]+0.111*[#   5]+0.079*[#   4]
          +0.079*[#   8]+0.004*[#   2]+0.004*[#   6]
    |psi|^2 = 0.766
==== e(   6) =    25.00599 eV ==== 
     psi = 0.119*[#   4]+0.119*[#   8]+0.114*[#   3]+0.114*[#   7]+0.069*[#   1]
          +0.069*[#   5]+0.015*[#   2]+0.015*[#   6]
    |psi|^2 = 0.634
==== e(   7) =    27.00774 eV ==== 
     psi = 0.203*[#   2]+0.203*[#   6]+0.166*[#   1]+0.166*[#   5]+0.051*[#   4]
          +0.051*[#   8]+0.042*[#   3]+0.042*[#   7]
    |psi|^2 = 0.924
==== e(   8) =    29.58971 eV ==== 
     psi = 0.193*[#   2]+0.193*[#   6]+0.151*[#   4]+0.151*[#   8]+0.108*[#   1]
          +0.108*[#   5]+0.004*[#   3]+0.004*[#   7]
    |psi|^2 = 0.913

 k =   0.5303300859  0.3535533906 -0.1767766953
==== e(   1) =    -2.81981 eV ==== 
     psi = 0.325*[#   1]+0.325*[#   5]+0.074*[#   2]+0.074*[#   3]+0.074*[#   6]
          +0.074*[#   7]+0.027*[#   4]+0.027*[#   8]
    |psi|^2 = 0.999
==== e(   2) =    -0.21424 eV ==== 
     psi = 0.142*[#   2]+0.142*[#   3]+0.142*[#   6]+0.142*[#   7]+0.127*[#   4]
          +0.127*[#   8]+0.084*[#   1]+0.084*[#   5]
    |psi|^2 = 0.991
==== e(   3) =     6.23330 eV ==== 
     psi = 0.191*[#   2]+0.191*[#   3]+0.191*[#   6]+0.191*[#   7]+0.070*[#   1]
          +0.070*[#   5]+0.048*[#   4]+0.048*[#   8]
    |psi|^2 = 0.998
==== e(   4) =     7.93066 eV ==== 
     psi = 0.257*[#   4]+0.257*[#   8]+0.120*[#   2]+0.120*[#   3]+0.120*[#   6]
          +0.120*[#   7]+0.003*[#   1]+0.003*[#   5]
    |psi|^2 = 0.998
==== e(   5) =    22.39276 eV ==== 
     psi = 0.134*[#   2]+0.134*[#   3]+0.134*[#   6]+0.134*[#   7]+0.096*[#   4]
          +0.096*[#   8]+0.015*[#   1]+0.015*[#   5]
    |psi|^2 = 0.760
==== e(   6) =    23.66374 eV ==== 
     psi = 0.151*[#   1]+0.151*[#   5]+0.096*[#   2]+0.096*[#   3]+0.096*[#   6]
          +0.096*[#   7]+0.094*[#   4]+0.094*[#   8]
    |psi|^2 = 0.875
==== e(   7) =    27.65200 eV ==== 
     psi = 0.203*[#   4]+0.203*[#   8]+0.157*[#   1]+0.157*[#   5]+0.058*[#   2]
          +0.058*[#   3]+0.058*[#   6]+0.058*[#   7]
    |psi|^2 = 0.952
==== e(   8) =    29.38534 eV ==== 
     psi = 0.135*[#   1]+0.135*[#   5]+0.112*[#   2]+0.112*[#   3]+0.112*[#   6]
          +0.112*[#   7]+0.037*[#   4]+0.037*[#   8]
    |psi|^2 = 0.792

 k =   0.5303300859  0.5303300859 -0.1767766953
==== e(   1) =    -3.68726 eV ==== 
     psi = 0.271*[#   1]+0.271*[#   5]+0.193*[#   2]+0.193*[#   6]+0.017*[#   4]
          +0.017*[#   8]+0.017*[#   3]+0.017*[#   7]
    |psi|^2 = 0.995
==== e(   2) =     1.46758 eV ==== 
     psi = 0.136*[#   4]+0.136*[#   8]+0.136*[#   3]+0.136*[#   7]+0.135*[#   1]
          +0.135*[#   5]+0.091*[#   2]+0.091*[#   6]
    |psi|^2 = 0.995
==== e(   3) =     5.86231 eV ==== 
     psi = 0.269*[#   2]+0.269*[#   6]+0.085*[#   3]+0.085*[#   7]+0.082*[#   4]
          +0.082*[#   8]+0.063*[#   1]+0.063*[#   5]
    |psi|^2 = 0.998
==== e(   4) =     7.68608 eV ==== 
     psi = 0.251*[#   4]+0.251*[#   8]+0.249*[#   3]+0.249*[#   7]
    |psi|^2 = 0.999
==== e(   5) =    20.10557 eV ==== 
     psi = 0.230*[#   2]+0.230*[#   6]+0.138*[#   1]+0.138*[#   5]+0.024*[#   4]
          +0.024*[#   8]+0.022*[#   3]+0.022*[#   7]
    |psi|^2 = 0.826
==== e(   6) =    25.58986 eV ==== 
     psi = 0.134*[#   1]+0.134*[#   5]+0.119*[#   2]+0.119*[#   6]+0.032*[#   3]
          +0.032*[#   7]+0.032*[#   4]+0.032*[#   8]
    |psi|^2 = 0.633
==== e(   7) =    27.17699 eV ==== 
     psi = 0.228*[#   3]+0.228*[#   7]+0.227*[#   4]+0.227*[#   8]
    |psi|^2 = 0.911
==== e(   8) =    27.90645 eV ==== 
     psi = 0.165*[#   1]+0.165*[#   5]+0.131*[#   4]+0.131*[#   8]+0.130*[#   3]
          +0.130*[#   7]+0.018*[#   2]+0.018*[#   6]
    |psi|^2 = 0.889

 k =   0.4419417382  0.6187184335 -0.2651650429
==== e(   1) =    -4.96548 eV ==== 
     psi = 0.277*[#   1]+0.277*[#   5]+0.161*[#   2]+0.161*[#   6]+0.048*[#   3]
          +0.048*[#   7]+0.012*[#   4]+0.012*[#   8]
    |psi|^2 = 0.994
==== e(   2) =     2.53291 eV ==== 
     psi = 0.184*[#   4]+0.184*[#   8]+0.127*[#   1]+0.127*[#   5]+0.105*[#   3]
          +0.105*[#   7]+0.082*[#   2]+0.082*[#   6]
    |psi|^2 = 0.995
==== e(   3) =     6.29029 eV ==== 
     psi = 0.255*[#   4]+0.255*[#   8]+0.091*[#   2]+0.091*[#   6]+0.090*[#   3]
          +0.090*[#   7]+0.063*[#   1]+0.063*[#   5]
    |psi|^2 = 0.997
==== e(   4) =     8.57951 eV ==== 
     psi = 0.223*[#   2]+0.223*[#   6]+0.222*[#   3]+0.222*[#   7]+0.042*[#   4]
          +0.042*[#   8]+0.011*[#   1]+0.011*[#   5]
    |psi|^2 = 0.997
==== e(   5) =    22.07398 eV ==== 
     psi = 0.247*[#   2]+0.247*[#   6]+0.075*[#   3]+0.075*[#   7]+0.068*[#   1]
          +0.068*[#   5]+0.036*[#   4]+0.036*[#   8]
    |psi|^2 = 0.854
==== e(   6) =    23.82550 eV ==== 
     psi = 0.200*[#   4]+0.200*[#   8]+0.126*[#   3]+0.126*[#   7]+0.063*[#   1]
          +0.063*[#   5]+0.020*[#   2]+0.020*[#   6]
    |psi|^2 = 0.820
==== e(   7) =    26.87275 eV ==== 
     psi = 0.229*[#   1]+0.229*[#   5]+0.086*[#   2]+0.086*[#   6]+0.081*[#   3]
          +0.081*[#   7]+0.023*[#   4]+0.023*[#   8]
    |psi|^2 = 0.838
==== e(   8) =    27.72986 eV ==== 
     psi = 0.164*[#   4]+0.164*[#   8]+0.158*[#   3]+0.158*[#   7]+0.069*[#   1]
          +0.069*[#   5]+0.010*[#   2]+0.010*[#   6]
    |psi|^2 = 0.803

 k =   0.3535533906  0.7071067812 -0.3535533906
==== e(   1) =    -5.39090 eV ==== 
     psi = 0.279*[#   1]+0.279*[#   5]+0.105*[#   2]+0.105*[#   3]+0.105*[#   6]
          +0.105*[#   7]+0.009*[#   4]+0.009*[#   8]
    |psi|^2 = 0.994
==== e(   2) =     3.72736 eV ==== 
     psi = 0.194*[#   4]+0.194*[#   8]+0.131*[#   1]+0.131*[#   5]+0.087*[#   2]
          +0.087*[#   3]+0.087*[#   6]+0.087*[#   7]
    |psi|^2 = 0.998
==== e(   3) =     4.92982 eV ==== 
     psi = 0.274*[#   4]+0.274*[#   8]+0.079*[#   2]+0.079*[#   3]+0.079*[#   6]
          +0.079*[#   7]+0.066*[#   1]+0.066*[#   5]
    |psi|^2 = 0.995
==== e(   4) =     9.67015 eV ==== 
     psi = 0.249*[#   2]+0.249*[#   3]+0.249*[#   6]+0.249*[#   7]
    |psi|^2 = 0.998
==== e(   5) =    22.05848 eV ==== 
     psi = 0.251*[#   4]+0.251*[#   8]+0.075*[#   1]+0.075*[#   5]+0.043*[#   2]
          +0.043*[#   3]+0.043*[#   6]+0.043*[#   7]
    |psi|^2 = 0.824
==== e(   6) =    24.26221 eV ==== 
     psi = 0.239*[#   2]+0.239*[#   3]+0.239*[#   6]+0.239*[#   7]
    |psi|^2 = 0.955
==== e(   7) =    26.72951 eV ==== 
     psi = 0.177*[#   4]+0.177*[#   8]+0.125*[#   1]+0.125*[#   5]+0.061*[#   2]
          +0.061*[#   3]+0.061*[#   6]+0.061*[#   7]
    |psi|^2 = 0.851
==== e(   8) =    28.53515 eV ==== 
     psi = 0.266*[#   1]+0.266*[#   5]+0.069*[#   2]+0.069*[#   3]+0.069*[#   6]
          +0.069*[#   7]+0.007*[#   4]+0.007*[#   8]
    |psi|^2 = 0.820

 k =   0.2651650429  0.7954951288 -0.4419417382
==== e(   1) =    -4.96650 eV ==== 
     psi = 0.277*[#   1]+0.277*[#   5]+0.161*[#   3]+0.161*[#   7]+0.048*[#   2]
          +0.048*[#   6]+0.012*[#   4]+0.012*[#   8]
    |psi|^2 = 0.994
==== e(   2) =     2.54988 eV ==== 
     psi = 0.184*[#   4]+0.184*[#   8]+0.127*[#   1]+0.127*[#   5]+0.105*[#   2]
          +0.105*[#   6]+0.082*[#   3]+0.082*[#   7]
    |psi|^2 = 0.995
==== e(   3) =     6.26943 eV ==== 
     psi = 0.256*[#   4]+0.256*[#   8]+0.090*[#   3]+0.090*[#   7]+0.090*[#   2]
          +0.090*[#   6]+0.063*[#   1]+0.063*[#   5]
    |psi|^2 = 0.997
==== e(   4) =     8.58426 eV ==== 
     psi = 0.223*[#   3]+0.223*[#   7]+0.222*[#   2]+0.222*[#   6]+0.042*[#   4]
          +0.042*[#   8]+0.011*[#   1]+0.011*[#   5]
    |psi|^2 = 0.997
==== e(   5) =    22.06657 eV ==== 
     psi = 0.248*[#   3]+0.248*[#   7]+0.076*[#   2]+0.076*[#   6]+0.070*[#   1]
          +0.070*[#   5]+0.034*[#   4]+0.034*[#   8]
    |psi|^2 = 0.855
==== e(   6) =    23.81676 eV ==== 
     psi = 0.202*[#   4]+0.202*[#   8]+0.126*[#   2]+0.126*[#   6]+0.063*[#   1]
          +0.063*[#   5]+0.019*[#   3]+0.019*[#   7]
    |psi|^2 = 0.820
==== e(   7) =    26.88722 eV ==== 
     psi = 0.229*[#   1]+0.229*[#   5]+0.088*[#   3]+0.088*[#   7]+0.079*[#   2]
          +0.079*[#   6]+0.022*[#   4]+0.022*[#   8]
    |psi|^2 = 0.835
==== e(   8) =    27.71814 eV ==== 
     psi = 0.165*[#   4]+0.165*[#   8]+0.160*[#   2]+0.160*[#   6]+0.069*[#   1]
          +0.069*[#   5]+0.010*[#   3]+0.010*[#   7]
    |psi|^2 = 0.808

 k =   0.8838834765  0.1767766953  0.1767766953
==== e(   1) =    -3.69041 eV ==== 
     psi = 0.272*[#   1]+0.272*[#   5]+0.193*[#   3]+0.193*[#   7]+0.016*[#   2]
          +0.016*[#   4]+0.016*[#   6]+0.016*[#   8]
    |psi|^2 = 0.995
==== e(   2) =     1.48693 eV ==== 
     psi = 0.136*[#   2]+0.136*[#   4]+0.136*[#   6]+0.136*[#   8]+0.134*[#   1]
          +0.134*[#   5]+0.091*[#   3]+0.091*[#   7]
    |psi|^2 = 0.995
==== e(   3) =     5.85999 eV ==== 
     psi = 0.269*[#   3]+0.269*[#   7]+0.083*[#   2]+0.083*[#   4]+0.083*[#   6]
          +0.083*[#   8]+0.063*[#   1]+0.063*[#   5]
    |psi|^2 = 0.998
==== e(   4) =     7.66926 eV ==== 
     psi = 0.250*[#   2]+0.250*[#   4]+0.250*[#   6]+0.250*[#   8]
    |psi|^2 = 0.999
==== e(   5) =    20.09288 eV ==== 
     psi = 0.229*[#   3]+0.229*[#   7]+0.139*[#   1]+0.139*[#   5]+0.023*[#   2]
          +0.023*[#   4]+0.023*[#   6]+0.023*[#   8]
    |psi|^2 = 0.827
==== e(   6) =    25.59550 eV ==== 
     psi = 0.132*[#   1]+0.132*[#   5]+0.120*[#   3]+0.120*[#   7]+0.032*[#   2]
          +0.032*[#   4]+0.032*[#   6]+0.032*[#   8]
    |psi|^2 = 0.632
==== e(   7) =    27.18848 eV ==== 
     psi = 0.228*[#   2]+0.228*[#   4]+0.228*[#   6]+0.228*[#   8]
    |psi|^2 = 0.910
==== e(   8) =    27.89788 eV ==== 
     psi = 0.167*[#   1]+0.167*[#   5]+0.130*[#   2]+0.130*[#   4]+0.130*[#   6]
          +0.130*[#   8]+0.019*[#   3]+0.019*[#   7]
    |psi|^2 = 0.892

 k =   0.7954951288  0.2651650429  0.0883883476
==== e(   1) =    -1.80311 eV ==== 
     psi = 0.267*[#   1]+0.267*[#   5]+0.185*[#   3]+0.185*[#   7]+0.034*[#   2]
          +0.034*[#   6]+0.013*[#   4]+0.013*[#   8]
    |psi|^2 = 0.997
==== e(   2) =     1.01736 eV ==== 
     psi = 0.172*[#   1]+0.172*[#   5]+0.140*[#   3]+0.140*[#   7]+0.129*[#   2]
          +0.129*[#   6]+0.058*[#   4]+0.058*[#   8]
    |psi|^2 = 0.997
==== e(   3) =     4.09311 eV ==== 
     psi = 0.181*[#   3]+0.181*[#   7]+0.143*[#   2]+0.143*[#   6]+0.135*[#   4]
          +0.135*[#   8]+0.039*[#   1]+0.039*[#   5]
    |psi|^2 = 0.997
==== e(   4) =     6.17109 eV ==== 
     psi = 0.223*[#   4]+0.223*[#   8]+0.216*[#   2]+0.216*[#   6]+0.054*[#   3]
          +0.054*[#   7]+0.006*[#   1]+0.006*[#   5]
    |psi|^2 = 0.998
==== e(   5) =    21.56552 eV ==== 
     psi = 0.188*[#   3]+0.188*[#   7]+0.112*[#   1]+0.112*[#   5]+0.079*[#   4]
          +0.079*[#   8]+0.005*[#   2]+0.005*[#   6]
    |psi|^2 = 0.767
==== e(   6) =    25.01617 eV ==== 
     psi = 0.118*[#   4]+0.118*[#   8]+0.114*[#   3]+0.114*[#   7]+0.069*[#   1]
          +0.069*[#   5]+0.016*[#   2]+0.016*[#   6]
    |psi|^2 = 0.635
==== e(   7) =    27.01667 eV ==== 
     psi = 0.201*[#   2]+0.201*[#   6]+0.168*[#   1]+0.168*[#   5]+0.050*[#   4]
          +0.050*[#   8]+0.043*[#   3]+0.043*[#   7]
    |psi|^2 = 0.925
==== e(   8) =    29.58584 eV ==== 
     psi = 0.194*[#   2]+0.194*[#   6]+0.153*[#   4]+0.153*[#   8]+0.107*[#   1]
          +0.107*[#   5]+0.003*[#   3]+0.003*[#   7]
    |psi|^2 = 0.913

 k =   0.7071067812  0.3535533906  0.0000000000
==== e(   1) =     0.07960 eV ==== 
     psi = 0.247*[#   5]+0.247*[#   1]+0.126*[#   2]+0.126*[#   3]+0.126*[#   6]
          +0.126*[#   7]
    |psi|^2 = 0.998
==== e(   2) =     0.09791 eV ==== 
     psi = 0.247*[#   1]+0.246*[#   5]+0.126*[#   2]+0.126*[#   3]+0.126*[#   6]
          +0.126*[#   7]
    |psi|^2 = 0.998
==== e(   3) =     4.14879 eV ==== 
     psi = 0.202*[#   8]+0.201*[#   4]+0.149*[#   2]+0.149*[#   3]+0.148*[#   6]
          +0.148*[#   7]
    |psi|^2 = 0.998
==== e(   4) =     4.16842 eV ==== 
     psi = 0.203*[#   4]+0.201*[#   8]+0.149*[#   6]+0.149*[#   7]+0.148*[#   2]
          +0.148*[#   3]
    |psi|^2 = 0.998
==== e(   5) =    24.67101 eV ==== 
     psi = 0.174*[#   8]+0.172*[#   4]+0.063*[#   2]+0.063*[#   3]+0.062*[#   6]
          +0.062*[#   7]
    |psi|^2 = 0.596
==== e(   6) =    24.71231 eV ==== 
     psi = 0.172*[#   4]+0.171*[#   8]+0.063*[#   6]+0.063*[#   7]+0.062*[#   2]
          +0.062*[#   3]
    |psi|^2 = 0.592
==== e(   7) =    26.78163 eV ==== 
     psi = 0.234*[#   1]+0.234*[#   5]+0.118*[#   2]+0.118*[#   3]+0.118*[#   6]
          +0.118*[#   7]
    |psi|^2 = 0.940
==== e(   8) =    26.79862 eV ==== 
     psi = 0.234*[#   5]+0.234*[#   1]+0.118*[#   2]+0.118*[#   3]+0.118*[#   6]
          +0.118*[#   7]
    |psi|^2 = 0.940

 k =   0.6187184335  0.4419417382 -0.0883883476
==== e(   1) =    -1.79432 eV ==== 
     psi = 0.266*[#   1]+0.266*[#   5]+0.185*[#   2]+0.185*[#   6]+0.034*[#   3]
          +0.034*[#   7]+0.013*[#   4]+0.013*[#   8]
    |psi|^2 = 0.997
==== e(   2) =     0.99409 eV ==== 
     psi = 0.173*[#   1]+0.173*[#   5]+0.138*[#   2]+0.138*[#   6]+0.129*[#   3]
          +0.129*[#   7]+0.059*[#   4]+0.059*[#   8]
    |psi|^2 = 0.997
==== e(   3) =     4.08685 eV ==== 
     psi = 0.181*[#   2]+0.181*[#   6]+0.144*[#   3]+0.144*[#   7]+0.134*[#   4]
          +0.134*[#   8]+0.039*[#   1]+0.039*[#   5]
    |psi|^2 = 0.997
==== e(   4) =     6.19469 eV ==== 
     psi = 0.223*[#   4]+0.223*[#   8]+0.215*[#   3]+0.215*[#   7]+0.055*[#   2]
          +0.055*[#   6]+0.006*[#   1]+0.006*[#   5]
    |psi|^2 = 0.998
==== e(   5) =    21.58091 eV ==== 
     psi = 0.189*[#   2]+0.189*[#   6]+0.111*[#   1]+0.111*[#   5]+0.079*[#   4]
          +0.079*[#   8]+0.004*[#   3]+0.004*[#   7]
    |psi|^2 = 0.766
==== e(   6) =    25.00599 eV ==== 
     psi = 0.119*[#   4]+0.119*[#   8]+0.114*[#   2]+0.114*[#   6]+0.069*[#   1]
          +0.069*[#   5]+0.015*[#   3]+0.015*[#   7]
    |psi|^2 = 0.634
==== e(   7) =    27.00774 eV ==== 
     psi = 0.203*[#   3]+0.203*[#   7]+0.166*[#   1]+0.166*[#   5]+0.051*[#   4]
          +0.051*[#   8]+0.042*[#   2]+0.042*[#   6]
    |psi|^2 = 0.924
==== e(   8) =    29.58971 eV ==== 
     psi = 0.193*[#   3]+0.193*[#   7]+0.151*[#   4]+0.151*[#   8]+0.108*[#   1]
          +0.108*[#   5]+0.004*[#   2]+0.004*[#   6]
    |psi|^2 = 0.913

 k =   0.6187184335  0.6187184335 -0.0883883476
==== e(   1) =    -2.62927 eV ==== 
     psi = 0.252*[#   2]+0.252*[#   6]+0.237*[#   1]+0.237*[#   5]+0.004*[#   4]
          +0.004*[#   8]+0.004*[#   3]+0.004*[#   7]
    |psi|^2 = 0.995
==== e(   2) =     1.63488 eV ==== 
     psi = 0.272*[#   2]+0.272*[#   6]+0.199*[#   1]+0.199*[#   5]+0.014*[#   3]
          +0.014*[#   7]+0.014*[#   4]+0.014*[#   8]
    |psi|^2 = 0.997
==== e(   3) =     5.13731 eV ==== 
     psi = 0.219*[#   3]+0.219*[#   7]+0.219*[#   4]+0.219*[#   8]+0.050*[#   2]
          +0.050*[#   6]+0.011*[#   1]+0.011*[#   5]
    |psi|^2 = 0.998
==== e(   4) =     6.59308 eV ==== 
     psi = 0.250*[#   4]+0.250*[#   8]+0.249*[#   3]+0.249*[#   7]
    |psi|^2 = 0.999
==== e(   5) =    18.93088 eV ==== 
     psi = 0.203*[#   2]+0.203*[#   6]+0.196*[#   1]+0.196*[#   5]+0.008*[#   4]
          +0.008*[#   8]+0.007*[#   3]+0.007*[#   7]
    |psi|^2 = 0.830
==== e(   6) =    20.99292 eV ==== 
     psi = 0.187*[#   1]+0.187*[#   5]+0.147*[#   2]+0.148*[#   6]+0.014*[#   3]
          +0.014*[#   7]+0.014*[#   4]+0.014*[#   8]
    |psi|^2 = 0.727
==== e(   7) =    30.30658 eV ==== 
     psi = 0.240*[#   3]+0.240*[#   7]+0.240*[#   4]+0.240*[#   8]
    |psi|^2 = 0.959
==== e(   8) =    30.68655 eV ==== 
     psi = 0.207*[#   4]+0.207*[#   8]+0.206*[#   3]+0.206*[#   7]+0.052*[#   1]
          +0.052*[#   5]+0.003*[#   2]+0.003*[#   6]
    |psi|^2 = 0.935

 k =   0.5303300859  0.7071067812 -0.1767766953
==== e(   1) =    -4.23201 eV ==== 
     psi = 0.256*[#   1]+0.256*[#   5]+0.220*[#   2]+0.220*[#   6]+0.016*[#   3]
          +0.016*[#   7]+0.005*[#   4]+0.005*[#   8]
    |psi|^2 = 0.994
==== e(   2) =     3.41893 eV ==== 
     psi = 0.206*[#   2]+0.206*[#   6]+0.174*[#   1]+0.174*[#   5]+0.091*[#   4]
          +0.091*[#   8]+0.027*[#   3]+0.027*[#   7]
    |psi|^2 = 0.998
==== e(   3) =     5.52057 eV ==== 
     psi = 0.266*[#   4]+0.266*[#   8]+0.177*[#   3]+0.177*[#   7]+0.032*[#   1]
          +0.032*[#   5]+0.024*[#   2]+0.024*[#   6]
    |psi|^2 = 0.997
==== e(   4) =     6.64099 eV ==== 
     psi = 0.231*[#   3]+0.231*[#   7]+0.137*[#   4]+0.137*[#   8]+0.126*[#   2]
          +0.126*[#   6]+0.005*[#   1]+0.005*[#   5]
    |psi|^2 = 0.998
==== e(   5) =    20.36571 eV ==== 
     psi = 0.233*[#   2]+0.233*[#   6]+0.152*[#   1]+0.152*[#   5]+0.044*[#   3]
          +0.044*[#   7]+0.011*[#   4]+0.011*[#   8]
    |psi|^2 = 0.880
==== e(   6) =    22.59148 eV ==== 
     psi = 0.150*[#   1]+0.150*[#   5]+0.103*[#   2]+0.103*[#   6]+0.052*[#   3]
          +0.052*[#   7]+0.002*[#   4]+0.002*[#   8]
    |psi|^2 = 0.614
==== e(   7) =    27.47719 eV ==== 
     psi = 0.232*[#   4]+0.232*[#   8]+0.124*[#   3]+0.124*[#   7]+0.092*[#   1]
          +0.092*[#   5]+0.008*[#   2]+0.008*[#   6]
    |psi|^2 = 0.912
==== e(   8) =    29.78282 eV ==== 
     psi = 0.249*[#   3]+0.249*[#   7]+0.205*[#   4]+0.205*[#   8]+0.027*[#   1]
          +0.027*[#   5]
    |psi|^2 = 0.963

 k =   0.4419417382  0.7954951288 -0.2651650429
==== e(   1) =    -4.96650 eV ==== 
     psi = 0.277*[#   1]+0.277*[#   5]+0.161*[#   2]+0.161*[#   6]+0.048*[#   3]
          +0.048*[#   7]+0.012*[#   4]+0.012*[#   8]
    |psi|^2 = 0.994
==== e(   2) =     2.54988 eV ==== 
     psi = 0.184*[#   4]+0.184*[#   8]+0.127*[#   1]+0.127*[#   5]+0.105*[#   3]
          +0.105*[#   7]+0.082*[#   2]+0.082*[#   6]
    |psi|^2 = 0.995
==== e(   3) =     6.26943 eV ==== 
     psi = 0.256*[#   4]+0.256*[#   8]+0.090*[#   2]+0.090*[#   6]+0.090*[#   3]
          +0.090*[#   7]+0.063*[#   1]+0.063*[#   5]
    |psi|^2 = 0.997
==== e(   4) =     8.58426 eV ==== 
     psi = 0.223*[#   2]+0.223*[#   6]+0.222*[#   3]+0.222*[#   7]+0.042*[#   4]
          +0.042*[#   8]+0.011*[#   1]+0.011*[#   5]
    |psi|^2 = 0.997
==== e(   5) =    22.06657 eV ==== 
     psi = 0.248*[#   2]+0.248*[#   6]+0.076*[#   3]+0.076*[#   7]+0.070*[#   1]
          +0.070*[#   5]+0.034*[#   4]+0.034*[#   8]
    |psi|^2 = 0.855
==== e(   6) =    23.81676 eV ==== 
     psi = 0.202*[#   4]+0.202*[#   8]+0.126*[#   3]+0.126*[#   7]+0.063*[#   1]
          +0.063*[#   5]+0.019*[#   2]+0.019*[#   6]
    |psi|^2 = 0.820
==== e(   7) =    26.88722 eV ==== 
     psi = 0.229*[#   1]+0.229*[#   5]+0.088*[#   2]+0.088*[#   6]+0.079*[#   3]
          +0.079*[#   7]+0.022*[#   4]+0.022*[#   8]
    |psi|^2 = 0.835
==== e(   8) =    27.71814 eV ==== 
     psi = 0.165*[#   4]+0.165*[#   8]+0.160*[#   3]+0.160*[#   7]+0.069*[#   1]
          +0.069*[#   5]+0.010*[#   2]+0.010*[#   6]
    |psi|^2 = 0.808

 k =   0.3535533906  0.8838834765 -0.3535533906
==== e(   1) =    -4.86527 eV ==== 
     psi = 0.300*[#   1]+0.300*[#   5]+0.087*[#   2]+0.087*[#   3]+0.087*[#   6]
          +0.087*[#   7]+0.024*[#   4]+0.024*[#   8]
    |psi|^2 = 0.995
==== e(   2) =     0.77272 eV ==== 
     psi = 0.171*[#   4]+0.171*[#   8]+0.125*[#   1]+0.125*[#   5]+0.100*[#   2]
          +0.100*[#   3]+0.100*[#   6]+0.100*[#   7]
    |psi|^2 = 0.992
==== e(   3) =     8.01284 eV ==== 
     psi = 0.296*[#   4]+0.296*[#   8]+0.081*[#   2]+0.081*[#   3]+0.081*[#   6]
          +0.081*[#   7]+0.040*[#   1]+0.040*[#   5]
    |psi|^2 = 0.998
==== e(   4) =     9.77245 eV ==== 
     psi = 0.249*[#   2]+0.249*[#   3]+0.249*[#   6]+0.249*[#   7]
    |psi|^2 = 0.998
==== e(   5) =    22.34689 eV ==== 
     psi = 0.278*[#   4]+0.278*[#   8]+0.056*[#   1]+0.056*[#   5]+0.044*[#   2]
          +0.044*[#   3]+0.044*[#   6]+0.044*[#   7]
    |psi|^2 = 0.845
==== e(   6) =    23.33135 eV ==== 
     psi = 0.226*[#   2]+0.226*[#   3]+0.226*[#   6]+0.226*[#   7]
    |psi|^2 = 0.905
==== e(   7) =    24.58729 eV ==== 
     psi = 0.272*[#   1]+0.272*[#   5]+0.061*[#   4]+0.061*[#   8]+0.056*[#   2]
          +0.056*[#   3]+0.056*[#   6]+0.056*[#   7]
    |psi|^2 = 0.889
==== e(   8) =    29.89307 eV ==== 
     psi = 0.125*[#   1]+0.125*[#   5]+0.094*[#   4]+0.094*[#   8]+0.072*[#   2]
          +0.072*[#   3]+0.072*[#   6]+0.072*[#   7]
    |psi|^2 = 0.726

 k =   0.9722718241  0.2651650429  0.2651650429
==== e(   1) =    -3.99398 eV ==== 
     psi = 0.325*[#   1]+0.325*[#   5]+0.107*[#   3]+0.107*[#   7]+0.033*[#   2]
          +0.033*[#   4]+0.033*[#   6]+0.033*[#   8]
    |psi|^2 = 0.997
==== e(   2) =    -0.35345 eV ==== 
     psi = 0.146*[#   2]+0.146*[#   4]+0.146*[#   6]+0.146*[#   8]+0.102*[#   3]
          +0.102*[#   7]+0.101*[#   1]+0.101*[#   5]
    |psi|^2 = 0.990
==== e(   3) =     8.50147 eV ==== 
     psi = 0.314*[#   3]+0.314*[#   7]+0.073*[#   2]+0.073*[#   4]+0.073*[#   6]
          +0.073*[#   8]+0.039*[#   1]+0.039*[#   5]
    |psi|^2 = 0.998
==== e(   4) =     9.08567 eV ==== 
     psi = 0.249*[#   2]+0.249*[#   4]+0.249*[#   6]+0.249*[#   8]
    |psi|^2 = 0.998
==== e(   5) =    21.71284 eV ==== 
     psi = 0.277*[#   3]+0.277*[#   7]+0.067*[#   1]+0.067*[#   5]+0.039*[#   2]
          +0.039*[#   4]+0.039*[#   6]+0.039*[#   8]
    |psi|^2 = 0.845
==== e(   6) =    24.01032 eV ==== 
     psi = 0.221*[#   2]+0.221*[#   4]+0.221*[#   6]+0.221*[#   8]
    |psi|^2 = 0.886
==== e(   7) =    24.71213 eV ==== 
     psi = 0.277*[#   1]+0.277*[#   5]+0.077*[#   2]+0.077*[#   4]+0.077*[#   6]
          +0.077*[#   8]+0.014*[#   3]+0.014*[#   7]
    |psi|^2 = 0.890
==== e(   8) =    29.58826 eV ==== 
     psi = 0.109*[#   3]+0.109*[#   7]+0.103*[#   1]+0.103*[#   5]+0.060*[#   2]
          +0.060*[#   4]+0.060*[#   6]+0.060*[#   8]
    |psi|^2 = 0.667

 k =   0.8838834765  0.3535533906  0.1767766953
==== e(   1) =    -2.83085 eV ==== 
     psi = 0.326*[#   1]+0.326*[#   5]+0.073*[#   2]+0.073*[#   3]+0.073*[#   6]
          +0.073*[#   7]+0.027*[#   4]+0.027*[#   8]
    |psi|^2 = 0.999
==== e(   2) =    -0.18745 eV ==== 
     psi = 0.143*[#   2]+0.143*[#   3]+0.143*[#   6]+0.143*[#   7]+0.127*[#   4]
          +0.127*[#   8]+0.083*[#   1]+0.083*[#   5]
    |psi|^2 = 0.991
==== e(   3) =     6.24297 eV ==== 
     psi = 0.190*[#   2]+0.190*[#   3]+0.190*[#   6]+0.190*[#   7]+0.070*[#   1]
          +0.070*[#   5]+0.048*[#   4]+0.048*[#   8]
    |psi|^2 = 0.998
==== e(   4) =     7.90046 eV ==== 
     psi = 0.257*[#   4]+0.257*[#   8]+0.120*[#   2]+0.120*[#   3]+0.120*[#   6]
          +0.120*[#   7]+0.003*[#   1]+0.003*[#   5]
    |psi|^2 = 0.998
==== e(   5) =    22.35065 eV ==== 
     psi = 0.135*[#   2]+0.135*[#   3]+0.135*[#   6]+0.135*[#   7]+0.096*[#   4]
          +0.096*[#   8]+0.016*[#   1]+0.016*[#   5]
    |psi|^2 = 0.763
==== e(   6) =    23.69759 eV ==== 
     psi = 0.154*[#   1]+0.154*[#   5]+0.096*[#   2]+0.096*[#   3]+0.096*[#   6]
          +0.096*[#   7]+0.092*[#   4]+0.092*[#   8]
    |psi|^2 = 0.874
==== e(   7) =    27.65123 eV ==== 
     psi = 0.205*[#   4]+0.205*[#   8]+0.155*[#   1]+0.155*[#   5]+0.058*[#   2]
          +0.058*[#   3]+0.058*[#   6]+0.058*[#   7]
    |psi|^2 = 0.951
==== e(   8) =    29.36427 eV ==== 
     psi = 0.134*[#   1]+0.134*[#   5]+0.112*[#   2]+0.112*[#   3]+0.112*[#   6]
          +0.112*[#   7]+0.038*[#   4]+0.038*[#   8]
    |psi|^2 = 0.794

 k =   0.7954951288  0.4419417382  0.0883883476
==== e(   1) =    -1.80311 eV ==== 
     psi = 0.267*[#   1]+0.267*[#   5]+0.185*[#   2]+0.185*[#   6]+0.034*[#   3]
          +0.034*[#   7]+0.013*[#   4]+0.013*[#   8]
    |psi|^2 = 0.997
==== e(   2) =     1.01736 eV ==== 
     psi = 0.172*[#   1]+0.172*[#   5]+0.140*[#   2]+0.140*[#   6]+0.129*[#   3]
          +0.129*[#   7]+0.058*[#   4]+0.058*[#   8]
    |psi|^2 = 0.997
==== e(   3) =     4.09311 eV ==== 
     psi = 0.181*[#   2]+0.181*[#   6]+0.143*[#   3]+0.143*[#   7]+0.135*[#   4]
          +0.135*[#   8]+0.039*[#   1]+0.039*[#   5]
    |psi|^2 = 0.997
==== e(   4) =     6.17109 eV ==== 
     psi = 0.223*[#   4]+0.223*[#   8]+0.216*[#   3]+0.216*[#   7]+0.054*[#   2]
          +0.054*[#   6]+0.006*[#   1]+0.006*[#   5]
    |psi|^2 = 0.998
==== e(   5) =    21.56552 eV ==== 
     psi = 0.188*[#   2]+0.188*[#   6]+0.112*[#   1]+0.112*[#   5]+0.079*[#   4]
          +0.079*[#   8]+0.005*[#   3]+0.005*[#   7]
    |psi|^2 = 0.767
==== e(   6) =    25.01617 eV ==== 
     psi = 0.118*[#   4]+0.118*[#   8]+0.114*[#   2]+0.114*[#   6]+0.069*[#   1]
          +0.069*[#   5]+0.016*[#   3]+0.016*[#   7]
    |psi|^2 = 0.635
==== e(   7) =    27.01667 eV ==== 
     psi = 0.201*[#   3]+0.201*[#   7]+0.168*[#   1]+0.168*[#   5]+0.050*[#   4]
          +0.050*[#   8]+0.043*[#   2]+0.043*[#   6]
    |psi|^2 = 0.925
==== e(   8) =    29.58584 eV ==== 
     psi = 0.194*[#   3]+0.194*[#   7]+0.153*[#   4]+0.153*[#   8]+0.107*[#   1]
          +0.107*[#   5]+0.003*[#   2]+0.003*[#   6]
    |psi|^2 = 0.913

 k =   0.7071067812  0.5303300859  0.0000000000
==== e(   1) =    -0.35790 eV ==== 
     psi = 0.253*[#   2]+0.252*[#   6]+0.225*[#   5]+0.224*[#   1]+0.020*[#   3]
          +0.019*[#   7]+0.002*[#   4]+0.002*[#   8]
    |psi|^2 = 0.997
==== e(   2) =    -0.34370 eV ==== 
     psi = 0.254*[#   6]+0.253*[#   2]+0.224*[#   1]+0.223*[#   5]+0.019*[#   3]
          +0.019*[#   7]+0.002*[#   4]+0.002*[#   8]
    |psi|^2 = 0.997
==== e(   3) =     5.14658 eV ==== 
     psi = 0.236*[#   3]+0.235*[#   7]+0.219*[#   8]+0.218*[#   4]+0.036*[#   2]
          +0.036*[#   6]+0.009*[#   1]+0.009*[#   5]
    |psi|^2 = 0.998
==== e(   4) =     5.16313 eV ==== 
     psi = 0.235*[#   7]+0.235*[#   3]+0.219*[#   4]+0.219*[#   8]+0.036*[#   6]
          +0.036*[#   2]+0.009*[#   1]+0.009*[#   5]
    |psi|^2 = 0.998
==== e(   5) =    20.86784 eV ==== 
     psi = 0.170*[#   2]+0.169*[#   5]+0.167*[#   6]+0.166*[#   1]+0.045*[#   8]
          +0.044*[#   4]+0.002*[#   3]+0.001*[#   7]
    |psi|^2 = 0.763
==== e(   6) =    20.88438 eV ==== 
     psi = 0.171*[#   6]+0.169*[#   1]+0.167*[#   2]+0.165*[#   5]+0.044*[#   4]
          +0.043*[#   8]+0.002*[#   3]+0.002*[#   7]
    |psi|^2 = 0.761
==== e(   7) =    30.24031 eV ==== 
     psi = 0.225*[#   3]+0.225*[#   7]+0.174*[#   8]+0.174*[#   4]+0.056*[#   5]
          +0.056*[#   1]+0.003*[#   2]+0.003*[#   6]
    |psi|^2 = 0.916
==== e(   8) =    30.25825 eV ==== 
     psi = 0.225*[#   7]+0.224*[#   3]+0.174*[#   4]+0.173*[#   8]+0.057*[#   1]
          +0.057*[#   5]+0.003*[#   2]+0.003*[#   6]
    |psi|^2 = 0.915

 k =   0.0000000000  0.0000000000 -0.7071067812
==== e(   1) =    -0.71110 eV ==== 
     psi = 0.286*[#   2]+0.284*[#   6]+0.213*[#   5]+0.213*[#   1]
    |psi|^2 = 0.996
==== e(   2) =    -0.69923 eV ==== 
     psi = 0.287*[#   6]+0.285*[#   2]+0.212*[#   1]+0.211*[#   5]
    |psi|^2 = 0.996
==== e(   3) =     6.17832 eV ==== 
     psi = 0.250*[#   3]+0.250*[#   4]+0.250*[#   7]+0.250*[#   8]
    |psi|^2 = 0.998
==== e(   4) =     6.19359 eV ==== 
     psi = 0.250*[#   3]+0.250*[#   4]+0.250*[#   7]+0.250*[#   8]
    |psi|^2 = 0.998
==== e(   5) =    18.66947 eV ==== 
     psi = 0.224*[#   5]+0.218*[#   1]+0.185*[#   2]+0.179*[#   6]
    |psi|^2 = 0.806
==== e(   6) =    18.68244 eV ==== 
     psi = 0.223*[#   1]+0.216*[#   5]+0.185*[#   6]+0.180*[#   2]
    |psi|^2 = 0.804
==== e(   7) =    31.64970 eV ==== 
     psi = 0.247*[#   3]+0.247*[#   4]+0.247*[#   7]+0.247*[#   8]
    |psi|^2 = 0.986
==== e(   8) =    31.67752 eV ==== 
     psi = 0.246*[#   3]+0.246*[#   4]+0.246*[#   7]+0.246*[#   8]
    |psi|^2 = 0.986

 k =  -0.0883883476  0.0883883476 -0.7954951288
==== e(   1) =    -2.63090 eV ==== 
     psi = 0.252*[#   2]+0.252*[#   6]+0.238*[#   1]+0.238*[#   5]+0.004*[#   3]
          +0.004*[#   4]+0.004*[#   7]+0.004*[#   8]
    |psi|^2 = 0.995
==== e(   2) =     1.64132 eV ==== 
     psi = 0.273*[#   2]+0.273*[#   6]+0.199*[#   1]+0.199*[#   5]+0.013*[#   3]
          +0.013*[#   4]+0.013*[#   7]+0.013*[#   8]
    |psi|^2 = 0.997
==== e(   3) =     5.14672 eV ==== 
     psi = 0.219*[#   3]+0.219*[#   4]+0.219*[#   7]+0.219*[#   8]+0.049*[#   2]
          +0.049*[#   6]+0.011*[#   1]+0.011*[#   5]
    |psi|^2 = 0.998
==== e(   4) =     6.57741 eV ==== 
     psi = 0.250*[#   3]+0.250*[#   4]+0.250*[#   7]+0.250*[#   8]
    |psi|^2 = 0.999
==== e(   5) =    18.92169 eV ==== 
     psi = 0.203*[#   2]+0.203*[#   6]+0.197*[#   1]+0.197*[#   5]+0.008*[#   3]
          +0.008*[#   4]+0.008*[#   7]+0.008*[#   8]
    |psi|^2 = 0.831
==== e(   6) =    21.00188 eV ==== 
     psi = 0.186*[#   1]+0.186*[#   5]+0.148*[#   2]+0.148*[#   6]+0.014*[#   3]
          +0.014*[#   4]+0.014*[#   7]+0.014*[#   8]
    |psi|^2 = 0.726
==== e(   7) =    30.32799 eV ==== 
     psi = 0.240*[#   3]+0.240*[#   4]+0.240*[#   7]+0.240*[#   8]
    |psi|^2 = 0.959
==== e(   8) =    30.67009 eV ==== 
     psi = 0.207*[#   3]+0.207*[#   4]+0.207*[#   7]+0.207*[#   8]+0.052*[#   1]
          +0.052*[#   5]+0.003*[#   2]+0.003*[#   6]
    |psi|^2 = 0.937

 k =  -0.1767766953  0.1767766953 -0.8838834765
==== e(   1) =    -3.69041 eV ==== 
     psi = 0.272*[#   1]+0.272*[#   5]+0.193*[#   2]+0.193*[#   6]+0.016*[#   3]
          +0.016*[#   4]+0.016*[#   7]+0.016*[#   8]
    |psi|^2 = 0.995
==== e(   2) =     1.48693 eV ==== 
     psi = 0.136*[#   3]+0.136*[#   4]+0.136*[#   7]+0.136*[#   8]+0.134*[#   1]
          +0.134*[#   5]+0.091*[#   2]+0.091*[#   6]
    |psi|^2 = 0.995
==== e(   3) =     5.85999 eV ==== 
     psi = 0.269*[#   2]+0.269*[#   6]+0.083*[#   3]+0.083*[#   4]+0.083*[#   7]
          +0.083*[#   8]+0.063*[#   1]+0.063*[#   5]
    |psi|^2 = 0.998
==== e(   4) =     7.66926 eV ==== 
     psi = 0.250*[#   3]+0.250*[#   4]+0.250*[#   7]+0.250*[#   8]
    |psi|^2 = 0.999
==== e(   5) =    20.09288 eV ==== 
     psi = 0.229*[#   2]+0.229*[#   6]+0.139*[#   1]+0.139*[#   5]+0.023*[#   3]
          +0.023*[#   4]+0.023*[#   7]+0.023*[#   8]
    |psi|^2 = 0.827
==== e(   6) =    25.59550 eV ==== 
     psi = 0.132*[#   1]+0.132*[#   5]+0.120*[#   2]+0.120*[#   6]+0.032*[#   3]
          +0.032*[#   4]+0.032*[#   7]+0.032*[#   8]
    |psi|^2 = 0.632
==== e(   7) =    27.18848 eV ==== 
     psi = 0.228*[#   3]+0.228*[#   4]+0.228*[#   7]+0.228*[#   8]
    |psi|^2 = 0.910
==== e(   8) =    27.89788 eV ==== 
     psi = 0.167*[#   1]+0.167*[#   5]+0.130*[#   3]+0.130*[#   4]+0.130*[#   7]
          +0.130*[#   8]+0.019*[#   2]+0.019*[#   6]
    |psi|^2 = 0.892

 k =  -0.2651650429  0.2651650429 -0.9722718241
==== e(   1) =    -3.99398 eV ==== 
     psi = 0.325*[#   1]+0.325*[#   5]+0.107*[#   2]+0.107*[#   6]+0.033*[#   3]
          +0.033*[#   4]+0.033*[#   7]+0.033*[#   8]
    |psi|^2 = 0.997
==== e(   2) =    -0.35345 eV ==== 
     psi = 0.146*[#   3]+0.146*[#   4]+0.146*[#   7]+0.146*[#   8]+0.102*[#   2]
          +0.102*[#   6]+0.101*[#   1]+0.101*[#   5]
    |psi|^2 = 0.990
==== e(   3) =     8.50147 eV ==== 
     psi = 0.314*[#   2]+0.314*[#   6]+0.073*[#   3]+0.073*[#   4]+0.073*[#   7]
          +0.073*[#   8]+0.039*[#   1]+0.039*[#   5]
    |psi|^2 = 0.998
==== e(   4) =     9.08567 eV ==== 
     psi = 0.249*[#   3]+0.249*[#   4]+0.249*[#   7]+0.249*[#   8]
    |psi|^2 = 0.998
==== e(   5) =    21.71284 eV ==== 
     psi = 0.277*[#   2]+0.277*[#   6]+0.067*[#   1]+0.067*[#   5]+0.039*[#   3]
          +0.039*[#   4]+0.039*[#   7]+0.039*[#   8]
    |psi|^2 = 0.845
==== e(   6) =    24.01032 eV ==== 
     psi = 0.221*[#   3]+0.221*[#   4]+0.221*[#   7]+0.221*[#   8]
    |psi|^2 = 0.886
==== e(   7) =    24.71213 eV ==== 
     psi = 0.277*[#   1]+0.277*[#   5]+0.077*[#   3]+0.077*[#   4]+0.077*[#   7]
          +0.077*[#   8]+0.014*[#   2]+0.014*[#   6]
    |psi|^2 = 0.890
==== e(   8) =    29.58826 eV ==== 
     psi = 0.109*[#   2]+0.109*[#   6]+0.103*[#   1]+0.103*[#   5]+0.060*[#   3]
          +0.060*[#   4]+0.060*[#   7]+0.060*[#   8]
    |psi|^2 = 0.667

 k =   0.3535533906 -0.3535533906 -0.3535533906
==== e(   1) =    -3.90694 eV ==== 
     psi = 0.378*[#   1]+0.378*[#   5]+0.041*[#   2]+0.041*[#   3]+0.041*[#   4]
          +0.041*[#   6]+0.041*[#   7]+0.041*[#   8]
    |psi|^2 = 0.999
==== e(   2) =    -1.25574 eV ==== 
     psi = 0.143*[#   2]+0.143*[#   3]+0.143*[#   4]+0.143*[#   6]+0.143*[#   7]
          +0.143*[#   8]+0.064*[#   1]+0.064*[#   5]
    |psi|^2 = 0.986
==== e(   3) =     9.85926 eV ==== 
     psi = 0.268*[#   3]+0.268*[#   7]+0.224*[#   4]+0.224*[#   8]+0.007*[#   2]
          +0.007*[#   6]
    |psi|^2 = 0.998
==== e(   4) =     9.85926 eV ==== 
     psi = 0.326*[#   2]+0.326*[#   6]+0.109*[#   4]+0.109*[#   8]+0.065*[#   3]
          +0.065*[#   7]
    |psi|^2 = 0.998
==== e(   5) =    22.59199 eV ==== 
     psi = 0.281*[#   3]+0.281*[#   7]+0.129*[#   4]+0.129*[#   8]+0.030*[#   2]
          +0.030*[#   6]
    |psi|^2 = 0.881
==== e(   6) =    22.59199 eV ==== 
     psi = 0.263*[#   2]+0.263*[#   6]+0.164*[#   4]+0.164*[#   8]+0.013*[#   3]
          +0.013*[#   7]
    |psi|^2 = 0.881
==== e(   7) =    23.22297 eV ==== 
     psi = 0.385*[#   1]+0.385*[#   5]+0.023*[#   2]+0.023*[#   3]+0.023*[#   4]
          +0.023*[#   6]+0.023*[#   7]+0.023*[#   8]
    |psi|^2 = 0.910
==== e(   8) =    30.07194 eV ==== 
     psi = 0.070*[#   2]+0.070*[#   3]+0.070*[#   4]+0.070*[#   6]+0.070*[#   7]
          +0.070*[#   8]+0.069*[#   1]+0.069*[#   5]
    |psi|^2 = 0.558

 k =   0.2651650429 -0.2651650429 -0.4419417382
==== e(   1) =    -3.99398 eV ==== 
     psi = 0.325*[#   1]+0.325*[#   5]+0.107*[#   2]+0.107*[#   6]+0.033*[#   3]
          +0.033*[#   4]+0.033*[#   7]+0.033*[#   8]
    |psi|^2 = 0.997
==== e(   2) =    -0.35345 eV ==== 
     psi = 0.146*[#   3]+0.146*[#   4]+0.146*[#   7]+0.146*[#   8]+0.102*[#   2]
          +0.102*[#   6]+0.101*[#   1]+0.101*[#   5]
    |psi|^2 = 0.990
==== e(   3) =     8.50146 eV ==== 
     psi = 0.314*[#   2]+0.314*[#   6]+0.073*[#   3]+0.073*[#   4]+0.073*[#   7]
          +0.073*[#   8]+0.039*[#   1]+0.039*[#   5]
    |psi|^2 = 0.998
==== e(   4) =     9.08567 eV ==== 
     psi = 0.249*[#   3]+0.249*[#   4]+0.249*[#   7]+0.249*[#   8]
    |psi|^2 = 0.998
==== e(   5) =    21.71284 eV ==== 
     psi = 0.277*[#   2]+0.277*[#   6]+0.067*[#   1]+0.067*[#   5]+0.039*[#   3]
          +0.039*[#   4]+0.039*[#   7]+0.039*[#   8]
    |psi|^2 = 0.845
==== e(   6) =    24.01032 eV ==== 
     psi = 0.221*[#   3]+0.221*[#   4]+0.221*[#   7]+0.221*[#   8]
    |psi|^2 = 0.886
==== e(   7) =    24.71213 eV ==== 
     psi = 0.277*[#   1]+0.277*[#   5]+0.077*[#   3]+0.077*[#   4]+0.077*[#   7]
          +0.077*[#   8]+0.014*[#   2]+0.014*[#   6]
    |psi|^2 = 0.890
==== e(   8) =    29.58826 eV ==== 
     psi = 0.109*[#   2]+0.109*[#   6]+0.103*[#   1]+0.103*[#   5]+0.060*[#   3]
          +0.060*[#   4]+0.060*[#   7]+0.060*[#   8]
    |psi|^2 = 0.667

 k =   0.1767766953 -0.1767766953 -0.5303300859
==== e(   1) =    -3.69041 eV ==== 
     psi = 0.272*[#   1]+0.272*[#   5]+0.193*[#   2]+0.193*[#   6]+0.016*[#   3]
          +0.016*[#   4]+0.016*[#   7]+0.016*[#   8]
    |psi|^2 = 0.995
==== e(   2) =     1.48693 eV ==== 
     psi = 0.136*[#   3]+0.136*[#   4]+0.136*[#   7]+0.136*[#   8]+0.134*[#   1]
          +0.134*[#   5]+0.091*[#   2]+0.091*[#   6]
    |psi|^2 = 0.995
==== e(   3) =     5.85999 eV ==== 
     psi = 0.269*[#   2]+0.269*[#   6]+0.083*[#   3]+0.083*[#   4]+0.083*[#   7]
          +0.083*[#   8]+0.063*[#   1]+0.063*[#   5]
    |psi|^2 = 0.998
==== e(   4) =     7.66926 eV ==== 
     psi = 0.250*[#   3]+0.250*[#   4]+0.250*[#   7]+0.250*[#   8]
    |psi|^2 = 0.999
==== e(   5) =    20.09288 eV ==== 
     psi = 0.229*[#   2]+0.229*[#   6]+0.139*[#   1]+0.139*[#   5]+0.023*[#   3]
          +0.023*[#   4]+0.023*[#   7]+0.023*[#   8]
    |psi|^2 = 0.827
==== e(   6) =    25.59550 eV ==== 
     psi = 0.132*[#   1]+0.132*[#   5]+0.120*[#   2]+0.120*[#   6]+0.032*[#   3]
          +0.032*[#   4]+0.032*[#   7]+0.032*[#   8]
    |psi|^2 = 0.632
==== e(   7) =    27.18848 eV ==== 
     psi = 0.228*[#   3]+0.228*[#   4]+0.228*[#   7]+0.228*[#   8]
    |psi|^2 = 0.910
==== e(   8) =    27.89788 eV ==== 
     psi = 0.167*[#   1]+0.167*[#   5]+0.130*[#   3]+0.130*[#   4]+0.130*[#   7]
          +0.130*[#   8]+0.019*[#   2]+0.019*[#   6]
    |psi|^2 = 0.892

 k =   0.0883883476 -0.0883883476 -0.6187184335
==== e(   1) =    -2.63090 eV ==== 
     psi = 0.252*[#   2]+0.252*[#   6]+0.238*[#   1]+0.238*[#   5]+0.004*[#   3]
          +0.004*[#   4]+0.004*[#   7]+0.004*[#   8]
    |psi|^2 = 0.995
==== e(   2) =     1.64132 eV ==== 
     psi = 0.273*[#   2]+0.273*[#   6]+0.199*[#   1]+0.199*[#   5]+0.013*[#   3]
          +0.013*[#   4]+0.013*[#   7]+0.013*[#   8]
    |psi|^2 = 0.997
==== e(   3) =     5.14672 eV ==== 
     psi = 0.219*[#   3]+0.219*[#   4]+0.219*[#   7]+0.219*[#   8]+0.049*[#   2]
          +0.049*[#   6]+0.011*[#   1]+0.011*[#   5]
    |psi|^2 = 0.998
==== e(   4) =     6.57741 eV ==== 
     psi = 0.250*[#   3]+0.250*[#   4]+0.250*[#   7]+0.250*[#   8]
    |psi|^2 = 0.999
==== e(   5) =    18.92169 eV ==== 
     psi = 0.203*[#   2]+0.203*[#   6]+0.197*[#   1]+0.197*[#   5]+0.008*[#   3]
          +0.008*[#   4]+0.008*[#   7]+0.008*[#   8]
    |psi|^2 = 0.831
==== e(   6) =    21.00188 eV ==== 
     psi = 0.186*[#   1]+0.186*[#   5]+0.148*[#   2]+0.148*[#   6]+0.014*[#   3]
          +0.014*[#   4]+0.014*[#   7]+0.014*[#   8]
    |psi|^2 = 0.726
==== e(   7) =    30.32799 eV ==== 
     psi = 0.240*[#   3]+0.240*[#   4]+0.240*[#   7]+0.240*[#   8]
    |psi|^2 = 0.959
==== e(   8) =    30.67009 eV ==== 
     psi = 0.207*[#   3]+0.207*[#   4]+0.207*[#   7]+0.207*[#   8]+0.052*[#   1]
          +0.052*[#   5]+0.003*[#   2]+0.003*[#   6]
    |psi|^2 = 0.937

 k =   0.0883883476  0.0883883476 -0.6187184335
==== e(   1) =    -2.62927 eV ==== 
     psi = 0.252*[#   2]+0.252*[#   6]+0.237*[#   1]+0.237*[#   5]+0.004*[#   4]
          +0.004*[#   8]+0.004*[#   3]+0.004*[#   7]
    |psi|^2 = 0.995
==== e(   2) =     1.63488 eV ==== 
     psi = 0.272*[#   2]+0.272*[#   6]+0.199*[#   1]+0.199*[#   5]+0.014*[#   3]
          +0.014*[#   7]+0.014*[#   4]+0.014*[#   8]
    |psi|^2 = 0.997
==== e(   3) =     5.13731 eV ==== 
     psi = 0.219*[#   3]+0.219*[#   7]+0.219*[#   4]+0.219*[#   8]+0.050*[#   2]
          +0.050*[#   6]+0.011*[#   1]+0.011*[#   5]
    |psi|^2 = 0.998
==== e(   4) =     6.59308 eV ==== 
     psi = 0.250*[#   4]+0.250*[#   8]+0.249*[#   3]+0.249*[#   7]
    |psi|^2 = 0.999
==== e(   5) =    18.93088 eV ==== 
     psi = 0.203*[#   2]+0.203*[#   6]+0.196*[#   1]+0.196*[#   5]+0.008*[#   4]
          +0.008*[#   8]+0.007*[#   3]+0.007*[#   7]
    |psi|^2 = 0.830
==== e(   6) =    20.99292 eV ==== 
     psi = 0.187*[#   1]+0.187*[#   5]+0.147*[#   2]+0.148*[#   6]+0.014*[#   3]
          +0.014*[#   7]+0.014*[#   4]+0.014*[#   8]
    |psi|^2 = 0.727
==== e(   7) =    30.30658 eV ==== 
     psi = 0.240*[#   3]+0.240*[#   7]+0.240*[#   4]+0.240*[#   8]
    |psi|^2 = 0.959
==== e(   8) =    30.68655 eV ==== 
     psi = 0.207*[#   4]+0.207*[#   8]+0.206*[#   3]+0.206*[#   7]+0.052*[#   1]
          +0.052*[#   5]+0.003*[#   2]+0.003*[#   6]
    |psi|^2 = 0.935

 k =  -0.0000000000  0.1767766953 -0.7071067812
==== e(   1) =    -0.35790 eV ==== 
     psi = 0.253*[#   2]+0.252*[#   6]+0.225*[#   5]+0.224*[#   1]+0.020*[#   3]
          +0.019*[#   7]+0.002*[#   4]+0.002*[#   8]
    |psi|^2 = 0.997
==== e(   2) =    -0.34370 eV ==== 
     psi = 0.254*[#   6]+0.253*[#   2]+0.224*[#   1]+0.223*[#   5]+0.019*[#   3]
          +0.019*[#   7]+0.002*[#   4]+0.002*[#   8]
    |psi|^2 = 0.997
==== e(   3) =     5.14658 eV ==== 
     psi = 0.236*[#   3]+0.235*[#   7]+0.219*[#   8]+0.218*[#   4]+0.036*[#   2]
          +0.036*[#   6]+0.009*[#   1]+0.009*[#   5]
    |psi|^2 = 0.998
==== e(   4) =     5.16313 eV ==== 
     psi = 0.235*[#   7]+0.235*[#   3]+0.219*[#   4]+0.219*[#   8]+0.036*[#   6]
          +0.036*[#   2]+0.009*[#   1]+0.009*[#   5]
    |psi|^2 = 0.998
==== e(   5) =    20.86784 eV ==== 
     psi = 0.170*[#   2]+0.169*[#   5]+0.167*[#   6]+0.166*[#   1]+0.045*[#   8]
          +0.044*[#   4]+0.002*[#   3]+0.001*[#   7]
    |psi|^2 = 0.763
==== e(   6) =    20.88438 eV ==== 
     psi = 0.171*[#   6]+0.169*[#   1]+0.167*[#   2]+0.165*[#   5]+0.044*[#   4]
          +0.043*[#   8]+0.002*[#   3]+0.002*[#   7]
    |psi|^2 = 0.761
==== e(   7) =    30.24031 eV ==== 
     psi = 0.225*[#   3]+0.225*[#   7]+0.174*[#   8]+0.174*[#   4]+0.056*[#   5]
          +0.056*[#   1]+0.003*[#   2]+0.003*[#   6]
    |psi|^2 = 0.916
==== e(   8) =    30.25825 eV ==== 
     psi = 0.225*[#   7]+0.224*[#   3]+0.174*[#   4]+0.173*[#   8]+0.057*[#   1]
          +0.057*[#   5]+0.003*[#   2]+0.003*[#   6]
    |psi|^2 = 0.915

 k =  -0.0883883476  0.2651650429 -0.7954951288
==== e(   1) =    -1.80311 eV ==== 
     psi = 0.267*[#   1]+0.267*[#   5]+0.185*[#   2]+0.185*[#   6]+0.034*[#   3]
          +0.034*[#   7]+0.013*[#   4]+0.013*[#   8]
    |psi|^2 = 0.997
==== e(   2) =     1.01736 eV ==== 
     psi = 0.172*[#   1]+0.172*[#   5]+0.140*[#   2]+0.140*[#   6]+0.129*[#   3]
          +0.129*[#   7]+0.058*[#   4]+0.058*[#   8]
    |psi|^2 = 0.997
==== e(   3) =     4.09311 eV ==== 
     psi = 0.181*[#   2]+0.181*[#   6]+0.143*[#   3]+0.143*[#   7]+0.135*[#   4]
          +0.135*[#   8]+0.039*[#   1]+0.039*[#   5]
    |psi|^2 = 0.997
==== e(   4) =     6.17109 eV ==== 
     psi = 0.223*[#   4]+0.223*[#   8]+0.216*[#   3]+0.216*[#   7]+0.054*[#   2]
          +0.054*[#   6]+0.006*[#   1]+0.006*[#   5]
    |psi|^2 = 0.998
==== e(   5) =    21.56552 eV ==== 
     psi = 0.188*[#   2]+0.188*[#   6]+0.112*[#   1]+0.112*[#   5]+0.079*[#   4]
          +0.079*[#   8]+0.005*[#   3]+0.005*[#   7]
    |psi|^2 = 0.767
==== e(   6) =    25.01617 eV ==== 
     psi = 0.118*[#   4]+0.118*[#   8]+0.114*[#   2]+0.114*[#   6]+0.069*[#   1]
          +0.069*[#   5]+0.016*[#   3]+0.016*[#   7]
    |psi|^2 = 0.635
==== e(   7) =    27.01667 eV ==== 
     psi = 0.201*[#   3]+0.201*[#   7]+0.168*[#   1]+0.168*[#   5]+0.050*[#   4]
          +0.050*[#   8]+0.043*[#   2]+0.043*[#   6]
    |psi|^2 = 0.925
==== e(   8) =    29.58584 eV ==== 
     psi = 0.194*[#   3]+0.194*[#   7]+0.153*[#   4]+0.153*[#   8]+0.107*[#   1]
          +0.107*[#   5]+0.003*[#   2]+0.003*[#   6]
    |psi|^2 = 0.913

 k =  -0.1767766953  0.3535533906 -0.8838834765
==== e(   1) =    -2.83085 eV ==== 
     psi = 0.326*[#   1]+0.326*[#   5]+0.073*[#   2]+0.073*[#   3]+0.073*[#   6]
          +0.073*[#   7]+0.027*[#   4]+0.027*[#   8]
    |psi|^2 = 0.999
==== e(   2) =    -0.18745 eV ==== 
     psi = 0.143*[#   2]+0.143*[#   3]+0.143*[#   6]+0.143*[#   7]+0.127*[#   4]
          +0.127*[#   8]+0.083*[#   1]+0.083*[#   5]
    |psi|^2 = 0.991
==== e(   3) =     6.24297 eV ==== 
     psi = 0.190*[#   2]+0.190*[#   3]+0.190*[#   6]+0.190*[#   7]+0.070*[#   1]
          +0.070*[#   5]+0.048*[#   4]+0.048*[#   8]
    |psi|^2 = 0.998
==== e(   4) =     7.90046 eV ==== 
     psi = 0.257*[#   4]+0.257*[#   8]+0.120*[#   2]+0.120*[#   3]+0.120*[#   6]
          +0.120*[#   7]+0.003*[#   1]+0.003*[#   5]
    |psi|^2 = 0.998
==== e(   5) =    22.35065 eV ==== 
     psi = 0.135*[#   2]+0.135*[#   3]+0.135*[#   6]+0.135*[#   7]+0.096*[#   4]
          +0.096*[#   8]+0.016*[#   1]+0.016*[#   5]
    |psi|^2 = 0.763
==== e(   6) =    23.69759 eV ==== 
     psi = 0.154*[#   1]+0.154*[#   5]+0.096*[#   2]+0.096*[#   3]+0.096*[#   6]
          +0.096*[#   7]+0.092*[#   4]+0.092*[#   8]
    |psi|^2 = 0.874
==== e(   7) =    27.65123 eV ==== 
     psi = 0.205*[#   4]+0.205*[#   8]+0.155*[#   1]+0.155*[#   5]+0.058*[#   2]
          +0.058*[#   3]+0.058*[#   6]+0.058*[#   7]
    |psi|^2 = 0.951
==== e(   8) =    29.36427 eV ==== 
     psi = 0.134*[#   1]+0.134*[#   5]+0.112*[#   2]+0.112*[#   3]+0.112*[#   6]
          +0.112*[#   7]+0.038*[#   4]+0.038*[#   8]
    |psi|^2 = 0.794

 k =   0.4419417382 -0.2651650429 -0.2651650429
==== e(   1) =    -3.99398 eV ==== 
     psi = 0.325*[#   1]+0.325*[#   5]+0.107*[#   3]+0.107*[#   7]+0.033*[#   2]
          +0.033*[#   4]+0.033*[#   6]+0.033*[#   8]
    |psi|^2 = 0.997
==== e(   2) =    -0.35345 eV ==== 
     psi = 0.146*[#   2]+0.146*[#   4]+0.146*[#   6]+0.146*[#   8]+0.102*[#   3]
          +0.102*[#   7]+0.101*[#   1]+0.101*[#   5]
    |psi|^2 = 0.990
==== e(   3) =     8.50146 eV ==== 
     psi = 0.314*[#   3]+0.314*[#   7]+0.073*[#   2]+0.073*[#   4]+0.073*[#   6]
          +0.073*[#   8]+0.039*[#   1]+0.039*[#   5]
    |psi|^2 = 0.998
==== e(   4) =     9.08567 eV ==== 
     psi = 0.249*[#   2]+0.249*[#   4]+0.249*[#   6]+0.249*[#   8]
    |psi|^2 = 0.998
==== e(   5) =    21.71284 eV ==== 
     psi = 0.277*[#   3]+0.277*[#   7]+0.067*[#   1]+0.067*[#   5]+0.039*[#   2]
          +0.039*[#   4]+0.039*[#   6]+0.039*[#   8]
    |psi|^2 = 0.845
==== e(   6) =    24.01032 eV ==== 
     psi = 0.221*[#   2]+0.221*[#   4]+0.221*[#   6]+0.221*[#   8]
    |psi|^2 = 0.886
==== e(   7) =    24.71213 eV ==== 
     psi = 0.277*[#   1]+0.277*[#   5]+0.077*[#   2]+0.077*[#   4]+0.077*[#   6]
          +0.077*[#   8]+0.014*[#   3]+0.014*[#   7]
    |psi|^2 = 0.890
==== e(   8) =    29.58826 eV ==== 
     psi = 0.109*[#   3]+0.109*[#   7]+0.103*[#   1]+0.103*[#   5]+0.060*[#   2]
          +0.060*[#   4]+0.060*[#   6]+0.060*[#   8]
    |psi|^2 = 0.667

 k =   0.3535533906 -0.1767766953 -0.3535533906
==== e(   1) =    -4.86527 eV ==== 
     psi = 0.300*[#   1]+0.300*[#   5]+0.087*[#   2]+0.087*[#   3]+0.087*[#   6]
          +0.087*[#   7]+0.024*[#   4]+0.024*[#   8]
    |psi|^2 = 0.995
==== e(   2) =     0.77272 eV ==== 
     psi = 0.171*[#   4]+0.171*[#   8]+0.125*[#   1]+0.125*[#   5]+0.100*[#   2]
          +0.100*[#   3]+0.100*[#   6]+0.100*[#   7]
    |psi|^2 = 0.992
==== e(   3) =     8.01284 eV ==== 
     psi = 0.296*[#   4]+0.296*[#   8]+0.081*[#   2]+0.081*[#   3]+0.081*[#   6]
          +0.081*[#   7]+0.040*[#   1]+0.040*[#   5]
    |psi|^2 = 0.998
==== e(   4) =     9.77245 eV ==== 
     psi = 0.249*[#   2]+0.249*[#   3]+0.249*[#   6]+0.249*[#   7]
    |psi|^2 = 0.998
==== e(   5) =    22.34689 eV ==== 
     psi = 0.278*[#   4]+0.278*[#   8]+0.056*[#   1]+0.056*[#   5]+0.044*[#   2]
          +0.044*[#   3]+0.044*[#   6]+0.044*[#   7]
    |psi|^2 = 0.845
==== e(   6) =    23.33135 eV ==== 
     psi = 0.226*[#   2]+0.226*[#   3]+0.226*[#   6]+0.226*[#   7]
    |psi|^2 = 0.905
==== e(   7) =    24.58729 eV ==== 
     psi = 0.272*[#   1]+0.272*[#   5]+0.061*[#   4]+0.061*[#   8]+0.056*[#   2]
          +0.056*[#   3]+0.056*[#   6]+0.056*[#   7]
    |psi|^2 = 0.889
==== e(   8) =    29.89307 eV ==== 
     psi = 0.125*[#   1]+0.125*[#   5]+0.094*[#   4]+0.094*[#   8]+0.072*[#   2]
          +0.072*[#   3]+0.072*[#   6]+0.072*[#   7]
    |psi|^2 = 0.726

 k =   0.2651650429 -0.0883883476 -0.4419417382
==== e(   1) =    -4.96650 eV ==== 
     psi = 0.277*[#   1]+0.277*[#   5]+0.161*[#   2]+0.161*[#   6]+0.048*[#   3]
          +0.048*[#   7]+0.012*[#   4]+0.012*[#   8]
    |psi|^2 = 0.994
==== e(   2) =     2.54988 eV ==== 
     psi = 0.184*[#   4]+0.184*[#   8]+0.127*[#   1]+0.127*[#   5]+0.105*[#   3]
          +0.105*[#   7]+0.082*[#   2]+0.082*[#   6]
    |psi|^2 = 0.995
==== e(   3) =     6.26943 eV ==== 
     psi = 0.256*[#   4]+0.256*[#   8]+0.090*[#   2]+0.090*[#   6]+0.090*[#   3]
          +0.090*[#   7]+0.063*[#   1]+0.063*[#   5]
    |psi|^2 = 0.997
==== e(   4) =     8.58426 eV ==== 
     psi = 0.223*[#   2]+0.223*[#   6]+0.222*[#   3]+0.222*[#   7]+0.042*[#   4]
          +0.042*[#   8]+0.011*[#   1]+0.011*[#   5]
    |psi|^2 = 0.997
==== e(   5) =    22.06657 eV ==== 
     psi = 0.248*[#   2]+0.248*[#   6]+0.076*[#   3]+0.076*[#   7]+0.070*[#   1]
          +0.070*[#   5]+0.034*[#   4]+0.034*[#   8]
    |psi|^2 = 0.855
==== e(   6) =    23.81676 eV ==== 
     psi = 0.202*[#   4]+0.202*[#   8]+0.126*[#   3]+0.126*[#   7]+0.063*[#   1]
          +0.063*[#   5]+0.019*[#   2]+0.019*[#   6]
    |psi|^2 = 0.820
==== e(   7) =    26.88722 eV ==== 
     psi = 0.229*[#   1]+0.229*[#   5]+0.088*[#   2]+0.088*[#   6]+0.079*[#   3]
          +0.079*[#   7]+0.022*[#   4]+0.022*[#   8]
    |psi|^2 = 0.835
==== e(   8) =    27.71814 eV ==== 
     psi = 0.165*[#   4]+0.165*[#   8]+0.160*[#   3]+0.160*[#   7]+0.069*[#   1]
          +0.069*[#   5]+0.010*[#   2]+0.010*[#   6]
    |psi|^2 = 0.808

 k =   0.1767766953 -0.0000000000 -0.5303300859
==== e(   1) =    -4.23201 eV ==== 
     psi = 0.256*[#   1]+0.256*[#   5]+0.220*[#   2]+0.220*[#   6]+0.016*[#   3]
          +0.016*[#   7]+0.005*[#   4]+0.005*[#   8]
    |psi|^2 = 0.994
==== e(   2) =     3.41893 eV ==== 
     psi = 0.206*[#   2]+0.206*[#   6]+0.174*[#   1]+0.174*[#   5]+0.091*[#   4]
          +0.091*[#   8]+0.027*[#   3]+0.027*[#   7]
    |psi|^2 = 0.998
==== e(   3) =     5.52057 eV ==== 
     psi = 0.266*[#   4]+0.266*[#   8]+0.177*[#   3]+0.177*[#   7]+0.032*[#   1]
          +0.032*[#   5]+0.024*[#   2]+0.024*[#   6]
    |psi|^2 = 0.997
==== e(   4) =     6.64099 eV ==== 
     psi = 0.231*[#   3]+0.231*[#   7]+0.137*[#   4]+0.137*[#   8]+0.126*[#   2]
          +0.126*[#   6]+0.005*[#   1]+0.005*[#   5]
    |psi|^2 = 0.998
==== e(   5) =    20.36571 eV ==== 
     psi = 0.233*[#   2]+0.233*[#   6]+0.152*[#   1]+0.152*[#   5]+0.044*[#   3]
          +0.044*[#   7]+0.011*[#   4]+0.011*[#   8]
    |psi|^2 = 0.880
==== e(   6) =    22.59148 eV ==== 
     psi = 0.150*[#   1]+0.150*[#   5]+0.103*[#   2]+0.103*[#   6]+0.052*[#   3]
          +0.052*[#   7]+0.002*[#   4]+0.002*[#   8]
    |psi|^2 = 0.614
==== e(   7) =    27.47719 eV ==== 
     psi = 0.232*[#   4]+0.232*[#   8]+0.124*[#   3]+0.124*[#   7]+0.092*[#   1]
          +0.092*[#   5]+0.008*[#   2]+0.008*[#   6]
    |psi|^2 = 0.912
==== e(   8) =    29.78282 eV ==== 
     psi = 0.249*[#   3]+0.249*[#   7]+0.205*[#   4]+0.205*[#   8]+0.027*[#   1]
          +0.027*[#   5]
    |psi|^2 = 0.963

 k =   0.1767766953  0.1767766953 -0.5303300859
==== e(   1) =    -3.68726 eV ==== 
     psi = 0.271*[#   1]+0.271*[#   5]+0.193*[#   2]+0.193*[#   6]+0.017*[#   4]
          +0.017*[#   8]+0.017*[#   3]+0.017*[#   7]
    |psi|^2 = 0.995
==== e(   2) =     1.46758 eV ==== 
     psi = 0.136*[#   4]+0.136*[#   8]+0.136*[#   3]+0.136*[#   7]+0.135*[#   1]
          +0.135*[#   5]+0.091*[#   2]+0.091*[#   6]
    |psi|^2 = 0.995
==== e(   3) =     5.86231 eV ==== 
     psi = 0.269*[#   2]+0.269*[#   6]+0.085*[#   3]+0.085*[#   7]+0.082*[#   4]
          +0.082*[#   8]+0.063*[#   1]+0.063*[#   5]
    |psi|^2 = 0.998
==== e(   4) =     7.68608 eV ==== 
     psi = 0.251*[#   4]+0.251*[#   8]+0.249*[#   3]+0.249*[#   7]
    |psi|^2 = 0.999
==== e(   5) =    20.10557 eV ==== 
     psi = 0.230*[#   2]+0.230*[#   6]+0.138*[#   1]+0.138*[#   5]+0.024*[#   4]
          +0.024*[#   8]+0.022*[#   3]+0.022*[#   7]
    |psi|^2 = 0.826
==== e(   6) =    25.58986 eV ==== 
     psi = 0.134*[#   1]+0.134*[#   5]+0.119*[#   2]+0.119*[#   6]+0.032*[#   3]
          +0.032*[#   7]+0.032*[#   4]+0.032*[#   8]
    |psi|^2 = 0.633
==== e(   7) =    27.17699 eV ==== 
     psi = 0.228*[#   3]+0.228*[#   7]+0.227*[#   4]+0.227*[#   8]
    |psi|^2 = 0.911
==== e(   8) =    27.90645 eV ==== 
     psi = 0.165*[#   1]+0.165*[#   5]+0.131*[#   4]+0.131*[#   8]+0.130*[#   3]
          +0.130*[#   7]+0.018*[#   2]+0.018*[#   6]
    |psi|^2 = 0.889

 k =   0.0883883476  0.2651650429 -0.6187184335
==== e(   1) =    -1.79432 eV ==== 
     psi = 0.266*[#   1]+0.266*[#   5]+0.185*[#   2]+0.185*[#   6]+0.034*[#   3]
          +0.034*[#   7]+0.013*[#   4]+0.013*[#   8]
    |psi|^2 = 0.997
==== e(   2) =     0.99409 eV ==== 
     psi = 0.173*[#   1]+0.173*[#   5]+0.138*[#   2]+0.138*[#   6]+0.129*[#   3]
          +0.129*[#   7]+0.059*[#   4]+0.059*[#   8]
    |psi|^2 = 0.997
==== e(   3) =     4.08685 eV ==== 
     psi = 0.181*[#   2]+0.181*[#   6]+0.144*[#   3]+0.144*[#   7]+0.134*[#   4]
          +0.134*[#   8]+0.039*[#   1]+0.039*[#   5]
    |psi|^2 = 0.997
==== e(   4) =     6.19469 eV ==== 
     psi = 0.223*[#   4]+0.223*[#   8]+0.215*[#   3]+0.215*[#   7]+0.055*[#   2]
          +0.055*[#   6]+0.006*[#   1]+0.006*[#   5]
    |psi|^2 = 0.998
==== e(   5) =    21.58091 eV ==== 
     psi = 0.189*[#   2]+0.189*[#   6]+0.111*[#   1]+0.111*[#   5]+0.079*[#   4]
          +0.079*[#   8]+0.004*[#   3]+0.004*[#   7]
    |psi|^2 = 0.766
==== e(   6) =    25.00599 eV ==== 
     psi = 0.119*[#   4]+0.119*[#   8]+0.114*[#   2]+0.114*[#   6]+0.069*[#   1]
          +0.069*[#   5]+0.015*[#   3]+0.015*[#   7]
    |psi|^2 = 0.634
==== e(   7) =    27.00774 eV ==== 
     psi = 0.203*[#   3]+0.203*[#   7]+0.166*[#   1]+0.166*[#   5]+0.051*[#   4]
          +0.051*[#   8]+0.042*[#   2]+0.042*[#   6]
    |psi|^2 = 0.924
==== e(   8) =    29.58971 eV ==== 
     psi = 0.193*[#   3]+0.193*[#   7]+0.151*[#   4]+0.151*[#   8]+0.108*[#   1]
          +0.108*[#   5]+0.004*[#   2]+0.004*[#   6]
    |psi|^2 = 0.913

 k =   0.0000000000  0.3535533906 -0.7071067812
==== e(   1) =     0.07960 eV ==== 
     psi = 0.247*[#   5]+0.247*[#   1]+0.126*[#   2]+0.126*[#   3]+0.126*[#   6]
          +0.126*[#   7]
    |psi|^2 = 0.998
==== e(   2) =     0.09791 eV ==== 
     psi = 0.247*[#   1]+0.246*[#   5]+0.126*[#   2]+0.126*[#   3]+0.126*[#   6]
          +0.126*[#   7]
    |psi|^2 = 0.998
==== e(   3) =     4.14879 eV ==== 
     psi = 0.202*[#   8]+0.201*[#   4]+0.149*[#   2]+0.149*[#   3]+0.148*[#   6]
          +0.148*[#   7]
    |psi|^2 = 0.998
==== e(   4) =     4.16842 eV ==== 
     psi = 0.203*[#   4]+0.201*[#   8]+0.149*[#   6]+0.149*[#   7]+0.148*[#   2]
          +0.148*[#   3]
    |psi|^2 = 0.998
==== e(   5) =    24.67101 eV ==== 
     psi = 0.174*[#   8]+0.172*[#   4]+0.063*[#   2]+0.063*[#   3]+0.062*[#   6]
          +0.062*[#   7]
    |psi|^2 = 0.596
==== e(   6) =    24.71231 eV ==== 
     psi = 0.172*[#   4]+0.171*[#   8]+0.063*[#   6]+0.063*[#   7]+0.062*[#   2]
          +0.062*[#   3]
    |psi|^2 = 0.592
==== e(   7) =    26.78163 eV ==== 
     psi = 0.234*[#   1]+0.234*[#   5]+0.118*[#   2]+0.118*[#   3]+0.118*[#   6]
          +0.118*[#   7]
    |psi|^2 = 0.940
==== e(   8) =    26.79862 eV ==== 
     psi = 0.234*[#   5]+0.234*[#   1]+0.118*[#   2]+0.118*[#   3]+0.118*[#   6]
          +0.118*[#   7]
    |psi|^2 = 0.940

 k =  -0.0883883476  0.4419417382 -0.7954951288
==== e(   1) =    -1.80311 eV ==== 
     psi = 0.267*[#   1]+0.267*[#   5]+0.185*[#   3]+0.185*[#   7]+0.034*[#   2]
          +0.034*[#   6]+0.013*[#   4]+0.013*[#   8]
    |psi|^2 = 0.997
==== e(   2) =     1.01736 eV ==== 
     psi = 0.172*[#   1]+0.172*[#   5]+0.140*[#   3]+0.140*[#   7]+0.129*[#   2]
          +0.129*[#   6]+0.058*[#   4]+0.058*[#   8]
    |psi|^2 = 0.997
==== e(   3) =     4.09311 eV ==== 
     psi = 0.181*[#   3]+0.181*[#   7]+0.143*[#   2]+0.143*[#   6]+0.135*[#   4]
          +0.135*[#   8]+0.039*[#   1]+0.039*[#   5]
    |psi|^2 = 0.997
==== e(   4) =     6.17109 eV ==== 
     psi = 0.223*[#   4]+0.223*[#   8]+0.216*[#   2]+0.216*[#   6]+0.054*[#   3]
          +0.054*[#   7]+0.006*[#   1]+0.006*[#   5]
    |psi|^2 = 0.998
==== e(   5) =    21.56552 eV ==== 
     psi = 0.188*[#   3]+0.188*[#   7]+0.112*[#   1]+0.112*[#   5]+0.079*[#   4]
          +0.079*[#   8]+0.005*[#   2]+0.005*[#   6]
    |psi|^2 = 0.767
==== e(   6) =    25.01617 eV ==== 
     psi = 0.118*[#   4]+0.118*[#   8]+0.114*[#   3]+0.114*[#   7]+0.069*[#   1]
          +0.069*[#   5]+0.016*[#   2]+0.016*[#   6]
    |psi|^2 = 0.635
==== e(   7) =    27.01667 eV ==== 
     psi = 0.201*[#   2]+0.201*[#   6]+0.168*[#   1]+0.168*[#   5]+0.050*[#   4]
          +0.050*[#   8]+0.043*[#   3]+0.043*[#   7]
    |psi|^2 = 0.925
==== e(   8) =    29.58584 eV ==== 
     psi = 0.194*[#   2]+0.194*[#   6]+0.153*[#   4]+0.153*[#   8]+0.107*[#   1]
          +0.107*[#   5]+0.003*[#   3]+0.003*[#   7]
    |psi|^2 = 0.913

 k =   0.5303300859 -0.1767766953 -0.1767766953
==== e(   1) =    -3.69041 eV ==== 
     psi = 0.272*[#   1]+0.272*[#   5]+0.193*[#   3]+0.193*[#   7]+0.016*[#   2]
          +0.016*[#   4]+0.016*[#   6]+0.016*[#   8]
    |psi|^2 = 0.995
==== e(   2) =     1.48693 eV ==== 
     psi = 0.136*[#   2]+0.136*[#   4]+0.136*[#   6]+0.136*[#   8]+0.134*[#   1]
          +0.134*[#   5]+0.091*[#   3]+0.091*[#   7]
    |psi|^2 = 0.995
==== e(   3) =     5.85999 eV ==== 
     psi = 0.269*[#   3]+0.269*[#   7]+0.083*[#   2]+0.083*[#   4]+0.083*[#   6]
          +0.083*[#   8]+0.063*[#   1]+0.063*[#   5]
    |psi|^2 = 0.998
==== e(   4) =     7.66926 eV ==== 
     psi = 0.250*[#   2]+0.250*[#   4]+0.250*[#   6]+0.250*[#   8]
    |psi|^2 = 0.999
==== e(   5) =    20.09288 eV ==== 
     psi = 0.229*[#   3]+0.229*[#   7]+0.139*[#   1]+0.139*[#   5]+0.023*[#   2]
          +0.023*[#   4]+0.023*[#   6]+0.023*[#   8]
    |psi|^2 = 0.827
==== e(   6) =    25.59550 eV ==== 
     psi = 0.132*[#   1]+0.132*[#   5]+0.120*[#   3]+0.120*[#   7]+0.032*[#   2]
          +0.032*[#   4]+0.032*[#   6]+0.032*[#   8]
    |psi|^2 = 0.632
==== e(   7) =    27.18848 eV ==== 
     psi = 0.228*[#   2]+0.228*[#   4]+0.228*[#   6]+0.228*[#   8]
    |psi|^2 = 0.910
==== e(   8) =    27.89788 eV ==== 
     psi = 0.167*[#   1]+0.167*[#   5]+0.130*[#   2]+0.130*[#   4]+0.130*[#   6]
          +0.130*[#   8]+0.019*[#   3]+0.019*[#   7]
    |psi|^2 = 0.892

 k =   0.4419417382 -0.0883883476 -0.2651650429
==== e(   1) =    -4.96650 eV ==== 
     psi = 0.277*[#   1]+0.277*[#   5]+0.161*[#   3]+0.161*[#   7]+0.048*[#   2]
          +0.048*[#   6]+0.012*[#   4]+0.012*[#   8]
    |psi|^2 = 0.994
==== e(   2) =     2.54988 eV ==== 
     psi = 0.184*[#   4]+0.184*[#   8]+0.127*[#   1]+0.127*[#   5]+0.105*[#   2]
          +0.105*[#   6]+0.082*[#   3]+0.082*[#   7]
    |psi|^2 = 0.995
==== e(   3) =     6.26943 eV ==== 
     psi = 0.256*[#   4]+0.256*[#   8]+0.090*[#   3]+0.090*[#   7]+0.090*[#   2]
          +0.090*[#   6]+0.063*[#   1]+0.063*[#   5]
    |psi|^2 = 0.997
==== e(   4) =     8.58426 eV ==== 
     psi = 0.223*[#   3]+0.223*[#   7]+0.222*[#   2]+0.222*[#   6]+0.042*[#   4]
          +0.042*[#   8]+0.011*[#   1]+0.011*[#   5]
    |psi|^2 = 0.997
==== e(   5) =    22.06657 eV ==== 
     psi = 0.248*[#   3]+0.248*[#   7]+0.076*[#   2]+0.076*[#   6]+0.070*[#   1]
          +0.070*[#   5]+0.034*[#   4]+0.034*[#   8]
    |psi|^2 = 0.855
==== e(   6) =    23.81676 eV ==== 
     psi = 0.202*[#   4]+0.202*[#   8]+0.126*[#   2]+0.126*[#   6]+0.063*[#   1]
          +0.063*[#   5]+0.019*[#   3]+0.019*[#   7]
    |psi|^2 = 0.820
==== e(   7) =    26.88722 eV ==== 
     psi = 0.229*[#   1]+0.229*[#   5]+0.088*[#   3]+0.088*[#   7]+0.079*[#   2]
          +0.079*[#   6]+0.022*[#   4]+0.022*[#   8]
    |psi|^2 = 0.835
==== e(   8) =    27.71814 eV ==== 
     psi = 0.165*[#   4]+0.165*[#   8]+0.160*[#   2]+0.160*[#   6]+0.069*[#   1]
          +0.069*[#   5]+0.010*[#   3]+0.010*[#   7]
    |psi|^2 = 0.808

 k =   0.3535533906  0.0000000000 -0.3535533906
==== e(   1) =    -5.39090 eV ==== 
     psi = 0.279*[#   1]+0.279*[#   5]+0.105*[#   2]+0.105*[#   3]+0.105*[#   6]
          +0.105*[#   7]+0.009*[#   4]+0.009*[#   8]
    |psi|^2 = 0.994
==== e(   2) =     3.72736 eV ==== 
     psi = 0.194*[#   4]+0.194*[#   8]+0.131*[#   1]+0.131*[#   5]+0.087*[#   2]
          +0.087*[#   3]+0.087*[#   6]+0.087*[#   7]
    |psi|^2 = 0.998
==== e(   3) =     4.92982 eV ==== 
     psi = 0.274*[#   4]+0.274*[#   8]+0.079*[#   2]+0.079*[#   3]+0.079*[#   6]
          +0.079*[#   7]+0.066*[#   1]+0.066*[#   5]
    |psi|^2 = 0.995
==== e(   4) =     9.67015 eV ==== 
     psi = 0.249*[#   2]+0.249*[#   3]+0.249*[#   6]+0.249*[#   7]
    |psi|^2 = 0.998
==== e(   5) =    22.05848 eV ==== 
     psi = 0.251*[#   4]+0.251*[#   8]+0.075*[#   1]+0.075*[#   5]+0.043*[#   2]
          +0.043*[#   3]+0.043*[#   6]+0.043*[#   7]
    |psi|^2 = 0.824
==== e(   6) =    24.26221 eV ==== 
     psi = 0.239*[#   2]+0.239*[#   3]+0.239*[#   6]+0.239*[#   7]
    |psi|^2 = 0.955
==== e(   7) =    26.72951 eV ==== 
     psi = 0.177*[#   4]+0.177*[#   8]+0.125*[#   1]+0.125*[#   5]+0.061*[#   2]
          +0.061*[#   3]+0.061*[#   6]+0.061*[#   7]
    |psi|^2 = 0.851
==== e(   8) =    28.53515 eV ==== 
     psi = 0.266*[#   1]+0.266*[#   5]+0.069*[#   2]+0.069*[#   3]+0.069*[#   6]
          +0.069*[#   7]+0.007*[#   4]+0.007*[#   8]
    |psi|^2 = 0.820

 k =   0.2651650429  0.0883883476 -0.4419417382
==== e(   1) =    -4.96548 eV ==== 
     psi = 0.277*[#   1]+0.277*[#   5]+0.161*[#   2]+0.161*[#   6]+0.048*[#   3]
          +0.048*[#   7]+0.012*[#   4]+0.012*[#   8]
    |psi|^2 = 0.994
==== e(   2) =     2.53291 eV ==== 
     psi = 0.184*[#   4]+0.184*[#   8]+0.127*[#   1]+0.127*[#   5]+0.105*[#   3]
          +0.105*[#   7]+0.082*[#   2]+0.082*[#   6]
    |psi|^2 = 0.995
==== e(   3) =     6.29029 eV ==== 
     psi = 0.255*[#   4]+0.255*[#   8]+0.091*[#   2]+0.091*[#   6]+0.090*[#   3]
          +0.090*[#   7]+0.063*[#   1]+0.063*[#   5]
    |psi|^2 = 0.997
==== e(   4) =     8.57951 eV ==== 
     psi = 0.223*[#   2]+0.223*[#   6]+0.222*[#   3]+0.222*[#   7]+0.042*[#   4]
          +0.042*[#   8]+0.011*[#   1]+0.011*[#   5]
    |psi|^2 = 0.997
==== e(   5) =    22.07398 eV ==== 
     psi = 0.247*[#   2]+0.247*[#   6]+0.075*[#   3]+0.075*[#   7]+0.068*[#   1]
          +0.068*[#   5]+0.036*[#   4]+0.036*[#   8]
    |psi|^2 = 0.854
==== e(   6) =    23.82550 eV ==== 
     psi = 0.200*[#   4]+0.200*[#   8]+0.126*[#   3]+0.126*[#   7]+0.063*[#   1]
          +0.063*[#   5]+0.020*[#   2]+0.020*[#   6]
    |psi|^2 = 0.820
==== e(   7) =    26.87275 eV ==== 
     psi = 0.229*[#   1]+0.229*[#   5]+0.086*[#   2]+0.086*[#   6]+0.081*[#   3]
          +0.081*[#   7]+0.023*[#   4]+0.023*[#   8]
    |psi|^2 = 0.838
==== e(   8) =    27.72986 eV ==== 
     psi = 0.164*[#   4]+0.164*[#   8]+0.158*[#   3]+0.158*[#   7]+0.069*[#   1]
          +0.069*[#   5]+0.010*[#   2]+0.010*[#   6]
    |psi|^2 = 0.803

 k =   0.2651650429  0.2651650429 -0.4419417382
==== e(   1) =    -3.98775 eV ==== 
     psi = 0.324*[#   1]+0.324*[#   5]+0.108*[#   2]+0.108*[#   6]+0.034*[#   4]
          +0.034*[#   8]+0.033*[#   3]+0.033*[#   7]
    |psi|^2 = 0.997
==== e(   2) =    -0.37464 eV ==== 
     psi = 0.146*[#   4]+0.146*[#   8]+0.146*[#   3]+0.146*[#   7]+0.102*[#   1]
          +0.102*[#   5]+0.101*[#   2]+0.101*[#   6]
    |psi|^2 = 0.990
==== e(   3) =     8.50007 eV ==== 
     psi = 0.314*[#   2]+0.314*[#   6]+0.080*[#   3]+0.080*[#   7]+0.066*[#   4]
          +0.066*[#   8]+0.039*[#   1]+0.039*[#   5]
    |psi|^2 = 0.998
==== e(   4) =     9.10497 eV ==== 
     psi = 0.256*[#   4]+0.256*[#   8]+0.243*[#   3]+0.243*[#   7]
    |psi|^2 = 0.998
==== e(   5) =    21.73077 eV ==== 
     psi = 0.277*[#   2]+0.277*[#   6]+0.067*[#   1]+0.067*[#   5]+0.041*[#   4]
          +0.041*[#   8]+0.036*[#   3]+0.036*[#   7]
    |psi|^2 = 0.844
==== e(   6) =    24.00336 eV ==== 
     psi = 0.225*[#   3]+0.225*[#   7]+0.218*[#   4]+0.218*[#   8]
    |psi|^2 = 0.886
==== e(   7) =    24.72317 eV ==== 
     psi = 0.276*[#   1]+0.276*[#   5]+0.078*[#   4]+0.078*[#   8]+0.077*[#   3]
          +0.077*[#   7]+0.014*[#   2]+0.014*[#   6]
    |psi|^2 = 0.889
==== e(   8) =    29.60796 eV ==== 
     psi = 0.108*[#   2]+0.108*[#   6]+0.104*[#   1]+0.104*[#   5]+0.060*[#   3]
          +0.060*[#   7]+0.059*[#   4]+0.059*[#   8]
    |psi|^2 = 0.663

 k =   0.1767766953  0.3535533906 -0.5303300859
==== e(   1) =    -2.81981 eV ==== 
     psi = 0.325*[#   1]+0.325*[#   5]+0.074*[#   2]+0.074*[#   3]+0.074*[#   6]
          +0.074*[#   7]+0.027*[#   4]+0.027*[#   8]
    |psi|^2 = 0.999
==== e(   2) =    -0.21424 eV ==== 
     psi = 0.142*[#   2]+0.142*[#   3]+0.142*[#   6]+0.142*[#   7]+0.127*[#   4]
          +0.127*[#   8]+0.084*[#   1]+0.084*[#   5]
    |psi|^2 = 0.991
==== e(   3) =     6.23330 eV ==== 
     psi = 0.191*[#   2]+0.191*[#   3]+0.191*[#   6]+0.191*[#   7]+0.070*[#   1]
          +0.070*[#   5]+0.048*[#   4]+0.048*[#   8]
    |psi|^2 = 0.998
==== e(   4) =     7.93066 eV ==== 
     psi = 0.257*[#   4]+0.257*[#   8]+0.120*[#   2]+0.120*[#   3]+0.120*[#   6]
          +0.120*[#   7]+0.003*[#   1]+0.003*[#   5]
    |psi|^2 = 0.998
==== e(   5) =    22.39276 eV ==== 
     psi = 0.134*[#   2]+0.134*[#   3]+0.134*[#   6]+0.134*[#   7]+0.096*[#   4]
          +0.096*[#   8]+0.015*[#   1]+0.015*[#   5]
    |psi|^2 = 0.760
==== e(   6) =    23.66374 eV ==== 
     psi = 0.151*[#   1]+0.151*[#   5]+0.096*[#   2]+0.096*[#   3]+0.096*[#   6]
          +0.096*[#   7]+0.094*[#   4]+0.094*[#   8]
    |psi|^2 = 0.875
==== e(   7) =    27.65200 eV ==== 
     psi = 0.203*[#   4]+0.203*[#   8]+0.157*[#   1]+0.157*[#   5]+0.058*[#   2]
          +0.058*[#   3]+0.058*[#   6]+0.058*[#   7]
    |psi|^2 = 0.952
==== e(   8) =    29.38534 eV ==== 
     psi = 0.135*[#   1]+0.135*[#   5]+0.112*[#   2]+0.112*[#   3]+0.112*[#   6]
          +0.112*[#   7]+0.037*[#   4]+0.037*[#   8]
    |psi|^2 = 0.792

 k =   0.0883883476  0.4419417382 -0.6187184335
==== e(   1) =    -1.79432 eV ==== 
     psi = 0.266*[#   1]+0.266*[#   5]+0.185*[#   3]+0.185*[#   7]+0.034*[#   2]
          +0.034*[#   6]+0.013*[#   4]+0.013*[#   8]
    |psi|^2 = 0.997
==== e(   2) =     0.99409 eV ==== 
     psi = 0.173*[#   1]+0.173*[#   5]+0.138*[#   3]+0.138*[#   7]+0.129*[#   2]
          +0.129*[#   6]+0.059*[#   4]+0.059*[#   8]
    |psi|^2 = 0.997
==== e(   3) =     4.08685 eV ==== 
     psi = 0.181*[#   3]+0.181*[#   7]+0.144*[#   2]+0.144*[#   6]+0.134*[#   4]
          +0.134*[#   8]+0.039*[#   1]+0.039*[#   5]
    |psi|^2 = 0.997
==== e(   4) =     6.19469 eV ==== 
     psi = 0.223*[#   4]+0.223*[#   8]+0.215*[#   2]+0.215*[#   6]+0.055*[#   3]
          +0.055*[#   7]+0.006*[#   1]+0.006*[#   5]
    |psi|^2 = 0.998
==== e(   5) =    21.58091 eV ==== 
     psi = 0.189*[#   3]+0.189*[#   7]+0.111*[#   1]+0.111*[#   5]+0.079*[#   4]
          +0.079*[#   8]+0.004*[#   2]+0.004*[#   6]
    |psi|^2 = 0.766
==== e(   6) =    25.00599 eV ==== 
     psi = 0.119*[#   4]+0.119*[#   8]+0.114*[#   3]+0.114*[#   7]+0.069*[#   1]
          +0.069*[#   5]+0.015*[#   2]+0.015*[#   6]
    |psi|^2 = 0.634
==== e(   7) =    27.00774 eV ==== 
     psi = 0.203*[#   2]+0.203*[#   6]+0.166*[#   1]+0.166*[#   5]+0.051*[#   4]
          +0.051*[#   8]+0.042*[#   3]+0.042*[#   7]
    |psi|^2 = 0.924
==== e(   8) =    29.58971 eV ==== 
     psi = 0.193*[#   2]+0.193*[#   6]+0.151*[#   4]+0.151*[#   8]+0.108*[#   1]
          +0.108*[#   5]+0.004*[#   3]+0.004*[#   7]
    |psi|^2 = 0.913

 k =   0.0000000000  0.5303300859 -0.7071067812
==== e(   1) =    -0.35790 eV ==== 
     psi = 0.253*[#   3]+0.252*[#   7]+0.225*[#   5]+0.224*[#   1]+0.020*[#   2]
          +0.019*[#   6]+0.002*[#   4]+0.002*[#   8]
    |psi|^2 = 0.997
==== e(   2) =    -0.34370 eV ==== 
     psi = 0.254*[#   7]+0.253*[#   3]+0.224*[#   1]+0.223*[#   5]+0.019*[#   2]
          +0.019*[#   6]+0.002*[#   4]+0.002*[#   8]
    |psi|^2 = 0.997
==== e(   3) =     5.14658 eV ==== 
     psi = 0.236*[#   2]+0.235*[#   6]+0.219*[#   8]+0.218*[#   4]+0.036*[#   3]
          +0.036*[#   7]+0.009*[#   1]+0.009*[#   5]
    |psi|^2 = 0.998
==== e(   4) =     5.16313 eV ==== 
     psi = 0.235*[#   6]+0.235*[#   2]+0.219*[#   4]+0.219*[#   8]+0.036*[#   7]
          +0.036*[#   3]+0.009*[#   1]+0.009*[#   5]
    |psi|^2 = 0.998
==== e(   5) =    20.86784 eV ==== 
     psi = 0.170*[#   3]+0.169*[#   5]+0.167*[#   7]+0.166*[#   1]+0.045*[#   8]
          +0.044*[#   4]+0.002*[#   2]+0.001*[#   6]
    |psi|^2 = 0.763
==== e(   6) =    20.88438 eV ==== 
     psi = 0.171*[#   7]+0.169*[#   1]+0.167*[#   3]+0.165*[#   5]+0.044*[#   4]
          +0.043*[#   8]+0.002*[#   2]+0.002*[#   6]
    |psi|^2 = 0.761
==== e(   7) =    30.24031 eV ==== 
     psi = 0.225*[#   2]+0.225*[#   6]+0.174*[#   8]+0.174*[#   4]+0.056*[#   5]
          +0.056*[#   1]+0.003*[#   3]+0.003*[#   7]
    |psi|^2 = 0.916
==== e(   8) =    30.25825 eV ==== 
     psi = 0.225*[#   6]+0.224*[#   2]+0.174*[#   4]+0.173*[#   8]+0.057*[#   1]
          +0.057*[#   5]+0.003*[#   3]+0.003*[#   7]
    |psi|^2 = 0.915

 k =   0.6187184335 -0.0883883476 -0.0883883476
==== e(   1) =    -2.63090 eV ==== 
     psi = 0.252*[#   3]+0.252*[#   7]+0.238*[#   1]+0.238*[#   5]+0.004*[#   2]
          +0.004*[#   4]+0.004*[#   6]+0.004*[#   8]
    |psi|^2 = 0.995
==== e(   2) =     1.64132 eV ==== 
     psi = 0.273*[#   3]+0.273*[#   7]+0.199*[#   1]+0.199*[#   5]+0.013*[#   2]
          +0.013*[#   4]+0.013*[#   6]+0.013*[#   8]
    |psi|^2 = 0.997
==== e(   3) =     5.14672 eV ==== 
     psi = 0.219*[#   2]+0.219*[#   4]+0.219*[#   6]+0.219*[#   8]+0.049*[#   3]
          +0.049*[#   7]+0.011*[#   1]+0.011*[#   5]
    |psi|^2 = 0.998
==== e(   4) =     6.57741 eV ==== 
     psi = 0.250*[#   2]+0.250*[#   4]+0.250*[#   6]+0.250*[#   8]
    |psi|^2 = 0.999
==== e(   5) =    18.92169 eV ==== 
     psi = 0.203*[#   3]+0.203*[#   7]+0.197*[#   1]+0.197*[#   5]+0.008*[#   2]
          +0.008*[#   4]+0.008*[#   6]+0.008*[#   8]
    |psi|^2 = 0.831
==== e(   6) =    21.00188 eV ==== 
     psi = 0.186*[#   1]+0.186*[#   5]+0.148*[#   3]+0.148*[#   7]+0.014*[#   2]
          +0.014*[#   4]+0.014*[#   6]+0.014*[#   8]
    |psi|^2 = 0.726
==== e(   7) =    30.32799 eV ==== 
     psi = 0.240*[#   2]+0.240*[#   4]+0.240*[#   6]+0.240*[#   8]
    |psi|^2 = 0.959
==== e(   8) =    30.67009 eV ==== 
     psi = 0.207*[#   2]+0.207*[#   4]+0.207*[#   6]+0.207*[#   8]+0.052*[#   1]
          +0.052*[#   5]+0.003*[#   3]+0.003*[#   7]
    |psi|^2 = 0.937

 k =   0.5303300859  0.0000000000 -0.1767766953
==== e(   1) =    -4.23201 eV ==== 
     psi = 0.256*[#   1]+0.256*[#   5]+0.220*[#   3]+0.220*[#   7]+0.016*[#   2]
          +0.016*[#   6]+0.005*[#   4]+0.005*[#   8]
    |psi|^2 = 0.994
==== e(   2) =     3.41893 eV ==== 
     psi = 0.206*[#   3]+0.206*[#   7]+0.174*[#   1]+0.174*[#   5]+0.091*[#   4]
          +0.091*[#   8]+0.027*[#   2]+0.027*[#   6]
    |psi|^2 = 0.998
==== e(   3) =     5.52057 eV ==== 
     psi = 0.266*[#   4]+0.266*[#   8]+0.177*[#   2]+0.177*[#   6]+0.032*[#   1]
          +0.032*[#   5]+0.024*[#   3]+0.024*[#   7]
    |psi|^2 = 0.997
==== e(   4) =     6.64099 eV ==== 
     psi = 0.231*[#   2]+0.231*[#   6]+0.137*[#   4]+0.137*[#   8]+0.126*[#   3]
          +0.126*[#   7]+0.005*[#   1]+0.005*[#   5]
    |psi|^2 = 0.998
==== e(   5) =    20.36571 eV ==== 
     psi = 0.233*[#   3]+0.233*[#   7]+0.152*[#   1]+0.152*[#   5]+0.044*[#   2]
          +0.044*[#   6]+0.011*[#   4]+0.011*[#   8]
    |psi|^2 = 0.880
==== e(   6) =    22.59148 eV ==== 
     psi = 0.150*[#   1]+0.150*[#   5]+0.103*[#   3]+0.103*[#   7]+0.052*[#   2]
          +0.052*[#   6]+0.002*[#   4]+0.002*[#   8]
    |psi|^2 = 0.614
==== e(   7) =    27.47719 eV ==== 
     psi = 0.232*[#   4]+0.232*[#   8]+0.124*[#   2]+0.124*[#   6]+0.092*[#   1]
          +0.092*[#   5]+0.008*[#   3]+0.008*[#   7]
    |psi|^2 = 0.912
==== e(   8) =    29.78282 eV ==== 
     psi = 0.249*[#   2]+0.249*[#   6]+0.205*[#   4]+0.205*[#   8]+0.027*[#   1]
          +0.027*[#   5]
    |psi|^2 = 0.963

 k =   0.4419417382  0.0883883476 -0.2651650429
==== e(   1) =    -4.96548 eV ==== 
     psi = 0.277*[#   1]+0.277*[#   5]+0.161*[#   3]+0.161*[#   7]+0.048*[#   2]
          +0.048*[#   6]+0.012*[#   4]+0.012*[#   8]
    |psi|^2 = 0.994
==== e(   2) =     2.53291 eV ==== 
     psi = 0.184*[#   4]+0.184*[#   8]+0.127*[#   1]+0.127*[#   5]+0.105*[#   2]
          +0.105*[#   6]+0.082*[#   3]+0.082*[#   7]
    |psi|^2 = 0.995
==== e(   3) =     6.29029 eV ==== 
     psi = 0.255*[#   4]+0.255*[#   8]+0.091*[#   3]+0.091*[#   7]+0.090*[#   2]
          +0.090*[#   6]+0.063*[#   1]+0.063*[#   5]
    |psi|^2 = 0.997
==== e(   4) =     8.57951 eV ==== 
     psi = 0.223*[#   3]+0.223*[#   7]+0.222*[#   2]+0.222*[#   6]+0.042*[#   4]
          +0.042*[#   8]+0.011*[#   1]+0.011*[#   5]
    |psi|^2 = 0.997
==== e(   5) =    22.07398 eV ==== 
     psi = 0.247*[#   3]+0.247*[#   7]+0.075*[#   2]+0.075*[#   6]+0.068*[#   1]
          +0.068*[#   5]+0.036*[#   4]+0.036*[#   8]
    |psi|^2 = 0.854
==== e(   6) =    23.82550 eV ==== 
     psi = 0.200*[#   4]+0.200*[#   8]+0.126*[#   2]+0.126*[#   6]+0.063*[#   1]
          +0.063*[#   5]+0.020*[#   3]+0.020*[#   7]
    |psi|^2 = 0.820
==== e(   7) =    26.87275 eV ==== 
     psi = 0.229*[#   1]+0.229*[#   5]+0.086*[#   3]+0.086*[#   7]+0.081*[#   2]
          +0.081*[#   6]+0.023*[#   4]+0.023*[#   8]
    |psi|^2 = 0.838
==== e(   8) =    27.72986 eV ==== 
     psi = 0.164*[#   4]+0.164*[#   8]+0.158*[#   2]+0.158*[#   6]+0.069*[#   1]
          +0.069*[#   5]+0.010*[#   3]+0.010*[#   7]
    |psi|^2 = 0.803

 k =   0.3535533906  0.1767766953 -0.3535533906
==== e(   1) =    -4.86268 eV ==== 
     psi = 0.299*[#   1]+0.299*[#   5]+0.087*[#   2]+0.087*[#   3]+0.087*[#   6]
          +0.087*[#   7]+0.024*[#   4]+0.024*[#   8]
    |psi|^2 = 0.995
==== e(   2) =     0.75497 eV ==== 
     psi = 0.171*[#   4]+0.171*[#   8]+0.125*[#   1]+0.125*[#   5]+0.100*[#   2]
          +0.100*[#   3]+0.100*[#   6]+0.100*[#   7]
    |psi|^2 = 0.992
==== e(   3) =     8.03810 eV ==== 
     psi = 0.295*[#   4]+0.295*[#   8]+0.082*[#   2]+0.082*[#   3]+0.082*[#   6]
          +0.082*[#   7]+0.040*[#   1]+0.040*[#   5]
    |psi|^2 = 0.998
==== e(   4) =     9.76176 eV ==== 
     psi = 0.249*[#   2]+0.249*[#   3]+0.249*[#   6]+0.249*[#   7]
    |psi|^2 = 0.998
==== e(   5) =    22.34113 eV ==== 
     psi = 0.278*[#   4]+0.278*[#   8]+0.054*[#   1]+0.054*[#   5]+0.045*[#   2]
          +0.045*[#   3]+0.045*[#   6]+0.045*[#   7]
    |psi|^2 = 0.845
==== e(   6) =    23.37166 eV ==== 
     psi = 0.226*[#   2]+0.226*[#   3]+0.226*[#   6]+0.226*[#   7]
    |psi|^2 = 0.904
==== e(   7) =    24.57839 eV ==== 
     psi = 0.272*[#   1]+0.272*[#   5]+0.061*[#   4]+0.061*[#   8]+0.056*[#   2]
          +0.056*[#   3]+0.056*[#   6]+0.056*[#   7]
    |psi|^2 = 0.890
==== e(   8) =    29.92170 eV ==== 
     psi = 0.126*[#   1]+0.126*[#   5]+0.093*[#   4]+0.093*[#   8]+0.071*[#   2]
          +0.071*[#   3]+0.071*[#   6]+0.071*[#   7]
    |psi|^2 = 0.722

 k =   0.2651650429  0.2651650429 -0.2651650429
==== e(   1) =    -6.16930 eV ==== 
     psi = 0.302*[#   1]+0.302*[#   5]+0.065*[#   4]+0.065*[#   8]+0.065*[#   2]
          +0.065*[#   3]+0.065*[#   6]+0.065*[#   7]
    |psi|^2 = 0.993
==== e(   2) =     1.76268 eV ==== 
     psi = 0.138*[#   1]+0.138*[#   5]+0.120*[#   4]+0.120*[#   8]+0.119*[#   2]
          +0.119*[#   3]+0.119*[#   6]+0.119*[#   7]
    |psi|^2 = 0.992
==== e(   3) =    10.14232 eV ==== 
     psi = 0.249*[#   2]+0.249*[#   3]+0.249*[#   6]+0.249*[#   7]
    |psi|^2 = 0.997
==== e(   4) =    10.19091 eV ==== 
     psi = 0.332*[#   4]+0.332*[#   8]+0.083*[#   2]+0.083*[#   3]+0.083*[#   6]
          +0.083*[#   7]
    |psi|^2 = 0.997
==== e(   5) =    22.47518 eV ==== 
     psi = 0.296*[#   4]+0.296*[#   8]+0.078*[#   2]+0.078*[#   3]+0.078*[#   6]
          +0.078*[#   7]
    |psi|^2 = 0.905
==== e(   6) =    22.55088 eV ==== 
     psi = 0.226*[#   2]+0.226*[#   3]+0.226*[#   6]+0.226*[#   7]
    |psi|^2 = 0.903
==== e(   7) =    23.10588 eV ==== 
     psi = 0.342*[#   1]+0.342*[#   5]+0.046*[#   4]+0.046*[#   8]+0.038*[#   2]
          +0.038*[#   3]+0.038*[#   6]+0.038*[#   7]
    |psi|^2 = 0.925
==== e(   8) =    29.98192 eV ==== 
     psi = 0.119*[#   1]+0.119*[#   5]+0.070*[#   2]+0.070*[#   3]+0.070*[#   4]
          +0.070*[#   6]+0.070*[#   7]+0.070*[#   8]
    |psi|^2 = 0.660

 k =   0.1767766953  0.3535533906 -0.3535533906
==== e(   1) =    -4.86219 eV ==== 
     psi = 0.299*[#   1]+0.299*[#   5]+0.087*[#   4]+0.087*[#   8]+0.087*[#   2]
          +0.087*[#   6]+0.024*[#   3]+0.024*[#   7]
    |psi|^2 = 0.995
==== e(   2) =     0.75363 eV ==== 
     psi = 0.170*[#   3]+0.170*[#   7]+0.125*[#   1]+0.125*[#   5]+0.100*[#   4]
          +0.100*[#   8]+0.100*[#   2]+0.100*[#   6]
    |psi|^2 = 0.992
==== e(   3) =     8.01175 eV ==== 
     psi = 0.296*[#   3]+0.296*[#   7]+0.084*[#   2]+0.084*[#   6]+0.079*[#   4]
          +0.079*[#   8]+0.040*[#   1]+0.040*[#   5]
    |psi|^2 = 0.998
==== e(   4) =     9.79499 eV ==== 
     psi = 0.252*[#   4]+0.252*[#   8]+0.247*[#   2]+0.247*[#   6]
    |psi|^2 = 0.998
==== e(   5) =    22.36402 eV ==== 
     psi = 0.278*[#   3]+0.278*[#   7]+0.056*[#   1]+0.056*[#   5]+0.049*[#   4]
          +0.049*[#   8]+0.039*[#   2]+0.039*[#   6]
    |psi|^2 = 0.844
==== e(   6) =    23.31863 eV ==== 
     psi = 0.231*[#   2]+0.231*[#   6]+0.221*[#   4]+0.221*[#   8]
    |psi|^2 = 0.905
==== e(   7) =    24.60241 eV ==== 
     psi = 0.270*[#   1]+0.271*[#   5]+0.060*[#   3]+0.060*[#   7]+0.057*[#   4]
          +0.057*[#   8]+0.056*[#   2]+0.056*[#   6]
    |psi|^2 = 0.887
==== e(   8) =    29.92089 eV ==== 
     psi = 0.125*[#   1]+0.125*[#   5]+0.094*[#   3]+0.094*[#   7]+0.071*[#   2]
          +0.071*[#   6]+0.071*[#   4]+0.071*[#   8]
    |psi|^2 = 0.723

 k =   0.0883883476  0.4419417382 -0.4419417382
==== e(   1) =    -2.91467 eV ==== 
     psi = 0.294*[#   1]+0.294*[#   5]+0.082*[#   4]+0.082*[#   8]+0.082*[#   2]
          +0.082*[#   6]+0.041*[#   3]+0.041*[#   7]
    |psi|^2 = 0.997
==== e(   2) =     0.62961 eV ==== 
     psi = 0.204*[#   3]+0.204*[#   7]+0.116*[#   1]+0.116*[#   5]+0.089*[#   4]
          +0.089*[#   8]+0.088*[#   2]+0.088*[#   6]
    |psi|^2 = 0.994
==== e(   3) =     4.76150 eV ==== 
     psi = 0.271*[#   3]+0.271*[#   7]+0.081*[#   2]+0.081*[#   6]+0.080*[#   4]
          +0.080*[#   8]+0.068*[#   1]+0.068*[#   5]
    |psi|^2 = 0.998
==== e(   4) =     8.41725 eV ==== 
     psi = 0.250*[#   4]+0.250*[#   8]+0.249*[#   2]+0.249*[#   6]
    |psi|^2 = 0.998
==== e(   5) =    20.90877 eV ==== 
     psi = 0.227*[#   3]+0.227*[#   7]+0.103*[#   1]+0.103*[#   5]+0.035*[#   4]
          +0.035*[#   8]+0.034*[#   2]+0.034*[#   6]
    |psi|^2 = 0.797
==== e(   6) =    26.08883 eV ==== 
     psi = 0.232*[#   2]+0.232*[#   6]+0.232*[#   4]+0.232*[#   8]
    |psi|^2 = 0.929
==== e(   7) =    27.86328 eV ==== 
     psi = 0.213*[#   1]+0.213*[#   5]+0.076*[#   4]+0.076*[#   8]+0.076*[#   2]
          +0.076*[#   6]+0.066*[#   3]+0.066*[#   7]
    |psi|^2 = 0.865
==== e(   8) =    29.30771 eV ==== 
     psi = 0.134*[#   1]+0.134*[#   5]+0.131*[#   3]+0.131*[#   7]+0.054*[#   2]
          +0.054*[#   6]+0.053*[#   4]+0.053*[#   8]
    |psi|^2 = 0.744

 k =   0.0000000000  0.5303300859 -0.5303300859
==== e(   1) =    -1.01287 eV ==== 
     psi = 0.281*[#   1]+0.281*[#   5]+0.139*[#   3]+0.139*[#   7]+0.040*[#   2]
          +0.040*[#   4]+0.040*[#   6]+0.040*[#   8]
    |psi|^2 = 0.998
==== e(   2) =     0.40957 eV ==== 
     psi = 0.256*[#   3]+0.256*[#   7]+0.187*[#   1]+0.187*[#   5]+0.028*[#   2]
          +0.028*[#   4]+0.028*[#   6]+0.028*[#   8]
    |psi|^2 = 0.997
==== e(   3) =     3.15674 eV ==== 
     psi = 0.169*[#   2]+0.169*[#   4]+0.169*[#   6]+0.169*[#   8]+0.159*[#   3]
          +0.159*[#   7]
    |psi|^2 = 0.996
==== e(   4) =     7.18537 eV ==== 
     psi = 0.250*[#   2]+0.250*[#   4]+0.250*[#   6]+0.250*[#   8]
    |psi|^2 = 0.999
==== e(   5) =    19.66608 eV ==== 
     psi = 0.200*[#   3]+0.200*[#   7]+0.156*[#   1]+0.156*[#   5]+0.020*[#   2]
          +0.020*[#   4]+0.020*[#   6]+0.020*[#   8]
    |psi|^2 = 0.793
==== e(   6) =    24.91632 eV ==== 
     psi = 0.147*[#   3]+0.147*[#   7]+0.145*[#   1]+0.145*[#   5]+0.026*[#   2]
          +0.026*[#   4]+0.026*[#   6]+0.026*[#   8]
    |psi|^2 = 0.685
==== e(   7) =    28.89125 eV ==== 
     psi = 0.239*[#   2]+0.239*[#   4]+0.239*[#   6]+0.239*[#   8]
    |psi|^2 = 0.957
==== e(   8) =    30.40364 eV ==== 
     psi = 0.153*[#   2]+0.153*[#   4]+0.153*[#   6]+0.153*[#   8]+0.141*[#   1]
          +0.141*[#   5]+0.003*[#   3]+0.003*[#   7]
    |psi|^2 = 0.900

 k =   0.6187184335 -0.0883883476  0.0883883476
==== e(   1) =    -2.62927 eV ==== 
     psi = 0.252*[#   3]+0.252*[#   7]+0.237*[#   1]+0.237*[#   5]+0.004*[#   2]
          +0.004*[#   6]+0.004*[#   4]+0.004*[#   8]
    |psi|^2 = 0.995
==== e(   2) =     1.63488 eV ==== 
     psi = 0.272*[#   3]+0.272*[#   7]+0.199*[#   1]+0.199*[#   5]+0.014*[#   4]
          +0.014*[#   8]+0.014*[#   2]+0.014*[#   6]
    |psi|^2 = 0.997
==== e(   3) =     5.13731 eV ==== 
     psi = 0.219*[#   4]+0.219*[#   8]+0.219*[#   2]+0.219*[#   6]+0.050*[#   3]
          +0.050*[#   7]+0.011*[#   1]+0.011*[#   5]
    |psi|^2 = 0.998
==== e(   4) =     6.59308 eV ==== 
     psi = 0.250*[#   2]+0.250*[#   6]+0.249*[#   4]+0.249*[#   8]
    |psi|^2 = 0.999
==== e(   5) =    18.93088 eV ==== 
     psi = 0.203*[#   3]+0.203*[#   7]+0.196*[#   1]+0.196*[#   5]+0.008*[#   2]
          +0.008*[#   6]+0.007*[#   4]+0.007*[#   8]
    |psi|^2 = 0.830
==== e(   6) =    20.99292 eV ==== 
     psi = 0.187*[#   1]+0.187*[#   5]+0.147*[#   3]+0.148*[#   7]+0.014*[#   4]
          +0.014*[#   8]+0.014*[#   2]+0.014*[#   6]
    |psi|^2 = 0.727
==== e(   7) =    30.30658 eV ==== 
     psi = 0.240*[#   4]+0.240*[#   8]+0.240*[#   2]+0.240*[#   6]
    |psi|^2 = 0.959
==== e(   8) =    30.68655 eV ==== 
     psi = 0.207*[#   2]+0.207*[#   6]+0.206*[#   4]+0.206*[#   8]+0.052*[#   1]
          +0.052*[#   5]+0.003*[#   3]+0.003*[#   7]
    |psi|^2 = 0.935

 k =   0.5303300859  0.0000000000  0.0000000000
==== e(   1) =    -4.83234 eV ==== 
     psi = 0.253*[#   1]+0.253*[#   5]+0.244*[#   3]+0.244*[#   7]
    |psi|^2 = 0.993
==== e(   2) =     4.02200 eV ==== 
     psi = 0.329*[#   3]+0.329*[#   7]+0.170*[#   1]+0.170*[#   5]
    |psi|^2 = 0.998
==== e(   3) =     6.77730 eV ==== 
     psi = 0.250*[#   2]+0.250*[#   4]+0.250*[#   6]+0.250*[#   8]
    |psi|^2 = 0.999
==== e(   4) =     6.79369 eV ==== 
     psi = 0.250*[#   2]+0.250*[#   4]+0.250*[#   6]+0.250*[#   8]
    |psi|^2 = 0.999
==== e(   5) =    18.08185 eV ==== 
     psi = 0.241*[#   3]+0.241*[#   7]+0.215*[#   1]+0.215*[#   5]
    |psi|^2 = 0.912
==== e(   6) =    20.70395 eV ==== 
     psi = 0.208*[#   1]+0.208*[#   5]+0.118*[#   3]+0.118*[#   7]
    |psi|^2 = 0.653
==== e(   7) =    29.72347 eV ==== 
     psi = 0.239*[#   2]+0.239*[#   4]+0.239*[#   6]+0.239*[#   8]
    |psi|^2 = 0.958
==== e(   8) =    29.74566 eV ==== 
     psi = 0.239*[#   2]+0.239*[#   4]+0.239*[#   6]+0.239*[#   8]
    |psi|^2 = 0.957

 k =   0.4419417382  0.0883883476 -0.0883883476
==== e(   1) =    -6.14522 eV ==== 
     psi = 0.274*[#   1]+0.274*[#   5]+0.208*[#   3]+0.208*[#   7]+0.007*[#   4]
          +0.007*[#   8]+0.007*[#   2]+0.007*[#   6]
    |psi|^2 = 0.993
==== e(   2) =     5.04926 eV ==== 
     psi = 0.148*[#   3]+0.148*[#   7]+0.120*[#   1]+0.120*[#   5]+0.115*[#   4]
          +0.115*[#   8]+0.115*[#   2]+0.115*[#   6]
    |psi|^2 = 0.997
==== e(   3) =     7.46034 eV ==== 
     psi = 0.217*[#   3]+0.217*[#   7]+0.121*[#   2]+0.121*[#   6]+0.109*[#   4]
          +0.109*[#   8]+0.052*[#   1]+0.052*[#   5]
    |psi|^2 = 0.998
==== e(   4) =     7.71678 eV ==== 
     psi = 0.255*[#   4]+0.255*[#   8]+0.244*[#   2]+0.244*[#   6]
    |psi|^2 = 0.998
==== e(   5) =    19.18929 eV ==== 
     psi = 0.264*[#   3]+0.264*[#   7]+0.167*[#   1]+0.167*[#   5]+0.016*[#   4]
          +0.016*[#   8]+0.015*[#   2]+0.015*[#   6]
    |psi|^2 = 0.923
==== e(   6) =    23.38970 eV ==== 
     psi = 0.178*[#   1]+0.177*[#   5]+0.088*[#   3]+0.088*[#   7]+0.013*[#   2]
          +0.013*[#   6]+0.012*[#   4]+0.012*[#   8]
    |psi|^2 = 0.582
==== e(   7) =    27.28391 eV ==== 
     psi = 0.235*[#   2]+0.235*[#   6]+0.233*[#   4]+0.233*[#   8]
    |psi|^2 = 0.936
==== e(   8) =    27.42723 eV ==== 
     psi = 0.201*[#   4]+0.201*[#   8]+0.199*[#   2]+0.199*[#   6]+0.065*[#   1]
          +0.065*[#   5]+0.003*[#   3]+0.003*[#   7]
    |psi|^2 = 0.936

 k =   0.3535533906  0.1767766953 -0.1767766953
==== e(   1) =    -6.59019 eV ==== 
     psi = 0.293*[#   1]+0.293*[#   5]+0.140*[#   3]+0.140*[#   7]+0.032*[#   4]
          +0.032*[#   8]+0.032*[#   2]+0.032*[#   6]
    |psi|^2 = 0.993
==== e(   2) =     3.38632 eV ==== 
     psi = 0.143*[#   4]+0.143*[#   8]+0.142*[#   2]+0.142*[#   6]+0.126*[#   1]
          +0.126*[#   5]+0.086*[#   3]+0.086*[#   7]
    |psi|^2 = 0.994
==== e(   3) =     9.09850 eV ==== 
     psi = 0.258*[#   2]+0.258*[#   6]+0.240*[#   4]+0.240*[#   8]
    |psi|^2 = 0.998
==== e(   4) =     9.55049 eV ==== 
     psi = 0.325*[#   3]+0.325*[#   7]+0.075*[#   4]+0.075*[#   8]+0.058*[#   2]
          +0.058*[#   6]+0.040*[#   1]+0.040*[#   5]
    |psi|^2 = 0.997
==== e(   5) =    21.10155 eV ==== 
     psi = 0.300*[#   3]+0.300*[#   7]+0.081*[#   1]+0.081*[#   5]+0.038*[#   4]
          +0.038*[#   8]+0.034*[#   2]+0.034*[#   6]
    |psi|^2 = 0.906
==== e(   6) =    24.30375 eV ==== 
     psi = 0.233*[#   2]+0.233*[#   6]+0.224*[#   4]+0.224*[#   8]
    |psi|^2 = 0.915
==== e(   7) =    24.50232 eV ==== 
     psi = 0.192*[#   1]+0.192*[#   5]+0.136*[#   4]+0.136*[#   8]+0.131*[#   2]
          +0.131*[#   6]
    |psi|^2 = 0.920
==== e(   8) =    27.79217 eV ==== 
     psi = 0.160*[#   1]+0.160*[#   5]+0.081*[#   3]+0.081*[#   7]+0.037*[#   2]
          +0.037*[#   4]+0.037*[#   6]+0.037*[#   8]
    |psi|^2 = 0.632

 k =   0.3535533906  0.3535533906 -0.1767766953
==== e(   1) =    -4.86219 eV ==== 
     psi = 0.299*[#   1]+0.299*[#   5]+0.087*[#   4]+0.087*[#   8]+0.087*[#   3]
          +0.087*[#   7]+0.024*[#   2]+0.024*[#   6]
    |psi|^2 = 0.995
==== e(   2) =     0.75363 eV ==== 
     psi = 0.170*[#   2]+0.170*[#   6]+0.125*[#   1]+0.125*[#   5]+0.100*[#   4]
          +0.100*[#   8]+0.100*[#   3]+0.100*[#   7]
    |psi|^2 = 0.992
==== e(   3) =     8.01175 eV ==== 
     psi = 0.296*[#   2]+0.296*[#   6]+0.084*[#   3]+0.084*[#   7]+0.079*[#   4]
          +0.079*[#   8]+0.040*[#   1]+0.040*[#   5]
    |psi|^2 = 0.998
==== e(   4) =     9.79499 eV ==== 
     psi = 0.252*[#   4]+0.252*[#   8]+0.247*[#   3]+0.247*[#   7]
    |psi|^2 = 0.998
==== e(   5) =    22.36402 eV ==== 
     psi = 0.278*[#   2]+0.278*[#   6]+0.056*[#   1]+0.056*[#   5]+0.049*[#   4]
          +0.049*[#   8]+0.039*[#   3]+0.039*[#   7]
    |psi|^2 = 0.844
==== e(   6) =    23.31863 eV ==== 
     psi = 0.231*[#   3]+0.231*[#   7]+0.221*[#   4]+0.221*[#   8]
    |psi|^2 = 0.905
==== e(   7) =    24.60241 eV ==== 
     psi = 0.270*[#   1]+0.271*[#   5]+0.060*[#   2]+0.060*[#   6]+0.057*[#   4]
          +0.057*[#   8]+0.056*[#   3]+0.056*[#   7]
    |psi|^2 = 0.887
==== e(   8) =    29.92089 eV ==== 
     psi = 0.125*[#   1]+0.125*[#   5]+0.094*[#   2]+0.094*[#   6]+0.071*[#   3]
          +0.071*[#   7]+0.071*[#   4]+0.071*[#   8]
    |psi|^2 = 0.723

 k =   0.2651650429  0.4419417382 -0.2651650429
==== e(   1) =    -3.98723 eV ==== 
     psi = 0.324*[#   1]+0.324*[#   5]+0.108*[#   4]+0.108*[#   8]+0.033*[#   2]
          +0.033*[#   3]+0.033*[#   6]+0.033*[#   7]
    |psi|^2 = 0.997
==== e(   2) =    -0.37596 eV ==== 
     psi = 0.146*[#   2]+0.146*[#   3]+0.146*[#   6]+0.146*[#   7]+0.102*[#   1]
          +0.102*[#   5]+0.101*[#   4]+0.101*[#   8]
    |psi|^2 = 0.990
==== e(   3) =     8.53045 eV ==== 
     psi = 0.314*[#   4]+0.314*[#   8]+0.073*[#   2]+0.073*[#   3]+0.073*[#   6]
          +0.073*[#   7]+0.039*[#   1]+0.039*[#   5]
    |psi|^2 = 0.998
==== e(   4) =     9.07461 eV ==== 
     psi = 0.249*[#   2]+0.249*[#   3]+0.249*[#   6]+0.249*[#   7]
    |psi|^2 = 0.998
==== e(   5) =    21.70334 eV ==== 
     psi = 0.277*[#   4]+0.277*[#   8]+0.065*[#   1]+0.065*[#   5]+0.040*[#   2]
          +0.040*[#   3]+0.040*[#   6]+0.040*[#   7]
    |psi|^2 = 0.845
==== e(   6) =    24.05488 eV ==== 
     psi = 0.221*[#   2]+0.221*[#   3]+0.221*[#   6]+0.221*[#   7]
    |psi|^2 = 0.885
==== e(   7) =    24.70454 eV ==== 
     psi = 0.278*[#   1]+0.278*[#   5]+0.077*[#   2]+0.077*[#   3]+0.077*[#   6]
          +0.077*[#   7]+0.014*[#   4]+0.014*[#   8]
    |psi|^2 = 0.892
==== e(   8) =    29.62007 eV ==== 
     psi = 0.108*[#   4]+0.108*[#   8]+0.103*[#   1]+0.103*[#   5]+0.060*[#   2]
          +0.060*[#   3]+0.060*[#   6]+0.060*[#   7]
    |psi|^2 = 0.660

 k =   0.1767766953  0.5303300859 -0.3535533906
==== e(   1) =    -2.81988 eV ==== 
     psi = 0.325*[#   1]+0.325*[#   5]+0.074*[#   4]+0.074*[#   8]+0.073*[#   3]
          +0.073*[#   7]+0.027*[#   2]+0.027*[#   6]
    |psi|^2 = 0.999
==== e(   2) =    -0.21511 eV ==== 
     psi = 0.143*[#   4]+0.143*[#   8]+0.142*[#   3]+0.142*[#   7]+0.126*[#   2]
          +0.126*[#   6]+0.084*[#   1]+0.084*[#   5]
    |psi|^2 = 0.991
==== e(   3) =     6.26053 eV ==== 
     psi = 0.193*[#   3]+0.193*[#   7]+0.188*[#   4]+0.188*[#   8]+0.070*[#   1]
          +0.070*[#   5]+0.048*[#   2]+0.048*[#   6]
    |psi|^2 = 0.998
==== e(   4) =     7.90145 eV ==== 
     psi = 0.257*[#   2]+0.257*[#   6]+0.122*[#   4]+0.122*[#   8]+0.118*[#   3]
          +0.118*[#   7]+0.003*[#   1]+0.003*[#   5]
    |psi|^2 = 0.998
==== e(   5) =    22.34125 eV ==== 
     psi = 0.137*[#   4]+0.137*[#   8]+0.132*[#   3]+0.132*[#   7]+0.096*[#   2]
          +0.096*[#   6]+0.016*[#   1]+0.016*[#   5]
    |psi|^2 = 0.763
==== e(   6) =    23.72823 eV ==== 
     psi = 0.154*[#   1]+0.154*[#   5]+0.099*[#   3]+0.099*[#   7]+0.093*[#   4]
          +0.093*[#   8]+0.091*[#   2]+0.091*[#   6]
    |psi|^2 = 0.873
==== e(   7) =    27.63731 eV ==== 
     psi = 0.206*[#   2]+0.206*[#   6]+0.154*[#   1]+0.154*[#   5]+0.059*[#   4]
          +0.059*[#   8]+0.056*[#   3]+0.056*[#   7]
    |psi|^2 = 0.953
==== e(   8) =    29.40141 eV ==== 
     psi = 0.134*[#   1]+0.134*[#   5]+0.113*[#   3]+0.113*[#   7]+0.110*[#   4]
          +0.110*[#   8]+0.038*[#   2]+0.038*[#   6]
    |psi|^2 = 0.790

 k =   0.0883883476  0.6187184335 -0.4419417382
==== e(   1) =    -1.79602 eV ==== 
     psi = 0.267*[#   1]+0.267*[#   5]+0.185*[#   3]+0.185*[#   7]+0.034*[#   4]
          +0.034*[#   8]+0.013*[#   2]+0.013*[#   6]
    |psi|^2 = 0.997
==== e(   2) =     0.99643 eV ==== 
     psi = 0.172*[#   1]+0.172*[#   5]+0.138*[#   3]+0.138*[#   7]+0.130*[#   4]
          +0.130*[#   8]+0.059*[#   2]+0.059*[#   6]
    |psi|^2 = 0.997
==== e(   3) =     4.09849 eV ==== 
     psi = 0.183*[#   3]+0.183*[#   7]+0.142*[#   4]+0.142*[#   8]+0.134*[#   2]
          +0.134*[#   6]+0.039*[#   1]+0.039*[#   5]
    |psi|^2 = 0.997
==== e(   4) =     6.18098 eV ==== 
     psi = 0.223*[#   2]+0.223*[#   6]+0.217*[#   4]+0.217*[#   8]+0.054*[#   3]
          +0.054*[#   7]+0.006*[#   1]+0.006*[#   5]
    |psi|^2 = 0.998
==== e(   5) =    21.57799 eV ==== 
     psi = 0.188*[#   3]+0.188*[#   7]+0.111*[#   1]+0.111*[#   5]+0.079*[#   2]
          +0.079*[#   6]+0.005*[#   4]+0.005*[#   8]
    |psi|^2 = 0.765
==== e(   6) =    25.01000 eV ==== 
     psi = 0.118*[#   2]+0.118*[#   6]+0.115*[#   3]+0.115*[#   7]+0.069*[#   1]
          +0.069*[#   5]+0.015*[#   4]+0.015*[#   8]
    |psi|^2 = 0.635
==== e(   7) =    27.01237 eV ==== 
     psi = 0.201*[#   4]+0.201*[#   8]+0.168*[#   1]+0.168*[#   5]+0.051*[#   2]
          +0.051*[#   6]+0.042*[#   3]+0.042*[#   7]
    |psi|^2 = 0.925
==== e(   8) =    29.57270 eV ==== 
     psi = 0.194*[#   4]+0.194*[#   8]+0.152*[#   2]+0.152*[#   6]+0.106*[#   1]
          +0.106*[#   5]+0.003*[#   3]+0.003*[#   7]
    |psi|^2 = 0.911

 k =   0.7071067812  0.0000000000  0.1767766953
==== e(   1) =    -0.35790 eV ==== 
     psi = 0.253*[#   3]+0.252*[#   7]+0.225*[#   5]+0.224*[#   1]+0.020*[#   4]
          +0.019*[#   8]+0.002*[#   2]+0.002*[#   6]
    |psi|^2 = 0.997
==== e(   2) =    -0.34370 eV ==== 
     psi = 0.254*[#   7]+0.253*[#   3]+0.224*[#   1]+0.223*[#   5]+0.019*[#   4]
          +0.019*[#   8]+0.002*[#   2]+0.002*[#   6]
    |psi|^2 = 0.997
==== e(   3) =     5.14658 eV ==== 
     psi = 0.236*[#   4]+0.235*[#   8]+0.219*[#   6]+0.218*[#   2]+0.036*[#   3]
          +0.036*[#   7]+0.009*[#   1]+0.009*[#   5]
    |psi|^2 = 0.998
==== e(   4) =     5.16313 eV ==== 
     psi = 0.235*[#   8]+0.235*[#   4]+0.219*[#   2]+0.219*[#   6]+0.036*[#   7]
          +0.036*[#   3]+0.009*[#   1]+0.009*[#   5]
    |psi|^2 = 0.998
==== e(   5) =    20.86784 eV ==== 
     psi = 0.170*[#   3]+0.169*[#   5]+0.167*[#   7]+0.166*[#   1]+0.045*[#   6]
          +0.044*[#   2]+0.002*[#   4]+0.001*[#   8]
    |psi|^2 = 0.763
==== e(   6) =    20.88438 eV ==== 
     psi = 0.171*[#   7]+0.169*[#   1]+0.167*[#   3]+0.165*[#   5]+0.044*[#   2]
          +0.043*[#   6]+0.002*[#   4]+0.002*[#   8]
    |psi|^2 = 0.761
==== e(   7) =    30.24031 eV ==== 
     psi = 0.225*[#   4]+0.225*[#   8]+0.174*[#   6]+0.174*[#   2]+0.056*[#   5]
          +0.056*[#   1]+0.003*[#   3]+0.003*[#   7]
    |psi|^2 = 0.916
==== e(   8) =    30.25825 eV ==== 
     psi = 0.225*[#   8]+0.224*[#   4]+0.174*[#   2]+0.173*[#   6]+0.057*[#   1]
          +0.057*[#   5]+0.003*[#   3]+0.003*[#   7]
    |psi|^2 = 0.915

 k =   0.6187184335  0.0883883476  0.0883883476
==== e(   1) =    -2.62845 eV ==== 
     psi = 0.252*[#   3]+0.252*[#   7]+0.237*[#   1]+0.237*[#   5]+0.004*[#   2]
          +0.004*[#   4]+0.004*[#   6]+0.004*[#   8]
    |psi|^2 = 0.995
==== e(   2) =     1.62847 eV ==== 
     psi = 0.272*[#   3]+0.272*[#   7]+0.199*[#   1]+0.199*[#   5]+0.014*[#   2]
          +0.014*[#   4]+0.014*[#   6]+0.014*[#   8]
    |psi|^2 = 0.997
==== e(   3) =     5.15949 eV ==== 
     psi = 0.219*[#   2]+0.219*[#   4]+0.219*[#   6]+0.219*[#   8]+0.050*[#   3]
          +0.050*[#   7]+0.011*[#   1]+0.011*[#   5]
    |psi|^2 = 0.998
==== e(   4) =     6.57623 eV ==== 
     psi = 0.250*[#   2]+0.250*[#   4]+0.250*[#   6]+0.250*[#   8]
    |psi|^2 = 0.999
==== e(   5) =    18.91711 eV ==== 
     psi = 0.203*[#   3]+0.203*[#   7]+0.197*[#   1]+0.197*[#   5]+0.008*[#   2]
          +0.008*[#   4]+0.008*[#   6]+0.008*[#   8]
    |psi|^2 = 0.831
==== e(   6) =    21.00687 eV ==== 
     psi = 0.187*[#   1]+0.187*[#   5]+0.148*[#   3]+0.148*[#   7]+0.014*[#   2]
          +0.014*[#   4]+0.014*[#   6]+0.014*[#   8]
    |psi|^2 = 0.726
==== e(   7) =    30.33998 eV ==== 
     psi = 0.240*[#   2]+0.240*[#   4]+0.240*[#   6]+0.240*[#   8]
    |psi|^2 = 0.959
==== e(   8) =    30.66592 eV ==== 
     psi = 0.207*[#   2]+0.207*[#   4]+0.207*[#   6]+0.207*[#   8]+0.051*[#   1]
          +0.051*[#   5]+0.003*[#   3]+0.003*[#   7]
    |psi|^2 = 0.935

 k =   0.5303300859  0.1767766953 -0.0000000000
==== e(   1) =    -4.23088 eV ==== 
     psi = 0.256*[#   1]+0.256*[#   5]+0.220*[#   3]+0.220*[#   7]+0.016*[#   4]
          +0.016*[#   8]+0.005*[#   2]+0.005*[#   6]
    |psi|^2 = 0.994
==== e(   2) =     3.40059 eV ==== 
     psi = 0.205*[#   3]+0.205*[#   7]+0.174*[#   1]+0.174*[#   5]+0.092*[#   2]
          +0.092*[#   6]+0.028*[#   4]+0.028*[#   8]
    |psi|^2 = 0.998
==== e(   3) =     5.52101 eV ==== 
     psi = 0.267*[#   2]+0.267*[#   6]+0.177*[#   4]+0.177*[#   8]+0.032*[#   1]
          +0.032*[#   5]+0.024*[#   3]+0.024*[#   7]
    |psi|^2 = 0.997
==== e(   4) =     6.66073 eV ==== 
     psi = 0.230*[#   4]+0.230*[#   8]+0.136*[#   2]+0.136*[#   6]+0.128*[#   3]
          +0.128*[#   7]+0.005*[#   1]+0.005*[#   5]
    |psi|^2 = 0.998
==== e(   5) =    20.35675 eV ==== 
     psi = 0.234*[#   3]+0.234*[#   7]+0.151*[#   1]+0.151*[#   5]+0.045*[#   4]
          +0.045*[#   8]+0.010*[#   2]+0.010*[#   6]
    |psi|^2 = 0.880
==== e(   6) =    22.60273 eV ==== 
     psi = 0.152*[#   1]+0.151*[#   5]+0.103*[#   3]+0.103*[#   7]+0.050*[#   4]
          +0.050*[#   8]+0.002*[#   2]+0.002*[#   6]
    |psi|^2 = 0.614
==== e(   7) =    27.47615 eV ==== 
     psi = 0.233*[#   2]+0.233*[#   6]+0.125*[#   4]+0.125*[#   8]+0.090*[#   1]
          +0.090*[#   5]+0.007*[#   3]+0.007*[#   7]
    |psi|^2 = 0.910
==== e(   8) =    29.79322 eV ==== 
     psi = 0.248*[#   4]+0.248*[#   8]+0.205*[#   2]+0.205*[#   6]+0.028*[#   1]
          +0.028*[#   5]
    |psi|^2 = 0.962

 k =   0.4419417382  0.2651650429 -0.0883883476
==== e(   1) =    -4.96489 eV ==== 
     psi = 0.276*[#   1]+0.276*[#   5]+0.161*[#   3]+0.161*[#   7]+0.048*[#   4]
          +0.048*[#   8]+0.012*[#   2]+0.012*[#   6]
    |psi|^2 = 0.994
==== e(   2) =     2.53009 eV ==== 
     psi = 0.184*[#   2]+0.184*[#   6]+0.127*[#   1]+0.127*[#   5]+0.105*[#   4]
          +0.105*[#   8]+0.082*[#   3]+0.082*[#   7]
    |psi|^2 = 0.995
==== e(   3) =     6.26613 eV ==== 
     psi = 0.255*[#   2]+0.255*[#   6]+0.092*[#   3]+0.092*[#   7]+0.089*[#   4]
          +0.089*[#   8]+0.063*[#   1]+0.063*[#   5]
    |psi|^2 = 0.997
==== e(   4) =     8.61156 eV ==== 
     psi = 0.223*[#   4]+0.223*[#   8]+0.222*[#   3]+0.222*[#   7]+0.043*[#   2]
          +0.043*[#   6]+0.011*[#   1]+0.011*[#   5]
    |psi|^2 = 0.997
==== e(   5) =    22.08042 eV ==== 
     psi = 0.250*[#   3]+0.250*[#   7]+0.076*[#   4]+0.076*[#   8]+0.070*[#   1]
          +0.070*[#   5]+0.031*[#   2]+0.031*[#   6]
    |psi|^2 = 0.856
==== e(   6) =    23.81207 eV ==== 
     psi = 0.205*[#   2]+0.205*[#   6]+0.127*[#   4]+0.127*[#   8]+0.060*[#   1]
          +0.060*[#   5]+0.017*[#   3]+0.017*[#   7]
    |psi|^2 = 0.817
==== e(   7) =    26.88005 eV ==== 
     psi = 0.230*[#   1]+0.230*[#   5]+0.087*[#   3]+0.087*[#   7]+0.077*[#   4]
          +0.077*[#   8]+0.022*[#   2]+0.022*[#   6]
    |psi|^2 = 0.833
==== e(   8) =    27.72870 eV ==== 
     psi = 0.164*[#   2]+0.164*[#   6]+0.160*[#   4]+0.160*[#   8]+0.069*[#   1]
          +0.069*[#   5]+0.010*[#   3]+0.010*[#   7]
    |psi|^2 = 0.807

 k =   0.4419417382  0.4419417382 -0.0883883476
==== e(   1) =    -2.91467 eV ==== 
     psi = 0.294*[#   1]+0.294*[#   5]+0.082*[#   4]+0.082*[#   8]+0.082*[#   3]
          +0.082*[#   7]+0.041*[#   2]+0.041*[#   6]
    |psi|^2 = 0.997
==== e(   2) =     0.62961 eV ==== 
     psi = 0.204*[#   2]+0.204*[#   6]+0.116*[#   1]+0.116*[#   5]+0.089*[#   4]
          +0.089*[#   8]+0.088*[#   3]+0.088*[#   7]
    |psi|^2 = 0.994
==== e(   3) =     4.76150 eV ==== 
     psi = 0.271*[#   2]+0.271*[#   6]+0.081*[#   3]+0.081*[#   7]+0.080*[#   4]
          +0.080*[#   8]+0.068*[#   1]+0.068*[#   5]
    |psi|^2 = 0.998
==== e(   4) =     8.41725 eV ==== 
     psi = 0.250*[#   4]+0.250*[#   8]+0.249*[#   3]+0.249*[#   7]
    |psi|^2 = 0.998
==== e(   5) =    20.90877 eV ==== 
     psi = 0.227*[#   2]+0.227*[#   6]+0.103*[#   1]+0.103*[#   5]+0.035*[#   4]
          +0.035*[#   8]+0.034*[#   3]+0.034*[#   7]
    |psi|^2 = 0.797
==== e(   6) =    26.08883 eV ==== 
     psi = 0.232*[#   3]+0.232*[#   7]+0.232*[#   4]+0.232*[#   8]
    |psi|^2 = 0.929
==== e(   7) =    27.86328 eV ==== 
     psi = 0.213*[#   1]+0.213*[#   5]+0.076*[#   4]+0.076*[#   8]+0.076*[#   3]
          +0.076*[#   7]+0.066*[#   2]+0.066*[#   6]
    |psi|^2 = 0.865
==== e(   8) =    29.30772 eV ==== 
     psi = 0.134*[#   1]+0.134*[#   5]+0.131*[#   2]+0.131*[#   6]+0.054*[#   3]
          +0.054*[#   7]+0.053*[#   4]+0.053*[#   8]
    |psi|^2 = 0.744

 k =   0.3535533906  0.5303300859 -0.1767766953
==== e(   1) =    -2.81988 eV ==== 
     psi = 0.325*[#   1]+0.325*[#   5]+0.074*[#   4]+0.074*[#   8]+0.073*[#   2]
          +0.073*[#   6]+0.027*[#   3]+0.027*[#   7]
    |psi|^2 = 0.999
==== e(   2) =    -0.21511 eV ==== 
     psi = 0.143*[#   4]+0.143*[#   8]+0.142*[#   2]+0.142*[#   6]+0.126*[#   3]
          +0.126*[#   7]+0.084*[#   1]+0.084*[#   5]
    |psi|^2 = 0.991
==== e(   3) =     6.26053 eV ==== 
     psi = 0.193*[#   2]+0.193*[#   6]+0.188*[#   4]+0.188*[#   8]+0.070*[#   1]
          +0.070*[#   5]+0.048*[#   3]+0.048*[#   7]
    |psi|^2 = 0.998
==== e(   4) =     7.90145 eV ==== 
     psi = 0.257*[#   3]+0.257*[#   7]+0.122*[#   4]+0.122*[#   8]+0.118*[#   2]
          +0.118*[#   6]+0.003*[#   1]+0.003*[#   5]
    |psi|^2 = 0.998
==== e(   5) =    22.34125 eV ==== 
     psi = 0.137*[#   4]+0.137*[#   8]+0.132*[#   2]+0.132*[#   6]+0.096*[#   3]
          +0.096*[#   7]+0.016*[#   1]+0.016*[#   5]
    |psi|^2 = 0.763
==== e(   6) =    23.72823 eV ==== 
     psi = 0.154*[#   1]+0.154*[#   5]+0.099*[#   2]+0.099*[#   6]+0.093*[#   4]
          +0.093*[#   8]+0.091*[#   3]+0.091*[#   7]
    |psi|^2 = 0.873
==== e(   7) =    27.63731 eV ==== 
     psi = 0.206*[#   3]+0.206*[#   7]+0.154*[#   1]+0.154*[#   5]+0.059*[#   4]
          +0.059*[#   8]+0.056*[#   2]+0.056*[#   6]
    |psi|^2 = 0.953
==== e(   8) =    29.40141 eV ==== 
     psi = 0.134*[#   1]+0.134*[#   5]+0.113*[#   2]+0.113*[#   6]+0.110*[#   4]
          +0.110*[#   8]+0.038*[#   3]+0.038*[#   7]
    |psi|^2 = 0.790

 k =   0.2651650429  0.6187184335 -0.2651650429
==== e(   1) =    -2.91659 eV ==== 
     psi = 0.294*[#   1]+0.294*[#   5]+0.082*[#   2]+0.082*[#   3]+0.082*[#   6]
          +0.082*[#   7]+0.041*[#   4]+0.041*[#   8]
    |psi|^2 = 0.997
==== e(   2) =     0.63192 eV ==== 
     psi = 0.205*[#   4]+0.205*[#   8]+0.115*[#   1]+0.115*[#   5]+0.088*[#   2]
          +0.088*[#   3]+0.088*[#   6]+0.088*[#   7]
    |psi|^2 = 0.994
==== e(   3) =     4.78014 eV ==== 
     psi = 0.270*[#   4]+0.270*[#   8]+0.081*[#   2]+0.081*[#   3]+0.081*[#   6]
          +0.081*[#   7]+0.067*[#   1]+0.067*[#   5]
    |psi|^2 = 0.998
==== e(   4) =     8.39347 eV ==== 
     psi = 0.250*[#   2]+0.250*[#   3]+0.250*[#   6]+0.250*[#   7]
    |psi|^2 = 0.998
==== e(   5) =    20.89123 eV ==== 
     psi = 0.226*[#   4]+0.226*[#   8]+0.103*[#   1]+0.103*[#   5]+0.035*[#   2]
          +0.035*[#   3]+0.035*[#   6]+0.035*[#   7]
    |psi|^2 = 0.799
==== e(   6) =    26.13348 eV ==== 
     psi = 0.232*[#   2]+0.232*[#   3]+0.232*[#   6]+0.232*[#   7]
    |psi|^2 = 0.928
==== e(   7) =    27.83740 eV ==== 
     psi = 0.214*[#   1]+0.214*[#   5]+0.076*[#   2]+0.076*[#   3]+0.076*[#   6]
          +0.076*[#   7]+0.071*[#   4]+0.071*[#   8]
    |psi|^2 = 0.874
==== e(   8) =    29.33397 eV ==== 
     psi = 0.133*[#   1]+0.133*[#   5]+0.127*[#   4]+0.127*[#   8]+0.054*[#   2]
          +0.054*[#   3]+0.054*[#   6]+0.054*[#   7]
    |psi|^2 = 0.737

 k =   0.1767766953  0.7071067812 -0.3535533906
==== e(   1) =    -2.67103 eV ==== 
     psi = 0.270*[#   1]+0.270*[#   5]+0.152*[#   3]+0.152*[#   7]+0.045*[#   2]
          +0.045*[#   6]+0.031*[#   4]+0.031*[#   8]
    |psi|^2 = 0.997
==== e(   2) =     1.83088 eV ==== 
     psi = 0.208*[#   4]+0.208*[#   8]+0.173*[#   1]+0.173*[#   5]+0.076*[#   3]
          +0.076*[#   7]+0.042*[#   2]+0.042*[#   6]
    |psi|^2 = 0.998
==== e(   3) =     3.63612 eV ==== 
     psi = 0.251*[#   4]+0.251*[#   8]+0.138*[#   2]+0.138*[#   6]+0.073*[#   3]
          +0.073*[#   7]+0.035*[#   1]+0.035*[#   5]
    |psi|^2 = 0.996
==== e(   4) =     7.10866 eV ==== 
     psi = 0.245*[#   3]+0.245*[#   7]+0.209*[#   2]+0.209*[#   6]+0.035*[#   4]
          +0.035*[#   8]+0.010*[#   1]+0.010*[#   5]
    |psi|^2 = 0.998
==== e(   5) =    22.42062 eV ==== 
     psi = 0.190*[#   4]+0.190*[#   8]+0.114*[#   2]+0.114*[#   6]+0.060*[#   1]
          +0.059*[#   5]+0.008*[#   3]+0.008*[#   7]
    |psi|^2 = 0.743
==== e(   6) =    25.02475 eV ==== 
     psi = 0.235*[#   3]+0.235*[#   7]+0.125*[#   2]+0.125*[#   6]+0.052*[#   1]
          +0.052*[#   5]+0.005*[#   4]+0.005*[#   8]
    |psi|^2 = 0.833
==== e(   7) =    27.54206 eV ==== 
     psi = 0.226*[#   1]+0.226*[#   5]+0.112*[#   3]+0.112*[#   7]+0.041*[#   2]
          +0.041*[#   6]+0.021*[#   4]+0.021*[#   8]
    |psi|^2 = 0.800
==== e(   8) =    29.15501 eV ==== 
     psi = 0.202*[#   4]+0.202*[#   8]+0.135*[#   1]+0.135*[#   5]+0.117*[#   2]
          +0.117*[#   6]+0.008*[#   3]+0.008*[#   7]
    |psi|^2 = 0.923

 k =   0.7954951288  0.0883883476  0.2651650429
==== e(   1) =    -1.80311 eV ==== 
     psi = 0.267*[#   1]+0.267*[#   5]+0.185*[#   3]+0.185*[#   7]+0.034*[#   4]
          +0.034*[#   8]+0.013*[#   2]+0.013*[#   6]
    |psi|^2 = 0.997
==== e(   2) =     1.01736 eV ==== 
     psi = 0.172*[#   1]+0.172*[#   5]+0.140*[#   3]+0.140*[#   7]+0.129*[#   4]
          +0.129*[#   8]+0.058*[#   2]+0.058*[#   6]
    |psi|^2 = 0.997
==== e(   3) =     4.09311 eV ==== 
     psi = 0.181*[#   3]+0.181*[#   7]+0.143*[#   4]+0.143*[#   8]+0.135*[#   2]
          +0.135*[#   6]+0.039*[#   1]+0.039*[#   5]
    |psi|^2 = 0.997
==== e(   4) =     6.17109 eV ==== 
     psi = 0.223*[#   2]+0.223*[#   6]+0.216*[#   4]+0.216*[#   8]+0.054*[#   3]
          +0.054*[#   7]+0.006*[#   1]+0.006*[#   5]
    |psi|^2 = 0.998
==== e(   5) =    21.56552 eV ==== 
     psi = 0.188*[#   3]+0.188*[#   7]+0.112*[#   1]+0.112*[#   5]+0.079*[#   2]
          +0.079*[#   6]+0.005*[#   4]+0.005*[#   8]
    |psi|^2 = 0.767
==== e(   6) =    25.01617 eV ==== 
     psi = 0.118*[#   2]+0.118*[#   6]+0.114*[#   3]+0.114*[#   7]+0.069*[#   1]
          +0.069*[#   5]+0.016*[#   4]+0.016*[#   8]
    |psi|^2 = 0.635
==== e(   7) =    27.01667 eV ==== 
     psi = 0.201*[#   4]+0.201*[#   8]+0.168*[#   1]+0.168*[#   5]+0.050*[#   2]
          +0.050*[#   6]+0.043*[#   3]+0.043*[#   7]
    |psi|^2 = 0.925
==== e(   8) =    29.58584 eV ==== 
     psi = 0.194*[#   4]+0.194*[#   8]+0.153*[#   2]+0.153*[#   6]+0.107*[#   1]
          +0.107*[#   5]+0.003*[#   3]+0.003*[#   7]
    |psi|^2 = 0.913

 k =   0.7071067812  0.1767766953  0.1767766953
==== e(   1) =    -1.02407 eV ==== 
     psi = 0.282*[#   1]+0.282*[#   5]+0.139*[#   3]+0.139*[#   7]+0.039*[#   2]
          +0.039*[#   4]+0.039*[#   6]+0.039*[#   8]
    |psi|^2 = 0.998
==== e(   2) =     0.42387 eV ==== 
     psi = 0.257*[#   3]+0.257*[#   7]+0.186*[#   1]+0.186*[#   5]+0.028*[#   2]
          +0.028*[#   4]+0.028*[#   6]+0.028*[#   8]
    |psi|^2 = 0.997
==== e(   3) =     3.16886 eV ==== 
     psi = 0.170*[#   2]+0.170*[#   4]+0.170*[#   6]+0.170*[#   8]+0.158*[#   3]
          +0.158*[#   7]
    |psi|^2 = 0.996
==== e(   4) =     7.16735 eV ==== 
     psi = 0.250*[#   2]+0.250*[#   4]+0.250*[#   6]+0.250*[#   8]
    |psi|^2 = 0.999
==== e(   5) =    19.65174 eV ==== 
     psi = 0.199*[#   3]+0.199*[#   7]+0.157*[#   1]+0.157*[#   5]+0.020*[#   2]
          +0.020*[#   4]+0.020*[#   6]+0.020*[#   8]
    |psi|^2 = 0.794
==== e(   6) =    24.92906 eV ==== 
     psi = 0.147*[#   3]+0.147*[#   7]+0.144*[#   1]+0.144*[#   5]+0.025*[#   2]
          +0.025*[#   4]+0.025*[#   6]+0.025*[#   8]
    |psi|^2 = 0.685
==== e(   7) =    28.92368 eV ==== 
     psi = 0.239*[#   2]+0.239*[#   4]+0.239*[#   6]+0.239*[#   8]
    |psi|^2 = 0.957
==== e(   8) =    30.39899 eV ==== 
     psi = 0.154*[#   2]+0.154*[#   4]+0.154*[#   6]+0.154*[#   8]+0.140*[#   1]
          +0.140*[#   5]+0.003*[#   3]+0.003*[#   7]
    |psi|^2 = 0.902

 k =   0.6187184335  0.2651650429  0.0883883476
==== e(   1) =    -1.79432 eV ==== 
     psi = 0.266*[#   1]+0.266*[#   5]+0.185*[#   3]+0.185*[#   7]+0.034*[#   2]
          +0.034*[#   6]+0.013*[#   4]+0.013*[#   8]
    |psi|^2 = 0.997
==== e(   2) =     0.98858 eV ==== 
     psi = 0.172*[#   1]+0.172*[#   5]+0.139*[#   3]+0.139*[#   7]+0.129*[#   2]
          +0.129*[#   6]+0.058*[#   4]+0.058*[#   8]
    |psi|^2 = 0.997
==== e(   3) =     4.11465 eV ==== 
     psi = 0.181*[#   3]+0.181*[#   7]+0.144*[#   2]+0.144*[#   6]+0.134*[#   4]
          +0.134*[#   8]+0.039*[#   1]+0.039*[#   5]
    |psi|^2 = 0.997
==== e(   4) =     6.17076 eV ==== 
     psi = 0.223*[#   4]+0.223*[#   8]+0.215*[#   2]+0.215*[#   6]+0.055*[#   3]
          +0.055*[#   7]+0.006*[#   1]+0.006*[#   5]
    |psi|^2 = 0.998
==== e(   5) =    21.55961 eV ==== 
     psi = 0.188*[#   3]+0.188*[#   7]+0.111*[#   1]+0.111*[#   5]+0.079*[#   4]
          +0.079*[#   8]+0.005*[#   2]+0.005*[#   6]
    |psi|^2 = 0.767
==== e(   6) =    25.03985 eV ==== 
     psi = 0.117*[#   4]+0.117*[#   8]+0.116*[#   3]+0.116*[#   7]+0.070*[#   1]
          +0.070*[#   5]+0.014*[#   2]+0.014*[#   6]
    |psi|^2 = 0.633
==== e(   7) =    27.00617 eV ==== 
     psi = 0.203*[#   2]+0.203*[#   6]+0.166*[#   1]+0.166*[#   5]+0.052*[#   4]
          +0.052*[#   8]+0.041*[#   3]+0.041*[#   7]
    |psi|^2 = 0.923
==== e(   8) =    29.58916 eV ==== 
     psi = 0.195*[#   2]+0.195*[#   6]+0.151*[#   4]+0.151*[#   8]+0.107*[#   1]
          +0.107*[#   5]+0.004*[#   3]+0.004*[#   7]
    |psi|^2 = 0.913

 k =   0.5303300859  0.3535533906 -0.0000000000
==== e(   1) =    -2.66699 eV ==== 
     psi = 0.269*[#   1]+0.269*[#   5]+0.153*[#   3]+0.153*[#   7]+0.046*[#   4]
          +0.046*[#   8]+0.031*[#   2]+0.031*[#   6]
    |psi|^2 = 0.997
==== e(   2) =     1.81323 eV ==== 
     psi = 0.207*[#   2]+0.207*[#   6]+0.174*[#   1]+0.174*[#   5]+0.076*[#   3]
          +0.076*[#   7]+0.043*[#   4]+0.043*[#   8]
    |psi|^2 = 0.998
==== e(   3) =     3.63271 eV ==== 
     psi = 0.253*[#   2]+0.253*[#   6]+0.138*[#   4]+0.138*[#   8]+0.073*[#   3]
          +0.073*[#   7]+0.035*[#   1]+0.035*[#   5]
    |psi|^2 = 0.996
==== e(   4) =     7.12928 eV ==== 
     psi = 0.245*[#   3]+0.245*[#   7]+0.209*[#   4]+0.209*[#   8]+0.035*[#   2]
          +0.035*[#   6]+0.010*[#   1]+0.010*[#   5]
    |psi|^2 = 0.998
==== e(   5) =    22.44065 eV ==== 
     psi = 0.191*[#   2]+0.191*[#   6]+0.113*[#   4]+0.113*[#   8]+0.059*[#   1]
          +0.059*[#   5]+0.008*[#   3]+0.008*[#   7]
    |psi|^2 = 0.742
==== e(   6) =    25.00457 eV ==== 
     psi = 0.235*[#   3]+0.235*[#   7]+0.127*[#   4]+0.127*[#   8]+0.051*[#   1]
          +0.051*[#   5]+0.004*[#   2]+0.004*[#   6]
    |psi|^2 = 0.833
==== e(   7) =    27.53533 eV ==== 
     psi = 0.226*[#   1]+0.226*[#   5]+0.112*[#   3]+0.112*[#   7]+0.041*[#   4]
          +0.041*[#   8]+0.021*[#   2]+0.021*[#   6]
    |psi|^2 = 0.799
==== e(   8) =    29.16957 eV ==== 
     psi = 0.201*[#   2]+0.201*[#   6]+0.137*[#   1]+0.137*[#   5]+0.114*[#   4]
          +0.114*[#   8]+0.009*[#   3]+0.009*[#   7]
    |psi|^2 = 0.923

 k =   0.5303300859  0.5303300859  0.0000000000
==== e(   1) =    -1.01287 eV ==== 
     psi = 0.281*[#   1]+0.281*[#   5]+0.139*[#   2]+0.139*[#   6]+0.040*[#   3]
          +0.040*[#   4]+0.040*[#   7]+0.040*[#   8]
    |psi|^2 = 0.998
==== e(   2) =     0.40957 eV ==== 
     psi = 0.256*[#   2]+0.256*[#   6]+0.187*[#   1]+0.187*[#   5]+0.028*[#   3]
          +0.028*[#   4]+0.028*[#   7]+0.028*[#   8]
    |psi|^2 = 0.997
==== e(   3) =     3.15674 eV ==== 
     psi = 0.169*[#   3]+0.169*[#   4]+0.169*[#   7]+0.169*[#   8]+0.159*[#   2]
          +0.159*[#   6]
    |psi|^2 = 0.996
==== e(   4) =     7.18537 eV ==== 
     psi = 0.250*[#   3]+0.250*[#   4]+0.250*[#   7]+0.250*[#   8]
    |psi|^2 = 0.999
==== e(   5) =    19.66608 eV ==== 
     psi = 0.200*[#   2]+0.200*[#   6]+0.156*[#   1]+0.156*[#   5]+0.020*[#   3]
          +0.020*[#   4]+0.020*[#   7]+0.020*[#   8]
    |psi|^2 = 0.793
==== e(   6) =    24.91632 eV ==== 
     psi = 0.147*[#   2]+0.147*[#   6]+0.145*[#   1]+0.145*[#   5]+0.026*[#   3]
          +0.026*[#   4]+0.026*[#   7]+0.026*[#   8]
    |psi|^2 = 0.685
==== e(   7) =    28.89125 eV ==== 
     psi = 0.239*[#   3]+0.239*[#   4]+0.239*[#   7]+0.239*[#   8]
    |psi|^2 = 0.957
==== e(   8) =    30.40364 eV ==== 
     psi = 0.153*[#   3]+0.153*[#   4]+0.153*[#   7]+0.153*[#   8]+0.141*[#   1]
          +0.141*[#   5]+0.003*[#   2]+0.003*[#   6]
    |psi|^2 = 0.900

 k =   0.4419417382  0.6187184335 -0.0883883476
==== e(   1) =    -1.79602 eV ==== 
     psi = 0.267*[#   1]+0.267*[#   5]+0.185*[#   2]+0.185*[#   6]+0.034*[#   4]
          +0.034*[#   8]+0.013*[#   3]+0.013*[#   7]
    |psi|^2 = 0.997
==== e(   2) =     0.99643 eV ==== 
     psi = 0.172*[#   1]+0.172*[#   5]+0.138*[#   2]+0.138*[#   6]+0.130*[#   4]
          +0.130*[#   8]+0.059*[#   3]+0.059*[#   7]
    |psi|^2 = 0.997
==== e(   3) =     4.09849 eV ==== 
     psi = 0.183*[#   2]+0.183*[#   6]+0.142*[#   4]+0.142*[#   8]+0.134*[#   3]
          +0.134*[#   7]+0.039*[#   1]+0.039*[#   5]
    |psi|^2 = 0.997
==== e(   4) =     6.18098 eV ==== 
     psi = 0.223*[#   3]+0.223*[#   7]+0.217*[#   4]+0.217*[#   8]+0.054*[#   2]
          +0.054*[#   6]+0.006*[#   1]+0.006*[#   5]
    |psi|^2 = 0.998
==== e(   5) =    21.57799 eV ==== 
     psi = 0.188*[#   2]+0.188*[#   6]+0.111*[#   1]+0.111*[#   5]+0.079*[#   3]
          +0.079*[#   7]+0.005*[#   4]+0.005*[#   8]
    |psi|^2 = 0.765
==== e(   6) =    25.01000 eV ==== 
     psi = 0.118*[#   3]+0.118*[#   7]+0.115*[#   2]+0.115*[#   6]+0.069*[#   1]
          +0.069*[#   5]+0.015*[#   4]+0.015*[#   8]
    |psi|^2 = 0.635
==== e(   7) =    27.01237 eV ==== 
     psi = 0.201*[#   4]+0.201*[#   8]+0.168*[#   1]+0.168*[#   5]+0.051*[#   3]
          +0.051*[#   7]+0.042*[#   2]+0.042*[#   6]
    |psi|^2 = 0.925
==== e(   8) =    29.57270 eV ==== 
     psi = 0.194*[#   4]+0.194*[#   8]+0.152*[#   3]+0.152*[#   7]+0.106*[#   1]
          +0.106*[#   5]+0.003*[#   2]+0.003*[#   6]
    |psi|^2 = 0.911

 k =   0.3535533906  0.7071067812 -0.1767766953
==== e(   1) =    -2.67103 eV ==== 
     psi = 0.270*[#   1]+0.270*[#   5]+0.152*[#   2]+0.152*[#   6]+0.045*[#   3]
          +0.045*[#   7]+0.031*[#   4]+0.031*[#   8]
    |psi|^2 = 0.997
==== e(   2) =     1.83088 eV ==== 
     psi = 0.208*[#   4]+0.208*[#   8]+0.173*[#   1]+0.173*[#   5]+0.076*[#   2]
          +0.076*[#   6]+0.042*[#   3]+0.042*[#   7]
    |psi|^2 = 0.998
==== e(   3) =     3.63612 eV ==== 
     psi = 0.251*[#   4]+0.251*[#   8]+0.138*[#   3]+0.138*[#   7]+0.073*[#   2]
          +0.073*[#   6]+0.035*[#   1]+0.035*[#   5]
    |psi|^2 = 0.996
==== e(   4) =     7.10866 eV ==== 
     psi = 0.245*[#   2]+0.245*[#   6]+0.209*[#   3]+0.209*[#   7]+0.035*[#   4]
          +0.035*[#   8]+0.010*[#   1]+0.010*[#   5]
    |psi|^2 = 0.998
==== e(   5) =    22.42062 eV ==== 
     psi = 0.190*[#   4]+0.190*[#   8]+0.114*[#   3]+0.114*[#   7]+0.060*[#   1]
          +0.059*[#   5]+0.008*[#   2]+0.008*[#   6]
    |psi|^2 = 0.743
==== e(   6) =    25.02475 eV ==== 
     psi = 0.235*[#   2]+0.235*[#   6]+0.125*[#   3]+0.125*[#   7]+0.052*[#   1]
          +0.052*[#   5]+0.005*[#   4]+0.005*[#   8]
    |psi|^2 = 0.833
==== e(   7) =    27.54206 eV ==== 
     psi = 0.226*[#   1]+0.226*[#   5]+0.112*[#   2]+0.112*[#   6]+0.041*[#   3]
          +0.041*[#   7]+0.021*[#   4]+0.021*[#   8]
    |psi|^2 = 0.800
==== e(   8) =    29.15501 eV ==== 
     psi = 0.202*[#   4]+0.202*[#   8]+0.135*[#   1]+0.135*[#   5]+0.117*[#   3]
          +0.117*[#   7]+0.008*[#   2]+0.008*[#   6]
    |psi|^2 = 0.923

 k =   0.2651650429  0.7954951288 -0.2651650429
==== e(   1) =    -2.92202 eV ==== 
     psi = 0.295*[#   1]+0.295*[#   5]+0.081*[#   2]+0.081*[#   3]+0.081*[#   6]
          +0.081*[#   7]+0.041*[#   4]+0.041*[#   8]
    |psi|^2 = 0.997
==== e(   2) =     0.65417 eV ==== 
     psi = 0.205*[#   4]+0.205*[#   8]+0.115*[#   1]+0.115*[#   5]+0.089*[#   2]
          +0.089*[#   3]+0.089*[#   6]+0.089*[#   7]
    |psi|^2 = 0.994
==== e(   3) =     4.75949 eV ==== 
     psi = 0.270*[#   4]+0.270*[#   8]+0.080*[#   2]+0.080*[#   3]+0.080*[#   6]
          +0.080*[#   7]+0.068*[#   1]+0.068*[#   5]
    |psi|^2 = 0.998
==== e(   4) =     8.39724 eV ==== 
     psi = 0.250*[#   2]+0.250*[#   3]+0.250*[#   6]+0.250*[#   7]
    |psi|^2 = 0.998
==== e(   5) =    20.89350 eV ==== 
     psi = 0.226*[#   4]+0.226*[#   8]+0.104*[#   1]+0.104*[#   5]+0.035*[#   2]
          +0.035*[#   3]+0.035*[#   6]+0.035*[#   7]
    |psi|^2 = 0.799
==== e(   6) =    26.11053 eV ==== 
     psi = 0.232*[#   2]+0.232*[#   3]+0.232*[#   6]+0.232*[#   7]
    |psi|^2 = 0.929
==== e(   7) =    27.85386 eV ==== 
     psi = 0.213*[#   1]+0.213*[#   5]+0.076*[#   2]+0.076*[#   3]+0.076*[#   6]
          +0.076*[#   7]+0.067*[#   4]+0.067*[#   8]
    |psi|^2 = 0.864
==== e(   8) =    29.28455 eV ==== 
     psi = 0.134*[#   1]+0.134*[#   5]+0.132*[#   4]+0.132*[#   8]+0.055*[#   2]
          +0.055*[#   3]+0.055*[#   6]+0.055*[#   7]
    |psi|^2 = 0.751

 k =   0.8838834765  0.1767766953  0.3535533906
==== e(   1) =    -2.83085 eV ==== 
     psi = 0.326*[#   1]+0.326*[#   5]+0.073*[#   3]+0.073*[#   4]+0.073*[#   7]
          +0.073*[#   8]+0.027*[#   2]+0.027*[#   6]
    |psi|^2 = 0.999
==== e(   2) =    -0.18745 eV ==== 
     psi = 0.143*[#   3]+0.143*[#   4]+0.143*[#   7]+0.143*[#   8]+0.127*[#   2]
          +0.127*[#   6]+0.083*[#   1]+0.083*[#   5]
    |psi|^2 = 0.991
==== e(   3) =     6.24297 eV ==== 
     psi = 0.190*[#   3]+0.190*[#   4]+0.190*[#   7]+0.190*[#   8]+0.070*[#   1]
          +0.070*[#   5]+0.048*[#   2]+0.048*[#   6]
    |psi|^2 = 0.998
==== e(   4) =     7.90046 eV ==== 
     psi = 0.257*[#   2]+0.257*[#   6]+0.120*[#   3]+0.120*[#   4]+0.120*[#   7]
          +0.120*[#   8]+0.003*[#   1]+0.003*[#   5]
    |psi|^2 = 0.998
==== e(   5) =    22.35065 eV ==== 
     psi = 0.135*[#   3]+0.135*[#   4]+0.135*[#   7]+0.135*[#   8]+0.096*[#   2]
          +0.096*[#   6]+0.016*[#   1]+0.016*[#   5]
    |psi|^2 = 0.763
==== e(   6) =    23.69759 eV ==== 
     psi = 0.154*[#   1]+0.154*[#   5]+0.096*[#   3]+0.096*[#   4]+0.096*[#   7]
          +0.096*[#   8]+0.092*[#   2]+0.092*[#   6]
    |psi|^2 = 0.874
==== e(   7) =    27.65123 eV ==== 
     psi = 0.205*[#   2]+0.205*[#   6]+0.155*[#   1]+0.155*[#   5]+0.058*[#   3]
          +0.058*[#   4]+0.058*[#   7]+0.058*[#   8]
    |psi|^2 = 0.951
==== e(   8) =    29.36427 eV ==== 
     psi = 0.134*[#   1]+0.134*[#   5]+0.112*[#   3]+0.112*[#   4]+0.112*[#   7]
          +0.112*[#   8]+0.038*[#   2]+0.038*[#   6]
    |psi|^2 = 0.794

 k =   0.7954951288  0.2651650429  0.2651650429
==== e(   1) =    -2.92202 eV ==== 
     psi = 0.295*[#   1]+0.295*[#   5]+0.081*[#   2]+0.081*[#   4]+0.081*[#   6]
          +0.081*[#   8]+0.041*[#   3]+0.041*[#   7]
    |psi|^2 = 0.997
==== e(   2) =     0.65417 eV ==== 
     psi = 0.205*[#   3]+0.205*[#   7]+0.115*[#   1]+0.115*[#   5]+0.089*[#   2]
          +0.089*[#   4]+0.089*[#   6]+0.089*[#   8]
    |psi|^2 = 0.994
==== e(   3) =     4.75949 eV ==== 
     psi = 0.270*[#   3]+0.270*[#   7]+0.080*[#   2]+0.080*[#   4]+0.080*[#   6]
          +0.080*[#   8]+0.068*[#   1]+0.068*[#   5]
    |psi|^2 = 0.998
==== e(   4) =     8.39724 eV ==== 
     psi = 0.250*[#   2]+0.250*[#   4]+0.250*[#   6]+0.250*[#   8]
    |psi|^2 = 0.998
==== e(   5) =    20.89350 eV ==== 
     psi = 0.226*[#   3]+0.226*[#   7]+0.104*[#   1]+0.104*[#   5]+0.035*[#   2]
          +0.035*[#   4]+0.035*[#   6]+0.035*[#   8]
    |psi|^2 = 0.799
==== e(   6) =    26.11053 eV ==== 
     psi = 0.232*[#   2]+0.232*[#   4]+0.232*[#   6]+0.232*[#   8]
    |psi|^2 = 0.929
==== e(   7) =    27.85386 eV ==== 
     psi = 0.213*[#   1]+0.213*[#   5]+0.076*[#   2]+0.076*[#   4]+0.076*[#   6]
          +0.076*[#   8]+0.067*[#   3]+0.067*[#   7]
    |psi|^2 = 0.864
==== e(   8) =    29.28456 eV ==== 
     psi = 0.134*[#   1]+0.134*[#   5]+0.132*[#   3]+0.132*[#   7]+0.055*[#   2]
          +0.055*[#   4]+0.055*[#   6]+0.055*[#   8]
    |psi|^2 = 0.751

 k =   0.7071067812  0.3535533906  0.1767766953
==== e(   1) =    -2.67103 eV ==== 
     psi = 0.270*[#   1]+0.270*[#   5]+0.152*[#   2]+0.152*[#   6]+0.045*[#   4]
          +0.045*[#   8]+0.031*[#   3]+0.031*[#   7]
    |psi|^2 = 0.997
==== e(   2) =     1.83088 eV ==== 
     psi = 0.208*[#   3]+0.208*[#   7]+0.173*[#   1]+0.173*[#   5]+0.076*[#   2]
          +0.076*[#   6]+0.042*[#   4]+0.042*[#   8]
    |psi|^2 = 0.998
==== e(   3) =     3.63612 eV ==== 
     psi = 0.251*[#   3]+0.251*[#   7]+0.138*[#   4]+0.138*[#   8]+0.073*[#   2]
          +0.073*[#   6]+0.035*[#   1]+0.035*[#   5]
    |psi|^2 = 0.996
==== e(   4) =     7.10866 eV ==== 
     psi = 0.245*[#   2]+0.245*[#   6]+0.209*[#   4]+0.209*[#   8]+0.035*[#   3]
          +0.035*[#   7]+0.010*[#   1]+0.010*[#   5]
    |psi|^2 = 0.998
==== e(   5) =    22.42062 eV ==== 
     psi = 0.190*[#   3]+0.190*[#   7]+0.114*[#   4]+0.114*[#   8]+0.060*[#   1]
          +0.059*[#   5]+0.008*[#   2]+0.008*[#   6]
    |psi|^2 = 0.743
==== e(   6) =    25.02475 eV ==== 
     psi = 0.235*[#   2]+0.235*[#   6]+0.125*[#   4]+0.125*[#   8]+0.052*[#   1]
          +0.052*[#   5]+0.005*[#   3]+0.005*[#   7]
    |psi|^2 = 0.833
==== e(   7) =    27.54206 eV ==== 
     psi = 0.226*[#   1]+0.226*[#   5]+0.112*[#   2]+0.112*[#   6]+0.041*[#   4]
          +0.041*[#   8]+0.021*[#   3]+0.021*[#   7]
    |psi|^2 = 0.800
==== e(   8) =    29.15501 eV ==== 
     psi = 0.202*[#   3]+0.202*[#   7]+0.135*[#   1]+0.135*[#   5]+0.117*[#   4]
          +0.117*[#   8]+0.008*[#   2]+0.008*[#   6]
    |psi|^2 = 0.923

 k =   0.6187184335  0.4419417382  0.0883883476
==== e(   1) =    -1.79602 eV ==== 
     psi = 0.267*[#   1]+0.267*[#   5]+0.185*[#   2]+0.185*[#   6]+0.034*[#   3]
          +0.034*[#   7]+0.013*[#   4]+0.013*[#   8]
    |psi|^2 = 0.997
==== e(   2) =     0.99643 eV ==== 
     psi = 0.172*[#   1]+0.172*[#   5]+0.138*[#   2]+0.138*[#   6]+0.130*[#   3]
          +0.130*[#   7]+0.059*[#   4]+0.059*[#   8]
    |psi|^2 = 0.997
==== e(   3) =     4.09849 eV ==== 
     psi = 0.183*[#   2]+0.183*[#   6]+0.142*[#   3]+0.142*[#   7]+0.134*[#   4]
          +0.134*[#   8]+0.039*[#   1]+0.039*[#   5]
    |psi|^2 = 0.997
==== e(   4) =     6.18098 eV ==== 
     psi = 0.223*[#   4]+0.223*[#   8]+0.217*[#   3]+0.217*[#   7]+0.054*[#   2]
          +0.054*[#   6]+0.006*[#   1]+0.006*[#   5]
    |psi|^2 = 0.998
==== e(   5) =    21.57799 eV ==== 
     psi = 0.188*[#   2]+0.188*[#   6]+0.111*[#   1]+0.111*[#   5]+0.079*[#   4]
          +0.079*[#   8]+0.005*[#   3]+0.005*[#   7]
    |psi|^2 = 0.765
==== e(   6) =    25.01000 eV ==== 
     psi = 0.118*[#   4]+0.118*[#   8]+0.115*[#   2]+0.115*[#   6]+0.069*[#   1]
          +0.069*[#   5]+0.015*[#   3]+0.015*[#   7]
    |psi|^2 = 0.635
==== e(   7) =    27.01237 eV ==== 
     psi = 0.201*[#   3]+0.201*[#   7]+0.168*[#   1]+0.168*[#   5]+0.051*[#   4]
          +0.051*[#   8]+0.042*[#   2]+0.042*[#   6]
    |psi|^2 = 0.925
==== e(   8) =    29.57270 eV ==== 
     psi = 0.194*[#   3]+0.194*[#   7]+0.152*[#   4]+0.152*[#   8]+0.106*[#   1]
          +0.106*[#   5]+0.003*[#   2]+0.003*[#   6]
    |psi|^2 = 0.911

 k =  -0.0883883476 -0.0883883476 -0.6187184335
==== e(   1) =    -2.62927 eV ==== 
     psi = 0.252*[#   2]+0.252*[#   6]+0.237*[#   1]+0.237*[#   5]+0.004*[#   3]
          +0.004*[#   7]+0.004*[#   4]+0.004*[#   8]
    |psi|^2 = 0.995
==== e(   2) =     1.63488 eV ==== 
     psi = 0.272*[#   2]+0.272*[#   6]+0.199*[#   1]+0.199*[#   5]+0.014*[#   4]
          +0.014*[#   8]+0.014*[#   3]+0.014*[#   7]
    |psi|^2 = 0.997
==== e(   3) =     5.13731 eV ==== 
     psi = 0.219*[#   4]+0.219*[#   8]+0.219*[#   3]+0.219*[#   7]+0.050*[#   2]
          +0.050*[#   6]+0.011*[#   1]+0.011*[#   5]
    |psi|^2 = 0.998
==== e(   4) =     6.59308 eV ==== 
     psi = 0.250*[#   3]+0.250*[#   7]+0.249*[#   4]+0.249*[#   8]
    |psi|^2 = 0.999
==== e(   5) =    18.93088 eV ==== 
     psi = 0.203*[#   2]+0.203*[#   6]+0.196*[#   1]+0.196*[#   5]+0.008*[#   3]
          +0.008*[#   7]+0.007*[#   4]+0.007*[#   8]
    |psi|^2 = 0.830
==== e(   6) =    20.99292 eV ==== 
     psi = 0.187*[#   1]+0.187*[#   5]+0.147*[#   2]+0.148*[#   6]+0.014*[#   4]
          +0.014*[#   8]+0.014*[#   3]+0.014*[#   7]
    |psi|^2 = 0.727
==== e(   7) =    30.30658 eV ==== 
     psi = 0.240*[#   4]+0.240*[#   8]+0.240*[#   3]+0.240*[#   7]
    |psi|^2 = 0.959
==== e(   8) =    30.68655 eV ==== 
     psi = 0.207*[#   3]+0.207*[#   7]+0.206*[#   4]+0.206*[#   8]+0.052*[#   1]
          +0.052*[#   5]+0.003*[#   2]+0.003*[#   6]
    |psi|^2 = 0.935

 k =  -0.1767766953  0.0000000000 -0.7071067812
==== e(   1) =    -0.35790 eV ==== 
     psi = 0.253*[#   2]+0.252*[#   6]+0.225*[#   5]+0.224*[#   1]+0.020*[#   4]
          +0.019*[#   8]+0.002*[#   3]+0.002*[#   7]
    |psi|^2 = 0.997
==== e(   2) =    -0.34370 eV ==== 
     psi = 0.254*[#   6]+0.253*[#   2]+0.224*[#   1]+0.223*[#   5]+0.019*[#   4]
          +0.019*[#   8]+0.002*[#   3]+0.002*[#   7]
    |psi|^2 = 0.997
==== e(   3) =     5.14658 eV ==== 
     psi = 0.236*[#   4]+0.235*[#   8]+0.219*[#   7]+0.218*[#   3]+0.036*[#   2]
          +0.036*[#   6]+0.009*[#   1]+0.009*[#   5]
    |psi|^2 = 0.998
==== e(   4) =     5.16313 eV ==== 
     psi = 0.235*[#   8]+0.235*[#   4]+0.219*[#   3]+0.219*[#   7]+0.036*[#   6]
          +0.036*[#   2]+0.009*[#   1]+0.009*[#   5]
    |psi|^2 = 0.998
==== e(   5) =    20.86784 eV ==== 
     psi = 0.170*[#   2]+0.169*[#   5]+0.167*[#   6]+0.166*[#   1]+0.045*[#   7]
          +0.044*[#   3]+0.002*[#   4]+0.001*[#   8]
    |psi|^2 = 0.763
==== e(   6) =    20.88438 eV ==== 
     psi = 0.171*[#   6]+0.169*[#   1]+0.167*[#   2]+0.165*[#   5]+0.044*[#   3]
          +0.043*[#   7]+0.002*[#   4]+0.002*[#   8]
    |psi|^2 = 0.761
==== e(   7) =    30.24031 eV ==== 
     psi = 0.225*[#   4]+0.225*[#   8]+0.174*[#   7]+0.174*[#   3]+0.056*[#   5]
          +0.056*[#   1]+0.003*[#   2]+0.003*[#   6]
    |psi|^2 = 0.916
==== e(   8) =    30.25825 eV ==== 
     psi = 0.225*[#   8]+0.224*[#   4]+0.174*[#   3]+0.173*[#   7]+0.057*[#   1]
          +0.057*[#   5]+0.003*[#   2]+0.003*[#   6]
    |psi|^2 = 0.915

 k =  -0.2651650429  0.0883883476 -0.7954951288
==== e(   1) =    -1.80311 eV ==== 
     psi = 0.267*[#   1]+0.267*[#   5]+0.185*[#   2]+0.185*[#   6]+0.034*[#   4]
          +0.034*[#   8]+0.013*[#   3]+0.013*[#   7]
    |psi|^2 = 0.997
==== e(   2) =     1.01736 eV ==== 
     psi = 0.172*[#   1]+0.172*[#   5]+0.140*[#   2]+0.140*[#   6]+0.129*[#   4]
          +0.129*[#   8]+0.058*[#   3]+0.058*[#   7]
    |psi|^2 = 0.997
==== e(   3) =     4.09311 eV ==== 
     psi = 0.181*[#   2]+0.181*[#   6]+0.143*[#   4]+0.143*[#   8]+0.135*[#   3]
          +0.135*[#   7]+0.039*[#   1]+0.039*[#   5]
    |psi|^2 = 0.997
==== e(   4) =     6.17109 eV ==== 
     psi = 0.223*[#   3]+0.223*[#   7]+0.216*[#   4]+0.216*[#   8]+0.054*[#   2]
          +0.054*[#   6]+0.006*[#   1]+0.006*[#   5]
    |psi|^2 = 0.998
==== e(   5) =    21.56552 eV ==== 
     psi = 0.188*[#   2]+0.188*[#   6]+0.112*[#   1]+0.112*[#   5]+0.079*[#   3]
          +0.079*[#   7]+0.005*[#   4]+0.005*[#   8]
    |psi|^2 = 0.767
==== e(   6) =    25.01617 eV ==== 
     psi = 0.118*[#   3]+0.118*[#   7]+0.114*[#   2]+0.114*[#   6]+0.069*[#   1]
          +0.069*[#   5]+0.016*[#   4]+0.016*[#   8]
    |psi|^2 = 0.635
==== e(   7) =    27.01667 eV ==== 
     psi = 0.201*[#   4]+0.201*[#   8]+0.168*[#   1]+0.168*[#   5]+0.050*[#   3]
          +0.050*[#   7]+0.043*[#   2]+0.043*[#   6]
    |psi|^2 = 0.925
==== e(   8) =    29.58584 eV ==== 
     psi = 0.194*[#   4]+0.194*[#   8]+0.153*[#   3]+0.153*[#   7]+0.107*[#   1]
          +0.107*[#   5]+0.003*[#   2]+0.003*[#   6]
    |psi|^2 = 0.913

 k =  -0.3535533906  0.1767766953 -0.8838834765
==== e(   1) =    -2.83085 eV ==== 
     psi = 0.326*[#   1]+0.326*[#   5]+0.073*[#   2]+0.073*[#   4]+0.073*[#   6]
          +0.073*[#   8]+0.027*[#   3]+0.027*[#   7]
    |psi|^2 = 0.999
==== e(   2) =    -0.18745 eV ==== 
     psi = 0.143*[#   2]+0.143*[#   4]+0.143*[#   6]+0.143*[#   8]+0.127*[#   3]
          +0.127*[#   7]+0.083*[#   1]+0.083*[#   5]
    |psi|^2 = 0.991
==== e(   3) =     6.24297 eV ==== 
     psi = 0.190*[#   2]+0.190*[#   4]+0.190*[#   6]+0.190*[#   8]+0.070*[#   1]
          +0.070*[#   5]+0.048*[#   3]+0.048*[#   7]
    |psi|^2 = 0.998
==== e(   4) =     7.90046 eV ==== 
     psi = 0.257*[#   3]+0.257*[#   7]+0.120*[#   2]+0.120*[#   4]+0.120*[#   6]
          +0.120*[#   8]+0.003*[#   1]+0.003*[#   5]
    |psi|^2 = 0.998
==== e(   5) =    22.35065 eV ==== 
     psi = 0.135*[#   2]+0.135*[#   4]+0.135*[#   6]+0.135*[#   8]+0.096*[#   3]
          +0.096*[#   7]+0.016*[#   1]+0.016*[#   5]
    |psi|^2 = 0.763
==== e(   6) =    23.69759 eV ==== 
     psi = 0.154*[#   1]+0.154*[#   5]+0.096*[#   2]+0.096*[#   4]+0.096*[#   6]
          +0.096*[#   8]+0.092*[#   3]+0.092*[#   7]
    |psi|^2 = 0.874
==== e(   7) =    27.65123 eV ==== 
     psi = 0.205*[#   3]+0.205*[#   7]+0.155*[#   1]+0.155*[#   5]+0.058*[#   2]
          +0.058*[#   4]+0.058*[#   6]+0.058*[#   8]
    |psi|^2 = 0.951
==== e(   8) =    29.36427 eV ==== 
     psi = 0.134*[#   1]+0.134*[#   5]+0.112*[#   2]+0.112*[#   4]+0.112*[#   6]
          +0.112*[#   8]+0.038*[#   3]+0.038*[#   7]
    |psi|^2 = 0.794

 k =   0.2651650429 -0.4419417382 -0.2651650429
==== e(   1) =    -3.99398 eV ==== 
     psi = 0.325*[#   1]+0.325*[#   5]+0.107*[#   4]+0.107*[#   8]+0.033*[#   2]
          +0.033*[#   3]+0.033*[#   6]+0.033*[#   7]
    |psi|^2 = 0.997
==== e(   2) =    -0.35345 eV ==== 
     psi = 0.146*[#   2]+0.146*[#   3]+0.146*[#   6]+0.146*[#   7]+0.102*[#   4]
          +0.102*[#   8]+0.101*[#   1]+0.101*[#   5]
    |psi|^2 = 0.990
==== e(   3) =     8.50146 eV ==== 
     psi = 0.314*[#   4]+0.314*[#   8]+0.073*[#   2]+0.073*[#   3]+0.073*[#   6]
          +0.073*[#   7]+0.039*[#   1]+0.039*[#   5]
    |psi|^2 = 0.998
==== e(   4) =     9.08567 eV ==== 
     psi = 0.249*[#   2]+0.249*[#   3]+0.249*[#   6]+0.249*[#   7]
    |psi|^2 = 0.998
==== e(   5) =    21.71284 eV ==== 
     psi = 0.277*[#   4]+0.277*[#   8]+0.067*[#   1]+0.067*[#   5]+0.039*[#   2]
          +0.039*[#   3]+0.039*[#   6]+0.039*[#   7]
    |psi|^2 = 0.845
==== e(   6) =    24.01032 eV ==== 
     psi = 0.221*[#   2]+0.221*[#   3]+0.221*[#   6]+0.221*[#   7]
    |psi|^2 = 0.886
==== e(   7) =    24.71213 eV ==== 
     psi = 0.277*[#   1]+0.277*[#   5]+0.077*[#   2]+0.077*[#   3]+0.077*[#   6]
          +0.077*[#   7]+0.014*[#   4]+0.014*[#   8]
    |psi|^2 = 0.890
==== e(   8) =    29.58826 eV ==== 
     psi = 0.109*[#   4]+0.109*[#   8]+0.103*[#   1]+0.103*[#   5]+0.060*[#   2]
          +0.060*[#   3]+0.060*[#   6]+0.060*[#   7]
    |psi|^2 = 0.667

 k =   0.1767766953 -0.3535533906 -0.3535533906
==== e(   1) =    -4.86527 eV ==== 
     psi = 0.300*[#   1]+0.300*[#   5]+0.087*[#   2]+0.087*[#   4]+0.087*[#   6]
          +0.087*[#   8]+0.024*[#   3]+0.024*[#   7]
    |psi|^2 = 0.995
==== e(   2) =     0.77272 eV ==== 
     psi = 0.171*[#   3]+0.171*[#   7]+0.125*[#   1]+0.125*[#   5]+0.100*[#   2]
          +0.100*[#   4]+0.100*[#   6]+0.100*[#   8]
    |psi|^2 = 0.992
==== e(   3) =     8.01284 eV ==== 
     psi = 0.296*[#   3]+0.296*[#   7]+0.081*[#   2]+0.081*[#   4]+0.081*[#   6]
          +0.081*[#   8]+0.040*[#   1]+0.040*[#   5]
    |psi|^2 = 0.998
==== e(   4) =     9.77245 eV ==== 
     psi = 0.249*[#   2]+0.249*[#   4]+0.249*[#   6]+0.249*[#   8]
    |psi|^2 = 0.998
==== e(   5) =    22.34689 eV ==== 
     psi = 0.278*[#   3]+0.278*[#   7]+0.056*[#   1]+0.056*[#   5]+0.044*[#   2]
          +0.044*[#   4]+0.044*[#   6]+0.044*[#   8]
    |psi|^2 = 0.845
==== e(   6) =    23.33135 eV ==== 
     psi = 0.226*[#   2]+0.226*[#   4]+0.226*[#   6]+0.226*[#   8]
    |psi|^2 = 0.905
==== e(   7) =    24.58729 eV ==== 
     psi = 0.272*[#   1]+0.272*[#   5]+0.061*[#   3]+0.061*[#   7]+0.056*[#   2]
          +0.056*[#   4]+0.056*[#   6]+0.056*[#   8]
    |psi|^2 = 0.889
==== e(   8) =    29.89307 eV ==== 
     psi = 0.125*[#   1]+0.125*[#   5]+0.094*[#   3]+0.094*[#   7]+0.072*[#   2]
          +0.072*[#   4]+0.072*[#   6]+0.072*[#   8]
    |psi|^2 = 0.726

 k =   0.0883883476 -0.2651650429 -0.4419417382
==== e(   1) =    -4.96650 eV ==== 
     psi = 0.277*[#   1]+0.277*[#   5]+0.161*[#   2]+0.161*[#   6]+0.048*[#   4]
          +0.048*[#   8]+0.012*[#   3]+0.012*[#   7]
    |psi|^2 = 0.994
==== e(   2) =     2.54988 eV ==== 
     psi = 0.184*[#   3]+0.184*[#   7]+0.127*[#   1]+0.127*[#   5]+0.105*[#   4]
          +0.105*[#   8]+0.082*[#   2]+0.082*[#   6]
    |psi|^2 = 0.995
==== e(   3) =     6.26943 eV ==== 
     psi = 0.256*[#   3]+0.256*[#   7]+0.090*[#   2]+0.090*[#   6]+0.090*[#   4]
          +0.090*[#   8]+0.063*[#   1]+0.063*[#   5]
    |psi|^2 = 0.997
==== e(   4) =     8.58426 eV ==== 
     psi = 0.223*[#   2]+0.223*[#   6]+0.222*[#   4]+0.222*[#   8]+0.042*[#   3]
          +0.042*[#   7]+0.011*[#   1]+0.011*[#   5]
    |psi|^2 = 0.997
==== e(   5) =    22.06657 eV ==== 
     psi = 0.248*[#   2]+0.248*[#   6]+0.076*[#   4]+0.076*[#   8]+0.070*[#   1]
          +0.070*[#   5]+0.034*[#   3]+0.034*[#   7]
    |psi|^2 = 0.855
==== e(   6) =    23.81676 eV ==== 
     psi = 0.202*[#   3]+0.202*[#   7]+0.126*[#   4]+0.126*[#   8]+0.063*[#   1]
          +0.063*[#   5]+0.019*[#   2]+0.019*[#   6]
    |psi|^2 = 0.820
==== e(   7) =    26.88722 eV ==== 
     psi = 0.229*[#   1]+0.229*[#   5]+0.088*[#   2]+0.088*[#   6]+0.079*[#   4]
          +0.079*[#   8]+0.022*[#   3]+0.022*[#   7]
    |psi|^2 = 0.835
==== e(   8) =    27.71814 eV ==== 
     psi = 0.165*[#   3]+0.165*[#   7]+0.160*[#   4]+0.160*[#   8]+0.069*[#   1]
          +0.069*[#   5]+0.010*[#   2]+0.010*[#   6]
    |psi|^2 = 0.808

 k =   0.0000000000 -0.1767766953 -0.5303300859
==== e(   1) =    -4.23201 eV ==== 
     psi = 0.256*[#   1]+0.256*[#   5]+0.220*[#   2]+0.220*[#   6]+0.016*[#   4]
          +0.016*[#   8]+0.005*[#   3]+0.005*[#   7]
    |psi|^2 = 0.994
==== e(   2) =     3.41893 eV ==== 
     psi = 0.206*[#   2]+0.206*[#   6]+0.174*[#   1]+0.174*[#   5]+0.091*[#   3]
          +0.091*[#   7]+0.027*[#   4]+0.027*[#   8]
    |psi|^2 = 0.998
==== e(   3) =     5.52057 eV ==== 
     psi = 0.266*[#   3]+0.266*[#   7]+0.177*[#   4]+0.177*[#   8]+0.032*[#   1]
          +0.032*[#   5]+0.024*[#   2]+0.024*[#   6]
    |psi|^2 = 0.997
==== e(   4) =     6.64099 eV ==== 
     psi = 0.231*[#   4]+0.231*[#   8]+0.137*[#   3]+0.137*[#   7]+0.126*[#   2]
          +0.126*[#   6]+0.005*[#   1]+0.005*[#   5]
    |psi|^2 = 0.998
==== e(   5) =    20.36571 eV ==== 
     psi = 0.233*[#   2]+0.233*[#   6]+0.152*[#   1]+0.152*[#   5]+0.044*[#   4]
          +0.044*[#   8]+0.011*[#   3]+0.011*[#   7]
    |psi|^2 = 0.880
==== e(   6) =    22.59148 eV ==== 
     psi = 0.150*[#   1]+0.150*[#   5]+0.103*[#   2]+0.103*[#   6]+0.052*[#   4]
          +0.052*[#   8]+0.002*[#   3]+0.002*[#   7]
    |psi|^2 = 0.614
==== e(   7) =    27.47719 eV ==== 
     psi = 0.232*[#   3]+0.232*[#   7]+0.124*[#   4]+0.124*[#   8]+0.092*[#   1]
          +0.092*[#   5]+0.008*[#   2]+0.008*[#   6]
    |psi|^2 = 0.912
==== e(   8) =    29.78282 eV ==== 
     psi = 0.249*[#   4]+0.249*[#   8]+0.205*[#   3]+0.205*[#   7]+0.027*[#   1]
          +0.027*[#   5]
    |psi|^2 = 0.963

 k =   0.0000000000  0.0000000000 -0.5303300859
==== e(   1) =    -4.83234 eV ==== 
     psi = 0.253*[#   1]+0.253*[#   5]+0.244*[#   2]+0.244*[#   6]
    |psi|^2 = 0.993
==== e(   2) =     4.02200 eV ==== 
     psi = 0.329*[#   2]+0.329*[#   6]+0.170*[#   1]+0.170*[#   5]
    |psi|^2 = 0.998
==== e(   3) =     6.77730 eV ==== 
     psi = 0.250*[#   3]+0.250*[#   4]+0.250*[#   7]+0.250*[#   8]
    |psi|^2 = 0.999
==== e(   4) =     6.79369 eV ==== 
     psi = 0.250*[#   3]+0.250*[#   4]+0.250*[#   7]+0.250*[#   8]
    |psi|^2 = 0.999
==== e(   5) =    18.08185 eV ==== 
     psi = 0.241*[#   2]+0.241*[#   6]+0.215*[#   1]+0.215*[#   5]
    |psi|^2 = 0.912
==== e(   6) =    20.70395 eV ==== 
     psi = 0.208*[#   1]+0.208*[#   5]+0.118*[#   2]+0.118*[#   6]
    |psi|^2 = 0.653
==== e(   7) =    29.72347 eV ==== 
     psi = 0.239*[#   3]+0.239*[#   4]+0.239*[#   7]+0.239*[#   8]
    |psi|^2 = 0.958
==== e(   8) =    29.74566 eV ==== 
     psi = 0.239*[#   3]+0.239*[#   4]+0.239*[#   7]+0.239*[#   8]
    |psi|^2 = 0.957

 k =  -0.0883883476  0.0883883476 -0.6187184335
==== e(   1) =    -2.62845 eV ==== 
     psi = 0.252*[#   2]+0.252*[#   6]+0.237*[#   1]+0.237*[#   5]+0.004*[#   3]
          +0.004*[#   4]+0.004*[#   7]+0.004*[#   8]
    |psi|^2 = 0.995
==== e(   2) =     1.62847 eV ==== 
     psi = 0.272*[#   2]+0.272*[#   6]+0.199*[#   1]+0.199*[#   5]+0.014*[#   3]
          +0.014*[#   4]+0.014*[#   7]+0.014*[#   8]
    |psi|^2 = 0.997
==== e(   3) =     5.15949 eV ==== 
     psi = 0.219*[#   3]+0.219*[#   4]+0.219*[#   7]+0.219*[#   8]+0.050*[#   2]
          +0.050*[#   6]+0.011*[#   1]+0.011*[#   5]
    |psi|^2 = 0.998
==== e(   4) =     6.57623 eV ==== 
     psi = 0.250*[#   3]+0.250*[#   4]+0.250*[#   7]+0.250*[#   8]
    |psi|^2 = 0.999
==== e(   5) =    18.91711 eV ==== 
     psi = 0.203*[#   2]+0.203*[#   6]+0.197*[#   1]+0.197*[#   5]+0.008*[#   3]
          +0.008*[#   4]+0.008*[#   7]+0.008*[#   8]
    |psi|^2 = 0.831
==== e(   6) =    21.00687 eV ==== 
     psi = 0.187*[#   1]+0.187*[#   5]+0.148*[#   2]+0.148*[#   6]+0.014*[#   3]
          +0.014*[#   4]+0.014*[#   7]+0.014*[#   8]
    |psi|^2 = 0.726
==== e(   7) =    30.33998 eV ==== 
     psi = 0.240*[#   3]+0.240*[#   4]+0.240*[#   7]+0.240*[#   8]
    |psi|^2 = 0.959
==== e(   8) =    30.66592 eV ==== 
     psi = 0.207*[#   3]+0.207*[#   4]+0.207*[#   7]+0.207*[#   8]+0.051*[#   1]
          +0.051*[#   5]+0.003*[#   2]+0.003*[#   6]
    |psi|^2 = 0.935

 k =  -0.1767766953  0.1767766953 -0.7071067812
==== e(   1) =    -1.02407 eV ==== 
     psi = 0.282*[#   1]+0.282*[#   5]+0.139*[#   2]+0.139*[#   6]+0.039*[#   3]
          +0.039*[#   4]+0.039*[#   7]+0.039*[#   8]
    |psi|^2 = 0.998
==== e(   2) =     0.42387 eV ==== 
     psi = 0.257*[#   2]+0.257*[#   6]+0.186*[#   1]+0.186*[#   5]+0.028*[#   3]
          +0.028*[#   4]+0.028*[#   7]+0.028*[#   8]
    |psi|^2 = 0.997
==== e(   3) =     3.16886 eV ==== 
     psi = 0.170*[#   3]+0.170*[#   4]+0.170*[#   7]+0.170*[#   8]+0.158*[#   2]
          +0.158*[#   6]
    |psi|^2 = 0.996
==== e(   4) =     7.16735 eV ==== 
     psi = 0.250*[#   3]+0.250*[#   4]+0.250*[#   7]+0.250*[#   8]
    |psi|^2 = 0.999
==== e(   5) =    19.65174 eV ==== 
     psi = 0.199*[#   2]+0.199*[#   6]+0.157*[#   1]+0.157*[#   5]+0.020*[#   3]
          +0.020*[#   4]+0.020*[#   7]+0.020*[#   8]
    |psi|^2 = 0.794
==== e(   6) =    24.92906 eV ==== 
     psi = 0.147*[#   2]+0.147*[#   6]+0.144*[#   1]+0.144*[#   5]+0.025*[#   3]
          +0.025*[#   4]+0.025*[#   7]+0.025*[#   8]
    |psi|^2 = 0.685
==== e(   7) =    28.92368 eV ==== 
     psi = 0.239*[#   3]+0.239*[#   4]+0.239*[#   7]+0.239*[#   8]
    |psi|^2 = 0.957
==== e(   8) =    30.39899 eV ==== 
     psi = 0.154*[#   3]+0.154*[#   4]+0.154*[#   7]+0.154*[#   8]+0.140*[#   1]
          +0.140*[#   5]+0.003*[#   2]+0.003*[#   6]
    |psi|^2 = 0.902

 k =  -0.2651650429  0.2651650429 -0.7954951288
==== e(   1) =    -2.92202 eV ==== 
     psi = 0.295*[#   1]+0.295*[#   5]+0.081*[#   3]+0.081*[#   4]+0.081*[#   7]
          +0.081*[#   8]+0.041*[#   2]+0.041*[#   6]
    |psi|^2 = 0.997
==== e(   2) =     0.65417 eV ==== 
     psi = 0.205*[#   2]+0.205*[#   6]+0.115*[#   1]+0.115*[#   5]+0.089*[#   3]
          +0.089*[#   4]+0.089*[#   7]+0.089*[#   8]
    |psi|^2 = 0.994
==== e(   3) =     4.75949 eV ==== 
     psi = 0.270*[#   2]+0.270*[#   6]+0.080*[#   3]+0.080*[#   4]+0.080*[#   7]
          +0.080*[#   8]+0.068*[#   1]+0.068*[#   5]
    |psi|^2 = 0.998
==== e(   4) =     8.39724 eV ==== 
     psi = 0.250*[#   3]+0.250*[#   4]+0.250*[#   7]+0.250*[#   8]
    |psi|^2 = 0.998
==== e(   5) =    20.89350 eV ==== 
     psi = 0.226*[#   2]+0.226*[#   6]+0.104*[#   1]+0.104*[#   5]+0.035*[#   3]
          +0.035*[#   4]+0.035*[#   7]+0.035*[#   8]
    |psi|^2 = 0.799
==== e(   6) =    26.11053 eV ==== 
     psi = 0.232*[#   3]+0.232*[#   4]+0.232*[#   7]+0.232*[#   8]
    |psi|^2 = 0.929
==== e(   7) =    27.85386 eV ==== 
     psi = 0.213*[#   1]+0.213*[#   5]+0.076*[#   3]+0.076*[#   4]+0.076*[#   7]
          +0.076*[#   8]+0.067*[#   2]+0.067*[#   6]
    |psi|^2 = 0.864
==== e(   8) =    29.28456 eV ==== 
     psi = 0.134*[#   1]+0.134*[#   5]+0.132*[#   2]+0.132*[#   6]+0.055*[#   3]
          +0.055*[#   4]+0.055*[#   7]+0.055*[#   8]
    |psi|^2 = 0.751

 k =   0.3535533906 -0.3535533906 -0.1767766953
==== e(   1) =    -4.86527 eV ==== 
     psi = 0.300*[#   1]+0.300*[#   5]+0.087*[#   3]+0.087*[#   4]+0.087*[#   7]
          +0.087*[#   8]+0.024*[#   2]+0.024*[#   6]
    |psi|^2 = 0.995
==== e(   2) =     0.77272 eV ==== 
     psi = 0.171*[#   2]+0.171*[#   6]+0.125*[#   1]+0.125*[#   5]+0.100*[#   3]
          +0.100*[#   4]+0.100*[#   7]+0.100*[#   8]
    |psi|^2 = 0.992
==== e(   3) =     8.01284 eV ==== 
     psi = 0.296*[#   2]+0.296*[#   6]+0.081*[#   3]+0.081*[#   4]+0.081*[#   7]
          +0.081*[#   8]+0.040*[#   1]+0.040*[#   5]
    |psi|^2 = 0.998
==== e(   4) =     9.77245 eV ==== 
     psi = 0.249*[#   3]+0.249*[#   4]+0.249*[#   7]+0.249*[#   8]
    |psi|^2 = 0.998
==== e(   5) =    22.34689 eV ==== 
     psi = 0.278*[#   2]+0.278*[#   6]+0.056*[#   1]+0.056*[#   5]+0.044*[#   3]
          +0.044*[#   4]+0.044*[#   7]+0.044*[#   8]
    |psi|^2 = 0.845
==== e(   6) =    23.33135 eV ==== 
     psi = 0.226*[#   3]+0.226*[#   4]+0.226*[#   7]+0.226*[#   8]
    |psi|^2 = 0.905
==== e(   7) =    24.58729 eV ==== 
     psi = 0.272*[#   1]+0.272*[#   5]+0.061*[#   2]+0.061*[#   6]+0.056*[#   3]
          +0.056*[#   4]+0.056*[#   7]+0.056*[#   8]
    |psi|^2 = 0.889
==== e(   8) =    29.89307 eV ==== 
     psi = 0.125*[#   1]+0.125*[#   5]+0.094*[#   2]+0.094*[#   6]+0.072*[#   3]
          +0.072*[#   4]+0.072*[#   7]+0.072*[#   8]
    |psi|^2 = 0.726

 k =   0.2651650429 -0.2651650429 -0.2651650429
==== e(   1) =    -6.17056 eV ==== 
     psi = 0.303*[#   1]+0.303*[#   5]+0.065*[#   2]+0.065*[#   3]+0.065*[#   4]
          +0.065*[#   6]+0.065*[#   7]+0.065*[#   8]
    |psi|^2 = 0.993
==== e(   2) =     1.77981 eV ==== 
     psi = 0.138*[#   1]+0.138*[#   5]+0.119*[#   2]+0.119*[#   3]+0.119*[#   4]
          +0.119*[#   6]+0.119*[#   7]+0.119*[#   8]
    |psi|^2 = 0.992
==== e(   3) =    10.15687 eV ==== 
     psi = 0.298*[#   4]+0.298*[#   8]+0.187*[#   3]+0.187*[#   7]+0.014*[#   2]
          +0.014*[#   6]
    |psi|^2 = 0.997
==== e(   4) =    10.15687 eV ==== 
     psi = 0.319*[#   2]+0.319*[#   6]+0.145*[#   3]+0.145*[#   7]+0.035*[#   4]
          +0.035*[#   8]
    |psi|^2 = 0.997
==== e(   5) =    22.50374 eV ==== 
     psi = 0.243*[#   3]+0.243*[#   7]+0.204*[#   4]+0.204*[#   8]+0.004*[#   2]
          +0.004*[#   6]
    |psi|^2 = 0.904
==== e(   6) =    22.50374 eV ==== 
     psi = 0.297*[#   2]+0.297*[#   6]+0.097*[#   4]+0.097*[#   8]+0.058*[#   3]
          +0.058*[#   7]
    |psi|^2 = 0.904
==== e(   7) =    23.10028 eV ==== 
     psi = 0.343*[#   1]+0.343*[#   5]+0.040*[#   2]+0.040*[#   3]+0.040*[#   4]
          +0.040*[#   6]+0.040*[#   7]+0.040*[#   8]
    |psi|^2 = 0.926
==== e(   8) =    29.95466 eV ==== 
     psi = 0.118*[#   1]+0.118*[#   5]+0.071*[#   2]+0.071*[#   3]+0.071*[#   4]
          +0.071*[#   6]+0.071*[#   7]+0.071*[#   8]
    |psi|^2 = 0.663

 k =   0.1767766953 -0.1767766953 -0.3535533906
==== e(   1) =    -6.59073 eV ==== 
     psi = 0.294*[#   1]+0.294*[#   5]+0.140*[#   2]+0.140*[#   6]+0.031*[#   3]
          +0.031*[#   4]+0.031*[#   7]+0.031*[#   8]
    |psi|^2 = 0.993
==== e(   2) =     3.40409 eV ==== 
     psi = 0.142*[#   3]+0.142*[#   4]+0.142*[#   7]+0.142*[#   8]+0.126*[#   1]
          +0.126*[#   5]+0.086*[#   2]+0.086*[#   6]
    |psi|^2 = 0.994
==== e(   3) =     9.08083 eV ==== 
     psi = 0.249*[#   3]+0.249*[#   4]+0.249*[#   7]+0.249*[#   8]
    |psi|^2 = 0.998
==== e(   4) =     9.54787 eV ==== 
     psi = 0.325*[#   2]+0.325*[#   6]+0.067*[#   3]+0.067*[#   4]+0.067*[#   7]
          +0.067*[#   8]+0.040*[#   1]+0.040*[#   5]
    |psi|^2 = 0.997
==== e(   5) =    21.08990 eV ==== 
     psi = 0.300*[#   2]+0.300*[#   6]+0.081*[#   1]+0.081*[#   5]+0.036*[#   3]
          +0.036*[#   4]+0.036*[#   7]+0.036*[#   8]
    |psi|^2 = 0.906
==== e(   6) =    24.30934 eV ==== 
     psi = 0.229*[#   3]+0.229*[#   4]+0.229*[#   7]+0.229*[#   8]
    |psi|^2 = 0.915
==== e(   7) =    24.48946 eV ==== 
     psi = 0.193*[#   1]+0.193*[#   5]+0.134*[#   3]+0.134*[#   4]+0.134*[#   7]
          +0.134*[#   8]
    |psi|^2 = 0.921
==== e(   8) =    27.79079 eV ==== 
     psi = 0.161*[#   1]+0.161*[#   5]+0.082*[#   2]+0.082*[#   6]+0.037*[#   3]
          +0.037*[#   4]+0.037*[#   7]+0.037*[#   8]
    |psi|^2 = 0.635

 k =   0.0883883476 -0.0883883476 -0.4419417382
==== e(   1) =    -6.14551 eV ==== 
     psi = 0.274*[#   1]+0.274*[#   5]+0.208*[#   2]+0.208*[#   6]+0.007*[#   3]
          +0.007*[#   4]+0.007*[#   7]+0.007*[#   8]
    |psi|^2 = 0.993
==== e(   2) =     5.06896 eV ==== 
     psi = 0.149*[#   2]+0.149*[#   6]+0.120*[#   1]+0.120*[#   5]+0.114*[#   3]
          +0.114*[#   4]+0.114*[#   7]+0.114*[#   8]
    |psi|^2 = 0.997
==== e(   3) =     7.45580 eV ==== 
     psi = 0.216*[#   2]+0.216*[#   6]+0.115*[#   3]+0.115*[#   4]+0.115*[#   7]
          +0.115*[#   8]+0.052*[#   1]+0.052*[#   5]
    |psi|^2 = 0.998
==== e(   4) =     7.69940 eV ==== 
     psi = 0.250*[#   3]+0.250*[#   4]+0.250*[#   7]+0.250*[#   8]
    |psi|^2 = 0.998
==== e(   5) =    19.18639 eV ==== 
     psi = 0.263*[#   2]+0.263*[#   6]+0.168*[#   1]+0.168*[#   5]+0.015*[#   3]
          +0.015*[#   4]+0.015*[#   7]+0.015*[#   8]
    |psi|^2 = 0.923
==== e(   6) =    23.39143 eV ==== 
     psi = 0.176*[#   1]+0.176*[#   5]+0.089*[#   2]+0.089*[#   6]+0.013*[#   3]
          +0.013*[#   4]+0.013*[#   7]+0.013*[#   8]
    |psi|^2 = 0.582
==== e(   7) =    27.29390 eV ==== 
     psi = 0.234*[#   3]+0.234*[#   4]+0.234*[#   7]+0.234*[#   8]
    |psi|^2 = 0.935
==== e(   8) =    27.41428 eV ==== 
     psi = 0.200*[#   3]+0.200*[#   4]+0.200*[#   7]+0.200*[#   8]+0.066*[#   1]
          +0.066*[#   5]+0.003*[#   2]+0.003*[#   6]
    |psi|^2 = 0.938

 k =   0.0883883476  0.0883883476 -0.4419417382
==== e(   1) =    -6.14522 eV ==== 
     psi = 0.274*[#   1]+0.274*[#   5]+0.208*[#   2]+0.208*[#   6]+0.007*[#   4]
          +0.007*[#   8]+0.007*[#   3]+0.007*[#   7]
    |psi|^2 = 0.993
==== e(   2) =     5.04926 eV ==== 
     psi = 0.148*[#   2]+0.148*[#   6]+0.120*[#   1]+0.120*[#   5]+0.115*[#   4]
          +0.115*[#   8]+0.115*[#   3]+0.115*[#   7]
    |psi|^2 = 0.997
==== e(   3) =     7.46034 eV ==== 
     psi = 0.217*[#   2]+0.217*[#   6]+0.121*[#   3]+0.121*[#   7]+0.109*[#   4]
          +0.109*[#   8]+0.052*[#   1]+0.052*[#   5]
    |psi|^2 = 0.998
==== e(   4) =     7.71678 eV ==== 
     psi = 0.255*[#   4]+0.255*[#   8]+0.244*[#   3]+0.244*[#   7]
    |psi|^2 = 0.998
==== e(   5) =    19.18929 eV ==== 
     psi = 0.264*[#   2]+0.264*[#   6]+0.167*[#   1]+0.167*[#   5]+0.016*[#   4]
          +0.016*[#   8]+0.015*[#   3]+0.015*[#   7]
    |psi|^2 = 0.923
==== e(   6) =    23.38970 eV ==== 
     psi = 0.178*[#   1]+0.177*[#   5]+0.088*[#   2]+0.088*[#   6]+0.013*[#   3]
          +0.013*[#   7]+0.012*[#   4]+0.012*[#   8]
    |psi|^2 = 0.582
==== e(   7) =    27.28391 eV ==== 
     psi = 0.235*[#   3]+0.235*[#   7]+0.233*[#   4]+0.233*[#   8]
    |psi|^2 = 0.936
==== e(   8) =    27.42723 eV ==== 
     psi = 0.201*[#   4]+0.201*[#   8]+0.199*[#   3]+0.199*[#   7]+0.065*[#   1]
          +0.065*[#   5]+0.003*[#   2]+0.003*[#   6]
    |psi|^2 = 0.936

 k =   0.0000000000  0.1767766953 -0.5303300859
==== e(   1) =    -4.23088 eV ==== 
     psi = 0.256*[#   1]+0.256*[#   5]+0.220*[#   2]+0.220*[#   6]+0.016*[#   4]
          +0.016*[#   8]+0.005*[#   3]+0.005*[#   7]
    |psi|^2 = 0.994
==== e(   2) =     3.40059 eV ==== 
     psi = 0.205*[#   2]+0.205*[#   6]+0.174*[#   1]+0.174*[#   5]+0.092*[#   3]
          +0.092*[#   7]+0.028*[#   4]+0.028*[#   8]
    |psi|^2 = 0.998
==== e(   3) =     5.52101 eV ==== 
     psi = 0.267*[#   3]+0.267*[#   7]+0.177*[#   4]+0.177*[#   8]+0.032*[#   1]
          +0.032*[#   5]+0.024*[#   2]+0.024*[#   6]
    |psi|^2 = 0.997
==== e(   4) =     6.66073 eV ==== 
     psi = 0.230*[#   4]+0.230*[#   8]+0.136*[#   3]+0.136*[#   7]+0.128*[#   2]
          +0.128*[#   6]+0.005*[#   1]+0.005*[#   5]
    |psi|^2 = 0.998
==== e(   5) =    20.35675 eV ==== 
     psi = 0.234*[#   2]+0.234*[#   6]+0.151*[#   1]+0.151*[#   5]+0.045*[#   4]
          +0.045*[#   8]+0.010*[#   3]+0.010*[#   7]
    |psi|^2 = 0.880
==== e(   6) =    22.60273 eV ==== 
     psi = 0.152*[#   1]+0.151*[#   5]+0.103*[#   2]+0.103*[#   6]+0.050*[#   4]
          +0.050*[#   8]+0.002*[#   3]+0.002*[#   7]
    |psi|^2 = 0.614
==== e(   7) =    27.47615 eV ==== 
     psi = 0.233*[#   3]+0.233*[#   7]+0.125*[#   4]+0.125*[#   8]+0.090*[#   1]
          +0.090*[#   5]+0.007*[#   2]+0.007*[#   6]
    |psi|^2 = 0.910
==== e(   8) =    29.79322 eV ==== 
     psi = 0.248*[#   4]+0.248*[#   8]+0.205*[#   3]+0.205*[#   7]+0.028*[#   1]
          +0.028*[#   5]
    |psi|^2 = 0.962

 k =  -0.0883883476  0.2651650429 -0.6187184335
==== e(   1) =    -1.79432 eV ==== 
     psi = 0.266*[#   1]+0.266*[#   5]+0.185*[#   2]+0.185*[#   6]+0.034*[#   3]
          +0.034*[#   7]+0.013*[#   4]+0.013*[#   8]
    |psi|^2 = 0.997
==== e(   2) =     0.98858 eV ==== 
     psi = 0.172*[#   1]+0.172*[#   5]+0.139*[#   2]+0.139*[#   6]+0.129*[#   3]
          +0.129*[#   7]+0.058*[#   4]+0.058*[#   8]
    |psi|^2 = 0.997
==== e(   3) =     4.11465 eV ==== 
     psi = 0.181*[#   2]+0.181*[#   6]+0.144*[#   3]+0.144*[#   7]+0.134*[#   4]
          +0.134*[#   8]+0.039*[#   1]+0.039*[#   5]
    |psi|^2 = 0.997
==== e(   4) =     6.17076 eV ==== 
     psi = 0.223*[#   4]+0.223*[#   8]+0.215*[#   3]+0.215*[#   7]+0.055*[#   2]
          +0.055*[#   6]+0.006*[#   1]+0.006*[#   5]
    |psi|^2 = 0.998
==== e(   5) =    21.55961 eV ==== 
     psi = 0.188*[#   2]+0.188*[#   6]+0.111*[#   1]+0.111*[#   5]+0.079*[#   4]
          +0.079*[#   8]+0.005*[#   3]+0.005*[#   7]
    |psi|^2 = 0.767
==== e(   6) =    25.03985 eV ==== 
     psi = 0.117*[#   4]+0.117*[#   8]+0.116*[#   2]+0.116*[#   6]+0.070*[#   1]
          +0.070*[#   5]+0.014*[#   3]+0.014*[#   7]
    |psi|^2 = 0.633
==== e(   7) =    27.00617 eV ==== 
     psi = 0.203*[#   3]+0.203*[#   7]+0.166*[#   1]+0.166*[#   5]+0.052*[#   4]
          +0.052*[#   8]+0.041*[#   2]+0.041*[#   6]
    |psi|^2 = 0.923
==== e(   8) =    29.58916 eV ==== 
     psi = 0.195*[#   3]+0.195*[#   7]+0.151*[#   4]+0.151*[#   8]+0.107*[#   1]
          +0.107*[#   5]+0.004*[#   2]+0.004*[#   6]
    |psi|^2 = 0.913

 k =  -0.1767766953  0.3535533906 -0.7071067812
==== e(   1) =    -2.67103 eV ==== 
     psi = 0.270*[#   1]+0.270*[#   5]+0.152*[#   3]+0.152*[#   7]+0.045*[#   4]
          +0.045*[#   8]+0.031*[#   2]+0.031*[#   6]
    |psi|^2 = 0.997
==== e(   2) =     1.83088 eV ==== 
     psi = 0.208*[#   2]+0.208*[#   6]+0.173*[#   1]+0.173*[#   5]+0.076*[#   3]
          +0.076*[#   7]+0.042*[#   4]+0.042*[#   8]
    |psi|^2 = 0.998
==== e(   3) =     3.63612 eV ==== 
     psi = 0.251*[#   2]+0.251*[#   6]+0.138*[#   4]+0.138*[#   8]+0.073*[#   3]
          +0.073*[#   7]+0.035*[#   1]+0.035*[#   5]
    |psi|^2 = 0.996
==== e(   4) =     7.10866 eV ==== 
     psi = 0.245*[#   3]+0.245*[#   7]+0.209*[#   4]+0.209*[#   8]+0.035*[#   2]
          +0.035*[#   6]+0.010*[#   1]+0.010*[#   5]
    |psi|^2 = 0.998
==== e(   5) =    22.42062 eV ==== 
     psi = 0.190*[#   2]+0.190*[#   6]+0.114*[#   4]+0.114*[#   8]+0.060*[#   1]
          +0.059*[#   5]+0.008*[#   3]+0.008*[#   7]
    |psi|^2 = 0.743
==== e(   6) =    25.02475 eV ==== 
     psi = 0.235*[#   3]+0.235*[#   7]+0.125*[#   4]+0.125*[#   8]+0.052*[#   1]
          +0.052*[#   5]+0.005*[#   2]+0.005*[#   6]
    |psi|^2 = 0.833
==== e(   7) =    27.54206 eV ==== 
     psi = 0.226*[#   1]+0.226*[#   5]+0.112*[#   3]+0.112*[#   7]+0.041*[#   4]
          +0.041*[#   8]+0.021*[#   2]+0.021*[#   6]
    |psi|^2 = 0.800
==== e(   8) =    29.15501 eV ==== 
     psi = 0.202*[#   2]+0.202*[#   6]+0.135*[#   1]+0.135*[#   5]+0.117*[#   4]
          +0.117*[#   8]+0.008*[#   3]+0.008*[#   7]
    |psi|^2 = 0.923

 k =   0.4419417382 -0.2651650429 -0.0883883476
==== e(   1) =    -4.96650 eV ==== 
     psi = 0.277*[#   1]+0.277*[#   5]+0.161*[#   3]+0.161*[#   7]+0.048*[#   4]
          +0.048*[#   8]+0.012*[#   2]+0.012*[#   6]
    |psi|^2 = 0.994
==== e(   2) =     2.54988 eV ==== 
     psi = 0.184*[#   2]+0.184*[#   6]+0.127*[#   1]+0.127*[#   5]+0.105*[#   4]
          +0.105*[#   8]+0.082*[#   3]+0.082*[#   7]
    |psi|^2 = 0.995
==== e(   3) =     6.26943 eV ==== 
     psi = 0.256*[#   2]+0.256*[#   6]+0.090*[#   3]+0.090*[#   7]+0.090*[#   4]
          +0.090*[#   8]+0.063*[#   1]+0.063*[#   5]
    |psi|^2 = 0.997
==== e(   4) =     8.58426 eV ==== 
     psi = 0.223*[#   3]+0.223*[#   7]+0.222*[#   4]+0.222*[#   8]+0.042*[#   2]
          +0.042*[#   6]+0.011*[#   1]+0.011*[#   5]
    |psi|^2 = 0.997
==== e(   5) =    22.06657 eV ==== 
     psi = 0.248*[#   3]+0.248*[#   7]+0.076*[#   4]+0.076*[#   8]+0.070*[#   1]
          +0.070*[#   5]+0.034*[#   2]+0.034*[#   6]
    |psi|^2 = 0.855
==== e(   6) =    23.81676 eV ==== 
     psi = 0.202*[#   2]+0.202*[#   6]+0.126*[#   4]+0.126*[#   8]+0.063*[#   1]
          +0.063*[#   5]+0.019*[#   3]+0.019*[#   7]
    |psi|^2 = 0.820
==== e(   7) =    26.88722 eV ==== 
     psi = 0.229*[#   1]+0.229*[#   5]+0.088*[#   3]+0.088*[#   7]+0.079*[#   4]
          +0.079*[#   8]+0.022*[#   2]+0.022*[#   6]
    |psi|^2 = 0.835
==== e(   8) =    27.71814 eV ==== 
     psi = 0.165*[#   2]+0.165*[#   6]+0.160*[#   4]+0.160*[#   8]+0.069*[#   1]
          +0.069*[#   5]+0.010*[#   3]+0.010*[#   7]
    |psi|^2 = 0.808

 k =   0.3535533906 -0.1767766953 -0.1767766953
==== e(   1) =    -6.59073 eV ==== 
     psi = 0.294*[#   1]+0.294*[#   5]+0.140*[#   3]+0.140*[#   7]+0.031*[#   2]
          +0.031*[#   4]+0.031*[#   6]+0.031*[#   8]
    |psi|^2 = 0.993
==== e(   2) =     3.40409 eV ==== 
     psi = 0.142*[#   2]+0.142*[#   4]+0.142*[#   6]+0.142*[#   8]+0.126*[#   1]
          +0.126*[#   5]+0.086*[#   3]+0.086*[#   7]
    |psi|^2 = 0.994
==== e(   3) =     9.08083 eV ==== 
     psi = 0.249*[#   2]+0.249*[#   4]+0.249*[#   6]+0.249*[#   8]
    |psi|^2 = 0.998
==== e(   4) =     9.54787 eV ==== 
     psi = 0.325*[#   3]+0.325*[#   7]+0.067*[#   2]+0.067*[#   4]+0.067*[#   6]
          +0.067*[#   8]+0.040*[#   1]+0.040*[#   5]
    |psi|^2 = 0.997
==== e(   5) =    21.08990 eV ==== 
     psi = 0.300*[#   3]+0.300*[#   7]+0.081*[#   1]+0.081*[#   5]+0.036*[#   2]
          +0.036*[#   4]+0.036*[#   6]+0.036*[#   8]
    |psi|^2 = 0.906
==== e(   6) =    24.30934 eV ==== 
     psi = 0.229*[#   2]+0.229*[#   4]+0.229*[#   6]+0.229*[#   8]
    |psi|^2 = 0.915
==== e(   7) =    24.48946 eV ==== 
     psi = 0.193*[#   1]+0.193*[#   5]+0.134*[#   2]+0.134*[#   4]+0.134*[#   6]
          +0.134*[#   8]
    |psi|^2 = 0.921
==== e(   8) =    27.79079 eV ==== 
     psi = 0.161*[#   1]+0.161*[#   5]+0.082*[#   3]+0.082*[#   7]+0.037*[#   2]
          +0.037*[#   4]+0.037*[#   6]+0.037*[#   8]
    |psi|^2 = 0.635

 k =   0.2651650429 -0.0883883476 -0.2651650429
==== e(   1) =    -7.32183 eV ==== 
     psi = 0.303*[#   1]+0.303*[#   5]+0.091*[#   2]+0.091*[#   3]+0.091*[#   6]
          +0.091*[#   7]+0.011*[#   4]+0.011*[#   8]
    |psi|^2 = 0.993
==== e(   2) =     4.82258 eV ==== 
     psi = 0.173*[#   4]+0.173*[#   8]+0.114*[#   1]+0.114*[#   5]+0.105*[#   2]
          +0.105*[#   3]+0.105*[#   6]+0.105*[#   7]
    |psi|^2 = 0.994
==== e(   3) =     8.26364 eV ==== 
     psi = 0.280*[#   4]+0.280*[#   8]+0.087*[#   2]+0.087*[#   3]+0.087*[#   6]
          +0.087*[#   7]+0.044*[#   1]+0.044*[#   5]
    |psi|^2 = 0.996
==== e(   4) =    10.90024 eV ==== 
     psi = 0.249*[#   2]+0.249*[#   3]+0.249*[#   6]+0.249*[#   7]
    |psi|^2 = 0.997
==== e(   5) =    22.24739 eV ==== 
     psi = 0.238*[#   2]+0.238*[#   3]+0.238*[#   6]+0.238*[#   7]
    |psi|^2 = 0.951
==== e(   6) =    22.88136 eV ==== 
     psi = 0.306*[#   4]+0.306*[#   8]+0.059*[#   1]+0.059*[#   5]+0.043*[#   2]
          +0.043*[#   3]+0.043*[#   6]+0.043*[#   7]
    |psi|^2 = 0.903
==== e(   7) =    23.90904 eV ==== 
     psi = 0.170*[#   1]+0.170*[#   5]+0.141*[#   4]+0.141*[#   8]+0.075*[#   2]
          +0.075*[#   3]+0.075*[#   6]+0.075*[#   7]
    |psi|^2 = 0.922
==== e(   8) =    28.73227 eV ==== 
     psi = 0.235*[#   1]+0.235*[#   5]+0.061*[#   2]+0.061*[#   3]+0.061*[#   6]
          +0.061*[#   7]+0.030*[#   4]+0.030*[#   8]
    |psi|^2 = 0.774

 k =   0.1767766953  0.0000000000 -0.3535533906
==== e(   1) =    -7.17123 eV ==== 
     psi = 0.294*[#   1]+0.294*[#   5]+0.164*[#   2]+0.164*[#   6]+0.037*[#   3]
          +0.037*[#   7]+0.002*[#   4]+0.002*[#   8]
    |psi|^2 = 0.993
==== e(   2) =     6.11449 eV ==== 
     psi = 0.149*[#   4]+0.149*[#   8]+0.133*[#   2]+0.133*[#   6]+0.115*[#   3]
          +0.115*[#   7]+0.101*[#   1]+0.101*[#   5]
    |psi|^2 = 0.997
==== e(   3) =     7.08156 eV ==== 
     psi = 0.290*[#   4]+0.290*[#   8]+0.129*[#   3]+0.129*[#   7]+0.049*[#   1]
          +0.049*[#   5]+0.031*[#   2]+0.031*[#   6]
    |psi|^2 = 0.996
==== e(   4) =     9.84752 eV ==== 
     psi = 0.244*[#   2]+0.244*[#   6]+0.201*[#   3]+0.201*[#   7]+0.035*[#   4]
          +0.035*[#   8]+0.019*[#   1]+0.019*[#   5]
    |psi|^2 = 0.997
==== e(   5) =    20.65581 eV ==== 
     psi = 0.293*[#   2]+0.293*[#   6]+0.103*[#   1]+0.103*[#   5]+0.057*[#   3]
          +0.057*[#   7]+0.021*[#   4]+0.021*[#   8]
    |psi|^2 = 0.947
==== e(   6) =    24.27502 eV ==== 
     psi = 0.266*[#   4]+0.266*[#   8]+0.136*[#   3]+0.136*[#   7]+0.018*[#   1]
          +0.018*[#   5]+0.009*[#   2]+0.009*[#   6]
    |psi|^2 = 0.857
==== e(   7) =    25.93852 eV ==== 
     psi = 0.262*[#   3]+0.262*[#   7]+0.168*[#   4]+0.168*[#   8]+0.039*[#   1]
          +0.039*[#   5]
    |psi|^2 = 0.938
==== e(   8) =    26.07809 eV ==== 
     psi = 0.246*[#   1]+0.246*[#   5]+0.062*[#   2]+0.062*[#   6]+0.017*[#   4]
          +0.017*[#   8]+0.008*[#   3]+0.008*[#   7]
    |psi|^2 = 0.665

 k =   0.1767766953  0.1767766953 -0.3535533906
==== e(   1) =    -6.59019 eV ==== 
     psi = 0.293*[#   1]+0.293*[#   5]+0.140*[#   2]+0.140*[#   6]+0.032*[#   4]
          +0.032*[#   8]+0.032*[#   3]+0.032*[#   7]
    |psi|^2 = 0.993
==== e(   2) =     3.38632 eV ==== 
     psi = 0.143*[#   4]+0.143*[#   8]+0.142*[#   3]+0.142*[#   7]+0.126*[#   1]
          +0.126*[#   5]+0.086*[#   2]+0.086*[#   6]
    |psi|^2 = 0.994
==== e(   3) =     9.09850 eV ==== 
     psi = 0.258*[#   3]+0.258*[#   7]+0.240*[#   4]+0.240*[#   8]
    |psi|^2 = 0.998
==== e(   4) =     9.55049 eV ==== 
     psi = 0.325*[#   2]+0.325*[#   6]+0.075*[#   4]+0.075*[#   8]+0.058*[#   3]
          +0.058*[#   7]+0.040*[#   1]+0.040*[#   5]
    |psi|^2 = 0.997
==== e(   5) =    21.10155 eV ==== 
     psi = 0.300*[#   2]+0.300*[#   6]+0.081*[#   1]+0.081*[#   5]+0.038*[#   4]
          +0.038*[#   8]+0.034*[#   3]+0.034*[#   7]
    |psi|^2 = 0.906
==== e(   6) =    24.30375 eV ==== 
     psi = 0.233*[#   3]+0.233*[#   7]+0.224*[#   4]+0.224*[#   8]
    |psi|^2 = 0.915
==== e(   7) =    24.50232 eV ==== 
     psi = 0.192*[#   1]+0.192*[#   5]+0.136*[#   4]+0.136*[#   8]+0.131*[#   3]
          +0.131*[#   7]
    |psi|^2 = 0.920
==== e(   8) =    27.79217 eV ==== 
     psi = 0.160*[#   1]+0.160*[#   5]+0.081*[#   2]+0.081*[#   6]+0.037*[#   3]
          +0.037*[#   4]+0.037*[#   7]+0.037*[#   8]
    |psi|^2 = 0.632

 k =   0.0883883476  0.2651650429 -0.4419417382
==== e(   1) =    -4.96489 eV ==== 
     psi = 0.276*[#   1]+0.276*[#   5]+0.161*[#   2]+0.161*[#   6]+0.048*[#   4]
          +0.048*[#   8]+0.012*[#   3]+0.012*[#   7]
    |psi|^2 = 0.994
==== e(   2) =     2.53009 eV ==== 
     psi = 0.184*[#   3]+0.184*[#   7]+0.127*[#   1]+0.127*[#   5]+0.105*[#   4]
          +0.105*[#   8]+0.082*[#   2]+0.082*[#   6]
    |psi|^2 = 0.995
==== e(   3) =     6.26613 eV ==== 
     psi = 0.255*[#   3]+0.255*[#   7]+0.092*[#   2]+0.092*[#   6]+0.089*[#   4]
          +0.089*[#   8]+0.063*[#   1]+0.063*[#   5]
    |psi|^2 = 0.997
==== e(   4) =     8.61156 eV ==== 
     psi = 0.223*[#   4]+0.223*[#   8]+0.222*[#   2]+0.222*[#   6]+0.043*[#   3]
          +0.043*[#   7]+0.011*[#   1]+0.011*[#   5]
    |psi|^2 = 0.997
==== e(   5) =    22.08042 eV ==== 
     psi = 0.250*[#   2]+0.250*[#   6]+0.076*[#   4]+0.076*[#   8]+0.070*[#   1]
          +0.070*[#   5]+0.031*[#   3]+0.031*[#   7]
    |psi|^2 = 0.856
==== e(   6) =    23.81207 eV ==== 
     psi = 0.205*[#   3]+0.205*[#   7]+0.127*[#   4]+0.127*[#   8]+0.060*[#   1]
          +0.060*[#   5]+0.017*[#   2]+0.017*[#   6]
    |psi|^2 = 0.817
==== e(   7) =    26.88005 eV ==== 
     psi = 0.230*[#   1]+0.230*[#   5]+0.087*[#   2]+0.087*[#   6]+0.077*[#   4]
          +0.077*[#   8]+0.022*[#   3]+0.022*[#   7]
    |psi|^2 = 0.833
==== e(   8) =    27.72870 eV ==== 
     psi = 0.164*[#   3]+0.164*[#   7]+0.160*[#   4]+0.160*[#   8]+0.069*[#   1]
          +0.069*[#   5]+0.010*[#   2]+0.010*[#   6]
    |psi|^2 = 0.807

 k =   0.0000000000  0.3535533906 -0.5303300859
==== e(   1) =    -2.66699 eV ==== 
     psi = 0.269*[#   1]+0.269*[#   5]+0.153*[#   2]+0.153*[#   6]+0.046*[#   4]
          +0.046*[#   8]+0.031*[#   3]+0.031*[#   7]
    |psi|^2 = 0.997
==== e(   2) =     1.81323 eV ==== 
     psi = 0.207*[#   3]+0.207*[#   7]+0.174*[#   1]+0.174*[#   5]+0.076*[#   2]
          +0.076*[#   6]+0.043*[#   4]+0.043*[#   8]
    |psi|^2 = 0.998
==== e(   3) =     3.63271 eV ==== 
     psi = 0.253*[#   3]+0.253*[#   7]+0.138*[#   4]+0.138*[#   8]+0.073*[#   2]
          +0.073*[#   6]+0.035*[#   1]+0.035*[#   5]
    |psi|^2 = 0.996
==== e(   4) =     7.12928 eV ==== 
     psi = 0.245*[#   2]+0.245*[#   6]+0.209*[#   4]+0.209*[#   8]+0.035*[#   3]
          +0.035*[#   7]+0.010*[#   1]+0.010*[#   5]
    |psi|^2 = 0.998
==== e(   5) =    22.44065 eV ==== 
     psi = 0.191*[#   3]+0.191*[#   7]+0.113*[#   4]+0.113*[#   8]+0.059*[#   1]
          +0.059*[#   5]+0.008*[#   2]+0.008*[#   6]
    |psi|^2 = 0.742
==== e(   6) =    25.00457 eV ==== 
     psi = 0.235*[#   2]+0.235*[#   6]+0.127*[#   4]+0.127*[#   8]+0.051*[#   1]
          +0.051*[#   5]+0.004*[#   3]+0.004*[#   7]
    |psi|^2 = 0.833
==== e(   7) =    27.53533 eV ==== 
     psi = 0.226*[#   1]+0.226*[#   5]+0.112*[#   2]+0.112*[#   6]+0.041*[#   4]
          +0.041*[#   8]+0.021*[#   3]+0.021*[#   7]
    |psi|^2 = 0.799
==== e(   8) =    29.16957 eV ==== 
     psi = 0.201*[#   3]+0.201*[#   7]+0.137*[#   1]+0.137*[#   5]+0.114*[#   4]
          +0.114*[#   8]+0.009*[#   2]+0.009*[#   6]
    |psi|^2 = 0.923

 k =  -0.0883883476  0.4419417382 -0.6187184335
==== e(   1) =    -1.79602 eV ==== 
     psi = 0.267*[#   1]+0.267*[#   5]+0.185*[#   3]+0.185*[#   7]+0.034*[#   2]
          +0.034*[#   6]+0.013*[#   4]+0.013*[#   8]
    |psi|^2 = 0.997
==== e(   2) =     0.99643 eV ==== 
     psi = 0.172*[#   1]+0.172*[#   5]+0.138*[#   3]+0.138*[#   7]+0.130*[#   2]
          +0.130*[#   6]+0.059*[#   4]+0.059*[#   8]
    |psi|^2 = 0.997
==== e(   3) =     4.09849 eV ==== 
     psi = 0.183*[#   3]+0.183*[#   7]+0.142*[#   2]+0.142*[#   6]+0.134*[#   4]
          +0.134*[#   8]+0.039*[#   1]+0.039*[#   5]
    |psi|^2 = 0.997
==== e(   4) =     6.18098 eV ==== 
     psi = 0.223*[#   4]+0.223*[#   8]+0.217*[#   2]+0.217*[#   6]+0.054*[#   3]
          +0.054*[#   7]+0.006*[#   1]+0.006*[#   5]
    |psi|^2 = 0.998
==== e(   5) =    21.57799 eV ==== 
     psi = 0.188*[#   3]+0.188*[#   7]+0.111*[#   1]+0.111*[#   5]+0.079*[#   4]
          +0.079*[#   8]+0.005*[#   2]+0.005*[#   6]
    |psi|^2 = 0.765
==== e(   6) =    25.01000 eV ==== 
     psi = 0.118*[#   4]+0.118*[#   8]+0.115*[#   3]+0.115*[#   7]+0.069*[#   1]
          +0.069*[#   5]+0.015*[#   2]+0.015*[#   6]
    |psi|^2 = 0.635
==== e(   7) =    27.01237 eV ==== 
     psi = 0.201*[#   2]+0.201*[#   6]+0.168*[#   1]+0.168*[#   5]+0.051*[#   4]
          +0.051*[#   8]+0.042*[#   3]+0.042*[#   7]
    |psi|^2 = 0.925
==== e(   8) =    29.57270 eV ==== 
     psi = 0.194*[#   2]+0.194*[#   6]+0.152*[#   4]+0.152*[#   8]+0.106*[#   1]
          +0.106*[#   5]+0.003*[#   3]+0.003*[#   7]
    |psi|^2 = 0.911

 k =   0.5303300859 -0.1767766953  0.0000000000
==== e(   1) =    -4.23201 eV ==== 
     psi = 0.256*[#   1]+0.256*[#   5]+0.220*[#   3]+0.220*[#   7]+0.016*[#   4]
          +0.016*[#   8]+0.005*[#   2]+0.005*[#   6]
    |psi|^2 = 0.994
==== e(   2) =     3.41893 eV ==== 
     psi = 0.206*[#   3]+0.206*[#   7]+0.174*[#   1]+0.174*[#   5]+0.091*[#   2]
          +0.091*[#   6]+0.027*[#   4]+0.027*[#   8]
    |psi|^2 = 0.998
==== e(   3) =     5.52057 eV ==== 
     psi = 0.266*[#   2]+0.266*[#   6]+0.177*[#   4]+0.177*[#   8]+0.032*[#   1]
          +0.032*[#   5]+0.024*[#   3]+0.024*[#   7]
    |psi|^2 = 0.997
==== e(   4) =     6.64099 eV ==== 
     psi = 0.231*[#   4]+0.231*[#   8]+0.137*[#   2]+0.137*[#   6]+0.126*[#   3]
          +0.126*[#   7]+0.005*[#   1]+0.005*[#   5]
    |psi|^2 = 0.998
==== e(   5) =    20.36571 eV ==== 
     psi = 0.233*[#   3]+0.233*[#   7]+0.152*[#   1]+0.152*[#   5]+0.044*[#   4]
          +0.044*[#   8]+0.011*[#   2]+0.011*[#   6]
    |psi|^2 = 0.880
==== e(   6) =    22.59148 eV ==== 
     psi = 0.150*[#   1]+0.150*[#   5]+0.103*[#   3]+0.103*[#   7]+0.052*[#   4]
          +0.052*[#   8]+0.002*[#   2]+0.002*[#   6]
    |psi|^2 = 0.614
==== e(   7) =    27.47719 eV ==== 
     psi = 0.232*[#   2]+0.232*[#   6]+0.124*[#   4]+0.124*[#   8]+0.092*[#   1]
          +0.092*[#   5]+0.008*[#   3]+0.008*[#   7]
    |psi|^2 = 0.912
==== e(   8) =    29.78282 eV ==== 
     psi = 0.249*[#   4]+0.249*[#   8]+0.205*[#   2]+0.205*[#   6]+0.027*[#   1]
          +0.027*[#   5]
    |psi|^2 = 0.963

 k =   0.4419417382 -0.0883883476 -0.0883883476
==== e(   1) =    -6.14551 eV ==== 
     psi = 0.274*[#   1]+0.274*[#   5]+0.208*[#   3]+0.208*[#   7]+0.007*[#   2]
          +0.007*[#   4]+0.007*[#   6]+0.007*[#   8]
    |psi|^2 = 0.993
==== e(   2) =     5.06896 eV ==== 
     psi = 0.149*[#   3]+0.149*[#   7]+0.120*[#   1]+0.120*[#   5]+0.114*[#   2]
          +0.114*[#   4]+0.114*[#   6]+0.114*[#   8]
    |psi|^2 = 0.997
==== e(   3) =     7.45580 eV ==== 
     psi = 0.216*[#   3]+0.216*[#   7]+0.115*[#   2]+0.115*[#   4]+0.115*[#   6]
          +0.115*[#   8]+0.052*[#   1]+0.052*[#   5]
    |psi|^2 = 0.998
==== e(   4) =     7.69940 eV ==== 
     psi = 0.250*[#   2]+0.250*[#   4]+0.250*[#   6]+0.250*[#   8]
    |psi|^2 = 0.998
==== e(   5) =    19.18639 eV ==== 
     psi = 0.263*[#   3]+0.263*[#   7]+0.168*[#   1]+0.168*[#   5]+0.015*[#   2]
          +0.015*[#   4]+0.015*[#   6]+0.015*[#   8]
    |psi|^2 = 0.923
==== e(   6) =    23.39143 eV ==== 
     psi = 0.176*[#   1]+0.176*[#   5]+0.089*[#   3]+0.089*[#   7]+0.013*[#   2]
          +0.013*[#   4]+0.013*[#   6]+0.013*[#   8]
    |psi|^2 = 0.582
==== e(   7) =    27.29390 eV ==== 
     psi = 0.234*[#   2]+0.234*[#   4]+0.234*[#   6]+0.234*[#   8]
    |psi|^2 = 0.935
==== e(   8) =    27.41428 eV ==== 
     psi = 0.200*[#   2]+0.200*[#   4]+0.200*[#   6]+0.200*[#   8]+0.066*[#   1]
          +0.066*[#   5]+0.003*[#   3]+0.003*[#   7]
    |psi|^2 = 0.938

 k =   0.3535533906  0.0000000000 -0.1767766953
==== e(   1) =    -7.17123 eV ==== 
     psi = 0.294*[#   1]+0.294*[#   5]+0.164*[#   3]+0.164*[#   7]+0.037*[#   2]
          +0.037*[#   6]+0.002*[#   4]+0.002*[#   8]
    |psi|^2 = 0.993
==== e(   2) =     6.11449 eV ==== 
     psi = 0.149*[#   4]+0.149*[#   8]+0.133*[#   3]+0.133*[#   7]+0.115*[#   2]
          +0.115*[#   6]+0.101*[#   1]+0.101*[#   5]
    |psi|^2 = 0.997
==== e(   3) =     7.08156 eV ==== 
     psi = 0.290*[#   4]+0.290*[#   8]+0.129*[#   2]+0.129*[#   6]+0.049*[#   1]
          +0.049*[#   5]+0.031*[#   3]+0.031*[#   7]
    |psi|^2 = 0.996
==== e(   4) =     9.84752 eV ==== 
     psi = 0.244*[#   3]+0.244*[#   7]+0.201*[#   2]+0.201*[#   6]+0.035*[#   4]
          +0.035*[#   8]+0.019*[#   1]+0.019*[#   5]
    |psi|^2 = 0.997
==== e(   5) =    20.65581 eV ==== 
     psi = 0.293*[#   3]+0.293*[#   7]+0.103*[#   1]+0.103*[#   5]+0.057*[#   2]
          +0.057*[#   6]+0.021*[#   4]+0.021*[#   8]
    |psi|^2 = 0.947
==== e(   6) =    24.27502 eV ==== 
     psi = 0.266*[#   4]+0.266*[#   8]+0.136*[#   2]+0.136*[#   6]+0.018*[#   1]
          +0.018*[#   5]+0.009*[#   3]+0.009*[#   7]
    |psi|^2 = 0.857
==== e(   7) =    25.93852 eV ==== 
     psi = 0.262*[#   2]+0.262*[#   6]+0.168*[#   4]+0.168*[#   8]+0.039*[#   1]
          +0.039*[#   5]
    |psi|^2 = 0.938
==== e(   8) =    26.07809 eV ==== 
     psi = 0.246*[#   1]+0.246*[#   5]+0.062*[#   3]+0.062*[#   7]+0.017*[#   4]
          +0.017*[#   8]+0.008*[#   2]+0.008*[#   6]
    |psi|^2 = 0.665

 k =   0.2651650429  0.0883883476 -0.2651650429
==== e(   1) =    -7.32169 eV ==== 
     psi = 0.302*[#   1]+0.302*[#   5]+0.091*[#   2]+0.091*[#   3]+0.091*[#   6]
          +0.091*[#   7]+0.011*[#   4]+0.011*[#   8]
    |psi|^2 = 0.993
==== e(   2) =     4.80457 eV ==== 
     psi = 0.174*[#   4]+0.174*[#   8]+0.114*[#   1]+0.114*[#   5]+0.104*[#   2]
          +0.104*[#   3]+0.104*[#   6]+0.104*[#   7]
    |psi|^2 = 0.994
==== e(   3) =     8.28819 eV ==== 
     psi = 0.280*[#   4]+0.280*[#   8]+0.087*[#   2]+0.087*[#   3]+0.087*[#   6]
          +0.087*[#   7]+0.044*[#   1]+0.044*[#   5]
    |psi|^2 = 0.996
==== e(   4) =    10.89287 eV ==== 
     psi = 0.249*[#   2]+0.249*[#   3]+0.249*[#   6]+0.249*[#   7]
    |psi|^2 = 0.997
==== e(   5) =    22.27099 eV ==== 
     psi = 0.238*[#   2]+0.238*[#   3]+0.238*[#   6]+0.238*[#   7]
    |psi|^2 = 0.950
==== e(   6) =    22.87911 eV ==== 
     psi = 0.306*[#   4]+0.306*[#   8]+0.057*[#   1]+0.057*[#   5]+0.044*[#   2]
          +0.044*[#   3]+0.044*[#   6]+0.044*[#   7]
    |psi|^2 = 0.903
==== e(   7) =    23.90121 eV ==== 
     psi = 0.171*[#   1]+0.172*[#   5]+0.141*[#   4]+0.141*[#   8]+0.075*[#   2]
          +0.075*[#   3]+0.075*[#   6]+0.075*[#   7]
    |psi|^2 = 0.923
==== e(   8) =    28.74276 eV ==== 
     psi = 0.235*[#   1]+0.235*[#   5]+0.061*[#   2]+0.061*[#   3]+0.061*[#   6]
          +0.061*[#   7]+0.029*[#   4]+0.029*[#   8]
    |psi|^2 = 0.773

 k =   0.1767766953  0.1767766953 -0.1767766953
==== e(   1) =    -8.35505 eV ==== 
     psi = 0.331*[#   1]+0.331*[#   5]+0.055*[#   4]+0.055*[#   8]+0.055*[#   2]
          +0.055*[#   3]+0.055*[#   6]+0.055*[#   7]
    |psi|^2 = 0.993
==== e(   2) =     6.04087 eV ==== 
     psi = 0.129*[#   4]+0.129*[#   8]+0.128*[#   2]+0.128*[#   3]+0.128*[#   6]
          +0.128*[#   7]+0.112*[#   1]+0.112*[#   5]
    |psi|^2 = 0.992
==== e(   3) =    10.95909 eV ==== 
     psi = 0.249*[#   2]+0.249*[#   3]+0.249*[#   6]+0.249*[#   7]
    |psi|^2 = 0.996
==== e(   4) =    11.00874 eV ==== 
     psi = 0.331*[#   4]+0.331*[#   8]+0.083*[#   2]+0.083*[#   3]+0.083*[#   6]
          +0.083*[#   7]
    |psi|^2 = 0.996
==== e(   5) =    21.86852 eV ==== 
     psi = 0.310*[#   4]+0.310*[#   8]+0.083*[#   2]+0.083*[#   3]+0.083*[#   6]
          +0.083*[#   7]
    |psi|^2 = 0.951
==== e(   6) =    21.93226 eV ==== 
     psi = 0.237*[#   2]+0.237*[#   3]+0.237*[#   6]+0.237*[#   7]
    |psi|^2 = 0.950
==== e(   7) =    22.50369 eV ==== 
     psi = 0.225*[#   1]+0.225*[#   5]+0.091*[#   4]+0.091*[#   8]+0.081*[#   2]
          +0.081*[#   3]+0.081*[#   6]+0.081*[#   7]
    |psi|^2 = 0.953
==== e(   8) =    29.40198 eV ==== 
     psi = 0.268*[#   1]+0.268*[#   5]+0.053*[#   2]+0.053*[#   3]+0.053*[#   4]
          +0.053*[#   6]+0.053*[#   7]+0.053*[#   8]
    |psi|^2 = 0.852

 k =   0.0883883476  0.2651650429 -0.2651650429
==== e(   1) =    -7.32158 eV ==== 
     psi = 0.302*[#   1]+0.302*[#   5]+0.092*[#   2]+0.092*[#   4]+0.092*[#   6]
          +0.092*[#   8]+0.011*[#   3]+0.011*[#   7]
    |psi|^2 = 0.993
==== e(   2) =     4.80104 eV ==== 
     psi = 0.173*[#   3]+0.173*[#   7]+0.115*[#   1]+0.115*[#   5]+0.105*[#   4]
          +0.105*[#   8]+0.104*[#   2]+0.104*[#   6]
    |psi|^2 = 0.994
==== e(   3) =     8.26547 eV ==== 
     psi = 0.281*[#   3]+0.281*[#   7]+0.088*[#   2]+0.088*[#   6]+0.085*[#   4]
          +0.085*[#   8]+0.044*[#   1]+0.044*[#   5]
    |psi|^2 = 0.996
==== e(   4) =    10.92955 eV ==== 
     psi = 0.250*[#   4]+0.250*[#   8]+0.248*[#   2]+0.248*[#   6]
    |psi|^2 = 0.997
==== e(   5) =    22.22005 eV ==== 
     psi = 0.242*[#   4]+0.242*[#   8]+0.233*[#   2]+0.233*[#   6]
    |psi|^2 = 0.951
==== e(   6) =    22.89416 eV ==== 
     psi = 0.305*[#   3]+0.305*[#   7]+0.060*[#   1]+0.060*[#   5]+0.048*[#   2]
          +0.048*[#   6]+0.039*[#   4]+0.039*[#   8]
    |psi|^2 = 0.904
==== e(   7) =    23.93665 eV ==== 
     psi = 0.169*[#   1]+0.169*[#   5]+0.140*[#   3]+0.140*[#   7]+0.076*[#   4]
          +0.076*[#   8]+0.075*[#   2]+0.075*[#   6]
    |psi|^2 = 0.921
==== e(   8) =    28.74021 eV ==== 
     psi = 0.234*[#   1]+0.234*[#   5]+0.061*[#   2]+0.061*[#   4]+0.061*[#   6]
          +0.061*[#   8]+0.030*[#   3]+0.030*[#   7]
    |psi|^2 = 0.772

 k =   0.0000000000  0.3535533906 -0.3535533906
==== e(   1) =    -5.38990 eV ==== 
     psi = 0.279*[#   1]+0.279*[#   5]+0.105*[#   2]+0.105*[#   4]+0.105*[#   6]
          +0.105*[#   8]+0.008*[#   3]+0.008*[#   7]
    |psi|^2 = 0.994
==== e(   2) =     3.70665 eV ==== 
     psi = 0.193*[#   3]+0.193*[#   7]+0.132*[#   1]+0.132*[#   5]+0.087*[#   2]
          +0.087*[#   4]+0.087*[#   6]+0.087*[#   8]
    |psi|^2 = 0.998
==== e(   3) =     4.93097 eV ==== 
     psi = 0.275*[#   3]+0.275*[#   7]+0.078*[#   2]+0.078*[#   4]+0.078*[#   6]
          +0.078*[#   8]+0.066*[#   1]+0.066*[#   5]
    |psi|^2 = 0.995
==== e(   4) =     9.69700 eV ==== 
     psi = 0.249*[#   2]+0.249*[#   4]+0.249*[#   6]+0.249*[#   8]
    |psi|^2 = 0.998
==== e(   5) =    22.07378 eV ==== 
     psi = 0.251*[#   3]+0.251*[#   7]+0.075*[#   1]+0.075*[#   5]+0.043*[#   2]
          +0.043*[#   4]+0.043*[#   6]+0.043*[#   8]
    |psi|^2 = 0.823
==== e(   6) =    24.22599 eV ==== 
     psi = 0.239*[#   2]+0.239*[#   4]+0.239*[#   6]+0.239*[#   8]
    |psi|^2 = 0.956
==== e(   7) =    26.76715 eV ==== 
     psi = 0.176*[#   3]+0.176*[#   7]+0.125*[#   1]+0.125*[#   5]+0.061*[#   2]
          +0.061*[#   4]+0.061*[#   6]+0.061*[#   8]
    |psi|^2 = 0.848
==== e(   8) =    28.52697 eV ==== 
     psi = 0.265*[#   1]+0.265*[#   5]+0.068*[#   2]+0.068*[#   4]+0.068*[#   6]
          +0.068*[#   8]+0.007*[#   3]+0.007*[#   7]
    |psi|^2 = 0.818

 k =  -0.0883883476  0.4419417382 -0.4419417382
==== e(   1) =    -2.91467 eV ==== 
     psi = 0.294*[#   1]+0.294*[#   5]+0.082*[#   2]+0.082*[#   6]+0.082*[#   4]
          +0.082*[#   8]+0.041*[#   3]+0.041*[#   7]
    |psi|^2 = 0.997
==== e(   2) =     0.62961 eV ==== 
     psi = 0.204*[#   3]+0.204*[#   7]+0.116*[#   1]+0.116*[#   5]+0.089*[#   2]
          +0.089*[#   6]+0.088*[#   4]+0.088*[#   8]
    |psi|^2 = 0.994
==== e(   3) =     4.76150 eV ==== 
     psi = 0.271*[#   3]+0.271*[#   7]+0.081*[#   4]+0.081*[#   8]+0.080*[#   2]
          +0.080*[#   6]+0.068*[#   1]+0.068*[#   5]
    |psi|^2 = 0.998
==== e(   4) =     8.41725 eV ==== 
     psi = 0.250*[#   2]+0.250*[#   6]+0.249*[#   4]+0.249*[#   8]
    |psi|^2 = 0.998
==== e(   5) =    20.90877 eV ==== 
     psi = 0.227*[#   3]+0.227*[#   7]+0.103*[#   1]+0.103*[#   5]+0.035*[#   2]
          +0.035*[#   6]+0.034*[#   4]+0.034*[#   8]
    |psi|^2 = 0.797
==== e(   6) =    26.08883 eV ==== 
     psi = 0.232*[#   4]+0.232*[#   8]+0.232*[#   2]+0.232*[#   6]
    |psi|^2 = 0.929
==== e(   7) =    27.86328 eV ==== 
     psi = 0.213*[#   1]+0.213*[#   5]+0.076*[#   2]+0.076*[#   6]+0.076*[#   4]
          +0.076*[#   8]+0.066*[#   3]+0.066*[#   7]
    |psi|^2 = 0.865
==== e(   8) =    29.30771 eV ==== 
     psi = 0.134*[#   1]+0.134*[#   5]+0.131*[#   3]+0.131*[#   7]+0.054*[#   4]
          +0.054*[#   8]+0.053*[#   2]+0.053*[#   6]
    |psi|^2 = 0.744

 k =   0.5303300859 -0.1767766953  0.1767766953
==== e(   1) =    -3.68726 eV ==== 
     psi = 0.271*[#   1]+0.271*[#   5]+0.193*[#   3]+0.193*[#   7]+0.017*[#   2]
          +0.017*[#   6]+0.017*[#   4]+0.017*[#   8]
    |psi|^2 = 0.995
==== e(   2) =     1.46758 eV ==== 
     psi = 0.136*[#   2]+0.136*[#   6]+0.136*[#   4]+0.136*[#   8]+0.135*[#   1]
          +0.135*[#   5]+0.091*[#   3]+0.091*[#   7]
    |psi|^2 = 0.995
==== e(   3) =     5.86231 eV ==== 
     psi = 0.269*[#   3]+0.269*[#   7]+0.085*[#   4]+0.085*[#   8]+0.082*[#   2]
          +0.082*[#   6]+0.063*[#   1]+0.063*[#   5]
    |psi|^2 = 0.998
==== e(   4) =     7.68608 eV ==== 
     psi = 0.251*[#   2]+0.251*[#   6]+0.249*[#   4]+0.249*[#   8]
    |psi|^2 = 0.999
==== e(   5) =    20.10557 eV ==== 
     psi = 0.230*[#   3]+0.230*[#   7]+0.138*[#   1]+0.138*[#   5]+0.024*[#   2]
          +0.024*[#   6]+0.022*[#   4]+0.022*[#   8]
    |psi|^2 = 0.826
==== e(   6) =    25.58986 eV ==== 
     psi = 0.134*[#   1]+0.134*[#   5]+0.119*[#   3]+0.119*[#   7]+0.032*[#   4]
          +0.032*[#   8]+0.032*[#   2]+0.032*[#   6]
    |psi|^2 = 0.633
==== e(   7) =    27.17699 eV ==== 
     psi = 0.228*[#   4]+0.228*[#   8]+0.227*[#   2]+0.227*[#   6]
    |psi|^2 = 0.911
==== e(   8) =    27.90645 eV ==== 
     psi = 0.165*[#   1]+0.165*[#   5]+0.131*[#   2]+0.131*[#   6]+0.130*[#   4]
          +0.130*[#   8]+0.018*[#   3]+0.018*[#   7]
    |psi|^2 = 0.889

 k =   0.4419417382 -0.0883883476  0.0883883476
==== e(   1) =    -6.14522 eV ==== 
     psi = 0.274*[#   1]+0.274*[#   5]+0.208*[#   3]+0.208*[#   7]+0.007*[#   2]
          +0.007*[#   6]+0.007*[#   4]+0.007*[#   8]
    |psi|^2 = 0.993
==== e(   2) =     5.04926 eV ==== 
     psi = 0.148*[#   3]+0.148*[#   7]+0.120*[#   1]+0.120*[#   5]+0.115*[#   2]
          +0.115*[#   6]+0.115*[#   4]+0.115*[#   8]
    |psi|^2 = 0.997
==== e(   3) =     7.46034 eV ==== 
     psi = 0.217*[#   3]+0.217*[#   7]+0.121*[#   4]+0.121*[#   8]+0.109*[#   2]
          +0.109*[#   6]+0.052*[#   1]+0.052*[#   5]
    |psi|^2 = 0.998
==== e(   4) =     7.71678 eV ==== 
     psi = 0.255*[#   2]+0.255*[#   6]+0.244*[#   4]+0.244*[#   8]
    |psi|^2 = 0.998
==== e(   5) =    19.18929 eV ==== 
     psi = 0.264*[#   3]+0.264*[#   7]+0.167*[#   1]+0.167*[#   5]+0.016*[#   2]
          +0.016*[#   6]+0.015*[#   4]+0.015*[#   8]
    |psi|^2 = 0.923
==== e(   6) =    23.38970 eV ==== 
     psi = 0.178*[#   1]+0.177*[#   5]+0.088*[#   3]+0.088*[#   7]+0.013*[#   4]
          +0.013*[#   8]+0.012*[#   2]+0.012*[#   6]
    |psi|^2 = 0.582
==== e(   7) =    27.28391 eV ==== 
     psi = 0.235*[#   4]+0.235*[#   8]+0.233*[#   2]+0.233*[#   6]
    |psi|^2 = 0.936
==== e(   8) =    27.42723 eV ==== 
     psi = 0.201*[#   2]+0.201*[#   6]+0.199*[#   4]+0.199*[#   8]+0.065*[#   1]
          +0.065*[#   5]+0.003*[#   3]+0.003*[#   7]
    |psi|^2 = 0.936

 k =   0.3535533906  0.0000000000  0.0000000000
==== e(   1) =    -7.76119 eV ==== 
     psi = 0.302*[#   1]+0.302*[#   5]+0.194*[#   3]+0.194*[#   7]
    |psi|^2 = 0.993
==== e(   2) =     8.30455 eV ==== 
     psi = 0.372*[#   3]+0.372*[#   7]+0.119*[#   1]+0.119*[#   5]+0.003*[#   2]
          +0.003*[#   4]+0.003*[#   6]+0.003*[#   8]
    |psi|^2 = 0.997
==== e(   3) =     8.46473 eV ==== 
     psi = 0.250*[#   2]+0.250*[#   4]+0.250*[#   6]+0.250*[#   8]
    |psi|^2 = 0.998
==== e(   4) =     8.48677 eV ==== 
     psi = 0.246*[#   2]+0.246*[#   4]+0.246*[#   6]+0.246*[#   8]+0.005*[#   3]
          +0.005*[#   7]+0.002*[#   1]+0.002*[#   5]
    |psi|^2 = 0.998
==== e(   5) =    18.46560 eV ==== 
     psi = 0.296*[#   3]+0.296*[#   7]+0.185*[#   1]+0.185*[#   5]
    |psi|^2 = 0.962
==== e(   6) =    24.40235 eV ==== 
     psi = 0.208*[#   1]+0.208*[#   5]+0.073*[#   3]+0.073*[#   7]
    |psi|^2 = 0.562
==== e(   7) =    25.93690 eV ==== 
     psi = 0.239*[#   2]+0.239*[#   4]+0.239*[#   6]+0.239*[#   8]
    |psi|^2 = 0.955
==== e(   8) =    25.95453 eV ==== 
     psi = 0.239*[#   2]+0.239*[#   4]+0.239*[#   6]+0.239*[#   8]
    |psi|^2 = 0.954

 k =   0.2651650429  0.0883883476 -0.0883883476
==== e(   1) =    -8.49786 eV ==== 
     psi = 0.332*[#   1]+0.332*[#   5]+0.136*[#   3]+0.136*[#   7]+0.014*[#   2]
          +0.014*[#   4]+0.014*[#   6]+0.014*[#   8]
    |psi|^2 = 0.993
==== e(   2) =     7.57032 eV ==== 
     psi = 0.158*[#   4]+0.158*[#   8]+0.156*[#   2]+0.156*[#   6]+0.106*[#   3]
          +0.106*[#   7]+0.078*[#   1]+0.078*[#   5]
    |psi|^2 = 0.995
==== e(   3) =     9.78245 eV ==== 
     psi = 0.254*[#   2]+0.254*[#   6]+0.245*[#   4]+0.245*[#   8]
    |psi|^2 = 0.997
==== e(   4) =    10.76031 eV ==== 
     psi = 0.322*[#   3]+0.322*[#   7]+0.072*[#   4]+0.072*[#   8]+0.065*[#   2]
          +0.065*[#   6]+0.039*[#   1]+0.039*[#   5]
    |psi|^2 = 0.996
==== e(   5) =    19.90711 eV ==== 
     psi = 0.331*[#   3]+0.331*[#   7]+0.099*[#   1]+0.099*[#   5]+0.027*[#   4]
          +0.027*[#   8]+0.025*[#   2]+0.025*[#   6]
    |psi|^2 = 0.963
==== e(   6) =    23.63842 eV ==== 
     psi = 0.262*[#   2]+0.262*[#   6]+0.214*[#   4]+0.214*[#   8]+0.001*[#   1]
          +0.001*[#   5]
    |psi|^2 = 0.955
==== e(   7) =    23.66836 eV ==== 
     psi = 0.225*[#   4]+0.225*[#   8]+0.179*[#   2]+0.179*[#   6]+0.072*[#   1]
          +0.072*[#   5]+0.002*[#   3]+0.002*[#   7]
    |psi|^2 = 0.955
==== e(   8) =    27.31171 eV ==== 
     psi = 0.247*[#   1]+0.247*[#   5]+0.063*[#   3]+0.063*[#   7]+0.013*[#   4]
          +0.013*[#   8]+0.012*[#   2]+0.012*[#   6]
    |psi|^2 = 0.671

 k =   0.2651650429  0.2651650429 -0.0883883476
==== e(   1) =    -7.32158 eV ==== 
     psi = 0.302*[#   1]+0.302*[#   5]+0.092*[#   3]+0.092*[#   4]+0.092*[#   7]
          +0.092*[#   8]+0.011*[#   2]+0.011*[#   6]
    |psi|^2 = 0.993
==== e(   2) =     4.80104 eV ==== 
     psi = 0.173*[#   2]+0.173*[#   6]+0.115*[#   1]+0.115*[#   5]+0.105*[#   4]
          +0.105*[#   8]+0.104*[#   3]+0.104*[#   7]
    |psi|^2 = 0.994
==== e(   3) =     8.26547 eV ==== 
     psi = 0.281*[#   2]+0.281*[#   6]+0.088*[#   3]+0.088*[#   7]+0.085*[#   4]
          +0.085*[#   8]+0.044*[#   1]+0.044*[#   5]
    |psi|^2 = 0.996
==== e(   4) =    10.92955 eV ==== 
     psi = 0.250*[#   4]+0.250*[#   8]+0.248*[#   3]+0.248*[#   7]
    |psi|^2 = 0.997
==== e(   5) =    22.22005 eV ==== 
     psi = 0.242*[#   4]+0.242*[#   8]+0.233*[#   3]+0.233*[#   7]
    |psi|^2 = 0.951
==== e(   6) =    22.89416 eV ==== 
     psi = 0.305*[#   2]+0.305*[#   6]+0.060*[#   1]+0.060*[#   5]+0.048*[#   3]
          +0.048*[#   7]+0.039*[#   4]+0.039*[#   8]
    |psi|^2 = 0.904
==== e(   7) =    23.93665 eV ==== 
     psi = 0.169*[#   1]+0.169*[#   5]+0.140*[#   2]+0.140*[#   6]+0.076*[#   4]
          +0.076*[#   8]+0.075*[#   3]+0.075*[#   7]
    |psi|^2 = 0.921
==== e(   8) =    28.74021 eV ==== 
     psi = 0.234*[#   1]+0.234*[#   5]+0.061*[#   3]+0.061*[#   4]+0.061*[#   7]
          +0.061*[#   8]+0.030*[#   2]+0.030*[#   6]
    |psi|^2 = 0.772

 k =   0.1767766953  0.3535533906 -0.1767766953
==== e(   1) =    -6.59005 eV ==== 
     psi = 0.293*[#   1]+0.293*[#   5]+0.140*[#   4]+0.140*[#   8]+0.032*[#   2]
          +0.032*[#   3]+0.032*[#   6]+0.032*[#   7]
    |psi|^2 = 0.993
==== e(   2) =     3.38384 eV ==== 
     psi = 0.142*[#   2]+0.142*[#   3]+0.142*[#   6]+0.142*[#   7]+0.126*[#   1]
          +0.126*[#   5]+0.087*[#   4]+0.087*[#   8]
    |psi|^2 = 0.994
==== e(   3) =     9.07188 eV ==== 
     psi = 0.249*[#   2]+0.249*[#   3]+0.249*[#   6]+0.249*[#   7]
    |psi|^2 = 0.998
==== e(   4) =     9.58311 eV ==== 
     psi = 0.324*[#   4]+0.324*[#   8]+0.067*[#   2]+0.067*[#   3]+0.067*[#   6]
          +0.067*[#   7]+0.040*[#   1]+0.040*[#   5]
    |psi|^2 = 0.997
==== e(   5) =    21.07727 eV ==== 
     psi = 0.300*[#   4]+0.300*[#   8]+0.079*[#   1]+0.079*[#   5]+0.037*[#   2]
          +0.037*[#   3]+0.037*[#   6]+0.037*[#   7]
    |psi|^2 = 0.906
==== e(   6) =    24.34788 eV ==== 
     psi = 0.228*[#   2]+0.228*[#   3]+0.228*[#   6]+0.228*[#   7]
    |psi|^2 = 0.914
==== e(   7) =    24.48340 eV ==== 
     psi = 0.196*[#   1]+0.196*[#   5]+0.133*[#   2]+0.133*[#   3]+0.133*[#   6]
          +0.133*[#   7]
    |psi|^2 = 0.923
==== e(   8) =    27.80548 eV ==== 
     psi = 0.158*[#   1]+0.158*[#   5]+0.081*[#   4]+0.081*[#   8]+0.038*[#   2]
          +0.038*[#   3]+0.038*[#   6]+0.038*[#   7]
    |psi|^2 = 0.629

 k =   0.0883883476  0.4419417382 -0.2651650429
==== e(   1) =    -4.96469 eV ==== 
     psi = 0.276*[#   1]+0.276*[#   5]+0.161*[#   4]+0.161*[#   8]+0.048*[#   2]
          +0.048*[#   6]+0.012*[#   3]+0.012*[#   7]
    |psi|^2 = 0.994
==== e(   2) =     2.52695 eV ==== 
     psi = 0.183*[#   3]+0.183*[#   7]+0.127*[#   1]+0.127*[#   5]+0.105*[#   2]
          +0.105*[#   6]+0.082*[#   4]+0.082*[#   8]
    |psi|^2 = 0.995
==== e(   3) =     6.27766 eV ==== 
     psi = 0.257*[#   3]+0.257*[#   7]+0.091*[#   2]+0.091*[#   6]+0.088*[#   4]
          +0.088*[#   8]+0.063*[#   1]+0.063*[#   5]
    |psi|^2 = 0.997
==== e(   4) =     8.60232 eV ==== 
     psi = 0.225*[#   4]+0.225*[#   8]+0.221*[#   2]+0.221*[#   6]+0.041*[#   3]
          +0.041*[#   7]+0.012*[#   1]+0.012*[#   5]
    |psi|^2 = 0.997
==== e(   5) =    22.04675 eV ==== 
     psi = 0.247*[#   4]+0.247*[#   8]+0.077*[#   2]+0.077*[#   6]+0.068*[#   1]
          +0.068*[#   5]+0.035*[#   3]+0.035*[#   7]
    |psi|^2 = 0.855
==== e(   6) =    23.85591 eV ==== 
     psi = 0.202*[#   3]+0.202*[#   7]+0.125*[#   2]+0.125*[#   6]+0.064*[#   1]
          +0.064*[#   5]+0.019*[#   4]+0.019*[#   8]
    |psi|^2 = 0.820
==== e(   7) =    26.84911 eV ==== 
     psi = 0.227*[#   1]+0.227*[#   5]+0.086*[#   4]+0.086*[#   8]+0.083*[#   2]
          +0.083*[#   6]+0.022*[#   3]+0.022*[#   7]
    |psi|^2 = 0.835
==== e(   8) =    27.76598 eV ==== 
     psi = 0.163*[#   3]+0.163*[#   7]+0.157*[#   2]+0.157*[#   6]+0.070*[#   1]
          +0.070*[#   5]+0.011*[#   4]+0.011*[#   8]
    |psi|^2 = 0.802

 k =   0.0000000000  0.5303300859 -0.3535533906
==== e(   1) =    -2.66699 eV ==== 
     psi = 0.269*[#   1]+0.269*[#   5]+0.153*[#   4]+0.153*[#   8]+0.046*[#   2]
          +0.046*[#   6]+0.031*[#   3]+0.031*[#   7]
    |psi|^2 = 0.997
==== e(   2) =     1.81323 eV ==== 
     psi = 0.207*[#   3]+0.207*[#   7]+0.174*[#   1]+0.174*[#   5]+0.076*[#   4]
          +0.076*[#   8]+0.043*[#   2]+0.043*[#   6]
    |psi|^2 = 0.998
==== e(   3) =     3.63271 eV ==== 
     psi = 0.253*[#   3]+0.253*[#   7]+0.138*[#   2]+0.138*[#   6]+0.073*[#   4]
          +0.073*[#   8]+0.035*[#   1]+0.035*[#   5]
    |psi|^2 = 0.996
==== e(   4) =     7.12928 eV ==== 
     psi = 0.245*[#   4]+0.245*[#   8]+0.209*[#   2]+0.209*[#   6]+0.035*[#   3]
          +0.035*[#   7]+0.010*[#   1]+0.010*[#   5]
    |psi|^2 = 0.998
==== e(   5) =    22.44065 eV ==== 
     psi = 0.191*[#   3]+0.191*[#   7]+0.113*[#   2]+0.113*[#   6]+0.059*[#   1]
          +0.059*[#   5]+0.008*[#   4]+0.008*[#   8]
    |psi|^2 = 0.742
==== e(   6) =    25.00457 eV ==== 
     psi = 0.235*[#   4]+0.235*[#   8]+0.127*[#   2]+0.127*[#   6]+0.051*[#   1]
          +0.051*[#   5]+0.004*[#   3]+0.004*[#   7]
    |psi|^2 = 0.833
==== e(   7) =    27.53533 eV ==== 
     psi = 0.226*[#   1]+0.226*[#   5]+0.112*[#   4]+0.112*[#   8]+0.041*[#   2]
          +0.041*[#   6]+0.021*[#   3]+0.021*[#   7]
    |psi|^2 = 0.799
==== e(   8) =    29.16957 eV ==== 
     psi = 0.201*[#   3]+0.201*[#   7]+0.137*[#   1]+0.137*[#   5]+0.114*[#   2]
          +0.114*[#   6]+0.009*[#   4]+0.009*[#   8]
    |psi|^2 = 0.923

 k =   0.6187184335 -0.0883883476  0.2651650429
==== e(   1) =    -1.79432 eV ==== 
     psi = 0.266*[#   1]+0.266*[#   5]+0.185*[#   3]+0.185*[#   7]+0.034*[#   4]
          +0.034*[#   8]+0.013*[#   2]+0.013*[#   6]
    |psi|^2 = 0.997
==== e(   2) =     0.99409 eV ==== 
     psi = 0.173*[#   1]+0.173*[#   5]+0.138*[#   3]+0.138*[#   7]+0.129*[#   4]
          +0.129*[#   8]+0.059*[#   2]+0.059*[#   6]
    |psi|^2 = 0.997
==== e(   3) =     4.08685 eV ==== 
     psi = 0.181*[#   3]+0.181*[#   7]+0.144*[#   4]+0.144*[#   8]+0.134*[#   2]
          +0.134*[#   6]+0.039*[#   1]+0.039*[#   5]
    |psi|^2 = 0.997
==== e(   4) =     6.19469 eV ==== 
     psi = 0.223*[#   2]+0.223*[#   6]+0.215*[#   4]+0.215*[#   8]+0.055*[#   3]
          +0.055*[#   7]+0.006*[#   1]+0.006*[#   5]
    |psi|^2 = 0.998
==== e(   5) =    21.58091 eV ==== 
     psi = 0.189*[#   3]+0.189*[#   7]+0.111*[#   1]+0.111*[#   5]+0.079*[#   2]
          +0.079*[#   6]+0.004*[#   4]+0.004*[#   8]
    |psi|^2 = 0.766
==== e(   6) =    25.00599 eV ==== 
     psi = 0.119*[#   2]+0.119*[#   6]+0.114*[#   3]+0.114*[#   7]+0.069*[#   1]
          +0.069*[#   5]+0.015*[#   4]+0.015*[#   8]
    |psi|^2 = 0.634
==== e(   7) =    27.00774 eV ==== 
     psi = 0.203*[#   4]+0.203*[#   8]+0.166*[#   1]+0.166*[#   5]+0.051*[#   2]
          +0.051*[#   6]+0.042*[#   3]+0.042*[#   7]
    |psi|^2 = 0.924
==== e(   8) =    29.58971 eV ==== 
     psi = 0.193*[#   4]+0.193*[#   8]+0.151*[#   2]+0.151*[#   6]+0.108*[#   1]
          +0.108*[#   5]+0.004*[#   3]+0.004*[#   7]
    |psi|^2 = 0.913

 k =   0.5303300859  0.0000000000  0.1767766953
==== e(   1) =    -4.23088 eV ==== 
     psi = 0.256*[#   1]+0.256*[#   5]+0.220*[#   3]+0.220*[#   7]+0.016*[#   2]
          +0.016*[#   6]+0.005*[#   4]+0.005*[#   8]
    |psi|^2 = 0.994
==== e(   2) =     3.40059 eV ==== 
     psi = 0.205*[#   3]+0.205*[#   7]+0.174*[#   1]+0.174*[#   5]+0.092*[#   4]
          +0.092*[#   8]+0.028*[#   2]+0.028*[#   6]
    |psi|^2 = 0.998
==== e(   3) =     5.52101 eV ==== 
     psi = 0.267*[#   4]+0.267*[#   8]+0.177*[#   2]+0.177*[#   6]+0.032*[#   1]
          +0.032*[#   5]+0.024*[#   3]+0.024*[#   7]
    |psi|^2 = 0.997
==== e(   4) =     6.66073 eV ==== 
     psi = 0.230*[#   2]+0.230*[#   6]+0.136*[#   4]+0.136*[#   8]+0.128*[#   3]
          +0.128*[#   7]+0.005*[#   1]+0.005*[#   5]
    |psi|^2 = 0.998
==== e(   5) =    20.35675 eV ==== 
     psi = 0.234*[#   3]+0.234*[#   7]+0.151*[#   1]+0.151*[#   5]+0.045*[#   2]
          +0.045*[#   6]+0.010*[#   4]+0.010*[#   8]
    |psi|^2 = 0.880
==== e(   6) =    22.60273 eV ==== 
     psi = 0.152*[#   1]+0.151*[#   5]+0.103*[#   3]+0.103*[#   7]+0.050*[#   2]
          +0.050*[#   6]+0.002*[#   4]+0.002*[#   8]
    |psi|^2 = 0.614
==== e(   7) =    27.47615 eV ==== 
     psi = 0.233*[#   4]+0.233*[#   8]+0.125*[#   2]+0.125*[#   6]+0.090*[#   1]
          +0.090*[#   5]+0.007*[#   3]+0.007*[#   7]
    |psi|^2 = 0.910
==== e(   8) =    29.79322 eV ==== 
     psi = 0.248*[#   2]+0.248*[#   6]+0.205*[#   4]+0.205*[#   8]+0.028*[#   1]
          +0.028*[#   5]
    |psi|^2 = 0.962

 k =   0.4419417382  0.0883883476  0.0883883476
==== e(   1) =    -6.14505 eV ==== 
     psi = 0.274*[#   1]+0.274*[#   5]+0.208*[#   3]+0.208*[#   7]+0.007*[#   2]
          +0.007*[#   4]+0.007*[#   6]+0.007*[#   8]
    |psi|^2 = 0.993
==== e(   2) =     5.03806 eV ==== 
     psi = 0.150*[#   3]+0.150*[#   7]+0.121*[#   1]+0.121*[#   5]+0.114*[#   2]
          +0.114*[#   4]+0.114*[#   6]+0.114*[#   8]
    |psi|^2 = 0.997
==== e(   3) =     7.49417 eV ==== 
     psi = 0.216*[#   3]+0.216*[#   7]+0.115*[#   2]+0.115*[#   4]+0.115*[#   6]
          +0.115*[#   8]+0.052*[#   1]+0.052*[#   5]
    |psi|^2 = 0.998
==== e(   4) =     7.69620 eV ==== 
     psi = 0.250*[#   2]+0.250*[#   4]+0.250*[#   6]+0.250*[#   8]
    |psi|^2 = 0.998
==== e(   5) =    19.17822 eV ==== 
     psi = 0.264*[#   3]+0.264*[#   7]+0.167*[#   1]+0.167*[#   5]+0.015*[#   2]
          +0.015*[#   4]+0.015*[#   6]+0.015*[#   8]
    |psi|^2 = 0.923
==== e(   6) =    23.40018 eV ==== 
     psi = 0.179*[#   1]+0.179*[#   5]+0.089*[#   3]+0.089*[#   7]+0.012*[#   2]
          +0.012*[#   4]+0.012*[#   6]+0.012*[#   8]
    |psi|^2 = 0.582
==== e(   7) =    27.31577 eV ==== 
     psi = 0.234*[#   2]+0.234*[#   4]+0.234*[#   6]+0.234*[#   8]
    |psi|^2 = 0.935
==== e(   8) =    27.40571 eV ==== 
     psi = 0.201*[#   2]+0.201*[#   4]+0.201*[#   6]+0.201*[#   8]+0.063*[#   1]
          +0.063*[#   5]+0.003*[#   3]+0.003*[#   7]
    |psi|^2 = 0.934

 k =   0.3535533906  0.1767766953  0.0000000000
==== e(   1) =    -7.17106 eV ==== 
     psi = 0.294*[#   1]+0.294*[#   5]+0.164*[#   3]+0.164*[#   7]+0.037*[#   4]
          +0.037*[#   8]+0.002*[#   2]+0.002*[#   6]
    |psi|^2 = 0.993
==== e(   2) =     6.08959 eV ==== 
     psi = 0.148*[#   2]+0.148*[#   6]+0.133*[#   3]+0.133*[#   7]+0.115*[#   4]
          +0.115*[#   8]+0.102*[#   1]+0.102*[#   5]
    |psi|^2 = 0.997
==== e(   3) =     7.08378 eV ==== 
     psi = 0.291*[#   2]+0.291*[#   6]+0.128*[#   4]+0.128*[#   8]+0.048*[#   1]
          +0.048*[#   5]+0.030*[#   3]+0.030*[#   7]
    |psi|^2 = 0.995
==== e(   4) =     9.87822 eV ==== 
     psi = 0.244*[#   3]+0.244*[#   7]+0.201*[#   4]+0.201*[#   8]+0.035*[#   2]
          +0.035*[#   6]+0.019*[#   1]+0.019*[#   5]
    |psi|^2 = 0.997
==== e(   5) =    20.64190 eV ==== 
     psi = 0.293*[#   3]+0.293*[#   7]+0.102*[#   1]+0.102*[#   5]+0.059*[#   4]
          +0.059*[#   8]+0.020*[#   2]+0.020*[#   6]
    |psi|^2 = 0.947
==== e(   6) =    24.29384 eV ==== 
     psi = 0.268*[#   2]+0.268*[#   6]+0.135*[#   4]+0.135*[#   8]+0.019*[#   1]
          +0.019*[#   5]+0.009*[#   3]+0.009*[#   7]
    |psi|^2 = 0.860
==== e(   7) =    25.94919 eV ==== 
     psi = 0.256*[#   4]+0.256*[#   8]+0.165*[#   2]+0.165*[#   6]+0.043*[#   1]
          +0.043*[#   5]+0.002*[#   3]+0.002*[#   7]
    |psi|^2 = 0.932
==== e(   8) =    26.06905 eV ==== 
     psi = 0.241*[#   1]+0.241*[#   5]+0.061*[#   3]+0.061*[#   7]+0.019*[#   2]
          +0.019*[#   6]+0.013*[#   4]+0.013*[#   8]
    |psi|^2 = 0.666

 k =   0.3535533906  0.3535533906  0.0000000000
==== e(   1) =    -5.38990 eV ==== 
     psi = 0.279*[#   1]+0.279*[#   5]+0.105*[#   3]+0.105*[#   4]+0.105*[#   7]
          +0.105*[#   8]+0.008*[#   2]+0.008*[#   6]
    |psi|^2 = 0.994
==== e(   2) =     3.70665 eV ==== 
     psi = 0.193*[#   2]+0.193*[#   6]+0.132*[#   1]+0.132*[#   5]+0.087*[#   3]
          +0.087*[#   4]+0.087*[#   7]+0.087*[#   8]
    |psi|^2 = 0.998
==== e(   3) =     4.93097 eV ==== 
     psi = 0.275*[#   2]+0.275*[#   6]+0.078*[#   3]+0.078*[#   4]+0.078*[#   7]
          +0.078*[#   8]+0.066*[#   1]+0.066*[#   5]
    |psi|^2 = 0.995
==== e(   4) =     9.69700 eV ==== 
     psi = 0.249*[#   3]+0.249*[#   4]+0.249*[#   7]+0.249*[#   8]
    |psi|^2 = 0.998
==== e(   5) =    22.07378 eV ==== 
     psi = 0.251*[#   2]+0.251*[#   6]+0.075*[#   1]+0.075*[#   5]+0.043*[#   3]
          +0.043*[#   4]+0.043*[#   7]+0.043*[#   8]
    |psi|^2 = 0.823
==== e(   6) =    24.22599 eV ==== 
     psi = 0.239*[#   3]+0.239*[#   4]+0.239*[#   7]+0.239*[#   8]
    |psi|^2 = 0.956
==== e(   7) =    26.76715 eV ==== 
     psi = 0.176*[#   2]+0.176*[#   6]+0.125*[#   1]+0.125*[#   5]+0.061*[#   3]
          +0.061*[#   4]+0.061*[#   7]+0.061*[#   8]
    |psi|^2 = 0.848
==== e(   8) =    28.52697 eV ==== 
     psi = 0.265*[#   1]+0.265*[#   5]+0.068*[#   3]+0.068*[#   4]+0.068*[#   7]
          +0.068*[#   8]+0.007*[#   2]+0.007*[#   6]
    |psi|^2 = 0.818

 k =   0.2651650429  0.4419417382 -0.0883883476
==== e(   1) =    -4.96469 eV ==== 
     psi = 0.276*[#   1]+0.276*[#   5]+0.161*[#   4]+0.161*[#   8]+0.048*[#   3]
          +0.048*[#   7]+0.012*[#   2]+0.012*[#   6]
    |psi|^2 = 0.994
==== e(   2) =     2.52695 eV ==== 
     psi = 0.183*[#   2]+0.183*[#   6]+0.127*[#   1]+0.127*[#   5]+0.105*[#   3]
          +0.105*[#   7]+0.082*[#   4]+0.082*[#   8]
    |psi|^2 = 0.995
==== e(   3) =     6.27766 eV ==== 
     psi = 0.257*[#   2]+0.257*[#   6]+0.091*[#   3]+0.091*[#   7]+0.088*[#   4]
          +0.088*[#   8]+0.063*[#   1]+0.063*[#   5]
    |psi|^2 = 0.997
==== e(   4) =     8.60232 eV ==== 
     psi = 0.225*[#   4]+0.225*[#   8]+0.221*[#   3]+0.221*[#   7]+0.041*[#   2]
          +0.041*[#   6]+0.012*[#   1]+0.012*[#   5]
    |psi|^2 = 0.997
==== e(   5) =    22.04675 eV ==== 
     psi = 0.247*[#   4]+0.247*[#   8]+0.077*[#   3]+0.077*[#   7]+0.068*[#   1]
          +0.068*[#   5]+0.035*[#   2]+0.035*[#   6]
    |psi|^2 = 0.855
==== e(   6) =    23.85591 eV ==== 
     psi = 0.202*[#   2]+0.202*[#   6]+0.125*[#   3]+0.125*[#   7]+0.064*[#   1]
          +0.064*[#   5]+0.019*[#   4]+0.019*[#   8]
    |psi|^2 = 0.820
==== e(   7) =    26.84911 eV ==== 
     psi = 0.227*[#   1]+0.227*[#   5]+0.086*[#   4]+0.086*[#   8]+0.083*[#   3]
          +0.083*[#   7]+0.022*[#   2]+0.022*[#   6]
    |psi|^2 = 0.835
==== e(   8) =    27.76598 eV ==== 
     psi = 0.163*[#   2]+0.163*[#   6]+0.157*[#   3]+0.157*[#   7]+0.070*[#   1]
          +0.070*[#   5]+0.011*[#   4]+0.011*[#   8]
    |psi|^2 = 0.802

 k =   0.1767766953  0.5303300859 -0.1767766953
==== e(   1) =    -3.68643 eV ==== 
     psi = 0.271*[#   1]+0.271*[#   5]+0.193*[#   4]+0.193*[#   8]+0.017*[#   2]
          +0.017*[#   3]+0.017*[#   6]+0.017*[#   7]
    |psi|^2 = 0.995
==== e(   2) =     1.46125 eV ==== 
     psi = 0.135*[#   1]+0.135*[#   2]+0.135*[#   3]+0.135*[#   5]+0.135*[#   6]
          +0.135*[#   7]+0.092*[#   4]+0.092*[#   8]
    |psi|^2 = 0.995
==== e(   3) =     5.88843 eV ==== 
     psi = 0.268*[#   4]+0.268*[#   8]+0.084*[#   2]+0.084*[#   3]+0.084*[#   6]
          +0.084*[#   7]+0.063*[#   1]+0.063*[#   5]
    |psi|^2 = 0.998
==== e(   4) =     7.66466 eV ==== 
     psi = 0.250*[#   2]+0.250*[#   3]+0.250*[#   6]+0.250*[#   7]
    |psi|^2 = 0.999
==== e(   5) =    20.08700 eV ==== 
     psi = 0.229*[#   4]+0.229*[#   8]+0.138*[#   1]+0.138*[#   5]+0.023*[#   2]
          +0.023*[#   3]+0.023*[#   6]+0.023*[#   7]
    |psi|^2 = 0.828
==== e(   6) =    25.61031 eV ==== 
     psi = 0.136*[#   1]+0.136*[#   5]+0.121*[#   4]+0.121*[#   8]+0.031*[#   2]
          +0.031*[#   3]+0.031*[#   6]+0.031*[#   7]
    |psi|^2 = 0.636
==== e(   7) =    27.21940 eV ==== 
     psi = 0.227*[#   2]+0.227*[#   3]+0.227*[#   6]+0.227*[#   7]
    |psi|^2 = 0.910
==== e(   8) =    27.88753 eV ==== 
     psi = 0.162*[#   1]+0.162*[#   5]+0.132*[#   2]+0.132*[#   3]+0.132*[#   6]
          +0.132*[#   7]+0.016*[#   4]+0.016*[#   8]
    |psi|^2 = 0.883

 k =   0.0883883476  0.6187184335 -0.2651650429
==== e(   1) =    -1.79432 eV ==== 
     psi = 0.266*[#   1]+0.266*[#   5]+0.185*[#   4]+0.185*[#   8]+0.034*[#   3]
          +0.034*[#   7]+0.013*[#   2]+0.013*[#   6]
    |psi|^2 = 0.997
==== e(   2) =     0.98858 eV ==== 
     psi = 0.172*[#   1]+0.172*[#   5]+0.139*[#   4]+0.139*[#   8]+0.129*[#   3]
          +0.129*[#   7]+0.058*[#   2]+0.058*[#   6]
    |psi|^2 = 0.997
==== e(   3) =     4.11465 eV ==== 
     psi = 0.181*[#   4]+0.181*[#   8]+0.144*[#   3]+0.144*[#   7]+0.134*[#   2]
          +0.134*[#   6]+0.039*[#   1]+0.039*[#   5]
    |psi|^2 = 0.997
==== e(   4) =     6.17076 eV ==== 
     psi = 0.223*[#   2]+0.223*[#   6]+0.215*[#   3]+0.215*[#   7]+0.055*[#   4]
          +0.055*[#   8]+0.006*[#   1]+0.006*[#   5]
    |psi|^2 = 0.998
==== e(   5) =    21.55961 eV ==== 
     psi = 0.188*[#   4]+0.188*[#   8]+0.111*[#   1]+0.111*[#   5]+0.079*[#   2]
          +0.079*[#   6]+0.005*[#   3]+0.005*[#   7]
    |psi|^2 = 0.767
==== e(   6) =    25.03985 eV ==== 
     psi = 0.117*[#   2]+0.117*[#   6]+0.116*[#   4]+0.116*[#   8]+0.070*[#   1]
          +0.070*[#   5]+0.014*[#   3]+0.014*[#   7]
    |psi|^2 = 0.633
==== e(   7) =    27.00617 eV ==== 
     psi = 0.203*[#   3]+0.203*[#   7]+0.166*[#   1]+0.166*[#   5]+0.052*[#   2]
          +0.052*[#   6]+0.041*[#   4]+0.041*[#   8]
    |psi|^2 = 0.923
==== e(   8) =    29.58916 eV ==== 
     psi = 0.195*[#   3]+0.195*[#   7]+0.151*[#   2]+0.151*[#   6]+0.107*[#   1]
          +0.107*[#   5]+0.004*[#   4]+0.004*[#   8]
    |psi|^2 = 0.913

 k =   0.7071067812  0.0000000000  0.3535533906
==== e(   1) =     0.07960 eV ==== 
     psi = 0.247*[#   5]+0.247*[#   1]+0.126*[#   3]+0.126*[#   4]+0.126*[#   7]
          +0.126*[#   8]
    |psi|^2 = 0.998
==== e(   2) =     0.09791 eV ==== 
     psi = 0.247*[#   1]+0.246*[#   5]+0.126*[#   3]+0.126*[#   4]+0.126*[#   7]
          +0.126*[#   8]
    |psi|^2 = 0.998
==== e(   3) =     4.14879 eV ==== 
     psi = 0.202*[#   6]+0.201*[#   2]+0.149*[#   3]+0.149*[#   4]+0.148*[#   7]
          +0.148*[#   8]
    |psi|^2 = 0.998
==== e(   4) =     4.16842 eV ==== 
     psi = 0.203*[#   2]+0.201*[#   6]+0.149*[#   7]+0.149*[#   8]+0.148*[#   3]
          +0.148*[#   4]
    |psi|^2 = 0.998
==== e(   5) =    24.67101 eV ==== 
     psi = 0.174*[#   6]+0.172*[#   2]+0.063*[#   3]+0.063*[#   4]+0.062*[#   7]
          +0.062*[#   8]
    |psi|^2 = 0.596
==== e(   6) =    24.71231 eV ==== 
     psi = 0.172*[#   2]+0.171*[#   6]+0.063*[#   7]+0.063*[#   8]+0.062*[#   3]
          +0.062*[#   4]
    |psi|^2 = 0.592
==== e(   7) =    26.78163 eV ==== 
     psi = 0.234*[#   1]+0.234*[#   5]+0.118*[#   3]+0.118*[#   4]+0.118*[#   7]
          +0.118*[#   8]
    |psi|^2 = 0.940
==== e(   8) =    26.79862 eV ==== 
     psi = 0.234*[#   5]+0.234*[#   1]+0.118*[#   3]+0.118*[#   4]+0.118*[#   7]
          +0.118*[#   8]
    |psi|^2 = 0.940

 k =   0.6187184335  0.0883883476  0.2651650429
==== e(   1) =    -1.79432 eV ==== 
     psi = 0.266*[#   1]+0.266*[#   5]+0.185*[#   3]+0.185*[#   7]+0.034*[#   4]
          +0.034*[#   8]+0.013*[#   2]+0.013*[#   6]
    |psi|^2 = 0.997
==== e(   2) =     0.98858 eV ==== 
     psi = 0.172*[#   1]+0.172*[#   5]+0.139*[#   3]+0.139*[#   7]+0.129*[#   4]
          +0.129*[#   8]+0.058*[#   2]+0.058*[#   6]
    |psi|^2 = 0.997
==== e(   3) =     4.11465 eV ==== 
     psi = 0.181*[#   3]+0.181*[#   7]+0.144*[#   4]+0.144*[#   8]+0.134*[#   2]
          +0.134*[#   6]+0.039*[#   1]+0.039*[#   5]
    |psi|^2 = 0.997
==== e(   4) =     6.17076 eV ==== 
     psi = 0.223*[#   2]+0.223*[#   6]+0.215*[#   4]+0.215*[#   8]+0.055*[#   3]
          +0.055*[#   7]+0.006*[#   1]+0.006*[#   5]
    |psi|^2 = 0.998
==== e(   5) =    21.55961 eV ==== 
     psi = 0.188*[#   3]+0.188*[#   7]+0.111*[#   1]+0.111*[#   5]+0.079*[#   2]
          +0.079*[#   6]+0.005*[#   4]+0.005*[#   8]
    |psi|^2 = 0.767
==== e(   6) =    25.03985 eV ==== 
     psi = 0.117*[#   2]+0.117*[#   6]+0.116*[#   3]+0.116*[#   7]+0.070*[#   1]
          +0.070*[#   5]+0.014*[#   4]+0.014*[#   8]
    |psi|^2 = 0.633
==== e(   7) =    27.00617 eV ==== 
     psi = 0.203*[#   4]+0.203*[#   8]+0.166*[#   1]+0.166*[#   5]+0.052*[#   2]
          +0.052*[#   6]+0.041*[#   3]+0.041*[#   7]
    |psi|^2 = 0.923
==== e(   8) =    29.58916 eV ==== 
     psi = 0.195*[#   4]+0.195*[#   8]+0.151*[#   2]+0.151*[#   6]+0.107*[#   1]
          +0.107*[#   5]+0.004*[#   3]+0.004*[#   7]
    |psi|^2 = 0.913

 k =   0.5303300859  0.1767766953  0.1767766953
==== e(   1) =    -3.68643 eV ==== 
     psi = 0.271*[#   1]+0.271*[#   5]+0.193*[#   3]+0.193*[#   7]+0.017*[#   2]
          +0.017*[#   4]+0.017*[#   6]+0.017*[#   8]
    |psi|^2 = 0.995
==== e(   2) =     1.46125 eV ==== 
     psi = 0.135*[#   1]+0.135*[#   2]+0.135*[#   4]+0.135*[#   5]+0.135*[#   6]
          +0.135*[#   8]+0.092*[#   3]+0.092*[#   7]
    |psi|^2 = 0.995
==== e(   3) =     5.88843 eV ==== 
     psi = 0.268*[#   3]+0.268*[#   7]+0.084*[#   2]+0.084*[#   4]+0.084*[#   6]
          +0.084*[#   8]+0.063*[#   1]+0.063*[#   5]
    |psi|^2 = 0.998
==== e(   4) =     7.66466 eV ==== 
     psi = 0.250*[#   2]+0.250*[#   4]+0.250*[#   6]+0.250*[#   8]
    |psi|^2 = 0.999
==== e(   5) =    20.08700 eV ==== 
     psi = 0.229*[#   3]+0.229*[#   7]+0.138*[#   1]+0.138*[#   5]+0.023*[#   2]
          +0.023*[#   4]+0.023*[#   6]+0.023*[#   8]
    |psi|^2 = 0.828
==== e(   6) =    25.61031 eV ==== 
     psi = 0.136*[#   1]+0.136*[#   5]+0.121*[#   3]+0.121*[#   7]+0.031*[#   2]
          +0.031*[#   4]+0.031*[#   6]+0.031*[#   8]
    |psi|^2 = 0.636
==== e(   7) =    27.21940 eV ==== 
     psi = 0.227*[#   2]+0.227*[#   4]+0.227*[#   6]+0.227*[#   8]
    |psi|^2 = 0.910
==== e(   8) =    27.88753 eV ==== 
     psi = 0.162*[#   1]+0.162*[#   5]+0.132*[#   2]+0.132*[#   4]+0.132*[#   6]
          +0.132*[#   8]+0.016*[#   3]+0.016*[#   7]
    |psi|^2 = 0.883

 k =   0.4419417382  0.2651650429  0.0883883476
==== e(   1) =    -4.96469 eV ==== 
     psi = 0.276*[#   1]+0.276*[#   5]+0.161*[#   3]+0.161*[#   7]+0.048*[#   4]
          +0.048*[#   8]+0.012*[#   2]+0.012*[#   6]
    |psi|^2 = 0.994
==== e(   2) =     2.52695 eV ==== 
     psi = 0.183*[#   2]+0.183*[#   6]+0.127*[#   1]+0.127*[#   5]+0.105*[#   4]
          +0.105*[#   8]+0.082*[#   3]+0.082*[#   7]
    |psi|^2 = 0.995
==== e(   3) =     6.27766 eV ==== 
     psi = 0.257*[#   2]+0.257*[#   6]+0.091*[#   4]+0.091*[#   8]+0.088*[#   3]
          +0.088*[#   7]+0.063*[#   1]+0.063*[#   5]
    |psi|^2 = 0.997
==== e(   4) =     8.60232 eV ==== 
     psi = 0.225*[#   3]+0.225*[#   7]+0.221*[#   4]+0.221*[#   8]+0.041*[#   2]
          +0.041*[#   6]+0.012*[#   1]+0.012*[#   5]
    |psi|^2 = 0.997
==== e(   5) =    22.04675 eV ==== 
     psi = 0.247*[#   3]+0.247*[#   7]+0.077*[#   4]+0.077*[#   8]+0.068*[#   1]
          +0.068*[#   5]+0.035*[#   2]+0.035*[#   6]
    |psi|^2 = 0.855
==== e(   6) =    23.85591 eV ==== 
     psi = 0.202*[#   2]+0.202*[#   6]+0.125*[#   4]+0.125*[#   8]+0.064*[#   1]
          +0.064*[#   5]+0.019*[#   3]+0.019*[#   7]
    |psi|^2 = 0.820
==== e(   7) =    26.84911 eV ==== 
     psi = 0.227*[#   1]+0.227*[#   5]+0.086*[#   3]+0.086*[#   7]+0.083*[#   4]
          +0.083*[#   8]+0.022*[#   2]+0.022*[#   6]
    |psi|^2 = 0.835
==== e(   8) =    27.76598 eV ==== 
     psi = 0.163*[#   2]+0.163*[#   6]+0.157*[#   4]+0.157*[#   8]+0.070*[#   1]
          +0.070*[#   5]+0.011*[#   3]+0.011*[#   7]
    |psi|^2 = 0.802

 k =   0.4419417382  0.4419417382  0.0883883476
==== e(   1) =    -2.91467 eV ==== 
     psi = 0.294*[#   1]+0.294*[#   5]+0.082*[#   3]+0.082*[#   7]+0.082*[#   4]
          +0.082*[#   8]+0.041*[#   2]+0.041*[#   6]
    |psi|^2 = 0.997
==== e(   2) =     0.62961 eV ==== 
     psi = 0.204*[#   2]+0.204*[#   6]+0.116*[#   1]+0.116*[#   5]+0.089*[#   3]
          +0.089*[#   7]+0.088*[#   4]+0.088*[#   8]
    |psi|^2 = 0.994
==== e(   3) =     4.76150 eV ==== 
     psi = 0.271*[#   2]+0.271*[#   6]+0.081*[#   4]+0.081*[#   8]+0.080*[#   3]
          +0.080*[#   7]+0.068*[#   1]+0.068*[#   5]
    |psi|^2 = 0.998
==== e(   4) =     8.41725 eV ==== 
     psi = 0.250*[#   3]+0.250*[#   7]+0.249*[#   4]+0.249*[#   8]
    |psi|^2 = 0.998
==== e(   5) =    20.90877 eV ==== 
     psi = 0.227*[#   2]+0.227*[#   6]+0.103*[#   1]+0.103*[#   5]+0.035*[#   3]
          +0.035*[#   7]+0.034*[#   4]+0.034*[#   8]
    |psi|^2 = 0.797
==== e(   6) =    26.08883 eV ==== 
     psi = 0.232*[#   4]+0.232*[#   8]+0.232*[#   3]+0.232*[#   7]
    |psi|^2 = 0.929
==== e(   7) =    27.86328 eV ==== 
     psi = 0.213*[#   1]+0.213*[#   5]+0.076*[#   3]+0.076*[#   7]+0.076*[#   4]
          +0.076*[#   8]+0.066*[#   2]+0.066*[#   6]
    |psi|^2 = 0.865
==== e(   8) =    29.30771 eV ==== 
     psi = 0.134*[#   1]+0.134*[#   5]+0.131*[#   2]+0.131*[#   6]+0.054*[#   4]
          +0.054*[#   8]+0.053*[#   3]+0.053*[#   7]
    |psi|^2 = 0.744

 k =   0.3535533906  0.5303300859  0.0000000000
==== e(   1) =    -2.66699 eV ==== 
     psi = 0.269*[#   1]+0.269*[#   5]+0.153*[#   4]+0.153*[#   8]+0.046*[#   3]
          +0.046*[#   7]+0.031*[#   2]+0.031*[#   6]
    |psi|^2 = 0.997
==== e(   2) =     1.81323 eV ==== 
     psi = 0.207*[#   2]+0.207*[#   6]+0.174*[#   1]+0.174*[#   5]+0.076*[#   4]
          +0.076*[#   8]+0.043*[#   3]+0.043*[#   7]
    |psi|^2 = 0.998
==== e(   3) =     3.63271 eV ==== 
     psi = 0.253*[#   2]+0.253*[#   6]+0.138*[#   3]+0.138*[#   7]+0.073*[#   4]
          +0.073*[#   8]+0.035*[#   1]+0.035*[#   5]
    |psi|^2 = 0.996
==== e(   4) =     7.12928 eV ==== 
     psi = 0.245*[#   4]+0.245*[#   8]+0.209*[#   3]+0.209*[#   7]+0.035*[#   2]
          +0.035*[#   6]+0.010*[#   1]+0.010*[#   5]
    |psi|^2 = 0.998
==== e(   5) =    22.44065 eV ==== 
     psi = 0.191*[#   2]+0.191*[#   6]+0.113*[#   3]+0.113*[#   7]+0.059*[#   1]
          +0.059*[#   5]+0.008*[#   4]+0.008*[#   8]
    |psi|^2 = 0.742
==== e(   6) =    25.00457 eV ==== 
     psi = 0.235*[#   4]+0.235*[#   8]+0.127*[#   3]+0.127*[#   7]+0.051*[#   1]
          +0.051*[#   5]+0.004*[#   2]+0.004*[#   6]
    |psi|^2 = 0.833
==== e(   7) =    27.53533 eV ==== 
     psi = 0.226*[#   1]+0.226*[#   5]+0.112*[#   4]+0.112*[#   8]+0.041*[#   3]
          +0.041*[#   7]+0.021*[#   2]+0.021*[#   6]
    |psi|^2 = 0.799
==== e(   8) =    29.16957 eV ==== 
     psi = 0.201*[#   2]+0.201*[#   6]+0.137*[#   1]+0.137*[#   5]+0.114*[#   3]
          +0.114*[#   7]+0.009*[#   4]+0.009*[#   8]
    |psi|^2 = 0.923

 k =   0.2651650429  0.6187184335 -0.0883883476
==== e(   1) =    -1.79432 eV ==== 
     psi = 0.266*[#   1]+0.266*[#   5]+0.185*[#   4]+0.185*[#   8]+0.034*[#   2]
          +0.034*[#   6]+0.013*[#   3]+0.013*[#   7]
    |psi|^2 = 0.997
==== e(   2) =     0.98858 eV ==== 
     psi = 0.172*[#   1]+0.172*[#   5]+0.139*[#   4]+0.139*[#   8]+0.129*[#   2]
          +0.129*[#   6]+0.058*[#   3]+0.058*[#   7]
    |psi|^2 = 0.997
==== e(   3) =     4.11465 eV ==== 
     psi = 0.181*[#   4]+0.181*[#   8]+0.144*[#   2]+0.144*[#   6]+0.134*[#   3]
          +0.134*[#   7]+0.039*[#   1]+0.039*[#   5]
    |psi|^2 = 0.997
==== e(   4) =     6.17076 eV ==== 
     psi = 0.223*[#   3]+0.223*[#   7]+0.215*[#   2]+0.215*[#   6]+0.055*[#   4]
          +0.055*[#   8]+0.006*[#   1]+0.006*[#   5]
    |psi|^2 = 0.998
==== e(   5) =    21.55961 eV ==== 
     psi = 0.188*[#   4]+0.188*[#   8]+0.111*[#   1]+0.111*[#   5]+0.079*[#   3]
          +0.079*[#   7]+0.005*[#   2]+0.005*[#   6]
    |psi|^2 = 0.767
==== e(   6) =    25.03985 eV ==== 
     psi = 0.117*[#   3]+0.117*[#   7]+0.116*[#   4]+0.116*[#   8]+0.070*[#   1]
          +0.070*[#   5]+0.014*[#   2]+0.014*[#   6]
    |psi|^2 = 0.633
==== e(   7) =    27.00617 eV ==== 
     psi = 0.203*[#   2]+0.203*[#   6]+0.166*[#   1]+0.166*[#   5]+0.052*[#   3]
          +0.052*[#   7]+0.041*[#   4]+0.041*[#   8]
    |psi|^2 = 0.923
==== e(   8) =    29.58916 eV ==== 
     psi = 0.195*[#   2]+0.195*[#   6]+0.151*[#   3]+0.151*[#   7]+0.107*[#   1]
          +0.107*[#   5]+0.004*[#   4]+0.004*[#   8]
    |psi|^2 = 0.913

 k =   0.1767766953  0.7071067812 -0.1767766953
==== e(   1) =    -1.02407 eV ==== 
     psi = 0.282*[#   1]+0.282*[#   5]+0.139*[#   4]+0.139*[#   8]+0.039*[#   2]
          +0.039*[#   3]+0.039*[#   6]+0.039*[#   7]
    |psi|^2 = 0.998
==== e(   2) =     0.42387 eV ==== 
     psi = 0.257*[#   4]+0.257*[#   8]+0.186*[#   1]+0.186*[#   5]+0.028*[#   2]
          +0.028*[#   3]+0.028*[#   6]+0.028*[#   7]
    |psi|^2 = 0.997
==== e(   3) =     3.16886 eV ==== 
     psi = 0.170*[#   2]+0.170*[#   3]+0.170*[#   6]+0.170*[#   7]+0.158*[#   4]
          +0.158*[#   8]
    |psi|^2 = 0.996
==== e(   4) =     7.16735 eV ==== 
     psi = 0.250*[#   2]+0.250*[#   3]+0.250*[#   6]+0.250*[#   7]
    |psi|^2 = 0.999
==== e(   5) =    19.65174 eV ==== 
     psi = 0.199*[#   4]+0.199*[#   8]+0.157*[#   1]+0.157*[#   5]+0.020*[#   2]
          +0.020*[#   3]+0.020*[#   6]+0.020*[#   7]
    |psi|^2 = 0.794
==== e(   6) =    24.92906 eV ==== 
     psi = 0.147*[#   4]+0.147*[#   8]+0.144*[#   1]+0.144*[#   5]+0.025*[#   2]
          +0.025*[#   3]+0.025*[#   6]+0.025*[#   7]
    |psi|^2 = 0.685
==== e(   7) =    28.92368 eV ==== 
     psi = 0.239*[#   2]+0.239*[#   3]+0.239*[#   6]+0.239*[#   7]
    |psi|^2 = 0.957
==== e(   8) =    30.39899 eV ==== 
     psi = 0.154*[#   2]+0.154*[#   3]+0.154*[#   6]+0.154*[#   7]+0.140*[#   1]
          +0.140*[#   5]+0.003*[#   4]+0.003*[#   8]
    |psi|^2 = 0.902

 k =   0.7954951288  0.0883883476  0.4419417382
==== e(   1) =    -1.80311 eV ==== 
     psi = 0.267*[#   1]+0.267*[#   5]+0.185*[#   4]+0.185*[#   8]+0.034*[#   3]
          +0.034*[#   7]+0.013*[#   2]+0.013*[#   6]
    |psi|^2 = 0.997
==== e(   2) =     1.01736 eV ==== 
     psi = 0.172*[#   1]+0.172*[#   5]+0.140*[#   4]+0.140*[#   8]+0.129*[#   3]
          +0.129*[#   7]+0.058*[#   2]+0.058*[#   6]
    |psi|^2 = 0.997
==== e(   3) =     4.09311 eV ==== 
     psi = 0.181*[#   4]+0.181*[#   8]+0.143*[#   3]+0.143*[#   7]+0.135*[#   2]
          +0.135*[#   6]+0.039*[#   1]+0.039*[#   5]
    |psi|^2 = 0.997
==== e(   4) =     6.17109 eV ==== 
     psi = 0.223*[#   2]+0.223*[#   6]+0.216*[#   3]+0.216*[#   7]+0.054*[#   4]
          +0.054*[#   8]+0.006*[#   1]+0.006*[#   5]
    |psi|^2 = 0.998
==== e(   5) =    21.56552 eV ==== 
     psi = 0.188*[#   4]+0.188*[#   8]+0.112*[#   1]+0.112*[#   5]+0.079*[#   2]
          +0.079*[#   6]+0.005*[#   3]+0.005*[#   7]
    |psi|^2 = 0.767
==== e(   6) =    25.01617 eV ==== 
     psi = 0.118*[#   2]+0.118*[#   6]+0.114*[#   4]+0.114*[#   8]+0.069*[#   1]
          +0.069*[#   5]+0.016*[#   3]+0.016*[#   7]
    |psi|^2 = 0.635
==== e(   7) =    27.01667 eV ==== 
     psi = 0.201*[#   3]+0.201*[#   7]+0.168*[#   1]+0.168*[#   5]+0.050*[#   2]
          +0.050*[#   6]+0.043*[#   4]+0.043*[#   8]
    |psi|^2 = 0.925
==== e(   8) =    29.58584 eV ==== 
     psi = 0.194*[#   3]+0.194*[#   7]+0.153*[#   2]+0.153*[#   6]+0.107*[#   1]
          +0.107*[#   5]+0.003*[#   4]+0.003*[#   8]
    |psi|^2 = 0.913

 k =   0.7071067812  0.1767766953  0.3535533906
==== e(   1) =    -2.67103 eV ==== 
     psi = 0.270*[#   1]+0.270*[#   5]+0.152*[#   4]+0.152*[#   8]+0.045*[#   2]
          +0.045*[#   6]+0.031*[#   3]+0.031*[#   7]
    |psi|^2 = 0.997
==== e(   2) =     1.83088 eV ==== 
     psi = 0.208*[#   3]+0.208*[#   7]+0.173*[#   1]+0.173*[#   5]+0.076*[#   4]
          +0.076*[#   8]+0.042*[#   2]+0.042*[#   6]
    |psi|^2 = 0.998
==== e(   3) =     3.63612 eV ==== 
     psi = 0.251*[#   3]+0.251*[#   7]+0.138*[#   2]+0.138*[#   6]+0.073*[#   4]
          +0.073*[#   8]+0.035*[#   1]+0.035*[#   5]
    |psi|^2 = 0.996
==== e(   4) =     7.10866 eV ==== 
     psi = 0.245*[#   4]+0.245*[#   8]+0.209*[#   2]+0.209*[#   6]+0.035*[#   3]
          +0.035*[#   7]+0.010*[#   1]+0.010*[#   5]
    |psi|^2 = 0.998
==== e(   5) =    22.42062 eV ==== 
     psi = 0.190*[#   3]+0.190*[#   7]+0.114*[#   2]+0.114*[#   6]+0.060*[#   1]
          +0.059*[#   5]+0.008*[#   4]+0.008*[#   8]
    |psi|^2 = 0.743
==== e(   6) =    25.02475 eV ==== 
     psi = 0.235*[#   4]+0.235*[#   8]+0.125*[#   2]+0.125*[#   6]+0.052*[#   1]
          +0.052*[#   5]+0.005*[#   3]+0.005*[#   7]
    |psi|^2 = 0.833
==== e(   7) =    27.54206 eV ==== 
     psi = 0.226*[#   1]+0.226*[#   5]+0.112*[#   4]+0.112*[#   8]+0.041*[#   2]
          +0.041*[#   6]+0.021*[#   3]+0.021*[#   7]
    |psi|^2 = 0.800
==== e(   8) =    29.15501 eV ==== 
     psi = 0.202*[#   3]+0.202*[#   7]+0.135*[#   1]+0.135*[#   5]+0.117*[#   2]
          +0.117*[#   6]+0.008*[#   4]+0.008*[#   8]
    |psi|^2 = 0.923

 k =   0.6187184335  0.2651650429  0.2651650429
==== e(   1) =    -2.91659 eV ==== 
     psi = 0.294*[#   1]+0.294*[#   5]+0.082*[#   2]+0.082*[#   4]+0.082*[#   6]
          +0.082*[#   8]+0.041*[#   3]+0.041*[#   7]
    |psi|^2 = 0.997
==== e(   2) =     0.63192 eV ==== 
     psi = 0.205*[#   3]+0.205*[#   7]+0.115*[#   1]+0.115*[#   5]+0.088*[#   2]
          +0.088*[#   4]+0.088*[#   6]+0.088*[#   8]
    |psi|^2 = 0.994
==== e(   3) =     4.78014 eV ==== 
     psi = 0.270*[#   3]+0.270*[#   7]+0.081*[#   2]+0.081*[#   4]+0.081*[#   6]
          +0.081*[#   8]+0.067*[#   1]+0.067*[#   5]
    |psi|^2 = 0.998
==== e(   4) =     8.39347 eV ==== 
     psi = 0.250*[#   2]+0.250*[#   4]+0.250*[#   6]+0.250*[#   8]
    |psi|^2 = 0.998
==== e(   5) =    20.89123 eV ==== 
     psi = 0.226*[#   3]+0.226*[#   7]+0.103*[#   1]+0.103*[#   5]+0.035*[#   2]
          +0.035*[#   4]+0.035*[#   6]+0.035*[#   8]
    |psi|^2 = 0.799
==== e(   6) =    26.13348 eV ==== 
     psi = 0.232*[#   2]+0.232*[#   4]+0.232*[#   6]+0.232*[#   8]
    |psi|^2 = 0.928
==== e(   7) =    27.83739 eV ==== 
     psi = 0.214*[#   1]+0.214*[#   5]+0.076*[#   2]+0.076*[#   4]+0.076*[#   6]
          +0.076*[#   8]+0.071*[#   3]+0.071*[#   7]
    |psi|^2 = 0.874
==== e(   8) =    29.33397 eV ==== 
     psi = 0.133*[#   1]+0.133*[#   5]+0.127*[#   3]+0.127*[#   7]+0.054*[#   2]
          +0.054*[#   4]+0.054*[#   6]+0.054*[#   8]
    |psi|^2 = 0.737

 k =   0.5303300859  0.3535533906  0.1767766953
==== e(   1) =    -2.81988 eV ==== 
     psi = 0.325*[#   1]+0.325*[#   5]+0.074*[#   3]+0.074*[#   7]+0.073*[#   2]
          +0.073*[#   6]+0.027*[#   4]+0.027*[#   8]
    |psi|^2 = 0.999
==== e(   2) =    -0.21511 eV ==== 
     psi = 0.143*[#   3]+0.143*[#   7]+0.142*[#   2]+0.142*[#   6]+0.126*[#   4]
          +0.126*[#   8]+0.084*[#   1]+0.084*[#   5]
    |psi|^2 = 0.991
==== e(   3) =     6.26053 eV ==== 
     psi = 0.193*[#   2]+0.193*[#   6]+0.188*[#   3]+0.188*[#   7]+0.070*[#   1]
          +0.070*[#   5]+0.048*[#   4]+0.048*[#   8]
    |psi|^2 = 0.998
==== e(   4) =     7.90145 eV ==== 
     psi = 0.257*[#   4]+0.257*[#   8]+0.122*[#   3]+0.122*[#   7]+0.118*[#   2]
          +0.118*[#   6]+0.003*[#   1]+0.003*[#   5]
    |psi|^2 = 0.998
==== e(   5) =    22.34125 eV ==== 
     psi = 0.137*[#   3]+0.137*[#   7]+0.132*[#   2]+0.132*[#   6]+0.096*[#   4]
          +0.096*[#   8]+0.016*[#   1]+0.016*[#   5]
    |psi|^2 = 0.763
==== e(   6) =    23.72823 eV ==== 
     psi = 0.154*[#   1]+0.154*[#   5]+0.099*[#   2]+0.099*[#   6]+0.093*[#   3]
          +0.093*[#   7]+0.091*[#   4]+0.091*[#   8]
    |psi|^2 = 0.873
==== e(   7) =    27.63731 eV ==== 
     psi = 0.206*[#   4]+0.206*[#   8]+0.154*[#   1]+0.154*[#   5]+0.059*[#   3]
          +0.059*[#   7]+0.056*[#   2]+0.056*[#   6]
    |psi|^2 = 0.953
==== e(   8) =    29.40141 eV ==== 
     psi = 0.134*[#   1]+0.134*[#   5]+0.113*[#   2]+0.113*[#   6]+0.110*[#   3]
          +0.110*[#   7]+0.038*[#   4]+0.038*[#   8]
    |psi|^2 = 0.790

 k =  -0.1767766953 -0.1767766953 -0.5303300859
==== e(   1) =    -3.68726 eV ==== 
     psi = 0.271*[#   1]+0.271*[#   5]+0.193*[#   2]+0.193*[#   6]+0.017*[#   3]
          +0.017*[#   7]+0.017*[#   4]+0.017*[#   8]
    |psi|^2 = 0.995
==== e(   2) =     1.46758 eV ==== 
     psi = 0.136*[#   3]+0.136*[#   7]+0.136*[#   4]+0.136*[#   8]+0.135*[#   1]
          +0.135*[#   5]+0.091*[#   2]+0.091*[#   6]
    |psi|^2 = 0.995
==== e(   3) =     5.86231 eV ==== 
     psi = 0.269*[#   2]+0.269*[#   6]+0.085*[#   4]+0.085*[#   8]+0.082*[#   3]
          +0.082*[#   7]+0.063*[#   1]+0.063*[#   5]
    |psi|^2 = 0.998
==== e(   4) =     7.68608 eV ==== 
     psi = 0.251*[#   3]+0.251*[#   7]+0.249*[#   4]+0.249*[#   8]
    |psi|^2 = 0.999
==== e(   5) =    20.10557 eV ==== 
     psi = 0.230*[#   2]+0.230*[#   6]+0.138*[#   1]+0.138*[#   5]+0.024*[#   3]
          +0.024*[#   7]+0.022*[#   4]+0.022*[#   8]
    |psi|^2 = 0.826
==== e(   6) =    25.58986 eV ==== 
     psi = 0.134*[#   1]+0.134*[#   5]+0.119*[#   2]+0.119*[#   6]+0.032*[#   4]
          +0.032*[#   8]+0.032*[#   3]+0.032*[#   7]
    |psi|^2 = 0.633
==== e(   7) =    27.17699 eV ==== 
     psi = 0.228*[#   4]+0.228*[#   8]+0.227*[#   3]+0.227*[#   7]
    |psi|^2 = 0.911
==== e(   8) =    27.90645 eV ==== 
     psi = 0.165*[#   1]+0.165*[#   5]+0.131*[#   3]+0.131*[#   7]+0.130*[#   4]
          +0.130*[#   8]+0.018*[#   2]+0.018*[#   6]
    |psi|^2 = 0.889

 k =  -0.2651650429 -0.0883883476 -0.6187184335
==== e(   1) =    -1.79432 eV ==== 
     psi = 0.266*[#   1]+0.266*[#   5]+0.185*[#   2]+0.185*[#   6]+0.034*[#   4]
          +0.034*[#   8]+0.013*[#   3]+0.013*[#   7]
    |psi|^2 = 0.997
==== e(   2) =     0.99409 eV ==== 
     psi = 0.173*[#   1]+0.173*[#   5]+0.138*[#   2]+0.138*[#   6]+0.129*[#   4]
          +0.129*[#   8]+0.059*[#   3]+0.059*[#   7]
    |psi|^2 = 0.997
==== e(   3) =     4.08685 eV ==== 
     psi = 0.181*[#   2]+0.181*[#   6]+0.144*[#   4]+0.144*[#   8]+0.134*[#   3]
          +0.134*[#   7]+0.039*[#   1]+0.039*[#   5]
    |psi|^2 = 0.997
==== e(   4) =     6.19469 eV ==== 
     psi = 0.223*[#   3]+0.223*[#   7]+0.215*[#   4]+0.215*[#   8]+0.055*[#   2]
          +0.055*[#   6]+0.006*[#   1]+0.006*[#   5]
    |psi|^2 = 0.998
==== e(   5) =    21.58091 eV ==== 
     psi = 0.189*[#   2]+0.189*[#   6]+0.111*[#   1]+0.111*[#   5]+0.079*[#   3]
          +0.079*[#   7]+0.004*[#   4]+0.004*[#   8]
    |psi|^2 = 0.766
==== e(   6) =    25.00599 eV ==== 
     psi = 0.119*[#   3]+0.119*[#   7]+0.114*[#   2]+0.114*[#   6]+0.069*[#   1]
          +0.069*[#   5]+0.015*[#   4]+0.015*[#   8]
    |psi|^2 = 0.634
==== e(   7) =    27.00774 eV ==== 
     psi = 0.203*[#   4]+0.203*[#   8]+0.166*[#   1]+0.166*[#   5]+0.051*[#   3]
          +0.051*[#   7]+0.042*[#   2]+0.042*[#   6]
    |psi|^2 = 0.924
==== e(   8) =    29.58971 eV ==== 
     psi = 0.193*[#   4]+0.193*[#   8]+0.151*[#   3]+0.151*[#   7]+0.108*[#   1]
          +0.108*[#   5]+0.004*[#   2]+0.004*[#   6]
    |psi|^2 = 0.913

 k =  -0.3535533906  0.0000000000 -0.7071067812
==== e(   1) =     0.07960 eV ==== 
     psi = 0.247*[#   5]+0.247*[#   1]+0.126*[#   2]+0.126*[#   4]+0.126*[#   6]
          +0.126*[#   8]
    |psi|^2 = 0.998
==== e(   2) =     0.09791 eV ==== 
     psi = 0.247*[#   1]+0.246*[#   5]+0.126*[#   2]+0.126*[#   4]+0.126*[#   6]
          +0.126*[#   8]
    |psi|^2 = 0.998
==== e(   3) =     4.14879 eV ==== 
     psi = 0.202*[#   7]+0.201*[#   3]+0.149*[#   2]+0.149*[#   4]+0.148*[#   6]
          +0.148*[#   8]
    |psi|^2 = 0.998
==== e(   4) =     4.16842 eV ==== 
     psi = 0.203*[#   3]+0.201*[#   7]+0.149*[#   6]+0.149*[#   8]+0.148*[#   2]
          +0.148*[#   4]
    |psi|^2 = 0.998
==== e(   5) =    24.67101 eV ==== 
     psi = 0.174*[#   7]+0.172*[#   3]+0.063*[#   2]+0.063*[#   4]+0.062*[#   6]
          +0.062*[#   8]
    |psi|^2 = 0.596
==== e(   6) =    24.71231 eV ==== 
     psi = 0.172*[#   3]+0.171*[#   7]+0.063*[#   6]+0.063*[#   8]+0.062*[#   2]
          +0.062*[#   4]
    |psi|^2 = 0.592
==== e(   7) =    26.78163 eV ==== 
     psi = 0.234*[#   1]+0.234*[#   5]+0.118*[#   2]+0.118*[#   4]+0.118*[#   6]
          +0.118*[#   8]
    |psi|^2 = 0.940
==== e(   8) =    26.79862 eV ==== 
     psi = 0.234*[#   5]+0.234*[#   1]+0.118*[#   2]+0.118*[#   4]+0.118*[#   6]
          +0.118*[#   8]
    |psi|^2 = 0.940

 k =  -0.4419417382  0.0883883476 -0.7954951288
==== e(   1) =    -1.80311 eV ==== 
     psi = 0.267*[#   1]+0.267*[#   5]+0.185*[#   4]+0.185*[#   8]+0.034*[#   2]
          +0.034*[#   6]+0.013*[#   3]+0.013*[#   7]
    |psi|^2 = 0.997
==== e(   2) =     1.01736 eV ==== 
     psi = 0.172*[#   1]+0.172*[#   5]+0.140*[#   4]+0.140*[#   8]+0.129*[#   2]
          +0.129*[#   6]+0.058*[#   3]+0.058*[#   7]
    |psi|^2 = 0.997
==== e(   3) =     4.09311 eV ==== 
     psi = 0.181*[#   4]+0.181*[#   8]+0.143*[#   2]+0.143*[#   6]+0.135*[#   3]
          +0.135*[#   7]+0.039*[#   1]+0.039*[#   5]
    |psi|^2 = 0.997
==== e(   4) =     6.17109 eV ==== 
     psi = 0.223*[#   3]+0.223*[#   7]+0.216*[#   2]+0.216*[#   6]+0.054*[#   4]
          +0.054*[#   8]+0.006*[#   1]+0.006*[#   5]
    |psi|^2 = 0.998
==== e(   5) =    21.56552 eV ==== 
     psi = 0.188*[#   4]+0.188*[#   8]+0.112*[#   1]+0.112*[#   5]+0.079*[#   3]
          +0.079*[#   7]+0.005*[#   2]+0.005*[#   6]
    |psi|^2 = 0.767
==== e(   6) =    25.01617 eV ==== 
     psi = 0.118*[#   3]+0.118*[#   7]+0.114*[#   4]+0.114*[#   8]+0.069*[#   1]
          +0.069*[#   5]+0.016*[#   2]+0.016*[#   6]
    |psi|^2 = 0.635
==== e(   7) =    27.01667 eV ==== 
     psi = 0.201*[#   2]+0.201*[#   6]+0.168*[#   1]+0.168*[#   5]+0.050*[#   3]
          +0.050*[#   7]+0.043*[#   4]+0.043*[#   8]
    |psi|^2 = 0.925
==== e(   8) =    29.58584 eV ==== 
     psi = 0.194*[#   2]+0.194*[#   6]+0.153*[#   3]+0.153*[#   7]+0.107*[#   1]
          +0.107*[#   5]+0.003*[#   4]+0.003*[#   8]
    |psi|^2 = 0.913

 k =   0.1767766953 -0.5303300859 -0.1767766953
==== e(   1) =    -3.69041 eV ==== 
     psi = 0.272*[#   1]+0.272*[#   5]+0.193*[#   4]+0.193*[#   8]+0.016*[#   2]
          +0.016*[#   3]+0.016*[#   6]+0.016*[#   7]
    |psi|^2 = 0.995
==== e(   2) =     1.48693 eV ==== 
     psi = 0.136*[#   2]+0.136*[#   3]+0.136*[#   6]+0.136*[#   7]+0.134*[#   1]
          +0.134*[#   5]+0.091*[#   4]+0.091*[#   8]
    |psi|^2 = 0.995
==== e(   3) =     5.85999 eV ==== 
     psi = 0.269*[#   4]+0.269*[#   8]+0.083*[#   2]+0.083*[#   3]+0.083*[#   6]
          +0.083*[#   7]+0.063*[#   1]+0.063*[#   5]
    |psi|^2 = 0.998
==== e(   4) =     7.66926 eV ==== 
     psi = 0.250*[#   2]+0.250*[#   3]+0.250*[#   6]+0.250*[#   7]
    |psi|^2 = 0.999
==== e(   5) =    20.09288 eV ==== 
     psi = 0.229*[#   4]+0.229*[#   8]+0.139*[#   1]+0.139*[#   5]+0.023*[#   2]
          +0.023*[#   3]+0.023*[#   6]+0.023*[#   7]
    |psi|^2 = 0.827
==== e(   6) =    25.59550 eV ==== 
     psi = 0.132*[#   1]+0.132*[#   5]+0.120*[#   4]+0.120*[#   8]+0.032*[#   2]
          +0.032*[#   3]+0.032*[#   6]+0.032*[#   7]
    |psi|^2 = 0.632
==== e(   7) =    27.18848 eV ==== 
     psi = 0.228*[#   2]+0.228*[#   3]+0.228*[#   6]+0.228*[#   7]
    |psi|^2 = 0.910
==== e(   8) =    27.89788 eV ==== 
     psi = 0.167*[#   1]+0.167*[#   5]+0.130*[#   2]+0.130*[#   3]+0.130*[#   6]
          +0.130*[#   7]+0.019*[#   4]+0.019*[#   8]
    |psi|^2 = 0.892

 k =   0.0883883476 -0.4419417382 -0.2651650429
==== e(   1) =    -4.96650 eV ==== 
     psi = 0.277*[#   1]+0.277*[#   5]+0.161*[#   4]+0.161*[#   8]+0.048*[#   2]
          +0.048*[#   6]+0.012*[#   3]+0.012*[#   7]
    |psi|^2 = 0.994
==== e(   2) =     2.54988 eV ==== 
     psi = 0.184*[#   3]+0.184*[#   7]+0.127*[#   1]+0.127*[#   5]+0.105*[#   2]
          +0.105*[#   6]+0.082*[#   4]+0.082*[#   8]
    |psi|^2 = 0.995
==== e(   3) =     6.26943 eV ==== 
     psi = 0.256*[#   3]+0.256*[#   7]+0.090*[#   4]+0.090*[#   8]+0.090*[#   2]
          +0.090*[#   6]+0.063*[#   1]+0.063*[#   5]
    |psi|^2 = 0.997
==== e(   4) =     8.58426 eV ==== 
     psi = 0.223*[#   4]+0.223*[#   8]+0.222*[#   2]+0.222*[#   6]+0.042*[#   3]
          +0.042*[#   7]+0.011*[#   1]+0.011*[#   5]
    |psi|^2 = 0.997
==== e(   5) =    22.06657 eV ==== 
     psi = 0.248*[#   4]+0.248*[#   8]+0.076*[#   2]+0.076*[#   6]+0.070*[#   1]
          +0.070*[#   5]+0.034*[#   3]+0.034*[#   7]
    |psi|^2 = 0.855
==== e(   6) =    23.81676 eV ==== 
     psi = 0.202*[#   3]+0.202*[#   7]+0.126*[#   2]+0.126*[#   6]+0.063*[#   1]
          +0.063*[#   5]+0.019*[#   4]+0.019*[#   8]
    |psi|^2 = 0.820
==== e(   7) =    26.88722 eV ==== 
     psi = 0.229*[#   1]+0.229*[#   5]+0.088*[#   4]+0.088*[#   8]+0.079*[#   2]
          +0.079*[#   6]+0.022*[#   3]+0.022*[#   7]
    |psi|^2 = 0.835
==== e(   8) =    27.71814 eV ==== 
     psi = 0.165*[#   3]+0.165*[#   7]+0.160*[#   2]+0.160*[#   6]+0.069*[#   1]
          +0.069*[#   5]+0.010*[#   4]+0.010*[#   8]
    |psi|^2 = 0.808

 k =   0.0000000000 -0.3535533906 -0.3535533906
==== e(   1) =    -5.39090 eV ==== 
     psi = 0.279*[#   1]+0.279*[#   5]+0.105*[#   2]+0.105*[#   4]+0.105*[#   6]
          +0.105*[#   8]+0.009*[#   3]+0.009*[#   7]
    |psi|^2 = 0.994
==== e(   2) =     3.72736 eV ==== 
     psi = 0.194*[#   3]+0.194*[#   7]+0.131*[#   1]+0.131*[#   5]+0.087*[#   2]
          +0.087*[#   4]+0.087*[#   6]+0.087*[#   8]
    |psi|^2 = 0.998
==== e(   3) =     4.92982 eV ==== 
     psi = 0.274*[#   3]+0.274*[#   7]+0.079*[#   2]+0.079*[#   4]+0.079*[#   6]
          +0.079*[#   8]+0.066*[#   1]+0.066*[#   5]
    |psi|^2 = 0.995
==== e(   4) =     9.67015 eV ==== 
     psi = 0.249*[#   2]+0.249*[#   4]+0.249*[#   6]+0.249*[#   8]
    |psi|^2 = 0.998
==== e(   5) =    22.05848 eV ==== 
     psi = 0.251*[#   3]+0.251*[#   7]+0.075*[#   1]+0.075*[#   5]+0.043*[#   2]
          +0.043*[#   4]+0.043*[#   6]+0.043*[#   8]
    |psi|^2 = 0.824
==== e(   6) =    24.26221 eV ==== 
     psi = 0.239*[#   2]+0.239*[#   4]+0.239*[#   6]+0.239*[#   8]
    |psi|^2 = 0.955
==== e(   7) =    26.72951 eV ==== 
     psi = 0.177*[#   3]+0.177*[#   7]+0.125*[#   1]+0.125*[#   5]+0.061*[#   2]
          +0.061*[#   4]+0.061*[#   6]+0.061*[#   8]
    |psi|^2 = 0.851
==== e(   8) =    28.53515 eV ==== 
     psi = 0.266*[#   1]+0.266*[#   5]+0.069*[#   2]+0.069*[#   4]+0.069*[#   6]
          +0.069*[#   8]+0.007*[#   3]+0.007*[#   7]
    |psi|^2 = 0.820

 k =  -0.0883883476 -0.2651650429 -0.4419417382
==== e(   1) =    -4.96548 eV ==== 
     psi = 0.277*[#   1]+0.277*[#   5]+0.161*[#   2]+0.161*[#   6]+0.048*[#   4]
          +0.048*[#   8]+0.012*[#   3]+0.012*[#   7]
    |psi|^2 = 0.994
==== e(   2) =     2.53291 eV ==== 
     psi = 0.184*[#   3]+0.184*[#   7]+0.127*[#   1]+0.127*[#   5]+0.105*[#   4]
          +0.105*[#   8]+0.082*[#   2]+0.082*[#   6]
    |psi|^2 = 0.995
==== e(   3) =     6.29029 eV ==== 
     psi = 0.255*[#   3]+0.255*[#   7]+0.091*[#   2]+0.091*[#   6]+0.090*[#   4]
          +0.090*[#   8]+0.063*[#   1]+0.063*[#   5]
    |psi|^2 = 0.997
==== e(   4) =     8.57951 eV ==== 
     psi = 0.223*[#   2]+0.223*[#   6]+0.222*[#   4]+0.222*[#   8]+0.042*[#   3]
          +0.042*[#   7]+0.011*[#   1]+0.011*[#   5]
    |psi|^2 = 0.997
==== e(   5) =    22.07398 eV ==== 
     psi = 0.247*[#   2]+0.247*[#   6]+0.075*[#   4]+0.075*[#   8]+0.068*[#   1]
          +0.068*[#   5]+0.036*[#   3]+0.036*[#   7]
    |psi|^2 = 0.854
==== e(   6) =    23.82550 eV ==== 
     psi = 0.200*[#   3]+0.200*[#   7]+0.126*[#   4]+0.126*[#   8]+0.063*[#   1]
          +0.063*[#   5]+0.020*[#   2]+0.020*[#   6]
    |psi|^2 = 0.820
==== e(   7) =    26.87275 eV ==== 
     psi = 0.229*[#   1]+0.229*[#   5]+0.086*[#   2]+0.086*[#   6]+0.081*[#   4]
          +0.081*[#   8]+0.023*[#   3]+0.023*[#   7]
    |psi|^2 = 0.838
==== e(   8) =    27.72986 eV ==== 
     psi = 0.164*[#   3]+0.164*[#   7]+0.158*[#   4]+0.158*[#   8]+0.069*[#   1]
          +0.069*[#   5]+0.010*[#   2]+0.010*[#   6]
    |psi|^2 = 0.803

 k =  -0.0883883476 -0.0883883476 -0.4419417382
==== e(   1) =    -6.14522 eV ==== 
     psi = 0.274*[#   1]+0.274*[#   5]+0.208*[#   2]+0.208*[#   6]+0.007*[#   3]
          +0.007*[#   7]+0.007*[#   4]+0.007*[#   8]
    |psi|^2 = 0.993
==== e(   2) =     5.04926 eV ==== 
     psi = 0.148*[#   2]+0.148*[#   6]+0.120*[#   1]+0.120*[#   5]+0.115*[#   3]
          +0.115*[#   7]+0.115*[#   4]+0.115*[#   8]
    |psi|^2 = 0.997
==== e(   3) =     7.46034 eV ==== 
     psi = 0.217*[#   2]+0.217*[#   6]+0.121*[#   4]+0.121*[#   8]+0.109*[#   3]
          +0.109*[#   7]+0.052*[#   1]+0.052*[#   5]
    |psi|^2 = 0.998
==== e(   4) =     7.71678 eV ==== 
     psi = 0.255*[#   3]+0.255*[#   7]+0.244*[#   4]+0.244*[#   8]
    |psi|^2 = 0.998
==== e(   5) =    19.18929 eV ==== 
     psi = 0.264*[#   2]+0.264*[#   6]+0.167*[#   1]+0.167*[#   5]+0.016*[#   3]
          +0.016*[#   7]+0.015*[#   4]+0.015*[#   8]
    |psi|^2 = 0.923
==== e(   6) =    23.38970 eV ==== 
     psi = 0.178*[#   1]+0.177*[#   5]+0.088*[#   2]+0.088*[#   6]+0.013*[#   4]
          +0.013*[#   8]+0.012*[#   3]+0.012*[#   7]
    |psi|^2 = 0.582
==== e(   7) =    27.28391 eV ==== 
     psi = 0.235*[#   4]+0.235*[#   8]+0.233*[#   3]+0.233*[#   7]
    |psi|^2 = 0.936
==== e(   8) =    27.42723 eV ==== 
     psi = 0.201*[#   3]+0.201*[#   7]+0.199*[#   4]+0.199*[#   8]+0.065*[#   1]
          +0.065*[#   5]+0.003*[#   2]+0.003*[#   6]
    |psi|^2 = 0.936

 k =  -0.1767766953 -0.0000000000 -0.5303300859
==== e(   1) =    -4.23088 eV ==== 
     psi = 0.256*[#   1]+0.256*[#   5]+0.220*[#   2]+0.220*[#   6]+0.016*[#   3]
          +0.016*[#   7]+0.005*[#   4]+0.005*[#   8]
    |psi|^2 = 0.994
==== e(   2) =     3.40059 eV ==== 
     psi = 0.205*[#   2]+0.205*[#   6]+0.174*[#   1]+0.174*[#   5]+0.092*[#   4]
          +0.092*[#   8]+0.028*[#   3]+0.028*[#   7]
    |psi|^2 = 0.998
==== e(   3) =     5.52101 eV ==== 
     psi = 0.267*[#   4]+0.267*[#   8]+0.177*[#   3]+0.177*[#   7]+0.032*[#   1]
          +0.032*[#   5]+0.024*[#   2]+0.024*[#   6]
    |psi|^2 = 0.997
==== e(   4) =     6.66073 eV ==== 
     psi = 0.230*[#   3]+0.230*[#   7]+0.136*[#   4]+0.136*[#   8]+0.128*[#   2]
          +0.128*[#   6]+0.005*[#   1]+0.005*[#   5]
    |psi|^2 = 0.998
==== e(   5) =    20.35675 eV ==== 
     psi = 0.234*[#   2]+0.234*[#   6]+0.151*[#   1]+0.151*[#   5]+0.045*[#   3]
          +0.045*[#   7]+0.010*[#   4]+0.010*[#   8]
    |psi|^2 = 0.880
==== e(   6) =    22.60273 eV ==== 
     psi = 0.152*[#   1]+0.151*[#   5]+0.103*[#   2]+0.103*[#   6]+0.050*[#   3]
          +0.050*[#   7]+0.002*[#   4]+0.002*[#   8]
    |psi|^2 = 0.614
==== e(   7) =    27.47615 eV ==== 
     psi = 0.233*[#   4]+0.233*[#   8]+0.125*[#   3]+0.125*[#   7]+0.090*[#   1]
          +0.090*[#   5]+0.007*[#   2]+0.007*[#   6]
    |psi|^2 = 0.910
==== e(   8) =    29.79322 eV ==== 
     psi = 0.248*[#   3]+0.248*[#   7]+0.205*[#   4]+0.205*[#   8]+0.028*[#   1]
          +0.028*[#   5]
    |psi|^2 = 0.962

 k =  -0.2651650429  0.0883883476 -0.6187184335
==== e(   1) =    -1.79432 eV ==== 
     psi = 0.266*[#   1]+0.266*[#   5]+0.185*[#   2]+0.185*[#   6]+0.034*[#   4]
          +0.034*[#   8]+0.013*[#   3]+0.013*[#   7]
    |psi|^2 = 0.997
==== e(   2) =     0.98858 eV ==== 
     psi = 0.172*[#   1]+0.172*[#   5]+0.139*[#   2]+0.139*[#   6]+0.129*[#   4]
          +0.129*[#   8]+0.058*[#   3]+0.058*[#   7]
    |psi|^2 = 0.997
==== e(   3) =     4.11465 eV ==== 
     psi = 0.181*[#   2]+0.181*[#   6]+0.144*[#   4]+0.144*[#   8]+0.134*[#   3]
          +0.134*[#   7]+0.039*[#   1]+0.039*[#   5]
    |psi|^2 = 0.997
==== e(   4) =     6.17076 eV ==== 
     psi = 0.223*[#   3]+0.223*[#   7]+0.215*[#   4]+0.215*[#   8]+0.055*[#   2]
          +0.055*[#   6]+0.006*[#   1]+0.006*[#   5]
    |psi|^2 = 0.998
==== e(   5) =    21.55961 eV ==== 
     psi = 0.188*[#   2]+0.188*[#   6]+0.111*[#   1]+0.111*[#   5]+0.079*[#   3]
          +0.079*[#   7]+0.005*[#   4]+0.005*[#   8]
    |psi|^2 = 0.767
==== e(   6) =    25.03985 eV ==== 
     psi = 0.117*[#   3]+0.117*[#   7]+0.116*[#   2]+0.116*[#   6]+0.070*[#   1]
          +0.070*[#   5]+0.014*[#   4]+0.014*[#   8]
    |psi|^2 = 0.633
==== e(   7) =    27.00617 eV ==== 
     psi = 0.203*[#   4]+0.203*[#   8]+0.166*[#   1]+0.166*[#   5]+0.052*[#   3]
          +0.052*[#   7]+0.041*[#   2]+0.041*[#   6]
    |psi|^2 = 0.923
==== e(   8) =    29.58916 eV ==== 
     psi = 0.195*[#   4]+0.195*[#   8]+0.151*[#   3]+0.151*[#   7]+0.107*[#   1]
          +0.107*[#   5]+0.004*[#   2]+0.004*[#   6]
    |psi|^2 = 0.913

 k =  -0.3535533906  0.1767766953 -0.7071067812
==== e(   1) =    -2.67103 eV ==== 
     psi = 0.270*[#   1]+0.270*[#   5]+0.152*[#   4]+0.152*[#   8]+0.045*[#   3]
          +0.045*[#   7]+0.031*[#   2]+0.031*[#   6]
    |psi|^2 = 0.997
==== e(   2) =     1.83088 eV ==== 
     psi = 0.208*[#   2]+0.208*[#   6]+0.173*[#   1]+0.173*[#   5]+0.076*[#   4]
          +0.076*[#   8]+0.042*[#   3]+0.042*[#   7]
    |psi|^2 = 0.998
==== e(   3) =     3.63612 eV ==== 
     psi = 0.251*[#   2]+0.251*[#   6]+0.138*[#   3]+0.138*[#   7]+0.073*[#   4]
          +0.073*[#   8]+0.035*[#   1]+0.035*[#   5]
    |psi|^2 = 0.996
==== e(   4) =     7.10866 eV ==== 
     psi = 0.245*[#   4]+0.245*[#   8]+0.209*[#   3]+0.209*[#   7]+0.035*[#   2]
          +0.035*[#   6]+0.010*[#   1]+0.010*[#   5]
    |psi|^2 = 0.998
==== e(   5) =    22.42062 eV ==== 
     psi = 0.190*[#   2]+0.190*[#   6]+0.114*[#   3]+0.114*[#   7]+0.060*[#   1]
          +0.059*[#   5]+0.008*[#   4]+0.008*[#   8]
    |psi|^2 = 0.743
==== e(   6) =    25.02475 eV ==== 
     psi = 0.235*[#   4]+0.235*[#   8]+0.125*[#   3]+0.125*[#   7]+0.052*[#   1]
          +0.052*[#   5]+0.005*[#   2]+0.005*[#   6]
    |psi|^2 = 0.833
==== e(   7) =    27.54206 eV ==== 
     psi = 0.226*[#   1]+0.226*[#   5]+0.112*[#   4]+0.112*[#   8]+0.041*[#   3]
          +0.041*[#   7]+0.021*[#   2]+0.021*[#   6]
    |psi|^2 = 0.800
==== e(   8) =    29.15501 eV ==== 
     psi = 0.202*[#   2]+0.202*[#   6]+0.135*[#   1]+0.135*[#   5]+0.117*[#   3]
          +0.117*[#   7]+0.008*[#   4]+0.008*[#   8]
    |psi|^2 = 0.923

 k =   0.2651650429 -0.4419417382 -0.0883883476
==== e(   1) =    -4.96650 eV ==== 
     psi = 0.277*[#   1]+0.277*[#   5]+0.161*[#   4]+0.161*[#   8]+0.048*[#   3]
          +0.048*[#   7]+0.012*[#   2]+0.012*[#   6]
    |psi|^2 = 0.994
==== e(   2) =     2.54988 eV ==== 
     psi = 0.184*[#   2]+0.184*[#   6]+0.127*[#   1]+0.127*[#   5]+0.105*[#   3]
          +0.105*[#   7]+0.082*[#   4]+0.082*[#   8]
    |psi|^2 = 0.995
==== e(   3) =     6.26943 eV ==== 
     psi = 0.256*[#   2]+0.256*[#   6]+0.090*[#   4]+0.090*[#   8]+0.090*[#   3]
          +0.090*[#   7]+0.063*[#   1]+0.063*[#   5]
    |psi|^2 = 0.997
==== e(   4) =     8.58426 eV ==== 
     psi = 0.223*[#   4]+0.223*[#   8]+0.222*[#   3]+0.222*[#   7]+0.042*[#   2]
          +0.042*[#   6]+0.011*[#   1]+0.011*[#   5]
    |psi|^2 = 0.997
==== e(   5) =    22.06657 eV ==== 
     psi = 0.248*[#   4]+0.248*[#   8]+0.076*[#   3]+0.076*[#   7]+0.070*[#   1]
          +0.070*[#   5]+0.034*[#   2]+0.034*[#   6]
    |psi|^2 = 0.855
==== e(   6) =    23.81676 eV ==== 
     psi = 0.202*[#   2]+0.202*[#   6]+0.126*[#   3]+0.126*[#   7]+0.063*[#   1]
          +0.063*[#   5]+0.019*[#   4]+0.019*[#   8]
    |psi|^2 = 0.820
==== e(   7) =    26.88722 eV ==== 
     psi = 0.229*[#   1]+0.229*[#   5]+0.088*[#   4]+0.088*[#   8]+0.079*[#   3]
          +0.079*[#   7]+0.022*[#   2]+0.022*[#   6]
    |psi|^2 = 0.835
==== e(   8) =    27.71814 eV ==== 
     psi = 0.165*[#   2]+0.165*[#   6]+0.160*[#   3]+0.160*[#   7]+0.069*[#   1]
          +0.069*[#   5]+0.010*[#   4]+0.010*[#   8]
    |psi|^2 = 0.808

 k =   0.1767766953 -0.3535533906 -0.1767766953
==== e(   1) =    -6.59073 eV ==== 
     psi = 0.294*[#   1]+0.294*[#   5]+0.140*[#   4]+0.140*[#   8]+0.031*[#   2]
          +0.031*[#   3]+0.031*[#   6]+0.031*[#   7]
    |psi|^2 = 0.993
==== e(   2) =     3.40409 eV ==== 
     psi = 0.142*[#   2]+0.142*[#   3]+0.142*[#   6]+0.142*[#   7]+0.126*[#   1]
          +0.126*[#   5]+0.086*[#   4]+0.086*[#   8]
    |psi|^2 = 0.994
==== e(   3) =     9.08083 eV ==== 
     psi = 0.249*[#   2]+0.249*[#   3]+0.249*[#   6]+0.249*[#   7]
    |psi|^2 = 0.998
==== e(   4) =     9.54787 eV ==== 
     psi = 0.325*[#   4]+0.325*[#   8]+0.067*[#   2]+0.067*[#   3]+0.067*[#   6]
          +0.067*[#   7]+0.040*[#   1]+0.040*[#   5]
    |psi|^2 = 0.997
==== e(   5) =    21.08990 eV ==== 
     psi = 0.300*[#   4]+0.300*[#   8]+0.081*[#   1]+0.081*[#   5]+0.036*[#   2]
          +0.036*[#   3]+0.036*[#   6]+0.036*[#   7]
    |psi|^2 = 0.906
==== e(   6) =    24.30934 eV ==== 
     psi = 0.229*[#   2]+0.229*[#   3]+0.229*[#   6]+0.229*[#   7]
    |psi|^2 = 0.915
==== e(   7) =    24.48946 eV ==== 
     psi = 0.193*[#   1]+0.193*[#   5]+0.134*[#   2]+0.134*[#   3]+0.134*[#   6]
          +0.134*[#   7]
    |psi|^2 = 0.921
==== e(   8) =    27.79079 eV ==== 
     psi = 0.161*[#   1]+0.161*[#   5]+0.082*[#   4]+0.082*[#   8]+0.037*[#   2]
          +0.037*[#   3]+0.037*[#   6]+0.037*[#   7]
    |psi|^2 = 0.635

 k =   0.0883883476 -0.2651650429 -0.2651650429
==== e(   1) =    -7.32183 eV ==== 
     psi = 0.303*[#   1]+0.303*[#   5]+0.091*[#   2]+0.091*[#   4]+0.091*[#   6]
          +0.091*[#   8]+0.011*[#   3]+0.011*[#   7]
    |psi|^2 = 0.993
==== e(   2) =     4.82258 eV ==== 
     psi = 0.173*[#   3]+0.173*[#   7]+0.114*[#   1]+0.114*[#   5]+0.105*[#   2]
          +0.105*[#   4]+0.105*[#   6]+0.105*[#   8]
    |psi|^2 = 0.994
==== e(   3) =     8.26364 eV ==== 
     psi = 0.280*[#   3]+0.280*[#   7]+0.087*[#   2]+0.087*[#   4]+0.087*[#   6]
          +0.087*[#   8]+0.044*[#   1]+0.044*[#   5]
    |psi|^2 = 0.996
==== e(   4) =    10.90024 eV ==== 
     psi = 0.249*[#   2]+0.249*[#   4]+0.249*[#   6]+0.249*[#   8]
    |psi|^2 = 0.997
==== e(   5) =    22.24739 eV ==== 
     psi = 0.238*[#   2]+0.238*[#   4]+0.238*[#   6]+0.238*[#   8]
    |psi|^2 = 0.951
==== e(   6) =    22.88136 eV ==== 
     psi = 0.306*[#   3]+0.306*[#   7]+0.059*[#   1]+0.059*[#   5]+0.043*[#   2]
          +0.043*[#   4]+0.043*[#   6]+0.043*[#   8]
    |psi|^2 = 0.903
==== e(   7) =    23.90904 eV ==== 
     psi = 0.170*[#   1]+0.170*[#   5]+0.141*[#   3]+0.141*[#   7]+0.075*[#   2]
          +0.075*[#   4]+0.075*[#   6]+0.075*[#   8]
    |psi|^2 = 0.922
==== e(   8) =    28.73227 eV ==== 
     psi = 0.235*[#   1]+0.235*[#   5]+0.061*[#   2]+0.061*[#   4]+0.061*[#   6]
          +0.061*[#   8]+0.030*[#   3]+0.030*[#   7]
    |psi|^2 = 0.774

 k =  -0.0000000000 -0.1767766953 -0.3535533906
==== e(   1) =    -7.17123 eV ==== 
     psi = 0.294*[#   1]+0.294*[#   5]+0.164*[#   2]+0.164*[#   6]+0.037*[#   4]
          +0.037*[#   8]+0.002*[#   3]+0.002*[#   7]
    |psi|^2 = 0.993
==== e(   2) =     6.11449 eV ==== 
     psi = 0.149*[#   3]+0.149*[#   7]+0.133*[#   2]+0.133*[#   6]+0.115*[#   4]
          +0.115*[#   8]+0.101*[#   1]+0.101*[#   5]
    |psi|^2 = 0.997
==== e(   3) =     7.08156 eV ==== 
     psi = 0.290*[#   3]+0.290*[#   7]+0.129*[#   4]+0.129*[#   8]+0.049*[#   1]
          +0.049*[#   5]+0.031*[#   2]+0.031*[#   6]
    |psi|^2 = 0.996
==== e(   4) =     9.84752 eV ==== 
     psi = 0.244*[#   2]+0.244*[#   6]+0.201*[#   4]+0.201*[#   8]+0.035*[#   3]
          +0.035*[#   7]+0.019*[#   1]+0.019*[#   5]
    |psi|^2 = 0.997
==== e(   5) =    20.65581 eV ==== 
     psi = 0.293*[#   2]+0.293*[#   6]+0.103*[#   1]+0.103*[#   5]+0.057*[#   4]
          +0.057*[#   8]+0.021*[#   3]+0.021*[#   7]
    |psi|^2 = 0.947
==== e(   6) =    24.27502 eV ==== 
     psi = 0.266*[#   3]+0.266*[#   7]+0.136*[#   4]+0.136*[#   8]+0.018*[#   1]
          +0.018*[#   5]+0.009*[#   2]+0.009*[#   6]
    |psi|^2 = 0.857
==== e(   7) =    25.93852 eV ==== 
     psi = 0.262*[#   4]+0.262*[#   8]+0.168*[#   3]+0.168*[#   7]+0.039*[#   1]
          +0.039*[#   5]
    |psi|^2 = 0.938
==== e(   8) =    26.07809 eV ==== 
     psi = 0.246*[#   1]+0.246*[#   5]+0.062*[#   2]+0.062*[#   6]+0.017*[#   3]
          +0.017*[#   7]+0.008*[#   4]+0.008*[#   8]
    |psi|^2 = 0.665

 k =   0.0000000000  0.0000000000 -0.3535533906
==== e(   1) =    -7.76119 eV ==== 
     psi = 0.302*[#   1]+0.302*[#   5]+0.194*[#   2]+0.194*[#   6]
    |psi|^2 = 0.993
==== e(   2) =     8.30455 eV ==== 
     psi = 0.372*[#   2]+0.372*[#   6]+0.119*[#   1]+0.119*[#   5]+0.003*[#   3]
          +0.003*[#   4]+0.003*[#   7]+0.003*[#   8]
    |psi|^2 = 0.997
==== e(   3) =     8.46473 eV ==== 
     psi = 0.250*[#   3]+0.250*[#   4]+0.250*[#   7]+0.250*[#   8]
    |psi|^2 = 0.998
==== e(   4) =     8.48677 eV ==== 
     psi = 0.246*[#   3]+0.246*[#   4]+0.246*[#   7]+0.246*[#   8]+0.005*[#   2]
          +0.005*[#   6]+0.002*[#   1]+0.002*[#   5]
    |psi|^2 = 0.998
==== e(   5) =    18.46560 eV ==== 
     psi = 0.296*[#   2]+0.296*[#   6]+0.185*[#   1]+0.185*[#   5]
    |psi|^2 = 0.962
==== e(   6) =    24.40235 eV ==== 
     psi = 0.208*[#   1]+0.208*[#   5]+0.073*[#   2]+0.073*[#   6]
    |psi|^2 = 0.562
==== e(   7) =    25.93690 eV ==== 
     psi = 0.239*[#   3]+0.239*[#   4]+0.239*[#   7]+0.239*[#   8]
    |psi|^2 = 0.955
==== e(   8) =    25.95453 eV ==== 
     psi = 0.239*[#   3]+0.239*[#   4]+0.239*[#   7]+0.239*[#   8]
    |psi|^2 = 0.954

 k =  -0.0883883476  0.0883883476 -0.4419417382
==== e(   1) =    -6.14505 eV ==== 
     psi = 0.274*[#   1]+0.274*[#   5]+0.208*[#   2]+0.208*[#   6]+0.007*[#   3]
          +0.007*[#   4]+0.007*[#   7]+0.007*[#   8]
    |psi|^2 = 0.993
==== e(   2) =     5.03806 eV ==== 
     psi = 0.150*[#   2]+0.150*[#   6]+0.121*[#   1]+0.121*[#   5]+0.114*[#   3]
          +0.114*[#   4]+0.114*[#   7]+0.114*[#   8]
    |psi|^2 = 0.997
==== e(   3) =     7.49417 eV ==== 
     psi = 0.216*[#   2]+0.216*[#   6]+0.115*[#   3]+0.115*[#   4]+0.115*[#   7]
          +0.115*[#   8]+0.052*[#   1]+0.052*[#   5]
    |psi|^2 = 0.998
==== e(   4) =     7.69620 eV ==== 
     psi = 0.250*[#   3]+0.250*[#   4]+0.250*[#   7]+0.250*[#   8]
    |psi|^2 = 0.998
==== e(   5) =    19.17822 eV ==== 
     psi = 0.264*[#   2]+0.264*[#   6]+0.167*[#   1]+0.167*[#   5]+0.015*[#   3]
          +0.015*[#   4]+0.015*[#   7]+0.015*[#   8]
    |psi|^2 = 0.923
==== e(   6) =    23.40018 eV ==== 
     psi = 0.179*[#   1]+0.179*[#   5]+0.089*[#   2]+0.089*[#   6]+0.012*[#   3]
          +0.012*[#   4]+0.012*[#   7]+0.012*[#   8]
    |psi|^2 = 0.582
==== e(   7) =    27.31577 eV ==== 
     psi = 0.234*[#   3]+0.234*[#   4]+0.234*[#   7]+0.234*[#   8]
    |psi|^2 = 0.935
==== e(   8) =    27.40571 eV ==== 
     psi = 0.201*[#   3]+0.201*[#   4]+0.201*[#   7]+0.201*[#   8]+0.063*[#   1]
          +0.063*[#   5]+0.003*[#   2]+0.003*[#   6]
    |psi|^2 = 0.934

 k =  -0.1767766953  0.1767766953 -0.5303300859
==== e(   1) =    -3.68643 eV ==== 
     psi = 0.271*[#   1]+0.271*[#   5]+0.193*[#   2]+0.193*[#   6]+0.017*[#   3]
          +0.017*[#   4]+0.017*[#   7]+0.017*[#   8]
    |psi|^2 = 0.995
==== e(   2) =     1.46125 eV ==== 
     psi = 0.135*[#   1]+0.135*[#   3]+0.135*[#   4]+0.135*[#   5]+0.135*[#   7]
          +0.135*[#   8]+0.092*[#   2]+0.092*[#   6]
    |psi|^2 = 0.995
==== e(   3) =     5.88843 eV ==== 
     psi = 0.268*[#   2]+0.268*[#   6]+0.084*[#   3]+0.084*[#   4]+0.084*[#   7]
          +0.084*[#   8]+0.063*[#   1]+0.063*[#   5]
    |psi|^2 = 0.998
==== e(   4) =     7.66466 eV ==== 
     psi = 0.250*[#   3]+0.250*[#   4]+0.250*[#   7]+0.250*[#   8]
    |psi|^2 = 0.999
==== e(   5) =    20.08700 eV ==== 
     psi = 0.229*[#   2]+0.229*[#   6]+0.138*[#   1]+0.138*[#   5]+0.023*[#   3]
          +0.023*[#   4]+0.023*[#   7]+0.023*[#   8]
    |psi|^2 = 0.828
==== e(   6) =    25.61031 eV ==== 
     psi = 0.136*[#   1]+0.136*[#   5]+0.121*[#   2]+0.121*[#   6]+0.031*[#   3]
          +0.031*[#   4]+0.031*[#   7]+0.031*[#   8]
    |psi|^2 = 0.636
==== e(   7) =    27.21940 eV ==== 
     psi = 0.227*[#   3]+0.227*[#   4]+0.227*[#   7]+0.227*[#   8]
    |psi|^2 = 0.910
==== e(   8) =    27.88753 eV ==== 
     psi = 0.162*[#   1]+0.162*[#   5]+0.132*[#   3]+0.132*[#   4]+0.132*[#   7]
          +0.132*[#   8]+0.016*[#   2]+0.016*[#   6]
    |psi|^2 = 0.883

 k =  -0.2651650429  0.2651650429 -0.6187184335
==== e(   1) =    -2.91659 eV ==== 
     psi = 0.294*[#   1]+0.294*[#   5]+0.082*[#   3]+0.082*[#   4]+0.082*[#   7]
          +0.082*[#   8]+0.041*[#   2]+0.041*[#   6]
    |psi|^2 = 0.997
==== e(   2) =     0.63192 eV ==== 
     psi = 0.205*[#   2]+0.205*[#   6]+0.115*[#   1]+0.115*[#   5]+0.088*[#   3]
          +0.088*[#   4]+0.088*[#   7]+0.088*[#   8]
    |psi|^2 = 0.994
==== e(   3) =     4.78014 eV ==== 
     psi = 0.270*[#   2]+0.270*[#   6]+0.081*[#   3]+0.081*[#   4]+0.081*[#   7]
          +0.081*[#   8]+0.067*[#   1]+0.067*[#   5]
    |psi|^2 = 0.998
==== e(   4) =     8.39347 eV ==== 
     psi = 0.250*[#   3]+0.250*[#   4]+0.250*[#   7]+0.250*[#   8]
    |psi|^2 = 0.998
==== e(   5) =    20.89123 eV ==== 
     psi = 0.226*[#   2]+0.226*[#   6]+0.103*[#   1]+0.103*[#   5]+0.035*[#   3]
          +0.035*[#   4]+0.035*[#   7]+0.035*[#   8]
    |psi|^2 = 0.799
==== e(   6) =    26.13348 eV ==== 
     psi = 0.232*[#   3]+0.232*[#   4]+0.232*[#   7]+0.232*[#   8]
    |psi|^2 = 0.928
==== e(   7) =    27.83739 eV ==== 
     psi = 0.214*[#   1]+0.214*[#   5]+0.076*[#   3]+0.076*[#   4]+0.076*[#   7]
          +0.076*[#   8]+0.071*[#   2]+0.071*[#   6]
    |psi|^2 = 0.874
==== e(   8) =    29.33397 eV ==== 
     psi = 0.133*[#   1]+0.133*[#   5]+0.127*[#   2]+0.127*[#   6]+0.054*[#   3]
          +0.054*[#   4]+0.054*[#   7]+0.054*[#   8]
    |psi|^2 = 0.737

 k =   0.3535533906 -0.3535533906  0.0000000000
==== e(   1) =    -5.39090 eV ==== 
     psi = 0.279*[#   1]+0.279*[#   5]+0.105*[#   3]+0.105*[#   4]+0.105*[#   7]
          +0.105*[#   8]+0.009*[#   2]+0.009*[#   6]
    |psi|^2 = 0.994
==== e(   2) =     3.72736 eV ==== 
     psi = 0.194*[#   2]+0.194*[#   6]+0.131*[#   1]+0.131*[#   5]+0.087*[#   3]
          +0.087*[#   4]+0.087*[#   7]+0.087*[#   8]
    |psi|^2 = 0.998
==== e(   3) =     4.92982 eV ==== 
     psi = 0.274*[#   2]+0.274*[#   6]+0.079*[#   3]+0.079*[#   4]+0.079*[#   7]
          +0.079*[#   8]+0.066*[#   1]+0.066*[#   5]
    |psi|^2 = 0.995
==== e(   4) =     9.67015 eV ==== 
     psi = 0.249*[#   3]+0.249*[#   4]+0.249*[#   7]+0.249*[#   8]
    |psi|^2 = 0.998
==== e(   5) =    22.05848 eV ==== 
     psi = 0.251*[#   2]+0.251*[#   6]+0.075*[#   1]+0.075*[#   5]+0.043*[#   3]
          +0.043*[#   4]+0.043*[#   7]+0.043*[#   8]
    |psi|^2 = 0.824
==== e(   6) =    24.26221 eV ==== 
     psi = 0.239*[#   3]+0.239*[#   4]+0.239*[#   7]+0.239*[#   8]
    |psi|^2 = 0.955
==== e(   7) =    26.72951 eV ==== 
     psi = 0.177*[#   2]+0.177*[#   6]+0.125*[#   1]+0.125*[#   5]+0.061*[#   3]
          +0.061*[#   4]+0.061*[#   7]+0.061*[#   8]
    |psi|^2 = 0.851
==== e(   8) =    28.53515 eV ==== 
     psi = 0.266*[#   1]+0.266*[#   5]+0.069*[#   3]+0.069*[#   4]+0.069*[#   7]
          +0.069*[#   8]+0.007*[#   2]+0.007*[#   6]
    |psi|^2 = 0.820

 k =   0.2651650429 -0.2651650429 -0.0883883476
==== e(   1) =    -7.32183 eV ==== 
     psi = 0.303*[#   1]+0.303*[#   5]+0.091*[#   3]+0.091*[#   4]+0.091*[#   7]
          +0.091*[#   8]+0.011*[#   2]+0.011*[#   6]
    |psi|^2 = 0.993
==== e(   2) =     4.82258 eV ==== 
     psi = 0.173*[#   2]+0.173*[#   6]+0.114*[#   1]+0.114*[#   5]+0.105*[#   3]
          +0.105*[#   4]+0.105*[#   7]+0.105*[#   8]
    |psi|^2 = 0.994
==== e(   3) =     8.26364 eV ==== 
     psi = 0.280*[#   2]+0.280*[#   6]+0.087*[#   3]+0.087*[#   4]+0.087*[#   7]
          +0.087*[#   8]+0.044*[#   1]+0.044*[#   5]
    |psi|^2 = 0.996
==== e(   4) =    10.90024 eV ==== 
     psi = 0.249*[#   3]+0.249*[#   4]+0.249*[#   7]+0.249*[#   8]
    |psi|^2 = 0.997
==== e(   5) =    22.24739 eV ==== 
     psi = 0.238*[#   3]+0.238*[#   4]+0.238*[#   7]+0.238*[#   8]
    |psi|^2 = 0.951
==== e(   6) =    22.88136 eV ==== 
     psi = 0.306*[#   2]+0.306*[#   6]+0.059*[#   1]+0.059*[#   5]+0.043*[#   3]
          +0.043*[#   4]+0.043*[#   7]+0.043*[#   8]
    |psi|^2 = 0.903
==== e(   7) =    23.90904 eV ==== 
     psi = 0.170*[#   1]+0.170*[#   5]+0.141*[#   2]+0.141*[#   6]+0.075*[#   3]
          +0.075*[#   4]+0.075*[#   7]+0.075*[#   8]
    |psi|^2 = 0.922
==== e(   8) =    28.73227 eV ==== 
     psi = 0.235*[#   1]+0.235*[#   5]+0.061*[#   3]+0.061*[#   4]+0.061*[#   7]
          +0.061*[#   8]+0.030*[#   2]+0.030*[#   6]
    |psi|^2 = 0.774

 k =   0.1767766953 -0.1767766953 -0.1767766953
==== e(   1) =    -8.35505 eV ==== 
     psi = 0.331*[#   1]+0.331*[#   5]+0.055*[#   2]+0.055*[#   3]+0.055*[#   4]
          +0.055*[#   6]+0.055*[#   7]+0.055*[#   8]
    |psi|^2 = 0.993
==== e(   2) =     6.06224 eV ==== 
     psi = 0.128*[#   2]+0.128*[#   3]+0.128*[#   4]+0.128*[#   6]+0.128*[#   7]
          +0.128*[#   8]+0.112*[#   1]+0.112*[#   5]
    |psi|^2 = 0.992
==== e(   3) =    10.96999 eV ==== 
     psi = 0.331*[#   4]+0.331*[#   8]+0.092*[#   3]+0.092*[#   7]+0.075*[#   2]
          +0.075*[#   6]
    |psi|^2 = 0.996
==== e(   4) =    10.96999 eV ==== 
     psi = 0.257*[#   2]+0.257*[#   6]+0.240*[#   3]+0.240*[#   7]+0.001*[#   4]
          +0.001*[#   8]
    |psi|^2 = 0.996
==== e(   5) =    21.90055 eV ==== 
     psi = 0.311*[#   4]+0.311*[#   8]+0.109*[#   3]+0.109*[#   7]+0.055*[#   2]
          +0.055*[#   6]
    |psi|^2 = 0.950
==== e(   6) =    21.90055 eV ==== 
     psi = 0.261*[#   2]+0.261*[#   6]+0.208*[#   3]+0.208*[#   7]+0.006*[#   4]
          +0.006*[#   8]
    |psi|^2 = 0.950
==== e(   7) =    22.49196 eV ==== 
     psi = 0.225*[#   1]+0.225*[#   5]+0.084*[#   2]+0.084*[#   3]+0.084*[#   4]
          +0.084*[#   6]+0.084*[#   7]+0.084*[#   8]
    |psi|^2 = 0.954
==== e(   8) =    29.38661 eV ==== 
     psi = 0.267*[#   1]+0.267*[#   5]+0.053*[#   2]+0.053*[#   3]+0.053*[#   4]
          +0.053*[#   6]+0.053*[#   7]+0.053*[#   8]
    |psi|^2 = 0.852

 k =   0.0883883476 -0.0883883476 -0.2651650429
==== e(   1) =    -8.49785 eV ==== 
     psi = 0.332*[#   1]+0.332*[#   5]+0.136*[#   2]+0.136*[#   6]+0.014*[#   3]
          +0.014*[#   4]+0.014*[#   7]+0.014*[#   8]
    |psi|^2 = 0.993
==== e(   2) =     7.59550 eV ==== 
     psi = 0.157*[#   3]+0.157*[#   4]+0.157*[#   7]+0.157*[#   8]+0.106*[#   2]
          +0.106*[#   6]+0.078*[#   1]+0.078*[#   5]
    |psi|^2 = 0.995
==== e(   3) =     9.76136 eV ==== 
     psi = 0.249*[#   3]+0.249*[#   4]+0.249*[#   7]+0.249*[#   8]
    |psi|^2 = 0.997
==== e(   4) =    10.75168 eV ==== 
     psi = 0.322*[#   2]+0.322*[#   6]+0.068*[#   3]+0.068*[#   4]+0.068*[#   7]
          +0.068*[#   8]+0.039*[#   1]+0.039*[#   5]
    |psi|^2 = 0.996
==== e(   5) =    19.90766 eV ==== 
     psi = 0.331*[#   2]+0.331*[#   6]+0.099*[#   1]+0.099*[#   5]+0.026*[#   3]
          +0.026*[#   4]+0.026*[#   7]+0.026*[#   8]
    |psi|^2 = 0.963
==== e(   6) =    23.64996 eV ==== 
     psi = 0.239*[#   3]+0.239*[#   4]+0.239*[#   7]+0.239*[#   8]
    |psi|^2 = 0.954
==== e(   7) =    23.65146 eV ==== 
     psi = 0.202*[#   3]+0.202*[#   4]+0.202*[#   7]+0.202*[#   8]+0.072*[#   1]
          +0.072*[#   5]+0.002*[#   2]+0.002*[#   6]
    |psi|^2 = 0.955
==== e(   8) =    27.30984 eV ==== 
     psi = 0.248*[#   1]+0.248*[#   5]+0.063*[#   2]+0.063*[#   6]+0.012*[#   3]
          +0.012*[#   4]+0.012*[#   7]+0.012*[#   8]
    |psi|^2 = 0.673

 k =   0.0883883476  0.0883883476 -0.2651650429
==== e(   1) =    -8.49786 eV ==== 
     psi = 0.332*[#   1]+0.332*[#   5]+0.136*[#   2]+0.136*[#   6]+0.014*[#   3]
          +0.014*[#   4]+0.014*[#   7]+0.014*[#   8]
    |psi|^2 = 0.993
==== e(   2) =     7.57032 eV ==== 
     psi = 0.158*[#   4]+0.158*[#   8]+0.156*[#   3]+0.156*[#   7]+0.106*[#   2]
          +0.106*[#   6]+0.078*[#   1]+0.078*[#   5]
    |psi|^2 = 0.995
==== e(   3) =     9.78245 eV ==== 
     psi = 0.254*[#   3]+0.254*[#   7]+0.245*[#   4]+0.245*[#   8]
    |psi|^2 = 0.997
==== e(   4) =    10.76031 eV ==== 
     psi = 0.322*[#   2]+0.322*[#   6]+0.072*[#   4]+0.072*[#   8]+0.065*[#   3]
          +0.065*[#   7]+0.039*[#   1]+0.039*[#   5]
    |psi|^2 = 0.996
==== e(   5) =    19.90711 eV ==== 
     psi = 0.331*[#   2]+0.331*[#   6]+0.099*[#   1]+0.099*[#   5]+0.027*[#   4]
          +0.027*[#   8]+0.025*[#   3]+0.025*[#   7]
    |psi|^2 = 0.963
==== e(   6) =    23.63842 eV ==== 
     psi = 0.262*[#   3]+0.262*[#   7]+0.214*[#   4]+0.214*[#   8]+0.001*[#   1]
          +0.001*[#   5]
    |psi|^2 = 0.955
==== e(   7) =    23.66836 eV ==== 
     psi = 0.225*[#   4]+0.225*[#   8]+0.179*[#   3]+0.179*[#   7]+0.072*[#   1]
          +0.072*[#   5]+0.002*[#   2]+0.002*[#   6]
    |psi|^2 = 0.955
==== e(   8) =    27.31171 eV ==== 
     psi = 0.247*[#   1]+0.247*[#   5]+0.063*[#   2]+0.063*[#   6]+0.013*[#   4]
          +0.013*[#   8]+0.012*[#   3]+0.012*[#   7]
    |psi|^2 = 0.671

 k =   0.0000000000  0.1767766953 -0.3535533906
==== e(   1) =    -7.17106 eV ==== 
     psi = 0.294*[#   1]+0.294*[#   5]+0.164*[#   2]+0.164*[#   6]+0.037*[#   4]
          +0.037*[#   8]+0.002*[#   3]+0.002*[#   7]
    |psi|^2 = 0.993
==== e(   2) =     6.08959 eV ==== 
     psi = 0.148*[#   3]+0.148*[#   7]+0.133*[#   2]+0.133*[#   6]+0.115*[#   4]
          +0.115*[#   8]+0.102*[#   1]+0.102*[#   5]
    |psi|^2 = 0.997
==== e(   3) =     7.08378 eV ==== 
     psi = 0.291*[#   3]+0.291*[#   7]+0.128*[#   4]+0.128*[#   8]+0.048*[#   1]
          +0.048*[#   5]+0.030*[#   2]+0.030*[#   6]
    |psi|^2 = 0.995
==== e(   4) =     9.87822 eV ==== 
     psi = 0.244*[#   2]+0.244*[#   6]+0.201*[#   4]+0.201*[#   8]+0.035*[#   3]
          +0.035*[#   7]+0.019*[#   1]+0.019*[#   5]
    |psi|^2 = 0.997
==== e(   5) =    20.64190 eV ==== 
     psi = 0.293*[#   2]+0.293*[#   6]+0.102*[#   1]+0.102*[#   5]+0.059*[#   4]
          +0.059*[#   8]+0.020*[#   3]+0.020*[#   7]
    |psi|^2 = 0.947
==== e(   6) =    24.29384 eV ==== 
     psi = 0.268*[#   3]+0.268*[#   7]+0.135*[#   4]+0.135*[#   8]+0.019*[#   1]
          +0.019*[#   5]+0.009*[#   2]+0.009*[#   6]
    |psi|^2 = 0.860
==== e(   7) =    25.94919 eV ==== 
     psi = 0.256*[#   4]+0.256*[#   8]+0.165*[#   3]+0.165*[#   7]+0.043*[#   1]
          +0.043*[#   5]+0.002*[#   2]+0.002*[#   6]
    |psi|^2 = 0.932
==== e(   8) =    26.06905 eV ==== 
     psi = 0.241*[#   1]+0.241*[#   5]+0.061*[#   2]+0.061*[#   6]+0.019*[#   3]
          +0.019*[#   7]+0.013*[#   4]+0.013*[#   8]
    |psi|^2 = 0.666

 k =  -0.0883883476  0.2651650429 -0.4419417382
==== e(   1) =    -4.96469 eV ==== 
     psi = 0.276*[#   1]+0.276*[#   5]+0.161*[#   2]+0.161*[#   6]+0.048*[#   4]
          +0.048*[#   8]+0.012*[#   3]+0.012*[#   7]
    |psi|^2 = 0.994
==== e(   2) =     2.52695 eV ==== 
     psi = 0.183*[#   3]+0.183*[#   7]+0.127*[#   1]+0.127*[#   5]+0.105*[#   4]
          +0.105*[#   8]+0.082*[#   2]+0.082*[#   6]
    |psi|^2 = 0.995
==== e(   3) =     6.27766 eV ==== 
     psi = 0.257*[#   3]+0.257*[#   7]+0.091*[#   4]+0.091*[#   8]+0.088*[#   2]
          +0.088*[#   6]+0.063*[#   1]+0.063*[#   5]
    |psi|^2 = 0.997
==== e(   4) =     8.60232 eV ==== 
     psi = 0.225*[#   2]+0.225*[#   6]+0.221*[#   4]+0.221*[#   8]+0.041*[#   3]
          +0.041*[#   7]+0.012*[#   1]+0.012*[#   5]
    |psi|^2 = 0.997
==== e(   5) =    22.04675 eV ==== 
     psi = 0.247*[#   2]+0.247*[#   6]+0.077*[#   4]+0.077*[#   8]+0.068*[#   1]
          +0.068*[#   5]+0.035*[#   3]+0.035*[#   7]
    |psi|^2 = 0.855
==== e(   6) =    23.85591 eV ==== 
     psi = 0.202*[#   3]+0.202*[#   7]+0.125*[#   4]+0.125*[#   8]+0.064*[#   1]
          +0.064*[#   5]+0.019*[#   2]+0.019*[#   6]
    |psi|^2 = 0.820
==== e(   7) =    26.84911 eV ==== 
     psi = 0.227*[#   1]+0.227*[#   5]+0.086*[#   2]+0.086*[#   6]+0.083*[#   4]
          +0.083*[#   8]+0.022*[#   3]+0.022*[#   7]
    |psi|^2 = 0.835
==== e(   8) =    27.76598 eV ==== 
     psi = 0.163*[#   3]+0.163*[#   7]+0.157*[#   4]+0.157*[#   8]+0.070*[#   1]
          +0.070*[#   5]+0.011*[#   2]+0.011*[#   6]
    |psi|^2 = 0.802

 k =  -0.1767766953  0.3535533906 -0.5303300859
==== e(   1) =    -2.81988 eV ==== 
     psi = 0.325*[#   1]+0.325*[#   5]+0.074*[#   2]+0.074*[#   6]+0.073*[#   3]
          +0.073*[#   7]+0.027*[#   4]+0.027*[#   8]
    |psi|^2 = 0.999
==== e(   2) =    -0.21511 eV ==== 
     psi = 0.143*[#   2]+0.143*[#   6]+0.142*[#   3]+0.142*[#   7]+0.126*[#   4]
          +0.126*[#   8]+0.084*[#   1]+0.084*[#   5]
    |psi|^2 = 0.991
==== e(   3) =     6.26053 eV ==== 
     psi = 0.193*[#   3]+0.193*[#   7]+0.188*[#   2]+0.188*[#   6]+0.070*[#   1]
          +0.070*[#   5]+0.048*[#   4]+0.048*[#   8]
    |psi|^2 = 0.998
==== e(   4) =     7.90145 eV ==== 
     psi = 0.257*[#   4]+0.257*[#   8]+0.122*[#   2]+0.122*[#   6]+0.118*[#   3]
          +0.118*[#   7]+0.003*[#   1]+0.003*[#   5]
    |psi|^2 = 0.998
==== e(   5) =    22.34125 eV ==== 
     psi = 0.137*[#   2]+0.137*[#   6]+0.132*[#   3]+0.132*[#   7]+0.096*[#   4]
          +0.096*[#   8]+0.016*[#   1]+0.016*[#   5]
    |psi|^2 = 0.763
==== e(   6) =    23.72823 eV ==== 
     psi = 0.154*[#   1]+0.154*[#   5]+0.099*[#   3]+0.099*[#   7]+0.093*[#   2]
          +0.093*[#   6]+0.091*[#   4]+0.091*[#   8]
    |psi|^2 = 0.873
==== e(   7) =    27.63731 eV ==== 
     psi = 0.206*[#   4]+0.206*[#   8]+0.154*[#   1]+0.154*[#   5]+0.059*[#   2]
          +0.059*[#   6]+0.056*[#   3]+0.056*[#   7]
    |psi|^2 = 0.953
==== e(   8) =    29.40141 eV ==== 
     psi = 0.134*[#   1]+0.134*[#   5]+0.113*[#   3]+0.113*[#   7]+0.110*[#   2]
          +0.110*[#   6]+0.038*[#   4]+0.038*[#   8]
    |psi|^2 = 0.790

 k =   0.4419417382 -0.2651650429  0.0883883476
==== e(   1) =    -4.96548 eV ==== 
     psi = 0.277*[#   1]+0.277*[#   5]+0.161*[#   3]+0.161*[#   7]+0.048*[#   4]
          +0.048*[#   8]+0.012*[#   2]+0.012*[#   6]
    |psi|^2 = 0.994
==== e(   2) =     2.53291 eV ==== 
     psi = 0.184*[#   2]+0.184*[#   6]+0.127*[#   1]+0.127*[#   5]+0.105*[#   4]
          +0.105*[#   8]+0.082*[#   3]+0.082*[#   7]
    |psi|^2 = 0.995
==== e(   3) =     6.29029 eV ==== 
     psi = 0.255*[#   2]+0.255*[#   6]+0.091*[#   3]+0.091*[#   7]+0.090*[#   4]
          +0.090*[#   8]+0.063*[#   1]+0.063*[#   5]
    |psi|^2 = 0.997
==== e(   4) =     8.57951 eV ==== 
     psi = 0.223*[#   3]+0.223*[#   7]+0.222*[#   4]+0.222*[#   8]+0.042*[#   2]
          +0.042*[#   6]+0.011*[#   1]+0.011*[#   5]
    |psi|^2 = 0.997
==== e(   5) =    22.07398 eV ==== 
     psi = 0.247*[#   3]+0.247*[#   7]+0.075*[#   4]+0.075*[#   8]+0.068*[#   1]
          +0.068*[#   5]+0.036*[#   2]+0.036*[#   6]
    |psi|^2 = 0.854
==== e(   6) =    23.82550 eV ==== 
     psi = 0.200*[#   2]+0.200*[#   6]+0.126*[#   4]+0.126*[#   8]+0.063*[#   1]
          +0.063*[#   5]+0.020*[#   3]+0.020*[#   7]
    |psi|^2 = 0.820
==== e(   7) =    26.87275 eV ==== 
     psi = 0.229*[#   1]+0.229*[#   5]+0.086*[#   3]+0.086*[#   7]+0.081*[#   4]
          +0.081*[#   8]+0.023*[#   2]+0.023*[#   6]
    |psi|^2 = 0.838
==== e(   8) =    27.72986 eV ==== 
     psi = 0.164*[#   2]+0.164*[#   6]+0.158*[#   4]+0.158*[#   8]+0.069*[#   1]
          +0.069*[#   5]+0.010*[#   3]+0.010*[#   7]
    |psi|^2 = 0.803

 k =   0.3535533906 -0.1767766953  0.0000000000
==== e(   1) =    -7.17123 eV ==== 
     psi = 0.294*[#   1]+0.294*[#   5]+0.164*[#   3]+0.164*[#   7]+0.037*[#   4]
          +0.037*[#   8]+0.002*[#   2]+0.002*[#   6]
    |psi|^2 = 0.993
==== e(   2) =     6.11449 eV ==== 
     psi = 0.149*[#   2]+0.149*[#   6]+0.133*[#   3]+0.133*[#   7]+0.115*[#   4]
          +0.115*[#   8]+0.101*[#   1]+0.101*[#   5]
    |psi|^2 = 0.997
==== e(   3) =     7.08156 eV ==== 
     psi = 0.290*[#   2]+0.290*[#   6]+0.129*[#   4]+0.129*[#   8]+0.049*[#   1]
          +0.049*[#   5]+0.031*[#   3]+0.031*[#   7]
    |psi|^2 = 0.996
==== e(   4) =     9.84752 eV ==== 
     psi = 0.244*[#   3]+0.244*[#   7]+0.201*[#   4]+0.201*[#   8]+0.035*[#   2]
          +0.035*[#   6]+0.019*[#   1]+0.019*[#   5]
    |psi|^2 = 0.997
==== e(   5) =    20.65581 eV ==== 
     psi = 0.293*[#   3]+0.293*[#   7]+0.103*[#   1]+0.103*[#   5]+0.057*[#   4]
          +0.057*[#   8]+0.021*[#   2]+0.021*[#   6]
    |psi|^2 = 0.947
==== e(   6) =    24.27502 eV ==== 
     psi = 0.266*[#   2]+0.266*[#   6]+0.136*[#   4]+0.136*[#   8]+0.018*[#   1]
          +0.018*[#   5]+0.009*[#   3]+0.009*[#   7]
    |psi|^2 = 0.857
==== e(   7) =    25.93852 eV ==== 
     psi = 0.262*[#   4]+0.262*[#   8]+0.168*[#   2]+0.168*[#   6]+0.039*[#   1]
          +0.039*[#   5]
    |psi|^2 = 0.938
==== e(   8) =    26.07809 eV ==== 
     psi = 0.246*[#   1]+0.246*[#   5]+0.062*[#   3]+0.062*[#   7]+0.017*[#   2]
          +0.017*[#   6]+0.008*[#   4]+0.008*[#   8]
    |psi|^2 = 0.665

 k =   0.2651650429 -0.0883883476 -0.0883883476
==== e(   1) =    -8.49785 eV ==== 
     psi = 0.332*[#   1]+0.332*[#   5]+0.136*[#   3]+0.136*[#   7]+0.014*[#   2]
          +0.014*[#   4]+0.014*[#   6]+0.014*[#   8]
    |psi|^2 = 0.993
==== e(   2) =     7.59550 eV ==== 
     psi = 0.157*[#   2]+0.157*[#   4]+0.157*[#   6]+0.157*[#   8]+0.106*[#   3]
          +0.106*[#   7]+0.078*[#   1]+0.078*[#   5]
    |psi|^2 = 0.995
==== e(   3) =     9.76136 eV ==== 
     psi = 0.249*[#   2]+0.249*[#   4]+0.249*[#   6]+0.249*[#   8]
    |psi|^2 = 0.997
==== e(   4) =    10.75168 eV ==== 
     psi = 0.322*[#   3]+0.322*[#   7]+0.068*[#   2]+0.068*[#   4]+0.068*[#   6]
          +0.068*[#   8]+0.039*[#   1]+0.039*[#   5]
    |psi|^2 = 0.996
==== e(   5) =    19.90766 eV ==== 
     psi = 0.331*[#   3]+0.331*[#   7]+0.099*[#   1]+0.099*[#   5]+0.026*[#   2]
          +0.026*[#   4]+0.026*[#   6]+0.026*[#   8]
    |psi|^2 = 0.963
==== e(   6) =    23.64996 eV ==== 
     psi = 0.239*[#   2]+0.239*[#   4]+0.239*[#   6]+0.239*[#   8]
    |psi|^2 = 0.954
==== e(   7) =    23.65146 eV ==== 
     psi = 0.202*[#   2]+0.202*[#   4]+0.202*[#   6]+0.202*[#   8]+0.072*[#   1]
          +0.072*[#   5]+0.002*[#   3]+0.002*[#   7]
    |psi|^2 = 0.955
==== e(   8) =    27.30984 eV ==== 
     psi = 0.248*[#   1]+0.248*[#   5]+0.063*[#   3]+0.063*[#   7]+0.012*[#   2]
          +0.012*[#   4]+0.012*[#   6]+0.012*[#   8]
    |psi|^2 = 0.673

 k =   0.1767766953  0.0000000000 -0.1767766953
==== e(   1) =    -8.94112 eV ==== 
     psi = 0.355*[#   1]+0.355*[#   5]+0.071*[#   2]+0.071*[#   3]+0.071*[#   6]
          +0.071*[#   7]
    |psi|^2 = 0.993
==== e(   2) =     8.73779 eV ==== 
     psi = 0.155*[#   2]+0.155*[#   3]+0.155*[#   6]+0.155*[#   7]+0.127*[#   4]
          +0.127*[#   8]+0.061*[#   1]+0.061*[#   5]
    |psi|^2 = 0.995
==== e(   3) =     9.41866 eV ==== 
     psi = 0.331*[#   4]+0.331*[#   8]+0.062*[#   2]+0.062*[#   3]+0.062*[#   6]
          +0.062*[#   7]+0.042*[#   1]+0.042*[#   5]
    |psi|^2 = 0.993
==== e(   4) =    12.00040 eV ==== 
     psi = 0.249*[#   2]+0.249*[#   3]+0.249*[#   6]+0.249*[#   7]
    |psi|^2 = 0.995
==== e(   5) =    20.83780 eV ==== 
     psi = 0.242*[#   2]+0.242*[#   3]+0.242*[#   6]+0.242*[#   7]
    |psi|^2 = 0.969
==== e(   6) =    22.25181 eV ==== 
     psi = 0.159*[#   4]+0.159*[#   8]+0.113*[#   2]+0.113*[#   3]+0.113*[#   6]
          +0.113*[#   7]+0.095*[#   1]+0.095*[#   5]
    |psi|^2 = 0.960
==== e(   7) =    22.42862 eV ==== 
     psi = 0.351*[#   4]+0.351*[#   8]+0.046*[#   1]+0.046*[#   5]+0.041*[#   2]
          +0.041*[#   3]+0.041*[#   6]+0.041*[#   7]
    |psi|^2 = 0.957
==== e(   8) =    28.56252 eV ==== 
     psi = 0.338*[#   1]+0.338*[#   5]+0.045*[#   2]+0.045*[#   3]+0.045*[#   6]
          +0.045*[#   7]+0.001*[#   4]+0.001*[#   8]
    |psi|^2 = 0.859

 k =   0.0883883476  0.0883883476 -0.0883883476
==== e(   1) =    -9.68208 eV ==== 
     psi = 0.420*[#   1]+0.420*[#   5]+0.026*[#   2]+0.026*[#   3]+0.026*[#   4]
          +0.026*[#   6]+0.026*[#   7]+0.026*[#   8]
    |psi|^2 = 0.994
==== e(   2) =    10.31492 eV ==== 
     psi = 0.154*[#   4]+0.154*[#   8]+0.149*[#   2]+0.149*[#   3]+0.149*[#   6]
          +0.149*[#   7]+0.044*[#   1]+0.044*[#   5]
    |psi|^2 = 0.992
==== e(   3) =    12.08295 eV ==== 
     psi = 0.248*[#   2]+0.248*[#   3]+0.248*[#   6]+0.248*[#   7]
    |psi|^2 = 0.993
==== e(   4) =    12.13739 eV ==== 
     psi = 0.328*[#   4]+0.328*[#   8]+0.084*[#   2]+0.084*[#   3]+0.084*[#   6]
          +0.084*[#   7]
    |psi|^2 = 0.993
==== e(   5) =    20.49947 eV ==== 
     psi = 0.313*[#   4]+0.313*[#   8]+0.086*[#   2]+0.086*[#   3]+0.086*[#   6]
          +0.086*[#   7]
    |psi|^2 = 0.972
==== e(   6) =    20.55174 eV ==== 
     psi = 0.243*[#   2]+0.243*[#   3]+0.243*[#   6]+0.243*[#   7]
    |psi|^2 = 0.971
==== e(   7) =    21.07963 eV ==== 
     psi = 0.146*[#   4]+0.146*[#   8]+0.130*[#   2]+0.130*[#   3]+0.130*[#   6]
          +0.130*[#   7]+0.079*[#   1]+0.079*[#   5]
    |psi|^2 = 0.969
==== e(   8) =    28.64776 eV ==== 
     psi = 0.424*[#   1]+0.424*[#   5]+0.016*[#   2]+0.016*[#   3]+0.016*[#   4]
          +0.016*[#   6]+0.016*[#   7]+0.016*[#   8]
    |psi|^2 = 0.945

 k =   0.0000000000  0.1767766953 -0.1767766953
==== e(   1) =    -8.94115 eV ==== 
     psi = 0.355*[#   1]+0.355*[#   5]+0.071*[#   2]+0.071*[#   4]+0.071*[#   6]
          +0.071*[#   8]
    |psi|^2 = 0.993
==== e(   2) =     8.70853 eV ==== 
     psi = 0.155*[#   2]+0.155*[#   4]+0.155*[#   6]+0.155*[#   8]+0.125*[#   3]
          +0.125*[#   7]+0.062*[#   1]+0.062*[#   5]
    |psi|^2 = 0.995
==== e(   3) =     9.42115 eV ==== 
     psi = 0.332*[#   3]+0.332*[#   7]+0.061*[#   2]+0.061*[#   4]+0.061*[#   6]
          +0.061*[#   8]+0.042*[#   1]+0.042*[#   5]
    |psi|^2 = 0.993
==== e(   4) =    12.04028 eV ==== 
     psi = 0.249*[#   2]+0.249*[#   4]+0.249*[#   6]+0.249*[#   8]
    |psi|^2 = 0.995
==== e(   5) =    20.79867 eV ==== 
     psi = 0.242*[#   2]+0.242*[#   4]+0.242*[#   6]+0.242*[#   8]
    |psi|^2 = 0.970
==== e(   6) =    22.28904 eV ==== 
     psi = 0.158*[#   3]+0.158*[#   7]+0.113*[#   2]+0.113*[#   4]+0.113*[#   6]
          +0.113*[#   8]+0.095*[#   1]+0.095*[#   5]
    |psi|^2 = 0.959
==== e(   7) =    22.42688 eV ==== 
     psi = 0.352*[#   3]+0.352*[#   7]+0.046*[#   1]+0.046*[#   5]+0.040*[#   2]
          +0.040*[#   4]+0.040*[#   6]+0.040*[#   8]
    |psi|^2 = 0.957
==== e(   8) =    28.56677 eV ==== 
     psi = 0.338*[#   1]+0.338*[#   5]+0.045*[#   2]+0.045*[#   4]+0.045*[#   6]
          +0.045*[#   8]+0.002*[#   3]+0.002*[#   7]
    |psi|^2 = 0.858

 k =  -0.0883883476  0.2651650429 -0.2651650429
==== e(   1) =    -7.32158 eV ==== 
     psi = 0.302*[#   1]+0.302*[#   5]+0.092*[#   2]+0.092*[#   4]+0.092*[#   6]
          +0.092*[#   8]+0.011*[#   3]+0.011*[#   7]
    |psi|^2 = 0.993
==== e(   2) =     4.80104 eV ==== 
     psi = 0.173*[#   3]+0.173*[#   7]+0.115*[#   1]+0.115*[#   5]+0.105*[#   2]
          +0.105*[#   6]+0.104*[#   4]+0.104*[#   8]
    |psi|^2 = 0.994
==== e(   3) =     8.26547 eV ==== 
     psi = 0.281*[#   3]+0.281*[#   7]+0.088*[#   4]+0.088*[#   8]+0.085*[#   2]
          +0.085*[#   6]+0.044*[#   1]+0.044*[#   5]
    |psi|^2 = 0.996
==== e(   4) =    10.92955 eV ==== 
     psi = 0.250*[#   2]+0.250*[#   6]+0.248*[#   4]+0.248*[#   8]
    |psi|^2 = 0.997
==== e(   5) =    22.22005 eV ==== 
     psi = 0.242*[#   2]+0.242*[#   6]+0.233*[#   4]+0.233*[#   8]
    |psi|^2 = 0.951
==== e(   6) =    22.89416 eV ==== 
     psi = 0.305*[#   3]+0.305*[#   7]+0.060*[#   1]+0.060*[#   5]+0.048*[#   4]
          +0.048*[#   8]+0.039*[#   2]+0.039*[#   6]
    |psi|^2 = 0.904
==== e(   7) =    23.93665 eV ==== 
     psi = 0.169*[#   1]+0.169*[#   5]+0.140*[#   3]+0.140*[#   7]+0.076*[#   2]
          +0.076*[#   6]+0.075*[#   4]+0.075*[#   8]
    |psi|^2 = 0.921
==== e(   8) =    28.74021 eV ==== 
     psi = 0.234*[#   1]+0.234*[#   5]+0.061*[#   2]+0.061*[#   4]+0.061*[#   6]
          +0.061*[#   8]+0.030*[#   3]+0.030*[#   7]
    |psi|^2 = 0.772

 k =  -0.1767766953  0.3535533906 -0.3535533906
==== e(   1) =    -4.86219 eV ==== 
     psi = 0.299*[#   1]+0.299*[#   5]+0.087*[#   2]+0.087*[#   6]+0.087*[#   4]
          +0.087*[#   8]+0.024*[#   3]+0.024*[#   7]
    |psi|^2 = 0.995
==== e(   2) =     0.75363 eV ==== 
     psi = 0.170*[#   3]+0.170*[#   7]+0.125*[#   1]+0.125*[#   5]+0.100*[#   2]
          +0.100*[#   6]+0.100*[#   4]+0.100*[#   8]
    |psi|^2 = 0.992
==== e(   3) =     8.01175 eV ==== 
     psi = 0.296*[#   3]+0.296*[#   7]+0.084*[#   4]+0.084*[#   8]+0.079*[#   2]
          +0.079*[#   6]+0.040*[#   1]+0.040*[#   5]
    |psi|^2 = 0.998
==== e(   4) =     9.79499 eV ==== 
     psi = 0.252*[#   2]+0.252*[#   6]+0.247*[#   4]+0.247*[#   8]
    |psi|^2 = 0.998
==== e(   5) =    22.36402 eV ==== 
     psi = 0.278*[#   3]+0.278*[#   7]+0.056*[#   1]+0.056*[#   5]+0.049*[#   2]
          +0.049*[#   6]+0.039*[#   4]+0.039*[#   8]
    |psi|^2 = 0.844
==== e(   6) =    23.31863 eV ==== 
     psi = 0.231*[#   4]+0.231*[#   8]+0.221*[#   2]+0.221*[#   6]
    |psi|^2 = 0.905
==== e(   7) =    24.60241 eV ==== 
     psi = 0.270*[#   1]+0.271*[#   5]+0.060*[#   3]+0.060*[#   7]+0.057*[#   2]
          +0.057*[#   6]+0.056*[#   4]+0.056*[#   8]
    |psi|^2 = 0.887
==== e(   8) =    29.92089 eV ==== 
     psi = 0.125*[#   1]+0.125*[#   5]+0.094*[#   3]+0.094*[#   7]+0.071*[#   4]
          +0.071*[#   8]+0.071*[#   2]+0.071*[#   6]
    |psi|^2 = 0.723

 k =   0.4419417382 -0.2651650429  0.2651650429
==== e(   1) =    -3.98775 eV ==== 
     psi = 0.324*[#   1]+0.324*[#   5]+0.108*[#   3]+0.108*[#   7]+0.034*[#   2]
          +0.034*[#   6]+0.033*[#   4]+0.033*[#   8]
    |psi|^2 = 0.997
==== e(   2) =    -0.37464 eV ==== 
     psi = 0.146*[#   2]+0.146*[#   6]+0.146*[#   4]+0.146*[#   8]+0.102*[#   1]
          +0.102*[#   5]+0.101*[#   3]+0.101*[#   7]
    |psi|^2 = 0.990
==== e(   3) =     8.50007 eV ==== 
     psi = 0.314*[#   3]+0.314*[#   7]+0.080*[#   4]+0.080*[#   8]+0.066*[#   2]
          +0.066*[#   6]+0.039*[#   1]+0.039*[#   5]
    |psi|^2 = 0.998
==== e(   4) =     9.10497 eV ==== 
     psi = 0.256*[#   2]+0.256*[#   6]+0.243*[#   4]+0.243*[#   8]
    |psi|^2 = 0.998
==== e(   5) =    21.73077 eV ==== 
     psi = 0.277*[#   3]+0.277*[#   7]+0.067*[#   1]+0.067*[#   5]+0.041*[#   2]
          +0.041*[#   6]+0.036*[#   4]+0.036*[#   8]
    |psi|^2 = 0.844
==== e(   6) =    24.00336 eV ==== 
     psi = 0.225*[#   4]+0.225*[#   8]+0.218*[#   2]+0.218*[#   6]
    |psi|^2 = 0.886
==== e(   7) =    24.72317 eV ==== 
     psi = 0.276*[#   1]+0.276*[#   5]+0.078*[#   2]+0.078*[#   6]+0.077*[#   4]
          +0.077*[#   8]+0.014*[#   3]+0.014*[#   7]
    |psi|^2 = 0.889
==== e(   8) =    29.60796 eV ==== 
     psi = 0.108*[#   3]+0.108*[#   7]+0.104*[#   1]+0.104*[#   5]+0.060*[#   4]
          +0.060*[#   8]+0.059*[#   2]+0.059*[#   6]
    |psi|^2 = 0.663

 k =   0.3535533906 -0.1767766953  0.1767766953
==== e(   1) =    -6.59019 eV ==== 
     psi = 0.293*[#   1]+0.293*[#   5]+0.140*[#   3]+0.140*[#   7]+0.032*[#   2]
          +0.032*[#   6]+0.032*[#   4]+0.032*[#   8]
    |psi|^2 = 0.993
==== e(   2) =     3.38632 eV ==== 
     psi = 0.143*[#   2]+0.143*[#   6]+0.142*[#   4]+0.142*[#   8]+0.126*[#   1]
          +0.126*[#   5]+0.086*[#   3]+0.086*[#   7]
    |psi|^2 = 0.994
==== e(   3) =     9.09850 eV ==== 
     psi = 0.258*[#   4]+0.258*[#   8]+0.240*[#   2]+0.240*[#   6]
    |psi|^2 = 0.998
==== e(   4) =     9.55049 eV ==== 
     psi = 0.325*[#   3]+0.325*[#   7]+0.075*[#   2]+0.075*[#   6]+0.058*[#   4]
          +0.058*[#   8]+0.040*[#   1]+0.040*[#   5]
    |psi|^2 = 0.997
==== e(   5) =    21.10155 eV ==== 
     psi = 0.300*[#   3]+0.300*[#   7]+0.081*[#   1]+0.081*[#   5]+0.038*[#   2]
          +0.038*[#   6]+0.034*[#   4]+0.034*[#   8]
    |psi|^2 = 0.906
==== e(   6) =    24.30375 eV ==== 
     psi = 0.233*[#   4]+0.233*[#   8]+0.224*[#   2]+0.224*[#   6]
    |psi|^2 = 0.915
==== e(   7) =    24.50232 eV ==== 
     psi = 0.192*[#   1]+0.192*[#   5]+0.136*[#   2]+0.136*[#   6]+0.131*[#   4]
          +0.131*[#   8]
    |psi|^2 = 0.920
==== e(   8) =    27.79217 eV ==== 
     psi = 0.160*[#   1]+0.160*[#   5]+0.081*[#   3]+0.081*[#   7]+0.037*[#   2]
          +0.037*[#   4]+0.037*[#   6]+0.037*[#   8]
    |psi|^2 = 0.632

 k =   0.2651650429 -0.0883883476  0.0883883476
==== e(   1) =    -8.49786 eV ==== 
     psi = 0.332*[#   1]+0.332*[#   5]+0.136*[#   3]+0.136*[#   7]+0.014*[#   2]
          +0.014*[#   4]+0.014*[#   6]+0.014*[#   8]
    |psi|^2 = 0.993
==== e(   2) =     7.57032 eV ==== 
     psi = 0.158*[#   2]+0.158*[#   6]+0.156*[#   4]+0.156*[#   8]+0.106*[#   3]
          +0.106*[#   7]+0.078*[#   1]+0.078*[#   5]
    |psi|^2 = 0.995
==== e(   3) =     9.78245 eV ==== 
     psi = 0.254*[#   4]+0.254*[#   8]+0.245*[#   2]+0.245*[#   6]
    |psi|^2 = 0.997
==== e(   4) =    10.76031 eV ==== 
     psi = 0.322*[#   3]+0.322*[#   7]+0.072*[#   2]+0.072*[#   6]+0.065*[#   4]
          +0.065*[#   8]+0.039*[#   1]+0.039*[#   5]
    |psi|^2 = 0.996
==== e(   5) =    19.90711 eV ==== 
     psi = 0.331*[#   3]+0.331*[#   7]+0.099*[#   1]+0.099*[#   5]+0.027*[#   2]
          +0.027*[#   6]+0.025*[#   4]+0.025*[#   8]
    |psi|^2 = 0.963
==== e(   6) =    23.63842 eV ==== 
     psi = 0.262*[#   4]+0.262*[#   8]+0.214*[#   2]+0.214*[#   6]+0.001*[#   1]
          +0.001*[#   5]
    |psi|^2 = 0.955
==== e(   7) =    23.66836 eV ==== 
     psi = 0.225*[#   2]+0.225*[#   6]+0.179*[#   4]+0.179*[#   8]+0.072*[#   1]
          +0.072*[#   5]+0.002*[#   3]+0.002*[#   7]
    |psi|^2 = 0.955
==== e(   8) =    27.31171 eV ==== 
     psi = 0.247*[#   1]+0.247*[#   5]+0.063*[#   3]+0.063*[#   7]+0.013*[#   2]
          +0.013*[#   6]+0.012*[#   4]+0.012*[#   8]
    |psi|^2 = 0.671

 k =   0.1767766953  0.0000000000  0.0000000000
==== e(   1) =    -9.53229 eV ==== 
     psi = 0.402*[#   1]+0.402*[#   5]+0.095*[#   3]+0.095*[#   7]
    |psi|^2 = 0.994
==== e(   2) =    10.95571 eV ==== 
     psi = 0.249*[#   2]+0.249*[#   4]+0.249*[#   6]+0.249*[#   8]
    |psi|^2 = 0.995
==== e(   3) =    10.98330 eV ==== 
     psi = 0.248*[#   2]+0.248*[#   4]+0.248*[#   6]+0.248*[#   8]+0.001*[#   3]
          +0.001*[#   7]
    |psi|^2 = 0.994
==== e(   4) =    11.51377 eV ==== 
     psi = 0.446*[#   3]+0.446*[#   7]+0.049*[#   1]+0.049*[#   5]
    |psi|^2 = 0.993
==== e(   5) =    19.24934 eV ==== 
     psi = 0.393*[#   3]+0.393*[#   7]+0.093*[#   1]+0.093*[#   5]
    |psi|^2 = 0.973
==== e(   6) =    21.96568 eV ==== 
     psi = 0.242*[#   2]+0.242*[#   4]+0.242*[#   6]+0.242*[#   8]
    |psi|^2 = 0.969
==== e(   7) =    21.98875 eV ==== 
     psi = 0.242*[#   2]+0.242*[#   4]+0.242*[#   6]+0.242*[#   8]
    |psi|^2 = 0.968
==== e(   8) =    28.12362 eV ==== 
     psi = 0.382*[#   1]+0.382*[#   5]+0.047*[#   3]+0.047*[#   7]
    |psi|^2 = 0.859

 k =   0.1767766953  0.1767766953  0.0000000000
==== e(   1) =    -8.94115 eV ==== 
     psi = 0.355*[#   1]+0.355*[#   5]+0.071*[#   3]+0.071*[#   4]+0.071*[#   7]
          +0.071*[#   8]
    |psi|^2 = 0.993
==== e(   2) =     8.70853 eV ==== 
     psi = 0.155*[#   3]+0.155*[#   4]+0.155*[#   7]+0.155*[#   8]+0.125*[#   2]
          +0.125*[#   6]+0.062*[#   1]+0.062*[#   5]
    |psi|^2 = 0.995
==== e(   3) =     9.42115 eV ==== 
     psi = 0.332*[#   2]+0.332*[#   6]+0.061*[#   3]+0.061*[#   4]+0.061*[#   7]
          +0.061*[#   8]+0.042*[#   1]+0.042*[#   5]
    |psi|^2 = 0.993
==== e(   4) =    12.04028 eV ==== 
     psi = 0.249*[#   3]+0.249*[#   4]+0.249*[#   7]+0.249*[#   8]
    |psi|^2 = 0.995
==== e(   5) =    20.79867 eV ==== 
     psi = 0.242*[#   3]+0.242*[#   4]+0.242*[#   7]+0.242*[#   8]
    |psi|^2 = 0.970
==== e(   6) =    22.28904 eV ==== 
     psi = 0.158*[#   2]+0.158*[#   6]+0.113*[#   3]+0.113*[#   4]+0.113*[#   7]
          +0.113*[#   8]+0.095*[#   1]+0.095*[#   5]
    |psi|^2 = 0.959
==== e(   7) =    22.42688 eV ==== 
     psi = 0.352*[#   2]+0.352*[#   6]+0.046*[#   1]+0.046*[#   5]+0.040*[#   3]
          +0.040*[#   4]+0.040*[#   7]+0.040*[#   8]
    |psi|^2 = 0.957
==== e(   8) =    28.56677 eV ==== 
     psi = 0.338*[#   1]+0.338*[#   5]+0.045*[#   3]+0.045*[#   4]+0.045*[#   7]
          +0.045*[#   8]+0.002*[#   2]+0.002*[#   6]
    |psi|^2 = 0.858

 k =   0.0883883476  0.2651650429 -0.0883883476
==== e(   1) =    -8.49786 eV ==== 
     psi = 0.331*[#   1]+0.331*[#   5]+0.136*[#   4]+0.136*[#   8]+0.014*[#   2]
          +0.014*[#   3]+0.014*[#   6]+0.014*[#   7]
    |psi|^2 = 0.993
==== e(   2) =     7.56619 eV ==== 
     psi = 0.156*[#   2]+0.156*[#   3]+0.156*[#   6]+0.156*[#   7]+0.108*[#   4]
          +0.108*[#   8]+0.078*[#   1]+0.078*[#   5]
    |psi|^2 = 0.995
==== e(   3) =     9.75610 eV ==== 
     psi = 0.249*[#   2]+0.249*[#   3]+0.249*[#   6]+0.249*[#   7]
    |psi|^2 = 0.997
==== e(   4) =    10.79656 eV ==== 
     psi = 0.320*[#   4]+0.320*[#   8]+0.069*[#   2]+0.069*[#   3]+0.069*[#   6]
          +0.069*[#   7]+0.039*[#   1]+0.039*[#   5]
    |psi|^2 = 0.995
==== e(   5) =    19.89428 eV ==== 
     psi = 0.331*[#   4]+0.331*[#   8]+0.097*[#   1]+0.097*[#   5]+0.027*[#   2]
          +0.027*[#   3]+0.027*[#   6]+0.027*[#   7]
    |psi|^2 = 0.963
==== e(   6) =    23.64704 eV ==== 
     psi = 0.201*[#   2]+0.201*[#   3]+0.201*[#   6]+0.201*[#   7]+0.075*[#   1]
          +0.075*[#   5]+0.002*[#   4]+0.002*[#   8]
    |psi|^2 = 0.956
==== e(   7) =    23.67050 eV ==== 
     psi = 0.239*[#   2]+0.239*[#   3]+0.239*[#   6]+0.239*[#   7]
    |psi|^2 = 0.954
==== e(   8) =    27.31671 eV ==== 
     psi = 0.247*[#   1]+0.247*[#   5]+0.063*[#   4]+0.063*[#   8]+0.013*[#   2]
          +0.013*[#   3]+0.013*[#   6]+0.013*[#   7]
    |psi|^2 = 0.670

 k =   0.0000000000  0.3535533906 -0.1767766953
==== e(   1) =    -7.17106 eV ==== 
     psi = 0.294*[#   1]+0.294*[#   5]+0.164*[#   4]+0.164*[#   8]+0.037*[#   2]
          +0.037*[#   6]+0.002*[#   3]+0.002*[#   7]
    |psi|^2 = 0.993
==== e(   2) =     6.08959 eV ==== 
     psi = 0.148*[#   3]+0.148*[#   7]+0.133*[#   4]+0.133*[#   8]+0.115*[#   2]
          +0.115*[#   6]+0.102*[#   1]+0.102*[#   5]
    |psi|^2 = 0.997
==== e(   3) =     7.08378 eV ==== 
     psi = 0.291*[#   3]+0.291*[#   7]+0.128*[#   2]+0.128*[#   6]+0.048*[#   1]
          +0.048*[#   5]+0.030*[#   4]+0.030*[#   8]
    |psi|^2 = 0.995
==== e(   4) =     9.87822 eV ==== 
     psi = 0.244*[#   4]+0.244*[#   8]+0.201*[#   2]+0.201*[#   6]+0.035*[#   3]
          +0.035*[#   7]+0.019*[#   1]+0.019*[#   5]
    |psi|^2 = 0.997
==== e(   5) =    20.64190 eV ==== 
     psi = 0.293*[#   4]+0.293*[#   8]+0.102*[#   1]+0.102*[#   5]+0.059*[#   2]
          +0.059*[#   6]+0.020*[#   3]+0.020*[#   7]
    |psi|^2 = 0.947
==== e(   6) =    24.29384 eV ==== 
     psi = 0.268*[#   3]+0.268*[#   7]+0.135*[#   2]+0.135*[#   6]+0.019*[#   1]
          +0.019*[#   5]+0.009*[#   4]+0.009*[#   8]
    |psi|^2 = 0.860
==== e(   7) =    25.94919 eV ==== 
     psi = 0.256*[#   2]+0.256*[#   6]+0.165*[#   3]+0.165*[#   7]+0.043*[#   1]
          +0.043*[#   5]+0.002*[#   4]+0.002*[#   8]
    |psi|^2 = 0.932
==== e(   8) =    26.06905 eV ==== 
     psi = 0.241*[#   1]+0.241*[#   5]+0.061*[#   4]+0.061*[#   8]+0.019*[#   3]
          +0.019*[#   7]+0.013*[#   2]+0.013*[#   6]
    |psi|^2 = 0.666

 k =  -0.0883883476  0.4419417382 -0.2651650429
==== e(   1) =    -4.96489 eV ==== 
     psi = 0.276*[#   1]+0.276*[#   5]+0.161*[#   4]+0.161*[#   8]+0.048*[#   2]
          +0.048*[#   6]+0.012*[#   3]+0.012*[#   7]
    |psi|^2 = 0.994
==== e(   2) =     2.53009 eV ==== 
     psi = 0.184*[#   3]+0.184*[#   7]+0.127*[#   1]+0.127*[#   5]+0.105*[#   2]
          +0.105*[#   6]+0.082*[#   4]+0.082*[#   8]
    |psi|^2 = 0.995
==== e(   3) =     6.26613 eV ==== 
     psi = 0.255*[#   3]+0.255*[#   7]+0.092*[#   4]+0.092*[#   8]+0.089*[#   2]
          +0.089*[#   6]+0.063*[#   1]+0.063*[#   5]
    |psi|^2 = 0.997
==== e(   4) =     8.61156 eV ==== 
     psi = 0.223*[#   2]+0.223*[#   6]+0.222*[#   4]+0.222*[#   8]+0.043*[#   3]
          +0.043*[#   7]+0.011*[#   1]+0.011*[#   5]
    |psi|^2 = 0.997
==== e(   5) =    22.08042 eV ==== 
     psi = 0.250*[#   4]+0.250*[#   8]+0.076*[#   2]+0.076*[#   6]+0.070*[#   1]
          +0.070*[#   5]+0.031*[#   3]+0.031*[#   7]
    |psi|^2 = 0.856
==== e(   6) =    23.81207 eV ==== 
     psi = 0.205*[#   3]+0.205*[#   7]+0.127*[#   2]+0.127*[#   6]+0.060*[#   1]
          +0.060*[#   5]+0.017*[#   4]+0.017*[#   8]
    |psi|^2 = 0.817
==== e(   7) =    26.88005 eV ==== 
     psi = 0.230*[#   1]+0.230*[#   5]+0.087*[#   4]+0.087*[#   8]+0.077*[#   2]
          +0.077*[#   6]+0.022*[#   3]+0.022*[#   7]
    |psi|^2 = 0.833
==== e(   8) =    27.72870 eV ==== 
     psi = 0.164*[#   3]+0.164*[#   7]+0.160*[#   2]+0.160*[#   6]+0.069*[#   1]
          +0.069*[#   5]+0.010*[#   4]+0.010*[#   8]
    |psi|^2 = 0.807

 k =   0.5303300859 -0.1767766953  0.3535533906
==== e(   1) =    -2.81981 eV ==== 
     psi = 0.325*[#   1]+0.325*[#   5]+0.074*[#   3]+0.074*[#   4]+0.074*[#   7]
          +0.074*[#   8]+0.027*[#   2]+0.027*[#   6]
    |psi|^2 = 0.999
==== e(   2) =    -0.21424 eV ==== 
     psi = 0.142*[#   3]+0.142*[#   4]+0.142*[#   7]+0.142*[#   8]+0.127*[#   2]
          +0.127*[#   6]+0.084*[#   1]+0.084*[#   5]
    |psi|^2 = 0.991
==== e(   3) =     6.23330 eV ==== 
     psi = 0.191*[#   3]+0.191*[#   4]+0.191*[#   7]+0.191*[#   8]+0.070*[#   1]
          +0.070*[#   5]+0.048*[#   2]+0.048*[#   6]
    |psi|^2 = 0.998
==== e(   4) =     7.93066 eV ==== 
     psi = 0.257*[#   2]+0.257*[#   6]+0.120*[#   3]+0.120*[#   4]+0.120*[#   7]
          +0.120*[#   8]+0.003*[#   1]+0.003*[#   5]
    |psi|^2 = 0.998
==== e(   5) =    22.39276 eV ==== 
     psi = 0.134*[#   3]+0.134*[#   4]+0.134*[#   7]+0.134*[#   8]+0.096*[#   2]
          +0.096*[#   6]+0.015*[#   1]+0.015*[#   5]
    |psi|^2 = 0.760
==== e(   6) =    23.66374 eV ==== 
     psi = 0.151*[#   1]+0.151*[#   5]+0.096*[#   3]+0.096*[#   4]+0.096*[#   7]
          +0.096*[#   8]+0.094*[#   2]+0.094*[#   6]
    |psi|^2 = 0.875
==== e(   7) =    27.65200 eV ==== 
     psi = 0.203*[#   2]+0.203*[#   6]+0.157*[#   1]+0.157*[#   5]+0.058*[#   3]
          +0.058*[#   4]+0.058*[#   7]+0.058*[#   8]
    |psi|^2 = 0.952
==== e(   8) =    29.38534 eV ==== 
     psi = 0.135*[#   1]+0.135*[#   5]+0.112*[#   3]+0.112*[#   4]+0.112*[#   7]
          +0.112*[#   8]+0.037*[#   2]+0.037*[#   6]
    |psi|^2 = 0.792

 k =   0.4419417382 -0.0883883476  0.2651650429
==== e(   1) =    -4.96489 eV ==== 
     psi = 0.276*[#   1]+0.276*[#   5]+0.161*[#   3]+0.161*[#   7]+0.048*[#   2]
          +0.048*[#   6]+0.012*[#   4]+0.012*[#   8]
    |psi|^2 = 0.994
==== e(   2) =     2.53009 eV ==== 
     psi = 0.184*[#   4]+0.184*[#   8]+0.127*[#   1]+0.127*[#   5]+0.105*[#   2]
          +0.105*[#   6]+0.082*[#   3]+0.082*[#   7]
    |psi|^2 = 0.995
==== e(   3) =     6.26613 eV ==== 
     psi = 0.255*[#   4]+0.255*[#   8]+0.092*[#   3]+0.092*[#   7]+0.089*[#   2]
          +0.089*[#   6]+0.063*[#   1]+0.063*[#   5]
    |psi|^2 = 0.997
==== e(   4) =     8.61156 eV ==== 
     psi = 0.223*[#   2]+0.223*[#   6]+0.222*[#   3]+0.222*[#   7]+0.043*[#   4]
          +0.043*[#   8]+0.011*[#   1]+0.011*[#   5]
    |psi|^2 = 0.997
==== e(   5) =    22.08042 eV ==== 
     psi = 0.250*[#   3]+0.250*[#   7]+0.076*[#   2]+0.076*[#   6]+0.070*[#   1]
          +0.070*[#   5]+0.031*[#   4]+0.031*[#   8]
    |psi|^2 = 0.856
==== e(   6) =    23.81207 eV ==== 
     psi = 0.205*[#   4]+0.205*[#   8]+0.127*[#   2]+0.127*[#   6]+0.060*[#   1]
          +0.060*[#   5]+0.017*[#   3]+0.017*[#   7]
    |psi|^2 = 0.817
==== e(   7) =    26.88005 eV ==== 
     psi = 0.230*[#   1]+0.230*[#   5]+0.087*[#   3]+0.087*[#   7]+0.077*[#   2]
          +0.077*[#   6]+0.022*[#   4]+0.022*[#   8]
    |psi|^2 = 0.833
==== e(   8) =    27.72870 eV ==== 
     psi = 0.164*[#   4]+0.164*[#   8]+0.160*[#   2]+0.160*[#   6]+0.069*[#   1]
          +0.069*[#   5]+0.010*[#   3]+0.010*[#   7]
    |psi|^2 = 0.807

 k =   0.3535533906  0.0000000000  0.1767766953
==== e(   1) =    -7.17106 eV ==== 
     psi = 0.294*[#   1]+0.294*[#   5]+0.164*[#   3]+0.164*[#   7]+0.037*[#   2]
          +0.037*[#   6]+0.002*[#   4]+0.002*[#   8]
    |psi|^2 = 0.993
==== e(   2) =     6.08959 eV ==== 
     psi = 0.148*[#   4]+0.148*[#   8]+0.133*[#   3]+0.133*[#   7]+0.115*[#   2]
          +0.115*[#   6]+0.102*[#   1]+0.102*[#   5]
    |psi|^2 = 0.997
==== e(   3) =     7.08378 eV ==== 
     psi = 0.291*[#   4]+0.291*[#   8]+0.128*[#   2]+0.128*[#   6]+0.048*[#   1]
          +0.048*[#   5]+0.030*[#   3]+0.030*[#   7]
    |psi|^2 = 0.995
==== e(   4) =     9.87822 eV ==== 
     psi = 0.244*[#   3]+0.244*[#   7]+0.201*[#   2]+0.201*[#   6]+0.035*[#   4]
          +0.035*[#   8]+0.019*[#   1]+0.019*[#   5]
    |psi|^2 = 0.997
==== e(   5) =    20.64190 eV ==== 
     psi = 0.293*[#   3]+0.293*[#   7]+0.102*[#   1]+0.102*[#   5]+0.059*[#   2]
          +0.059*[#   6]+0.020*[#   4]+0.020*[#   8]
    |psi|^2 = 0.947
==== e(   6) =    24.29384 eV ==== 
     psi = 0.268*[#   4]+0.268*[#   8]+0.135*[#   2]+0.135*[#   6]+0.019*[#   1]
          +0.019*[#   5]+0.009*[#   3]+0.009*[#   7]
    |psi|^2 = 0.860
==== e(   7) =    25.94919 eV ==== 
     psi = 0.256*[#   2]+0.256*[#   6]+0.165*[#   4]+0.165*[#   8]+0.043*[#   1]
          +0.043*[#   5]+0.002*[#   3]+0.002*[#   7]
    |psi|^2 = 0.932
==== e(   8) =    26.06905 eV ==== 
     psi = 0.241*[#   1]+0.241*[#   5]+0.061*[#   3]+0.061*[#   7]+0.019*[#   4]
          +0.019*[#   8]+0.013*[#   2]+0.013*[#   6]
    |psi|^2 = 0.666

 k =   0.2651650429  0.0883883476  0.0883883476
==== e(   1) =    -8.49786 eV ==== 
     psi = 0.331*[#   1]+0.331*[#   5]+0.136*[#   3]+0.136*[#   7]+0.014*[#   2]
          +0.014*[#   4]+0.014*[#   6]+0.014*[#   8]
    |psi|^2 = 0.993
==== e(   2) =     7.56619 eV ==== 
     psi = 0.156*[#   2]+0.156*[#   4]+0.156*[#   6]+0.156*[#   8]+0.108*[#   3]
          +0.108*[#   7]+0.078*[#   1]+0.078*[#   5]
    |psi|^2 = 0.995
==== e(   3) =     9.75610 eV ==== 
     psi = 0.249*[#   2]+0.249*[#   4]+0.249*[#   6]+0.249*[#   8]
    |psi|^2 = 0.997
==== e(   4) =    10.79656 eV ==== 
     psi = 0.320*[#   3]+0.320*[#   7]+0.069*[#   2]+0.069*[#   4]+0.069*[#   6]
          +0.069*[#   8]+0.039*[#   1]+0.039*[#   5]
    |psi|^2 = 0.995
==== e(   5) =    19.89428 eV ==== 
     psi = 0.331*[#   3]+0.331*[#   7]+0.097*[#   1]+0.097*[#   5]+0.027*[#   2]
          +0.027*[#   4]+0.027*[#   6]+0.027*[#   8]
    |psi|^2 = 0.963
==== e(   6) =    23.64704 eV ==== 
     psi = 0.201*[#   2]+0.201*[#   4]+0.201*[#   6]+0.201*[#   8]+0.075*[#   1]
          +0.075*[#   5]+0.002*[#   3]+0.002*[#   7]
    |psi|^2 = 0.956
==== e(   7) =    23.67050 eV ==== 
     psi = 0.239*[#   2]+0.239*[#   4]+0.239*[#   6]+0.239*[#   8]
    |psi|^2 = 0.954
==== e(   8) =    27.31671 eV ==== 
     psi = 0.247*[#   1]+0.247*[#   5]+0.063*[#   3]+0.063*[#   7]+0.013*[#   2]
          +0.013*[#   4]+0.013*[#   6]+0.013*[#   8]
    |psi|^2 = 0.670

 k =   0.2651650429  0.2651650429  0.0883883476
==== e(   1) =    -7.32158 eV ==== 
     psi = 0.302*[#   1]+0.302*[#   5]+0.092*[#   3]+0.092*[#   4]+0.092*[#   7]
          +0.092*[#   8]+0.011*[#   2]+0.011*[#   6]
    |psi|^2 = 0.993
==== e(   2) =     4.80104 eV ==== 
     psi = 0.173*[#   2]+0.173*[#   6]+0.115*[#   1]+0.115*[#   5]+0.105*[#   3]
          +0.105*[#   7]+0.104*[#   4]+0.104*[#   8]
    |psi|^2 = 0.994
==== e(   3) =     8.26547 eV ==== 
     psi = 0.281*[#   2]+0.281*[#   6]+0.088*[#   4]+0.088*[#   8]+0.085*[#   3]
          +0.085*[#   7]+0.044*[#   1]+0.044*[#   5]
    |psi|^2 = 0.996
==== e(   4) =    10.92955 eV ==== 
     psi = 0.250*[#   3]+0.250*[#   7]+0.248*[#   4]+0.248*[#   8]
    |psi|^2 = 0.997
==== e(   5) =    22.22005 eV ==== 
     psi = 0.242*[#   3]+0.242*[#   7]+0.233*[#   4]+0.233*[#   8]
    |psi|^2 = 0.951
==== e(   6) =    22.89416 eV ==== 
     psi = 0.305*[#   2]+0.305*[#   6]+0.060*[#   1]+0.060*[#   5]+0.048*[#   4]
          +0.048*[#   8]+0.039*[#   3]+0.039*[#   7]
    |psi|^2 = 0.904
==== e(   7) =    23.93665 eV ==== 
     psi = 0.169*[#   1]+0.169*[#   5]+0.140*[#   2]+0.140*[#   6]+0.076*[#   3]
          +0.076*[#   7]+0.075*[#   4]+0.075*[#   8]
    |psi|^2 = 0.921
==== e(   8) =    28.74021 eV ==== 
     psi = 0.234*[#   1]+0.234*[#   5]+0.061*[#   3]+0.061*[#   4]+0.061*[#   7]
          +0.061*[#   8]+0.030*[#   2]+0.030*[#   6]
    |psi|^2 = 0.772

 k =   0.1767766953  0.3535533906  0.0000000000
==== e(   1) =    -7.17106 eV ==== 
     psi = 0.294*[#   1]+0.294*[#   5]+0.164*[#   4]+0.164*[#   8]+0.037*[#   3]
          +0.037*[#   7]+0.002*[#   2]+0.002*[#   6]
    |psi|^2 = 0.993
==== e(   2) =     6.08959 eV ==== 
     psi = 0.148*[#   2]+0.148*[#   6]+0.133*[#   4]+0.133*[#   8]+0.115*[#   3]
          +0.115*[#   7]+0.102*[#   1]+0.102*[#   5]
    |psi|^2 = 0.997
==== e(   3) =     7.08378 eV ==== 
     psi = 0.291*[#   2]+0.291*[#   6]+0.128*[#   3]+0.128*[#   7]+0.048*[#   1]
          +0.048*[#   5]+0.030*[#   4]+0.030*[#   8]
    |psi|^2 = 0.995
==== e(   4) =     9.87822 eV ==== 
     psi = 0.244*[#   4]+0.244*[#   8]+0.201*[#   3]+0.201*[#   7]+0.035*[#   2]
          +0.035*[#   6]+0.019*[#   1]+0.019*[#   5]
    |psi|^2 = 0.997
==== e(   5) =    20.64190 eV ==== 
     psi = 0.293*[#   4]+0.293*[#   8]+0.102*[#   1]+0.102*[#   5]+0.059*[#   3]
          +0.059*[#   7]+0.020*[#   2]+0.020*[#   6]
    |psi|^2 = 0.947
==== e(   6) =    24.29384 eV ==== 
     psi = 0.268*[#   2]+0.268*[#   6]+0.135*[#   3]+0.135*[#   7]+0.019*[#   1]
          +0.019*[#   5]+0.009*[#   4]+0.009*[#   8]
    |psi|^2 = 0.860
==== e(   7) =    25.94919 eV ==== 
     psi = 0.256*[#   3]+0.256*[#   7]+0.165*[#   2]+0.165*[#   6]+0.043*[#   1]
          +0.043*[#   5]+0.002*[#   4]+0.002*[#   8]
    |psi|^2 = 0.932
==== e(   8) =    26.06905 eV ==== 
     psi = 0.241*[#   1]+0.241*[#   5]+0.061*[#   4]+0.061*[#   8]+0.019*[#   2]
          +0.019*[#   6]+0.013*[#   3]+0.013*[#   7]
    |psi|^2 = 0.666

 k =   0.0883883476  0.4419417382 -0.0883883476
==== e(   1) =    -6.14505 eV ==== 
     psi = 0.274*[#   1]+0.274*[#   5]+0.208*[#   4]+0.208*[#   8]+0.007*[#   2]
          +0.007*[#   3]+0.007*[#   6]+0.007*[#   7]
    |psi|^2 = 0.993
==== e(   2) =     5.03806 eV ==== 
     psi = 0.150*[#   4]+0.150*[#   8]+0.121*[#   1]+0.121*[#   5]+0.114*[#   2]
          +0.114*[#   3]+0.114*[#   6]+0.114*[#   7]
    |psi|^2 = 0.997
==== e(   3) =     7.49417 eV ==== 
     psi = 0.216*[#   4]+0.216*[#   8]+0.115*[#   2]+0.115*[#   3]+0.115*[#   6]
          +0.115*[#   7]+0.052*[#   1]+0.052*[#   5]
    |psi|^2 = 0.998
==== e(   4) =     7.69620 eV ==== 
     psi = 0.250*[#   2]+0.250*[#   3]+0.250*[#   6]+0.250*[#   7]
    |psi|^2 = 0.998
==== e(   5) =    19.17822 eV ==== 
     psi = 0.264*[#   4]+0.264*[#   8]+0.167*[#   1]+0.167*[#   5]+0.015*[#   2]
          +0.015*[#   3]+0.015*[#   6]+0.015*[#   7]
    |psi|^2 = 0.923
==== e(   6) =    23.40018 eV ==== 
     psi = 0.179*[#   1]+0.179*[#   5]+0.089*[#   4]+0.089*[#   8]+0.012*[#   2]
          +0.012*[#   3]+0.012*[#   6]+0.012*[#   7]
    |psi|^2 = 0.582
==== e(   7) =    27.31577 eV ==== 
     psi = 0.234*[#   2]+0.234*[#   3]+0.234*[#   6]+0.234*[#   7]
    |psi|^2 = 0.935
==== e(   8) =    27.40571 eV ==== 
     psi = 0.201*[#   2]+0.201*[#   3]+0.201*[#   6]+0.201*[#   7]+0.063*[#   1]
          +0.063*[#   5]+0.003*[#   4]+0.003*[#   8]
    |psi|^2 = 0.934

 k =   0.0000000000  0.5303300859 -0.1767766953
==== e(   1) =    -4.23088 eV ==== 
     psi = 0.256*[#   1]+0.256*[#   5]+0.220*[#   4]+0.220*[#   8]+0.016*[#   2]
          +0.016*[#   6]+0.005*[#   3]+0.005*[#   7]
    |psi|^2 = 0.994
==== e(   2) =     3.40059 eV ==== 
     psi = 0.205*[#   4]+0.205*[#   8]+0.174*[#   1]+0.174*[#   5]+0.092*[#   3]
          +0.092*[#   7]+0.028*[#   2]+0.028*[#   6]
    |psi|^2 = 0.998
==== e(   3) =     5.52101 eV ==== 
     psi = 0.267*[#   3]+0.267*[#   7]+0.177*[#   2]+0.177*[#   6]+0.032*[#   1]
          +0.032*[#   5]+0.024*[#   4]+0.024*[#   8]
    |psi|^2 = 0.997
==== e(   4) =     6.66073 eV ==== 
     psi = 0.230*[#   2]+0.230*[#   6]+0.136*[#   3]+0.136*[#   7]+0.128*[#   4]
          +0.128*[#   8]+0.005*[#   1]+0.005*[#   5]
    |psi|^2 = 0.998
==== e(   5) =    20.35675 eV ==== 
     psi = 0.234*[#   4]+0.234*[#   8]+0.151*[#   1]+0.151*[#   5]+0.045*[#   2]
          +0.045*[#   6]+0.010*[#   3]+0.010*[#   7]
    |psi|^2 = 0.880
==== e(   6) =    22.60273 eV ==== 
     psi = 0.152*[#   1]+0.151*[#   5]+0.103*[#   4]+0.103*[#   8]+0.050*[#   2]
          +0.050*[#   6]+0.002*[#   3]+0.002*[#   7]
    |psi|^2 = 0.614
==== e(   7) =    27.47615 eV ==== 
     psi = 0.233*[#   3]+0.233*[#   7]+0.125*[#   2]+0.125*[#   6]+0.090*[#   1]
          +0.090*[#   5]+0.007*[#   4]+0.007*[#   8]
    |psi|^2 = 0.910
==== e(   8) =    29.79322 eV ==== 
     psi = 0.248*[#   2]+0.248*[#   6]+0.205*[#   3]+0.205*[#   7]+0.028*[#   1]
          +0.028*[#   5]
    |psi|^2 = 0.962

 k =   0.6187184335 -0.0883883476  0.4419417382
==== e(   1) =    -1.79432 eV ==== 
     psi = 0.266*[#   1]+0.266*[#   5]+0.185*[#   4]+0.185*[#   8]+0.034*[#   3]
          +0.034*[#   7]+0.013*[#   2]+0.013*[#   6]
    |psi|^2 = 0.997
==== e(   2) =     0.99409 eV ==== 
     psi = 0.173*[#   1]+0.173*[#   5]+0.138*[#   4]+0.138*[#   8]+0.129*[#   3]
          +0.129*[#   7]+0.059*[#   2]+0.059*[#   6]
    |psi|^2 = 0.997
==== e(   3) =     4.08685 eV ==== 
     psi = 0.181*[#   4]+0.181*[#   8]+0.144*[#   3]+0.144*[#   7]+0.134*[#   2]
          +0.134*[#   6]+0.039*[#   1]+0.039*[#   5]
    |psi|^2 = 0.997
==== e(   4) =     6.19469 eV ==== 
     psi = 0.223*[#   2]+0.223*[#   6]+0.215*[#   3]+0.215*[#   7]+0.055*[#   4]
          +0.055*[#   8]+0.006*[#   1]+0.006*[#   5]
    |psi|^2 = 0.998
==== e(   5) =    21.58091 eV ==== 
     psi = 0.189*[#   4]+0.189*[#   8]+0.111*[#   1]+0.111*[#   5]+0.079*[#   2]
          +0.079*[#   6]+0.004*[#   3]+0.004*[#   7]
    |psi|^2 = 0.766
==== e(   6) =    25.00599 eV ==== 
     psi = 0.119*[#   2]+0.119*[#   6]+0.114*[#   4]+0.114*[#   8]+0.069*[#   1]
          +0.069*[#   5]+0.015*[#   3]+0.015*[#   7]
    |psi|^2 = 0.634
==== e(   7) =    27.00774 eV ==== 
     psi = 0.203*[#   3]+0.203*[#   7]+0.166*[#   1]+0.166*[#   5]+0.051*[#   2]
          +0.051*[#   6]+0.042*[#   4]+0.042*[#   8]
    |psi|^2 = 0.924
==== e(   8) =    29.58971 eV ==== 
     psi = 0.193*[#   3]+0.193*[#   7]+0.151*[#   2]+0.151*[#   6]+0.108*[#   1]
          +0.108*[#   5]+0.004*[#   4]+0.004*[#   8]
    |psi|^2 = 0.913

 k =   0.5303300859  0.0000000000  0.3535533906
==== e(   1) =    -2.66699 eV ==== 
     psi = 0.269*[#   1]+0.269*[#   5]+0.153*[#   3]+0.153*[#   7]+0.046*[#   2]
          +0.046*[#   6]+0.031*[#   4]+0.031*[#   8]
    |psi|^2 = 0.997
==== e(   2) =     1.81323 eV ==== 
     psi = 0.207*[#   4]+0.207*[#   8]+0.174*[#   1]+0.174*[#   5]+0.076*[#   3]
          +0.076*[#   7]+0.043*[#   2]+0.043*[#   6]
    |psi|^2 = 0.998
==== e(   3) =     3.63271 eV ==== 
     psi = 0.253*[#   4]+0.253*[#   8]+0.138*[#   2]+0.138*[#   6]+0.073*[#   3]
          +0.073*[#   7]+0.035*[#   1]+0.035*[#   5]
    |psi|^2 = 0.996
==== e(   4) =     7.12928 eV ==== 
     psi = 0.245*[#   3]+0.245*[#   7]+0.209*[#   2]+0.209*[#   6]+0.035*[#   4]
          +0.035*[#   8]+0.010*[#   1]+0.010*[#   5]
    |psi|^2 = 0.998
==== e(   5) =    22.44065 eV ==== 
     psi = 0.191*[#   4]+0.191*[#   8]+0.113*[#   2]+0.113*[#   6]+0.059*[#   1]
          +0.059*[#   5]+0.008*[#   3]+0.008*[#   7]
    |psi|^2 = 0.742
==== e(   6) =    25.00457 eV ==== 
     psi = 0.235*[#   3]+0.235*[#   7]+0.127*[#   2]+0.127*[#   6]+0.051*[#   1]
          +0.051*[#   5]+0.004*[#   4]+0.004*[#   8]
    |psi|^2 = 0.833
==== e(   7) =    27.53533 eV ==== 
     psi = 0.226*[#   1]+0.226*[#   5]+0.112*[#   3]+0.112*[#   7]+0.041*[#   2]
          +0.041*[#   6]+0.021*[#   4]+0.021*[#   8]
    |psi|^2 = 0.799
==== e(   8) =    29.16957 eV ==== 
     psi = 0.201*[#   4]+0.201*[#   8]+0.137*[#   1]+0.137*[#   5]+0.114*[#   2]
          +0.114*[#   6]+0.009*[#   3]+0.009*[#   7]
    |psi|^2 = 0.923

 k =   0.4419417382  0.0883883476  0.2651650429
==== e(   1) =    -4.96469 eV ==== 
     psi = 0.276*[#   1]+0.276*[#   5]+0.161*[#   3]+0.161*[#   7]+0.048*[#   2]
          +0.048*[#   6]+0.012*[#   4]+0.012*[#   8]
    |psi|^2 = 0.994
==== e(   2) =     2.52695 eV ==== 
     psi = 0.183*[#   4]+0.183*[#   8]+0.127*[#   1]+0.127*[#   5]+0.105*[#   2]
          +0.105*[#   6]+0.082*[#   3]+0.082*[#   7]
    |psi|^2 = 0.995
==== e(   3) =     6.27766 eV ==== 
     psi = 0.257*[#   4]+0.257*[#   8]+0.091*[#   2]+0.091*[#   6]+0.088*[#   3]
          +0.088*[#   7]+0.063*[#   1]+0.063*[#   5]
    |psi|^2 = 0.997
==== e(   4) =     8.60232 eV ==== 
     psi = 0.225*[#   3]+0.225*[#   7]+0.221*[#   2]+0.221*[#   6]+0.041*[#   4]
          +0.041*[#   8]+0.012*[#   1]+0.012*[#   5]
    |psi|^2 = 0.997
==== e(   5) =    22.04675 eV ==== 
     psi = 0.247*[#   3]+0.247*[#   7]+0.077*[#   2]+0.077*[#   6]+0.068*[#   1]
          +0.068*[#   5]+0.035*[#   4]+0.035*[#   8]
    |psi|^2 = 0.855
==== e(   6) =    23.85591 eV ==== 
     psi = 0.202*[#   4]+0.202*[#   8]+0.125*[#   2]+0.125*[#   6]+0.064*[#   1]
          +0.064*[#   5]+0.019*[#   3]+0.019*[#   7]
    |psi|^2 = 0.820
==== e(   7) =    26.84911 eV ==== 
     psi = 0.227*[#   1]+0.227*[#   5]+0.086*[#   3]+0.086*[#   7]+0.083*[#   2]
          +0.083*[#   6]+0.022*[#   4]+0.022*[#   8]
    |psi|^2 = 0.835
==== e(   8) =    27.76598 eV ==== 
     psi = 0.163*[#   4]+0.163*[#   8]+0.157*[#   2]+0.157*[#   6]+0.070*[#   1]
          +0.070*[#   5]+0.011*[#   3]+0.011*[#   7]
    |psi|^2 = 0.802

 k =   0.3535533906  0.1767766953  0.1767766953
==== e(   1) =    -6.59005 eV ==== 
     psi = 0.293*[#   1]+0.293*[#   5]+0.140*[#   3]+0.140*[#   7]+0.032*[#   2]
          +0.032*[#   4]+0.032*[#   6]+0.032*[#   8]
    |psi|^2 = 0.993
==== e(   2) =     3.38384 eV ==== 
     psi = 0.142*[#   2]+0.142*[#   4]+0.142*[#   6]+0.142*[#   8]+0.126*[#   1]
          +0.126*[#   5]+0.087*[#   3]+0.087*[#   7]
    |psi|^2 = 0.994
==== e(   3) =     9.07188 eV ==== 
     psi = 0.249*[#   2]+0.249*[#   4]+0.249*[#   6]+0.249*[#   8]
    |psi|^2 = 0.998
==== e(   4) =     9.58311 eV ==== 
     psi = 0.324*[#   3]+0.324*[#   7]+0.067*[#   2]+0.067*[#   4]+0.067*[#   6]
          +0.067*[#   8]+0.040*[#   1]+0.040*[#   5]
    |psi|^2 = 0.997
==== e(   5) =    21.07727 eV ==== 
     psi = 0.300*[#   3]+0.300*[#   7]+0.079*[#   1]+0.079*[#   5]+0.037*[#   2]
          +0.037*[#   4]+0.037*[#   6]+0.037*[#   8]
    |psi|^2 = 0.906
==== e(   6) =    24.34788 eV ==== 
     psi = 0.228*[#   2]+0.228*[#   4]+0.228*[#   6]+0.228*[#   8]
    |psi|^2 = 0.914
==== e(   7) =    24.48340 eV ==== 
     psi = 0.196*[#   1]+0.196*[#   5]+0.133*[#   2]+0.133*[#   4]+0.133*[#   6]
          +0.133*[#   8]
    |psi|^2 = 0.923
==== e(   8) =    27.80548 eV ==== 
     psi = 0.158*[#   1]+0.158*[#   5]+0.081*[#   3]+0.081*[#   7]+0.038*[#   2]
          +0.038*[#   4]+0.038*[#   6]+0.038*[#   8]
    |psi|^2 = 0.629

 k =   0.3535533906  0.3535533906  0.1767766953
==== e(   1) =    -4.86219 eV ==== 
     psi = 0.299*[#   1]+0.299*[#   5]+0.087*[#   3]+0.087*[#   7]+0.087*[#   4]
          +0.087*[#   8]+0.024*[#   2]+0.024*[#   6]
    |psi|^2 = 0.995
==== e(   2) =     0.75363 eV ==== 
     psi = 0.170*[#   2]+0.170*[#   6]+0.125*[#   1]+0.125*[#   5]+0.100*[#   3]
          +0.100*[#   7]+0.100*[#   4]+0.100*[#   8]
    |psi|^2 = 0.992
==== e(   3) =     8.01175 eV ==== 
     psi = 0.296*[#   2]+0.296*[#   6]+0.084*[#   4]+0.084*[#   8]+0.079*[#   3]
          +0.079*[#   7]+0.040*[#   1]+0.040*[#   5]
    |psi|^2 = 0.998
==== e(   4) =     9.79499 eV ==== 
     psi = 0.252*[#   3]+0.252*[#   7]+0.247*[#   4]+0.247*[#   8]
    |psi|^2 = 0.998
==== e(   5) =    22.36402 eV ==== 
     psi = 0.278*[#   2]+0.278*[#   6]+0.056*[#   1]+0.056*[#   5]+0.049*[#   3]
          +0.049*[#   7]+0.039*[#   4]+0.039*[#   8]
    |psi|^2 = 0.844
==== e(   6) =    23.31863 eV ==== 
     psi = 0.231*[#   4]+0.231*[#   8]+0.221*[#   3]+0.221*[#   7]
    |psi|^2 = 0.905
==== e(   7) =    24.60241 eV ==== 
     psi = 0.270*[#   1]+0.271*[#   5]+0.060*[#   2]+0.060*[#   6]+0.057*[#   3]
          +0.057*[#   7]+0.056*[#   4]+0.056*[#   8]
    |psi|^2 = 0.887
==== e(   8) =    29.92089 eV ==== 
     psi = 0.125*[#   1]+0.125*[#   5]+0.094*[#   2]+0.094*[#   6]+0.071*[#   4]
          +0.071*[#   8]+0.071*[#   3]+0.071*[#   7]
    |psi|^2 = 0.723

 k =   0.2651650429  0.4419417382  0.0883883476
==== e(   1) =    -4.96489 eV ==== 
     psi = 0.276*[#   1]+0.276*[#   5]+0.161*[#   4]+0.161*[#   8]+0.048*[#   3]
          +0.048*[#   7]+0.012*[#   2]+0.012*[#   6]
    |psi|^2 = 0.994
==== e(   2) =     2.53009 eV ==== 
     psi = 0.184*[#   2]+0.184*[#   6]+0.127*[#   1]+0.127*[#   5]+0.105*[#   3]
          +0.105*[#   7]+0.082*[#   4]+0.082*[#   8]
    |psi|^2 = 0.995
==== e(   3) =     6.26613 eV ==== 
     psi = 0.255*[#   2]+0.255*[#   6]+0.092*[#   4]+0.092*[#   8]+0.089*[#   3]
          +0.089*[#   7]+0.063*[#   1]+0.063*[#   5]
    |psi|^2 = 0.997
==== e(   4) =     8.61156 eV ==== 
     psi = 0.223*[#   3]+0.223*[#   7]+0.222*[#   4]+0.222*[#   8]+0.043*[#   2]
          +0.043*[#   6]+0.011*[#   1]+0.011*[#   5]
    |psi|^2 = 0.997
==== e(   5) =    22.08042 eV ==== 
     psi = 0.250*[#   4]+0.250*[#   8]+0.076*[#   3]+0.076*[#   7]+0.070*[#   1]
          +0.070*[#   5]+0.031*[#   2]+0.031*[#   6]
    |psi|^2 = 0.856
==== e(   6) =    23.81207 eV ==== 
     psi = 0.205*[#   2]+0.205*[#   6]+0.127*[#   3]+0.127*[#   7]+0.060*[#   1]
          +0.060*[#   5]+0.017*[#   4]+0.017*[#   8]
    |psi|^2 = 0.817
==== e(   7) =    26.88005 eV ==== 
     psi = 0.230*[#   1]+0.230*[#   5]+0.087*[#   4]+0.087*[#   8]+0.077*[#   3]
          +0.077*[#   7]+0.022*[#   2]+0.022*[#   6]
    |psi|^2 = 0.833
==== e(   8) =    27.72870 eV ==== 
     psi = 0.164*[#   2]+0.164*[#   6]+0.160*[#   3]+0.160*[#   7]+0.069*[#   1]
          +0.069*[#   5]+0.010*[#   4]+0.010*[#   8]
    |psi|^2 = 0.807

 k =   0.1767766953  0.5303300859  0.0000000000
==== e(   1) =    -4.23088 eV ==== 
     psi = 0.256*[#   1]+0.256*[#   5]+0.220*[#   4]+0.220*[#   8]+0.016*[#   3]
          +0.016*[#   7]+0.005*[#   2]+0.005*[#   6]
    |psi|^2 = 0.994
==== e(   2) =     3.40059 eV ==== 
     psi = 0.205*[#   4]+0.205*[#   8]+0.174*[#   1]+0.174*[#   5]+0.092*[#   2]
          +0.092*[#   6]+0.028*[#   3]+0.028*[#   7]
    |psi|^2 = 0.998
==== e(   3) =     5.52101 eV ==== 
     psi = 0.267*[#   2]+0.267*[#   6]+0.177*[#   3]+0.177*[#   7]+0.032*[#   1]
          +0.032*[#   5]+0.024*[#   4]+0.024*[#   8]
    |psi|^2 = 0.997
==== e(   4) =     6.66073 eV ==== 
     psi = 0.230*[#   3]+0.230*[#   7]+0.136*[#   2]+0.136*[#   6]+0.128*[#   4]
          +0.128*[#   8]+0.005*[#   1]+0.005*[#   5]
    |psi|^2 = 0.998
==== e(   5) =    20.35675 eV ==== 
     psi = 0.234*[#   4]+0.234*[#   8]+0.151*[#   1]+0.151*[#   5]+0.045*[#   3]
          +0.045*[#   7]+0.010*[#   2]+0.010*[#   6]
    |psi|^2 = 0.880
==== e(   6) =    22.60273 eV ==== 
     psi = 0.152*[#   1]+0.151*[#   5]+0.103*[#   4]+0.103*[#   8]+0.050*[#   3]
          +0.050*[#   7]+0.002*[#   2]+0.002*[#   6]
    |psi|^2 = 0.614
==== e(   7) =    27.47615 eV ==== 
     psi = 0.233*[#   2]+0.233*[#   6]+0.125*[#   3]+0.125*[#   7]+0.090*[#   1]
          +0.090*[#   5]+0.007*[#   4]+0.007*[#   8]
    |psi|^2 = 0.910
==== e(   8) =    29.79322 eV ==== 
     psi = 0.248*[#   3]+0.248*[#   7]+0.205*[#   2]+0.205*[#   6]+0.028*[#   1]
          +0.028*[#   5]
    |psi|^2 = 0.962

 k =   0.0883883476  0.6187184335 -0.0883883476
==== e(   1) =    -2.62845 eV ==== 
     psi = 0.252*[#   4]+0.252*[#   8]+0.237*[#   1]+0.237*[#   5]+0.004*[#   2]
          +0.004*[#   3]+0.004*[#   6]+0.004*[#   7]
    |psi|^2 = 0.995
==== e(   2) =     1.62847 eV ==== 
     psi = 0.272*[#   4]+0.272*[#   8]+0.199*[#   1]+0.199*[#   5]+0.014*[#   2]
          +0.014*[#   3]+0.014*[#   6]+0.014*[#   7]
    |psi|^2 = 0.997
==== e(   3) =     5.15949 eV ==== 
     psi = 0.219*[#   2]+0.219*[#   3]+0.219*[#   6]+0.219*[#   7]+0.050*[#   4]
          +0.050*[#   8]+0.011*[#   1]+0.011*[#   5]
    |psi|^2 = 0.998
==== e(   4) =     6.57623 eV ==== 
     psi = 0.250*[#   2]+0.250*[#   3]+0.250*[#   6]+0.250*[#   7]
    |psi|^2 = 0.999
==== e(   5) =    18.91711 eV ==== 
     psi = 0.203*[#   4]+0.203*[#   8]+0.197*[#   1]+0.197*[#   5]+0.008*[#   2]
          +0.008*[#   3]+0.008*[#   6]+0.008*[#   7]
    |psi|^2 = 0.831
==== e(   6) =    21.00687 eV ==== 
     psi = 0.187*[#   1]+0.187*[#   5]+0.148*[#   4]+0.148*[#   8]+0.014*[#   2]
          +0.014*[#   3]+0.014*[#   6]+0.014*[#   7]
    |psi|^2 = 0.726
==== e(   7) =    30.33998 eV ==== 
     psi = 0.240*[#   2]+0.240*[#   3]+0.240*[#   6]+0.240*[#   7]
    |psi|^2 = 0.959
==== e(   8) =    30.66592 eV ==== 
     psi = 0.207*[#   2]+0.207*[#   3]+0.207*[#   6]+0.207*[#   7]+0.051*[#   1]
          +0.051*[#   5]+0.003*[#   4]+0.003*[#   8]
    |psi|^2 = 0.935

 k =   0.7071067812  0.0000000000  0.5303300859
==== e(   1) =    -0.35790 eV ==== 
     psi = 0.253*[#   4]+0.252*[#   8]+0.225*[#   5]+0.224*[#   1]+0.020*[#   3]
          +0.019*[#   7]+0.002*[#   2]+0.002*[#   6]
    |psi|^2 = 0.997
==== e(   2) =    -0.34370 eV ==== 
     psi = 0.254*[#   8]+0.253*[#   4]+0.224*[#   1]+0.223*[#   5]+0.019*[#   3]
          +0.019*[#   7]+0.002*[#   2]+0.002*[#   6]
    |psi|^2 = 0.997
==== e(   3) =     5.14658 eV ==== 
     psi = 0.236*[#   3]+0.235*[#   7]+0.219*[#   6]+0.218*[#   2]+0.036*[#   4]
          +0.036*[#   8]+0.009*[#   1]+0.009*[#   5]
    |psi|^2 = 0.998
==== e(   4) =     5.16313 eV ==== 
     psi = 0.235*[#   7]+0.235*[#   3]+0.219*[#   2]+0.219*[#   6]+0.036*[#   8]
          +0.036*[#   4]+0.009*[#   1]+0.009*[#   5]
    |psi|^2 = 0.998
==== e(   5) =    20.86784 eV ==== 
     psi = 0.170*[#   4]+0.169*[#   5]+0.167*[#   8]+0.166*[#   1]+0.045*[#   6]
          +0.044*[#   2]+0.002*[#   3]+0.001*[#   7]
    |psi|^2 = 0.763
==== e(   6) =    20.88438 eV ==== 
     psi = 0.171*[#   8]+0.169*[#   1]+0.167*[#   4]+0.165*[#   5]+0.044*[#   2]
          +0.043*[#   6]+0.002*[#   3]+0.002*[#   7]
    |psi|^2 = 0.761
==== e(   7) =    30.24031 eV ==== 
     psi = 0.225*[#   3]+0.225*[#   7]+0.174*[#   6]+0.174*[#   2]+0.056*[#   5]
          +0.056*[#   1]+0.003*[#   4]+0.003*[#   8]
    |psi|^2 = 0.916
==== e(   8) =    30.25825 eV ==== 
     psi = 0.225*[#   7]+0.224*[#   3]+0.174*[#   2]+0.173*[#   6]+0.057*[#   1]
          +0.057*[#   5]+0.003*[#   4]+0.003*[#   8]
    |psi|^2 = 0.915

 k =   0.6187184335  0.0883883476  0.4419417382
==== e(   1) =    -1.79602 eV ==== 
     psi = 0.267*[#   1]+0.267*[#   5]+0.185*[#   4]+0.185*[#   8]+0.034*[#   3]
          +0.034*[#   7]+0.013*[#   2]+0.013*[#   6]
    |psi|^2 = 0.997
==== e(   2) =     0.99643 eV ==== 
     psi = 0.172*[#   1]+0.172*[#   5]+0.138*[#   4]+0.138*[#   8]+0.130*[#   3]
          +0.130*[#   7]+0.059*[#   2]+0.059*[#   6]
    |psi|^2 = 0.997
==== e(   3) =     4.09849 eV ==== 
     psi = 0.183*[#   4]+0.183*[#   8]+0.142*[#   3]+0.142*[#   7]+0.134*[#   2]
          +0.134*[#   6]+0.039*[#   1]+0.039*[#   5]
    |psi|^2 = 0.997
==== e(   4) =     6.18098 eV ==== 
     psi = 0.223*[#   2]+0.223*[#   6]+0.217*[#   3]+0.217*[#   7]+0.054*[#   4]
          +0.054*[#   8]+0.006*[#   1]+0.006*[#   5]
    |psi|^2 = 0.998
==== e(   5) =    21.57799 eV ==== 
     psi = 0.188*[#   4]+0.188*[#   8]+0.111*[#   1]+0.111*[#   5]+0.079*[#   2]
          +0.079*[#   6]+0.005*[#   3]+0.005*[#   7]
    |psi|^2 = 0.765
==== e(   6) =    25.01000 eV ==== 
     psi = 0.118*[#   2]+0.118*[#   6]+0.115*[#   4]+0.115*[#   8]+0.069*[#   1]
          +0.069*[#   5]+0.015*[#   3]+0.015*[#   7]
    |psi|^2 = 0.635
==== e(   7) =    27.01237 eV ==== 
     psi = 0.201*[#   3]+0.201*[#   7]+0.168*[#   1]+0.168*[#   5]+0.051*[#   2]
          +0.051*[#   6]+0.042*[#   4]+0.042*[#   8]
    |psi|^2 = 0.925
==== e(   8) =    29.57270 eV ==== 
     psi = 0.194*[#   3]+0.194*[#   7]+0.152*[#   2]+0.152*[#   6]+0.106*[#   1]
          +0.106*[#   5]+0.003*[#   4]+0.003*[#   8]
    |psi|^2 = 0.911

 k =   0.5303300859  0.1767766953  0.3535533906
==== e(   1) =    -2.81988 eV ==== 
     psi = 0.325*[#   1]+0.325*[#   5]+0.074*[#   3]+0.074*[#   7]+0.073*[#   4]
          +0.073*[#   8]+0.027*[#   2]+0.027*[#   6]
    |psi|^2 = 0.999
==== e(   2) =    -0.21511 eV ==== 
     psi = 0.143*[#   3]+0.143*[#   7]+0.142*[#   4]+0.142*[#   8]+0.126*[#   2]
          +0.126*[#   6]+0.084*[#   1]+0.084*[#   5]
    |psi|^2 = 0.991
==== e(   3) =     6.26053 eV ==== 
     psi = 0.193*[#   4]+0.193*[#   8]+0.188*[#   3]+0.188*[#   7]+0.070*[#   1]
          +0.070*[#   5]+0.048*[#   2]+0.048*[#   6]
    |psi|^2 = 0.998
==== e(   4) =     7.90145 eV ==== 
     psi = 0.257*[#   2]+0.257*[#   6]+0.122*[#   3]+0.122*[#   7]+0.118*[#   4]
          +0.118*[#   8]+0.003*[#   1]+0.003*[#   5]
    |psi|^2 = 0.998
==== e(   5) =    22.34125 eV ==== 
     psi = 0.137*[#   3]+0.137*[#   7]+0.132*[#   4]+0.132*[#   8]+0.096*[#   2]
          +0.096*[#   6]+0.016*[#   1]+0.016*[#   5]
    |psi|^2 = 0.763
==== e(   6) =    23.72823 eV ==== 
     psi = 0.154*[#   1]+0.154*[#   5]+0.099*[#   4]+0.099*[#   8]+0.093*[#   3]
          +0.093*[#   7]+0.091*[#   2]+0.091*[#   6]
    |psi|^2 = 0.873
==== e(   7) =    27.63731 eV ==== 
     psi = 0.206*[#   2]+0.206*[#   6]+0.154*[#   1]+0.154*[#   5]+0.059*[#   3]
          +0.059*[#   7]+0.056*[#   4]+0.056*[#   8]
    |psi|^2 = 0.953
==== e(   8) =    29.40141 eV ==== 
     psi = 0.134*[#   1]+0.134*[#   5]+0.113*[#   4]+0.113*[#   8]+0.110*[#   3]
          +0.110*[#   7]+0.038*[#   2]+0.038*[#   6]
    |psi|^2 = 0.790

 k =   0.4419417382  0.2651650429  0.2651650429
==== e(   1) =    -3.98723 eV ==== 
     psi = 0.324*[#   1]+0.324*[#   5]+0.108*[#   3]+0.108*[#   7]+0.033*[#   2]
          +0.033*[#   4]+0.033*[#   6]+0.033*[#   8]
    |psi|^2 = 0.997
==== e(   2) =    -0.37596 eV ==== 
     psi = 0.146*[#   2]+0.146*[#   4]+0.146*[#   6]+0.146*[#   8]+0.102*[#   1]
          +0.102*[#   5]+0.101*[#   3]+0.101*[#   7]
    |psi|^2 = 0.990
==== e(   3) =     8.53045 eV ==== 
     psi = 0.314*[#   3]+0.314*[#   7]+0.073*[#   2]+0.073*[#   4]+0.073*[#   6]
          +0.073*[#   8]+0.039*[#   1]+0.039*[#   5]
    |psi|^2 = 0.998
==== e(   4) =     9.07461 eV ==== 
     psi = 0.249*[#   2]+0.249*[#   4]+0.249*[#   6]+0.249*[#   8]
    |psi|^2 = 0.998
==== e(   5) =    21.70334 eV ==== 
     psi = 0.277*[#   3]+0.277*[#   7]+0.065*[#   1]+0.065*[#   5]+0.040*[#   2]
          +0.040*[#   4]+0.040*[#   6]+0.040*[#   8]
    |psi|^2 = 0.845
==== e(   6) =    24.05488 eV ==== 
     psi = 0.221*[#   2]+0.221*[#   4]+0.221*[#   6]+0.221*[#   8]
    |psi|^2 = 0.885
==== e(   7) =    24.70454 eV ==== 
     psi = 0.278*[#   1]+0.278*[#   5]+0.077*[#   2]+0.077*[#   4]+0.077*[#   6]
          +0.077*[#   8]+0.014*[#   3]+0.014*[#   7]
    |psi|^2 = 0.892
==== e(   8) =    29.62007 eV ==== 
     psi = 0.108*[#   3]+0.108*[#   7]+0.103*[#   1]+0.103*[#   5]+0.060*[#   2]
          +0.060*[#   4]+0.060*[#   6]+0.060*[#   8]
    |psi|^2 = 0.660

 k =  -0.2651650429 -0.2651650429 -0.4419417382
==== e(   1) =    -3.98775 eV ==== 
     psi = 0.324*[#   1]+0.324*[#   5]+0.108*[#   2]+0.108*[#   6]+0.034*[#   3]
          +0.034*[#   7]+0.033*[#   4]+0.033*[#   8]
    |psi|^2 = 0.997
==== e(   2) =    -0.37464 eV ==== 
     psi = 0.146*[#   3]+0.146*[#   7]+0.146*[#   4]+0.146*[#   8]+0.102*[#   1]
          +0.102*[#   5]+0.101*[#   2]+0.101*[#   6]
    |psi|^2 = 0.990
==== e(   3) =     8.50007 eV ==== 
     psi = 0.314*[#   2]+0.314*[#   6]+0.080*[#   4]+0.080*[#   8]+0.066*[#   3]
          +0.066*[#   7]+0.039*[#   1]+0.039*[#   5]
    |psi|^2 = 0.998
==== e(   4) =     9.10497 eV ==== 
     psi = 0.256*[#   3]+0.256*[#   7]+0.243*[#   4]+0.243*[#   8]
    |psi|^2 = 0.998
==== e(   5) =    21.73077 eV ==== 
     psi = 0.277*[#   2]+0.277*[#   6]+0.067*[#   1]+0.067*[#   5]+0.041*[#   3]
          +0.041*[#   7]+0.036*[#   4]+0.036*[#   8]
    |psi|^2 = 0.844
==== e(   6) =    24.00336 eV ==== 
     psi = 0.225*[#   4]+0.225*[#   8]+0.218*[#   3]+0.218*[#   7]
    |psi|^2 = 0.886
==== e(   7) =    24.72317 eV ==== 
     psi = 0.276*[#   1]+0.276*[#   5]+0.078*[#   3]+0.078*[#   7]+0.077*[#   4]
          +0.077*[#   8]+0.014*[#   2]+0.014*[#   6]
    |psi|^2 = 0.889
==== e(   8) =    29.60796 eV ==== 
     psi = 0.108*[#   2]+0.108*[#   6]+0.104*[#   1]+0.104*[#   5]+0.060*[#   4]
          +0.060*[#   8]+0.059*[#   3]+0.059*[#   7]
    |psi|^2 = 0.663

 k =  -0.3535533906 -0.1767766953 -0.5303300859
==== e(   1) =    -2.81981 eV ==== 
     psi = 0.325*[#   1]+0.325*[#   5]+0.074*[#   2]+0.074*[#   4]+0.074*[#   6]
          +0.074*[#   8]+0.027*[#   3]+0.027*[#   7]
    |psi|^2 = 0.999
==== e(   2) =    -0.21424 eV ==== 
     psi = 0.142*[#   2]+0.142*[#   4]+0.142*[#   6]+0.142*[#   8]+0.127*[#   3]
          +0.127*[#   7]+0.084*[#   1]+0.084*[#   5]
    |psi|^2 = 0.991
==== e(   3) =     6.23330 eV ==== 
     psi = 0.191*[#   2]+0.191*[#   4]+0.191*[#   6]+0.191*[#   8]+0.070*[#   1]
          +0.070*[#   5]+0.048*[#   3]+0.048*[#   7]
    |psi|^2 = 0.998
==== e(   4) =     7.93066 eV ==== 
     psi = 0.257*[#   3]+0.257*[#   7]+0.120*[#   2]+0.120*[#   4]+0.120*[#   6]
          +0.120*[#   8]+0.003*[#   1]+0.003*[#   5]
    |psi|^2 = 0.998
==== e(   5) =    22.39276 eV ==== 
     psi = 0.134*[#   2]+0.134*[#   4]+0.134*[#   6]+0.134*[#   8]+0.096*[#   3]
          +0.096*[#   7]+0.015*[#   1]+0.015*[#   5]
    |psi|^2 = 0.760
==== e(   6) =    23.66374 eV ==== 
     psi = 0.151*[#   1]+0.151*[#   5]+0.096*[#   2]+0.096*[#   4]+0.096*[#   6]
          +0.096*[#   8]+0.094*[#   3]+0.094*[#   7]
    |psi|^2 = 0.875
==== e(   7) =    27.65200 eV ==== 
     psi = 0.203*[#   3]+0.203*[#   7]+0.157*[#   1]+0.157*[#   5]+0.058*[#   2]
          +0.058*[#   4]+0.058*[#   6]+0.058*[#   8]
    |psi|^2 = 0.952
==== e(   8) =    29.38534 eV ==== 
     psi = 0.135*[#   1]+0.135*[#   5]+0.112*[#   2]+0.112*[#   4]+0.112*[#   6]
          +0.112*[#   8]+0.037*[#   3]+0.037*[#   7]
    |psi|^2 = 0.792

 k =  -0.4419417382 -0.0883883476 -0.6187184335
==== e(   1) =    -1.79432 eV ==== 
     psi = 0.266*[#   1]+0.266*[#   5]+0.185*[#   4]+0.185*[#   8]+0.034*[#   2]
          +0.034*[#   6]+0.013*[#   3]+0.013*[#   7]
    |psi|^2 = 0.997
==== e(   2) =     0.99409 eV ==== 
     psi = 0.173*[#   1]+0.173*[#   5]+0.138*[#   4]+0.138*[#   8]+0.129*[#   2]
          +0.129*[#   6]+0.059*[#   3]+0.059*[#   7]
    |psi|^2 = 0.997
==== e(   3) =     4.08685 eV ==== 
     psi = 0.181*[#   4]+0.181*[#   8]+0.144*[#   2]+0.144*[#   6]+0.134*[#   3]
          +0.134*[#   7]+0.039*[#   1]+0.039*[#   5]
    |psi|^2 = 0.997
==== e(   4) =     6.19469 eV ==== 
     psi = 0.223*[#   3]+0.223*[#   7]+0.215*[#   2]+0.215*[#   6]+0.055*[#   4]
          +0.055*[#   8]+0.006*[#   1]+0.006*[#   5]
    |psi|^2 = 0.998
==== e(   5) =    21.58091 eV ==== 
     psi = 0.189*[#   4]+0.189*[#   8]+0.111*[#   1]+0.111*[#   5]+0.079*[#   3]
          +0.079*[#   7]+0.004*[#   2]+0.004*[#   6]
    |psi|^2 = 0.766
==== e(   6) =    25.00599 eV ==== 
     psi = 0.119*[#   3]+0.119*[#   7]+0.114*[#   4]+0.114*[#   8]+0.069*[#   1]
          +0.069*[#   5]+0.015*[#   2]+0.015*[#   6]
    |psi|^2 = 0.634
==== e(   7) =    27.00774 eV ==== 
     psi = 0.203*[#   2]+0.203*[#   6]+0.166*[#   1]+0.166*[#   5]+0.051*[#   3]
          +0.051*[#   7]+0.042*[#   4]+0.042*[#   8]
    |psi|^2 = 0.924
==== e(   8) =    29.58971 eV ==== 
     psi = 0.193*[#   2]+0.193*[#   6]+0.151*[#   3]+0.151*[#   7]+0.108*[#   1]
          +0.108*[#   5]+0.004*[#   4]+0.004*[#   8]
    |psi|^2 = 0.913

 k =  -0.5303300859  0.0000000000 -0.7071067812
==== e(   1) =    -0.35790 eV ==== 
     psi = 0.253*[#   4]+0.252*[#   8]+0.225*[#   5]+0.224*[#   1]+0.020*[#   2]
          +0.019*[#   6]+0.002*[#   3]+0.002*[#   7]
    |psi|^2 = 0.997
==== e(   2) =    -0.34370 eV ==== 
     psi = 0.254*[#   8]+0.253*[#   4]+0.224*[#   1]+0.223*[#   5]+0.019*[#   2]
          +0.019*[#   6]+0.002*[#   3]+0.002*[#   7]
    |psi|^2 = 0.997
==== e(   3) =     5.14658 eV ==== 
     psi = 0.236*[#   2]+0.235*[#   6]+0.219*[#   7]+0.218*[#   3]+0.036*[#   4]
          +0.036*[#   8]+0.009*[#   1]+0.009*[#   5]
    |psi|^2 = 0.998
==== e(   4) =     5.16313 eV ==== 
     psi = 0.235*[#   6]+0.235*[#   2]+0.219*[#   3]+0.219*[#   7]+0.036*[#   8]
          +0.036*[#   4]+0.009*[#   1]+0.009*[#   5]
    |psi|^2 = 0.998
==== e(   5) =    20.86784 eV ==== 
     psi = 0.170*[#   4]+0.169*[#   5]+0.167*[#   8]+0.166*[#   1]+0.045*[#   7]
          +0.044*[#   3]+0.002*[#   2]+0.001*[#   6]
    |psi|^2 = 0.763
==== e(   6) =    20.88438 eV ==== 
     psi = 0.171*[#   8]+0.169*[#   1]+0.167*[#   4]+0.165*[#   5]+0.044*[#   3]
          +0.043*[#   7]+0.002*[#   2]+0.002*[#   6]
    |psi|^2 = 0.761
==== e(   7) =    30.24031 eV ==== 
     psi = 0.225*[#   2]+0.225*[#   6]+0.174*[#   7]+0.174*[#   3]+0.056*[#   5]
          +0.056*[#   1]+0.003*[#   4]+0.003*[#   8]
    |psi|^2 = 0.916
==== e(   8) =    30.25825 eV ==== 
     psi = 0.225*[#   6]+0.224*[#   2]+0.174*[#   3]+0.173*[#   7]+0.057*[#   1]
          +0.057*[#   5]+0.003*[#   4]+0.003*[#   8]
    |psi|^2 = 0.915

 k =   0.0883883476 -0.6187184335 -0.0883883476
==== e(   1) =    -2.63090 eV ==== 
     psi = 0.252*[#   4]+0.252*[#   8]+0.238*[#   1]+0.238*[#   5]+0.004*[#   2]
          +0.004*[#   3]+0.004*[#   6]+0.004*[#   7]
    |psi|^2 = 0.995
==== e(   2) =     1.64132 eV ==== 
     psi = 0.273*[#   4]+0.273*[#   8]+0.199*[#   1]+0.199*[#   5]+0.013*[#   2]
          +0.013*[#   3]+0.013*[#   6]+0.013*[#   7]
    |psi|^2 = 0.997
==== e(   3) =     5.14672 eV ==== 
     psi = 0.219*[#   2]+0.219*[#   3]+0.219*[#   6]+0.219*[#   7]+0.049*[#   4]
          +0.049*[#   8]+0.011*[#   1]+0.011*[#   5]
    |psi|^2 = 0.998
==== e(   4) =     6.57741 eV ==== 
     psi = 0.250*[#   2]+0.250*[#   3]+0.250*[#   6]+0.250*[#   7]
    |psi|^2 = 0.999
==== e(   5) =    18.92169 eV ==== 
     psi = 0.203*[#   4]+0.203*[#   8]+0.197*[#   1]+0.197*[#   5]+0.008*[#   2]
          +0.008*[#   3]+0.008*[#   6]+0.008*[#   7]
    |psi|^2 = 0.831
==== e(   6) =    21.00188 eV ==== 
     psi = 0.186*[#   1]+0.186*[#   5]+0.148*[#   4]+0.148*[#   8]+0.014*[#   2]
          +0.014*[#   3]+0.014*[#   6]+0.014*[#   7]
    |psi|^2 = 0.726
==== e(   7) =    30.32799 eV ==== 
     psi = 0.240*[#   2]+0.240*[#   3]+0.240*[#   6]+0.240*[#   7]
    |psi|^2 = 0.959
==== e(   8) =    30.67009 eV ==== 
     psi = 0.207*[#   2]+0.207*[#   3]+0.207*[#   6]+0.207*[#   7]+0.052*[#   1]
          +0.052*[#   5]+0.003*[#   4]+0.003*[#   8]
    |psi|^2 = 0.937

 k =   0.0000000000 -0.5303300859 -0.1767766953
==== e(   1) =    -4.23201 eV ==== 
     psi = 0.256*[#   1]+0.256*[#   5]+0.220*[#   4]+0.220*[#   8]+0.016*[#   2]
          +0.016*[#   6]+0.005*[#   3]+0.005*[#   7]
    |psi|^2 = 0.994
==== e(   2) =     3.41893 eV ==== 
     psi = 0.206*[#   4]+0.206*[#   8]+0.174*[#   1]+0.174*[#   5]+0.091*[#   3]
          +0.091*[#   7]+0.027*[#   2]+0.027*[#   6]
    |psi|^2 = 0.998
==== e(   3) =     5.52057 eV ==== 
     psi = 0.266*[#   3]+0.266*[#   7]+0.177*[#   2]+0.177*[#   6]+0.032*[#   1]
          +0.032*[#   5]+0.024*[#   4]+0.024*[#   8]
    |psi|^2 = 0.997
==== e(   4) =     6.64099 eV ==== 
     psi = 0.231*[#   2]+0.231*[#   6]+0.137*[#   3]+0.137*[#   7]+0.126*[#   4]
          +0.126*[#   8]+0.005*[#   1]+0.005*[#   5]
    |psi|^2 = 0.998
==== e(   5) =    20.36571 eV ==== 
     psi = 0.233*[#   4]+0.233*[#   8]+0.152*[#   1]+0.152*[#   5]+0.044*[#   2]
          +0.044*[#   6]+0.011*[#   3]+0.011*[#   7]
    |psi|^2 = 0.880
==== e(   6) =    22.59148 eV ==== 
     psi = 0.150*[#   1]+0.150*[#   5]+0.103*[#   4]+0.103*[#   8]+0.052*[#   2]
          +0.052*[#   6]+0.002*[#   3]+0.002*[#   7]
    |psi|^2 = 0.614
==== e(   7) =    27.47719 eV ==== 
     psi = 0.232*[#   3]+0.232*[#   7]+0.124*[#   2]+0.124*[#   6]+0.092*[#   1]
          +0.092*[#   5]+0.008*[#   4]+0.008*[#   8]
    |psi|^2 = 0.912
==== e(   8) =    29.78282 eV ==== 
     psi = 0.249*[#   2]+0.249*[#   6]+0.205*[#   3]+0.205*[#   7]+0.027*[#   1]
          +0.027*[#   5]
    |psi|^2 = 0.963

 k =  -0.0883883476 -0.4419417382 -0.2651650429
==== e(   1) =    -4.96548 eV ==== 
     psi = 0.277*[#   1]+0.277*[#   5]+0.161*[#   4]+0.161*[#   8]+0.048*[#   2]
          +0.048*[#   6]+0.012*[#   3]+0.012*[#   7]
    |psi|^2 = 0.994
==== e(   2) =     2.53291 eV ==== 
     psi = 0.184*[#   3]+0.184*[#   7]+0.127*[#   1]+0.127*[#   5]+0.105*[#   2]
          +0.105*[#   6]+0.082*[#   4]+0.082*[#   8]
    |psi|^2 = 0.995
==== e(   3) =     6.29029 eV ==== 
     psi = 0.255*[#   3]+0.255*[#   7]+0.091*[#   4]+0.091*[#   8]+0.090*[#   2]
          +0.090*[#   6]+0.063*[#   1]+0.063*[#   5]
    |psi|^2 = 0.997
==== e(   4) =     8.57951 eV ==== 
     psi = 0.223*[#   4]+0.223*[#   8]+0.222*[#   2]+0.222*[#   6]+0.042*[#   3]
          +0.042*[#   7]+0.011*[#   1]+0.011*[#   5]
    |psi|^2 = 0.997
==== e(   5) =    22.07398 eV ==== 
     psi = 0.247*[#   4]+0.247*[#   8]+0.075*[#   2]+0.075*[#   6]+0.068*[#   1]
          +0.068*[#   5]+0.036*[#   3]+0.036*[#   7]
    |psi|^2 = 0.854
==== e(   6) =    23.82550 eV ==== 
     psi = 0.200*[#   3]+0.200*[#   7]+0.126*[#   2]+0.126*[#   6]+0.063*[#   1]
          +0.063*[#   5]+0.020*[#   4]+0.020*[#   8]
    |psi|^2 = 0.820
==== e(   7) =    26.87275 eV ==== 
     psi = 0.229*[#   1]+0.229*[#   5]+0.086*[#   4]+0.086*[#   8]+0.081*[#   2]
          +0.081*[#   6]+0.023*[#   3]+0.023*[#   7]
    |psi|^2 = 0.838
==== e(   8) =    27.72986 eV ==== 
     psi = 0.164*[#   3]+0.164*[#   7]+0.158*[#   2]+0.158*[#   6]+0.069*[#   1]
          +0.069*[#   5]+0.010*[#   4]+0.010*[#   8]
    |psi|^2 = 0.803

 k =  -0.1767766953 -0.3535533906 -0.3535533906
==== e(   1) =    -4.86268 eV ==== 
     psi = 0.299*[#   1]+0.299*[#   5]+0.087*[#   2]+0.087*[#   4]+0.087*[#   6]
          +0.087*[#   8]+0.024*[#   3]+0.024*[#   7]
    |psi|^2 = 0.995
==== e(   2) =     0.75497 eV ==== 
     psi = 0.171*[#   3]+0.171*[#   7]+0.125*[#   1]+0.125*[#   5]+0.100*[#   2]
          +0.100*[#   4]+0.100*[#   6]+0.100*[#   8]
    |psi|^2 = 0.992
==== e(   3) =     8.03810 eV ==== 
     psi = 0.295*[#   3]+0.295*[#   7]+0.082*[#   2]+0.082*[#   4]+0.082*[#   6]
          +0.082*[#   8]+0.040*[#   1]+0.040*[#   5]
    |psi|^2 = 0.998
==== e(   4) =     9.76176 eV ==== 
     psi = 0.249*[#   2]+0.249*[#   4]+0.249*[#   6]+0.249*[#   8]
    |psi|^2 = 0.998
==== e(   5) =    22.34113 eV ==== 
     psi = 0.278*[#   3]+0.278*[#   7]+0.054*[#   1]+0.054*[#   5]+0.045*[#   2]
          +0.045*[#   4]+0.045*[#   6]+0.045*[#   8]
    |psi|^2 = 0.845
==== e(   6) =    23.37166 eV ==== 
     psi = 0.226*[#   2]+0.226*[#   4]+0.226*[#   6]+0.226*[#   8]
    |psi|^2 = 0.904
==== e(   7) =    24.57839 eV ==== 
     psi = 0.272*[#   1]+0.272*[#   5]+0.061*[#   3]+0.061*[#   7]+0.056*[#   2]
          +0.056*[#   4]+0.056*[#   6]+0.056*[#   8]
    |psi|^2 = 0.890
==== e(   8) =    29.92170 eV ==== 
     psi = 0.126*[#   1]+0.126*[#   5]+0.093*[#   3]+0.093*[#   7]+0.071*[#   2]
          +0.071*[#   4]+0.071*[#   6]+0.071*[#   8]
    |psi|^2 = 0.722

 k =  -0.1767766953 -0.1767766953 -0.3535533906
==== e(   1) =    -6.59019 eV ==== 
     psi = 0.293*[#   1]+0.293*[#   5]+0.140*[#   2]+0.140*[#   6]+0.032*[#   3]
          +0.032*[#   7]+0.032*[#   4]+0.032*[#   8]
    |psi|^2 = 0.993
==== e(   2) =     3.38632 eV ==== 
     psi = 0.143*[#   3]+0.143*[#   7]+0.142*[#   4]+0.142*[#   8]+0.126*[#   1]
          +0.126*[#   5]+0.086*[#   2]+0.086*[#   6]
    |psi|^2 = 0.994
==== e(   3) =     9.09850 eV ==== 
     psi = 0.258*[#   4]+0.258*[#   8]+0.240*[#   3]+0.240*[#   7]
    |psi|^2 = 0.998
==== e(   4) =     9.55049 eV ==== 
     psi = 0.325*[#   2]+0.325*[#   6]+0.075*[#   3]+0.075*[#   7]+0.058*[#   4]
          +0.058*[#   8]+0.040*[#   1]+0.040*[#   5]
    |psi|^2 = 0.997
==== e(   5) =    21.10155 eV ==== 
     psi = 0.300*[#   2]+0.300*[#   6]+0.081*[#   1]+0.081*[#   5]+0.038*[#   3]
          +0.038*[#   7]+0.034*[#   4]+0.034*[#   8]
    |psi|^2 = 0.906
==== e(   6) =    24.30375 eV ==== 
     psi = 0.233*[#   4]+0.233*[#   8]+0.224*[#   3]+0.224*[#   7]
    |psi|^2 = 0.915
==== e(   7) =    24.50232 eV ==== 
     psi = 0.192*[#   1]+0.192*[#   5]+0.136*[#   3]+0.136*[#   7]+0.131*[#   4]
          +0.131*[#   8]
    |psi|^2 = 0.920
==== e(   8) =    27.79217 eV ==== 
     psi = 0.160*[#   1]+0.160*[#   5]+0.081*[#   2]+0.081*[#   6]+0.037*[#   3]
          +0.037*[#   4]+0.037*[#   7]+0.037*[#   8]
    |psi|^2 = 0.632

 k =  -0.2651650429 -0.0883883476 -0.4419417382
==== e(   1) =    -4.96489 eV ==== 
     psi = 0.276*[#   1]+0.276*[#   5]+0.161*[#   2]+0.161*[#   6]+0.048*[#   3]
          +0.048*[#   7]+0.012*[#   4]+0.012*[#   8]
    |psi|^2 = 0.994
==== e(   2) =     2.53009 eV ==== 
     psi = 0.184*[#   4]+0.184*[#   8]+0.127*[#   1]+0.127*[#   5]+0.105*[#   3]
          +0.105*[#   7]+0.082*[#   2]+0.082*[#   6]
    |psi|^2 = 0.995
==== e(   3) =     6.26613 eV ==== 
     psi = 0.255*[#   4]+0.255*[#   8]+0.092*[#   2]+0.092*[#   6]+0.089*[#   3]
          +0.089*[#   7]+0.063*[#   1]+0.063*[#   5]
    |psi|^2 = 0.997
==== e(   4) =     8.61156 eV ==== 
     psi = 0.223*[#   3]+0.223*[#   7]+0.222*[#   2]+0.222*[#   6]+0.043*[#   4]
          +0.043*[#   8]+0.011*[#   1]+0.011*[#   5]
    |psi|^2 = 0.997
==== e(   5) =    22.08042 eV ==== 
     psi = 0.250*[#   2]+0.250*[#   6]+0.076*[#   3]+0.076*[#   7]+0.070*[#   1]
          +0.070*[#   5]+0.031*[#   4]+0.031*[#   8]
    |psi|^2 = 0.856
==== e(   6) =    23.81207 eV ==== 
     psi = 0.205*[#   4]+0.205*[#   8]+0.127*[#   3]+0.127*[#   7]+0.060*[#   1]
          +0.060*[#   5]+0.017*[#   2]+0.017*[#   6]
    |psi|^2 = 0.817
==== e(   7) =    26.88005 eV ==== 
     psi = 0.230*[#   1]+0.230*[#   5]+0.087*[#   2]+0.087*[#   6]+0.077*[#   3]
          +0.077*[#   7]+0.022*[#   4]+0.022*[#   8]
    |psi|^2 = 0.833
==== e(   8) =    27.72870 eV ==== 
     psi = 0.164*[#   4]+0.164*[#   8]+0.160*[#   3]+0.160*[#   7]+0.069*[#   1]
          +0.069*[#   5]+0.010*[#   2]+0.010*[#   6]
    |psi|^2 = 0.807

 k =  -0.3535533906 -0.0000000000 -0.5303300859
==== e(   1) =    -2.66699 eV ==== 
     psi = 0.269*[#   1]+0.269*[#   5]+0.153*[#   2]+0.153*[#   6]+0.046*[#   3]
          +0.046*[#   7]+0.031*[#   4]+0.031*[#   8]
    |psi|^2 = 0.997
==== e(   2) =     1.81323 eV ==== 
     psi = 0.207*[#   4]+0.207*[#   8]+0.174*[#   1]+0.174*[#   5]+0.076*[#   2]
          +0.076*[#   6]+0.043*[#   3]+0.043*[#   7]
    |psi|^2 = 0.998
==== e(   3) =     3.63271 eV ==== 
     psi = 0.253*[#   4]+0.253*[#   8]+0.138*[#   3]+0.138*[#   7]+0.073*[#   2]
          +0.073*[#   6]+0.035*[#   1]+0.035*[#   5]
    |psi|^2 = 0.996
==== e(   4) =     7.12928 eV ==== 
     psi = 0.245*[#   2]+0.245*[#   6]+0.209*[#   3]+0.209*[#   7]+0.035*[#   4]
          +0.035*[#   8]+0.010*[#   1]+0.010*[#   5]
    |psi|^2 = 0.998
==== e(   5) =    22.44065 eV ==== 
     psi = 0.191*[#   4]+0.191*[#   8]+0.113*[#   3]+0.113*[#   7]+0.059*[#   1]
          +0.059*[#   5]+0.008*[#   2]+0.008*[#   6]
    |psi|^2 = 0.742
==== e(   6) =    25.00457 eV ==== 
     psi = 0.235*[#   2]+0.235*[#   6]+0.127*[#   3]+0.127*[#   7]+0.051*[#   1]
          +0.051*[#   5]+0.004*[#   4]+0.004*[#   8]
    |psi|^2 = 0.833
==== e(   7) =    27.53533 eV ==== 
     psi = 0.226*[#   1]+0.226*[#   5]+0.112*[#   2]+0.112*[#   6]+0.041*[#   3]
          +0.041*[#   7]+0.021*[#   4]+0.021*[#   8]
    |psi|^2 = 0.799
==== e(   8) =    29.16957 eV ==== 
     psi = 0.201*[#   4]+0.201*[#   8]+0.137*[#   1]+0.137*[#   5]+0.114*[#   3]
          +0.114*[#   7]+0.009*[#   2]+0.009*[#   6]
    |psi|^2 = 0.923

 k =  -0.4419417382  0.0883883476 -0.6187184335
==== e(   1) =    -1.79602 eV ==== 
     psi = 0.267*[#   1]+0.267*[#   5]+0.185*[#   4]+0.185*[#   8]+0.034*[#   2]
          +0.034*[#   6]+0.013*[#   3]+0.013*[#   7]
    |psi|^2 = 0.997
==== e(   2) =     0.99643 eV ==== 
     psi = 0.172*[#   1]+0.172*[#   5]+0.138*[#   4]+0.138*[#   8]+0.130*[#   2]
          +0.130*[#   6]+0.059*[#   3]+0.059*[#   7]
    |psi|^2 = 0.997
==== e(   3) =     4.09849 eV ==== 
     psi = 0.183*[#   4]+0.183*[#   8]+0.142*[#   2]+0.142*[#   6]+0.134*[#   3]
          +0.134*[#   7]+0.039*[#   1]+0.039*[#   5]
    |psi|^2 = 0.997
==== e(   4) =     6.18098 eV ==== 
     psi = 0.223*[#   3]+0.223*[#   7]+0.217*[#   2]+0.217*[#   6]+0.054*[#   4]
          +0.054*[#   8]+0.006*[#   1]+0.006*[#   5]
    |psi|^2 = 0.998
==== e(   5) =    21.57799 eV ==== 
     psi = 0.188*[#   4]+0.188*[#   8]+0.111*[#   1]+0.111*[#   5]+0.079*[#   3]
          +0.079*[#   7]+0.005*[#   2]+0.005*[#   6]
    |psi|^2 = 0.765
==== e(   6) =    25.01000 eV ==== 
     psi = 0.118*[#   3]+0.118*[#   7]+0.115*[#   4]+0.115*[#   8]+0.069*[#   1]
          +0.069*[#   5]+0.015*[#   2]+0.015*[#   6]
    |psi|^2 = 0.635
==== e(   7) =    27.01237 eV ==== 
     psi = 0.201*[#   2]+0.201*[#   6]+0.168*[#   1]+0.168*[#   5]+0.051*[#   3]
          +0.051*[#   7]+0.042*[#   4]+0.042*[#   8]
    |psi|^2 = 0.925
==== e(   8) =    29.57270 eV ==== 
     psi = 0.194*[#   2]+0.194*[#   6]+0.152*[#   3]+0.152*[#   7]+0.106*[#   1]
          +0.106*[#   5]+0.003*[#   4]+0.003*[#   8]
    |psi|^2 = 0.911

 k =   0.1767766953 -0.5303300859  0.0000000000
==== e(   1) =    -4.23201 eV ==== 
     psi = 0.256*[#   1]+0.256*[#   5]+0.220*[#   4]+0.220*[#   8]+0.016*[#   3]
          +0.016*[#   7]+0.005*[#   2]+0.005*[#   6]
    |psi|^2 = 0.994
==== e(   2) =     3.41893 eV ==== 
     psi = 0.206*[#   4]+0.206*[#   8]+0.174*[#   1]+0.174*[#   5]+0.091*[#   2]
          +0.091*[#   6]+0.027*[#   3]+0.027*[#   7]
    |psi|^2 = 0.998
==== e(   3) =     5.52057 eV ==== 
     psi = 0.266*[#   2]+0.266*[#   6]+0.177*[#   3]+0.177*[#   7]+0.032*[#   1]
          +0.032*[#   5]+0.024*[#   4]+0.024*[#   8]
    |psi|^2 = 0.997
==== e(   4) =     6.64099 eV ==== 
     psi = 0.231*[#   3]+0.231*[#   7]+0.137*[#   2]+0.137*[#   6]+0.126*[#   4]
          +0.126*[#   8]+0.005*[#   1]+0.005*[#   5]
    |psi|^2 = 0.998
==== e(   5) =    20.36571 eV ==== 
     psi = 0.233*[#   4]+0.233*[#   8]+0.152*[#   1]+0.152*[#   5]+0.044*[#   3]
          +0.044*[#   7]+0.011*[#   2]+0.011*[#   6]
    |psi|^2 = 0.880
==== e(   6) =    22.59148 eV ==== 
     psi = 0.150*[#   1]+0.150*[#   5]+0.103*[#   4]+0.103*[#   8]+0.052*[#   3]
          +0.052*[#   7]+0.002*[#   2]+0.002*[#   6]
    |psi|^2 = 0.614
==== e(   7) =    27.47719 eV ==== 
     psi = 0.232*[#   2]+0.232*[#   6]+0.124*[#   3]+0.124*[#   7]+0.092*[#   1]
          +0.092*[#   5]+0.008*[#   4]+0.008*[#   8]
    |psi|^2 = 0.912
==== e(   8) =    29.78282 eV ==== 
     psi = 0.249*[#   3]+0.249*[#   7]+0.205*[#   2]+0.205*[#   6]+0.027*[#   1]
          +0.027*[#   5]
    |psi|^2 = 0.963

 k =   0.0883883476 -0.4419417382 -0.0883883476
==== e(   1) =    -6.14551 eV ==== 
     psi = 0.274*[#   1]+0.274*[#   5]+0.208*[#   4]+0.208*[#   8]+0.007*[#   2]
          +0.007*[#   3]+0.007*[#   6]+0.007*[#   7]
    |psi|^2 = 0.993
==== e(   2) =     5.06896 eV ==== 
     psi = 0.149*[#   4]+0.149*[#   8]+0.120*[#   1]+0.120*[#   5]+0.114*[#   2]
          +0.114*[#   3]+0.114*[#   6]+0.114*[#   7]
    |psi|^2 = 0.997
==== e(   3) =     7.45580 eV ==== 
     psi = 0.216*[#   4]+0.216*[#   8]+0.115*[#   2]+0.115*[#   3]+0.115*[#   6]
          +0.115*[#   7]+0.052*[#   1]+0.052*[#   5]
    |psi|^2 = 0.998
==== e(   4) =     7.69940 eV ==== 
     psi = 0.250*[#   2]+0.250*[#   3]+0.250*[#   6]+0.250*[#   7]
    |psi|^2 = 0.998
==== e(   5) =    19.18639 eV ==== 
     psi = 0.263*[#   4]+0.263*[#   8]+0.168*[#   1]+0.168*[#   5]+0.015*[#   2]
          +0.015*[#   3]+0.015*[#   6]+0.015*[#   7]
    |psi|^2 = 0.923
==== e(   6) =    23.39143 eV ==== 
     psi = 0.176*[#   1]+0.176*[#   5]+0.089*[#   4]+0.089*[#   8]+0.013*[#   2]
          +0.013*[#   3]+0.013*[#   6]+0.013*[#   7]
    |psi|^2 = 0.582
==== e(   7) =    27.29390 eV ==== 
     psi = 0.234*[#   2]+0.234*[#   3]+0.234*[#   6]+0.234*[#   7]
    |psi|^2 = 0.935
==== e(   8) =    27.41428 eV ==== 
     psi = 0.200*[#   2]+0.200*[#   3]+0.200*[#   6]+0.200*[#   7]+0.066*[#   1]
          +0.066*[#   5]+0.003*[#   4]+0.003*[#   8]
    |psi|^2 = 0.938

 k =  -0.0000000000 -0.3535533906 -0.1767766953
==== e(   1) =    -7.17123 eV ==== 
     psi = 0.294*[#   1]+0.294*[#   5]+0.164*[#   4]+0.164*[#   8]+0.037*[#   2]
          +0.037*[#   6]+0.002*[#   3]+0.002*[#   7]
    |psi|^2 = 0.993
==== e(   2) =     6.11449 eV ==== 
     psi = 0.149*[#   3]+0.149*[#   7]+0.133*[#   4]+0.133*[#   8]+0.115*[#   2]
          +0.115*[#   6]+0.101*[#   1]+0.101*[#   5]
    |psi|^2 = 0.997
==== e(   3) =     7.08156 eV ==== 
     psi = 0.290*[#   3]+0.290*[#   7]+0.129*[#   2]+0.129*[#   6]+0.049*[#   1]
          +0.049*[#   5]+0.031*[#   4]+0.031*[#   8]
    |psi|^2 = 0.996
==== e(   4) =     9.84752 eV ==== 
     psi = 0.244*[#   4]+0.244*[#   8]+0.201*[#   2]+0.201*[#   6]+0.035*[#   3]
          +0.035*[#   7]+0.019*[#   1]+0.019*[#   5]
    |psi|^2 = 0.997
==== e(   5) =    20.65581 eV ==== 
     psi = 0.293*[#   4]+0.293*[#   8]+0.103*[#   1]+0.103*[#   5]+0.057*[#   2]
          +0.057*[#   6]+0.021*[#   3]+0.021*[#   7]
    |psi|^2 = 0.947
==== e(   6) =    24.27502 eV ==== 
     psi = 0.266*[#   3]+0.266*[#   7]+0.136*[#   2]+0.136*[#   6]+0.018*[#   1]
          +0.018*[#   5]+0.009*[#   4]+0.009*[#   8]
    |psi|^2 = 0.857
==== e(   7) =    25.93852 eV ==== 
     psi = 0.262*[#   2]+0.262*[#   6]+0.168*[#   3]+0.168*[#   7]+0.039*[#   1]
          +0.039*[#   5]
    |psi|^2 = 0.938
==== e(   8) =    26.07809 eV ==== 
     psi = 0.246*[#   1]+0.246*[#   5]+0.062*[#   4]+0.062*[#   8]+0.017*[#   3]
          +0.017*[#   7]+0.008*[#   2]+0.008*[#   6]
    |psi|^2 = 0.665

 k =  -0.0883883476 -0.2651650429 -0.2651650429
==== e(   1) =    -7.32169 eV ==== 
     psi = 0.302*[#   1]+0.302*[#   5]+0.091*[#   2]+0.091*[#   4]+0.091*[#   6]
          +0.091*[#   8]+0.011*[#   3]+0.011*[#   7]
    |psi|^2 = 0.993
==== e(   2) =     4.80457 eV ==== 
     psi = 0.174*[#   3]+0.174*[#   7]+0.114*[#   1]+0.114*[#   5]+0.104*[#   2]
          +0.104*[#   4]+0.104*[#   6]+0.104*[#   8]
    |psi|^2 = 0.994
==== e(   3) =     8.28819 eV ==== 
     psi = 0.280*[#   3]+0.280*[#   7]+0.087*[#   2]+0.087*[#   4]+0.087*[#   6]
          +0.087*[#   8]+0.044*[#   1]+0.044*[#   5]
    |psi|^2 = 0.996
==== e(   4) =    10.89287 eV ==== 
     psi = 0.249*[#   2]+0.249*[#   4]+0.249*[#   6]+0.249*[#   8]
    |psi|^2 = 0.997
==== e(   5) =    22.27099 eV ==== 
     psi = 0.238*[#   2]+0.238*[#   4]+0.238*[#   6]+0.238*[#   8]
    |psi|^2 = 0.950
==== e(   6) =    22.87911 eV ==== 
     psi = 0.306*[#   3]+0.306*[#   7]+0.057*[#   1]+0.057*[#   5]+0.044*[#   2]
          +0.044*[#   4]+0.044*[#   6]+0.044*[#   8]
    |psi|^2 = 0.903
==== e(   7) =    23.90121 eV ==== 
     psi = 0.171*[#   1]+0.172*[#   5]+0.141*[#   3]+0.141*[#   7]+0.075*[#   2]
          +0.075*[#   4]+0.075*[#   6]+0.075*[#   8]
    |psi|^2 = 0.923
==== e(   8) =    28.74276 eV ==== 
     psi = 0.235*[#   1]+0.235*[#   5]+0.061*[#   2]+0.061*[#   4]+0.061*[#   6]
          +0.061*[#   8]+0.029*[#   3]+0.029*[#   7]
    |psi|^2 = 0.773

 k =  -0.0883883476 -0.0883883476 -0.2651650429
==== e(   1) =    -8.49786 eV ==== 
     psi = 0.332*[#   1]+0.332*[#   5]+0.136*[#   2]+0.136*[#   6]+0.014*[#   3]
          +0.014*[#   4]+0.014*[#   7]+0.014*[#   8]
    |psi|^2 = 0.993
==== e(   2) =     7.57032 eV ==== 
     psi = 0.158*[#   3]+0.158*[#   7]+0.156*[#   4]+0.156*[#   8]+0.106*[#   2]
          +0.106*[#   6]+0.078*[#   1]+0.078*[#   5]
    |psi|^2 = 0.995
==== e(   3) =     9.78245 eV ==== 
     psi = 0.254*[#   4]+0.254*[#   8]+0.245*[#   3]+0.245*[#   7]
    |psi|^2 = 0.997
==== e(   4) =    10.76031 eV ==== 
     psi = 0.322*[#   2]+0.322*[#   6]+0.072*[#   3]+0.072*[#   7]+0.065*[#   4]
          +0.065*[#   8]+0.039*[#   1]+0.039*[#   5]
    |psi|^2 = 0.996
==== e(   5) =    19.90711 eV ==== 
     psi = 0.331*[#   2]+0.331*[#   6]+0.099*[#   1]+0.099*[#   5]+0.027*[#   3]
          +0.027*[#   7]+0.025*[#   4]+0.025*[#   8]
    |psi|^2 = 0.963
==== e(   6) =    23.63842 eV ==== 
     psi = 0.262*[#   4]+0.262*[#   8]+0.214*[#   3]+0.214*[#   7]+0.001*[#   1]
          +0.001*[#   5]
    |psi|^2 = 0.955
==== e(   7) =    23.66836 eV ==== 
     psi = 0.225*[#   3]+0.225*[#   7]+0.179*[#   4]+0.179*[#   8]+0.072*[#   1]
          +0.072*[#   5]+0.002*[#   2]+0.002*[#   6]
    |psi|^2 = 0.955
==== e(   8) =    27.31171 eV ==== 
     psi = 0.247*[#   1]+0.247*[#   5]+0.063*[#   2]+0.063*[#   6]+0.013*[#   3]
          +0.013*[#   7]+0.012*[#   4]+0.012*[#   8]
    |psi|^2 = 0.671

 k =  -0.1767766953  0.0000000000 -0.3535533906
==== e(   1) =    -7.17106 eV ==== 
     psi = 0.294*[#   1]+0.294*[#   5]+0.164*[#   2]+0.164*[#   6]+0.037*[#   3]
          +0.037*[#   7]+0.002*[#   4]+0.002*[#   8]
    |psi|^2 = 0.993
==== e(   2) =     6.08959 eV ==== 
     psi = 0.148*[#   4]+0.148*[#   8]+0.133*[#   2]+0.133*[#   6]+0.115*[#   3]
          +0.115*[#   7]+0.102*[#   1]+0.102*[#   5]
    |psi|^2 = 0.997
==== e(   3) =     7.08378 eV ==== 
     psi = 0.291*[#   4]+0.291*[#   8]+0.128*[#   3]+0.128*[#   7]+0.048*[#   1]
          +0.048*[#   5]+0.030*[#   2]+0.030*[#   6]
    |psi|^2 = 0.995
==== e(   4) =     9.87822 eV ==== 
     psi = 0.244*[#   2]+0.244*[#   6]+0.201*[#   3]+0.201*[#   7]+0.035*[#   4]
          +0.035*[#   8]+0.019*[#   1]+0.019*[#   5]
    |psi|^2 = 0.997
==== e(   5) =    20.64190 eV ==== 
     psi = 0.293*[#   2]+0.293*[#   6]+0.102*[#   1]+0.102*[#   5]+0.059*[#   3]
          +0.059*[#   7]+0.020*[#   4]+0.020*[#   8]
    |psi|^2 = 0.947
==== e(   6) =    24.29384 eV ==== 
     psi = 0.268*[#   4]+0.268*[#   8]+0.135*[#   3]+0.135*[#   7]+0.019*[#   1]
          +0.019*[#   5]+0.009*[#   2]+0.009*[#   6]
    |psi|^2 = 0.860
==== e(   7) =    25.94919 eV ==== 
     psi = 0.256*[#   3]+0.256*[#   7]+0.165*[#   4]+0.165*[#   8]+0.043*[#   1]
          +0.043*[#   5]+0.002*[#   2]+0.002*[#   6]
    |psi|^2 = 0.932
==== e(   8) =    26.06905 eV ==== 
     psi = 0.241*[#   1]+0.241*[#   5]+0.061*[#   2]+0.061*[#   6]+0.019*[#   4]
          +0.019*[#   8]+0.013*[#   3]+0.013*[#   7]
    |psi|^2 = 0.666

 k =  -0.2651650429  0.0883883476 -0.4419417382
==== e(   1) =    -4.96469 eV ==== 
     psi = 0.276*[#   1]+0.276*[#   5]+0.161*[#   2]+0.161*[#   6]+0.048*[#   3]
          +0.048*[#   7]+0.012*[#   4]+0.012*[#   8]
    |psi|^2 = 0.994
==== e(   2) =     2.52695 eV ==== 
     psi = 0.183*[#   4]+0.183*[#   8]+0.127*[#   1]+0.127*[#   5]+0.105*[#   3]
          +0.105*[#   7]+0.082*[#   2]+0.082*[#   6]
    |psi|^2 = 0.995
==== e(   3) =     6.27766 eV ==== 
     psi = 0.257*[#   4]+0.257*[#   8]+0.091*[#   3]+0.091*[#   7]+0.088*[#   2]
          +0.088*[#   6]+0.063*[#   1]+0.063*[#   5]
    |psi|^2 = 0.997
==== e(   4) =     8.60232 eV ==== 
     psi = 0.225*[#   2]+0.225*[#   6]+0.221*[#   3]+0.221*[#   7]+0.041*[#   4]
          +0.041*[#   8]+0.012*[#   1]+0.012*[#   5]
    |psi|^2 = 0.997
==== e(   5) =    22.04675 eV ==== 
     psi = 0.247*[#   2]+0.247*[#   6]+0.077*[#   3]+0.077*[#   7]+0.068*[#   1]
          +0.068*[#   5]+0.035*[#   4]+0.035*[#   8]
    |psi|^2 = 0.855
==== e(   6) =    23.85591 eV ==== 
     psi = 0.202*[#   4]+0.202*[#   8]+0.125*[#   3]+0.125*[#   7]+0.064*[#   1]
          +0.064*[#   5]+0.019*[#   2]+0.019*[#   6]
    |psi|^2 = 0.820
==== e(   7) =    26.84911 eV ==== 
     psi = 0.227*[#   1]+0.227*[#   5]+0.086*[#   2]+0.086*[#   6]+0.083*[#   3]
          +0.083*[#   7]+0.022*[#   4]+0.022*[#   8]
    |psi|^2 = 0.835
==== e(   8) =    27.76598 eV ==== 
     psi = 0.163*[#   4]+0.163*[#   8]+0.157*[#   3]+0.157*[#   7]+0.070*[#   1]
          +0.070*[#   5]+0.011*[#   2]+0.011*[#   6]
    |psi|^2 = 0.802

 k =  -0.3535533906  0.1767766953 -0.5303300859
==== e(   1) =    -2.81988 eV ==== 
     psi = 0.325*[#   1]+0.325*[#   5]+0.074*[#   2]+0.074*[#   6]+0.073*[#   4]
          +0.073*[#   8]+0.027*[#   3]+0.027*[#   7]
    |psi|^2 = 0.999
==== e(   2) =    -0.21511 eV ==== 
     psi = 0.143*[#   2]+0.143*[#   6]+0.142*[#   4]+0.142*[#   8]+0.126*[#   3]
          +0.126*[#   7]+0.084*[#   1]+0.084*[#   5]
    |psi|^2 = 0.991
==== e(   3) =     6.26053 eV ==== 
     psi = 0.193*[#   4]+0.193*[#   8]+0.188*[#   2]+0.188*[#   6]+0.070*[#   1]
          +0.070*[#   5]+0.048*[#   3]+0.048*[#   7]
    |psi|^2 = 0.998
==== e(   4) =     7.90145 eV ==== 
     psi = 0.257*[#   3]+0.257*[#   7]+0.122*[#   2]+0.122*[#   6]+0.118*[#   4]
          +0.118*[#   8]+0.003*[#   1]+0.003*[#   5]
    |psi|^2 = 0.998
==== e(   5) =    22.34125 eV ==== 
     psi = 0.137*[#   2]+0.137*[#   6]+0.132*[#   4]+0.132*[#   8]+0.096*[#   3]
          +0.096*[#   7]+0.016*[#   1]+0.016*[#   5]
    |psi|^2 = 0.763
==== e(   6) =    23.72823 eV ==== 
     psi = 0.154*[#   1]+0.154*[#   5]+0.099*[#   4]+0.099*[#   8]+0.093*[#   2]
          +0.093*[#   6]+0.091*[#   3]+0.091*[#   7]
    |psi|^2 = 0.873
==== e(   7) =    27.63731 eV ==== 
     psi = 0.206*[#   3]+0.206*[#   7]+0.154*[#   1]+0.154*[#   5]+0.059*[#   2]
          +0.059*[#   6]+0.056*[#   4]+0.056*[#   8]
    |psi|^2 = 0.953
==== e(   8) =    29.40141 eV ==== 
     psi = 0.134*[#   1]+0.134*[#   5]+0.113*[#   4]+0.113*[#   8]+0.110*[#   2]
          +0.110*[#   6]+0.038*[#   3]+0.038*[#   7]
    |psi|^2 = 0.790

 k =   0.2651650429 -0.4419417382  0.0883883476
==== e(   1) =    -4.96548 eV ==== 
     psi = 0.277*[#   1]+0.277*[#   5]+0.161*[#   4]+0.161*[#   8]+0.048*[#   3]
          +0.048*[#   7]+0.012*[#   2]+0.012*[#   6]
    |psi|^2 = 0.994
==== e(   2) =     2.53291 eV ==== 
     psi = 0.184*[#   2]+0.184*[#   6]+0.127*[#   1]+0.127*[#   5]+0.105*[#   3]
          +0.105*[#   7]+0.082*[#   4]+0.082*[#   8]
    |psi|^2 = 0.995
==== e(   3) =     6.29029 eV ==== 
     psi = 0.255*[#   2]+0.255*[#   6]+0.091*[#   4]+0.091*[#   8]+0.090*[#   3]
          +0.090*[#   7]+0.063*[#   1]+0.063*[#   5]
    |psi|^2 = 0.997
==== e(   4) =     8.57951 eV ==== 
     psi = 0.223*[#   4]+0.223*[#   8]+0.222*[#   3]+0.222*[#   7]+0.042*[#   2]
          +0.042*[#   6]+0.011*[#   1]+0.011*[#   5]
    |psi|^2 = 0.997
==== e(   5) =    22.07398 eV ==== 
     psi = 0.247*[#   4]+0.247*[#   8]+0.075*[#   3]+0.075*[#   7]+0.068*[#   1]
          +0.068*[#   5]+0.036*[#   2]+0.036*[#   6]
    |psi|^2 = 0.854
==== e(   6) =    23.82550 eV ==== 
     psi = 0.200*[#   2]+0.200*[#   6]+0.126*[#   3]+0.126*[#   7]+0.063*[#   1]
          +0.063*[#   5]+0.020*[#   4]+0.020*[#   8]
    |psi|^2 = 0.820
==== e(   7) =    26.87275 eV ==== 
     psi = 0.229*[#   1]+0.229*[#   5]+0.086*[#   4]+0.086*[#   8]+0.081*[#   3]
          +0.081*[#   7]+0.023*[#   2]+0.023*[#   6]
    |psi|^2 = 0.838
==== e(   8) =    27.72986 eV ==== 
     psi = 0.164*[#   2]+0.164*[#   6]+0.158*[#   3]+0.158*[#   7]+0.069*[#   1]
          +0.069*[#   5]+0.010*[#   4]+0.010*[#   8]
    |psi|^2 = 0.803

 k =   0.1767766953 -0.3535533906  0.0000000000
==== e(   1) =    -7.17123 eV ==== 
     psi = 0.294*[#   1]+0.294*[#   5]+0.164*[#   4]+0.164*[#   8]+0.037*[#   3]
          +0.037*[#   7]+0.002*[#   2]+0.002*[#   6]
    |psi|^2 = 0.993
==== e(   2) =     6.11449 eV ==== 
     psi = 0.149*[#   2]+0.149*[#   6]+0.133*[#   4]+0.133*[#   8]+0.115*[#   3]
          +0.115*[#   7]+0.101*[#   1]+0.101*[#   5]
    |psi|^2 = 0.997
==== e(   3) =     7.08156 eV ==== 
     psi = 0.290*[#   2]+0.290*[#   6]+0.129*[#   3]+0.129*[#   7]+0.049*[#   1]
          +0.049*[#   5]+0.031*[#   4]+0.031*[#   8]
    |psi|^2 = 0.996
==== e(   4) =     9.84752 eV ==== 
     psi = 0.244*[#   4]+0.244*[#   8]+0.201*[#   3]+0.201*[#   7]+0.035*[#   2]
          +0.035*[#   6]+0.019*[#   1]+0.019*[#   5]
    |psi|^2 = 0.997
==== e(   5) =    20.65581 eV ==== 
     psi = 0.293*[#   4]+0.293*[#   8]+0.103*[#   1]+0.103*[#   5]+0.057*[#   3]
          +0.057*[#   7]+0.021*[#   2]+0.021*[#   6]
    |psi|^2 = 0.947
==== e(   6) =    24.27502 eV ==== 
     psi = 0.266*[#   2]+0.266*[#   6]+0.136*[#   3]+0.136*[#   7]+0.018*[#   1]
          +0.018*[#   5]+0.009*[#   4]+0.009*[#   8]
    |psi|^2 = 0.857
==== e(   7) =    25.93852 eV ==== 
     psi = 0.262*[#   3]+0.262*[#   7]+0.168*[#   2]+0.168*[#   6]+0.039*[#   1]
          +0.039*[#   5]
    |psi|^2 = 0.938
==== e(   8) =    26.07809 eV ==== 
     psi = 0.246*[#   1]+0.246*[#   5]+0.062*[#   4]+0.062*[#   8]+0.017*[#   2]
          +0.017*[#   6]+0.008*[#   3]+0.008*[#   7]
    |psi|^2 = 0.665

 k =   0.0883883476 -0.2651650429 -0.0883883476
==== e(   1) =    -8.49785 eV ==== 
     psi = 0.332*[#   1]+0.332*[#   5]+0.136*[#   4]+0.136*[#   8]+0.014*[#   2]
          +0.014*[#   3]+0.014*[#   6]+0.014*[#   7]
    |psi|^2 = 0.993
==== e(   2) =     7.59550 eV ==== 
     psi = 0.157*[#   2]+0.157*[#   3]+0.157*[#   6]+0.157*[#   7]+0.106*[#   4]
          +0.106*[#   8]+0.078*[#   1]+0.078*[#   5]
    |psi|^2 = 0.995
==== e(   3) =     9.76136 eV ==== 
     psi = 0.249*[#   2]+0.249*[#   3]+0.249*[#   6]+0.249*[#   7]
    |psi|^2 = 0.997
==== e(   4) =    10.75168 eV ==== 
     psi = 0.322*[#   4]+0.322*[#   8]+0.068*[#   2]+0.068*[#   3]+0.068*[#   6]
          +0.068*[#   7]+0.039*[#   1]+0.039*[#   5]
    |psi|^2 = 0.996
==== e(   5) =    19.90766 eV ==== 
     psi = 0.331*[#   4]+0.331*[#   8]+0.099*[#   1]+0.099*[#   5]+0.026*[#   2]
          +0.026*[#   3]+0.026*[#   6]+0.026*[#   7]
    |psi|^2 = 0.963
==== e(   6) =    23.64996 eV ==== 
     psi = 0.239*[#   2]+0.239*[#   3]+0.239*[#   6]+0.239*[#   7]
    |psi|^2 = 0.954
==== e(   7) =    23.65146 eV ==== 
     psi = 0.202*[#   2]+0.202*[#   3]+0.202*[#   6]+0.202*[#   7]+0.072*[#   1]
          +0.072*[#   5]+0.002*[#   4]+0.002*[#   8]
    |psi|^2 = 0.955
==== e(   8) =    27.30984 eV ==== 
     psi = 0.248*[#   1]+0.248*[#   5]+0.063*[#   4]+0.063*[#   8]+0.012*[#   2]
          +0.012*[#   3]+0.012*[#   6]+0.012*[#   7]
    |psi|^2 = 0.673

 k =   0.0000000000 -0.1767766953 -0.1767766953
==== e(   1) =    -8.94112 eV ==== 
     psi = 0.355*[#   1]+0.355*[#   5]+0.071*[#   2]+0.071*[#   4]+0.071*[#   6]
          +0.071*[#   8]
    |psi|^2 = 0.993
==== e(   2) =     8.73779 eV ==== 
     psi = 0.155*[#   2]+0.155*[#   4]+0.155*[#   6]+0.155*[#   8]+0.127*[#   3]
          +0.127*[#   7]+0.061*[#   1]+0.061*[#   5]
    |psi|^2 = 0.995
==== e(   3) =     9.41866 eV ==== 
     psi = 0.331*[#   3]+0.331*[#   7]+0.062*[#   2]+0.062*[#   4]+0.062*[#   6]
          +0.062*[#   8]+0.042*[#   1]+0.042*[#   5]
    |psi|^2 = 0.993
==== e(   4) =    12.00040 eV ==== 
     psi = 0.249*[#   2]+0.249*[#   4]+0.249*[#   6]+0.249*[#   8]
    |psi|^2 = 0.995
==== e(   5) =    20.83780 eV ==== 
     psi = 0.242*[#   2]+0.242*[#   4]+0.242*[#   6]+0.242*[#   8]
    |psi|^2 = 0.969
==== e(   6) =    22.25181 eV ==== 
     psi = 0.159*[#   3]+0.159*[#   7]+0.113*[#   2]+0.113*[#   4]+0.113*[#   6]
          +0.113*[#   8]+0.095*[#   1]+0.095*[#   5]
    |psi|^2 = 0.960
==== e(   7) =    22.42862 eV ==== 
     psi = 0.351*[#   3]+0.351*[#   7]+0.046*[#   1]+0.046*[#   5]+0.041*[#   2]
          +0.041*[#   4]+0.041*[#   6]+0.041*[#   8]
    |psi|^2 = 0.957
==== e(   8) =    28.56252 eV ==== 
     psi = 0.338*[#   1]+0.338*[#   5]+0.045*[#   2]+0.045*[#   4]+0.045*[#   6]
          +0.045*[#   8]+0.001*[#   3]+0.001*[#   7]
    |psi|^2 = 0.859

 k =   0.0000000000  0.0000000000 -0.1767766953
==== e(   1) =    -9.53229 eV ==== 
     psi = 0.402*[#   1]+0.402*[#   5]+0.095*[#   2]+0.095*[#   6]
    |psi|^2 = 0.994
==== e(   2) =    10.95571 eV ==== 
     psi = 0.249*[#   3]+0.249*[#   4]+0.249*[#   7]+0.249*[#   8]
    |psi|^2 = 0.995
==== e(   3) =    10.98330 eV ==== 
     psi = 0.248*[#   3]+0.248*[#   4]+0.248*[#   7]+0.248*[#   8]+0.001*[#   2]
          +0.001*[#   6]
    |psi|^2 = 0.994
==== e(   4) =    11.51377 eV ==== 
     psi = 0.446*[#   2]+0.446*[#   6]+0.049*[#   1]+0.049*[#   5]
    |psi|^2 = 0.993
==== e(   5) =    19.24934 eV ==== 
     psi = 0.393*[#   2]+0.393*[#   6]+0.093*[#   1]+0.093*[#   5]
    |psi|^2 = 0.973
==== e(   6) =    21.96568 eV ==== 
     psi = 0.242*[#   3]+0.242*[#   4]+0.242*[#   7]+0.242*[#   8]
    |psi|^2 = 0.969
==== e(   7) =    21.98875 eV ==== 
     psi = 0.242*[#   3]+0.242*[#   4]+0.242*[#   7]+0.242*[#   8]
    |psi|^2 = 0.968
==== e(   8) =    28.12362 eV ==== 
     psi = 0.382*[#   1]+0.382*[#   5]+0.047*[#   2]+0.047*[#   6]
    |psi|^2 = 0.859

 k =  -0.0883883476  0.0883883476 -0.2651650429
==== e(   1) =    -8.49786 eV ==== 
     psi = 0.331*[#   1]+0.331*[#   5]+0.136*[#   2]+0.136*[#   6]+0.014*[#   3]
          +0.014*[#   4]+0.014*[#   7]+0.014*[#   8]
    |psi|^2 = 0.993
==== e(   2) =     7.56619 eV ==== 
     psi = 0.156*[#   3]+0.156*[#   4]+0.156*[#   7]+0.156*[#   8]+0.108*[#   2]
          +0.108*[#   6]+0.078*[#   1]+0.078*[#   5]
    |psi|^2 = 0.995
==== e(   3) =     9.75610 eV ==== 
     psi = 0.249*[#   3]+0.249*[#   4]+0.249*[#   7]+0.249*[#   8]
    |psi|^2 = 0.997
==== e(   4) =    10.79656 eV ==== 
     psi = 0.320*[#   2]+0.320*[#   6]+0.069*[#   3]+0.069*[#   4]+0.069*[#   7]
          +0.069*[#   8]+0.039*[#   1]+0.039*[#   5]
    |psi|^2 = 0.995
==== e(   5) =    19.89428 eV ==== 
     psi = 0.331*[#   2]+0.331*[#   6]+0.097*[#   1]+0.097*[#   5]+0.027*[#   3]
          +0.027*[#   4]+0.027*[#   7]+0.027*[#   8]
    |psi|^2 = 0.963
==== e(   6) =    23.64704 eV ==== 
     psi = 0.201*[#   3]+0.201*[#   4]+0.201*[#   7]+0.201*[#   8]+0.075*[#   1]
          +0.075*[#   5]+0.002*[#   2]+0.002*[#   6]
    |psi|^2 = 0.956
==== e(   7) =    23.67050 eV ==== 
     psi = 0.239*[#   3]+0.239*[#   4]+0.239*[#   7]+0.239*[#   8]
    |psi|^2 = 0.954
==== e(   8) =    27.31671 eV ==== 
     psi = 0.247*[#   1]+0.247*[#   5]+0.063*[#   2]+0.063*[#   6]+0.013*[#   3]
          +0.013*[#   4]+0.013*[#   7]+0.013*[#   8]
    |psi|^2 = 0.670

 k =  -0.1767766953  0.1767766953 -0.3535533906
==== e(   1) =    -6.59005 eV ==== 
     psi = 0.293*[#   1]+0.293*[#   5]+0.140*[#   2]+0.140*[#   6]+0.032*[#   3]
          +0.032*[#   4]+0.032*[#   7]+0.032*[#   8]
    |psi|^2 = 0.993
==== e(   2) =     3.38384 eV ==== 
     psi = 0.142*[#   3]+0.142*[#   4]+0.142*[#   7]+0.142*[#   8]+0.126*[#   1]
          +0.126*[#   5]+0.087*[#   2]+0.087*[#   6]
    |psi|^2 = 0.994
==== e(   3) =     9.07188 eV ==== 
     psi = 0.249*[#   3]+0.249*[#   4]+0.249*[#   7]+0.249*[#   8]
    |psi|^2 = 0.998
==== e(   4) =     9.58311 eV ==== 
     psi = 0.324*[#   2]+0.324*[#   6]+0.067*[#   3]+0.067*[#   4]+0.067*[#   7]
          +0.067*[#   8]+0.040*[#   1]+0.040*[#   5]
    |psi|^2 = 0.997
==== e(   5) =    21.07727 eV ==== 
     psi = 0.300*[#   2]+0.300*[#   6]+0.079*[#   1]+0.079*[#   5]+0.037*[#   3]
          +0.037*[#   4]+0.037*[#   7]+0.037*[#   8]
    |psi|^2 = 0.906
==== e(   6) =    24.34788 eV ==== 
     psi = 0.228*[#   3]+0.228*[#   4]+0.228*[#   7]+0.228*[#   8]
    |psi|^2 = 0.914
==== e(   7) =    24.48340 eV ==== 
     psi = 0.196*[#   1]+0.196*[#   5]+0.133*[#   3]+0.133*[#   4]+0.133*[#   7]
          +0.133*[#   8]
    |psi|^2 = 0.923
==== e(   8) =    27.80548 eV ==== 
     psi = 0.158*[#   1]+0.158*[#   5]+0.081*[#   2]+0.081*[#   6]+0.038*[#   3]
          +0.038*[#   4]+0.038*[#   7]+0.038*[#   8]
    |psi|^2 = 0.629

 k =  -0.2651650429  0.2651650429 -0.4419417382
==== e(   1) =    -3.98723 eV ==== 
     psi = 0.324*[#   1]+0.324*[#   5]+0.108*[#   2]+0.108*[#   6]+0.033*[#   3]
          +0.033*[#   4]+0.033*[#   7]+0.033*[#   8]
    |psi|^2 = 0.997
==== e(   2) =    -0.37596 eV ==== 
     psi = 0.146*[#   3]+0.146*[#   4]+0.146*[#   7]+0.146*[#   8]+0.102*[#   1]
          +0.102*[#   5]+0.101*[#   2]+0.101*[#   6]
    |psi|^2 = 0.990
==== e(   3) =     8.53045 eV ==== 
     psi = 0.314*[#   2]+0.314*[#   6]+0.073*[#   3]+0.073*[#   4]+0.073*[#   7]
          +0.073*[#   8]+0.039*[#   1]+0.039*[#   5]
    |psi|^2 = 0.998
==== e(   4) =     9.07461 eV ==== 
     psi = 0.249*[#   3]+0.249*[#   4]+0.249*[#   7]+0.249*[#   8]
    |psi|^2 = 0.998
==== e(   5) =    21.70334 eV ==== 
     psi = 0.277*[#   2]+0.277*[#   6]+0.065*[#   1]+0.065*[#   5]+0.040*[#   3]
          +0.040*[#   4]+0.040*[#   7]+0.040*[#   8]
    |psi|^2 = 0.845
==== e(   6) =    24.05488 eV ==== 
     psi = 0.221*[#   3]+0.221*[#   4]+0.221*[#   7]+0.221*[#   8]
    |psi|^2 = 0.885
==== e(   7) =    24.70454 eV ==== 
     psi = 0.278*[#   1]+0.278*[#   5]+0.077*[#   3]+0.077*[#   4]+0.077*[#   7]
          +0.077*[#   8]+0.014*[#   2]+0.014*[#   6]
    |psi|^2 = 0.892
==== e(   8) =    29.62007 eV ==== 
     psi = 0.108*[#   2]+0.108*[#   6]+0.103*[#   1]+0.103*[#   5]+0.060*[#   3]
          +0.060*[#   4]+0.060*[#   7]+0.060*[#   8]
    |psi|^2 = 0.660

 k =   0.3535533906 -0.3535533906  0.1767766953
==== e(   1) =    -4.86268 eV ==== 
     psi = 0.299*[#   1]+0.299*[#   5]+0.087*[#   3]+0.087*[#   4]+0.087*[#   7]
          +0.087*[#   8]+0.024*[#   2]+0.024*[#   6]
    |psi|^2 = 0.995
==== e(   2) =     0.75497 eV ==== 
     psi = 0.171*[#   2]+0.171*[#   6]+0.125*[#   1]+0.125*[#   5]+0.100*[#   3]
          +0.100*[#   4]+0.100*[#   7]+0.100*[#   8]
    |psi|^2 = 0.992
==== e(   3) =     8.03810 eV ==== 
     psi = 0.295*[#   2]+0.295*[#   6]+0.082*[#   3]+0.082*[#   4]+0.082*[#   7]
          +0.082*[#   8]+0.040*[#   1]+0.040*[#   5]
    |psi|^2 = 0.998
==== e(   4) =     9.76176 eV ==== 
     psi = 0.249*[#   3]+0.249*[#   4]+0.249*[#   7]+0.249*[#   8]
    |psi|^2 = 0.998
==== e(   5) =    22.34113 eV ==== 
     psi = 0.278*[#   2]+0.278*[#   6]+0.054*[#   1]+0.054*[#   5]+0.045*[#   3]
          +0.045*[#   4]+0.045*[#   7]+0.045*[#   8]
    |psi|^2 = 0.845
==== e(   6) =    23.37166 eV ==== 
     psi = 0.226*[#   3]+0.226*[#   4]+0.226*[#   7]+0.226*[#   8]
    |psi|^2 = 0.904
==== e(   7) =    24.57839 eV ==== 
     psi = 0.272*[#   1]+0.272*[#   5]+0.061*[#   2]+0.061*[#   6]+0.056*[#   3]
          +0.056*[#   4]+0.056*[#   7]+0.056*[#   8]
    |psi|^2 = 0.890
==== e(   8) =    29.92170 eV ==== 
     psi = 0.126*[#   1]+0.126*[#   5]+0.093*[#   2]+0.093*[#   6]+0.071*[#   3]
          +0.071*[#   4]+0.071*[#   7]+0.071*[#   8]
    |psi|^2 = 0.722

 k =   0.2651650429 -0.2651650429  0.0883883476
==== e(   1) =    -7.32169 eV ==== 
     psi = 0.302*[#   1]+0.302*[#   5]+0.091*[#   3]+0.091*[#   4]+0.091*[#   7]
          +0.091*[#   8]+0.011*[#   2]+0.011*[#   6]
    |psi|^2 = 0.993
==== e(   2) =     4.80457 eV ==== 
     psi = 0.174*[#   2]+0.174*[#   6]+0.114*[#   1]+0.114*[#   5]+0.104*[#   3]
          +0.104*[#   4]+0.104*[#   7]+0.104*[#   8]
    |psi|^2 = 0.994
==== e(   3) =     8.28819 eV ==== 
     psi = 0.280*[#   2]+0.280*[#   6]+0.087*[#   3]+0.087*[#   4]+0.087*[#   7]
          +0.087*[#   8]+0.044*[#   1]+0.044*[#   5]
    |psi|^2 = 0.996
==== e(   4) =    10.89287 eV ==== 
     psi = 0.249*[#   3]+0.249*[#   4]+0.249*[#   7]+0.249*[#   8]
    |psi|^2 = 0.997
==== e(   5) =    22.27099 eV ==== 
     psi = 0.238*[#   3]+0.238*[#   4]+0.238*[#   7]+0.238*[#   8]
    |psi|^2 = 0.950
==== e(   6) =    22.87911 eV ==== 
     psi = 0.306*[#   2]+0.306*[#   6]+0.057*[#   1]+0.057*[#   5]+0.044*[#   3]
          +0.044*[#   4]+0.044*[#   7]+0.044*[#   8]
    |psi|^2 = 0.903
==== e(   7) =    23.90121 eV ==== 
     psi = 0.171*[#   1]+0.172*[#   5]+0.141*[#   2]+0.141*[#   6]+0.075*[#   3]
          +0.075*[#   4]+0.075*[#   7]+0.075*[#   8]
    |psi|^2 = 0.923
==== e(   8) =    28.74276 eV ==== 
     psi = 0.235*[#   1]+0.235*[#   5]+0.061*[#   3]+0.061*[#   4]+0.061*[#   7]
          +0.061*[#   8]+0.029*[#   2]+0.029*[#   6]
    |psi|^2 = 0.773

 k =   0.1767766953 -0.1767766953  0.0000000000
==== e(   1) =    -8.94112 eV ==== 
     psi = 0.355*[#   1]+0.355*[#   5]+0.071*[#   3]+0.071*[#   4]+0.071*[#   7]
          +0.071*[#   8]
    |psi|^2 = 0.993
==== e(   2) =     8.73779 eV ==== 
     psi = 0.155*[#   3]+0.155*[#   4]+0.155*[#   7]+0.155*[#   8]+0.127*[#   2]
          +0.127*[#   6]+0.061*[#   1]+0.061*[#   5]
    |psi|^2 = 0.995
==== e(   3) =     9.41866 eV ==== 
     psi = 0.331*[#   2]+0.331*[#   6]+0.062*[#   3]+0.062*[#   4]+0.062*[#   7]
          +0.062*[#   8]+0.042*[#   1]+0.042*[#   5]
    |psi|^2 = 0.993
==== e(   4) =    12.00040 eV ==== 
     psi = 0.249*[#   3]+0.249*[#   4]+0.249*[#   7]+0.249*[#   8]
    |psi|^2 = 0.995
==== e(   5) =    20.83780 eV ==== 
     psi = 0.242*[#   3]+0.242*[#   4]+0.242*[#   7]+0.242*[#   8]
    |psi|^2 = 0.969
==== e(   6) =    22.25181 eV ==== 
     psi = 0.159*[#   2]+0.159*[#   6]+0.113*[#   3]+0.113*[#   4]+0.113*[#   7]
          +0.113*[#   8]+0.095*[#   1]+0.095*[#   5]
    |psi|^2 = 0.960
==== e(   7) =    22.42862 eV ==== 
     psi = 0.351*[#   2]+0.351*[#   6]+0.046*[#   1]+0.046*[#   5]+0.041*[#   3]
          +0.041*[#   4]+0.041*[#   7]+0.041*[#   8]
    |psi|^2 = 0.957
==== e(   8) =    28.56252 eV ==== 
     psi = 0.338*[#   1]+0.338*[#   5]+0.045*[#   3]+0.045*[#   4]+0.045*[#   7]
          +0.045*[#   8]+0.001*[#   2]+0.001*[#   6]
    |psi|^2 = 0.859

 k =   0.0883883476 -0.0883883476 -0.0883883476
==== e(   1) =    -9.68204 eV ==== 
     psi = 0.420*[#   1]+0.420*[#   5]+0.025*[#   2]+0.025*[#   3]+0.025*[#   4]
          +0.025*[#   6]+0.025*[#   7]+0.025*[#   8]
    |psi|^2 = 0.994
==== e(   2) =    10.35108 eV ==== 
     psi = 0.151*[#   2]+0.151*[#   3]+0.151*[#   4]+0.151*[#   6]+0.151*[#   7]
          +0.151*[#   8]+0.045*[#   1]+0.045*[#   5]
    |psi|^2 = 0.992
==== e(   3) =    12.08766 eV ==== 
     psi = 0.281*[#   4]+0.281*[#   8]+0.207*[#   3]+0.207*[#   7]+0.008*[#   2]
          +0.008*[#   6]
    |psi|^2 = 0.993
==== e(   4) =    12.08766 eV ==== 
     psi = 0.323*[#   2]+0.323*[#   6]+0.124*[#   3]+0.124*[#   7]+0.050*[#   4]
          +0.050*[#   8]
    |psi|^2 = 0.993
==== e(   5) =    20.54117 eV ==== 
     psi = 0.247*[#   4]+0.247*[#   8]+0.236*[#   3]+0.236*[#   7]+0.002*[#   2]
          +0.002*[#   6]
    |psi|^2 = 0.971
==== e(   6) =    20.54117 eV ==== 
     psi = 0.322*[#   2]+0.322*[#   6]+0.087*[#   3]+0.087*[#   7]+0.076*[#   4]
          +0.076*[#   8]
    |psi|^2 = 0.971
==== e(   7) =    21.05236 eV ==== 
     psi = 0.135*[#   2]+0.135*[#   3]+0.135*[#   4]+0.135*[#   6]+0.135*[#   7]
          +0.135*[#   8]+0.079*[#   1]+0.079*[#   5]
    |psi|^2 = 0.970
==== e(   8) =    28.64371 eV ==== 
     psi = 0.423*[#   1]+0.423*[#   5]+0.016*[#   2]+0.016*[#   3]+0.016*[#   4]
          +0.016*[#   6]+0.016*[#   7]+0.016*[#   8]
    |psi|^2 = 0.946

Lowdin Charges: 

     Atom #   1: total charge =   3.9848, s =  0.9321, 
     Atom #   1: total charge =   3.9848, p =  3.0527, pz=  1.0176, px=  1.0176, py=  1.0176, 
     Atom #   2: total charge =   3.9848, s =  0.9321, 
     Atom #   2: total charge =   3.9848, p =  3.0527, pz=  1.0176, px=  1.0176, py=  1.0176, 
     Spilling Parameter:   0.0038
 
     PROJWFC      :      9.06s CPU     18.40s WALL

 
   This run was terminated on:  23:15:30  28Jul2026            

=------------------------------------------------------------------------------=
   JOB DONE.
=------------------------------------------------------------------------------=
