# Distance Energies (eV)
0.00000000 -23.76500000
0.00714250 -23.76400000
0.01428499 -23.76090000
0.02142749 -23.75570000
0.02856997 -23.74850000
0.03571247 -23.73930000
0.04285496 -23.72790000
0.04999746 -23.71450000
0.05713994 -23.69910000
0.06428244 -23.68160000
0.07142493 -23.66200000
0.07856743 -23.64030000
0.08570991 -23.61670000
0.09285241 -23.59100000
0.09999490 -23.56320000
0.10713740 -23.53330000
0.11427988 -23.50140000
0.12142238 -23.46750000
0.12856487 -23.43150000
0.13570737 -23.39340000
0.14284985 -23.35350000
0.14999235 -23.31140000
0.15713484 -23.26720000
0.16427734 -23.22100000
0.17141982 -23.17270000
0.17856232 -23.12240000
0.18570481 -23.07010000
0.19284731 -23.01580000
0.19998979 -22.95940000
0.20713229 -22.90100000
0.21427478 -22.84060000
0.22141728 -22.77820000
0.22855977 -22.71380000
0.23570227 -22.64730000
0.24284475 -22.57880000
0.24998725 -22.50840000
0.25712974 -22.43590000
0.26427224 -22.36140000
0.27141472 -22.28500000
0.27855722 -22.20660000
0.28569971 -22.12610000
0.29284221 -22.04370000
0.29998469 -21.95930000
0.30712719 -21.87300000
0.31426968 -21.78470000
0.32141218 -21.69450000
0.32855466 -21.60220000
0.33569716 -21.50810000
0.34283965 -21.41200000
0.34998215 -21.31400000
0.35712463 -21.21400000
0.36426713 -21.11220000
0.37140962 -21.00840000
0.37855212 -20.90270000
0.38569460 -20.79510000
0.39283710 -20.68570000
0.39997959 -20.57430000
0.40712209 -20.46110000
0.41426457 -20.34600000
0.42140707 -20.22910000
0.42854956 -20.11040000
0.43569206 -19.98980000
0.44283455 -19.86730000
0.44997705 -19.74310000
0.45711953 -19.61710000
0.46426203 -19.48930000
0.47140452 -19.35970000
0.47854702 -19.22830000
0.48568950 -19.09520000
0.49283200 -18.96040000
0.49997449 -18.82390000
0.50711699 -18.68560000
0.51425947 -18.54560000
0.52140197 -18.40390000
0.52854446 -18.26060000
0.53568696 -18.11560000
0.54282944 -17.96900000
0.54997194 -17.82080000
0.55711443 -17.67100000
0.56425693 -17.51960000
0.57139941 -17.36660000
0.57854191 -17.21220000
0.58568440 -17.05610000
0.59282690 -16.89860000
0.59996938 -16.73960000
0.60711188 -16.57920000
0.61425437 -16.41750000
0.62139687 -16.25420000
0.62853935 -16.08950000
0.63568185 -15.92350000
0.64282434 -15.75620000
0.64996684 -15.58750000
0.65710933 -15.41760000
0.66425183 -15.24640000
0.67139431 -15.07400000
0.67853681 -14.90050000
0.68567930 -14.72570000
0.69282180 -14.54990000
0.69996428 -14.37290000
0.70710678 -14.19490000
0.70710678 -14.19490000
0.71067802 -14.19480000
0.71424928 -14.19430000
0.71782052 -14.19350000
0.72139177 -14.19230000
0.72496301 -14.19080000
0.72853427 -14.18900000
0.73210551 -14.18680000
0.73567675 -14.18430000
0.73924799 -14.18150000
0.74281925 -14.17840000
0.74639049 -14.17490000
0.74996174 -14.17110000
0.75353298 -14.16700000
0.75710424 -14.16250000
0.76067548 -14.15780000
0.76424672 -14.15280000
0.76781797 -14.14740000
0.77138922 -14.14170000
0.77496047 -14.13570000
0.77853171 -14.12930000
0.78210295 -14.12270000
0.78567421 -14.11570000
0.78924545 -14.10850000
0.79281669 -14.10100000
0.79638794 -14.09320000
0.79995919 -14.08510000
0.80353044 -14.07670000
0.80710168 -14.06810000
0.81067292 -14.05910000
0.81424418 -14.04990000
0.81781542 -14.04050000
0.82138666 -14.03070000
0.82495791 -14.02080000
0.82852916 -14.01050000
0.83210041 -14.00010000
0.83567165 -13.98940000
0.83924289 -13.97840000
0.84281415 -13.96730000
0.84638539 -13.95590000
0.84995663 -13.94430000
0.85352788 -13.93250000
0.85709913 -13.92050000
0.86067038 -13.90830000
0.86424162 -13.89600000
0.86781286 -13.88340000
0.87138412 -13.87080000
0.87495536 -13.85790000
0.87852661 -13.84490000
0.88209785 -13.83180000
0.88566910 -13.81860000
0.88924035 -13.80530000
0.89281159 -13.79180000
0.89638283 -13.77830000
0.89995409 -13.76470000
0.90352533 -13.75100000
0.90709658 -13.73730000
0.91066782 -13.72350000
0.91423908 -13.70970000
0.91781032 -13.69600000
0.92138156 -13.68220000
0.92495280 -13.66840000
0.92852406 -13.65470000
0.93209530 -13.64100000
0.93566655 -13.62740000
0.93923779 -13.61380000
0.94280905 -13.60040000
0.94638029 -13.58710000
0.94995153 -13.57390000
0.95352277 -13.56090000
0.95709403 -13.54800000
0.96066527 -13.53540000
0.96423652 -13.52290000
0.96780776 -13.51070000
0.97137902 -13.49870000
0.97495026 -13.48700000
0.97852150 -13.47550000
0.98209275 -13.46440000
0.98566400 -13.45360000
0.98923525 -13.44310000
0.99280649 -13.43300000
0.99637773 -13.42330000
0.99994899 -13.41400000
1.00352023 -13.40520000
1.00709147 -13.39670000
1.01066272 -13.38870000
1.01423397 -13.38120000
1.01780522 -13.37410000
1.02137646 -13.36760000
1.02494770 -13.36160000
1.02851896 -13.35610000
1.03209020 -13.35110000
1.03566144 -13.34670000
1.03923269 -13.34290000
1.04280394 -13.33960000
1.04637519 -13.33690000
1.04994643 -13.33490000
1.05351767 -13.33340000
1.05708893 -13.33250000
1.06066017 -13.33220000
1.06066017 -13.33220000
1.06244580 -13.35450000
1.06423141 -13.37650000
1.06601704 -13.39840000
1.06780267 -13.42000000
1.06958829 -13.44140000
1.07137391 -13.46260000
1.07315953 -13.48360000
1.07494516 -13.50430000
1.07673079 -13.52480000
1.07851640 -13.54510000
1.08030203 -13.56520000
1.08208766 -13.58500000
1.08387327 -13.60460000
1.08565890 -13.62400000
1.08744451 -13.64320000
1.08923014 -13.66210000
1.09101577 -13.68080000
1.09280139 -13.69930000
1.09458701 -13.71760000
1.09637264 -13.73560000
1.09815826 -13.75340000
1.09994388 -13.77090000
1.10172950 -13.78830000
1.10351513 -13.80540000
1.10530076 -13.82230000
1.10708637 -13.83900000
1.10887200 -13.85540000
1.11065763 -13.87170000
1.11244324 -13.88770000
1.11422887 -13.90350000
1.11601448 -13.91900000
1.11780011 -13.93430000
1.11958574 -13.94940000
1.12137136 -13.96430000
1.12315698 -13.97900000
1.12494261 -13.99340000
1.12672823 -14.00760000
1.12851386 -14.02150000
1.13029947 -14.03530000
1.13208510 -14.04880000
1.13387073 -14.06210000
1.13565634 -14.07510000
1.13744197 -14.08800000
1.13922760 -14.10060000
1.14101321 -14.11300000
1.14279884 -14.12520000
1.14458446 -14.13710000
1.14637008 -14.14880000
1.14815571 -14.16030000
1.14994133 -14.17150000
1.15172696 -14.18250000
1.15351258 -14.19330000
1.15529820 -14.20390000
1.15708383 -14.21420000
1.15886944 -14.22440000
1.16065507 -14.23430000
1.16244070 -14.24390000
1.16422631 -14.25330000
1.16601194 -14.26260000
1.16779757 -14.27150000
1.16958318 -14.28030000
1.17136881 -14.28880000
1.17315443 -14.29710000
1.17494005 -14.30520000
1.17672568 -14.31300000
1.17851130 -14.32060000
1.18029693 -14.32800000
1.18208255 -14.33520000
1.18386817 -14.34210000
1.18565380 -14.34880000
1.18743941 -14.35520000
1.18922504 -14.36150000
1.19101067 -14.36750000
1.19279628 -14.37330000
1.19458191 -14.37890000
1.19636754 -14.38420000
1.19815315 -14.38940000
1.19993878 -14.39420000
1.20172440 -14.39890000
1.20351003 -14.40330000
1.20529565 -14.40760000
1.20708127 -14.41160000
1.20886690 -14.41530000
1.21065252 -14.41880000
1.21243814 -14.42210000
1.21422377 -14.42520000
1.21600938 -14.42810000
1.21779501 -14.43070000
1.21958064 -14.43310000
1.22136625 -14.43520000
1.22315188 -14.43720000
1.22493751 -14.43890000
1.22672312 -14.44030000
1.22850875 -14.44160000
1.23029437 -14.44260000
1.23208000 -14.44340000
1.23386562 -14.44400000
1.23565124 -14.44430000
1.23743687 -14.44440000
1.23743687 -14.44440000
1.24671524 -14.51700000
1.25599361 -14.59760000
1.26527198 -14.68590000
1.27455035 -14.78190000
1.28382872 -14.88490000
1.29310709 -14.99480000
1.30238546 -15.11080000
1.31166383 -15.23250000
1.32094220 -15.35920000
1.33022057 -15.49050000
1.33949894 -15.62580000
1.34877731 -15.76450000
1.35805568 -15.90620000
1.36733405 -16.05030000
1.37661242 -16.19650000
1.38589079 -16.34440000
1.39516916 -16.49360000
1.40444754 -16.64370000
1.41372590 -16.79460000
1.42300427 -16.94590000
1.43228264 -17.09740000
1.44156101 -17.24890000
1.45083938 -17.40020000
1.46011775 -17.55110000
1.46939612 -17.70140000
1.47867450 -17.85100000
1.48795286 -17.99990000
1.49723124 -18.14780000
1.50650960 -18.29460000
1.51578797 -18.44030000
1.52506634 -18.58480000
1.53434471 -18.72790000
1.54362308 -18.86970000
1.55290146 -19.01000000
1.56217983 -19.14880000
1.57145820 -19.28600000
1.58073657 -19.42160000
1.59001493 -19.55550000
1.59929331 -19.68770000
1.60857167 -19.81810000
1.61785005 -19.94680000
1.62712842 -20.07360000
1.63640679 -20.19860000
1.64568516 -20.32170000
1.65496353 -20.44280000
1.66424190 -20.56190000
1.67352027 -20.67920000
1.68279863 -20.79440000
1.69207701 -20.90760000
1.70135538 -21.01880000
1.71063375 -21.12800000
1.71991212 -21.23500000
1.72919049 -21.34000000
1.73846886 -21.44290000
1.74774723 -21.54360000
1.75702560 -21.64230000
1.76630397 -21.73880000
1.77558234 -21.83310000
1.78486071 -21.92530000
1.79413908 -22.01530000
1.80341745 -22.10310000
1.81269582 -22.18870000
1.82197419 -22.27220000
1.83125256 -22.35340000
1.84053093 -22.43240000
1.84980930 -22.50910000
1.85908768 -22.58370000
1.86836605 -22.65600000
1.87764441 -22.72610000
1.88692279 -22.79390000
1.89620115 -22.85940000
1.90547953 -22.92270000
1.91475789 -22.98370000
1.92403626 -23.04250000
1.93331464 -23.09900000
1.94259301 -23.15320000
1.95187138 -23.20510000
1.96114975 -23.25480000
1.97042811 -23.30210000
1.97970649 -23.34720000
1.98898485 -23.39000000
1.99826323 -23.43040000
2.00754160 -23.46860000
2.01681997 -23.50450000
2.02609834 -23.53800000
2.03537671 -23.56930000
2.04465507 -23.59820000
2.05393345 -23.62480000
2.06321181 -23.64920000
2.07249019 -23.67110000
2.08176856 -23.69080000
2.09104693 -23.70820000
2.10032530 -23.72330000
2.10960367 -23.73600000
2.11888204 -23.74650000
2.12816041 -23.75460000
2.13743877 -23.76040000
2.14671715 -23.76390000
2.15599552 -23.76500000
2.15599552 -23.76500000
2.16474326 -23.76420000
2.17349098 -23.76190000
2.18223872 -23.75810000
2.19098645 -23.75270000
2.19973419 -23.74570000
2.20848191 -23.73720000
2.21722965 -23.72710000
2.22597737 -23.71560000
2.23472511 -23.70240000
2.24347283 -23.68770000
2.25222057 -23.67160000
2.26096830 -23.65380000
2.26971604 -23.63450000
2.27846376 -23.61360000
2.28721150 -23.59120000
2.29595922 -23.56730000
2.30470696 -23.54180000
2.31345468 -23.51480000
2.32220242 -23.48630000
2.33095015 -23.45620000
2.33969789 -23.42460000
2.34844561 -23.39150000
2.35719335 -23.35680000
2.36594107 -23.32070000
2.37468881 -23.28290000
2.38343653 -23.24370000
2.39218427 -23.20290000
2.40093200 -23.16060000
2.40967974 -23.11680000
2.41842746 -23.07140000
2.42717520 -23.02460000
2.43592292 -22.97620000
2.44467066 -22.92630000
2.45341838 -22.87500000
2.46216612 -22.82210000
2.47091385 -22.76770000
2.47966159 -22.71180000
2.48840931 -22.65440000
2.49715705 -22.59550000
2.50590477 -22.53510000
2.51465251 -22.47330000
2.52340023 -22.40990000
2.53214797 -22.34510000
2.54089570 -22.27880000
2.54964344 -22.21110000
2.55839116 -22.14180000
2.56713890 -22.07120000
2.57588662 -21.99910000
2.58463436 -21.92550000
2.59338208 -21.85050000
2.60212982 -21.77410000
2.61087755 -21.69620000
2.61962529 -21.61700000
2.62837301 -21.53640000
2.63712075 -21.45430000
2.64586847 -21.37090000
2.65461621 -21.28610000
2.66336393 -21.19990000
2.67211167 -21.11230000
2.68085940 -21.02350000
2.68960714 -20.93330000
2.69835486 -20.84180000
2.70710260 -20.74910000
2.71585032 -20.65500000
2.72459806 -20.55970000
2.73334578 -20.46330000
2.74209352 -20.36560000
2.75084125 -20.26670000
2.75958899 -20.16680000
2.76833671 -20.06570000
2.77708445 -19.96360000
2.78583217 -19.86050000
2.79457991 -19.75640000
2.80332763 -19.65140000
2.81207537 -19.54560000
2.82082310 -19.43910000
2.82957084 -19.33190000
2.83831856 -19.22410000
2.84706630 -19.11580000
2.85581402 -19.00730000
2.86456176 -18.89860000
2.87330948 -18.78990000
2.88205722 -18.68150000
2.89080495 -18.57360000
2.89955269 -18.46650000
2.90830041 -18.36050000
2.91704815 -18.25620000
2.92579587 -18.15410000
2.93454361 -18.05460000
2.94329133 -17.95880000
2.95203907 -17.86730000
2.96078680 -17.78140000
2.96953454 -17.70230000
2.97828226 -17.63130000
2.98703000 -17.57010000
2.99577772 -17.52030000
3.00452546 -17.48330000
3.01327318 -17.46060000
3.02202092 -17.45290000
3.02202092 -17.45290000
3.02511372 -17.45260000
3.02820651 -17.45150000
3.03129930 -17.44980000
3.03439209 -17.44740000
3.03748487 -17.44430000
3.04057767 -17.44050000
3.04367045 -17.43600000
3.04676324 -17.43080000
3.04985604 -17.42490000
3.05294883 -17.41840000
3.05604162 -17.41110000
3.05913441 -17.40320000
3.06222719 -17.39460000
3.06531999 -17.38530000
3.06841277 -17.37530000
3.07150557 -17.36460000
3.07459836 -17.35320000
3.07769115 -17.34120000
3.08078394 -17.32840000
3.08387673 -17.31500000
3.08696951 -17.30080000
3.09006231 -17.28600000
3.09315509 -17.27060000
3.09624789 -17.25440000
3.09934068 -17.23750000
3.10243347 -17.22000000
3.10552626 -17.20170000
3.10861905 -17.18280000
3.11171183 -17.16320000
3.11480463 -17.14300000
3.11789741 -17.12210000
3.12099021 -17.10040000
3.12408300 -17.07810000
3.12717579 -17.05510000
3.13026858 -17.03150000
3.13336137 -17.00710000
3.13645415 -16.98220000
3.13954695 -16.95650000
3.14263974 -16.93010000
3.14573253 -16.90310000
3.14882532 -16.87540000
3.15191811 -16.84710000
3.15501090 -16.81800000
3.15810369 -16.78840000
3.16119647 -16.75800000
3.16428927 -16.72700000
3.16738206 -16.69530000
3.17047485 -16.66300000
3.17356764 -16.63000000
3.17666043 -16.59640000
3.17975322 -16.56210000
3.18284601 -16.52720000
3.18593879 -16.49160000
3.18903159 -16.45540000
3.19212438 -16.41860000
3.19521717 -16.38110000
3.19830996 -16.34300000
3.20140275 -16.30420000
3.20449554 -16.26490000
3.20758833 -16.22490000
3.21068111 -16.18430000
3.21377391 -16.14320000
3.21686670 -16.10140000
3.21995949 -16.05900000
3.22305228 -16.01600000
3.22614507 -15.97250000
3.22923786 -15.92840000
3.23233065 -15.88370000
3.23542343 -15.83840000
3.23851623 -15.79270000
3.24160902 -15.74640000
3.24470181 -15.69960000
3.24779460 -15.65220000
3.25088739 -15.60450000
3.25398018 -15.55620000
3.25707297 -15.50750000
3.26016576 -15.45840000
3.26325855 -15.40900000
3.26635134 -15.35910000
3.26944413 -15.30900000
3.27253692 -15.25850000
3.27562971 -15.20780000
3.27872250 -15.15700000
3.28181529 -15.10610000
3.28490808 -15.05510000
3.28800087 -15.00420000
3.29109366 -14.95340000
3.29418645 -14.90300000
3.29727924 -14.85290000
3.30037203 -14.80360000
3.30346482 -14.75500000
3.30655761 -14.70760000
3.30965040 -14.66160000
3.31274320 -14.61750000
3.31583598 -14.57570000
3.31892877 -14.53670000
3.32202156 -14.50130000
3.32511435 -14.47020000
3.32820714 -14.44440000
3.32820714 -14.44440000
3.32999277 -14.44430000
3.33177839 -14.44400000
3.33356401 -14.44340000
3.33534964 -14.44260000
3.33713526 -14.44160000
3.33892088 -14.44030000
3.34070650 -14.43890000
3.34249213 -14.43720000
3.34427776 -14.43520000
3.34606337 -14.43310000
3.34784900 -14.43070000
3.34963463 -14.42810000
3.35142024 -14.42520000
3.35320587 -14.42210000
3.35499148 -14.41880000
3.35677711 -14.41530000
3.35856274 -14.41160000
3.36034836 -14.40760000
3.36213398 -14.40330000
3.36391961 -14.39890000
3.36570523 -14.39420000
3.36749086 -14.38940000
3.36927647 -14.38420000
3.37106210 -14.37890000
3.37284773 -14.37330000
3.37463334 -14.36750000
3.37641897 -14.36150000
3.37820460 -14.35520000
3.37999021 -14.34880000
3.38177584 -14.34210000
3.38356146 -14.33520000
3.38534708 -14.32800000
3.38713271 -14.32060000
3.38891833 -14.31300000
3.39070395 -14.30520000
3.39248958 -14.29710000
3.39427520 -14.28880000
3.39606083 -14.28030000
3.39784644 -14.27150000
3.39963207 -14.26260000
3.40141770 -14.25330000
3.40320331 -14.24390000
3.40498894 -14.23430000
3.40677457 -14.22440000
3.40856018 -14.21420000
3.41034581 -14.20390000
3.41213143 -14.19330000
3.41391705 -14.18250000
3.41570268 -14.17150000
3.41748830 -14.16030000
3.41927393 -14.14880000
3.42105955 -14.13710000
3.42284517 -14.12520000
3.42463080 -14.11300000
3.42641641 -14.10060000
3.42820204 -14.08800000
3.42998767 -14.07510000
3.43177328 -14.06210000
3.43355891 -14.04880000
3.43534454 -14.03530000
3.43713015 -14.02150000
3.43891578 -14.00760000
3.44070140 -13.99340000
3.44248702 -13.97900000
3.44427265 -13.96430000
3.44605827 -13.94940000
3.44784390 -13.93430000
3.44962952 -13.91900000
3.45141514 -13.90350000
3.45320077 -13.88770000
3.45498638 -13.87170000
3.45677201 -13.85540000
3.45855764 -13.83900000
3.46034325 -13.82230000
3.46212888 -13.80540000
3.46391451 -13.78830000
3.46570012 -13.77090000
3.46748575 -13.75340000
3.46927137 -13.73560000
3.47105700 -13.71760000
3.47284262 -13.69930000
3.47462824 -13.68080000
3.47641387 -13.66210000
3.47819950 -13.64320000
3.47998511 -13.62400000
3.48177074 -13.60460000
3.48355635 -13.58500000
3.48534198 -13.56520000
3.48712761 -13.54510000
3.48891322 -13.52480000
3.49069885 -13.50430000
3.49248448 -13.48360000
3.49427010 -13.46260000
3.49605572 -13.44140000
3.49784134 -13.42000000
3.49962697 -13.39840000
3.50141259 -13.37650000
3.50319821 -13.35450000
3.50498384 -13.33220000
3.50498384 -13.33220000
3.50855508 -13.39620000
3.51212634 -13.46120000
3.51569758 -13.52720000
3.51926882 -13.59400000
3.52284007 -13.66140000
3.52641132 -13.72920000
3.52998257 -13.79740000
3.53355381 -13.86590000
3.53712505 -13.93450000
3.54069631 -14.00320000
3.54426755 -14.07200000
3.54783879 -14.14060000
3.55141004 -14.20920000
3.55498129 -14.27750000
3.55855254 -14.34560000
3.56212378 -14.41340000
3.56569502 -14.48090000
3.56926628 -14.54800000
3.57283752 -14.61470000
3.57640876 -14.68080000
3.57998001 -14.74660000
3.58355126 -14.81180000
3.58712251 -14.87650000
3.59069375 -14.94060000
3.59426499 -15.00410000
3.59783625 -15.06700000
3.60140749 -15.12930000
3.60497873 -15.19090000
3.60854998 -15.25190000
3.61212123 -15.31220000
3.61569248 -15.37180000
3.61926372 -15.43070000
3.62283496 -15.48880000
3.62640622 -15.54630000
3.62997746 -15.60300000
3.63354871 -15.65890000
3.63711995 -15.71410000
3.64069121 -15.76850000
3.64426245 -15.82210000
3.64783369 -15.87490000
3.65140493 -15.92700000
3.65497619 -15.97820000
3.65854743 -16.02860000
3.66211868 -16.07820000
3.66568992 -16.12700000
3.66926118 -16.17500000
3.67283242 -16.22210000
3.67640366 -16.26840000
3.67997490 -16.31380000
3.68354616 -16.35840000
3.68711740 -16.40210000
3.69068865 -16.44500000
3.69425989 -16.48700000
3.69783115 -16.52820000
3.70140239 -16.56850000
3.70497363 -16.60790000
3.70854488 -16.64650000
3.71211613 -16.68410000
3.71568737 -16.72090000
3.71925862 -16.75680000
3.72282986 -16.79190000
3.72640112 -16.82600000
3.72997236 -16.85920000
3.73354360 -16.89160000
3.73711485 -16.92300000
3.74068610 -16.95360000
3.74425735 -16.98330000
3.74782859 -17.01210000
3.75139983 -17.04000000
3.75497109 -17.06700000
3.75854233 -17.09310000
3.76211357 -17.11820000
3.76568482 -17.14250000
3.76925607 -17.16590000
3.77282732 -17.18830000
3.77639856 -17.20990000
3.77996980 -17.23050000
3.78354106 -17.25030000
3.78711230 -17.26910000
3.79068354 -17.28700000
3.79425479 -17.30400000
3.79782604 -17.32010000
3.80139729 -17.33520000
3.80496853 -17.34940000
3.80853977 -17.36270000
3.81211103 -17.37520000
3.81568227 -17.38660000
3.81925351 -17.39720000
3.82282476 -17.40690000
3.82639601 -17.41560000
3.82996726 -17.42340000
3.83353850 -17.43030000
3.83710974 -17.43630000
3.84068100 -17.44140000
3.84425224 -17.44550000
3.84782349 -17.44880000
3.85139473 -17.45110000
3.85496599 -17.45240000
3.85853723 -17.45290000
3.85853723 -17.45290000
3.86163002 -17.45260000
3.86472281 -17.45150000
3.86781560 -17.44980000
3.87090839 -17.44740000
3.87400118 -17.44430000
3.87709397 -17.44050000
3.88018676 -17.43600000
3.88327955 -17.43080000
3.88637234 -17.42490000
3.88946513 -17.41840000
3.89255792 -17.41110000
3.89565071 -17.40320000
3.89874350 -17.39460000
3.90183629 -17.38530000
3.90492908 -17.37530000
3.90802187 -17.36460000
3.91111466 -17.35320000
3.91420745 -17.34120000
3.91730024 -17.32840000
3.92039303 -17.31500000
3.92348582 -17.30080000
3.92657862 -17.28600000
3.92967140 -17.27060000
3.93276419 -17.25440000
3.93585698 -17.23750000
3.93894977 -17.22000000
3.94204256 -17.20170000
3.94513535 -17.18280000
3.94822814 -17.16320000
3.95132094 -17.14300000
3.95441372 -17.12210000
3.95750651 -17.10040000
3.96059930 -17.07810000
3.96369209 -17.05510000
3.96678488 -17.03150000
3.96987767 -17.00710000
3.97297046 -16.98220000
3.97606326 -16.95650000
3.97915604 -16.93010000
3.98224883 -16.90310000
3.98534162 -16.87540000
3.98843441 -16.84710000
3.99152720 -16.81800000
3.99461999 -16.78840000
3.99771278 -16.75800000
4.00080558 -16.72700000
4.00389836 -16.69530000
4.00699115 -16.66300000
4.01008394 -16.63000000
4.01317673 -16.59640000
4.01626952 -16.56210000
4.01936231 -16.52720000
4.02245510 -16.49160000
4.02554790 -16.45540000
4.02864068 -16.41860000
4.03173347 -16.38110000
4.03482626 -16.34300000
4.03791905 -16.30420000
4.04101184 -16.26490000
4.04410464 -16.22490000
4.04719742 -16.18430000
4.05029022 -16.14320000
4.05338300 -16.10140000
4.05647579 -16.05900000
4.05956858 -16.01600000
4.06266137 -15.97250000
4.06575416 -15.92840000
4.06884696 -15.88370000
4.07193974 -15.83840000
4.07503254 -15.79270000
4.07812532 -15.74640000
4.08121811 -15.69960000
4.08431090 -15.65220000
4.08740369 -15.60450000
4.09049648 -15.55620000
4.09358928 -15.50750000
4.09668206 -15.45840000
4.09977486 -15.40900000
4.10286764 -15.35910000
4.10596043 -15.30900000
4.10905322 -15.25850000
4.11214601 -15.20780000
4.11523881 -15.15700000
4.11833160 -15.10610000
4.12142438 -15.05510000
4.12451718 -15.00420000
4.12760996 -14.95340000
4.13070275 -14.90300000
4.13379554 -14.85290000
4.13688833 -14.80360000
4.13998113 -14.75500000
4.14307392 -14.70760000
4.14616670 -14.66160000
4.14925950 -14.61750000
4.15235228 -14.57570000
4.15544507 -14.53670000
4.15853786 -14.50130000
4.16163065 -14.47020000
4.16472345 -14.44440000

0.00000000 0.00000000
0.00714250 -0.00430000
0.01428499 -0.01720000
0.02142749 -0.03850000
0.02856997 -0.06800000
0.03571247 -0.10550000
0.04285496 -0.15060000
0.04999746 -0.20300000
0.05713994 -0.26220000
0.06428244 -0.32780000
0.07142493 -0.39940000
0.07856743 -0.47640000
0.08570991 -0.55850000
0.09285241 -0.64510000
0.09999490 -0.73580000
0.10713740 -0.83030000
0.11427988 -0.92810000
0.12142238 -1.02880000
0.12856487 -1.13210000
0.13570737 -1.23770000
0.14284985 -1.34530000
0.14999235 -1.45440000
0.15713484 -1.56500000
0.16427734 -1.67670000
0.17141982 -1.78940000
0.17856232 -1.90280000
0.18570481 -2.01670000
0.19284731 -2.13090000
0.19998979 -2.24530000
0.20713229 -2.35980000
0.21427478 -2.47420000
0.22141728 -2.58830000
0.22855977 -2.70210000
0.23570227 -2.81530000
0.24284475 -2.92810000
0.24998725 -3.04010000
0.25712974 -3.15150000
0.26427224 -3.26190000
0.27141472 -3.37150000
0.27855722 -3.48010000
0.28569971 -3.58760000
0.29284221 -3.69410000
0.29998469 -3.81010000
0.30712719 -3.96740000
0.31426968 -4.12680000
0.32141218 -4.28800000
0.32855466 -4.45100000
0.33569716 -4.61580000
0.34283965 -4.78230000
0.34998215 -4.95040000
0.35712463 -5.12020000
0.36426713 -5.29140000
0.37140962 -5.46420000
0.37855212 -5.63840000
0.38569460 -5.81390000
0.39283710 -5.99070000
0.39997959 -6.16880000
0.40712209 -6.34800000
0.41426457 -6.52840000
0.42140707 -6.70980000
0.42854956 -6.89230000
0.43569206 -7.07570000
0.44283455 -7.26000000
0.44997705 -7.44520000
0.45711953 -7.63110000
0.46426203 -7.81770000
0.47140452 -8.00500000
0.47854702 -8.19280000
0.48568950 -8.38130000
0.49283200 -8.57020000
0.49997449 -8.75960000
0.50711699 -8.94930000
0.51425947 -9.13930000
0.52140197 -9.32960000
0.52854446 -9.52010000
0.53568696 -9.71080000
0.54282944 -9.90150000
0.54997194 -10.09230000
0.55711443 -10.28310000
0.56425693 -10.47370000
0.57139941 -10.66430000
0.57854191 -10.85470000
0.58568440 -11.04480000
0.59282690 -11.23470000
0.59996938 -11.42420000
0.60711188 -11.61330000
0.61425437 -11.80200000
0.62139687 -11.99020000
0.62853935 -12.17790000
0.63568185 -12.36500000
0.64282434 -12.55150000
0.64996684 -12.73740000
0.65710933 -12.92250000
0.66425183 -13.10690000
0.67139431 -13.29040000
0.67853681 -13.47320000
0.68567930 -13.65510000
0.69282180 -13.83600000
0.69996428 -14.01590000
0.70710678 -14.19490000
0.70710678 -14.19490000
0.71067802 -14.19480000
0.71424928 -14.19430000
0.71782052 -14.19350000
0.72139177 -14.19230000
0.72496301 -14.19080000
0.72853427 -14.18900000
0.73210551 -14.18680000
0.73567675 -14.18430000
0.73924799 -14.18150000
0.74281925 -14.17840000
0.74639049 -14.17490000
0.74996174 -14.17110000
0.75353298 -14.16700000
0.75710424 -14.16250000
0.76067548 -14.15780000
0.76424672 -14.15280000
0.76781797 -14.14740000
0.77138922 -14.14170000
0.77496047 -14.13570000
0.77853171 -14.12930000
0.78210295 -14.12270000
0.78567421 -14.11570000
0.78924545 -14.10850000
0.79281669 -14.10100000
0.79638794 -14.09320000
0.79995919 -14.08510000
0.80353044 -14.07670000
0.80710168 -14.06810000
0.81067292 -14.05910000
0.81424418 -14.04990000
0.81781542 -14.04050000
0.82138666 -14.03070000
0.82495791 -14.02080000
0.82852916 -14.01050000
0.83210041 -14.00010000
0.83567165 -13.98940000
0.83924289 -13.97840000
0.84281415 -13.96730000
0.84638539 -13.95590000
0.84995663 -13.94430000
0.85352788 -13.93250000
0.85709913 -13.92050000
0.86067038 -13.90830000
0.86424162 -13.89600000
0.86781286 -13.88340000
0.87138412 -13.87080000
0.87495536 -13.85790000
0.87852661 -13.84490000
0.88209785 -13.83180000
0.88566910 -13.81860000
0.88924035 -13.80530000
0.89281159 -13.79180000
0.89638283 -13.77830000
0.89995409 -13.76470000
0.90352533 -13.75100000
0.90709658 -13.73730000
0.91066782 -13.72350000
0.91423908 -13.70970000
0.91781032 -13.69600000
0.92138156 -13.68220000
0.92495280 -13.66840000
0.92852406 -13.65470000
0.93209530 -13.64100000
0.93566655 -13.62740000
0.93923779 -13.61380000
0.94280905 -13.60040000
0.94638029 -13.58710000
0.94995153 -13.57390000
0.95352277 -13.56090000
0.95709403 -13.54800000
0.96066527 -13.53540000
0.96423652 -13.52290000
0.96780776 -13.51070000
0.97137902 -13.49870000
0.97495026 -13.48700000
0.97852150 -13.47550000
0.98209275 -13.46440000
0.98566400 -13.45360000
0.98923525 -13.44310000
0.99280649 -13.43300000
0.99637773 -13.42330000
0.99994899 -13.41400000
1.00352023 -13.40520000
1.00709147 -13.39670000
1.01066272 -13.38870000
1.01423397 -13.38120000
1.01780522 -13.37410000
1.02137646 -13.36760000
1.02494770 -13.36160000
1.02851896 -13.35610000
1.03209020 -13.35110000
1.03566144 -13.34670000
1.03923269 -13.34290000
1.04280394 -13.33960000
1.04637519 -13.33690000
1.04994643 -13.33490000
1.05351767 -13.33340000
1.05708893 -13.33250000
1.06066017 -13.33220000
1.06066017 -13.33220000
1.06244580 -13.31020000
1.06423141 -13.28900000
1.06601704 -13.26870000
1.06780267 -13.24920000
1.06958829 -13.23050000
1.07137391 -13.21260000
1.07315953 -13.19560000
1.07494516 -13.17930000
1.07673079 -13.16380000
1.07851640 -13.14900000
1.08030203 -13.13500000
1.08208766 -13.12170000
1.08387327 -13.10920000
1.08565890 -13.09730000
1.08744451 -13.08620000
1.08923014 -13.07570000
1.09101577 -13.06580000
1.09280139 -13.05650000
1.09458701 -13.04790000
1.09637264 -13.03990000
1.09815826 -13.03240000
1.09994388 -13.02540000
1.10172950 -13.01900000
1.10351513 -13.01310000
1.10530076 -13.00770000
1.10708637 -13.00270000
1.10887200 -12.99820000
1.11065763 -12.99420000
1.11244324 -12.99050000
1.11422887 -12.98730000
1.11601448 -12.98440000
1.11780011 -12.98190000
1.11958574 -12.97970000
1.12137136 -12.97780000
1.12315698 -12.97630000
1.12494261 -12.97500000
1.12672823 -12.97400000
1.12851386 -12.97330000
1.13029947 -12.97280000
1.13208510 -12.97250000
1.13387073 -12.97250000
1.13565634 -12.97270000
1.13744197 -12.97300000
1.13922760 -12.97360000
1.14101321 -12.97430000
1.14279884 -12.97520000
1.14458446 -12.97620000
1.14637008 -12.97730000
1.14815571 -12.97850000
1.14994133 -12.97990000
1.15172696 -12.98140000
1.15351258 -12.98290000
1.15529820 -12.98460000
1.15708383 -12.98630000
1.15886944 -12.98810000
1.16065507 -12.98990000
1.16244070 -12.99180000
1.16422631 -12.99370000
1.16601194 -12.99570000
1.16779757 -12.99770000
1.16958318 -12.99970000
1.17136881 -13.00180000
1.17315443 -13.00380000
1.17494005 -13.00590000
1.17672568 -13.00790000
1.17851130 -13.01000000
1.18029693 -13.01200000
1.18208255 -13.01400000
1.18386817 -13.01600000
1.18565380 -13.01800000
1.18743941 -13.01980000
1.18922504 -13.02170000
1.19101067 -13.02360000
1.19279628 -13.02540000
1.19458191 -13.02720000
1.19636754 -13.02890000
1.19815315 -13.03060000
1.19993878 -13.03220000
1.20172440 -13.03380000
1.20351003 -13.03530000
1.20529565 -13.03670000
1.20708127 -13.03810000
1.20886690 -13.03940000
1.21065252 -13.04060000
1.21243814 -13.04180000
1.21422377 -13.04290000
1.21600938 -13.04390000
1.21779501 -13.04490000
1.21958064 -13.04570000
1.22136625 -13.04650000
1.22315188 -13.04720000
1.22493751 -13.04790000
1.22672312 -13.04840000
1.22850875 -13.04890000
1.23029437 -13.04920000
1.23208000 -13.04950000
1.23386562 -13.04980000
1.23565124 -13.04990000
1.23743687 -13.04990000
1.23743687 -13.04990000
1.24671524 -12.97980000
1.25599361 -12.90760000
1.26527198 -12.83330000
1.27455035 -12.75710000
1.28382872 -12.67880000
1.29310709 -12.59840000
1.30238546 -12.51600000
1.31166383 -12.43150000
1.32094220 -12.34500000
1.33022057 -12.25650000
1.33949894 -12.16600000
1.34877731 -12.07350000
1.35805568 -11.97890000
1.36733405 -11.88240000
1.37661242 -11.78390000
1.38589079 -11.68340000
1.39516916 -11.58090000
1.40444754 -11.47640000
1.41372590 -11.36990000
1.42300427 -11.26160000
1.43228264 -11.15120000
1.44156101 -11.03890000
1.45083938 -10.92470000
1.46011775 -10.80850000
1.46939612 -10.69050000
1.47867450 -10.57050000
1.48795286 -10.44860000
1.49723124 -10.32480000
1.50650960 -10.19920000
1.51578797 -10.07170000
1.52506634 -9.94230000
1.53434471 -9.81110000
1.54362308 -9.67810000
1.55290146 -9.54320000
1.56217983 -9.40660000
1.57145820 -9.26810000
1.58073657 -9.12790000
1.59001493 -8.98590000
1.59929331 -8.84220000
1.60857167 -8.69680000
1.61785005 -8.54970000
1.62712842 -8.40090000
1.63640679 -8.25040000
1.64568516 -8.09830000
1.65496353 -7.94460000
1.66424190 -7.78930000
1.67352027 -7.63250000
1.68279863 -7.47410000
1.69207701 -7.31420000
1.70135538 -7.15280000
1.71063375 -6.99010000
1.71991212 -6.82590000
1.72919049 -6.66040000
1.73846886 -6.49350000
1.74774723 -6.32540000
1.75702560 -6.15610000
1.76630397 -5.98560000
1.77558234 -5.81400000
1.78486071 -5.64140000
1.79413908 -5.46780000
1.80341745 -5.29320000
1.81269582 -5.11790000
1.82197419 -4.94170000
1.83125256 -4.76490000
1.84053093 -4.58760000
1.84980930 -4.40970000
1.85908768 -4.23150000
1.86836605 -4.05310000
1.87764441 -3.87450000
1.88692279 -3.69600000
1.89620115 -3.51770000
1.90547953 -3.33970000
1.91475789 -3.16230000
1.92403626 -2.98570000
1.93331464 -2.81000000
1.94259301 -2.63550000
1.95187138 -2.46250000
1.96114975 -2.29130000
1.97042811 -2.12220000
1.97970649 -1.95560000
1.98898485 -1.79170000
1.99826323 -1.63110000
2.00754160 -1.47430000
2.01681997 -1.32170000
2.02609834 -1.17390000
2.03537671 -1.03160000
2.04465507 -0.89520000
2.05393345 -0.76550000
2.06321181 -0.64330000
2.07249019 -0.52930000
2.08176856 -0.42440000
2.09104693 -0.32930000
2.10032530 -0.24490000
2.10960367 -0.17180000
2.11888204 -0.11100000
2.12816041 -0.06290000
2.13743877 -0.02810000
2.14671715 -0.00710000
2.15599552 0.00000000
2.15599552 0.00000000
2.16474326 -0.00560000
2.17349098 -0.02240000
2.18223872 -0.05030000
2.19098645 -0.08900000
2.19973419 -0.13820000
2.20848191 -0.19770000
2.21722965 -0.26700000
2.22597737 -0.34570000
2.23472511 -0.43330000
2.24347283 -0.52940000
2.25222057 -0.63370000
2.26096830 -0.74530000
2.26971604 -0.86390000
2.27846376 -0.98910000
2.28721150 -1.12030000
2.29595922 -1.25720000
2.30470696 -1.39940000
2.31345468 -1.54640000
2.32220242 -1.69800000
2.33095015 -1.85370000
2.33969789 -2.01320000
2.34844561 -2.17630000
2.35719335 -2.34260000
2.36594107 -2.51180000
2.37468881 -2.68380000
2.38343653 -2.85830000
2.39218427 -3.03510000
2.40093200 -3.21400000
2.40967974 -3.39480000
2.41842746 -3.57730000
2.42717520 -3.76130000
2.43592292 -3.94680000
2.44467066 -4.13350000
2.45341838 -4.32130000
2.46216612 -4.51020000
2.47091385 -4.69990000
2.47966159 -4.89040000
2.48840931 -5.08150000
2.49715705 -5.27320000
2.50590477 -5.46540000
2.51465251 -5.65790000
2.52340023 -5.85070000
2.53214797 -6.04370000
2.54089570 -6.23680000
2.54964344 -6.43000000
2.55839116 -6.62310000
2.56713890 -6.81620000
2.57588662 -7.00910000
2.58463436 -7.20180000
2.59338208 -7.39420000
2.60212982 -7.58630000
2.61087755 -7.77800000
2.61962529 -7.96930000
2.62837301 -8.16010000
2.63712075 -8.35030000
2.64586847 -8.53980000
2.65461621 -8.72880000
2.66336393 -8.91710000
2.67211167 -9.10460000
2.68085940 -9.29140000
2.68960714 -9.47730000
2.69835486 -9.66230000
2.70710260 -9.84650000
2.71585032 -10.02960000
2.72459806 -10.21180000
2.73334578 -10.39280000
2.74209352 -10.57280000
2.75084125 -10.75160000
2.75958899 -10.92910000
2.76833671 -11.10540000
2.77708445 -11.28040000
2.78583217 -11.45370000
2.79457991 -11.62580000
2.80332763 -11.79630000
2.81207537 -11.96520000
2.82082310 -12.13230000
2.82957084 -12.29770000
2.83831856 -12.46110000
2.84706630 -12.62250000
2.85581402 -12.78170000
2.86456176 -12.93840000
2.87330948 -13.09260000
2.88205722 -13.24410000
2.89080495 -13.39240000
2.89955269 -13.53740000
2.90830041 -13.67860000
2.91704815 -13.81560000
2.92579587 -13.94790000
2.93454361 -14.07480000
2.94329133 -14.19550000
2.95203907 -14.30930000
2.96078680 -14.41480000
2.96953454 -14.51100000
2.97828226 -14.59640000
2.98703000 -14.66950000
2.99577772 -14.72850000
3.00452546 -14.77200000
3.01327318 -14.79870000
3.02202092 -14.80770000
3.02202092 -14.80770000
3.02511372 -14.80740000
3.02820651 -14.80630000
3.03129930 -14.80450000
3.03439209 -14.80200000
3.03748487 -14.79870000
3.04057767 -14.79480000
3.04367045 -14.79010000
3.04676324 -14.78480000
3.04985604 -14.77870000
3.05294883 -14.77190000
3.05604162 -14.76430000
3.05913441 -14.75610000
3.06222719 -14.74720000
3.06531999 -14.73750000
3.06841277 -14.72720000
3.07150557 -14.71610000
3.07459836 -14.70440000
3.07769115 -14.69190000
3.08078394 -14.67870000
3.08387673 -14.66490000
3.08696951 -14.65030000
3.09006231 -14.63510000
3.09315509 -14.61910000
3.09624789 -14.60250000
3.09934068 -14.58520000
3.10243347 -14.56720000
3.10552626 -14.54860000
3.10861905 -14.52920000
3.11171183 -14.50920000
3.11480463 -14.48860000
3.11789741 -14.46730000
3.12099021 -14.44530000
3.12408300 -14.42270000
3.12717579 -14.39940000
3.13026858 -14.37550000
3.13336137 -14.35100000
3.13645415 -14.32580000
3.13954695 -14.30010000
3.14263974 -14.27370000
3.14573253 -14.24670000
3.14882532 -14.21910000
3.15191811 -14.19090000
3.15501090 -14.16220000
3.15810369 -14.13290000
3.16119647 -14.10300000
3.16428927 -14.07260000
3.16738206 -14.04170000
3.17047485 -14.01020000
3.17356764 -13.97830000
3.17666043 -13.94580000
3.17975322 -13.91290000
3.18284601 -13.87960000
3.18593879 -13.84580000
3.18903159 -13.81160000
3.19212438 -13.77700000
3.19521717 -13.74200000
3.19830996 -13.70670000
3.20140275 -13.67110000
3.20449554 -13.63530000
3.20758833 -13.59910000
3.21068111 -13.56280000
3.21377391 -13.52630000
3.21686670 -13.48980000
3.21995949 -13.45310000
3.22305228 -13.41640000
3.22614507 -13.37980000
3.22923786 -13.34330000
3.23233065 -13.30700000
3.23542343 -13.27090000
3.23851623 -13.23520000
3.24160902 -13.20000000
3.24470181 -13.16540000
3.24779460 -13.13140000
3.25088739 -13.09830000
3.25398018 -13.06620000
3.25707297 -13.03520000
3.26016576 -13.00560000
3.26325855 -12.97750000
3.26635134 -12.95120000
3.26944413 -12.92680000
3.27253692 -12.90470000
3.27562971 -12.88510000
3.27872250 -12.86830000
3.28181529 -12.85460000
3.28490808 -12.84410000
3.28800087 -12.83720000
3.29109366 -12.83410000
3.29418645 -12.83490000
3.29727924 -12.83980000
3.30037203 -12.84870000
3.30346482 -12.86160000
3.30655761 -12.87810000
3.30965040 -12.89810000
3.31274320 -12.92090000
3.31583598 -12.94590000
3.31892877 -12.97230000
3.32202156 -12.99930000
3.32511435 -13.02550000
3.32820714 -13.04990000
3.32820714 -13.04990000
3.32999277 -13.04990000
3.33177839 -13.04980000
3.33356401 -13.04950000
3.33534964 -13.04920000
3.33713526 -13.04890000
3.33892088 -13.04840000
3.34070650 -13.04790000
3.34249213 -13.04720000
3.34427776 -13.04650000
3.34606337 -13.04570000
3.34784900 -13.04490000
3.34963463 -13.04390000
3.35142024 -13.04290000
3.35320587 -13.04180000
3.35499148 -13.04060000
3.35677711 -13.03940000
3.35856274 -13.03810000
3.36034836 -13.03670000
3.36213398 -13.03530000
3.36391961 -13.03380000
3.36570523 -13.03220000
3.36749086 -13.03060000
3.36927647 -13.02890000
3.37106210 -13.02720000
3.37284773 -13.02540000
3.37463334 -13.02360000
3.37641897 -13.02170000
3.37820460 -13.01980000
3.37999021 -13.01800000
3.38177584 -13.01600000
3.38356146 -13.01400000
3.38534708 -13.01200000
3.38713271 -13.01000000
3.38891833 -13.00790000
3.39070395 -13.00590000
3.39248958 -13.00380000
3.39427520 -13.00180000
3.39606083 -12.99970000
3.39784644 -12.99770000
3.39963207 -12.99570000
3.40141770 -12.99370000
3.40320331 -12.99180000
3.40498894 -12.98990000
3.40677457 -12.98810000
3.40856018 -12.98630000
3.41034581 -12.98460000
3.41213143 -12.98290000
3.41391705 -12.98140000
3.41570268 -12.97990000
3.41748830 -12.97850000
3.41927393 -12.97730000
3.42105955 -12.97620000
3.42284517 -12.97520000
3.42463080 -12.97430000
3.42641641 -12.97360000
3.42820204 -12.97300000
3.42998767 -12.97270000
3.43177328 -12.97250000
3.43355891 -12.97250000
3.43534454 -12.97280000
3.43713015 -12.97330000
3.43891578 -12.97400000
3.44070140 -12.97500000
3.44248702 -12.97630000
3.44427265 -12.97780000
3.44605827 -12.97970000
3.44784390 -12.98190000
3.44962952 -12.98440000
3.45141514 -12.98730000
3.45320077 -12.99050000
3.45498638 -12.99420000
3.45677201 -12.99820000
3.45855764 -13.00270000
3.46034325 -13.00770000
3.46212888 -13.01310000
3.46391451 -13.01900000
3.46570012 -13.02540000
3.46748575 -13.03240000
3.46927137 -13.03990000
3.47105700 -13.04790000
3.47284262 -13.05650000
3.47462824 -13.06580000
3.47641387 -13.07570000
3.47819950 -13.08620000
3.47998511 -13.09730000
3.48177074 -13.10920000
3.48355635 -13.12170000
3.48534198 -13.13500000
3.48712761 -13.14900000
3.48891322 -13.16380000
3.49069885 -13.17930000
3.49248448 -13.19560000
3.49427010 -13.21260000
3.49605572 -13.23050000
3.49784134 -13.24920000
3.49962697 -13.26870000
3.50141259 -13.28900000
3.50319821 -13.31020000
3.50498384 -13.33220000
3.50498384 -13.33220000
3.50855508 -13.26940000
3.51212634 -13.20820000
3.51569758 -13.14860000
3.51926882 -13.09100000
3.52284007 -13.03550000
3.52641132 -12.98250000
3.52998257 -12.93230000
3.53355381 -12.88500000
3.53712505 -12.84110000
3.54069631 -12.80080000
3.54426755 -12.76450000
3.54783879 -12.73220000
3.55141004 -12.70440000
3.55498129 -12.68110000
3.55855254 -12.66250000
3.56212378 -12.64870000
3.56569502 -12.63970000
3.56926628 -12.63540000
3.57283752 -12.63580000
3.57640876 -12.64070000
3.57998001 -12.64980000
3.58355126 -12.66300000
3.58712251 -12.68000000
3.59069375 -12.70050000
3.59426499 -12.72420000
3.59783625 -12.75080000
3.60140749 -12.78000000
3.60497873 -12.81150000
3.60854998 -12.84510000
3.61212123 -12.88050000
3.61569248 -12.91750000
3.61926372 -12.95590000
3.62283496 -12.99540000
3.62640622 -13.03590000
3.62997746 -13.07720000
3.63354871 -13.11920000
3.63711995 -13.16180000
3.64069121 -13.20470000
3.64426245 -13.24800000
3.64783369 -13.29140000
3.65140493 -13.33500000
3.65497619 -13.37850000
3.65854743 -13.42200000
3.66211868 -13.46540000
3.66568992 -13.50850000
3.66926118 -13.55140000
3.67283242 -13.59400000
3.67640366 -13.63620000
3.67997490 -13.67800000
3.68354616 -13.71940000
3.68711740 -13.76030000
3.69068865 -13.80070000
3.69425989 -13.84050000
3.69783115 -13.87970000
3.70140239 -13.91840000
3.70497363 -13.95640000
3.70854488 -13.99370000
3.71211613 -14.03040000
3.71568737 -14.06640000
3.71925862 -14.10160000
3.72282986 -14.13610000
3.72640112 -14.16990000
3.72997236 -14.20290000
3.73354360 -14.23510000
3.73711485 -14.26650000
3.74068610 -14.29720000
3.74425735 -14.32700000
3.74782859 -14.35590000
3.75139983 -14.38410000
3.75497109 -14.41140000
3.75854233 -14.43780000
3.76211357 -14.46340000
3.76568482 -14.48810000
3.76925607 -14.51190000
3.77282732 -14.53490000
3.77639856 -14.55690000
3.77996980 -14.57800000
3.78354106 -14.59830000
3.78711230 -14.61760000
3.79068354 -14.63600000
3.79425479 -14.65350000
3.79782604 -14.67010000
3.80139729 -14.68570000
3.80496853 -14.70040000
3.80853977 -14.71420000
3.81211103 -14.72710000
3.81568227 -14.73900000
3.81925351 -14.74990000
3.82282476 -14.75990000
3.82639601 -14.76900000
3.82996726 -14.77710000
3.83353850 -14.78430000
3.83710974 -14.79050000
3.84068100 -14.79580000
3.84425224 -14.80010000
3.84782349 -14.80340000
3.85139473 -14.80580000
3.85496599 -14.80720000
3.85853723 -14.80770000
3.85853723 -14.80770000
3.86163002 -14.80740000
3.86472281 -14.80630000
3.86781560 -14.80450000
3.87090839 -14.80200000
3.87400118 -14.79870000
3.87709397 -14.79480000
3.88018676 -14.79010000
3.88327955 -14.78480000
3.88637234 -14.77870000
3.88946513 -14.77190000
3.89255792 -14.76430000
3.89565071 -14.75610000
3.89874350 -14.74720000
3.90183629 -14.73750000
3.90492908 -14.72720000
3.90802187 -14.71610000
3.91111466 -14.70440000
3.91420745 -14.69190000
3.91730024 -14.67870000
3.92039303 -14.66490000
3.92348582 -14.65030000
3.92657862 -14.63510000
3.92967140 -14.61910000
3.93276419 -14.60250000
3.93585698 -14.58520000
3.93894977 -14.56720000
3.94204256 -14.54860000
3.94513535 -14.52920000
3.94822814 -14.50920000
3.95132094 -14.48860000
3.95441372 -14.46730000
3.95750651 -14.44530000
3.96059930 -14.42270000
3.96369209 -14.39940000
3.96678488 -14.37550000
3.96987767 -14.35100000
3.97297046 -14.32580000
3.97606326 -14.30010000
3.97915604 -14.27370000
3.98224883 -14.24670000
3.98534162 -14.21910000
3.98843441 -14.19090000
3.99152720 -14.16220000
3.99461999 -14.13290000
3.99771278 -14.10300000
4.00080558 -14.07260000
4.00389836 -14.04170000
4.00699115 -14.01020000
4.01008394 -13.97830000
4.01317673 -13.94580000
4.01626952 -13.91290000
4.01936231 -13.87960000
4.02245510 -13.84580000
4.02554790 -13.81160000
4.02864068 -13.77700000
4.03173347 -13.74200000
4.03482626 -13.70670000
4.03791905 -13.67110000
4.04101184 -13.63530000
4.04410464 -13.59910000
4.04719742 -13.56280000
4.05029022 -13.52630000
4.05338300 -13.48980000
4.05647579 -13.45310000
4.05956858 -13.41640000
4.06266137 -13.37980000
4.06575416 -13.34330000
4.06884696 -13.30700000
4.07193974 -13.27090000
4.07503254 -13.23520000
4.07812532 -13.20000000
4.08121811 -13.16540000
4.08431090 -13.13140000
4.08740369 -13.09830000
4.09049648 -13.06620000
4.09358928 -13.03520000
4.09668206 -13.00560000
4.09977486 -12.97750000
4.10286764 -12.95120000
4.10596043 -12.92680000
4.10905322 -12.90470000
4.11214601 -12.88510000
4.11523881 -12.86830000
4.11833160 -12.85460000
4.12142438 -12.84410000
4.12451718 -12.83720000
4.12760996 -12.83410000
4.13070275 -12.83490000
4.13379554 -12.83980000
4.13688833 -12.84870000
4.13998113 -12.86160000
4.14307392 -12.87810000
4.14616670 -12.89810000
4.14925950 -12.92090000
4.15235228 -12.94590000
4.15544507 -12.97230000
4.15853786 -12.99930000
4.16163065 -13.02550000
4.16472345 -13.04990000

0.00000000 0.00000000
0.00714250 -0.00430000
0.01428499 -0.01720000
0.02142749 -0.03850000
0.02856997 -0.06800000
0.03571247 -0.10550000
0.04285496 -0.15060000
0.04999746 -0.20300000
0.05713994 -0.26220000
0.06428244 -0.32780000
0.07142493 -0.39930000
0.07856743 -0.47640000
0.08570991 -0.55850000
0.09285241 -0.64510000
0.09999490 -0.73580000
0.10713740 -0.83030000
0.11427988 -0.92810000
0.12142238 -1.02880000
0.12856487 -1.13210000
0.13570737 -1.23760000
0.14284985 -1.34530000
0.14999235 -1.45440000
0.15713484 -1.56500000
0.16427734 -1.67670000
0.17141982 -1.78940000
0.17856232 -1.90270000
0.18570481 -2.01660000
0.19284731 -2.13090000
0.19998979 -2.24530000
0.20713229 -2.35980000
0.21427478 -2.47410000
0.22141728 -2.58830000
0.22855977 -2.70200000
0.23570227 -2.81530000
0.24284475 -2.92810000
0.24998725 -3.04010000
0.25712974 -3.15140000
0.26427224 -3.26190000
0.27141472 -3.37150000
0.27855722 -3.48010000
0.28569971 -3.58760000
0.29284221 -3.69400000
0.29998469 -3.79930000
0.30712719 -3.90340000
0.31426968 -4.00620000
0.32141218 -4.10760000
0.32855466 -4.20770000
0.33569716 -4.30640000
0.34283965 -4.40370000
0.34998215 -4.49950000
0.35712463 -4.59370000
0.36426713 -4.68650000
0.37140962 -4.77760000
0.37855212 -4.86720000
0.38569460 -4.95510000
0.39283710 -5.04130000
0.39997959 -5.12590000
0.40712209 -5.20880000
0.41426457 -5.29000000
0.42140707 -5.36940000
0.42854956 -5.44710000
0.43569206 -5.52290000
0.44283455 -5.59700000
0.44997705 -5.66930000
0.45711953 -5.73970000
0.46426203 -5.80830000
0.47140452 -5.87500000
0.47854702 -5.93990000
0.48568950 -6.00280000
0.49283200 -6.06390000
0.49997449 -6.12310000
0.50711699 -6.18030000
0.51425947 -6.23570000
0.52140197 -6.28900000
0.52854446 -6.34050000
0.53568696 -6.39000000
0.54282944 -6.43750000
0.54997194 -6.48300000
0.55711443 -6.52660000
0.56425693 -6.56820000
0.57139941 -6.60780000
0.57854191 -6.64540000
0.58568440 -6.68100000
0.59282690 -6.71460000
0.59996938 -6.74620000
0.60711188 -6.77570000
0.61425437 -6.80330000
0.62139687 -6.82880000
0.62853935 -6.85230000
0.63568185 -6.87370000
0.64282434 -6.89320000
0.64996684 -6.91060000
0.65710933 -6.92590000
0.66425183 -6.93920000
0.67139431 -6.95050000
0.67853681 -6.95970000
0.68567930 -6.96680000
0.69282180 -6.97200000
0.69996428 -6.97500000
0.70710678 -6.97610000
0.70710678 -6.97610000
0.71067802 -6.97660000
0.71424928 -6.97840000
0.71782052 -6.98130000
0.72139177 -6.98530000
0.72496301 -6.99050000
0.72853427 -6.99680000
0.73210551 -7.00430000
0.73567675 -7.01290000
0.73924799 -7.02260000
0.74281925 -7.03340000
0.74639049 -7.04520000
0.74996174 -7.05820000
0.75353298 -7.07220000
0.75710424 -7.08720000
0.76067548 -7.10320000
0.76424672 -7.12030000
0.76781797 -7.13830000
0.77138922 -7.15720000
0.77496047 -7.17710000
0.77853171 -7.19780000
0.78210295 -7.21950000
0.78567421 -7.24200000
0.78924545 -7.26530000
0.79281669 -7.28940000
0.79638794 -7.31430000
0.79995919 -7.33990000
0.80353044 -7.36620000
0.80710168 -7.39320000
0.81067292 -7.42090000
0.81424418 -7.44920000
0.81781542 -7.47810000
0.82138666 -7.50750000
0.82495791 -7.53750000
0.82852916 -7.56800000
0.83210041 -7.59890000
0.83567165 -7.63030000
0.83924289 -7.66210000
0.84281415 -7.69430000
0.84638539 -7.72680000
0.84995663 -7.75960000
0.85352788 -7.79280000
0.85709913 -7.82610000
0.86067038 -7.85970000
0.86424162 -7.89350000
0.86781286 -7.92750000
0.87138412 -7.96160000
0.87495536 -7.99580000
0.87852661 -8.03000000
0.88209785 -8.06430000
0.88566910 -8.09860000
0.88924035 -8.13290000
0.89281159 -8.16710000
0.89638283 -8.20130000
0.89995409 -8.23530000
0.90352533 -8.26920000
0.90709658 -8.30300000
0.91066782 -8.33650000
0.91423908 -8.36980000
0.91781032 -8.40280000
0.92138156 -8.43560000
0.92495280 -8.46800000
0.92852406 -8.50010000
0.93209530 -8.53180000
0.93566655 -8.56300000
0.93923779 -8.59390000
0.94280905 -8.62430000
0.94638029 -8.65410000
0.94995153 -8.68350000
0.95352277 -8.71230000
0.95709403 -8.74050000
0.96066527 -8.76810000
0.96423652 -8.79500000
0.96780776 -8.82130000
0.97137902 -8.84690000
0.97495026 -8.87170000
0.97852150 -8.89580000
0.98209275 -8.91910000
0.98566400 -8.94160000
0.98923525 -8.96320000
0.99280649 -8.98400000
0.99637773 -9.00390000
0.99994899 -9.02290000
1.00352023 -9.04090000
1.00709147 -9.05800000
1.01066272 -9.07410000
1.01423397 -9.08920000
1.01780522 -9.10320000
1.02137646 -9.11620000
1.02494770 -9.12810000
1.02851896 -9.13900000
1.03209020 -9.14880000
1.03566144 -9.15740000
1.03923269 -9.16490000
1.04280394 -9.17130000
1.04637519 -9.17650000
1.04994643 -9.18060000
1.05351767 -9.18350000
1.05708893 -9.18530000
1.06066017 -9.18580000
1.06066017 -9.18580000
1.06244580 -9.20700000
1.06423141 -9.22790000
1.06601704 -9.24870000
1.06780267 -9.26920000
1.06958829 -9.28970000
1.07137391 -9.30990000
1.07315953 -9.32990000
1.07494516 -9.34980000
1.07673079 -9.36950000
1.07851640 -9.38900000
1.08030203 -9.40830000
1.08208766 -9.42740000
1.08387327 -9.44640000
1.08565890 -9.46510000
1.08744451 -9.48370000
1.08923014 -9.50200000
1.09101577 -9.52020000
1.09280139 -9.53820000
1.09458701 -9.55600000
1.09637264 -9.57360000
1.09815826 -9.59100000
1.09994388 -9.60810000
1.10172950 -9.62510000
1.10351513 -9.64190000
1.10530076 -9.65850000
1.10708637 -9.67490000
1.10887200 -9.69110000
1.11065763 -9.70710000
1.11244324 -9.72290000
1.11422887 -9.73850000
1.11601448 -9.75390000
1.11780011 -9.76900000
1.11958574 -9.78400000
1.12137136 -9.79870000
1.12315698 -9.81330000
1.12494261 -9.82760000
1.12672823 -9.84170000
1.12851386 -9.85560000
1.13029947 -9.86930000
1.13208510 -9.88280000
1.13387073 -9.89610000
1.13565634 -9.90920000
1.13744197 -9.92200000
1.13922760 -9.93460000
1.14101321 -9.94700000
1.14279884 -9.95920000
1.14458446 -9.97120000
1.14637008 -9.98300000
1.14815571 -9.99450000
1.14994133 -10.00580000
1.15172696 -10.01690000
1.15351258 -10.02780000
1.15529820 -10.03850000
1.15708383 -10.04890000
1.15886944 -10.05910000
1.16065507 -10.06910000
1.16244070 -10.07890000
1.16422631 -10.08840000
1.16601194 -10.09780000
1.16779757 -10.10690000
1.16958318 -10.11570000
1.17136881 -10.12440000
1.17315443 -10.13280000
1.17494005 -10.14100000
1.17672568 -10.14900000
1.17851130 -10.15670000
1.18029693 -10.16420000
1.18208255 -10.17150000
1.18386817 -10.17860000
1.18565380 -10.18540000
1.18743941 -10.19200000
1.18922504 -10.19830000
1.19101067 -10.20450000
1.19279628 -10.21040000
1.19458191 -10.21610000
1.19636754 -10.22150000
1.19815315 -10.22680000
1.19993878 -10.23180000
1.20172440 -10.23650000
1.20351003 -10.24110000
1.20529565 -10.24540000
1.20708127 -10.24940000
1.20886690 -10.25330000
1.21065252 -10.25690000
1.21243814 -10.26030000
1.21422377 -10.26340000
1.21600938 -10.26630000
1.21779501 -10.26900000
1.21958064 -10.27140000
1.22136625 -10.27360000
1.22315188 -10.27560000
1.22493751 -10.27740000
1.22672312 -10.27890000
1.22850875 -10.28020000
1.23029437 -10.28120000
1.23208000 -10.28200000
1.23386562 -10.28260000
1.23565124 -10.28300000
1.23743687 -10.28310000
1.23743687 -10.28310000
1.24671524 -10.33810000
1.25599361 -10.38280000
1.26527198 -10.41710000
1.27455035 -10.44140000
1.28382872 -10.45570000
1.29310709 -10.46040000
1.30238546 -10.45600000
1.31166383 -10.44290000
1.32094220 -10.42160000
1.33022057 -10.39260000
1.33949894 -10.35640000
1.34877731 -10.31350000
1.35805568 -10.26430000
1.36733405 -10.20920000
1.37661242 -10.14860000
1.38589079 -10.08280000
1.39516916 -10.01220000
1.40444754 -9.93710000
1.41372590 -9.85770000
1.42300427 -9.77430000
1.43228264 -9.68710000
1.44156101 -9.59620000
1.45083938 -9.50190000
1.46011775 -9.40430000
1.46939612 -9.30360000
1.47867450 -9.19990000
1.48795286 -9.09330000
1.49723124 -8.98400000
1.50650960 -8.87200000
1.51578797 -8.75750000
1.52506634 -8.64050000
1.53434471 -8.52120000
1.54362308 -8.39950000
1.55290146 -8.27570000
1.56217983 -8.14970000
1.57145820 -8.02160000
1.58073657 -7.89150000
1.59001493 -7.75950000
1.59929331 -7.62570000
1.60857167 -7.49000000
1.61785005 -7.35260000
1.62712842 -7.21350000
1.63640679 -7.07280000
1.64568516 -6.93060000
1.65496353 -6.78680000
1.66424190 -6.64170000
1.67352027 -6.49510000
1.68279863 -6.34730000
1.69207701 -6.19820000
1.70135538 -6.04800000
1.71063375 -5.89660000
1.71991212 -5.74430000
1.72919049 -5.59090000
1.73846886 -5.43670000
1.74774723 -5.28170000
1.75702560 -5.12600000
1.76630397 -4.96960000
1.77558234 -4.81270000
1.78486071 -4.65540000
1.79413908 -4.49760000
1.80341745 -4.33960000
1.81269582 -4.18150000
1.82197419 -4.02330000
1.83125256 -3.86510000
1.84053093 -3.70720000
1.84980930 -3.54960000
1.85908768 -3.39240000
1.86836605 -3.23590000
1.87764441 -3.08000000
1.88692279 -2.92510000
1.89620115 -2.77130000
1.90547953 -2.61880000
1.91475789 -2.46770000
1.92403626 -2.31820000
1.93331464 -2.17060000
1.94259301 -2.02510000
1.95187138 -1.88200000
1.96114975 -1.74150000
1.97042811 -1.60380000
1.97970649 -1.46930000
1.98898485 -1.33830000
1.99826323 -1.21100000
2.00754160 -1.08800000
2.01681997 -0.96940000
2.02609834 -0.85570000
2.03537671 -0.74730000
2.04465507 -0.64450000
2.05393345 -0.54780000
2.06321181 -0.45770000
2.07249019 -0.37440000
2.08176856 -0.29860000
2.09104693 -0.23050000
2.10032530 -0.17060000
2.10960367 -0.11930000
2.11888204 -0.07670000
2.12816041 -0.04340000
2.13743877 -0.01930000
2.14671715 -0.00490000
2.15599552 0.00000000
2.15599552 0.00000000
2.16474326 -0.00140000
2.17349098 -0.00560000
2.18223872 -0.01250000
2.19098645 -0.02220000
2.19973419 -0.03460000
2.20848191 -0.04960000
2.21722965 -0.06720000
2.22597737 -0.08720000
2.23472511 -0.10980000
2.24347283 -0.13460000
2.25222057 -0.16170000
2.26096830 -0.19100000
2.26971604 -0.22230000
2.27846376 -0.25550000
2.28721150 -0.29060000
2.29595922 -0.32730000
2.30470696 -0.36570000
2.31345468 -0.40560000
2.32220242 -0.44690000
2.33095015 -0.48950000
2.33969789 -0.53320000
2.34844561 -0.57800000
2.35719335 -0.62380000
2.36594107 -0.67060000
2.37468881 -0.71800000
2.38343653 -0.76610000
2.39218427 -0.81480000
2.40093200 -0.86400000
2.40967974 -0.91370000
2.41842746 -0.96370000
2.42717520 -1.01390000
2.43592292 -1.06440000
2.44467066 -1.11500000
2.45341838 -1.16570000
2.46216612 -1.21640000
2.47091385 -1.26700000
2.47966159 -1.31750000
2.48840931 -1.36800000
2.49715705 -1.41810000
2.50590477 -1.46800000
2.51465251 -1.51760000
2.52340023 -1.56690000
2.53214797 -1.61570000
2.54089570 -1.66420000
2.54964344 -1.71220000
2.55839116 -1.75970000
2.56713890 -1.80660000
2.57588662 -1.85300000
2.58463436 -1.89890000
2.59338208 -1.94410000
2.60212982 -1.98860000
2.61087755 -2.03260000
2.61962529 -2.07580000
2.62837301 -2.11830000
2.63712075 -2.16010000
2.64586847 -2.20110000
2.65461621 -2.24140000
2.66336393 -2.28090000
2.67211167 -2.31960000
2.68085940 -2.35750000
2.68960714 -2.39460000
2.69835486 -2.43080000
2.70710260 -2.46610000
2.71585032 -2.50060000
2.72459806 -2.53430000
2.73334578 -2.56700000
2.74209352 -2.59890000
2.75084125 -2.62980000
2.75958899 -2.65980000
2.76833671 -2.68890000
2.77708445 -2.71710000
2.78583217 -2.74440000
2.79457991 -2.77070000
2.80332763 -2.79600000
2.81207537 -2.82040000
2.82082310 -2.84380000
2.82957084 -2.86630000
2.83831856 -2.88780000
2.84706630 -2.90830000
2.85581402 -2.92790000
2.86456176 -2.94640000
2.87330948 -2.96400000
2.88205722 -2.98060000
2.89080495 -2.99620000
2.89955269 -3.01080000
2.90830041 -3.02440000
2.91704815 -3.03700000
2.92579587 -3.04860000
2.93454361 -3.05920000
2.94329133 -3.06880000
2.95203907 -3.07740000
2.96078680 -3.08500000
2.96953454 -3.09160000
2.97828226 -3.09710000
2.98703000 -3.10170000
2.99577772 -3.10520000
3.00452546 -3.10780000
3.01327318 -3.10930000
3.02202092 -3.10980000
3.02202092 -3.10980000
3.02511372 -3.11160000
3.02820651 -3.11700000
3.03129930 -3.12610000
3.03439209 -3.13870000
3.03748487 -3.15490000
3.04057767 -3.17460000
3.04367045 -3.19790000
3.04676324 -3.22460000
3.04985604 -3.25480000
3.05294883 -3.28830000
3.05604162 -3.32510000
3.05913441 -3.36520000
3.06222719 -3.40850000
3.06531999 -3.45500000
3.06841277 -3.50440000
3.07150557 -3.55690000
3.07459836 -3.61230000
3.07769115 -3.67060000
3.08078394 -3.73160000
3.08387673 -3.79520000
3.08696951 -3.86150000
3.09006231 -3.93030000
3.09315509 -4.00150000
3.09624789 -4.07510000
3.09934068 -4.15100000
3.10243347 -4.22900000
3.10552626 -4.30910000
3.10861905 -4.39130000
3.11171183 -4.47540000
3.11480463 -4.56130000
3.11789741 -4.64910000
3.12099021 -4.73850000
3.12408300 -4.82950000
3.12717579 -4.92210000
3.13026858 -5.01620000
3.13336137 -5.11170000
3.13645415 -5.20850000
3.13954695 -5.30660000
3.14263974 -5.40580000
3.14573253 -5.50620000
3.14882532 -5.60760000
3.15191811 -5.71000000
3.15501090 -5.81330000
3.15810369 -5.91740000
3.16119647 -6.02240000
3.16428927 -6.12810000
3.16738206 -6.23440000
3.17047485 -6.34130000
3.17356764 -6.44880000
3.17666043 -6.55680000
3.17975322 -6.66510000
3.18284601 -6.77390000
3.18593879 -6.88290000
3.18903159 -6.99220000
3.19212438 -7.10160000
3.19521717 -7.21120000
3.19830996 -7.32080000
3.20140275 -7.43030000
3.20449554 -7.53980000
3.20758833 -7.64920000
3.21068111 -7.75830000
3.21377391 -7.86710000
3.21686670 -7.97560000
3.21995949 -8.08350000
3.22305228 -8.19100000
3.22614507 -8.29780000
3.22923786 -8.40390000
3.23233065 -8.50910000
3.23542343 -8.61340000
3.23851623 -8.71660000
3.24160902 -8.81870000
3.24470181 -8.91930000
3.24779460 -9.01850000
3.25088739 -9.11600000
3.25398018 -9.21170000
3.25707297 -9.30530000
3.26016576 -9.39660000
3.26325855 -9.48550000
3.26635134 -9.57150000
3.26944413 -9.65450000
3.27253692 -9.73410000
3.27562971 -9.81000000
3.27872250 -9.88190000
3.28181529 -9.94940000
3.28490808 -10.01220000
3.28800087 -10.07000000
3.29109366 -10.12230000
3.29418645 -10.16900000
3.29727924 -10.20980000
3.30037203 -10.24440000
3.30346482 -10.27270000
3.30655761 -10.29470000
3.30965040 -10.31050000
3.31274320 -10.32010000
3.31583598 -10.32360000
3.31892877 -10.32140000
3.32202156 -10.31370000
3.32511435 -10.30080000
3.32820714 -10.28310000
3.32820714 -10.28310000
3.32999277 -10.28300000
3.33177839 -10.28260000
3.33356401 -10.28200000
3.33534964 -10.28120000
3.33713526 -10.28020000
3.33892088 -10.27890000
3.34070650 -10.27740000
3.34249213 -10.27560000
3.34427776 -10.27360000
3.34606337 -10.27140000
3.34784900 -10.26900000
3.34963463 -10.26630000
3.35142024 -10.26340000
3.35320587 -10.26030000
3.35499148 -10.25690000
3.35677711 -10.25330000
3.35856274 -10.24940000
3.36034836 -10.24540000
3.36213398 -10.24110000
3.36391961 -10.23650000
3.36570523 -10.23180000
3.36749086 -10.22680000
3.36927647 -10.22150000
3.37106210 -10.21610000
3.37284773 -10.21040000
3.37463334 -10.20450000
3.37641897 -10.19830000
3.37820460 -10.19200000
3.37999021 -10.18540000
3.38177584 -10.17860000
3.38356146 -10.17150000
3.38534708 -10.16420000
3.38713271 -10.15670000
3.38891833 -10.14900000
3.39070395 -10.14100000
3.39248958 -10.13280000
3.39427520 -10.12440000
3.39606083 -10.11570000
3.39784644 -10.10690000
3.39963207 -10.09780000
3.40141770 -10.08840000
3.40320331 -10.07890000
3.40498894 -10.06910000
3.40677457 -10.05910000
3.40856018 -10.04890000
3.41034581 -10.03850000
3.41213143 -10.02780000
3.41391705 -10.01690000
3.41570268 -10.00580000
3.41748830 -9.99450000
3.41927393 -9.98300000
3.42105955 -9.97120000
3.42284517 -9.95920000
3.42463080 -9.94700000
3.42641641 -9.93460000
3.42820204 -9.92200000
3.42998767 -9.90920000
3.43177328 -9.89610000
3.43355891 -9.88280000
3.43534454 -9.86930000
3.43713015 -9.85560000
3.43891578 -9.84170000
3.44070140 -9.82760000
3.44248702 -9.81330000
3.44427265 -9.79870000
3.44605827 -9.78400000
3.44784390 -9.76900000
3.44962952 -9.75390000
3.45141514 -9.73850000
3.45320077 -9.72290000
3.45498638 -9.70710000
3.45677201 -9.69110000
3.45855764 -9.67490000
3.46034325 -9.65850000
3.46212888 -9.64190000
3.46391451 -9.62510000
3.46570012 -9.60810000
3.46748575 -9.59100000
3.46927137 -9.57360000
3.47105700 -9.55600000
3.47284262 -9.53820000
3.47462824 -9.52020000
3.47641387 -9.50200000
3.47819950 -9.48370000
3.47998511 -9.46510000
3.48177074 -9.44640000
3.48355635 -9.42740000
3.48534198 -9.40830000
3.48712761 -9.38900000
3.48891322 -9.36950000
3.49069885 -9.34980000
3.49248448 -9.32990000
3.49427010 -9.30990000
3.49605572 -9.28970000
3.49784134 -9.26920000
3.49962697 -9.24870000
3.50141259 -9.22790000
3.50319821 -9.20700000
3.50498384 -9.18580000
3.50498384 -9.18580000
3.50855508 -9.24450000
3.51212634 -9.30040000
3.51569758 -9.35320000
3.51926882 -9.40280000
3.52284007 -9.44890000
3.52641132 -9.49120000
3.52998257 -9.52940000
3.53355381 -9.56320000
3.53712505 -9.59230000
3.54069631 -9.61640000
3.54426755 -9.63530000
3.54783879 -9.64860000
3.55141004 -9.65610000
3.55498129 -9.65770000
3.55855254 -9.65320000
3.56212378 -9.64250000
3.56569502 -9.62560000
3.56926628 -9.60260000
3.57283752 -9.57350000
3.57640876 -9.53850000
3.57998001 -9.49780000
3.58355126 -9.45170000
3.58712251 -9.40040000
3.59069375 -9.34420000
3.59426499 -9.28340000
3.59783625 -9.21840000
3.60140749 -9.14930000
3.60497873 -9.07660000
3.60854998 -9.00050000
3.61212123 -8.92110000
3.61569248 -8.83890000
3.61926372 -8.75390000
3.62283496 -8.66650000
3.62640622 -8.57670000
3.62997746 -8.48490000
3.63354871 -8.39110000
3.63711995 -8.29550000
3.64069121 -8.19830000
3.64426245 -8.09950000
3.64783369 -7.99940000
3.65140493 -7.89800000
3.65497619 -7.79540000
3.65854743 -7.69180000
3.66211868 -7.58720000
3.66568992 -7.48170000
3.66926118 -7.37550000
3.67283242 -7.26850000
3.67640366 -7.16100000
3.67997490 -7.05290000
3.68354616 -6.94440000
3.68711740 -6.83540000
3.69068865 -6.72620000
3.69425989 -6.61680000
3.69783115 -6.50730000
3.70140239 -6.39770000
3.70497363 -6.28810000
3.70854488 -6.17860000
3.71211613 -6.06930000
3.71568737 -5.96030000
3.71925862 -5.85170000
3.72282986 -5.74340000
3.72640112 -5.63580000
3.72997236 -5.52870000
3.73354360 -5.42240000
3.73711485 -5.31680000
3.74068610 -5.21220000
3.74425735 -5.10870000
3.74782859 -5.00620000
3.75139983 -4.90510000
3.75497109 -4.80520000
3.75854233 -4.70690000
3.76211357 -4.61020000
3.76568482 -4.51520000
3.76925607 -4.42200000
3.77282732 -4.33090000
3.77639856 -4.24190000
3.77996980 -4.15520000
3.78354106 -4.07080000
3.78711230 -3.98910000
3.79068354 -3.91010000
3.79425479 -3.83390000
3.79782604 -3.76070000
3.80139729 -3.69070000
3.80496853 -3.62400000
3.80853977 -3.56070000
3.81211103 -3.50110000
3.81568227 -3.44520000
3.81925351 -3.39320000
3.82282476 -3.34520000
3.82639601 -3.30140000
3.82996726 -3.26180000
3.83353850 -3.22660000
3.83710974 -3.19590000
3.84068100 -3.16980000
3.84425224 -3.14830000
3.84782349 -3.13150000
3.85139473 -3.11950000
3.85496599 -3.11220000
3.85853723 -3.10980000
3.85853723 -3.10980000
3.86163002 -3.11160000
3.86472281 -3.11700000
3.86781560 -3.12610000
3.87090839 -3.13870000
3.87400118 -3.15490000
3.87709397 -3.17460000
3.88018676 -3.19790000
3.88327955 -3.22460000
3.88637234 -3.25480000
3.88946513 -3.28830000
3.89255792 -3.32510000
3.89565071 -3.36520000
3.89874350 -3.40850000
3.90183629 -3.45500000
3.90492908 -3.50450000
3.90802187 -3.55690000
3.91111466 -3.61230000
3.91420745 -3.67060000
3.91730024 -3.73160000
3.92039303 -3.79520000
3.92348582 -3.86150000
3.92657862 -3.93030000
3.92967140 -4.00150000
3.93276419 -4.07510000
3.93585698 -4.15100000
3.93894977 -4.22900000
3.94204256 -4.30910000
3.94513535 -4.39130000
3.94822814 -4.47540000
3.95132094 -4.56130000
3.95441372 -4.64910000
3.95750651 -4.73850000
3.96059930 -4.82950000
3.96369209 -4.92210000
3.96678488 -5.01620000
3.96987767 -5.11170000
3.97297046 -5.20850000
3.97606326 -5.30660000
3.97915604 -5.40580000
3.98224883 -5.50620000
3.98534162 -5.60760000
3.98843441 -5.71000000
3.99152720 -5.81330000
3.99461999 -5.91740000
3.99771278 -6.02240000
4.00080558 -6.12810000
4.00389836 -6.23440000
4.00699115 -6.34130000
4.01008394 -6.44880000
4.01317673 -6.55680000
4.01626952 -6.66510000
4.01936231 -6.77390000
4.02245510 -6.88290000
4.02554790 -6.99220000
4.02864068 -7.10160000
4.03173347 -7.21120000
4.03482626 -7.32080000
4.03791905 -7.43030000
4.04101184 -7.53980000
4.04410464 -7.64920000
4.04719742 -7.75830000
4.05029022 -7.86710000
4.05338300 -7.97560000
4.05647579 -8.08350000
4.05956858 -8.19100000
4.06266137 -8.29780000
4.06575416 -8.40390000
4.06884696 -8.50910000
4.07193974 -8.61340000
4.07503254 -8.71660000
4.07812532 -8.81870000
4.08121811 -8.91930000
4.08431090 -9.01850000
4.08740369 -9.11600000
4.09049648 -9.21170000
4.09358928 -9.30530000
4.09668206 -9.39660000
4.09977486 -9.48550000
4.10286764 -9.57150000
4.10596043 -9.65450000
4.10905322 -9.73410000
4.11214601 -9.81000000
4.11523881 -9.88190000
4.11833160 -9.94940000
4.12142438 -10.01220000
4.12451718 -10.07000000
4.12760996 -10.12230000
4.13070275 -10.16900000
4.13379554 -10.20980000
4.13688833 -10.24440000
4.13998113 -10.27270000
4.14307392 -10.29470000
4.14616670 -10.31050000
4.14925950 -10.32010000
4.15235228 -10.32360000
4.15544507 -10.32140000
4.15853786 -10.31370000
4.16163065 -10.30080000
4.16472345 -10.28310000

0.00000000 0.00000000
0.00714250 -0.00260000
0.01428499 -0.01040000
0.02142749 -0.02340000
0.02856997 -0.04150000
0.03571247 -0.06470000
0.04285496 -0.09300000
0.04999746 -0.12640000
0.05713994 -0.16470000
0.06428244 -0.20790000
0.07142493 -0.25600000
0.07856743 -0.30890000
0.08570991 -0.36650000
0.09285241 -0.42870000
0.09999490 -0.49540000
0.10713740 -0.56650000
0.11427988 -0.64200000
0.12142238 -0.72160000
0.12856487 -0.80550000
0.13570737 -0.89360000
0.14284985 -0.98540000
0.14999235 -1.08110000
0.15713484 -1.18040000
0.16427734 -1.28340000
0.17141982 -1.39000000
0.17856232 -1.50000000
0.18570481 -1.61330000
0.19284731 -1.72980000
0.19998979 -1.84960000
0.20713229 -1.97230000
0.21427478 -2.09810000
0.22141728 -2.22670000
0.22855977 -2.35820000
0.23570227 -2.49240000
0.24284475 -2.62920000
0.24998725 -2.76860000
0.25712974 -2.91050000
0.26427224 -3.05480000
0.27141472 -3.20140000
0.27855722 -3.35030000
0.28569971 -3.50150000
0.29284221 -3.65470000
0.29998469 -3.79930000
0.30712719 -3.90340000
0.31426968 -4.00610000
0.32141218 -4.10760000
0.32855466 -4.20770000
0.33569716 -4.30640000
0.34283965 -4.40370000
0.34998215 -4.49940000
0.35712463 -4.59370000
0.36426713 -4.68640000
0.37140962 -4.77760000
0.37855212 -4.86710000
0.38569460 -4.95510000
0.39283710 -5.04130000
0.39997959 -5.12590000
0.40712209 -5.20880000
0.41426457 -5.29000000
0.42140707 -5.36940000
0.42854956 -5.44700000
0.43569206 -5.52290000
0.44283455 -5.59700000
0.44997705 -5.66930000
0.45711953 -5.73970000
0.46426203 -5.80830000
0.47140452 -5.87500000
0.47854702 -5.93990000
0.48568950 -6.00280000
0.49283200 -6.06390000
0.49997449 -6.12310000
0.50711699 -6.18030000
0.51425947 -6.23570000
0.52140197 -6.28900000
0.52854446 -6.34050000
0.53568696 -6.39000000
0.54282944 -6.43750000
0.54997194 -6.48300000
0.55711443 -6.52660000
0.56425693 -6.56820000
0.57139941 -6.60780000
0.57854191 -6.64540000
0.58568440 -6.68100000
0.59282690 -6.71460000
0.59996938 -6.74620000
0.60711188 -6.77570000
0.61425437 -6.80330000
0.62139687 -6.82880000
0.62853935 -6.85230000
0.63568185 -6.87370000
0.64282434 -6.89320000
0.64996684 -6.91050000
0.65710933 -6.92590000
0.66425183 -6.93920000
0.67139431 -6.95050000
0.67853681 -6.95970000
0.68567930 -6.96680000
0.69282180 -6.97200000
0.69996428 -6.97500000
0.70710678 -6.97600000
0.70710678 -6.97600000
0.71067802 -6.97660000
0.71424928 -6.97840000
0.71782052 -6.98130000
0.72139177 -6.98530000
0.72496301 -6.99050000
0.72853427 -6.99680000
0.73210551 -7.00430000
0.73567675 -7.01290000
0.73924799 -7.02260000
0.74281925 -7.03340000
0.74639049 -7.04520000
0.74996174 -7.05820000
0.75353298 -7.07220000
0.75710424 -7.08720000
0.76067548 -7.10320000
0.76424672 -7.12020000
0.76781797 -7.13820000
0.77138922 -7.15720000
0.77496047 -7.17710000
0.77853171 -7.19780000
0.78210295 -7.21950000
0.78567421 -7.24200000
0.78924545 -7.26530000
0.79281669 -7.28940000
0.79638794 -7.31430000
0.79995919 -7.33990000
0.80353044 -7.36620000
0.80710168 -7.39320000
0.81067292 -7.42090000
0.81424418 -7.44920000
0.81781542 -7.47810000
0.82138666 -7.50750000
0.82495791 -7.53750000
0.82852916 -7.56800000
0.83210041 -7.59890000
0.83567165 -7.63030000
0.83924289 -7.66210000
0.84281415 -7.69430000
0.84638539 -7.72680000
0.84995663 -7.75960000
0.85352788 -7.79270000
0.85709913 -7.82610000
0.86067038 -7.85970000
0.86424162 -7.89350000
0.86781286 -7.92750000
0.87138412 -7.96160000
0.87495536 -7.99570000
0.87852661 -8.03000000
0.88209785 -8.06430000
0.88566910 -8.09860000
0.88924035 -8.13290000
0.89281159 -8.16710000
0.89638283 -8.20130000
0.89995409 -8.23530000
0.90352533 -8.26920000
0.90709658 -8.30300000
0.91066782 -8.33650000
0.91423908 -8.36980000
0.91781032 -8.40280000
0.92138156 -8.43560000
0.92495280 -8.46800000
0.92852406 -8.50010000
0.93209530 -8.53180000
0.93566655 -8.56300000
0.93923779 -8.59390000
0.94280905 -8.62430000
0.94638029 -8.65410000
0.94995153 -8.68350000
0.95352277 -8.71230000
0.95709403 -8.74050000
0.96066527 -8.76810000
0.96423652 -8.79500000
0.96780776 -8.82130000
0.97137902 -8.84690000
0.97495026 -8.87170000
0.97852150 -8.89580000
0.98209275 -8.91910000
0.98566400 -8.94160000
0.98923525 -8.96320000
0.99280649 -8.98400000
0.99637773 -9.00390000
0.99994899 -9.02290000
1.00352023 -9.04090000
1.00709147 -9.05800000
1.01066272 -9.07410000
1.01423397 -9.08910000
1.01780522 -9.10320000
1.02137646 -9.11620000
1.02494770 -9.12810000
1.02851896 -9.13900000
1.03209020 -9.14870000
1.03566144 -9.15740000
1.03923269 -9.16490000
1.04280394 -9.17130000
1.04637519 -9.17650000
1.04994643 -9.18060000
1.05351767 -9.18350000
1.05708893 -9.18530000
1.06066017 -9.18580000
1.06066017 -9.18580000
1.06244580 -9.16410000
1.06423141 -9.14130000
1.06601704 -9.11760000
1.06780267 -9.09270000
1.06958829 -9.06690000
1.07137391 -9.04010000
1.07315953 -9.01230000
1.07494516 -8.98360000
1.07673079 -8.95390000
1.07851640 -8.92330000
1.08030203 -8.89180000
1.08208766 -8.85940000
1.08387327 -8.82620000
1.08565890 -8.79210000
1.08744451 -8.75730000
1.08923014 -8.72160000
1.09101577 -8.68530000
1.09280139 -8.64820000
1.09458701 -8.61040000
1.09637264 -8.57200000
1.09815826 -8.53290000
1.09994388 -8.49320000
1.10172950 -8.45290000
1.10351513 -8.41210000
1.10530076 -8.37080000
1.10708637 -8.32900000
1.10887200 -8.28680000
1.11065763 -8.24410000
1.11244324 -8.20100000
1.11422887 -8.15760000
1.11601448 -8.11380000
1.11780011 -8.06970000
1.11958574 -8.02540000
1.12137136 -7.98080000
1.12315698 -7.93600000
1.12494261 -7.89100000
1.12672823 -7.84590000
1.12851386 -7.80060000
1.13029947 -7.75530000
1.13208510 -7.70990000
1.13387073 -7.66440000
1.13565634 -7.61890000
1.13744197 -7.57350000
1.13922760 -7.52810000
1.14101321 -7.48290000
1.14279884 -7.43770000
1.14458446 -7.39260000
1.14637008 -7.34780000
1.14815571 -7.30310000
1.14994133 -7.25860000
1.15172696 -7.21450000
1.15351258 -7.17060000
1.15529820 -7.12700000
1.15708383 -7.08370000
1.15886944 -7.04090000
1.16065507 -6.99840000
1.16244070 -6.95640000
1.16422631 -6.91490000
1.16601194 -6.87380000
1.16779757 -6.83330000
1.16958318 -6.79330000
1.17136881 -6.75390000
1.17315443 -6.71510000
1.17494005 -6.67690000
1.17672568 -6.63940000
1.17851130 -6.60260000
1.18029693 -6.56650000
1.18208255 -6.53120000
1.18386817 -6.49670000
1.18565380 -6.46290000
1.18743941 -6.43000000
1.18922504 -6.39800000
1.19101067 -6.36680000
1.19279628 -6.33660000
1.19458191 -6.30730000
1.19636754 -6.27900000
1.19815315 -6.25170000
1.19993878 -6.22540000
1.20172440 -6.20020000
1.20351003 -6.17600000
1.20529565 -6.15290000
1.20708127 -6.13090000
1.20886690 -6.11010000
1.21065252 -6.09040000
1.21243814 -6.07180000
1.21422377 -6.05450000
1.21600938 -6.03840000
1.21779501 -6.02350000
1.21958064 -6.00990000
1.22136625 -5.99750000
1.22315188 -5.98640000
1.22493751 -5.97650000
1.22672312 -5.96800000
1.22850875 -5.96070000
1.23029437 -5.95480000
1.23208000 -5.95010000
1.23386562 -5.94680000
1.23565124 -5.94480000
1.23743687 -5.94420000
1.23743687 -5.94420000
1.24671524 -5.88310000
1.25599361 -5.82050000
1.26527198 -5.75650000
1.27455035 -5.69100000
1.28382872 -5.62400000
1.29310709 -5.55570000
1.30238546 -5.48600000
1.31166383 -5.41500000
1.32094220 -5.34270000
1.33022057 -5.26910000
1.33949894 -5.19440000
1.34877731 -5.11840000
1.35805568 -5.04140000
1.36733405 -4.96330000
1.37661242 -4.88410000
1.38589079 -4.80390000
1.39516916 -4.72280000
1.40444754 -4.64080000
1.41372590 -4.55800000
1.42300427 -4.47430000
1.43228264 -4.39000000
1.44156101 -4.30490000
1.45083938 -4.21920000
1.46011775 -4.13300000
1.46939612 -4.04620000
1.47867450 -3.95890000
1.48795286 -3.87130000
1.49723124 -3.78340000
1.50650960 -3.69510000
1.51578797 -3.60670000
1.52506634 -3.51810000
1.53434471 -3.42950000
1.54362308 -3.34080000
1.55290146 -3.25230000
1.56217983 -3.16380000
1.57145820 -3.07550000
1.58073657 -2.98750000
1.59001493 -2.89990000
1.59929331 -2.81260000
1.60857167 -2.72590000
1.61785005 -2.63970000
1.62712842 -2.55400000
1.63640679 -2.46910000
1.64568516 -2.38490000
1.65496353 -2.30160000
1.66424190 -2.21910000
1.67352027 -2.13760000
1.68279863 -2.05710000
1.69207701 -1.97760000
1.70135538 -1.89930000
1.71063375 -1.82220000
1.71991212 -1.74640000
1.72919049 -1.67180000
1.73846886 -1.59850000
1.74774723 -1.52670000
1.75702560 -1.45640000
1.76630397 -1.38750000
1.77558234 -1.32010000
1.78486071 -1.25430000
1.79413908 -1.19010000
1.80341745 -1.12750000
1.81269582 -1.06660000
1.82197419 -1.00730000
1.83125256 -0.94980000
1.84053093 -0.89410000
1.84980930 -0.84000000
1.85908768 -0.78770000
1.86836605 -0.73710000
1.87764441 -0.68840000
1.88692279 -0.64130000
1.89620115 -0.59610000
1.90547953 -0.55260000
1.91475789 -0.51090000
1.92403626 -0.47090000
1.93331464 -0.43260000
1.94259301 -0.39610000
1.95187138 -0.36130000
1.96114975 -0.32830000
1.97042811 -0.29690000
1.97970649 -0.26720000
1.98898485 -0.23900000
1.99826323 -0.21260000
2.00754160 -0.18790000
2.01681997 -0.16470000
2.02609834 -0.14310000
2.03537671 -0.12310000
2.04465507 -0.10470000
2.05393345 -0.08780000
2.06321181 -0.07240000
2.07249019 -0.05860000
2.08176856 -0.04620000
2.09104693 -0.03530000
2.10032530 -0.02590000
2.10960367 -0.01800000
2.11888204 -0.01150000
2.12816041 -0.00650000
2.13743877 -0.00290000
2.14671715 -0.00070000
2.15599552 0.00000000
2.15599552 0.00000000
2.16474326 -0.00140000
2.17349098 -0.00560000
2.18223872 -0.01250000
2.19098645 -0.02220000
2.19973419 -0.03460000
2.20848191 -0.04960000
2.21722965 -0.06720000
2.22597737 -0.08720000
2.23472511 -0.10980000
2.24347283 -0.13460000
2.25222057 -0.16170000
2.26096830 -0.19100000
2.26971604 -0.22230000
2.27846376 -0.25550000
2.28721150 -0.29060000
2.29595922 -0.32730000
2.30470696 -0.36570000
2.31345468 -0.40560000
2.32220242 -0.44690000
2.33095015 -0.48950000
2.33969789 -0.53320000
2.34844561 -0.57800000
2.35719335 -0.62380000
2.36594107 -0.67060000
2.37468881 -0.71800000
2.38343653 -0.76610000
2.39218427 -0.81480000
2.40093200 -0.86400000
2.40967974 -0.91370000
2.41842746 -0.96370000
2.42717520 -1.01390000
2.43592292 -1.06440000
2.44467066 -1.11500000
2.45341838 -1.16570000
2.46216612 -1.21640000
2.47091385 -1.26700000
2.47966159 -1.31750000
2.48840931 -1.36800000
2.49715705 -1.41810000
2.50590477 -1.46800000
2.51465251 -1.51760000
2.52340023 -1.56690000
2.53214797 -1.61570000
2.54089570 -1.66420000
2.54964344 -1.71220000
2.55839116 -1.75970000
2.56713890 -1.80660000
2.57588662 -1.85300000
2.58463436 -1.89890000
2.59338208 -1.94410000
2.60212982 -1.98860000
2.61087755 -2.03260000
2.61962529 -2.07580000
2.62837301 -2.11830000
2.63712075 -2.16010000
2.64586847 -2.20110000
2.65461621 -2.24140000
2.66336393 -2.28090000
2.67211167 -2.31960000
2.68085940 -2.35750000
2.68960714 -2.39460000
2.69835486 -2.43080000
2.70710260 -2.46610000
2.71585032 -2.50060000
2.72459806 -2.53430000
2.73334578 -2.56700000
2.74209352 -2.59890000
2.75084125 -2.62980000
2.75958899 -2.65980000
2.76833671 -2.68890000
2.77708445 -2.71710000
2.78583217 -2.74440000
2.79457991 -2.77070000
2.80332763 -2.79600000
2.81207537 -2.82040000
2.82082310 -2.84380000
2.82957084 -2.86630000
2.83831856 -2.88780000
2.84706630 -2.90830000
2.85581402 -2.92790000
2.86456176 -2.94640000
2.87330948 -2.96400000
2.88205722 -2.98060000
2.89080495 -2.99620000
2.89955269 -3.01080000
2.90830041 -3.02440000
2.91704815 -3.03700000
2.92579587 -3.04860000
2.93454361 -3.05920000
2.94329133 -3.06880000
2.95203907 -3.07740000
2.96078680 -3.08500000
2.96953454 -3.09160000
2.97828226 -3.09710000
2.98703000 -3.10170000
2.99577772 -3.10520000
3.00452546 -3.10780000
3.01327318 -3.10930000
3.02202092 -3.10980000
3.02202092 -3.10980000
3.02511372 -3.11050000
3.02820651 -3.11250000
3.03129930 -3.11590000
3.03439209 -3.12050000
3.03748487 -3.12660000
3.04057767 -3.13390000
3.04367045 -3.14260000
3.04676324 -3.15250000
3.04985604 -3.16370000
3.05294883 -3.17620000
3.05604162 -3.18990000
3.05913441 -3.20490000
3.06222719 -3.22100000
3.06531999 -3.23830000
3.06841277 -3.25680000
3.07150557 -3.27640000
3.07459836 -3.29710000
3.07769115 -3.31880000
3.08078394 -3.34160000
3.08387673 -3.36540000
3.08696951 -3.39020000
3.09006231 -3.41590000
3.09315509 -3.44250000
3.09624789 -3.47000000
3.09934068 -3.49830000
3.10243347 -3.52750000
3.10552626 -3.55740000
3.10861905 -3.58800000
3.11171183 -3.61940000
3.11480463 -3.65140000
3.11789741 -3.68400000
3.12099021 -3.71730000
3.12408300 -3.75110000
3.12717579 -3.78540000
3.13026858 -3.82030000
3.13336137 -3.85560000
3.13645415 -3.89130000
3.13954695 -3.92750000
3.14263974 -3.96400000
3.14573253 -4.00080000
3.14882532 -4.03790000
3.15191811 -4.07540000
3.15501090 -4.11300000
3.15810369 -4.15090000
3.16119647 -4.18890000
3.16428927 -4.22710000
3.16738206 -4.26550000
3.17047485 -4.30390000
3.17356764 -4.34240000
3.17666043 -4.38100000
3.17975322 -4.41960000
3.18284601 -4.45820000
3.18593879 -4.49680000
3.18903159 -4.53530000
3.19212438 -4.57370000
3.19521717 -4.61210000
3.19830996 -4.65030000
3.20140275 -4.68850000
3.20449554 -4.72640000
3.20758833 -4.76420000
3.21068111 -4.80180000
3.21377391 -4.83920000
3.21686670 -4.87630000
3.21995949 -4.91320000
3.22305228 -4.94990000
3.22614507 -4.98620000
3.22923786 -5.02230000
3.23233065 -5.05800000
3.23542343 -5.09340000
3.23851623 -5.12850000
3.24160902 -5.16320000
3.24470181 -5.19760000
3.24779460 -5.23150000
3.25088739 -5.26510000
3.25398018 -5.29820000
3.25707297 -5.33090000
3.26016576 -5.36320000
3.26325855 -5.39510000
3.26635134 -5.42650000
3.26944413 -5.45740000
3.27253692 -5.48790000
3.27562971 -5.51780000
3.27872250 -5.54730000
3.28181529 -5.57620000
3.28490808 -5.60470000
3.28800087 -5.63260000
3.29109366 -5.66000000
3.29418645 -5.68680000
3.29727924 -5.71310000
3.30037203 -5.73880000
3.30346482 -5.76400000
3.30655761 -5.78860000
3.30965040 -5.81260000
3.31274320 -5.83600000
3.31583598 -5.85890000
3.31892877 -5.88110000
3.32202156 -5.90270000
3.32511435 -5.92380000
3.32820714 -5.94420000
3.32820714 -5.94420000
3.32999277 -5.94480000
3.33177839 -5.94680000
3.33356401 -5.95010000
3.33534964 -5.95480000
3.33713526 -5.96070000
3.33892088 -5.96800000
3.34070650 -5.97650000
3.34249213 -5.98640000
3.34427776 -5.99750000
3.34606337 -6.00990000
3.34784900 -6.02350000
3.34963463 -6.03840000
3.35142024 -6.05450000
3.35320587 -6.07180000
3.35499148 -6.09040000
3.35677711 -6.11010000
3.35856274 -6.13090000
3.36034836 -6.15290000
3.36213398 -6.17600000
3.36391961 -6.20020000
3.36570523 -6.22540000
3.36749086 -6.25170000
3.36927647 -6.27900000
3.37106210 -6.30730000
3.37284773 -6.33660000
3.37463334 -6.36680000
3.37641897 -6.39800000
3.37820460 -6.43000000
3.37999021 -6.46290000
3.38177584 -6.49670000
3.38356146 -6.53120000
3.38534708 -6.56650000
3.38713271 -6.60260000
3.38891833 -6.63940000
3.39070395 -6.67690000
3.39248958 -6.71510000
3.39427520 -6.75390000
3.39606083 -6.79330000
3.39784644 -6.83330000
3.39963207 -6.87380000
3.40141770 -6.91490000
3.40320331 -6.95640000
3.40498894 -6.99840000
3.40677457 -7.04090000
3.40856018 -7.08370000
3.41034581 -7.12700000
3.41213143 -7.17060000
3.41391705 -7.21450000
3.41570268 -7.25860000
3.41748830 -7.30310000
3.41927393 -7.34780000
3.42105955 -7.39260000
3.42284517 -7.43770000
3.42463080 -7.48290000
3.42641641 -7.52810000
3.42820204 -7.57350000
3.42998767 -7.61890000
3.43177328 -7.66440000
3.43355891 -7.70990000
3.43534454 -7.75530000
3.43713015 -7.80060000
3.43891578 -7.84590000
3.44070140 -7.89100000
3.44248702 -7.93600000
3.44427265 -7.98080000
3.44605827 -8.02540000
3.44784390 -8.06970000
3.44962952 -8.11380000
3.45141514 -8.15760000
3.45320077 -8.20100000
3.45498638 -8.24410000
3.45677201 -8.28680000
3.45855764 -8.32900000
3.46034325 -8.37080000
3.46212888 -8.41210000
3.46391451 -8.45290000
3.46570012 -8.49320000
3.46748575 -8.53290000
3.46927137 -8.57200000
3.47105700 -8.61040000
3.47284262 -8.64820000
3.47462824 -8.68530000
3.47641387 -8.72160000
3.47819950 -8.75730000
3.47998511 -8.79210000
3.48177074 -8.82620000
3.48355635 -8.85940000
3.48534198 -8.89180000
3.48712761 -8.92330000
3.48891322 -8.95390000
3.49069885 -8.98360000
3.49248448 -9.01230000
3.49427010 -9.04010000
3.49605572 -9.06690000
3.49784134 -9.09270000
3.49962697 -9.11760000
3.50141259 -9.14130000
3.50319821 -9.16410000
3.50498384 -9.18580000
3.50498384 -9.18580000
3.50855508 -9.12460000
3.51212634 -9.06110000
3.51569758 -8.99530000
3.51926882 -8.92760000
3.52284007 -8.85800000
3.52641132 -8.78670000
3.52998257 -8.71380000
3.53355381 -8.63940000
3.53712505 -8.56380000
3.54069631 -8.48680000
3.54426755 -8.40880000
3.54783879 -8.32970000
3.55141004 -8.24960000
3.55498129 -8.16870000
3.55855254 -8.08690000
3.56212378 -8.00440000
3.56569502 -7.92120000
3.56926628 -7.83740000
3.57283752 -7.75310000
3.57640876 -7.66830000
3.57998001 -7.58310000
3.58355126 -7.49750000
3.58712251 -7.41150000
3.59069375 -7.32530000
3.59426499 -7.23890000
3.59783625 -7.15230000
3.60140749 -7.06560000
3.60497873 -6.97880000
3.60854998 -6.89200000
3.61212123 -6.80530000
3.61569248 -6.71860000
3.61926372 -6.63200000
3.62283496 -6.54560000
3.62640622 -6.45940000
3.62997746 -6.37340000
3.63354871 -6.28770000
3.63711995 -6.20240000
3.64069121 -6.11750000
3.64426245 -6.03300000
3.64783369 -5.94900000
3.65140493 -5.86550000
3.65497619 -5.78260000
3.65854743 -5.70020000
3.66211868 -5.61850000
3.66568992 -5.53760000
3.66926118 -5.45730000
3.67283242 -5.37780000
3.67640366 -5.29920000
3.67997490 -5.22140000
3.68354616 -5.14450000
3.68711740 -5.06860000
3.69068865 -4.99370000
3.69425989 -4.91970000
3.69783115 -4.84690000
3.70140239 -4.77510000
3.70497363 -4.70450000
3.70854488 -4.63510000
3.71211613 -4.56680000
3.71568737 -4.49990000
3.71925862 -4.43420000
3.72282986 -4.36980000
3.72640112 -4.30680000
3.72997236 -4.24510000
3.73354360 -4.18490000
3.73711485 -4.12610000
3.74068610 -4.06870000
3.74425735 -4.01290000
3.74782859 -3.95850000
3.75139983 -3.90580000
3.75497109 -3.85450000
3.75854233 -3.80490000
3.76211357 -3.75680000
3.76568482 -3.71040000
3.76925607 -3.66570000
3.77282732 -3.62250000
3.77639856 -3.58110000
3.77996980 -3.54130000
3.78354106 -3.50330000
3.78711230 -3.46690000
3.79068354 -3.43230000
3.79425479 -3.39940000
3.79782604 -3.36830000
3.80139729 -3.33890000
3.80496853 -3.31120000
3.80853977 -3.28530000
3.81211103 -3.26120000
3.81568227 -3.23880000
3.81925351 -3.21820000
3.82282476 -3.19940000
3.82639601 -3.18240000
3.82996726 -3.16720000
3.83353850 -3.15370000
3.83710974 -3.14210000
3.84068100 -3.13220000
3.84425224 -3.12420000
3.84782349 -3.11790000
3.85139473 -3.11340000
3.85496599 -3.11070000
3.85853723 -3.10980000
3.85853723 -3.10980000
3.86163002 -3.11050000
3.86472281 -3.11250000
3.86781560 -3.11590000
3.87090839 -3.12050000
3.87400118 -3.12660000
3.87709397 -3.13390000
3.88018676 -3.14260000
3.88327955 -3.15250000
3.88637234 -3.16370000
3.88946513 -3.17620000
3.89255792 -3.18990000
3.89565071 -3.20490000
3.89874350 -3.22100000
3.90183629 -3.23830000
3.90492908 -3.25680000
3.90802187 -3.27640000
3.91111466 -3.29710000
3.91420745 -3.31880000
3.91730024 -3.34160000
3.92039303 -3.36540000
3.92348582 -3.39020000
3.92657862 -3.41590000
3.92967140 -3.44250000
3.93276419 -3.47000000
3.93585698 -3.49830000
3.93894977 -3.52750000
3.94204256 -3.55740000
3.94513535 -3.58800000
3.94822814 -3.61940000
3.95132094 -3.65140000
3.95441372 -3.68400000
3.95750651 -3.71730000
3.96059930 -3.75110000
3.96369209 -3.78540000
3.96678488 -3.82030000
3.96987767 -3.85560000
3.97297046 -3.89130000
3.97606326 -3.92750000
3.97915604 -3.96400000
3.98224883 -4.00080000
3.98534162 -4.03790000
3.98843441 -4.07540000
3.99152720 -4.11300000
3.99461999 -4.15090000
3.99771278 -4.18890000
4.00080558 -4.22710000
4.00389836 -4.26550000
4.00699115 -4.30390000
4.01008394 -4.34240000
4.01317673 -4.38100000
4.01626952 -4.41960000
4.01936231 -4.45820000
4.02245510 -4.49680000
4.02554790 -4.53530000
4.02864068 -4.57370000
4.03173347 -4.61210000
4.03482626 -4.65030000
4.03791905 -4.68850000
4.04101184 -4.72640000
4.04410464 -4.76420000
4.04719742 -4.80180000
4.05029022 -4.83920000
4.05338300 -4.87630000
4.05647579 -4.91320000
4.05956858 -4.94990000
4.06266137 -4.98620000
4.06575416 -5.02230000
4.06884696 -5.05800000
4.07193974 -5.09340000
4.07503254 -5.12850000
4.07812532 -5.16320000
4.08121811 -5.19760000
4.08431090 -5.23150000
4.08740369 -5.26510000
4.09049648 -5.29820000
4.09358928 -5.33090000
4.09668206 -5.36320000
4.09977486 -5.39510000
4.10286764 -5.42650000
4.10596043 -5.45740000
4.10905322 -5.48790000
4.11214601 -5.51780000
4.11523881 -5.54730000
4.11833160 -5.57620000
4.12142438 -5.60470000
4.12451718 -5.63260000
4.12760996 -5.66000000
4.13070275 -5.68680000
4.13379554 -5.71310000
4.13688833 -5.73880000
4.13998113 -5.76400000
4.14307392 -5.78860000
4.14616670 -5.81260000
4.14925950 -5.83600000
4.15235228 -5.85890000
4.15544507 -5.88110000
4.15853786 -5.90270000
4.16163065 -5.92380000
4.16472345 -5.94420000

0.00000000 7.03940000
0.00714250 7.03860000
0.01428499 7.03590000
0.02142749 7.03150000
0.02856997 7.02530000
0.03571247 7.01740000
0.04285496 7.00770000
0.04999746 6.99640000
0.05713994 6.98340000
0.06428244 6.96880000
0.07142493 6.95260000
0.07856743 6.93490000
0.08570991 6.91540000
0.09285241 6.89470000
0.09999490 6.87270000
0.10713740 6.84930000
0.11427988 6.82510000
0.12142238 6.79920000
0.12856487 6.77220000
0.13570737 6.74410000
0.14284985 6.71470000
0.14999235 6.68470000
0.15713484 6.65380000
0.16427734 6.62210000
0.17141982 6.58960000
0.17856232 6.55650000
0.18570481 6.52280000
0.19284731 6.48860000
0.19998979 6.45400000
0.20713229 6.41890000
0.21427478 6.38350000
0.22141728 6.34790000
0.22855977 6.31210000
0.23570227 6.27610000
0.24284475 6.24010000
0.24998725 6.20410000
0.25712974 6.16820000
0.26427224 6.13240000
0.27141472 6.09680000
0.27855722 6.06140000
0.28569971 6.02630000
0.29284221 5.99160000
0.29998469 5.95730000
0.30712719 5.92340000
0.31426968 5.89010000
0.32141218 5.85730000
0.32855466 5.82510000
0.33569716 5.79360000
0.34283965 5.76280000
0.34998215 5.73270000
0.35712463 5.70340000
0.36426713 5.67500000
0.37140962 5.64740000
0.37855212 5.62070000
0.38569460 5.59510000
0.39283710 5.57040000
0.39997959 5.54670000
0.40712209 5.52420000
0.41426457 5.50270000
0.42140707 5.48240000
0.42854956 5.46320000
0.43569206 5.44530000
0.44283455 5.42870000
0.44997705 5.41330000
0.45711953 5.39930000
0.46426203 5.38660000
0.47140452 5.37530000
0.47854702 5.36530000
0.48568950 5.35680000
0.49283200 5.34970000
0.49997449 5.34420000
0.50711699 5.34020000
0.51425947 5.33780000
0.52140197 5.33700000
0.52854446 5.33780000
0.53568696 5.34020000
0.54282944 5.34430000
0.54997194 5.35010000
0.55711443 5.35760000
0.56425693 5.36690000
0.57139941 5.37800000
0.57854191 5.39090000
0.58568440 5.40560000
0.59282690 5.42220000
0.59996938 5.44070000
0.60711188 5.46110000
0.61425437 5.48340000
0.62139687 5.50780000
0.62853935 5.53410000
0.63568185 5.56250000
0.64282434 5.59300000
0.64996684 5.62550000
0.65710933 5.66020000
0.66425183 5.69700000
0.67139431 5.73600000
0.67853681 5.77720000
0.68567930 5.82070000
0.69282180 5.86640000
0.69996428 5.91440000
0.70710678 5.96470000
0.70710678 5.96470000
0.71067802 5.96580000
0.71424928 5.96890000
0.71782052 5.97420000
0.72139177 5.98170000
0.72496301 5.99120000
0.72853427 6.00290000
0.73210551 6.01670000
0.73567675 6.03250000
0.73924799 6.05050000
0.74281925 6.07050000
0.74639049 6.09250000
0.74996174 6.11660000
0.75353298 6.14270000
0.75710424 6.17080000
0.76067548 6.20090000
0.76424672 6.23290000
0.76781797 6.26690000
0.77138922 6.30290000
0.77496047 6.34070000
0.77853171 6.38030000
0.78210295 6.42200000
0.78567421 6.46530000
0.78924545 6.51040000
0.79281669 6.55730000
0.79638794 6.60600000
0.79995919 6.65630000
0.80353044 6.70840000
0.80710168 6.76210000
0.81067292 6.81740000
0.81424418 6.87430000
0.81781542 6.93280000
0.82138666 6.99280000
0.82495791 7.05430000
0.82852916 7.11730000
0.83210041 7.18170000
0.83567165 7.24750000
0.83924289 7.31480000
0.84281415 7.38330000
0.84638539 7.45320000
0.84995663 7.52440000
0.85352788 7.59690000
0.85709913 7.67060000
0.86067038 7.74540000
0.86424162 7.82150000
0.86781286 7.89870000
0.87138412 7.97690000
0.87495536 8.05630000
0.87852661 8.13670000
0.88209785 8.21810000
0.88566910 8.30050000
0.88924035 8.38380000
0.89281159 8.46810000
0.89638283 8.55320000
0.89995409 8.63920000
0.90352533 8.72600000
0.90709658 8.81360000
0.91066782 8.90190000
0.91423908 8.99100000
0.91781032 9.08080000
0.92138156 9.17120000
0.92495280 9.26230000
0.92852406 9.35390000
0.93209530 9.44600000
0.93566655 9.53870000
0.93923779 9.63180000
0.94280905 9.72540000
0.94638029 9.81930000
0.94995153 9.91350000
0.95352277 10.00810000
0.95709403 10.10280000
0.96066527 10.19770000
0.96423652 10.29280000
0.96780776 10.38780000
0.97137902 10.48340000
0.97495026 10.57830000
0.97852150 10.67300000
0.98209275 10.76750000
0.98566400 10.86170000
0.98923525 10.95530000
0.99280649 11.04810000
0.99637773 11.14020000
0.99994899 11.23130000
1.00352023 11.32120000
1.00709147 11.40970000
1.01066272 11.49660000
1.01423397 11.58150000
1.01780522 11.66410000
1.02137646 11.74390000
1.02494770 11.82060000
1.02851896 11.89350000
1.03209020 11.96200000
1.03566144 12.02540000
1.03923269 12.08290000
1.04280394 12.13370000
1.04637519 12.17700000
1.04994643 12.21170000
1.05351767 12.23720000
1.05708893 12.25270000
1.06066017 12.25800000
1.06066017 12.25800000
1.06244580 12.23660000
1.06423141 12.20980000
1.06601704 12.17780000
1.06780267 12.14080000
1.06958829 12.09920000
1.07137391 12.05320000
1.07315953 12.00330000
1.07494516 11.94980000
1.07673079 11.89300000
1.07851640 11.83330000
1.08030203 11.77090000
1.08208766 11.70620000
1.08387327 11.63950000
1.08565890 11.57090000
1.08744451 11.50070000
1.08923014 11.42910000
1.09101577 11.35630000
1.09280139 11.28240000
1.09458701 11.20760000
1.09637264 11.13200000
1.09815826 11.05580000
1.09994388 10.97910000
1.10172950 10.90180000
1.10351513 10.82420000
1.10530076 10.74640000
1.10708637 10.66830000
1.10887200 10.59010000
1.11065763 10.51180000
1.11244324 10.43350000
1.11422887 10.35520000
1.11601448 10.27700000
1.11780011 10.19900000
1.11958574 10.12070000
1.12137136 10.04310000
1.12315698 9.96580000
1.12494261 9.88870000
1.12672823 9.81210000
1.12851386 9.73580000
1.13029947 9.65990000
1.13208510 9.58450000
1.13387073 9.50960000
1.13565634 9.43520000
1.13744197 9.36130000
1.13922760 9.28780000
1.14101321 9.21520000
1.14279884 9.14310000
1.14458446 9.07180000
1.14637008 9.00110000
1.14815571 8.93120000
1.14994133 8.86200000
1.15172696 8.79370000
1.15351258 8.72610000
1.15529820 8.65940000
1.15708383 8.59350000
1.15886944 8.52860000
1.16065507 8.46450000
1.16244070 8.40140000
1.16422631 8.33930000
1.16601194 8.27830000
1.16779757 8.21820000
1.16958318 8.15920000
1.17136881 8.10130000
1.17315443 8.04450000
1.17494005 7.98890000
1.17672568 7.93440000
1.17851130 7.88120000
1.18029693 7.82920000
1.18208255 7.77840000
1.18386817 7.72890000
1.18565380 7.68070000
1.18743941 7.63390000
1.18922504 7.58840000
1.19101067 7.54430000
1.19279628 7.50160000
1.19458191 7.46040000
1.19636754 7.42060000
1.19815315 7.38230000
1.19993878 7.34560000
1.20172440 7.31030000
1.20351003 7.27670000
1.20529565 7.24460000
1.20708127 7.21400000
1.20886690 7.18520000
1.21065252 7.15790000
1.21243814 7.13240000
1.21422377 7.10850000
1.21600938 7.08630000
1.21779501 7.06590000
1.21958064 7.04710000
1.22136625 7.03020000
1.22315188 7.01490000
1.22493751 7.00150000
1.22672312 6.98980000
1.22850875 6.97980000
1.23029437 6.97170000
1.23208000 6.96540000
1.23386562 6.96090000
1.23565124 6.95820000
1.23743687 6.95720000
1.23743687 6.95720000
1.24671524 7.01680000
1.25599361 7.07780000
1.26527198 7.14040000
1.27455035 7.20440000
1.28382872 7.27000000
1.29310709 7.33700000
1.30238546 7.40530000
1.31166383 7.47510000
1.32094220 7.54610000
1.33022057 7.61840000
1.33949894 7.69200000
1.34877731 7.76670000
1.35805568 7.84250000
1.36733405 7.91940000
1.37661242 7.99730000
1.38589079 8.07610000
1.39516916 8.15570000
1.40444754 8.23630000
1.41372590 8.31740000
1.42300427 8.39910000
1.43228264 8.48130000
1.44156101 8.56390000
1.45083938 8.64690000
1.46011775 8.72990000
1.46939612 8.81310000
1.47867450 8.89610000
1.48795286 8.97890000
1.49723124 9.06130000
1.50650960 9.14320000
1.51578797 9.22430000
1.52506634 9.30450000
1.53434471 9.38360000
1.54362308 9.46130000
1.55290146 9.53760000
1.56217983 9.61200000
1.57145820 9.68450000
1.58073657 9.75470000
1.59001493 9.82240000
1.59929331 9.88740000
1.60857167 9.94910000
1.61785005 10.00780000
1.62712842 10.06280000
1.63640679 10.11410000
1.64568516 10.16120000
1.65496353 10.20410000
1.66424190 10.24240000
1.67352027 10.17780000
1.68279863 10.06350000
1.69207701 9.95110000
1.70135538 9.84050000
1.71063375 9.73180000
1.71991212 9.62490000
1.72919049 9.52000000
1.73846886 9.41750000
1.74774723 9.31640000
1.75702560 9.21730000
1.76630397 9.12020000
1.77558234 9.02500000
1.78486071 8.93190000
1.79413908 8.84090000
1.80341745 8.75190000
1.81269582 8.66500000
1.82197419 8.58020000
1.83125256 8.49760000
1.84053093 8.41700000
1.84980930 8.33870000
1.85908768 8.26250000
1.86836605 8.18850000
1.87764441 8.11670000
1.88692279 8.04710000
1.89620115 7.97940000
1.90547953 7.91430000
1.91475789 7.85140000
1.92403626 7.79080000
1.93331464 7.73250000
1.94259301 7.67650000
1.95187138 7.62270000
1.96114975 7.57130000
1.97042811 7.52230000
1.97970649 7.47520000
1.98898485 7.43080000
1.99826323 7.38870000
2.00754160 7.34900000
2.01681997 7.31170000
2.02609834 7.27670000
2.03537671 7.24410000
2.04465507 7.21390000
2.05393345 7.18610000
2.06321181 7.16070000
2.07249019 7.13770000
2.08176856 7.11710000
2.09104693 7.09890000
2.10032530 7.08320000
2.10960367 7.06980000
2.11888204 7.05890000
2.12816041 7.05040000
2.13743877 7.04430000
2.14671715 7.04070000
2.15599552 7.03940000
2.15599552 7.03940000
2.16474326 7.04130000
2.17349098 7.04680000
2.18223872 7.05600000
2.19098645 7.06880000
2.19973419 7.08510000
2.20848191 7.10490000
2.21722965 7.12820000
2.22597737 7.15480000
2.23472511 7.18460000
2.24347283 7.21750000
2.25222057 7.25340000
2.26096830 7.29220000
2.26971604 7.33380000
2.27846376 7.37790000
2.28721150 7.42450000
2.29595922 7.47340000
2.30470696 7.52450000
2.31345468 7.57750000
2.32220242 7.63240000
2.33095015 7.68900000
2.33969789 7.74710000
2.34844561 7.80660000
2.35719335 7.86740000
2.36594107 7.92900000
2.37468881 7.99160000
2.38343653 8.05510000
2.39218427 8.11910000
2.40093200 8.18360000
2.40967974 8.24840000
2.41842746 8.31340000
2.42717520 8.37840000
2.43592292 8.44330000
2.44467066 8.50800000
2.45341838 8.57230000
2.46216612 8.63610000
2.47091385 8.69940000
2.47966159 8.76190000
2.48840931 8.82350000
2.49715705 8.88420000
2.50590477 8.94390000
2.51465251 9.00250000
2.52340023 9.05980000
2.53214797 9.11640000
2.54089570 9.17110000
2.54964344 9.22430000
2.55839116 9.27590000
2.56713890 9.32610000
2.57588662 9.37450000
2.58463436 9.42130000
2.59338208 9.46650000
2.60212982 9.50980000
2.61087755 9.55140000
2.61962529 9.59130000
2.62837301 9.62930000
2.63712075 9.66560000
2.64586847 9.70010000
2.65461621 9.73280000
2.66336393 9.76380000
2.67211167 9.79300000
2.68085940 9.82060000
2.68960714 9.84640000
2.69835486 9.87070000
2.70710260 9.89330000
2.71585032 9.91440000
2.72459806 9.93400000
2.73334578 9.95220000
2.74209352 9.96900000
2.75084125 9.98440000
2.75958899 9.99860000
2.76833671 10.01160000
2.77708445 10.02340000
2.78583217 10.03430000
2.79457991 10.04400000
2.80332763 10.05280000
2.81207537 10.06060000
2.82082310 10.06760000
2.82957084 10.07380000
2.83831856 10.07930000
2.84706630 10.08410000
2.85581402 10.08840000
2.86456176 10.09200000
2.87330948 10.09520000
2.88205722 10.09790000
2.89080495 10.10020000
2.89955269 10.10210000
2.90830041 10.10370000
2.91704815 10.10510000
2.92579587 10.10610000
2.93454361 10.10700000
2.94329133 10.10770000
2.95203907 10.10820000
2.96078680 10.10860000
2.96953454 10.10900000
2.97828226 10.10920000
2.98703000 10.10930000
2.99577772 10.10950000
3.00452546 10.10950000
3.01327318 10.10960000
3.02202092 10.10960000
3.02202092 10.10960000
3.02511372 10.10910000
3.02820651 10.10760000
3.03129930 10.10500000
3.03439209 10.10120000
3.03748487 10.09610000
3.04057767 10.08960000
3.04367045 10.08150000
3.04676324 10.07170000
3.04985604 10.06020000
3.05294883 10.04680000
3.05604162 10.03160000
3.05913441 10.01450000
3.06222719 9.99560000
3.06531999 9.97490000
3.06841277 9.95250000
3.07150557 9.92840000
3.07459836 9.90280000
3.07769115 9.87550000
3.08078394 9.84680000
3.08387673 9.81680000
3.08696951 9.78540000
3.09006231 9.75290000
3.09315509 9.71900000
3.09624789 9.68420000
3.09934068 9.64830000
3.10243347 9.61150000
3.10552626 9.57390000
3.10861905 9.53540000
3.11171183 9.49610000
3.11480463 9.45620000
3.11789741 9.41560000
3.12099021 9.37440000
3.12408300 9.33270000
3.12717579 9.29060000
3.13026858 9.24800000
3.13336137 9.20500000
3.13645415 9.16160000
3.13954695 9.11810000
3.14263974 9.07430000
3.14573253 9.03030000
3.14882532 8.98610000
3.15191811 8.94170000
3.15501090 8.89750000
3.15810369 8.85310000
3.16119647 8.80870000
3.16428927 8.76440000
3.16738206 8.72010000
3.17047485 8.67590000
3.17356764 8.63180000
3.17666043 8.58790000
3.17975322 8.54410000
3.18284601 8.50060000
3.18593879 8.45720000
3.18903159 8.41420000
3.19212438 8.37130000
3.19521717 8.32880000
3.19830996 8.28660000
3.20140275 8.24470000
3.20449554 8.20320000
3.20758833 8.16200000
3.21068111 8.12120000
3.21377391 8.08080000
3.21686670 8.04080000
3.21995949 8.00130000
3.22305228 7.96220000
3.22614507 7.92360000
3.22923786 7.88540000
3.23233065 7.84770000
3.23542343 7.81060000
3.23851623 7.77390000
3.24160902 7.73780000
3.24470181 7.70210000
3.24779460 7.66700000
3.25088739 7.63240000
3.25398018 7.59840000
3.25707297 7.56490000
3.26016576 7.53200000
3.26325855 7.49960000
3.26635134 7.46780000
3.26944413 7.43660000
3.27253692 7.40600000
3.27562971 7.37600000
3.27872250 7.34650000
3.28181529 7.31770000
3.28490808 7.28950000
3.28800087 7.26180000
3.29109366 7.23480000
3.29418645 7.20830000
3.29727924 7.18250000
3.30037203 7.15730000
3.30346482 7.13270000
3.30655761 7.10860000
3.30965040 7.08520000
3.31274320 7.06240000
3.31583598 7.04020000
3.31892877 7.01860000
3.32202156 6.99760000
3.32511435 6.97710000
3.32820714 6.95720000
3.32820714 6.95720000
3.32999277 6.95820000
3.33177839 6.96090000
3.33356401 6.96540000
3.33534964 6.97170000
3.33713526 6.97980000
3.33892088 6.98980000
3.34070650 7.00150000
3.34249213 7.01490000
3.34427776 7.03020000
3.34606337 7.04710000
3.34784900 7.06590000
3.34963463 7.08630000
3.35142024 7.10850000
3.35320587 7.13240000
3.35499148 7.15790000
3.35677711 7.18520000
3.35856274 7.21400000
3.36034836 7.24460000
3.36213398 7.27670000
3.36391961 7.31030000
3.36570523 7.34560000
3.36749086 7.38230000
3.36927647 7.42060000
3.37106210 7.46040000
3.37284773 7.50160000
3.37463334 7.54430000
3.37641897 7.58840000
3.37820460 7.63390000
3.37999021 7.68070000
3.38177584 7.72890000
3.38356146 7.77840000
3.38534708 7.82920000
3.38713271 7.88120000
3.38891833 7.93440000
3.39070395 7.98890000
3.39248958 8.04450000
3.39427520 8.10130000
3.39606083 8.15920000
3.39784644 8.21820000
3.39963207 8.27830000
3.40141770 8.33930000
3.40320331 8.40140000
3.40498894 8.46450000
3.40677457 8.52860000
3.40856018 8.59350000
3.41034581 8.65940000
3.41213143 8.72610000
3.41391705 8.79370000
3.41570268 8.86200000
3.41748830 8.93120000
3.41927393 9.00110000
3.42105955 9.07180000
3.42284517 9.14310000
3.42463080 9.21520000
3.42641641 9.28780000
3.42820204 9.36130000
3.42998767 9.43520000
3.43177328 9.50960000
3.43355891 9.58450000
3.43534454 9.65990000
3.43713015 9.73580000
3.43891578 9.81210000
3.44070140 9.88870000
3.44248702 9.96580000
3.44427265 10.04310000
3.44605827 10.12070000
3.44784390 10.19900000
3.44962952 10.27700000
3.45141514 10.35520000
3.45320077 10.43350000
3.45498638 10.51180000
3.45677201 10.59010000
3.45855764 10.66830000
3.46034325 10.74640000
3.46212888 10.82420000
3.46391451 10.90180000
3.46570012 10.97910000
3.46748575 11.05580000
3.46927137 11.13200000
3.47105700 11.20760000
3.47284262 11.28240000
3.47462824 11.35630000
3.47641387 11.42910000
3.47819950 11.50070000
3.47998511 11.57090000
3.48177074 11.63950000
3.48355635 11.70620000
3.48534198 11.77090000
3.48712761 11.83330000
3.48891322 11.89300000
3.49069885 11.94980000
3.49248448 12.00330000
3.49427010 12.05320000
3.49605572 12.09920000
3.49784134 12.14080000
3.49962697 12.17780000
3.50141259 12.20980000
3.50319821 12.23660000
3.50498384 12.25800000
3.50498384 12.25800000
3.50855508 12.20360000
3.51212634 12.14650000
3.51569758 12.08700000
3.51926882 12.02560000
3.52284007 11.96260000
3.52641132 11.89840000
3.52998257 11.83330000
3.53355381 11.76750000
3.53712505 11.70130000
3.54069631 11.63500000
3.54426755 11.56850000
3.54783879 11.50230000
3.55141004 11.43630000
3.55498129 11.37070000
3.55855254 11.30570000
3.56212378 11.24130000
3.56569502 11.17760000
3.56926628 11.11470000
3.57283752 11.05270000
3.57640876 10.99160000
3.57998001 10.93160000
3.58355126 10.87260000
3.58712251 10.81470000
3.59069375 10.75800000
3.59426499 10.70260000
3.59783625 10.64830000
3.60140749 10.59540000
3.60497873 10.54380000
3.60854998 10.49320000
3.61212123 10.44440000
3.61569248 10.39700000
3.61926372 10.35100000
3.62283496 10.30650000
3.62640622 10.26360000
3.62997746 10.22210000
3.63354871 10.18230000
3.63711995 10.14390000
3.64069121 10.10720000
3.64426245 10.07190000
3.64783369 10.03840000
3.65140493 10.00650000
3.65497619 9.97620000
3.65854743 9.94760000
3.66211868 9.92060000
3.66568992 9.89530000
3.66926118 9.87170000
3.67283242 9.84970000
3.67640366 9.82940000
3.67997490 9.81080000
3.68354616 9.79370000
3.68711740 9.77840000
3.69068865 9.76470000
3.69425989 9.75270000
3.69783115 9.74230000
3.70140239 9.73350000
3.70497363 9.72630000
3.70854488 9.72060000
3.71211613 9.71650000
3.71568737 9.71390000
3.71925862 9.71280000
3.72282986 9.71310000
3.72640112 9.71470000
3.72997236 9.71810000
3.73354360 9.72250000
3.73711485 9.72810000
3.74068610 9.73490000
3.74425735 9.74290000
3.74782859 9.75200000
3.75139983 9.76200000
3.75497109 9.77300000
3.75854233 9.78490000
3.76211357 9.79760000
3.76568482 9.81090000
3.76925607 9.82500000
3.77282732 9.83950000
3.77639856 9.85460000
3.77996980 9.87000000
3.78354106 9.88570000
3.78711230 9.90150000
3.79068354 9.91740000
3.79425479 9.93330000
3.79782604 9.94900000
3.80139729 9.96450000
3.80496853 9.97980000
3.80853977 9.99450000
3.81211103 10.00880000
3.81568227 10.02240000
3.81925351 10.03540000
3.82282476 10.04750000
3.82639601 10.05870000
3.82996726 10.06900000
3.83353850 10.07820000
3.83710974 10.08640000
3.84068100 10.09330000
3.84425224 10.09910000
3.84782349 10.10370000
3.85139473 10.10700000
3.85496599 10.10890000
3.85853723 10.10960000
3.85853723 10.10960000
3.86163002 10.10910000
3.86472281 10.10760000
3.86781560 10.10500000
3.87090839 10.10120000
3.87400118 10.09610000
3.87709397 10.08960000
3.88018676 10.08150000
3.88327955 10.07170000
3.88637234 10.06020000
3.88946513 10.04680000
3.89255792 10.03160000
3.89565071 10.01450000
3.89874350 9.99560000
3.90183629 9.97490000
3.90492908 9.95250000
3.90802187 9.92840000
3.91111466 9.90280000
3.91420745 9.87550000
3.91730024 9.84680000
3.92039303 9.81680000
3.92348582 9.78540000
3.92657862 9.75290000
3.92967140 9.71900000
3.93276419 9.68420000
3.93585698 9.64830000
3.93894977 9.61150000
3.94204256 9.57390000
3.94513535 9.53540000
3.94822814 9.49610000
3.95132094 9.45620000
3.95441372 9.41560000
3.95750651 9.37440000
3.96059930 9.33270000
3.96369209 9.29060000
3.96678488 9.24800000
3.96987767 9.20500000
3.97297046 9.16160000
3.97606326 9.11810000
3.97915604 9.07430000
3.98224883 9.03030000
3.98534162 8.98610000
3.98843441 8.94170000
3.99152720 8.89750000
3.99461999 8.85310000
3.99771278 8.80870000
4.00080558 8.76440000
4.00389836 8.72010000
4.00699115 8.67590000
4.01008394 8.63180000
4.01317673 8.58790000
4.01626952 8.54410000
4.01936231 8.50060000
4.02245510 8.45720000
4.02554790 8.41420000
4.02864068 8.37130000
4.03173347 8.32880000
4.03482626 8.28660000
4.03791905 8.24470000
4.04101184 8.20320000
4.04410464 8.16200000
4.04719742 8.12120000
4.05029022 8.08080000
4.05338300 8.04080000
4.05647579 8.00130000
4.05956858 7.96220000
4.06266137 7.92360000
4.06575416 7.88540000
4.06884696 7.84770000
4.07193974 7.81060000
4.07503254 7.77390000
4.07812532 7.73780000
4.08121811 7.70210000
4.08431090 7.66700000
4.08740369 7.63240000
4.09049648 7.59840000
4.09358928 7.56490000
4.09668206 7.53200000
4.09977486 7.49960000
4.10286764 7.46780000
4.10596043 7.43660000
4.10905322 7.40600000
4.11214601 7.37600000
4.11523881 7.34650000
4.11833160 7.31770000
4.12142438 7.28950000
4.12451718 7.26180000
4.12760996 7.23480000
4.13070275 7.20830000
4.13379554 7.18250000
4.13688833 7.15730000
4.13998113 7.13270000
4.14307392 7.10860000
4.14616670 7.08520000
4.14925950 7.06240000
4.15235228 7.04020000
4.15544507 7.01860000
4.15853786 6.99760000
4.16163065 6.97710000
4.16472345 6.95720000

0.00000000 7.03950000
0.00714250 7.04470000
0.01428499 7.06020000
0.02142749 7.08600000
0.02856997 7.12180000
0.03571247 7.16740000
0.04285496 7.22240000
0.04999746 7.28640000
0.05713994 7.35910000
0.06428244 7.43990000
0.07142493 7.52850000
0.07856743 7.62430000
0.08570991 7.72670000
0.09285241 7.83560000
0.09999490 7.95040000
0.10713740 8.07060000
0.11427988 8.19590000
0.12142238 8.32590000
0.12856487 8.46010000
0.13570737 8.59820000
0.14284985 8.73990000
0.14999235 8.88500000
0.15713484 9.03320000
0.16427734 9.18430000
0.17141982 9.33790000
0.17856232 9.49380000
0.18570481 9.65200000
0.19284731 9.81200000
0.19998979 9.97390000
0.20713229 10.13730000
0.21427478 10.30220000
0.22141728 10.46850000
0.22855977 10.63590000
0.23570227 10.80430000
0.24284475 10.97370000
0.24998725 11.14400000
0.25712974 11.31490000
0.26427224 11.48650000
0.27141472 11.65860000
0.27855722 11.83120000
0.28569971 12.00410000
0.29284221 12.17730000
0.29998469 12.35100000
0.30712719 12.52450000
0.31426968 12.69800000
0.32141218 12.65920000
0.32855466 12.47470000
0.33569716 12.29050000
0.34283965 12.10660000
0.34998215 11.92340000
0.35712463 11.74130000
0.36426713 11.56040000
0.37140962 11.38110000
0.37855212 11.20350000
0.38569460 11.02780000
0.39283710 10.85420000
0.39997959 10.68280000
0.40712209 10.51370000
0.41426457 10.34700000
0.42140707 10.18290000
0.42854956 10.02150000
0.43569206 9.86270000
0.44283455 9.70670000
0.44997705 9.55350000
0.45711953 9.40320000
0.46426203 9.25580000
0.47140452 9.11120000
0.47854702 8.96980000
0.48568950 8.83120000
0.49283200 8.69550000
0.49997449 8.56290000
0.50711699 8.43330000
0.51425947 8.30680000
0.52140197 8.18320000
0.52854446 8.06260000
0.53568696 7.94500000
0.54282944 7.83040000
0.54997194 7.71870000
0.55711443 7.61000000
0.56425693 7.50420000
0.57139941 7.40130000
0.57854191 7.30130000
0.58568440 7.20410000
0.59282690 7.10980000
0.59996938 7.01830000
0.60711188 6.92960000
0.61425437 6.84370000
0.62139687 6.76050000
0.62853935 6.68000000
0.63568185 6.60210000
0.64282434 6.52700000
0.64996684 6.45430000
0.65710933 6.38440000
0.66425183 6.31700000
0.67139431 6.25210000
0.67853681 6.18970000
0.68567930 6.12980000
0.69282180 6.07230000
0.69996428 6.01740000
0.70710678 5.96470000
0.70710678 5.96470000
0.71067802 5.96580000
0.71424928 5.96900000
0.71782052 5.97420000
0.72139177 5.98170000
0.72496301 5.99120000
0.72853427 6.00290000
0.73210551 6.01670000
0.73567675 6.03250000
0.73924799 6.05050000
0.74281925 6.07050000
0.74639049 6.09250000
0.74996174 6.11660000
0.75353298 6.14270000
0.75710424 6.17080000
0.76067548 6.20090000
0.76424672 6.23300000
0.76781797 6.26690000
0.77138922 6.30290000
0.77496047 6.34070000
0.77853171 6.38030000
0.78210295 6.42200000
0.78567421 6.46530000
0.78924545 6.51040000
0.79281669 6.55730000
0.79638794 6.60600000
0.79995919 6.65630000
0.80353044 6.70840000
0.80710168 6.76210000
0.81067292 6.81740000
0.81424418 6.87430000
0.81781542 6.93280000
0.82138666 6.99280000
0.82495791 7.05430000
0.82852916 7.11730000
0.83210041 7.18170000
0.83567165 7.24750000
0.83924289 7.31480000
0.84281415 7.38330000
0.84638539 7.45320000
0.84995663 7.52440000
0.85352788 7.59690000
0.85709913 7.67060000
0.86067038 7.74550000
0.86424162 7.82150000
0.86781286 7.89870000
0.87138412 7.97700000
0.87495536 8.05630000
0.87852661 8.13670000
0.88209785 8.21810000
0.88566910 8.30050000
0.88924035 8.38380000
0.89281159 8.46810000
0.89638283 8.55320000
0.89995409 8.63920000
0.90352533 8.72600000
0.90709658 8.81360000
0.91066782 8.90200000
0.91423908 8.99100000
0.91781032 9.08080000
0.92138156 9.17120000
0.92495280 9.26230000
0.92852406 9.35390000
0.93209530 9.44610000
0.93566655 9.53870000
0.93923779 9.63180000
0.94280905 9.72540000
0.94638029 9.81930000
0.94995153 9.91360000
0.95352277 10.00810000
0.95709403 10.10280000
0.96066527 10.19780000
0.96423652 10.29280000
0.96780776 10.38780000
0.97137902 10.48340000
0.97495026 10.57830000
0.97852150 10.67300000
0.98209275 10.76750000
0.98566400 10.86170000
0.98923525 10.95530000
0.99280649 11.04810000
0.99637773 11.14020000
0.99994899 11.23130000
1.00352023 11.32120000
1.00709147 11.40980000
1.01066272 11.49660000
1.01423397 11.58150000
1.01780522 11.66410000
1.02137646 11.74390000
1.02494770 11.82060000
1.02851896 11.89350000
1.03209020 11.96200000
1.03566144 12.02540000
1.03923269 12.08290000
1.04280394 12.13380000
1.04637519 12.17700000
1.04994643 12.21170000
1.05351767 12.23720000
1.05708893 12.25270000
1.06066017 12.25800000
1.06066017 12.25800000
1.06244580 12.27630000
1.06423141 12.29420000
1.06601704 12.31140000
1.06780267 12.32810000
1.06958829 12.34410000
1.07137391 12.35960000
1.07315953 12.37450000
1.07494516 12.38880000
1.07673079 12.40250000
1.07851640 12.41560000
1.08030203 12.42810000
1.08208766 12.44000000
1.08387327 12.45130000
1.08565890 12.46200000
1.08744451 12.47220000
1.08923014 12.48180000
1.09101577 12.49080000
1.09280139 12.49930000
1.09458701 12.50730000
1.09637264 12.51480000
1.09815826 12.52170000
1.09994388 12.52830000
1.10172950 12.53430000
1.10351513 12.53990000
1.10530076 12.54500000
1.10708637 12.54960000
1.10887200 12.55390000
1.11065763 12.55780000
1.11244324 12.56130000
1.11422887 12.56440000
1.11601448 12.56720000
1.11780011 12.56970000
1.11958574 12.57190000
1.12137136 12.57380000
1.12315698 12.57530000
1.12494261 12.57670000
1.12672823 12.57770000
1.12851386 12.57860000
1.13029947 12.57920000
1.13208510 12.57960000
1.13387073 12.57970000
1.13565634 12.57980000
1.13744197 12.57960000
1.13922760 12.57890000
1.14101321 12.57840000
1.14279884 12.57780000
1.14458446 12.57700000
1.14637008 12.57620000
1.14815571 12.57520000
1.14994133 12.57410000
1.15172696 12.57300000
1.15351258 12.57170000
1.15529820 12.57040000
1.15708383 12.56900000
1.15886944 12.56760000
1.16065507 12.56610000
1.16244070 12.56450000
1.16422631 12.56290000
1.16601194 12.56130000
1.16779757 12.55970000
1.16958318 12.55800000
1.17136881 12.55630000
1.17315443 12.55460000
1.17494005 12.55290000
1.17672568 12.55130000
1.17851130 12.54960000
1.18029693 12.54790000
1.18208255 12.54620000
1.18386817 12.54460000
1.18565380 12.54300000
1.18743941 12.54190000
1.18922504 12.54040000
1.19101067 12.53880000
1.19279628 12.53730000
1.19458191 12.53590000
1.19636754 12.53440000
1.19815315 12.53300000
1.19993878 12.53170000
1.20172440 12.53040000
1.20351003 12.52920000
1.20529565 12.52800000
1.20708127 12.52680000
1.20886690 12.52570000
1.21065252 12.52470000
1.21243814 12.52380000
1.21422377 12.52290000
1.21600938 12.52200000
1.21779501 12.52120000
1.21958064 12.52050000
1.22136625 12.52000000
1.22315188 12.51940000
1.22493751 12.51890000
1.22672312 12.51850000
1.22850875 12.51810000
1.23029437 12.51780000
1.23208000 12.51750000
1.23386562 12.51740000
1.23565124 12.51720000
1.23743687 12.51720000
1.23743687 12.51720000
1.24671524 12.81620000
1.25599361 13.11580000
1.26527198 13.41560000
1.27455035 13.71470000
1.28382872 14.01310000
1.29310709 14.30990000
1.30238546 14.60400000
1.31166383 14.89430000
1.32094220 15.17940000
1.33022057 15.30850000
1.33949894 15.15900000
1.34877731 15.00920000
1.35805568 14.85930000
1.36733405 14.70920000
1.37661242 14.55920000
1.38589079 14.40920000
1.39516916 14.25950000
1.40444754 14.11040000
1.41372590 13.96120000
1.42300427 13.81250000
1.43228264 13.66420000
1.44156101 13.51660000
1.45083938 13.36950000
1.46011775 13.22320000
1.46939612 13.07770000
1.47867450 12.93300000
1.48795286 12.78920000
1.49723124 12.64640000
1.50650960 12.50450000
1.51578797 12.36350000
1.52506634 12.22380000
1.53434471 12.08540000
1.54362308 11.94810000
1.55290146 11.81210000
1.56217983 11.67740000
1.57145820 11.54410000
1.58073657 11.41220000
1.59001493 11.28170000
1.59929331 11.15270000
1.60857167 11.02520000
1.61785005 10.89920000
1.62712842 10.77480000
1.63640679 10.65210000
1.64568516 10.53100000
1.65496353 10.41150000
1.66424190 10.29380000
1.67352027 10.27590000
1.68279863 10.30390000
1.69207701 10.32720000
1.70135538 10.34520000
1.71063375 10.35770000
1.71991212 10.36460000
1.72919049 10.36570000
1.73846886 10.36160000
1.74774723 10.35140000
1.75702560 10.33560000
1.76630397 10.31400000
1.77558234 10.28680000
1.78486071 10.25400000
1.79413908 10.21570000
1.80341745 10.17210000
1.81269582 10.12310000
1.82197419 10.02540000
1.83125256 9.90180000
1.84053093 9.77950000
1.84980930 9.65860000
1.85908768 9.53890000
1.86836605 9.42050000
1.87764441 9.30350000
1.88692279 9.18780000
1.89620115 9.07360000
1.90547953 8.96080000
1.91475789 8.84950000
1.92403626 8.73990000
1.93331464 8.63190000
1.94259301 8.52570000
1.95187138 8.42140000
1.96114975 8.31910000
1.97042811 8.21890000
1.97970649 8.12090000
1.98898485 8.02550000
1.99826323 7.93280000
2.00754160 7.84310000
2.01681997 7.75620000
2.02609834 7.67300000
2.03537671 7.59340000
2.04465507 7.51800000
2.05393345 7.44670000
2.06321181 7.38020000
2.07249019 7.31890000
2.08176856 7.26260000
2.09104693 7.21190000
2.10032530 7.16720000
2.10960367 7.12890000
2.11888204 7.09700000
2.12816041 7.07200000
2.13743877 7.05400000
2.14671715 7.04310000
2.15599552 7.03950000
2.15599552 7.03950000
2.16474326 7.04130000
2.17349098 7.04680000
2.18223872 7.05600000
2.19098645 7.06880000
2.19973419 7.08510000
2.20848191 7.10490000
2.21722965 7.12820000
2.22597737 7.15480000
2.23472511 7.18460000
2.24347283 7.21750000
2.25222057 7.25340000
2.26096830 7.29220000
2.26971604 7.33380000
2.27846376 7.37790000
2.28721150 7.42450000
2.29595922 7.47340000
2.30470696 7.52450000
2.31345468 7.57750000
2.32220242 7.63240000
2.33095015 7.68900000
2.33969789 7.74710000
2.34844561 7.80660000
2.35719335 7.86740000
2.36594107 7.92900000
2.37468881 7.99160000
2.38343653 8.05510000
2.39218427 8.11910000
2.40093200 8.18360000
2.40967974 8.24840000
2.41842746 8.31340000
2.42717520 8.37840000
2.43592292 8.44330000
2.44467066 8.50800000
2.45341838 8.57230000
2.46216612 8.63610000
2.47091385 8.69940000
2.47966159 8.76190000
2.48840931 8.82350000
2.49715705 8.88420000
2.50590477 8.94390000
2.51465251 9.00250000
2.52340023 9.05980000
2.53214797 9.11640000
2.54089570 9.17110000
2.54964344 9.22430000
2.55839116 9.27590000
2.56713890 9.32610000
2.57588662 9.37450000
2.58463436 9.42130000
2.59338208 9.46650000
2.60212982 9.50980000
2.61087755 9.55140000
2.61962529 9.59130000
2.62837301 9.62930000
2.63712075 9.66560000
2.64586847 9.70010000
2.65461621 9.73280000
2.66336393 9.76380000
2.67211167 9.79300000
2.68085940 9.82060000
2.68960714 9.84640000
2.69835486 9.87070000
2.70710260 9.89330000
2.71585032 9.91440000
2.72459806 9.93400000
2.73334578 9.95220000
2.74209352 9.96900000
2.75084125 9.98440000
2.75958899 9.99860000
2.76833671 10.01160000
2.77708445 10.02340000
2.78583217 10.03430000
2.79457991 10.04400000
2.80332763 10.05280000
2.81207537 10.06060000
2.82082310 10.06760000
2.82957084 10.07380000
2.83831856 10.07930000
2.84706630 10.08410000
2.85581402 10.08840000
2.86456176 10.09200000
2.87330948 10.09520000
2.88205722 10.09790000
2.89080495 10.10020000
2.89955269 10.10210000
2.90830041 10.10370000
2.91704815 10.10510000
2.92579587 10.10610000
2.93454361 10.10700000
2.94329133 10.10770000
2.95203907 10.10820000
2.96078680 10.10860000
2.96953454 10.10900000
2.97828226 10.10920000
2.98703000 10.10930000
2.99577772 10.10950000
3.00452546 10.10950000
3.01327318 10.10960000
3.02202092 10.10960000
3.02202092 10.10960000
3.02511372 10.11090000
3.02820651 10.11480000
3.03129930 10.12130000
3.03439209 10.13040000
3.03748487 10.14210000
3.04057767 10.15630000
3.04367045 10.17310000
3.04676324 10.19250000
3.04985604 10.21430000
3.05294883 10.23870000
3.05604162 10.26560000
3.05913441 10.29490000
3.06222719 10.32660000
3.06531999 10.36070000
3.06841277 10.39720000
3.07150557 10.43600000
3.07459836 10.47710000
3.07769115 10.52050000
3.08078394 10.56600000
3.08387673 10.61380000
3.08696951 10.66370000
3.09006231 10.71570000
3.09315509 10.76970000
3.09624789 10.82580000
3.09934068 10.88380000
3.10243347 10.94380000
3.10552626 11.00560000
3.10861905 11.06920000
3.11171183 11.13470000
3.11480463 11.20180000
3.11789741 11.27050000
3.12099021 11.34090000
3.12408300 11.41300000
3.12717579 11.48650000
3.13026858 11.56150000
3.13336137 11.63790000
3.13645415 11.71570000
3.13954695 11.79490000
3.14263974 11.87520000
3.14573253 11.95680000
3.14882532 12.03950000
3.15191811 12.12330000
3.15501090 12.20820000
3.15810369 12.29400000
3.16119647 12.38080000
3.16428927 12.46840000
3.16738206 12.55690000
3.17047485 12.64610000
3.17356764 12.73610000
3.17666043 12.82700000
3.17975322 12.91820000
3.18284601 13.00990000
3.18593879 13.10210000
3.18903159 13.19470000
3.19212438 13.28760000
3.19521717 13.38080000
3.19830996 13.47430000
3.20140275 13.56790000
3.20449554 13.66200000
3.20758833 13.75580000
3.21068111 13.84930000
3.21377391 13.94300000
3.21686670 14.03650000
3.21995949 14.12980000
3.22305228 14.22280000
3.22614507 14.31550000
3.22923786 14.40770000
3.23233065 14.49950000
3.23542343 14.59070000
3.23851623 14.68140000
3.24160902 14.77130000
3.24470181 14.86050000
3.24779460 14.94890000
3.25088739 15.03640000
3.25398018 15.00570000
3.25707297 14.90250000
3.26016576 14.79870000
3.26325855 14.69450000
3.26635134 14.59000000
3.26944413 14.48520000
3.27253692 14.38020000
3.27562971 14.27510000
3.27872250 14.16980000
3.28181529 14.06460000
3.28490808 13.95940000
3.28800087 13.85430000
3.29109366 13.74930000
3.29418645 13.64450000
3.29727924 13.53990000
3.30037203 13.43570000
3.30346482 13.33170000
3.30655761 13.22820000
3.30965040 13.12500000
3.31274320 13.02230000
3.31583598 12.92030000
3.31892877 12.81860000
3.32202156 12.71750000
3.32511435 12.61700000
3.32820714 12.51720000
3.32820714 12.51720000
3.32999277 12.51720000
3.33177839 12.51740000
3.33356401 12.51750000
3.33534964 12.51780000
3.33713526 12.51810000
3.33892088 12.51850000
3.34070650 12.51890000
3.34249213 12.51940000
3.34427776 12.52000000
3.34606337 12.52050000
3.34784900 12.52120000
3.34963463 12.52200000
3.35142024 12.52290000
3.35320587 12.52380000
3.35499148 12.52470000
3.35677711 12.52570000
3.35856274 12.52680000
3.36034836 12.52800000
3.36213398 12.52920000
3.36391961 12.53040000
3.36570523 12.53170000
3.36749086 12.53300000
3.36927647 12.53440000
3.37106210 12.53590000
3.37284773 12.53730000
3.37463334 12.53880000
3.37641897 12.54040000
3.37820460 12.54190000
3.37999021 12.54300000
3.38177584 12.54460000
3.38356146 12.54620000
3.38534708 12.54790000
3.38713271 12.54960000
3.38891833 12.55130000
3.39070395 12.55290000
3.39248958 12.55460000
3.39427520 12.55630000
3.39606083 12.55800000
3.39784644 12.55970000
3.39963207 12.56130000
3.40141770 12.56290000
3.40320331 12.56450000
3.40498894 12.56610000
3.40677457 12.56760000
3.40856018 12.56900000
3.41034581 12.57040000
3.41213143 12.57170000
3.41391705 12.57300000
3.41570268 12.57410000
3.41748830 12.57520000
3.41927393 12.57620000
3.42105955 12.57700000
3.42284517 12.57780000
3.42463080 12.57840000
3.42641641 12.57890000
3.42820204 12.57960000
3.42998767 12.57980000
3.43177328 12.57970000
3.43355891 12.57960000
3.43534454 12.57920000
3.43713015 12.57860000
3.43891578 12.57770000
3.44070140 12.57670000
3.44248702 12.57530000
3.44427265 12.57380000
3.44605827 12.57190000
3.44784390 12.56970000
3.44962952 12.56720000
3.45141514 12.56440000
3.45320077 12.56130000
3.45498638 12.55780000
3.45677201 12.55390000
3.45855764 12.54960000
3.46034325 12.54500000
3.46212888 12.53990000
3.46391451 12.53430000
3.46570012 12.52830000
3.46748575 12.52170000
3.46927137 12.51480000
3.47105700 12.50730000
3.47284262 12.49930000
3.47462824 12.49080000
3.47641387 12.48180000
3.47819950 12.47220000
3.47998511 12.46200000
3.48177074 12.45130000
3.48355635 12.44000000
3.48534198 12.42810000
3.48712761 12.41560000
3.48891322 12.40250000
3.49069885 12.38880000
3.49248448 12.37450000
3.49427010 12.35960000
3.49605572 12.34410000
3.49784134 12.32810000
3.49962697 12.31140000
3.50141259 12.29420000
3.50319821 12.27630000
3.50498384 12.25800000
3.50498384 12.25800000
3.50855508 12.30900000
3.51212634 12.35630000
3.51569758 12.39920000
3.51926882 12.43730000
3.52284007 12.47020000
3.52641132 12.49740000
3.52998257 12.51880000
3.53355381 12.53430000
3.53712505 12.54380000
3.54069631 12.54740000
3.54426755 12.54550000
3.54783879 12.53830000
3.55141004 12.52640000
3.55498129 12.51020000
3.55855254 12.49010000
3.56212378 12.46660000
3.56569502 12.44020000
3.56926628 12.41120000
3.57283752 12.38000000
3.57640876 12.34690000
3.57998001 12.31210000
3.58355126 12.27610000
3.58712251 12.23900000
3.59069375 12.20100000
3.59426499 12.16220000
3.59783625 12.12290000
3.60140749 12.08310000
3.60497873 12.04290000
3.60854998 12.00230000
3.61212123 11.96180000
3.61569248 11.92110000
3.61926372 11.88050000
3.62283496 11.83990000
3.62640622 11.79950000
3.62997746 11.75920000
3.63354871 11.71910000
3.63711995 11.67930000
3.64069121 11.63970000
3.64426245 11.60050000
3.64783369 11.56160000
3.65140493 11.52310000
3.65497619 11.48490000
3.65854743 11.44720000
3.66211868 11.41000000
3.66568992 11.37320000
3.66926118 11.33680000
3.67283242 11.30100000
3.67640366 11.26570000
3.67997490 11.23090000
3.68354616 11.19670000
3.68711740 11.16290000
3.69068865 11.12970000
3.69425989 11.09700000
3.69783115 11.06490000
3.70140239 11.03340000
3.70497363 11.00240000
3.70854488 10.97200000
3.71211613 10.94220000
3.71568737 10.91300000
3.71925862 10.88440000
3.72282986 10.85630000
3.72640112 10.82890000
3.72997236 10.80210000
3.73354360 10.77580000
3.73711485 10.75010000
3.74068610 10.72500000
3.74425735 10.70050000
3.74782859 10.67650000
3.75139983 10.65310000
3.75497109 10.63020000
3.75854233 10.60790000
3.76211357 10.58600000
3.76568482 10.56460000
3.76925607 10.54370000
3.77282732 10.52320000
3.77639856 10.50310000
3.77996980 10.48330000
3.78354106 10.46380000
3.78711230 10.44450000
3.79068354 10.42540000
3.79425479 10.40630000
3.79782604 10.38720000
3.80139729 10.36790000
3.80496853 10.34850000
3.80853977 10.32870000
3.81211103 10.30850000
3.81568227 10.28800000
3.81925351 10.26720000
3.82282476 10.24620000
3.82639601 10.22530000
3.82996726 10.20480000
3.83353850 10.18520000
3.83710974 10.16690000
3.84068100 10.15050000
3.84425224 10.13630000
3.84782349 10.12490000
3.85139473 10.11650000
3.85496599 10.11130000
3.85853723 10.10960000
3.85853723 10.10960000
3.86163002 10.11090000
3.86472281 10.11480000
3.86781560 10.12130000
3.87090839 10.13040000
3.87400118 10.14210000
3.87709397 10.15630000
3.88018676 10.17310000
3.88327955 10.19250000
3.88637234 10.21430000
3.88946513 10.23870000
3.89255792 10.26560000
3.89565071 10.29490000
3.89874350 10.32660000
3.90183629 10.36070000
3.90492908 10.39720000
3.90802187 10.43600000
3.91111466 10.47710000
3.91420745 10.52050000
3.91730024 10.56600000
3.92039303 10.61380000
3.92348582 10.66370000
3.92657862 10.71570000
3.92967140 10.76970000
3.93276419 10.82580000
3.93585698 10.88380000
3.93894977 10.94380000
3.94204256 11.00560000
3.94513535 11.06920000
3.94822814 11.13470000
3.95132094 11.20180000
3.95441372 11.27050000
3.95750651 11.34090000
3.96059930 11.41300000
3.96369209 11.48650000
3.96678488 11.56150000
3.96987767 11.63790000
3.97297046 11.71570000
3.97606326 11.79490000
3.97915604 11.87520000
3.98224883 11.95680000
3.98534162 12.03950000
3.98843441 12.12330000
3.99152720 12.20820000
3.99461999 12.29400000
3.99771278 12.38080000
4.00080558 12.46840000
4.00389836 12.55690000
4.00699115 12.64610000
4.01008394 12.73610000
4.01317673 12.82700000
4.01626952 12.91820000
4.01936231 13.00990000
4.02245510 13.10210000
4.02554790 13.19470000
4.02864068 13.28760000
4.03173347 13.38080000
4.03482626 13.47430000
4.03791905 13.56790000
4.04101184 13.66200000
4.04410464 13.75580000
4.04719742 13.84930000
4.05029022 13.94300000
4.05338300 14.03650000
4.05647579 14.12980000
4.05956858 14.22280000
4.06266137 14.31550000
4.06575416 14.40770000
4.06884696 14.49950000
4.07193974 14.59070000
4.07503254 14.68140000
4.07812532 14.77130000
4.08121811 14.86050000
4.08431090 14.94890000
4.08740369 15.03640000
4.09049648 15.00570000
4.09358928 14.90250000
4.09668206 14.79870000
4.09977486 14.69450000
4.10286764 14.59000000
4.10596043 14.48520000
4.10905322 14.38020000
4.11214601 14.27510000
4.11523881 14.16980000
4.11833160 14.06460000
4.12142438 13.95940000
4.12451718 13.85430000
4.12760996 13.74930000
4.13070275 13.64450000
4.13379554 13.53990000
4.13688833 13.43570000
4.13998113 13.33170000
4.14307392 13.22820000
4.14616670 13.12500000
4.14925950 13.02230000
4.15235228 12.92030000
4.15544507 12.81860000
4.15853786 12.71750000
4.16163065 12.61700000
4.16472345 12.51720000

0.00000000 7.03950000
0.00714250 7.04470000
0.01428499 7.06020000
0.02142749 7.08600000
0.02856997 7.12180000
0.03571247 7.16740000
0.04285496 7.22240000
0.04999746 7.28650000
0.05713994 7.35910000
0.06428244 7.43990000
0.07142493 7.52850000
0.07856743 7.62430000
0.08570991 7.72680000
0.09285241 7.83570000
0.09999490 7.95040000
0.10713740 8.07060000
0.11427988 8.19600000
0.12142238 8.32590000
0.12856487 8.46010000
0.13570737 8.59830000
0.14284985 8.73990000
0.14999235 8.88510000
0.15713484 9.03330000
0.16427734 9.18430000
0.17141982 9.33790000
0.17856232 9.49390000
0.18570481 9.65200000
0.19284731 9.81200000
0.19998979 9.97390000
0.20713229 10.13730000
0.21427478 10.30230000
0.22141728 10.46850000
0.22855977 10.63590000
0.23570227 10.80440000
0.24284475 10.97380000
0.24998725 11.14400000
0.25712974 11.31500000
0.26427224 11.48660000
0.27141472 11.65870000
0.27855722 11.83120000
0.28569971 12.00410000
0.29284221 12.17730000
0.29998469 12.35110000
0.30712719 12.52450000
0.31426968 12.69810000
0.32141218 12.87150000
0.32855466 13.04490000
0.33569716 13.21820000
0.34283965 13.39120000
0.34998215 13.56390000
0.35712463 13.73620000
0.36426713 13.90810000
0.37140962 14.07940000
0.37855212 14.25020000
0.38569460 14.42040000
0.39283710 14.58980000
0.39997959 14.75850000
0.40712209 14.92620000
0.41426457 15.09310000
0.42140707 15.25890000
0.42854956 15.42350000
0.43569206 15.58700000
0.44283455 15.74920000
0.44997705 15.91000000
0.45711953 16.06770000
0.46426203 16.22530000
0.47140452 16.38130000
0.47854702 16.53680000
0.48568950 16.68900000
0.49283200 16.83890000
0.49997449 16.98680000
0.50711699 17.13230000
0.51425947 17.27530000
0.52140197 17.41560000
0.52854446 17.55320000
0.53568696 17.68770000
0.54282944 17.81910000
0.54997194 17.94710000
0.55711443 18.07160000
0.56425693 18.19240000
0.57139941 18.30920000
0.57854191 18.42180000
0.58568440 18.53010000
0.59282690 18.63380000
0.59996938 18.73270000
0.60711188 18.82650000
0.61425437 18.91410000
0.62139687 18.99720000
0.62853935 19.07460000
0.63568185 19.14600000
0.64282434 19.21140000
0.64996684 19.26980000
0.65710933 19.32240000
0.66425183 19.36830000
0.67139431 19.40750000
0.67853681 19.43970000
0.68567930 19.46490000
0.69282180 19.48290000
0.69996428 19.49530000
0.70710678 19.49890000
0.70710678 19.49890000
0.71067802 19.49840000
0.71424928 19.49680000
0.71782052 19.49350000
0.72139177 19.48990000
0.72496301 19.48530000
0.72853427 19.47960000
0.73210551 19.47280000
0.73567675 19.46500000
0.73924799 19.45620000
0.74281925 19.44630000
0.74639049 19.43530000
0.74996174 19.42320000
0.75353298 19.41010000
0.75710424 19.39730000
0.76067548 19.38190000
0.76424672 19.36460000
0.76781797 19.34690000
0.77138922 19.32800000
0.77496047 19.30810000
0.77853171 19.28690000
0.78210295 19.26600000
0.78567421 19.24240000
0.78924545 19.21750000
0.79281669 19.19140000
0.79638794 19.16410000
0.79995919 19.13550000
0.80353044 19.10560000
0.80710168 19.07430000
0.81067292 19.04180000
0.81424418 19.00790000
0.81781542 18.97270000
0.82138666 18.93610000
0.82495791 18.89810000
0.82852916 18.85870000
0.83210041 18.81790000
0.83567165 18.77570000
0.83924289 18.73210000
0.84281415 18.68700000
0.84638539 18.64050000
0.84995663 18.59250000
0.85352788 18.54420000
0.85709913 18.49330000
0.86067038 18.44090000
0.86424162 18.38710000
0.86781286 18.33180000
0.87138412 18.27500000
0.87495536 18.21680000
0.87852661 18.15720000
0.88209785 18.09610000
0.88566910 18.03360000
0.88924035 17.96970000
0.89281159 17.90440000
0.89638283 17.83780000
0.89995409 17.76950000
0.90352533 17.70020000
0.90709658 17.62950000
0.91066782 17.55760000
0.91423908 17.48440000
0.91781032 17.41000000
0.92138156 17.33440000
0.92495280 17.25770000
0.92852406 17.17980000
0.93209530 17.10090000
0.93566655 17.02100000
0.93923779 16.94010000
0.94280905 16.85820000
0.94638029 16.77550000
0.94995153 16.69190000
0.95352277 16.60760000
0.95709403 16.52260000
0.96066527 16.43700000
0.96423652 16.35080000
0.96780776 16.26410000
0.97137902 16.17700000
0.97495026 16.08960000
0.97852150 16.00200000
0.98209275 15.91420000
0.98566400 15.82660000
0.98923525 15.73900000
0.99280649 15.65160000
0.99637773 15.56480000
0.99994899 15.47850000
1.00352023 15.39220000
1.00709147 15.30790000
1.01066272 15.22490000
1.01423397 15.14350000
1.01780522 15.06420000
1.02137646 14.98730000
1.02494770 14.91340000
1.02851896 14.84290000
1.03209020 14.77650000
1.03566144 14.71500000
1.03923269 14.65900000
1.04280394 14.60960000
1.04637519 14.56750000
1.04994643 14.53360000
1.05351767 14.50870000
1.05708893 14.49350000
1.06066017 14.48840000
1.06066017 14.48840000
1.06244580 14.48230000
1.06423141 14.48160000
1.06601704 14.48610000
1.06780267 14.49560000
1.06958829 14.50980000
1.07137391 14.52840000
1.07315953 14.55100000
1.07494516 14.57740000
1.07673079 14.59940000
1.07851640 14.61560000
1.08030203 14.63260000
1.08208766 14.65030000
1.08387327 14.66880000
1.08565890 14.68790000
1.08744451 14.70790000
1.08923014 14.72850000
1.09101577 14.74980000
1.09280139 14.77180000
1.09458701 14.79440000
1.09637264 14.81770000
1.09815826 14.84160000
1.09994388 14.86680000
1.10172950 14.89190000
1.10351513 14.91750000
1.10530076 14.94380000
1.10708637 14.97050000
1.10887200 14.99770000
1.11065763 15.02540000
1.11244324 15.05360000
1.11422887 15.08220000
1.11601448 15.11120000
1.11780011 15.14060000
1.11958574 15.16990000
1.12137136 15.20000000
1.12315698 15.23040000
1.12494261 15.26110000
1.12672823 15.29210000
1.12851386 15.32330000
1.13029947 15.35470000
1.13208510 15.38640000
1.13387073 15.41820000
1.13565634 15.45020000
1.13744197 15.48240000
1.13922760 15.51450000
1.14101321 15.54680000
1.14279884 15.57920000
1.14458446 15.61170000
1.14637008 15.64420000
1.14815571 15.67670000
1.14994133 15.70920000
1.15172696 15.74170000
1.15351258 15.77410000
1.15529820 15.80650000
1.15708383 15.83870000
1.15886944 15.87080000
1.16065507 15.90280000
1.16244070 15.93460000
1.16422631 15.96610000
1.16601194 15.99750000
1.16779757 16.02870000
1.16958318 16.05950000
1.17136881 16.09010000
1.17315443 16.12040000
1.17494005 16.15030000
1.17672568 16.17980000
1.17851130 16.20900000
1.18029693 16.23770000
1.18208255 16.26650000
1.18386817 16.29430000
1.18565380 16.32160000
1.18743941 16.34870000
1.18922504 16.37490000
1.19101067 16.40050000
1.19279628 16.42550000
1.19458191 16.44980000
1.19636754 16.47350000
1.19815315 16.49640000
1.19993878 16.51860000
1.20172440 16.54010000
1.20351003 16.56070000
1.20529565 16.58050000
1.20708127 16.59880000
1.20886690 16.61680000
1.21065252 16.63390000
1.21243814 16.65000000
1.21422377 16.66520000
1.21600938 16.67930000
1.21779501 16.69240000
1.21958064 16.70450000
1.22136625 16.71580000
1.22315188 16.72570000
1.22493751 16.73440000
1.22672312 16.74210000
1.22850875 16.74860000
1.23029437 16.75390000
1.23208000 16.75810000
1.23386562 16.76110000
1.23565124 16.76280000
1.23743687 16.76340000
1.23743687 16.76340000
1.24671524 16.62320000
1.25599361 16.48150000
1.26527198 16.33840000
1.27455035 16.19330000
1.28382872 16.04780000
1.29310709 15.90140000
1.30238546 15.75420000
1.31166383 15.60620000
1.32094220 15.45760000
1.33022057 15.45690000
1.33949894 15.72380000
1.34877731 15.97530000
1.35805568 16.20420000
1.36733405 16.39970000
1.37661242 16.54740000
1.38589079 16.63340000
1.39516916 16.65230000
1.40444754 16.61220000
1.41372590 16.52740000
1.42300427 16.41290000
1.43228264 16.27930000
1.44156101 16.13340000
1.45083938 15.97960000
1.46011775 15.82070000
1.46939612 15.65860000
1.47867450 15.49460000
1.48795286 15.32940000
1.49723124 15.16380000
1.50650960 14.99800000
1.51578797 14.83250000
1.52506634 14.66750000
1.53434471 14.50320000
1.54362308 14.33980000
1.55290146 14.17740000
1.56217983 14.01590000
1.57145820 13.85570000
1.58073657 13.69660000
1.59001493 13.53880000
1.59929331 13.38220000
1.60857167 13.22620000
1.61785005 13.07220000
1.62712842 12.91960000
1.63640679 12.76830000
1.64568516 12.61840000
1.65496353 12.46980000
1.66424190 12.32260000
1.67352027 12.17680000
1.68279863 12.03230000
1.69207701 11.88920000
1.70135538 11.74750000
1.71063375 11.60710000
1.71991212 11.46810000
1.72919049 11.33030000
1.73846886 11.19410000
1.74774723 11.05910000
1.75702560 10.92530000
1.76630397 10.79290000
1.77558234 10.66170000
1.78486071 10.53180000
1.79413908 10.40320000
1.80341745 10.27630000
1.81269582 10.15020000
1.82197419 10.06890000
1.83125256 10.00960000
1.84053093 9.94550000
1.84980930 9.87660000
1.85908768 9.80300000
1.86836605 9.72510000
1.87764441 9.64290000
1.88692279 9.55670000
1.89620115 9.46660000
1.90547953 9.37290000
1.91475789 9.27580000
1.92403626 9.17560000
1.93331464 9.07260000
1.94259301 8.96700000
1.95187138 8.85920000
1.96114975 8.74950000
1.97042811 8.63850000
1.97970649 8.52620000
1.98898485 8.41360000
1.99826323 8.30080000
2.00754160 8.18850000
2.01681997 8.07720000
2.02609834 7.96760000
2.03537671 7.86040000
2.04465507 7.75630000
2.05393345 7.65590000
2.06321181 7.56020000
2.07249019 7.47010000
2.08176856 7.38620000
2.09104693 7.30960000
2.10032530 7.24100000
2.10960367 7.18130000
2.11888204 7.13120000
2.12816041 7.09150000
2.13743877 7.06280000
2.14671715 7.04530000
2.15599552 7.03950000
2.15599552 7.03950000
2.16474326 7.04290000
2.17349098 7.05320000
2.18223872 7.07030000
2.19098645 7.09390000
2.19973419 7.12370000
2.20848191 7.15960000
2.21722965 7.20090000
2.22597737 7.24750000
2.23472511 7.29870000
2.24347283 7.35420000
2.25222057 7.41330000
2.26096830 7.47600000
2.26971604 7.54150000
2.27846376 7.60960000
2.28721150 7.67970000
2.29595922 7.75140000
2.30470696 7.82450000
2.31345468 7.89850000
2.32220242 7.97320000
2.33095015 8.04830000
2.33969789 8.12340000
2.34844561 8.19840000
2.35719335 8.27350000
2.36594107 8.34720000
2.37468881 8.42060000
2.38343653 8.49320000
2.39218427 8.56480000
2.40093200 8.63520000
2.40967974 8.70450000
2.41842746 8.77240000
2.42717520 8.83900000
2.43592292 8.90420000
2.44467066 8.96790000
2.45341838 9.03010000
2.46216612 9.09080000
2.47091385 9.14990000
2.47966159 9.20740000
2.48840931 9.26320000
2.49715705 9.31760000
2.50590477 9.37040000
2.51465251 9.42160000
2.52340023 9.47130000
2.53214797 9.51960000
2.54089570 9.56620000
2.54964344 9.61140000
2.55839116 9.65520000
2.56713890 9.69750000
2.57588662 9.73840000
2.58463436 9.77790000
2.59338208 9.81610000
2.60212982 9.85300000
2.61087755 9.88870000
2.61962529 9.92300000
2.62837301 9.95620000
2.63712075 9.98820000
2.64586847 10.01930000
2.65461621 10.04900000
2.66336393 10.07770000
2.67211167 10.10530000
2.68085940 10.13190000
2.68960714 10.15760000
2.69835486 10.18220000
2.70710260 10.20590000
2.71585032 10.22880000
2.72459806 10.25070000
2.73334578 10.27180000
2.74209352 10.29200000
2.75084125 10.31140000
2.75958899 10.33010000
2.76833671 10.34790000
2.77708445 10.36500000
2.78583217 10.38140000
2.79457991 10.39710000
2.80332763 10.41200000
2.81207537 10.42620000
2.82082310 10.43980000
2.82957084 10.45270000
2.83831856 10.46500000
2.84706630 10.47660000
2.85581402 10.48760000
2.86456176 10.49790000
2.87330948 10.50770000
2.88205722 10.51690000
2.89080495 10.52540000
2.89955269 10.53340000
2.90830041 10.54080000
2.91704815 10.54770000
2.92579587 10.55390000
2.93454361 10.55960000
2.94329133 10.56480000
2.95203907 10.56940000
2.96078680 10.57340000
2.96953454 10.57690000
2.97828226 10.57980000
2.98703000 10.58220000
2.99577772 10.58410000
3.00452546 10.58550000
3.01327318 10.58630000
3.02202092 10.58650000
3.02202092 10.58650000
3.02511372 10.58780000
3.02820651 10.59160000
3.03129930 10.59790000
3.03439209 10.60700000
3.03748487 10.61890000
3.04057767 10.63370000
3.04367045 10.65160000
3.04676324 10.67270000
3.04985604 10.69700000
3.05294883 10.72450000
3.05604162 10.75540000
3.05913441 10.78960000
3.06222719 10.82710000
3.06531999 10.86780000
3.06841277 10.91160000
3.07150557 10.95850000
3.07459836 11.00830000
3.07769115 11.06110000
3.08078394 11.11670000
3.08387673 11.17500000
3.08696951 11.23590000
3.09006231 11.29940000
3.09315509 11.36530000
3.09624789 11.43360000
3.09934068 11.50420000
3.10243347 11.57700000
3.10552626 11.65200000
3.10861905 11.72890000
3.11171183 11.80780000
3.11480463 11.88860000
3.11789741 11.97110000
3.12099021 12.05540000
3.12408300 12.14140000
3.12717579 12.22900000
3.13026858 12.31800000
3.13336137 12.40860000
3.13645415 12.50050000
3.13954695 12.59370000
3.14263974 12.68830000
3.14573253 12.78400000
3.14882532 12.88090000
3.15191811 12.97890000
3.15501090 13.07840000
3.15810369 13.17840000
3.16119647 13.27940000
3.16428927 13.38120000
3.16738206 13.48380000
3.17047485 13.58730000
3.17356764 13.69140000
3.17666043 13.79680000
3.17975322 13.90230000
3.18284601 14.00830000
3.18593879 14.11480000
3.18903159 14.22190000
3.19212438 14.32930000
3.19521717 14.43710000
3.19830996 14.54530000
3.20140275 14.65370000
3.20449554 14.76260000
3.20758833 14.87140000
3.21068111 14.98000000
3.21377391 15.08880000
3.21686670 15.19720000
3.21995949 15.30550000
3.22305228 15.41330000
3.22614507 15.51950000
3.22923786 15.62050000
3.23233065 15.67280000
3.23542343 15.60300000
3.23851623 15.50910000
3.24160902 15.41110000
3.24470181 15.31130000
3.24779460 15.21030000
3.25088739 15.10840000
3.25398018 15.12290000
3.25707297 15.20840000
3.26016576 15.29290000
3.26325855 15.37560000
3.26635134 15.45760000
3.26944413 15.53840000
3.27253692 15.61790000
3.27562971 15.69600000
3.27872250 15.77260000
3.28181529 15.84780000
3.28490808 15.92130000
3.28800087 15.99330000
3.29109366 16.06360000
3.29418645 16.13210000
3.29727924 16.19900000
3.30037203 16.26400000
3.30346482 16.32720000
3.30655761 16.38850000
3.30965040 16.44790000
3.31274320 16.50540000
3.31583598 16.56130000
3.31892877 16.61490000
3.32202156 16.66640000
3.32511435 16.71600000
3.32820714 16.76340000
3.32820714 16.76340000
3.32999277 16.76280000
3.33177839 16.76110000
3.33356401 16.75810000
3.33534964 16.75390000
3.33713526 16.74860000
3.33892088 16.74210000
3.34070650 16.73440000
3.34249213 16.72570000
3.34427776 16.71580000
3.34606337 16.70450000
3.34784900 16.69240000
3.34963463 16.67930000
3.35142024 16.66520000
3.35320587 16.65000000
3.35499148 16.63390000
3.35677711 16.61680000
3.35856274 16.59880000
3.36034836 16.58050000
3.36213398 16.56070000
3.36391961 16.54010000
3.36570523 16.51860000
3.36749086 16.49640000
3.36927647 16.47350000
3.37106210 16.44980000
3.37284773 16.42550000
3.37463334 16.40050000
3.37641897 16.37490000
3.37820460 16.34870000
3.37999021 16.32160000
3.38177584 16.29430000
3.38356146 16.26650000
3.38534708 16.23770000
3.38713271 16.20900000
3.38891833 16.17980000
3.39070395 16.15030000
3.39248958 16.12040000
3.39427520 16.09010000
3.39606083 16.05950000
3.39784644 16.02870000
3.39963207 15.99750000
3.40141770 15.96610000
3.40320331 15.93460000
3.40498894 15.90280000
3.40677457 15.87080000
3.40856018 15.83870000
3.41034581 15.80650000
3.41213143 15.77410000
3.41391705 15.74170000
3.41570268 15.70920000
3.41748830 15.67670000
3.41927393 15.64420000
3.42105955 15.61170000
3.42284517 15.57920000
3.42463080 15.54680000
3.42641641 15.51450000
3.42820204 15.48240000
3.42998767 15.45020000
3.43177328 15.41820000
3.43355891 15.38640000
3.43534454 15.35470000
3.43713015 15.32330000
3.43891578 15.29210000
3.44070140 15.26110000
3.44248702 15.23040000
3.44427265 15.20000000
3.44605827 15.16990000
3.44784390 15.14060000
3.44962952 15.11120000
3.45141514 15.08220000
3.45320077 15.05360000
3.45498638 15.02540000
3.45677201 14.99770000
3.45855764 14.97050000
3.46034325 14.94380000
3.46212888 14.91760000
3.46391451 14.89190000
3.46570012 14.86680000
3.46748575 14.84160000
3.46927137 14.81770000
3.47105700 14.79440000
3.47284262 14.77180000
3.47462824 14.74980000
3.47641387 14.72850000
3.47819950 14.70790000
3.47998511 14.68790000
3.48177074 14.66880000
3.48355635 14.65030000
3.48534198 14.63260000
3.48712761 14.61560000
3.48891322 14.59940000
3.49069885 14.57740000
3.49248448 14.55100000
3.49427010 14.52840000
3.49605572 14.50980000
3.49784134 14.49560000
3.49962697 14.48610000
3.50141259 14.48150000
3.50319821 14.48230000
3.50498384 14.48840000
3.50498384 14.48840000
3.50855508 14.46560000
3.51212634 14.44800000
3.51569758 14.43580000
3.51926882 14.42970000
3.52284007 14.43000000
3.52641132 14.43710000
3.52998257 14.45150000
3.53355381 14.47260000
3.53712505 14.50070000
3.54069631 14.53550000
3.54426755 14.57680000
3.54783879 14.62410000
3.55141004 14.67690000
3.55498129 14.73470000
3.55855254 14.79680000
3.56212378 14.86250000
3.56569502 14.93180000
3.56926628 15.00380000
3.57283752 15.07790000
3.57640876 15.15420000
3.57998001 15.23120000
3.58355126 15.30900000
3.58712251 15.38690000
3.59069375 15.46450000
3.59426499 15.54130000
3.59783625 15.61660000
3.60140749 15.69000000
3.60497873 15.76060000
3.60854998 15.82770000
3.61212123 15.89080000
3.61569248 15.94890000
3.61926372 16.00100000
3.62283496 16.04630000
3.62640622 16.08370000
3.62997746 16.11230000
3.63354871 16.13130000
3.63711995 16.13940000
3.64069121 16.13600000
3.64426245 16.12070000
3.64783369 16.09340000
3.65140493 16.05390000
3.65497619 16.00250000
3.65854743 15.93990000
3.66211868 15.86670000
3.66568992 15.78370000
3.66926118 15.69190000
3.67283242 15.59210000
3.67640366 15.48540000
3.67997490 15.37250000
3.68354616 15.25380000
3.68711740 15.13100000
3.69068865 15.00430000
3.69425989 14.87440000
3.69783115 14.74180000
3.70140239 14.60700000
3.70497363 14.47050000
3.70854488 14.33260000
3.71211613 14.19370000
3.71568737 14.05420000
3.71925862 13.91440000
3.72282986 13.77450000
3.72640112 13.63410000
3.72997236 13.49510000
3.73354360 13.35680000
3.73711485 13.21940000
3.74068610 13.08330000
3.74425735 12.94850000
3.74782859 12.81540000
3.75139983 12.68420000
3.75497109 12.55490000
3.75854233 12.42800000
3.76211357 12.30340000
3.76568482 12.18150000
3.76925607 12.06250000
3.77282732 11.94660000
3.77639856 11.83410000
3.77996980 11.72510000
3.78354106 11.61980000
3.78711230 11.51860000
3.79068354 11.42170000
3.79425479 11.32930000
3.79782604 11.24170000
3.80139729 11.15920000
3.80496853 11.08210000
3.80853977 11.01050000
3.81211103 10.94480000
3.81568227 10.88510000
3.81925351 10.83140000
3.82282476 10.78390000
3.82639601 10.74230000
3.82996726 10.70650000
3.83353850 10.67620000
3.83710974 10.65090000
3.84068100 10.63030000
3.84425224 10.61410000
3.84782349 10.60180000
3.85139473 10.59330000
3.85496599 10.58820000
3.85853723 10.58650000
3.85853723 10.58650000
3.86163002 10.58780000
3.86472281 10.59160000
3.86781560 10.59790000
3.87090839 10.60700000
3.87400118 10.61890000
3.87709397 10.63370000
3.88018676 10.65160000
3.88327955 10.67270000
3.88637234 10.69700000
3.88946513 10.72450000
3.89255792 10.75540000
3.89565071 10.78960000
3.89874350 10.82710000
3.90183629 10.86780000
3.90492908 10.91160000
3.90802187 10.95850000
3.91111466 11.00830000
3.91420745 11.06110000
3.91730024 11.11670000
3.92039303 11.17500000
3.92348582 11.23590000
3.92657862 11.29940000
3.92967140 11.36530000
3.93276419 11.43360000
3.93585698 11.50420000
3.93894977 11.57700000
3.94204256 11.65200000
3.94513535 11.72890000
3.94822814 11.80780000
3.95132094 11.88860000
3.95441372 11.97110000
3.95750651 12.05540000
3.96059930 12.14140000
3.96369209 12.22900000
3.96678488 12.31800000
3.96987767 12.40860000
3.97297046 12.50050000
3.97606326 12.59370000
3.97915604 12.68830000
3.98224883 12.78400000
3.98534162 12.88090000
3.98843441 12.97890000
3.99152720 13.07840000
3.99461999 13.17840000
3.99771278 13.27940000
4.00080558 13.38120000
4.00389836 13.48380000
4.00699115 13.58730000
4.01008394 13.69140000
4.01317673 13.79680000
4.01626952 13.90230000
4.01936231 14.00830000
4.02245510 14.11480000
4.02554790 14.22190000
4.02864068 14.32930000
4.03173347 14.43710000
4.03482626 14.54530000
4.03791905 14.65370000
4.04101184 14.76260000
4.04410464 14.87140000
4.04719742 14.98000000
4.05029022 15.08880000
4.05338300 15.19720000
4.05647579 15.30550000
4.05956858 15.41330000
4.06266137 15.51950000
4.06575416 15.62050000
4.06884696 15.67280000
4.07193974 15.60300000
4.07503254 15.50910000
4.07812532 15.41110000
4.08121811 15.31130000
4.08431090 15.21030000
4.08740369 15.10840000
4.09049648 15.12290000
4.09358928 15.20840000
4.09668206 15.29290000
4.09977486 15.37560000
4.10286764 15.45760000
4.10596043 15.53840000
4.10905322 15.61790000
4.11214601 15.69600000
4.11523881 15.77260000
4.11833160 15.84780000
4.12142438 15.92130000
4.12451718 15.99330000
4.12760996 16.06360000
4.13070275 16.13210000
4.13379554 16.19900000
4.13688833 16.26400000
4.13998113 16.32720000
4.14307392 16.38850000
4.14616670 16.44790000
4.14925950 16.50540000
4.15235228 16.56130000
4.15544507 16.61490000
4.15853786 16.66640000
4.16163065 16.71600000
4.16472345 16.76340000

0.00000000 15.66340000
0.00714250 15.66420000
0.01428499 15.66660000
0.02142749 15.67070000
0.02856997 15.67620000
0.03571247 15.68300000
0.04285496 15.69100000
0.04999746 15.70000000
0.05713994 15.70960000
0.06428244 15.71970000
0.07142493 15.72970000
0.07856743 15.73950000
0.08570991 15.74840000
0.09285241 15.75610000
0.09999490 15.76190000
0.10713740 15.76540000
0.11427988 15.76580000
0.12142238 15.76260000
0.12856487 15.75490000
0.13570737 15.74180000
0.14284985 15.72310000
0.14999235 15.69780000
0.15713484 15.66510000
0.16427734 15.62440000
0.17141982 15.57510000
0.17856232 15.51650000
0.18570481 15.44830000
0.19284731 15.37010000
0.19998979 15.28190000
0.20713229 15.18360000
0.21427478 15.07540000
0.22141728 14.95770000
0.22855977 14.83090000
0.23570227 14.69550000
0.24284475 14.55230000
0.24998725 14.40180000
0.25712974 14.24490000
0.26427224 14.08230000
0.27141472 13.91480000
0.27855722 13.74300000
0.28569971 13.56770000
0.29284221 13.38950000
0.29998469 13.20900000
0.30712719 13.02670000
0.31426968 12.84330000
0.32141218 12.87160000
0.32855466 13.04500000
0.33569716 13.21820000
0.34283965 13.39120000
0.34998215 13.56390000
0.35712463 13.73620000
0.36426713 13.90810000
0.37140962 14.07950000
0.37855212 14.25030000
0.38569460 14.42040000
0.39283710 14.58990000
0.39997959 14.75850000
0.40712209 14.92630000
0.41426457 15.09310000
0.42140707 15.25890000
0.42854956 15.42360000
0.43569206 15.58710000
0.44283455 15.74930000
0.44997705 15.91010000
0.45711953 16.06780000
0.46426203 16.22540000
0.47140452 16.38130000
0.47854702 16.53690000
0.48568950 16.68900000
0.49283200 16.83900000
0.49997449 16.98680000
0.50711699 17.13230000
0.51425947 17.27530000
0.52140197 17.41570000
0.52854446 17.55320000
0.53568696 17.68780000
0.54282944 17.81920000
0.54997194 17.94720000
0.55711443 18.07170000
0.56425693 18.19240000
0.57139941 18.30920000
0.57854191 18.42190000
0.58568440 18.53020000
0.59282690 18.63380000
0.59996938 18.73270000
0.60711188 18.82660000
0.61425437 18.91420000
0.62139687 18.99720000
0.62853935 19.07460000
0.63568185 19.14610000
0.64282434 19.21150000
0.64996684 19.26990000
0.65710933 19.32250000
0.66425183 19.36840000
0.67139431 19.40750000
0.67853681 19.43980000
0.68567930 19.46490000
0.69282180 19.48300000
0.69996428 19.49530000
0.70710678 19.49900000
0.70710678 19.49900000
0.71067802 19.49840000
0.71424928 19.49690000
0.71782052 19.49360000
0.72139177 19.49000000
0.72496301 19.48530000
0.72853427 19.47960000
0.73210551 19.47290000
0.73567675 19.46510000
0.73924799 19.45630000
0.74281925 19.44640000
0.74639049 19.43540000
0.74996174 19.42330000
0.75353298 19.41020000
0.75710424 19.39730000
0.76067548 19.38190000
0.76424672 19.36460000
0.76781797 19.34700000
0.77138922 19.32810000
0.77496047 19.30810000
0.77853171 19.28690000
0.78210295 19.26610000
0.78567421 19.24240000
0.78924545 19.21760000
0.79281669 19.19150000
0.79638794 19.16420000
0.79995919 19.13560000
0.80353044 19.10560000
0.80710168 19.07440000
0.81067292 19.04190000
0.81424418 19.00800000
0.81781542 18.97280000
0.82138666 18.93610000
0.82495791 18.89820000
0.82852916 18.85880000
0.83210041 18.81800000
0.83567165 18.77580000
0.83924289 18.73210000
0.84281415 18.68710000
0.84638539 18.64060000
0.84995663 18.59260000
0.85352788 18.54430000
0.85709913 18.49330000
0.86067038 18.44100000
0.86424162 18.38710000
0.86781286 18.33190000
0.87138412 18.27510000
0.87495536 18.21690000
0.87852661 18.15730000
0.88209785 18.09620000
0.88566910 18.03370000
0.88924035 17.96980000
0.89281159 17.90450000
0.89638283 17.83780000
0.89995409 17.76960000
0.90352533 17.70030000
0.90709658 17.62960000
0.91066782 17.55770000
0.91423908 17.48450000
0.91781032 17.41010000
0.92138156 17.33450000
0.92495280 17.25770000
0.92852406 17.17990000
0.93209530 17.10100000
0.93566655 17.02100000
0.93923779 16.94010000
0.94280905 16.85830000
0.94638029 16.77550000
0.94995153 16.69200000
0.95352277 16.60770000
0.95709403 16.52270000
0.96066527 16.43700000
0.96423652 16.35080000
0.96780776 16.26410000
0.97137902 16.17710000
0.97495026 16.08960000
0.97852150 16.00200000
0.98209275 15.91420000
0.98566400 15.82660000
0.98923525 15.73900000
0.99280649 15.65170000
0.99637773 15.56480000
0.99994899 15.47850000
1.00352023 15.39230000
1.00709147 15.30790000
1.01066272 15.22490000
1.01423397 15.14360000
1.01780522 15.06420000
1.02137646 14.98740000
1.02494770 14.91340000
1.02851896 14.84290000
1.03209020 14.77650000
1.03566144 14.71500000
1.03923269 14.65910000
1.04280394 14.60960000
1.04637519 14.56750000
1.04994643 14.53360000
1.05351767 14.50870000
1.05708893 14.49350000
1.06066017 14.48840000
1.06066017 14.48840000
1.06244580 14.49770000
1.06423141 14.50770000
1.06601704 14.51850000
1.06780267 14.53000000
1.06958829 14.54240000
1.07137391 14.55550000
1.07315953 14.56940000
1.07494516 14.58400000
1.07673079 14.60710000
1.07851640 14.63980000
1.08030203 14.67530000
1.08208766 14.71330000
1.08387327 14.75340000
1.08565890 14.79560000
1.08744451 14.83940000
1.08923014 14.88480000
1.09101577 14.93160000
1.09280139 14.97970000
1.09458701 15.02880000
1.09637264 15.07890000
1.09815826 15.12980000
1.09994388 15.18200000
1.10172950 15.23430000
1.10351513 15.28720000
1.10530076 15.34060000
1.10708637 15.39440000
1.10887200 15.44860000
1.11065763 15.50310000
1.11244324 15.55780000
1.11422887 15.61270000
1.11601448 15.66780000
1.11780011 15.72290000
1.11958574 15.77810000
1.12137136 15.83370000
1.12315698 15.88900000
1.12494261 15.94420000
1.12672823 15.99930000
1.12851386 16.05430000
1.13029947 16.10910000
1.13208510 16.16380000
1.13387073 16.21830000
1.13565634 16.27250000
1.13744197 16.32650000
1.13922760 16.37980000
1.14101321 16.43320000
1.14279884 16.48620000
1.14458446 16.53890000
1.14637008 16.59110000
1.14815571 16.64300000
1.14994133 16.69430000
1.15172696 16.74530000
1.15351258 16.79570000
1.15529820 16.84560000
1.15708383 16.89490000
1.15886944 16.94370000
1.16065507 16.99180000
1.16244070 17.03940000
1.16422631 17.08620000
1.16601194 17.13250000
1.16779757 17.17800000
1.16958318 17.22270000
1.17136881 17.26680000
1.17315443 17.31000000
1.17494005 17.35240000
1.17672568 17.39400000
1.17851130 17.43480000
1.18029693 17.47470000
1.18208255 17.51380000
1.18386817 17.55190000
1.18565380 17.58890000
1.18743941 17.62580000
1.18922504 17.66090000
1.19101067 17.69490000
1.19279628 17.72790000
1.19458191 17.75980000
1.19636754 17.79070000
1.19815315 17.82040000
1.19993878 17.84890000
1.20172440 17.87630000
1.20351003 17.90250000
1.20529565 17.92750000
1.20708127 17.95120000
1.20886690 17.97370000
1.21065252 17.99500000
1.21243814 18.01500000
1.21422377 18.03360000
1.21600938 18.05100000
1.21779501 18.06700000
1.21958064 18.08160000
1.22136625 18.09510000
1.22315188 18.10700000
1.22493751 18.11760000
1.22672312 18.12680000
1.22850875 18.13450000
1.23029437 18.14090000
1.23208000 18.14590000
1.23386562 18.14940000
1.23565124 18.15160000
1.23743687 18.15230000
1.23743687 18.15230000
1.24671524 18.08730000
1.25599361 18.02200000
1.26527198 17.95630000
1.27455035 17.88880000
1.28382872 17.82270000
1.29310709 17.75650000
1.30238546 17.69020000
1.31166383 17.62390000
1.32094220 17.55770000
1.33022057 17.49160000
1.33949894 17.42570000
1.34877731 17.36000000
1.35805568 17.29470000
1.36733405 17.22970000
1.37661242 17.16510000
1.38589079 17.10110000
1.39516916 17.03760000
1.40444754 16.97520000
1.41372590 16.91300000
1.42300427 16.85160000
1.43228264 16.79100000
1.44156101 16.73130000
1.45083938 16.67270000
1.46011775 16.61500000
1.46939612 16.55860000
1.47867450 16.50340000
1.48795286 16.44950000
1.49723124 16.39710000
1.50650960 16.34680000
1.51578797 16.29670000
1.52506634 16.24910000
1.53434471 16.20340000
1.54362308 16.15970000
1.55290146 16.11810000
1.56217983 16.07870000
1.57145820 16.04190000
1.58073657 16.00720000
1.59001493 15.97510000
1.59929331 15.94570000
1.60857167 15.91790000
1.61785005 15.89420000
1.62712842 15.87340000
1.63640679 15.85570000
1.64568516 15.84100000
1.65496353 15.82950000
1.66424190 15.82060000
1.67352027 15.81530000
1.68279863 15.81290000
1.69207701 15.81360000
1.70135538 15.81720000
1.71063375 15.82340000
1.71991212 15.83200000
1.72919049 15.84250000
1.73846886 15.85530000
1.74774723 15.86980000
1.75702560 15.88550000
1.76630397 15.90230000
1.77558234 15.91960000
1.78486071 15.93710000
1.79413908 15.95450000
1.80341745 15.97170000
1.81269582 15.98760000
1.82197419 16.00220000
1.83125256 16.01530000
1.84053093 16.02660000
1.84980930 16.03580000
1.85908768 16.04270000
1.86836605 16.04720000
1.87764441 16.04920000
1.88692279 16.04870000
1.89620115 16.04570000
1.90547953 16.04020000
1.91475789 16.03230000
1.92403626 16.02220000
1.93331464 16.01000000
1.94259301 15.99590000
1.95187138 15.98020000
1.96114975 15.96300000
1.97042811 15.94470000
1.97970649 15.92550000
1.98898485 15.90590000
1.99826323 15.88560000
2.00754160 15.86510000
2.01681997 15.84470000
2.02609834 15.82450000
2.03537671 15.80490000
2.04465507 15.78600000
2.05393345 15.76800000
2.06321181 15.75100000
2.07249019 15.73520000
2.08176856 15.72070000
2.09104693 15.70770000
2.10032530 15.69620000
2.10960367 15.68630000
2.11888204 15.67810000
2.12816041 15.67170000
2.13743877 15.66710000
2.14671715 15.66430000
2.15599552 15.66340000
2.15599552 15.66340000
2.16474326 15.66400000
2.17349098 15.66580000
2.18223872 15.66890000
2.19098645 15.67330000
2.19973419 15.67890000
2.20848191 15.68570000
2.21722965 15.69370000
2.22597737 15.70300000
2.23472511 15.71350000
2.24347283 15.72520000
2.25222057 15.73820000
2.26096830 15.75230000
2.26971604 15.76770000
2.27846376 15.78430000
2.28721150 15.80210000
2.29595922 15.82100000
2.30470696 15.84110000
2.31345468 15.86240000
2.32220242 15.88490000
2.33095015 15.90840000
2.33969789 15.93310000
2.34844561 15.95860000
2.35719335 15.98530000
2.36594107 16.01310000
2.37468881 16.04190000
2.38343653 16.07170000
2.39218427 16.10250000
2.40093200 16.13410000
2.40967974 16.16670000
2.41842746 16.20000000
2.42717520 16.23420000
2.43592292 16.26910000
2.44467066 16.30470000
2.45341838 16.34100000
2.46216612 16.37780000
2.47091385 16.41530000
2.47966159 16.45320000
2.48840931 16.49100000
2.49715705 16.52960000
2.50590477 16.56860000
2.51465251 16.60790000
2.52340023 16.64730000
2.53214797 16.68690000
2.54089570 16.72650000
2.54964344 16.76610000
2.55839116 16.80570000
2.56713890 16.84500000
2.57588662 16.88420000
2.58463436 16.92300000
2.59338208 16.96150000
2.60212982 16.99960000
2.61087755 17.03710000
2.61962529 17.07410000
2.62837301 17.11040000
2.63712075 17.14600000
2.64586847 17.18250000
2.65461621 17.21650000
2.66336393 17.24970000
2.67211167 17.28190000
2.68085940 17.31320000
2.68960714 17.34340000
2.69835486 17.37260000
2.70710260 17.40070000
2.71585032 17.42770000
2.72459806 17.45350000
2.73334578 17.47820000
2.74209352 17.50180000
2.75084125 17.52410000
2.75958899 17.54530000
2.76833671 17.56530000
2.77708445 17.58420000
2.78583217 17.60290000
2.79457991 17.61940000
2.80332763 17.63490000
2.81207537 17.64940000
2.82082310 17.66270000
2.82957084 17.67510000
2.83831856 17.68660000
2.84706630 17.69710000
2.85581402 17.70680000
2.86456176 17.71560000
2.87330948 17.72370000
2.88205722 17.73100000
2.89080495 17.73760000
2.89955269 17.74360000
2.90830041 17.74890000
2.91704815 17.75550000
2.92579587 17.75950000
2.93454361 17.76490000
2.94329133 17.76810000
2.95203907 17.77090000
2.96078680 17.77320000
2.96953454 17.77530000
2.97828226 17.77690000
2.98703000 17.77830000
2.99577772 17.77930000
3.00452546 17.78000000
3.01327318 17.78040000
3.02202092 17.78060000
3.02202092 17.78060000
3.02511372 17.78090000
3.02820651 17.78180000
3.03129930 17.78320000
3.03439209 17.78520000
3.03748487 17.78780000
3.04057767 17.79080000
3.04367045 17.79430000
3.04676324 17.79820000
3.04985604 17.80250000
3.05294883 17.80700000
3.05604162 17.81180000
3.05913441 17.81670000
3.06222719 17.82170000
3.06531999 17.82670000
3.06841277 17.83170000
3.07150557 17.83560000
3.07459836 17.84010000
3.07769115 17.84410000
3.08078394 17.84730000
3.08387673 17.85030000
3.08696951 17.85270000
3.09006231 17.85430000
3.09315509 17.85450000
3.09624789 17.85430000
3.09934068 17.85290000
3.10243347 17.85030000
3.10552626 17.84670000
3.10861905 17.84150000
3.11171183 17.83470000
3.11480463 17.82620000
3.11789741 17.81470000
3.12099021 17.80260000
3.12408300 17.78870000
3.12717579 17.77270000
3.13026858 17.75450000
3.13336137 17.73410000
3.13645415 17.71120000
3.13954695 17.68600000
3.14263974 17.65840000
3.14573253 17.62820000
3.14882532 17.59530000
3.15191811 17.55970000
3.15501090 17.52140000
3.15810369 17.48030000
3.16119647 17.43630000
3.16428927 17.38950000
3.16738206 17.33980000
3.17047485 17.28720000
3.17356764 17.23180000
3.17666043 17.17440000
3.17975322 17.11320000
3.18284601 17.04930000
3.18593879 16.98270000
3.18903159 16.91340000
3.19212438 16.84150000
3.19521717 16.76710000
3.19830996 16.69030000
3.20140275 16.61120000
3.20449554 16.52990000
3.20758833 16.44650000
3.21068111 16.36090000
3.21377391 16.27370000
3.21686670 16.18470000
3.21995949 16.09440000
3.22305228 16.00300000
3.22614507 15.91140000
3.22923786 15.82340000
3.23233065 15.78250000
3.23542343 15.86220000
3.23851623 15.96440000
3.24160902 16.06910000
3.24470181 16.17390000
3.24779460 16.27840000
3.25088739 16.38210000
3.25398018 16.48480000
3.25707297 16.58640000
3.26016576 16.68670000
3.26325855 16.78550000
3.26635134 16.88260000
3.26944413 16.97790000
3.27253692 17.07110000
3.27562971 17.16200000
3.27872250 17.25030000
3.28181529 17.33600000
3.28490808 17.41860000
3.28800087 17.49800000
3.29109366 17.57380000
3.29418645 17.64600000
3.29727924 17.71410000
3.30037203 17.77810000
3.30346482 17.83780000
3.30655761 17.89300000
3.30965040 17.94360000
3.31274320 17.98960000
3.31583598 18.03110000
3.31892877 18.06860000
3.32202156 18.10080000
3.32511435 18.12860000
3.32820714 18.15230000
3.32820714 18.15230000
3.32999277 18.15160000
3.33177839 18.14940000
3.33356401 18.14590000
3.33534964 18.14090000
3.33713526 18.13450000
3.33892088 18.12680000
3.34070650 18.11760000
3.34249213 18.10700000
3.34427776 18.09510000
3.34606337 18.08160000
3.34784900 18.06700000
3.34963463 18.05100000
3.35142024 18.03360000
3.35320587 18.01490000
3.35499148 17.99500000
3.35677711 17.97370000
3.35856274 17.95120000
3.36034836 17.92750000
3.36213398 17.90250000
3.36391961 17.87630000
3.36570523 17.84890000
3.36749086 17.82040000
3.36927647 17.79070000
3.37106210 17.75980000
3.37284773 17.72790000
3.37463334 17.69490000
3.37641897 17.66090000
3.37820460 17.62580000
3.37999021 17.58890000
3.38177584 17.55190000
3.38356146 17.51380000
3.38534708 17.47470000
3.38713271 17.43480000
3.38891833 17.39400000
3.39070395 17.35240000
3.39248958 17.31000000
3.39427520 17.26670000
3.39606083 17.22270000
3.39784644 17.17800000
3.39963207 17.13250000
3.40141770 17.08620000
3.40320331 17.03940000
3.40498894 16.99180000
3.40677457 16.94370000
3.40856018 16.89490000
3.41034581 16.84560000
3.41213143 16.79570000
3.41391705 16.74530000
3.41570268 16.69430000
3.41748830 16.64300000
3.41927393 16.59110000
3.42105955 16.53890000
3.42284517 16.48620000
3.42463080 16.43320000
3.42641641 16.37980000
3.42820204 16.32650000
3.42998767 16.27250000
3.43177328 16.21830000
3.43355891 16.16380000
3.43534454 16.10910000
3.43713015 16.05430000
3.43891578 15.99930000
3.44070140 15.94420000
3.44248702 15.88900000
3.44427265 15.83370000
3.44605827 15.77810000
3.44784390 15.72290000
3.44962952 15.66780000
3.45141514 15.61270000
3.45320077 15.55780000
3.45498638 15.50310000
3.45677201 15.44860000
3.45855764 15.39440000
3.46034325 15.34060000
3.46212888 15.28720000
3.46391451 15.23430000
3.46570012 15.18200000
3.46748575 15.12980000
3.46927137 15.07890000
3.47105700 15.02880000
3.47284262 14.97970000
3.47462824 14.93160000
3.47641387 14.88480000
3.47819950 14.83940000
3.47998511 14.79560000
3.48177074 14.75340000
3.48355635 14.71330000
3.48534198 14.67530000
3.48712761 14.63980000
3.48891322 14.60710000
3.49069885 14.58400000
3.49248448 14.56940000
3.49427010 14.55550000
3.49605572 14.54240000
3.49784134 14.53000000
3.49962697 14.51850000
3.50141259 14.50770000
3.50319821 14.49770000
3.50498384 14.48840000
3.50498384 14.48840000
3.50855508 14.51580000
3.51212634 14.54720000
3.51569758 14.58240000
3.51926882 14.62090000
3.52284007 14.66220000
3.52641132 14.70620000
3.52998257 14.75250000
3.53355381 14.80080000
3.53712505 14.85150000
3.54069631 14.90330000
3.54426755 14.95640000
3.54783879 15.01090000
3.55141004 15.06650000
3.55498129 15.12320000
3.55855254 15.18070000
3.56212378 15.23900000
3.56569502 15.29800000
3.56926628 15.35760000
3.57283752 15.41770000
3.57640876 15.47880000
3.57998001 15.53960000
3.58355126 15.60090000
3.58712251 15.66250000
3.59069375 15.72420000
3.59426499 15.78600000
3.59783625 15.84800000
3.60140749 15.90990000
3.60497873 15.97180000
3.60854998 16.03320000
3.61212123 16.09480000
3.61569248 16.15620000
3.61926372 16.21740000
3.62283496 16.27830000
3.62640622 16.33880000
3.62997746 16.39890000
3.63354871 16.45880000
3.63711995 16.51790000
3.64069121 16.57640000
3.64426245 16.63400000
3.64783369 16.69120000
3.65140493 16.74770000
3.65497619 16.80330000
3.65854743 16.85810000
3.66211868 16.91190000
3.66568992 16.96480000
3.66926118 17.01670000
3.67283242 17.06740000
3.67640366 17.11760000
3.67997490 17.16600000
3.68354616 17.21310000
3.68711740 17.25890000
3.69068865 17.30330000
3.69425989 17.34620000
3.69783115 17.38770000
3.70140239 17.42760000
3.70497363 17.46590000
3.70854488 17.50260000
3.71211613 17.53750000
3.71568737 17.57080000
3.71925862 17.60220000
3.72282986 17.63190000
3.72640112 17.65920000
3.72997236 17.68560000
3.73354360 17.70970000
3.73711485 17.73190000
3.74068610 17.75220000
3.74425735 17.77060000
3.74782859 17.78710000
3.75139983 17.80180000
3.75497109 17.81470000
3.75854233 17.82580000
3.76211357 17.83520000
3.76568482 17.84240000
3.76925607 17.84850000
3.77282732 17.85300000
3.77639856 17.85610000
3.77996980 17.85830000
3.78354106 17.85870000
3.78711230 17.85800000
3.79068354 17.85620000
3.79425479 17.85350000
3.79782604 17.85000000
3.80139729 17.84570000
3.80496853 17.84290000
3.80853977 17.83760000
3.81211103 17.83200000
3.81568227 17.82620000
3.81925351 17.82030000
3.82282476 17.81450000
3.82639601 17.80890000
3.82996726 17.80350000
3.83353850 17.79860000
3.83710974 17.79400000
3.84068100 17.79010000
3.84425224 17.78670000
3.84782349 17.78410000
3.85139473 17.78210000
3.85496599 17.78100000
3.85853723 17.78060000
3.85853723 17.78060000
3.86163002 17.78090000
3.86472281 17.78180000
3.86781560 17.78320000
3.87090839 17.78520000
3.87400118 17.78780000
3.87709397 17.79080000
3.88018676 17.79430000
3.88327955 17.79820000
3.88637234 17.80250000
3.88946513 17.80700000
3.89255792 17.81180000
3.89565071 17.81670000
3.89874350 17.82170000
3.90183629 17.82670000
3.90492908 17.83170000
3.90802187 17.83560000
3.91111466 17.84010000
3.91420745 17.84410000
3.91730024 17.84730000
3.92039303 17.85030000
3.92348582 17.85270000
3.92657862 17.85430000
3.92967140 17.85450000
3.93276419 17.85430000
3.93585698 17.85290000
3.93894977 17.85030000
3.94204256 17.84670000
3.94513535 17.84150000
3.94822814 17.83470000
3.95132094 17.82620000
3.95441372 17.81470000
3.95750651 17.80260000
3.96059930 17.78870000
3.96369209 17.77270000
3.96678488 17.75450000
3.96987767 17.73410000
3.97297046 17.71120000
3.97606326 17.68600000
3.97915604 17.65840000
3.98224883 17.62820000
3.98534162 17.59530000
3.98843441 17.55970000
3.99152720 17.52140000
3.99461999 17.48030000
3.99771278 17.43630000
4.00080558 17.38950000
4.00389836 17.33980000
4.00699115 17.28720000
4.01008394 17.23180000
4.01317673 17.17440000
4.01626952 17.11320000
4.01936231 17.04930000
4.02245510 16.98270000
4.02554790 16.91340000
4.02864068 16.84150000
4.03173347 16.76710000
4.03482626 16.69030000
4.03791905 16.61120000
4.04101184 16.52990000
4.04410464 16.44650000
4.04719742 16.36090000
4.05029022 16.27370000
4.05338300 16.18470000
4.05647579 16.09440000
4.05956858 16.00300000
4.06266137 15.91140000
4.06575416 15.82340000
4.06884696 15.78250000
4.07193974 15.86220000
4.07503254 15.96440000
4.07812532 16.06910000
4.08121811 16.17390000
4.08431090 16.27840000
4.08740369 16.38210000
4.09049648 16.48480000
4.09358928 16.58640000
4.09668206 16.68670000
4.09977486 16.78550000
4.10286764 16.88260000
4.10596043 16.97790000
4.10905322 17.07110000
4.11214601 17.16200000
4.11523881 17.25030000
4.11833160 17.33600000
4.12142438 17.41860000
4.12451718 17.49800000
4.12760996 17.57380000
4.13070275 17.64600000
4.13379554 17.71410000
4.13688833 17.77810000
4.13998113 17.83780000
4.14307392 17.89300000
4.14616670 17.94360000
4.14925950 17.98960000
4.15235228 18.03110000
4.15544507 18.06860000
4.15853786 18.10080000
4.16163065 18.12860000
4.16472345 18.15230000

0.00000000 21.08050000
0.00714250 21.08240000
0.01428499 21.08820000
0.02142749 21.09780000
0.02856997 21.11130000
0.03571247 21.12850000
0.04285496 21.14960000
0.04999746 21.17430000
0.05713994 21.20280000
0.06428244 21.23480000
0.07142493 21.27050000
0.07856743 21.30960000
0.08570991 21.35220000
0.09285241 21.39810000
0.09999490 21.44730000
0.10713740 21.49970000
0.11427988 21.55560000
0.12142238 21.61420000
0.12856487 21.67560000
0.13570737 21.73990000
0.14284985 21.80680000
0.14999235 21.87630000
0.15713484 21.94830000
0.16427734 22.02270000
0.17141982 22.09930000
0.17856232 22.17800000
0.18570481 22.25870000
0.19284731 22.26090000
0.19998979 22.15680000
0.20713229 22.06750000
0.21427478 21.99270000
0.22141728 21.93220000
0.22855977 21.88530000
0.23570227 21.85140000
0.24284475 21.82980000
0.24998725 21.81970000
0.25712974 21.82030000
0.26427224 21.83070000
0.27141472 21.85020000
0.27855722 21.87790000
0.28569971 21.91300000
0.29284221 21.95490000
0.29998469 22.00280000
0.30712719 22.05610000
0.31426968 22.11420000
0.32141218 22.17660000
0.32855466 22.24270000
0.33569716 22.31260000
0.34283965 22.38490000
0.34998215 22.45960000
0.35712463 22.53650000
0.36426713 22.61520000
0.37140962 22.69540000
0.37855212 22.77690000
0.38569460 22.85940000
0.39283710 22.94270000
0.39997959 23.02650000
0.40712209 23.11080000
0.41426457 23.19520000
0.42140707 23.27980000
0.42854956 23.36430000
0.43569206 23.44860000
0.44283455 23.53270000
0.44997705 23.61630000
0.45711953 23.70150000
0.46426203 23.78400000
0.47140452 23.86590000
0.47854702 23.95170000
0.48568950 24.03200000
0.49283200 24.10940000
0.49997449 24.18780000
0.50711699 24.26520000
0.51425947 24.34150000
0.52140197 24.41680000
0.52854446 24.49100000
0.53568696 24.56390000
0.54282944 24.63570000
0.54997194 24.70620000
0.55711443 24.77550000
0.56425693 24.84340000
0.57139941 24.91010000
0.57854191 24.97530000
0.58568440 25.03920000
0.59282690 25.10160000
0.59996938 25.16260000
0.60711188 25.22210000
0.61425437 25.28010000
0.62139687 25.33650000
0.62853935 25.39140000
0.63568185 25.44460000
0.64282434 25.49620000
0.64996684 25.54150000
0.65710933 25.58950000
0.66425183 25.63570000
0.67139431 25.68010000
0.67853681 25.72270000
0.68567930 25.76350000
0.69282180 25.80230000
0.69996428 25.84180000
0.70710678 25.87670000
0.70710678 25.87670000
0.71067802 25.87600000
0.71424928 25.87390000
0.71782052 25.86890000
0.72139177 25.86390000
0.72496301 25.85760000
0.72853427 25.84990000
0.73210551 25.84090000
0.73567675 25.83050000
0.73924799 25.81880000
0.74281925 25.80570000
0.74639049 25.79140000
0.74996174 25.77580000
0.75353298 25.75900000
0.75710424 25.74100000
0.76067548 25.72170000
0.76424672 25.70000000
0.76781797 25.67850000
0.77138922 25.65590000
0.77496047 25.63220000
0.77853171 25.60760000
0.78210295 25.58390000
0.78567421 25.55730000
0.78924545 25.52990000
0.79281669 25.50170000
0.79638794 25.47260000
0.79995919 25.44280000
0.80353044 25.41240000
0.80710168 25.38130000
0.81067292 25.34960000
0.81424418 25.31750000
0.81781542 25.28480000
0.82138666 25.25170000
0.82495791 25.21820000
0.82852916 25.18440000
0.83210041 25.15040000
0.83567165 25.11610000
0.83924289 25.08170000
0.84281415 25.04720000
0.84638539 25.01260000
0.84995663 24.97800000
0.85352788 24.94390000
0.85709913 24.90940000
0.86067038 24.87510000
0.86424162 24.84100000
0.86781286 24.80710000
0.87138412 24.77350000
0.87495536 24.74010000
0.87852661 24.70720000
0.88209785 24.67460000
0.88566910 24.64240000
0.88924035 24.61070000
0.89281159 24.57940000
0.89638283 24.54860000
0.89995409 24.51770000
0.90352533 24.48800000
0.90709658 24.45900000
0.91066782 24.43050000
0.91423908 24.40260000
0.91781032 24.37530000
0.92138156 24.34870000
0.92495280 24.32280000
0.92852406 24.29750000
0.93209530 24.27290000
0.93566655 24.24900000
0.93923779 24.22580000
0.94280905 24.20330000
0.94638029 24.18150000
0.94995153 24.16050000
0.95352277 24.14010000
0.95709403 24.12040000
0.96066527 24.10150000
0.96423652 24.08330000
0.96780776 24.06570000
0.97137902 24.04900000
0.97495026 24.03290000
0.97852150 24.01750000
0.98209275 24.00280000
0.98566400 23.98920000
0.98923525 23.97580000
0.99280649 23.96320000
0.99637773 23.95120000
0.99994899 23.93990000
1.00352023 23.92880000
1.00709147 23.91880000
1.01066272 23.90960000
1.01423397 23.90100000
1.01780522 23.89300000
1.02137646 23.88570000
1.02494770 23.87900000
1.02851896 23.87300000
1.03209020 23.86770000
1.03566144 23.86290000
1.03923269 23.85880000
1.04280394 23.85540000
1.04637519 23.85250000
1.04994643 23.85030000
1.05351767 23.84880000
1.05708893 23.84780000
1.06066017 23.84750000
1.06066017 23.84750000
1.06244580 23.81300000
1.06423141 23.77820000
1.06601704 23.74310000
1.06780267 23.70790000
1.06958829 23.67240000
1.07137391 23.63660000
1.07315953 23.60070000
1.07494516 23.56460000
1.07673079 23.52830000
1.07851640 23.49180000
1.08030203 23.45510000
1.08208766 23.41830000
1.08387327 23.38130000
1.08565890 23.34420000
1.08744451 23.30690000
1.08923014 23.26950000
1.09101577 23.23190000
1.09280139 23.19430000
1.09458701 23.15650000
1.09637264 23.11860000
1.09815826 23.08060000
1.09994388 23.04310000
1.10172950 23.00500000
1.10351513 22.96680000
1.10530076 22.92850000
1.10708637 22.89020000
1.10887200 22.85190000
1.11065763 22.81350000
1.11244324 22.77500000
1.11422887 22.73660000
1.11601448 22.69810000
1.11780011 22.65970000
1.11958574 22.62060000
1.12137136 22.58330000
1.12315698 22.54490000
1.12494261 22.50650000
1.12672823 22.46820000
1.12851386 22.43000000
1.13029947 22.39180000
1.13208510 22.35370000
1.13387073 22.31560000
1.13565634 22.27770000
1.13744197 22.23990000
1.13922760 22.20120000
1.14101321 22.16360000
1.14279884 22.12620000
1.14458446 22.08900000
1.14637008 22.05190000
1.14815571 22.01500000
1.14994133 21.97840000
1.15172696 21.94190000
1.15351258 21.90570000
1.15529820 21.86970000
1.15708383 21.83400000
1.15886944 21.79860000
1.16065507 21.76340000
1.16244070 21.72860000
1.16422631 21.69410000
1.16601194 21.66000000
1.16779757 21.62620000
1.16958318 21.59280000
1.17136881 21.55980000
1.17315443 21.52720000
1.17494005 21.49510000
1.17672568 21.46350000
1.17851130 21.43240000
1.18029693 21.40180000
1.18208255 21.37210000
1.18386817 21.34260000
1.18565380 21.31360000
1.18743941 21.28600000
1.18922504 21.25830000
1.19101067 21.23130000
1.19279628 21.20500000
1.19458191 21.17940000
1.19636754 21.15450000
1.19815315 21.13050000
1.19993878 21.10720000
1.20172440 21.08480000
1.20351003 21.06320000
1.20529565 21.04260000
1.20708127 21.02240000
1.20886690 21.00360000
1.21065252 20.98580000
1.21243814 20.96900000
1.21422377 20.95320000
1.21600938 20.93850000
1.21779501 20.92490000
1.21958064 20.91230000
1.22136625 20.90110000
1.22315188 20.89090000
1.22493751 20.88180000
1.22672312 20.87380000
1.22850875 20.86710000
1.23029437 20.86160000
1.23208000 20.85730000
1.23386562 20.85420000
1.23565124 20.85230000
1.23743687 20.85170000
1.23743687 20.85170000
1.24671524 20.65030000
1.25599361 20.45010000
1.26527198 20.25140000
1.27455035 20.05290000
1.28382872 19.85840000
1.29310709 19.66660000
1.30238546 19.47840000
1.31166383 19.29460000
1.32094220 19.11650000
1.33022057 18.94610000
1.33949894 18.78630000
1.34877731 18.64150000
1.35805568 18.51860000
1.36733405 18.42810000
1.37661242 18.38410000
1.38589079 18.40010000
1.39516916 18.48130000
1.40444754 18.62010000
1.41372590 18.79990000
1.42300427 19.00620000
1.43228264 19.22800000
1.44156101 19.45810000
1.45083938 19.69160000
1.46011775 19.92460000
1.46939612 20.15610000
1.47867450 20.38390000
1.48795286 20.60650000
1.49723124 20.82300000
1.50650960 21.03260000
1.51578797 21.23360000
1.52506634 21.42710000
1.53434471 21.61170000
1.54362308 21.78700000
1.55290146 21.95280000
1.56217983 22.10850000
1.57145820 22.18460000
1.58073657 22.11000000
1.59001493 22.04070000
1.59929331 21.97680000
1.60857167 21.91800000
1.61785005 21.86490000
1.62712842 21.81730000
1.63640679 21.77530000
1.64568516 21.73890000
1.65496353 21.70820000
1.66424190 21.68320000
1.67352027 21.66410000
1.68279863 21.65080000
1.69207701 21.64350000
1.70135538 21.64210000
1.71063375 21.64670000
1.71991212 21.65730000
1.72919049 21.67410000
1.73846886 21.69700000
1.74774723 21.72600000
1.75702560 21.76120000
1.76630397 21.80260000
1.77558234 21.85030000
1.78486071 21.90420000
1.79413908 21.96440000
1.80341745 22.03090000
1.81269582 22.10370000
1.82197419 22.18270000
1.83125256 22.26800000
1.84053093 22.35960000
1.84980930 22.45750000
1.85908768 22.56170000
1.86836605 22.58970000
1.87764441 22.52370000
1.88692279 22.45640000
1.89620115 22.38810000
1.90547953 22.31920000
1.91475789 22.25000000
1.92403626 22.18050000
1.93331464 22.11120000
1.94259301 22.04220000
1.95187138 21.97380000
1.96114975 21.90630000
1.97042811 21.84000000
1.97970649 21.77470000
1.98898485 21.71140000
1.99826323 21.64990000
2.00754160 21.59050000
2.01681997 21.53330000
2.02609834 21.47880000
2.03537671 21.42710000
2.04465507 21.37830000
2.05393345 21.33270000
2.06321181 21.29040000
2.07249019 21.25160000
2.08176856 21.21650000
2.09104693 21.18510000
2.10032530 21.15770000
2.10960367 21.13430000
2.11888204 21.11500000
2.12816041 21.10000000
2.13743877 21.08920000
2.14671715 21.08270000
2.15599552 21.08050000
2.15599552 21.08050000
2.16474326 21.08190000
2.17349098 21.08630000
2.18223872 21.09350000
2.19098645 21.10350000
2.19973419 21.11640000
2.20848191 21.13210000
2.21722965 21.15050000
2.22597737 21.17160000
2.23472511 21.19520000
2.24347283 21.22140000
2.25222057 21.25010000
2.26096830 21.28110000
2.26971604 21.31430000
2.27846376 21.34960000
2.28721150 21.38700000
2.29595922 21.42620000
2.30470696 21.46710000
2.31345468 21.50960000
2.32220242 21.55350000
2.33095015 21.59860000
2.33969789 21.64490000
2.34844561 21.69200000
2.35719335 21.74030000
2.36594107 21.78860000
2.37468881 21.83730000
2.38343653 21.88620000
2.39218427 21.93490000
2.40093200 21.98340000
2.40967974 22.03140000
2.41842746 22.07870000
2.42717520 22.12530000
2.43592292 22.17070000
2.44467066 22.21510000
2.45341838 22.25800000
2.46216612 22.29960000
2.47091385 22.33950000
2.47966159 22.37780000
2.48840931 22.41430000
2.49715705 22.44910000
2.50590477 22.48200000
2.51465251 22.51310000
2.52340023 22.54240000
2.53214797 22.57030000
2.54089570 22.59620000
2.54964344 22.62050000
2.55839116 22.64330000
2.56713890 22.66480000
2.57588662 22.68510000
2.58463436 22.70440000
2.59338208 22.72280000
2.60212982 22.74050000
2.61087755 22.75770000
2.61962529 22.77410000
2.62837301 22.79080000
2.63712075 22.80750000
2.64586847 22.82450000
2.65461621 22.84180000
2.66336393 22.85960000
2.67211167 22.87820000
2.68085940 22.89760000
2.68960714 22.91800000
2.69835486 22.93940000
2.70710260 22.96210000
2.71585032 22.98600000
2.72459806 23.01130000
2.73334578 23.03810000
2.74209352 23.06630000
2.75084125 23.09600000
2.75958899 23.12720000
2.76833671 23.16000000
2.77708445 23.19430000
2.78583217 23.23270000
2.79457991 23.26990000
2.80332763 23.30860000
2.81207537 23.34850000
2.82082310 23.38960000
2.82957084 23.43190000
2.83831856 23.47510000
2.84706630 23.51910000
2.85581402 23.56380000
2.86456176 23.60890000
2.87330948 23.65430000
2.88205722 23.69980000
2.89080495 23.74510000
2.89955269 23.79000000
2.90830041 23.83400000
2.91704815 23.87810000
2.92579587 23.91730000
2.93454361 23.95730000
2.94329133 23.99500000
2.95203907 24.03020000
2.96078680 24.06240000
2.96953454 24.09140000
2.97828226 24.11680000
2.98703000 24.13800000
2.99577772 24.15500000
3.00452546 24.16730000
3.01327318 24.17470000
3.02202092 24.17720000
3.02202092 24.17720000
3.02511372 24.17550000
3.02820651 24.17040000
3.03129930 24.16170000
3.03439209 24.14970000
3.03748487 24.13420000
3.04057767 24.11530000
3.04367045 24.09290000
3.04676324 24.06710000
3.04985604 24.03800000
3.05294883 24.00540000
3.05604162 23.96950000
3.05913441 23.93020000
3.06222719 23.88770000
3.06531999 23.84200000
3.06841277 23.79320000
3.07150557 23.74100000
3.07459836 23.68620000
3.07769115 23.62860000
3.08078394 23.56800000
3.08387673 23.50510000
3.08696951 23.43970000
3.09006231 23.37210000
3.09315509 23.30230000
3.09624789 23.23070000
3.09934068 23.15720000
3.10243347 23.08220000
3.10552626 23.00640000
3.10861905 22.92870000
3.11171183 22.85000000
3.11480463 22.77050000
3.11789741 22.68980000
3.12099021 22.60910000
3.12408300 22.52820000
3.12717579 22.44710000
3.13026858 22.36620000
3.13336137 22.28550000
3.13645415 22.20510000
3.13954695 22.12550000
3.14263974 22.04660000
3.14573253 21.96860000
3.14882532 21.89170000
3.15191811 21.81570000
3.15501090 21.74130000
3.15810369 21.66840000
3.16119647 21.59710000
3.16428927 21.52740000
3.16738206 21.45950000
3.17047485 21.39340000
3.17356764 21.32920000
3.17666043 21.26860000
3.17975322 21.20830000
3.18284601 21.15010000
3.18593879 21.09390000
3.18903159 21.03970000
3.19212438 20.98760000
3.19521717 20.93750000
3.19830996 20.88940000
3.20140275 20.84330000
3.20449554 20.79910000
3.20758833 20.75690000
3.21068111 20.71640000
3.21377391 20.67790000
3.21686670 20.64110000
3.21995949 20.60630000
3.22305228 20.57320000
3.22614507 20.54190000
3.22923786 20.51230000
3.23233065 20.48440000
3.23542343 20.45830000
3.23851623 20.43390000
3.24160902 20.41120000
3.24470181 20.39020000
3.24779460 20.37090000
3.25088739 20.35350000
3.25398018 20.33800000
3.25707297 20.32440000
3.26016576 20.31280000
3.26325855 20.30300000
3.26635134 20.29580000
3.26944413 20.29090000
3.27253692 20.28850000
3.27562971 20.28870000
3.27872250 20.29170000
3.28181529 20.29780000
3.28490808 20.30700000
3.28800087 20.31960000
3.29109366 20.33580000
3.29418645 20.35580000
3.29727924 20.37960000
3.30037203 20.40760000
3.30346482 20.43980000
3.30655761 20.47630000
3.30965040 20.51720000
3.31274320 20.56240000
3.31583598 20.61200000
3.31892877 20.66640000
3.32202156 20.72430000
3.32511435 20.78620000
3.32820714 20.85170000
3.32820714 20.85170000
3.32999277 20.85230000
3.33177839 20.85420000
3.33356401 20.85730000
3.33534964 20.86160000
3.33713526 20.86710000
3.33892088 20.87380000
3.34070650 20.88180000
3.34249213 20.89090000
3.34427776 20.90110000
3.34606337 20.91230000
3.34784900 20.92490000
3.34963463 20.93850000
3.35142024 20.95320000
3.35320587 20.96900000
3.35499148 20.98580000
3.35677711 21.00360000
3.35856274 21.02240000
3.36034836 21.04260000
3.36213398 21.06320000
3.36391961 21.08480000
3.36570523 21.10720000
3.36749086 21.13050000
3.36927647 21.15450000
3.37106210 21.17940000
3.37284773 21.20500000
3.37463334 21.23130000
3.37641897 21.25830000
3.37820460 21.28600000
3.37999021 21.31360000
3.38177584 21.34260000
3.38356146 21.37210000
3.38534708 21.40180000
3.38713271 21.43240000
3.38891833 21.46350000
3.39070395 21.49510000
3.39248958 21.52720000
3.39427520 21.55980000
3.39606083 21.59280000
3.39784644 21.62620000
3.39963207 21.66000000
3.40141770 21.69410000
3.40320331 21.72860000
3.40498894 21.76340000
3.40677457 21.79860000
3.40856018 21.83400000
3.41034581 21.86970000
3.41213143 21.90570000
3.41391705 21.94190000
3.41570268 21.97840000
3.41748830 22.01500000
3.41927393 22.05190000
3.42105955 22.08900000
3.42284517 22.12620000
3.42463080 22.16360000
3.42641641 22.20120000
3.42820204 22.23990000
3.42998767 22.27770000
3.43177328 22.31560000
3.43355891 22.35370000
3.43534454 22.39180000
3.43713015 22.43000000
3.43891578 22.46820000
3.44070140 22.50650000
3.44248702 22.54490000
3.44427265 22.58330000
3.44605827 22.62060000
3.44784390 22.65970000
3.44962952 22.69810000
3.45141514 22.73660000
3.45320077 22.77500000
3.45498638 22.81350000
3.45677201 22.85190000
3.45855764 22.89020000
3.46034325 22.92850000
3.46212888 22.96680000
3.46391451 23.00500000
3.46570012 23.04310000
3.46748575 23.08060000
3.46927137 23.11860000
3.47105700 23.15650000
3.47284262 23.19430000
3.47462824 23.23190000
3.47641387 23.26950000
3.47819950 23.30690000
3.47998511 23.34420000
3.48177074 23.38130000
3.48355635 23.41830000
3.48534198 23.45510000
3.48712761 23.49180000
3.48891322 23.52830000
3.49069885 23.56460000
3.49248448 23.60070000
3.49427010 23.63660000
3.49605572 23.67240000
3.49784134 23.70790000
3.49962697 23.74310000
3.50141259 23.77820000
3.50319821 23.81300000
3.50498384 23.84750000
3.50498384 23.84750000
3.50855508 23.74920000
3.51212634 23.64880000
3.51569758 23.54650000
3.51926882 23.44220000
3.52284007 23.33610000
3.52641132 23.22810000
3.52998257 23.11910000
3.53355381 23.00750000
3.53712505 22.89420000
3.54069631 22.77920000
3.54426755 22.66260000
3.54783879 22.54450000
3.55141004 22.42500000
3.55498129 22.30420000
3.55855254 22.18230000
3.56212378 22.05830000
3.56569502 21.93460000
3.56926628 21.81020000
3.57283752 21.68530000
3.57640876 21.56060000
3.57998001 21.43540000
3.58355126 21.31070000
3.58712251 21.18670000
3.59069375 21.06370000
3.59426499 20.94210000
3.59783625 20.82250000
3.60140749 20.70530000
3.60497873 20.59120000
3.60854998 20.48010000
3.61212123 20.37420000
3.61569248 20.27360000
3.61926372 20.17910000
3.62283496 20.09180000
3.62640622 20.01270000
3.62997746 19.94270000
3.63354871 19.88320000
3.63711995 19.83430000
3.64069121 19.79710000
3.64426245 19.77210000
3.64783369 19.75960000
3.65140493 19.75970000
3.65497619 19.77200000
3.65854743 19.79610000
3.66211868 19.83120000
3.66568992 19.87670000
3.66926118 19.93150000
3.67283242 19.99490000
3.67640366 20.06590000
3.67997490 20.14350000
3.68354616 20.22740000
3.68711740 20.31630000
3.69068865 20.40970000
3.69425989 20.50710000
3.69783115 20.60800000
3.70140239 20.71170000
3.70497363 20.81800000
3.70854488 20.92640000
3.71211613 21.03640000
3.71568737 21.14790000
3.71925862 21.26050000
3.72282986 21.37390000
3.72640112 21.48770000
3.72997236 21.60240000
3.73354360 21.71660000
3.73711485 21.83060000
3.74068610 21.94410000
3.74425735 22.05700000
3.74782859 22.16890000
3.75139983 22.27970000
3.75497109 22.38920000
3.75854233 22.49710000
3.76211357 22.60330000
3.76568482 22.70630000
3.76925607 22.80820000
3.77282732 22.90780000
3.77639856 23.00470000
3.77996980 23.09900000
3.78354106 23.19010000
3.78711230 23.27800000
3.79068354 23.36250000
3.79425479 23.44350000
3.79782604 23.52080000
3.80139729 23.59420000
3.80496853 23.66440000
3.80853977 23.72970000
3.81211103 23.79080000
3.81568227 23.84760000
3.81925351 23.90000000
3.82282476 23.94800000
3.82639601 23.99150000
3.82996726 24.03040000
3.83353850 24.06480000
3.83710974 24.09460000
3.84068100 24.11990000
3.84425224 24.14050000
3.84782349 24.15660000
3.85139473 24.16810000
3.85496599 24.17490000
3.85853723 24.17720000
3.85853723 24.17720000
3.86163002 24.17550000
3.86472281 24.17040000
3.86781560 24.16170000
3.87090839 24.14970000
3.87400118 24.13420000
3.87709397 24.11530000
3.88018676 24.09290000
3.88327955 24.06710000
3.88637234 24.03800000
3.88946513 24.00540000
3.89255792 23.96950000
3.89565071 23.93020000
3.89874350 23.88770000
3.90183629 23.84200000
3.90492908 23.79320000
3.90802187 23.74100000
3.91111466 23.68620000
3.91420745 23.62860000
3.91730024 23.56800000
3.92039303 23.50510000
3.92348582 23.43970000
3.92657862 23.37210000
3.92967140 23.30230000
3.93276419 23.23070000
3.93585698 23.15720000
3.93894977 23.08220000
3.94204256 23.00640000
3.94513535 22.92870000
3.94822814 22.85000000
3.95132094 22.77050000
3.95441372 22.68980000
3.95750651 22.60910000
3.96059930 22.52820000
3.96369209 22.44710000
3.96678488 22.36620000
3.96987767 22.28550000
3.97297046 22.20510000
3.97606326 22.12550000
3.97915604 22.04660000
3.98224883 21.96860000
3.98534162 21.89170000
3.98843441 21.81570000
3.99152720 21.74130000
3.99461999 21.66840000
3.99771278 21.59710000
4.00080558 21.52740000
4.00389836 21.45950000
4.00699115 21.39340000
4.01008394 21.32920000
4.01317673 21.26860000
4.01626952 21.20830000
4.01936231 21.15010000
4.02245510 21.09390000
4.02554790 21.03970000
4.02864068 20.98760000
4.03173347 20.93750000
4.03482626 20.88940000
4.03791905 20.84330000
4.04101184 20.79910000
4.04410464 20.75690000
4.04719742 20.71640000
4.05029022 20.67790000
4.05338300 20.64110000
4.05647579 20.60630000
4.05956858 20.57320000
4.06266137 20.54190000
4.06575416 20.51230000
4.06884696 20.48440000
4.07193974 20.45830000
4.07503254 20.43390000
4.07812532 20.41120000
4.08121811 20.39020000
4.08431090 20.37090000
4.08740369 20.35350000
4.09049648 20.33800000
4.09358928 20.32440000
4.09668206 20.31280000
4.09977486 20.30300000
4.10286764 20.29580000
4.10596043 20.29090000
4.10905322 20.28850000
4.11214601 20.28870000
4.11523881 20.29170000
4.11833160 20.29780000
4.12142438 20.30700000
4.12451718 20.31960000
4.12760996 20.33580000
4.13070275 20.35580000
4.13379554 20.37960000
4.13688833 20.40760000
4.13998113 20.43980000
4.14307392 20.47630000
4.14616670 20.51720000
4.14925950 20.56240000
4.15235228 20.61200000
4.15544507 20.66640000
4.15853786 20.72430000
4.16163065 20.78620000
4.16472345 20.85170000

0.00000000 28.50510000
0.00714250 28.41840000
0.01428499 28.21300000
0.02142749 27.95610000
0.02856997 27.67750000
0.03571247 27.38900000
0.04285496 27.09630000
0.04999746 26.80230000
0.05713994 26.50890000
0.06428244 26.21740000
0.07142493 25.92900000
0.07856743 25.64450000
0.08570991 25.36480000
0.09285241 25.09070000
0.09999490 24.82290000
0.10713740 24.56230000
0.11427988 24.30950000
0.12142238 24.06540000
0.12856487 23.83060000
0.13570737 23.60600000
0.14284985 23.39230000
0.14999235 23.19050000
0.15713484 23.00100000
0.16427734 22.82470000
0.17141982 22.66210000
0.17856232 22.51370000
0.18570481 22.37990000
0.19284731 22.34120000
0.19998979 22.42550000
0.20713229 22.51140000
0.21427478 22.59870000
0.22141728 22.68740000
0.22855977 22.77740000
0.23570227 22.86840000
0.24284475 22.96030000
0.24998725 23.05310000
0.25712974 23.14650000
0.26427224 23.24050000
0.27141472 23.33480000
0.27855722 23.42950000
0.28569971 23.52420000
0.29284221 23.61900000
0.29998469 23.71400000
0.30712719 23.80840000
0.31426968 23.90230000
0.32141218 23.99570000
0.32855466 24.08850000
0.33569716 24.18040000
0.34283965 24.27140000
0.34998215 24.36130000
0.35712463 24.45010000
0.36426713 24.53750000
0.37140962 24.62350000
0.37855212 24.70790000
0.38569460 24.79070000
0.39283710 24.87170000
0.39997959 24.95090000
0.40712209 25.02800000
0.41426457 25.10310000
0.42140707 25.17600000
0.42854956 25.24670000
0.43569206 25.31500000
0.44283455 25.38090000
0.44997705 25.44420000
0.45711953 25.50980000
0.46426203 25.56800000
0.47140452 25.62340000
0.47854702 25.67630000
0.48568950 25.72620000
0.49283200 25.76940000
0.49997449 25.81340000
0.50711699 25.85460000
0.51425947 25.89290000
0.52140197 25.92820000
0.52854446 25.96060000
0.53568696 25.99010000
0.54282944 26.01660000
0.54997194 26.04020000
0.55711443 26.06090000
0.56425693 26.07870000
0.57139941 26.09350000
0.57854191 26.10560000
0.58568440 26.11480000
0.59282690 26.12120000
0.59996938 26.12480000
0.60711188 26.12570000
0.61425437 26.12200000
0.62139687 26.11750000
0.62853935 26.11040000
0.63568185 26.10080000
0.64282434 26.08860000
0.64996684 26.07400000
0.65710933 26.05690000
0.66425183 26.03750000
0.67139431 26.01570000
0.67853681 25.99170000
0.68567930 25.96540000
0.69282180 25.93690000
0.69996428 25.90950000
0.70710678 25.87670000
0.70710678 25.87670000
0.71067802 25.87600000
0.71424928 25.87390000
0.71782052 25.86890000
0.72139177 25.86390000
0.72496301 25.85760000
0.72853427 25.84990000
0.73210551 25.84090000
0.73567675 25.83050000
0.73924799 25.81880000
0.74281925 25.80570000
0.74639049 25.79140000
0.74996174 25.77580000
0.75353298 25.75900000
0.75710424 25.74100000
0.76067548 25.72180000
0.76424672 25.70000000
0.76781797 25.67850000
0.77138922 25.65590000
0.77496047 25.63230000
0.77853171 25.60760000
0.78210295 25.58390000
0.78567421 25.55730000
0.78924545 25.52990000
0.79281669 25.50170000
0.79638794 25.47260000
0.79995919 25.44290000
0.80353044 25.41240000
0.80710168 25.38130000
0.81067292 25.34970000
0.81424418 25.31750000
0.81781542 25.28480000
0.82138666 25.25170000
0.82495791 25.21820000
0.82852916 25.18450000
0.83210041 25.15040000
0.83567165 25.11610000
0.83924289 25.08170000
0.84281415 25.04720000
0.84638539 25.01260000
0.84995663 24.97800000
0.85352788 24.94390000
0.85709913 24.90950000
0.86067038 24.87520000
0.86424162 24.84100000
0.86781286 24.80710000
0.87138412 24.77350000
0.87495536 24.74020000
0.87852661 24.70720000
0.88209785 24.67460000
0.88566910 24.64240000
0.88924035 24.61070000
0.89281159 24.57940000
0.89638283 24.54870000
0.89995409 24.51780000
0.90352533 24.48810000
0.90709658 24.45900000
0.91066782 24.43050000
0.91423908 24.40260000
0.91781032 24.37540000
0.92138156 24.34880000
0.92495280 24.32280000
0.92852406 24.29760000
0.93209530 24.27300000
0.93566655 24.24910000
0.93923779 24.22590000
0.94280905 24.20340000
0.94638029 24.18160000
0.94995153 24.16050000
0.95352277 24.14010000
0.95709403 24.12050000
0.96066527 24.10150000
0.96423652 24.08330000
0.96780776 24.06580000
0.97137902 24.04910000
0.97495026 24.03300000
0.97852150 24.01760000
0.98209275 24.00290000
0.98566400 23.98920000
0.98923525 23.97590000
0.99280649 23.96320000
0.99637773 23.95130000
0.99994899 23.94000000
1.00352023 23.92880000
1.00709147 23.91890000
1.01066272 23.90960000
1.01423397 23.90100000
1.01780522 23.89300000
1.02137646 23.88570000
1.02494770 23.87910000
1.02851896 23.87310000
1.03209020 23.86770000
1.03566144 23.86300000
1.03923269 23.85890000
1.04280394 23.85540000
1.04637519 23.85260000
1.04994643 23.85040000
1.05351767 23.84880000
1.05708893 23.84790000
1.06066017 23.84760000
1.06066017 23.84760000
1.06244580 23.88200000
1.06423141 23.91650000
1.06601704 23.95110000
1.06780267 23.98580000
1.06958829 24.02040000
1.07137391 24.05510000
1.07315953 24.08990000
1.07494516 24.12460000
1.07673079 24.15940000
1.07851640 24.19410000
1.08030203 24.22890000
1.08208766 24.26360000
1.08387327 24.29830000
1.08565890 24.33300000
1.08744451 24.36770000
1.08923014 24.40230000
1.09101577 24.43690000
1.09280139 24.47150000
1.09458701 24.50600000
1.09637264 24.54050000
1.09815826 24.57500000
1.09994388 24.61070000
1.10172950 24.64500000
1.10351513 24.67930000
1.10530076 24.71360000
1.10708637 24.74770000
1.10887200 24.78180000
1.11065763 24.81590000
1.11244324 24.84990000
1.11422887 24.88380000
1.11601448 24.91770000
1.11780011 24.95150000
1.11958574 24.98480000
1.12137136 25.01850000
1.12315698 25.05220000
1.12494261 25.08580000
1.12672823 25.11930000
1.12851386 25.15280000
1.13029947 25.18620000
1.13208510 25.21960000
1.13387073 25.25300000
1.13565634 25.28630000
1.13744197 25.31960000
1.13922760 25.35170000
1.14101321 25.38490000
1.14279884 25.41810000
1.14458446 25.45130000
1.14637008 25.48450000
1.14815571 25.51770000
1.14994133 25.55080000
1.15172696 25.58400000
1.15351258 25.61720000
1.15529820 25.65040000
1.15708383 25.68370000
1.15886944 25.71700000
1.16065507 25.75030000
1.16244070 25.78360000
1.16422631 25.81700000
1.16601194 25.85050000
1.16779757 25.88400000
1.16958318 25.91760000
1.17136881 25.95130000
1.17315443 25.98510000
1.17494005 26.01900000
1.17672568 26.05300000
1.17851130 26.08710000
1.18029693 26.12130000
1.18208255 26.15570000
1.18386817 26.19020000
1.18565380 26.22470000
1.18743941 26.25970000
1.18922504 26.29450000
1.19101067 26.32950000
1.19279628 26.36460000
1.19458191 26.39980000
1.19636754 26.43510000
1.19815315 26.47060000
1.19993878 26.50610000
1.20172440 26.54170000
1.20351003 26.57740000
1.20529565 26.61310000
1.20708127 26.64870000
1.20886690 26.68440000
1.21065252 26.71990000
1.21243814 26.75530000
1.21422377 26.79040000
1.21600938 26.82510000
1.21779501 26.85930000
1.21958064 26.89280000
1.22136625 26.92610000
1.22315188 26.95740000
1.22493751 26.98720000
1.22672312 27.01490000
1.22850875 27.04000000
1.23029437 27.06200000
1.23208000 27.08020000
1.23386562 27.09380000
1.23565124 27.10220000
1.23743687 27.10510000
1.23743687 27.10510000
1.24671524 27.15460000
1.25599361 27.20300000
1.26527198 27.16790000
1.27455035 26.95600000
1.28382872 26.74750000
1.29310709 26.54220000
1.30238546 26.34020000
1.31166383 26.14150000
1.32094220 25.94610000
1.33022057 25.75420000
1.33949894 25.56580000
1.34877731 25.38100000
1.35805568 25.19980000
1.36733405 25.02240000
1.37661242 24.84870000
1.38589079 24.67890000
1.39516916 24.51290000
1.40444754 24.35100000
1.41372590 24.19300000
1.42300427 24.03910000
1.43228264 23.88940000
1.44156101 23.74380000
1.45083938 23.60260000
1.46011775 23.46570000
1.46939612 23.33320000
1.47867450 23.20510000
1.48795286 23.08160000
1.49723124 22.96270000
1.50650960 22.84840000
1.51578797 22.73870000
1.52506634 22.63390000
1.53434471 22.53410000
1.54362308 22.43910000
1.55290146 22.34920000
1.56217983 22.26430000
1.57145820 22.25540000
1.58073657 22.39060000
1.59001493 22.51550000
1.59929331 22.62990000
1.60857167 22.73380000
1.61785005 22.82760000
1.62712842 22.91130000
1.63640679 22.98510000
1.64568516 23.04930000
1.65496353 23.10400000
1.66424190 23.14930000
1.67352027 23.18620000
1.68279863 23.21450000
1.69207701 23.23510000
1.70135538 23.24810000
1.71063375 23.25390000
1.71991212 23.25290000
1.72919049 23.24530000
1.73846886 23.23170000
1.74774723 23.21230000
1.75702560 23.18760000
1.76630397 23.15780000
1.77558234 23.12340000
1.78486071 23.08460000
1.79413908 23.04180000
1.80341745 22.99540000
1.81269582 22.94550000
1.82197419 22.89240000
1.83125256 22.83640000
1.84053093 22.77790000
1.84980930 22.71710000
1.85908768 22.65430000
1.86836605 22.67200000
1.87764441 22.78860000
1.88692279 22.91140000
1.89620115 23.04030000
1.90547953 23.17540000
1.91475789 23.31650000
1.92403626 23.46370000
1.93331464 23.61680000
1.94259301 23.77590000
1.95187138 23.94090000
1.96114975 24.11170000
1.97042811 24.28830000
1.97970649 24.47060000
1.98898485 24.65870000
1.99826323 24.85220000
2.00754160 25.05110000
2.01681997 25.25540000
2.02609834 25.46500000
2.03537671 25.67970000
2.04465507 25.89940000
2.05393345 26.12400000
2.06321181 26.35320000
2.07249019 26.58680000
2.08176856 26.82430000
2.09104693 27.06540000
2.10032530 27.30910000
2.10960367 27.55410000
2.11888204 27.79790000
2.12816041 28.03560000
2.13743877 28.25610000
2.14671715 28.43180000
2.15599552 28.50510000
2.15599552 28.50510000
2.16474326 28.47150000
2.17349098 28.38250000
2.18223872 28.25940000
2.19098645 28.11800000
2.19973419 27.96750000
2.20848191 27.81270000
2.21722965 27.65630000
2.22597737 27.50000000
2.23472511 27.34470000
2.24347283 27.19110000
2.25222057 27.03970000
2.26096830 26.89080000
2.26971604 26.74460000
2.27846376 26.60150000
2.28721150 26.46140000
2.29595922 26.32460000
2.30470696 26.19120000
2.31345468 26.06120000
2.32220242 25.93490000
2.33095015 25.81220000
2.33969789 25.69340000
2.34844561 25.57820000
2.35719335 25.46720000
2.36594107 25.36010000
2.37468881 25.25710000
2.38343653 25.15830000
2.39218427 25.06380000
2.40093200 24.97350000
2.40967974 24.88770000
2.41842746 24.80630000
2.42717520 24.72950000
2.43592292 24.65730000
2.44467066 24.58970000
2.45341838 24.52690000
2.46216612 24.46890000
2.47091385 24.41570000
2.47966159 24.36740000
2.48840931 24.32400000
2.49715705 24.28570000
2.50590477 24.25240000
2.51465251 24.22430000
2.52340023 24.20130000
2.53214797 24.18360000
2.54089570 24.17090000
2.54964344 24.16340000
2.55839116 24.16110000
2.56713890 24.16410000
2.57588662 24.17230000
2.58463436 24.18560000
2.59338208 24.20420000
2.60212982 24.22790000
2.61087755 24.25670000
2.61962529 24.29060000
2.62837301 24.32960000
2.63712075 24.37350000
2.64586847 24.42230000
2.65461621 24.47600000
2.66336393 24.53440000
2.67211167 24.59740000
2.68085940 24.66500000
2.68960714 24.73700000
2.69835486 24.81340000
2.70710260 24.89380000
2.71585032 24.97840000
2.72459806 25.06680000
2.73334578 25.15890000
2.74209352 25.25450000
2.75084125 25.35360000
2.75958899 25.45580000
2.76833671 25.56090000
2.77708445 25.66880000
2.78583217 25.77980000
2.79457991 25.89240000
2.80332763 26.00710000
2.81207537 26.12340000
2.82082310 26.24110000
2.82957084 26.35990000
2.83831856 26.47950000
2.84706630 26.59930000
2.85581402 26.71910000
2.86456176 26.83850000
2.87330948 26.95680000
2.88205722 27.07380000
2.89080495 27.09870000
2.89955269 27.05630000
2.90830041 27.01440000
2.91704815 26.97510000
2.92579587 26.93510000
2.93454361 26.90170000
2.94329133 26.86500000
2.95203907 26.83060000
2.96078680 26.79900000
2.96953454 26.77060000
2.97828226 26.74570000
2.98703000 26.72470000
2.99577772 26.70800000
3.00452546 26.69590000
3.01327318 26.68850000
3.02202092 26.68600000
3.02202092 26.68600000
3.02511372 26.68640000
3.02820651 26.68740000
3.03129930 26.68900000
3.03439209 26.69140000
3.03748487 26.69440000
3.04057767 26.69800000
3.04367045 26.70220000
3.04676324 26.70710000
3.04985604 26.71250000
3.05294883 26.71840000
3.05604162 26.72490000
3.05913441 26.73190000
3.06222719 26.73940000
3.06531999 26.74730000
3.06841277 26.75560000
3.07150557 26.76350000
3.07459836 26.77250000
3.07769115 26.78180000
3.08078394 26.78970000
3.08387673 26.79950000
3.08696951 26.80960000
3.09006231 26.81980000
3.09315509 26.82850000
3.09624789 26.83900000
3.09934068 26.84970000
3.10243347 26.86060000
3.10552626 26.87160000
3.10861905 26.88260000
3.11171183 26.89380000
3.11480463 26.90500000
3.11789741 26.91460000
3.12099021 26.92600000
3.12408300 26.93740000
3.12717579 26.94880000
3.13026858 26.96030000
3.13336137 26.97170000
3.13645415 26.98300000
3.13954695 26.99450000
3.14263974 27.00590000
3.14573253 27.01730000
3.14882532 27.02870000
3.15191811 27.03840000
3.15501090 27.05040000
3.15810369 27.06150000
3.16119647 27.07250000
3.16428927 27.08340000
3.16738206 27.08350000
3.17047485 27.05630000
3.17356764 27.03000000
3.17666043 27.00500000
3.17975322 26.98040000
3.18284601 26.95670000
3.18593879 26.93410000
3.18903159 26.91250000
3.19212438 26.89200000
3.19521717 26.87270000
3.19830996 26.85450000
3.20140275 26.83770000
3.20449554 26.82210000
3.20758833 26.80790000
3.21068111 26.79470000
3.21377391 26.78340000
3.21686670 26.77360000
3.21995949 26.76540000
3.22305228 26.75870000
3.22614507 26.75380000
3.22923786 26.75050000
3.23233065 26.74900000
3.23542343 26.74940000
3.23851623 26.75160000
3.24160902 26.75580000
3.24470181 26.76190000
3.24779460 26.77000000
3.25088739 26.78030000
3.25398018 26.79260000
3.25707297 26.80710000
3.26016576 26.82390000
3.26325855 26.84230000
3.26635134 26.86360000
3.26944413 26.88730000
3.27253692 26.91330000
3.27562971 26.94180000
3.27872250 26.97270000
3.28181529 27.00620000
3.28490808 27.04210000
3.28800087 27.08060000
3.29109366 27.12170000
3.29418645 27.16540000
3.29727924 27.21180000
3.30037203 27.22060000
3.30346482 27.21080000
3.30655761 27.20020000
3.30965040 27.18880000
3.31274320 27.17670000
3.31583598 27.16490000
3.31892877 27.15130000
3.32202156 27.13680000
3.32511435 27.12140000
3.32820714 27.10510000
3.32820714 27.10510000
3.32999277 27.10220000
3.33177839 27.09380000
3.33356401 27.08020000
3.33534964 27.06200000
3.33713526 27.04000000
3.33892088 27.01490000
3.34070650 26.98720000
3.34249213 26.95740000
3.34427776 26.92610000
3.34606337 26.89280000
3.34784900 26.85930000
3.34963463 26.82510000
3.35142024 26.79040000
3.35320587 26.75530000
3.35499148 26.71990000
3.35677711 26.68440000
3.35856274 26.64870000
3.36034836 26.61310000
3.36213398 26.57740000
3.36391961 26.54170000
3.36570523 26.50610000
3.36749086 26.47060000
3.36927647 26.43510000
3.37106210 26.39980000
3.37284773 26.36460000
3.37463334 26.32950000
3.37641897 26.29450000
3.37820460 26.25970000
3.37999021 26.22470000
3.38177584 26.19020000
3.38356146 26.15570000
3.38534708 26.12130000
3.38713271 26.08710000
3.38891833 26.05300000
3.39070395 26.01900000
3.39248958 25.98510000
3.39427520 25.95130000
3.39606083 25.91760000
3.39784644 25.88400000
3.39963207 25.85050000
3.40141770 25.81700000
3.40320331 25.78360000
3.40498894 25.75030000
3.40677457 25.71700000
3.40856018 25.68370000
3.41034581 25.65040000
3.41213143 25.61720000
3.41391705 25.58400000
3.41570268 25.55080000
3.41748830 25.51770000
3.41927393 25.48450000
3.42105955 25.45130000
3.42284517 25.41810000
3.42463080 25.38490000
3.42641641 25.35170000
3.42820204 25.31960000
3.42998767 25.28630000
3.43177328 25.25300000
3.43355891 25.21960000
3.43534454 25.18620000
3.43713015 25.15280000
3.43891578 25.11930000
3.44070140 25.08580000
3.44248702 25.05220000
3.44427265 25.01850000
3.44605827 24.98480000
3.44784390 24.95150000
3.44962952 24.91770000
3.45141514 24.88380000
3.45320077 24.84990000
3.45498638 24.81590000
3.45677201 24.78180000
3.45855764 24.74770000
3.46034325 24.71360000
3.46212888 24.67930000
3.46391451 24.64500000
3.46570012 24.61070000
3.46748575 24.57500000
3.46927137 24.54050000
3.47105700 24.50600000
3.47284262 24.47150000
3.47462824 24.43690000
3.47641387 24.40230000
3.47819950 24.36770000
3.47998511 24.33300000
3.48177074 24.29830000
3.48355635 24.26360000
3.48534198 24.22890000
3.48712761 24.19410000
3.48891322 24.15940000
3.49069885 24.12460000
3.49248448 24.08990000
3.49427010 24.05510000
3.49605572 24.02040000
3.49784134 23.98580000
3.49962697 23.95110000
3.50141259 23.91650000
3.50319821 23.88200000
3.50498384 23.84760000
3.50498384 23.84760000
3.50855508 23.94390000
3.51212634 24.03840000
3.51569758 24.13080000
3.51926882 24.22130000
3.52284007 24.30980000
3.52641132 24.39630000
3.52998257 24.48120000
3.53355381 24.56380000
3.53712505 24.64490000
3.54069631 24.72370000
3.54426755 24.80060000
3.54783879 24.87570000
3.55141004 24.94900000
3.55498129 25.02040000
3.55855254 25.09010000
3.56212378 25.15790000
3.56569502 25.22410000
3.56926628 25.28870000
3.57283752 25.35160000
3.57640876 25.41290000
3.57998001 25.47150000
3.58355126 25.52960000
3.58712251 25.58610000
3.59069375 25.64120000
3.59426499 25.69470000
3.59783625 25.74680000
3.60140749 25.79740000
3.60497873 25.84670000
3.60854998 25.89440000
3.61212123 25.94090000
3.61569248 25.98610000
3.61926372 26.03000000
3.62283496 26.07270000
3.62640622 26.11400000
3.62997746 26.15420000
3.63354871 26.19310000
3.63711995 26.23090000
3.64069121 26.26750000
3.64426245 26.30160000
3.64783369 26.33580000
3.65140493 26.36900000
3.65497619 26.40110000
3.65854743 26.43200000
3.66211868 26.46190000
3.66568992 26.49070000
3.66926118 26.51850000
3.67283242 26.54520000
3.67640366 26.57260000
3.67997490 26.59720000
3.68354616 26.62090000
3.68711740 26.64340000
3.69068865 26.66490000
3.69425989 26.68530000
3.69783115 26.70470000
3.70140239 26.72300000
3.70497363 26.74020000
3.70854488 26.75630000
3.71211613 26.77140000
3.71568737 26.78530000
3.71925862 26.79810000
3.72282986 26.80980000
3.72640112 26.81950000
3.72997236 26.83060000
3.73354360 26.83860000
3.73711485 26.84540000
3.74068610 26.85100000
3.74425735 26.85530000
3.74782859 26.85830000
3.75139983 26.86010000
3.75497109 26.86070000
3.75854233 26.86000000
3.76211357 26.85810000
3.76568482 26.85500000
3.76925607 26.85090000
3.77282732 26.84570000
3.77639856 26.83950000
3.77996980 26.83430000
3.78354106 26.82650000
3.78711230 26.81810000
3.79068354 26.80910000
3.79425479 26.79970000
3.79782604 26.79010000
3.80139729 26.78040000
3.80496853 26.77390000
3.80853977 26.76420000
3.81211103 26.75470000
3.81568227 26.74550000
3.81925351 26.73680000
3.82282476 26.72850000
3.82639601 26.72080000
3.82996726 26.71380000
3.83353850 26.70750000
3.83710974 26.70190000
3.84068100 26.69710000
3.84425224 26.69310000
3.84782349 26.69000000
3.85139473 26.68780000
3.85496599 26.68650000
3.85853723 26.68600000
3.85853723 26.68600000
3.86163002 26.68640000
3.86472281 26.68740000
3.86781560 26.68900000
3.87090839 26.69140000
3.87400118 26.69440000
3.87709397 26.69800000
3.88018676 26.70220000
3.88327955 26.70710000
3.88637234 26.71250000
3.88946513 26.71840000
3.89255792 26.72490000
3.89565071 26.73190000
3.89874350 26.73940000
3.90183629 26.74730000
3.90492908 26.75560000
3.90802187 26.76350000
3.91111466 26.77250000
3.91420745 26.78180000
3.91730024 26.78970000
3.92039303 26.79950000
3.92348582 26.80960000
3.92657862 26.81980000
3.92967140 26.82850000
3.93276419 26.83900000
3.93585698 26.84970000
3.93894977 26.86060000
3.94204256 26.87160000
3.94513535 26.88260000
3.94822814 26.89380000
3.95132094 26.90500000
3.95441372 26.91460000
3.95750651 26.92600000
3.96059930 26.93740000
3.96369209 26.94880000
3.96678488 26.96030000
3.96987767 26.97170000
3.97297046 26.98300000
3.97606326 26.99450000
3.97915604 27.00590000
3.98224883 27.01730000
3.98534162 27.02870000
3.98843441 27.03840000
3.99152720 27.05040000
3.99461999 27.06150000
3.99771278 27.07250000
4.00080558 27.08340000
4.00389836 27.08350000
4.00699115 27.05630000
4.01008394 27.03000000
4.01317673 27.00500000
4.01626952 26.98040000
4.01936231 26.95670000
4.02245510 26.93410000
4.02554790 26.91250000
4.02864068 26.89200000
4.03173347 26.87270000
4.03482626 26.85450000
4.03791905 26.83770000
4.04101184 26.82210000
4.04410464 26.80790000
4.04719742 26.79470000
4.05029022 26.78340000
4.05338300 26.77360000
4.05647579 26.76540000
4.05956858 26.75870000
4.06266137 26.75380000
4.06575416 26.75050000
4.06884696 26.74900000
4.07193974 26.74940000
4.07503254 26.75160000
4.07812532 26.75580000
4.08121811 26.76190000
4.08431090 26.77000000
4.08740369 26.78030000
4.09049648 26.79260000
4.09358928 26.80710000
4.09668206 26.82390000
4.09977486 26.84230000
4.10286764 26.86360000
4.10596043 26.88730000
4.10905322 26.91330000
4.11214601 26.94180000
4.11523881 26.97270000
4.11833160 27.00620000
4.12142438 27.04210000
4.12451718 27.08060000
4.12760996 27.12170000
4.13070275 27.16540000
4.13379554 27.21180000
4.13688833 27.22060000
4.13998113 27.21080000
4.14307392 27.20020000
4.14616670 27.18880000
4.14925950 27.17670000
4.15235228 27.16490000
4.15544507 27.15130000
4.15853786 27.13680000
4.16163065 27.12140000
4.16472345 27.10510000

0.00000000 28.50510000
0.00714250 28.50640000
0.01428499 28.51010000
0.02142749 28.51640000
0.02856997 28.52520000
0.03571247 28.53650000
0.04285496 28.55040000
0.04999746 28.56670000
0.05713994 28.58560000
0.06428244 28.60700000
0.07142493 28.63090000
0.07856743 28.65730000
0.08570991 28.68620000
0.09285241 28.71760000
0.09999490 28.75150000
0.10713740 28.78800000
0.11427988 28.82690000
0.12142238 28.86840000
0.12856487 28.91240000
0.13570737 28.95880000
0.14284985 29.00780000
0.14999235 29.05930000
0.15713484 29.11330000
0.16427734 29.16980000
0.17141982 29.22870000
0.17856232 29.29020000
0.18570481 29.35420000
0.19284731 29.42070000
0.19998979 29.48970000
0.20713229 29.56110000
0.21427478 29.63510000
0.22141728 29.71160000
0.22855977 29.79050000
0.23570227 29.87190000
0.24284475 29.95580000
0.24998725 30.04220000
0.25712974 30.13110000
0.26427224 30.22250000
0.27141472 30.31640000
0.27855722 30.41270000
0.28569971 30.51150000
0.29284221 30.61280000
0.29998469 30.71650000
0.30712719 30.82280000
0.31426968 30.93150000
0.32141218 31.04260000
0.32855466 31.15630000
0.33569716 31.27240000
0.34283965 31.39100000
0.34998215 31.51200000
0.35712463 31.63550000
0.36426713 31.76150000
0.37140962 31.88990000
0.37855212 32.02080000
0.38569460 32.15410000
0.39283710 32.28990000
0.39997959 32.42820000
0.40712209 32.56880000
0.41426457 32.71200000
0.42140707 32.85760000
0.42854956 33.00560000
0.43569206 33.15610000
0.44283455 33.30910000
0.44997705 33.46450000
0.45711953 33.62230000
0.46426203 33.78250000
0.47140452 33.94520000
0.47854702 34.11050000
0.48568950 34.27810000
0.49283200 34.44810000
0.49997449 34.62060000
0.50711699 34.79540000
0.51425947 34.97270000
0.52140197 35.15250000
0.52854446 35.33460000
0.53568696 35.51920000
0.54282944 35.70620000
0.54997194 35.89570000
0.55711443 36.08750000
0.56425693 35.99130000
0.57139941 35.87670000
0.57854191 35.76370000
0.58568440 35.65290000
0.59282690 35.54520000
0.59996938 35.44110000
0.60711188 35.34120000
0.61425437 35.24440000
0.62139687 35.15440000
0.62853935 35.07000000
0.63568185 34.99160000
0.64282434 34.91950000
0.64996684 34.85400000
0.65710933 34.79560000
0.66425183 34.74450000
0.67139431 34.70080000
0.67853681 34.66480000
0.68567930 34.63660000
0.69282180 34.61640000
0.69996428 34.60630000
0.70710678 34.60220000
0.70710678 34.60220000
0.71067802 34.60110000
0.71424928 34.59760000
0.71782052 34.59080000
0.72139177 34.58280000
0.72496301 34.57260000
0.72853427 34.56030000
0.73210551 34.54590000
0.73567675 34.52960000
0.73924799 34.51130000
0.74281925 34.49130000
0.74639049 34.46960000
0.74996174 34.44630000
0.75353298 34.42160000
0.75710424 34.39620000
0.76067548 34.36890000
0.76424672 34.33930000
0.76781797 34.30990000
0.77138922 34.27950000
0.77496047 34.24840000
0.77853171 34.21670000
0.78210295 34.18530000
0.78567421 34.15250000
0.78924545 34.11930000
0.79281669 34.08590000
0.79638794 34.05220000
0.79995919 34.01850000
0.80353044 33.98470000
0.80710168 33.95090000
0.81067292 33.91720000
0.81424418 33.88370000
0.81781542 33.85040000
0.82138666 33.81730000
0.82495791 33.78450000
0.82852916 33.75210000
0.83210041 33.72000000
0.83567165 33.68840000
0.83924289 33.65720000
0.84281415 33.62650000
0.84638539 33.59630000
0.84995663 33.56660000
0.85352788 33.53840000
0.85709913 33.50980000
0.86067038 33.48180000
0.86424162 33.45430000
0.86781286 33.42740000
0.87138412 33.40120000
0.87495536 33.37550000
0.87852661 33.35040000
0.88209785 33.32590000
0.88566910 33.30210000
0.88924035 33.27880000
0.89281159 33.25620000
0.89638283 33.23410000
0.89995409 33.21240000
0.90352533 33.19150000
0.90709658 33.17130000
0.91066782 33.15160000
0.91423908 33.13260000
0.91781032 33.11410000
0.92138156 33.09620000
0.92495280 33.07880000
0.92852406 33.06210000
0.93209530 33.04580000
0.93566655 33.03010000
0.93923779 33.01500000
0.94280905 33.00040000
0.94638029 32.98630000
0.94995153 32.97280000
0.95352277 32.95970000
0.95709403 32.94720000
0.96066527 32.93510000
0.96423652 32.92360000
0.96780776 32.91250000
0.97137902 32.90210000
0.97495026 32.89200000
0.97852150 32.88230000
0.98209275 32.87310000
0.98566400 32.86440000
0.98923525 32.85610000
0.99280649 32.84820000
0.99637773 32.84080000
0.99994899 32.83380000
1.00352023 32.82660000
1.00709147 32.82050000
1.01066272 32.81470000
1.01423397 32.80940000
1.01780522 32.80450000
1.02137646 32.79990000
1.02494770 32.79580000
1.02851896 32.79210000
1.03209020 32.78880000
1.03566144 32.78590000
1.03923269 32.78330000
1.04280394 32.78120000
1.04637519 32.77950000
1.04994643 32.77810000
1.05351767 32.77710000
1.05708893 32.77660000
1.06066017 32.77640000
1.06066017 32.77640000
1.06244580 32.73980000
1.06423141 32.70250000
1.06601704 32.66470000
1.06780267 32.62620000
1.06958829 32.58710000
1.07137391 32.54730000
1.07315953 32.50690000
1.07494516 32.46580000
1.07673079 32.42410000
1.07851640 32.38180000
1.08030203 32.33880000
1.08208766 32.29520000
1.08387327 32.25100000
1.08565890 32.20610000
1.08744451 32.16060000
1.08923014 32.11450000
1.09101577 32.06780000
1.09280139 32.02050000
1.09458701 31.97260000
1.09637264 31.92410000
1.09815826 31.87500000
1.09994388 31.82620000
1.10172950 31.77600000
1.10351513 31.72520000
1.10530076 31.67390000
1.10708637 31.62200000
1.10887200 31.56970000
1.11065763 31.51680000
1.11244324 31.46350000
1.11422887 31.40960000
1.11601448 31.35540000
1.11780011 31.30060000
1.11958574 31.24510000
1.12137136 31.19090000
1.12315698 31.13490000
1.12494261 31.07850000
1.12672823 31.02180000
1.12851386 30.96470000
1.13029947 30.90730000
1.13208510 30.84950000
1.13387073 30.79150000
1.13565634 30.73320000
1.13744197 30.67460000
1.13922760 30.61510000
1.14101321 30.55610000
1.14279884 30.49680000
1.14458446 30.43740000
1.14637008 30.37790000
1.14815571 30.31820000
1.14994133 30.25840000
1.15172696 30.19840000
1.15351258 30.13840000
1.15529820 30.07840000
1.15708383 30.01830000
1.15886944 29.95820000
1.16065507 29.89800000
1.16244070 29.83790000
1.16422631 29.77790000
1.16601194 29.71790000
1.16779757 29.65800000
1.16958318 29.59830000
1.17136881 29.53860000
1.17315443 29.47910000
1.17494005 29.41980000
1.17672568 29.36070000
1.17851130 29.30180000
1.18029693 29.24320000
1.18208255 29.18510000
1.18386817 29.12700000
1.18565380 29.06920000
1.18743941 29.01200000
1.18922504 28.95490000
1.19101067 28.89820000
1.19279628 28.84200000
1.19458191 28.78620000
1.19636754 28.73090000
1.19815315 28.67620000
1.19993878 28.62190000
1.20172440 28.56830000
1.20351003 28.51540000
1.20529565 28.46310000
1.20708127 28.41100000
1.20886690 28.36030000
1.21065252 28.31060000
1.21243814 28.26180000
1.21422377 28.21420000
1.21600938 28.16780000
1.21779501 28.12280000
1.21958064 28.07940000
1.22136625 28.03840000
1.22315188 27.99890000
1.22493751 27.96200000
1.22672312 27.92810000
1.22850875 27.89760000
1.23029437 27.87120000
1.23208000 27.84970000
1.23386562 27.83370000
1.23565124 27.82380000
1.23743687 27.82040000
1.23743687 27.82040000
1.24671524 27.60000000
1.25599361 27.38250000
1.26527198 27.25010000
1.27455035 27.29290000
1.28382872 27.33700000
1.29310709 27.37930000
1.30238546 27.41980000
1.31166383 27.45830000
1.32094220 27.49450000
1.33022057 27.52840000
1.33949894 27.55980000
1.34877731 27.58850000
1.35805568 27.61450000
1.36733405 27.63740000
1.37661242 27.65730000
1.38589079 27.67390000
1.39516916 27.68720000
1.40444754 27.69880000
1.41372590 27.70490000
1.42300427 27.70730000
1.43228264 27.70590000
1.44156101 27.70060000
1.45083938 27.69130000
1.46011775 27.67800000
1.46939612 27.66050000
1.47867450 27.63890000
1.48795286 27.61310000
1.49723124 27.58310000
1.50650960 27.55100000
1.51578797 27.51240000
1.52506634 27.46970000
1.53434471 27.42290000
1.54362308 27.37210000
1.55290146 27.31730000
1.56217983 27.25860000
1.57145820 27.19700000
1.58073657 27.13100000
1.59001493 27.06160000
1.59929331 26.98900000
1.60857167 26.91040000
1.61785005 26.83210000
1.62712842 26.75130000
1.63640679 26.66840000
1.64568516 26.58360000
1.65496353 26.49730000
1.66424190 26.40940000
1.67352027 26.32130000
1.68279863 26.23100000
1.69207701 26.14280000
1.70135538 26.05520000
1.71063375 25.96870000
1.71991212 25.88380000
1.72919049 25.79990000
1.73846886 25.72020000
1.74774723 25.64350000
1.75702560 25.57060000
1.76630397 25.50220000
1.77558234 25.43870000
1.78486071 25.38070000
1.79413908 25.32880000
1.80341745 25.28360000
1.81269582 25.24540000
1.82197419 25.21470000
1.83125256 25.19190000
1.84053093 25.17750000
1.84980930 25.17170000
1.85908768 25.17490000
1.86836605 25.18720000
1.87764441 25.20870000
1.88692279 25.23960000
1.89620115 25.27980000
1.90547953 25.32930000
1.91475789 25.38790000
1.92403626 25.45560000
1.93331464 25.53210000
1.94259301 25.61700000
1.95187138 25.71010000
1.96114975 25.81100000
1.97042811 25.91940000
1.97970649 26.03470000
1.98898485 26.15660000
1.99826323 26.28450000
2.00754160 26.41790000
2.01681997 26.55620000
2.02609834 26.69890000
2.03537671 26.84540000
2.04465507 26.99490000
2.05393345 27.14690000
2.06321181 27.30040000
2.07249019 27.45470000
2.08176856 27.60860000
2.09104693 27.76090000
2.10032530 27.91000000
2.10960367 28.05380000
2.11888204 28.18900000
2.12816041 28.31070000
2.13743877 28.41150000
2.14671715 28.48030000
2.15599552 28.50510000
2.15599552 28.50510000
2.16474326 28.47150000
2.17349098 28.38250000
2.18223872 28.25940000
2.19098645 28.11800000
2.19973419 27.96750000
2.20848191 27.81270000
2.21722965 27.65630000
2.22597737 27.50000000
2.23472511 27.34470000
2.24347283 27.19110000
2.25222057 27.03970000
2.26096830 26.89080000
2.26971604 26.74460000
2.27846376 26.60150000
2.28721150 26.46140000
2.29595922 26.32460000
2.30470696 26.19120000
2.31345468 26.06120000
2.32220242 25.93490000
2.33095015 25.81220000
2.33969789 25.69340000
2.34844561 25.57820000
2.35719335 25.46720000
2.36594107 25.36010000
2.37468881 25.25710000
2.38343653 25.15830000
2.39218427 25.06380000
2.40093200 24.97350000
2.40967974 24.88770000
2.41842746 24.80630000
2.42717520 24.72950000
2.43592292 24.65730000
2.44467066 24.58970000
2.45341838 24.52690000
2.46216612 24.46890000
2.47091385 24.41570000
2.47966159 24.36740000
2.48840931 24.32400000
2.49715705 24.28570000
2.50590477 24.25240000
2.51465251 24.22430000
2.52340023 24.20130000
2.53214797 24.18360000
2.54089570 24.17090000
2.54964344 24.16340000
2.55839116 24.16110000
2.56713890 24.16410000
2.57588662 24.17230000
2.58463436 24.18560000
2.59338208 24.20420000
2.60212982 24.22790000
2.61087755 24.25670000
2.61962529 24.29060000
2.62837301 24.32960000
2.63712075 24.37350000
2.64586847 24.42230000
2.65461621 24.47600000
2.66336393 24.53440000
2.67211167 24.59740000
2.68085940 24.66500000
2.68960714 24.73700000
2.69835486 24.81340000
2.70710260 24.89380000
2.71585032 24.97840000
2.72459806 25.06680000
2.73334578 25.15890000
2.74209352 25.25450000
2.75084125 25.35360000
2.75958899 25.45580000
2.76833671 25.56090000
2.77708445 25.66880000
2.78583217 25.77980000
2.79457991 25.89240000
2.80332763 26.00710000
2.81207537 26.12340000
2.82082310 26.24110000
2.82957084 26.35990000
2.83831856 26.47950000
2.84706630 26.59930000
2.85581402 26.71910000
2.86456176 26.83850000
2.87330948 26.95680000
2.88205722 27.07380000
2.89080495 27.18870000
2.89955269 27.30110000
2.90830041 27.41030000
2.91704815 27.51620000
2.92579587 27.61660000
2.93454361 27.71230000
2.94329133 27.80190000
2.95203907 27.88490000
2.96078680 27.96030000
2.96953454 28.02750000
2.97828226 28.08580000
2.98703000 28.13450000
2.99577772 28.17300000
3.00452546 28.20090000
3.01327318 28.21780000
3.02202092 28.22340000
3.02202092 28.22340000
3.02511372 28.22260000
3.02820651 28.22010000
3.03129930 28.21590000
3.03439209 28.21010000
3.03748487 28.20270000
3.04057767 28.19360000
3.04367045 28.18300000
3.04676324 28.17090000
3.04985604 28.15720000
3.05294883 28.14210000
3.05604162 28.12550000
3.05913441 28.10760000
3.06222719 28.08840000
3.06531999 28.06790000
3.06841277 28.04610000
3.07150557 28.02330000
3.07459836 27.99930000
3.07769115 27.97430000
3.08078394 27.94830000
3.08387673 27.92140000
3.08696951 27.89370000
3.09006231 27.86520000
3.09315509 27.83580000
3.09624789 27.80600000
3.09934068 27.77550000
3.10243347 27.74460000
3.10552626 27.71320000
3.10861905 27.68140000
3.11171183 27.64930000
3.11480463 27.61690000
3.11789741 27.58380000
3.12099021 27.55110000
3.12408300 27.51840000
3.12717579 27.48560000
3.13026858 27.45280000
3.13336137 27.42020000
3.13645415 27.38770000
3.13954695 27.35540000
3.14263974 27.32340000
3.14573253 27.29170000
3.14882532 27.26040000
3.15191811 27.22940000
3.15501090 27.19910000
3.15810369 27.16920000
3.16119647 27.14000000
3.16428927 27.11140000
3.16738206 27.09410000
3.17047485 27.10480000
3.17356764 27.11520000
3.17666043 27.12560000
3.17975322 27.13570000
3.18284601 27.14560000
3.18593879 27.15530000
3.18903159 27.16480000
3.19212438 27.17400000
3.19521717 27.18300000
3.19830996 27.19170000
3.20140275 27.20010000
3.20449554 27.20890000
3.20758833 27.21670000
3.21068111 27.22340000
3.21377391 27.23040000
3.21686670 27.23700000
3.21995949 27.24320000
3.22305228 27.24910000
3.22614507 27.25450000
3.22923786 27.25950000
3.23233065 27.26400000
3.23542343 27.26810000
3.23851623 27.27370000
3.24160902 27.27680000
3.24470181 27.27930000
3.24779460 27.28130000
3.25088739 27.28280000
3.25398018 27.28370000
3.25707297 27.28410000
3.26016576 27.28380000
3.26325855 27.28250000
3.26635134 27.28110000
3.26944413 27.27900000
3.27253692 27.27620000
3.27562971 27.27280000
3.27872250 27.26880000
3.28181529 27.26400000
3.28490808 27.25860000
3.28800087 27.25240000
3.29109366 27.24560000
3.29418645 27.23800000
3.29727924 27.22970000
3.30037203 27.26070000
3.30346482 27.31230000
3.30655761 27.36650000
3.30965040 27.42340000
3.31274320 27.48300000
3.31583598 27.54530000
3.31892877 27.61020000
3.32202156 27.67770000
3.32511435 27.74780000
3.32820714 27.82040000
3.32820714 27.82040000
3.32999277 27.82380000
3.33177839 27.83370000
3.33356401 27.84970000
3.33534964 27.87120000
3.33713526 27.89760000
3.33892088 27.92810000
3.34070650 27.96200000
3.34249213 27.99890000
3.34427776 28.03840000
3.34606337 28.07940000
3.34784900 28.12280000
3.34963463 28.16780000
3.35142024 28.21420000
3.35320587 28.26180000
3.35499148 28.31060000
3.35677711 28.36030000
3.35856274 28.41100000
3.36034836 28.46310000
3.36213398 28.51540000
3.36391961 28.56830000
3.36570523 28.62190000
3.36749086 28.67620000
3.36927647 28.73090000
3.37106210 28.78620000
3.37284773 28.84200000
3.37463334 28.89820000
3.37641897 28.95490000
3.37820460 29.01200000
3.37999021 29.06920000
3.38177584 29.12700000
3.38356146 29.18510000
3.38534708 29.24320000
3.38713271 29.30180000
3.38891833 29.36070000
3.39070395 29.41980000
3.39248958 29.47910000
3.39427520 29.53860000
3.39606083 29.59830000
3.39784644 29.65800000
3.39963207 29.71790000
3.40141770 29.77790000
3.40320331 29.83790000
3.40498894 29.89800000
3.40677457 29.95820000
3.40856018 30.01830000
3.41034581 30.07840000
3.41213143 30.13840000
3.41391705 30.19840000
3.41570268 30.25840000
3.41748830 30.31820000
3.41927393 30.37790000
3.42105955 30.43740000
3.42284517 30.49680000
3.42463080 30.55610000
3.42641641 30.61510000
3.42820204 30.67460000
3.42998767 30.73320000
3.43177328 30.79150000
3.43355891 30.84950000
3.43534454 30.90730000
3.43713015 30.96470000
3.43891578 31.02180000
3.44070140 31.07850000
3.44248702 31.13490000
3.44427265 31.19090000
3.44605827 31.24510000
3.44784390 31.30060000
3.44962952 31.35540000
3.45141514 31.40960000
3.45320077 31.46350000
3.45498638 31.51680000
3.45677201 31.56970000
3.45855764 31.62200000
3.46034325 31.67390000
3.46212888 31.72520000
3.46391451 31.77600000
3.46570012 31.82620000
3.46748575 31.87500000
3.46927137 31.92410000
3.47105700 31.97260000
3.47284262 32.02050000
3.47462824 32.06780000
3.47641387 32.11450000
3.47819950 32.16060000
3.47998511 32.20610000
3.48177074 32.25100000
3.48355635 32.29520000
3.48534198 32.33880000
3.48712761 32.38180000
3.48891322 32.42410000
3.49069885 32.46580000
3.49248448 32.50690000
3.49427010 32.54730000
3.49605572 32.58710000
3.49784134 32.62620000
3.49962697 32.66470000
3.50141259 32.70250000
3.50319821 32.73980000
3.50498384 32.77640000
3.50498384 32.77640000
3.50855508 32.67300000
3.51212634 32.56830000
3.51569758 32.46250000
3.51926882 32.35590000
3.52284007 32.24880000
3.52641132 32.14130000
3.52998257 32.03490000
3.53355381 31.92730000
3.53712505 31.82000000
3.54069631 31.71310000
3.54426755 31.60670000
3.54783879 31.50100000
3.55141004 31.39620000
3.55498129 31.29230000
3.55855254 31.18950000
3.56212378 31.08690000
3.56569502 30.98650000
3.56926628 30.88740000
3.57283752 30.78970000
3.57640876 30.69370000
3.57998001 30.59800000
3.58355126 30.50470000
3.58712251 30.41300000
3.59069375 30.32290000
3.59426499 30.23440000
3.59783625 30.14750000
3.60140749 30.06240000
3.60497873 29.97890000
3.60854998 29.89700000
3.61212123 29.81700000
3.61569248 29.73860000
3.61926372 29.66200000
3.62283496 29.58710000
3.62640622 29.51380000
3.62997746 29.44230000
3.63354871 29.37260000
3.63711995 29.30450000
3.64069121 29.23810000
3.64426245 29.17310000
3.64783369 29.11000000
3.65140493 29.04870000
3.65497619 28.98910000
3.65854743 28.93110000
3.66211868 28.87480000
3.66568992 28.82010000
3.66926118 28.76710000
3.67283242 28.71580000
3.67640366 28.66650000
3.67997490 28.61850000
3.68354616 28.57350000
3.68711740 28.52880000
3.69068865 28.48570000
3.69425989 28.44430000
3.69783115 28.40450000
3.70140239 28.36650000
3.70497363 28.33020000
3.70854488 28.29550000
3.71211613 28.26260000
3.71568737 28.23140000
3.71925862 28.20200000
3.72282986 28.17430000
3.72640112 28.14840000
3.72997236 28.12490000
3.73354360 28.10270000
3.73711485 28.08230000
3.74068610 28.06380000
3.74425735 28.04720000
3.74782859 28.03250000
3.75139983 28.01980000
3.75497109 28.00900000
3.75854233 28.00020000
3.76211357 27.99340000
3.76568482 27.98850000
3.76925607 27.98560000
3.77282732 27.98460000
3.77639856 27.98560000
3.77996980 27.98840000
3.78354106 27.99310000
3.78711230 27.99950000
3.79068354 28.00760000
3.79425479 28.01730000
3.79782604 28.02840000
3.80139729 28.04070000
3.80496853 28.05430000
3.80853977 28.06860000
3.81211103 28.08360000
3.81568227 28.09910000
3.81925351 28.11470000
3.82282476 28.13020000
3.82639601 28.14540000
3.82996726 28.15990000
3.83353850 28.17350000
3.83710974 28.18580000
3.84068100 28.19680000
3.84425224 28.20610000
3.84782349 28.21360000
3.85139473 28.21900000
3.85496599 28.22230000
3.85853723 28.22340000
3.85853723 28.22340000
3.86163002 28.22260000
3.86472281 28.22010000
3.86781560 28.21590000
3.87090839 28.21010000
3.87400118 28.20270000
3.87709397 28.19360000
3.88018676 28.18300000
3.88327955 28.17090000
3.88637234 28.15720000
3.88946513 28.14210000
3.89255792 28.12550000
3.89565071 28.10760000
3.89874350 28.08840000
3.90183629 28.06790000
3.90492908 28.04610000
3.90802187 28.02330000
3.91111466 27.99930000
3.91420745 27.97430000
3.91730024 27.94830000
3.92039303 27.92140000
3.92348582 27.89370000
3.92657862 27.86520000
3.92967140 27.83580000
3.93276419 27.80600000
3.93585698 27.77550000
3.93894977 27.74460000
3.94204256 27.71320000
3.94513535 27.68140000
3.94822814 27.64930000
3.95132094 27.61690000
3.95441372 27.58380000
3.95750651 27.55110000
3.96059930 27.51840000
3.96369209 27.48560000
3.96678488 27.45280000
3.96987767 27.42020000
3.97297046 27.38770000
3.97606326 27.35540000
3.97915604 27.32340000
3.98224883 27.29170000
3.98534162 27.26040000
3.98843441 27.22940000
3.99152720 27.19910000
3.99461999 27.16920000
3.99771278 27.14000000
4.00080558 27.11140000
4.00389836 27.09410000
4.00699115 27.10480000
4.01008394 27.11520000
4.01317673 27.12560000
4.01626952 27.13570000
4.01936231 27.14560000
4.02245510 27.15530000
4.02554790 27.16480000
4.02864068 27.17400000
4.03173347 27.18300000
4.03482626 27.19170000
4.03791905 27.20010000
4.04101184 27.20890000
4.04410464 27.21670000
4.04719742 27.22340000
4.05029022 27.23040000
4.05338300 27.23700000
4.05647579 27.24320000
4.05956858 27.24910000
4.06266137 27.25450000
4.06575416 27.25950000
4.06884696 27.26400000
4.07193974 27.26810000
4.07503254 27.27370000
4.07812532 27.27680000
4.08121811 27.27930000
4.08431090 27.28130000
4.08740369 27.28280000
4.09049648 27.28370000
4.09358928 27.28410000
4.09668206 27.28380000
4.09977486 27.28250000
4.10286764 27.28110000
4.10596043 27.27900000
4.10905322 27.27620000
4.11214601 27.27280000
4.11523881 27.26880000
4.11833160 27.26400000
4.12142438 27.25860000
4.12451718 27.25240000
4.12760996 27.24560000
4.13070275 27.23800000
4.13379554 27.22970000
4.13688833 27.26070000
4.13998113 27.31230000
4.14307392 27.36650000
4.14616670 27.42340000
4.14925950 27.48300000
4.15235228 27.54530000
4.15544507 27.61020000
4.15853786 27.67770000
4.16163065 27.74780000
4.16472345 27.82040000

0.00000000 29.50140000
0.00714250 29.50370000
0.01428499 29.51050000
0.02142749 29.52200000
0.02856997 29.53800000
0.03571247 29.55860000
0.04285496 29.58370000
0.04999746 29.61350000
0.05713994 29.64780000
0.06428244 29.68660000
0.07142493 29.73000000
0.07856743 29.77800000
0.08570991 29.83050000
0.09285241 29.88750000
0.09999490 29.94910000
0.10713740 30.01510000
0.11427988 30.08570000
0.12142238 30.16080000
0.12856487 30.24040000
0.13570737 30.32440000
0.14284985 30.41240000
0.14999235 30.50530000
0.15713484 30.60250000
0.16427734 30.70420000
0.17141982 30.81030000
0.17856232 30.92070000
0.18570481 31.03530000
0.19284731 31.15430000
0.19998979 31.27750000
0.20713229 31.40490000
0.21427478 31.53640000
0.22141728 31.67210000
0.22855977 31.81180000
0.23570227 31.95550000
0.24284475 32.10310000
0.24998725 32.25450000
0.25712974 32.40970000
0.26427224 32.56860000
0.27141472 32.73110000
0.27855722 32.89700000
0.28569971 33.06620000
0.29284221 33.23860000
0.29998469 33.41450000
0.30712719 33.59280000
0.31426968 33.77360000
0.32141218 33.95680000
0.32855466 34.14200000
0.33569716 34.32900000
0.34283965 34.51730000
0.34998215 34.70650000
0.35712463 34.89610000
0.36426713 35.08550000
0.37140962 35.27390000
0.37855212 35.46050000
0.38569460 35.64440000
0.39283710 35.82420000
0.39997959 35.99880000
0.40712209 36.16650000
0.41426457 36.32550000
0.42140707 36.47370000
0.42854956 36.60910000
0.43569206 36.72920000
0.44283455 36.83190000
0.44997705 36.91510000
0.45711953 36.97770000
0.46426203 37.01780000
0.47140452 37.03570000
0.47854702 37.03200000
0.48568950 37.00780000
0.49283200 36.96500000
0.49997449 36.90610000
0.50711699 36.83320000
0.51425947 36.74860000
0.52140197 36.65470000
0.52854446 36.55320000
0.53568696 36.44620000
0.54282944 36.33520000
0.54997194 36.22150000
0.55711443 36.10650000
0.56425693 35.99130000
0.57139941 35.87670000
0.57854191 35.76370000
0.58568440 35.65300000
0.59282690 35.54530000
0.59996938 35.44110000
0.60711188 35.34120000
0.61425437 35.24440000
0.62139687 35.15440000
0.62853935 35.07000000
0.63568185 34.99160000
0.64282434 34.91950000
0.64996684 34.85410000
0.65710933 34.79570000
0.66425183 34.74450000
0.67139431 34.70080000
0.67853681 34.66480000
0.68567930 34.63670000
0.69282180 34.61650000
0.69996428 34.60630000
0.70710678 34.60230000
0.70710678 34.60230000
0.71067802 34.60110000
0.71424928 34.59760000
0.71782052 34.59090000
0.72139177 34.58290000
0.72496301 34.57270000
0.72853427 34.56040000
0.73210551 34.54600000
0.73567675 34.52960000
0.73924799 34.51140000
0.74281925 34.49130000
0.74639049 34.46960000
0.74996174 34.44630000
0.75353298 34.42160000
0.75710424 34.39630000
0.76067548 34.36890000
0.76424672 34.33940000
0.76781797 34.30990000
0.77138922 34.27960000
0.77496047 34.24850000
0.77853171 34.21670000
0.78210295 34.18530000
0.78567421 34.15250000
0.78924545 34.11930000
0.79281669 34.08590000
0.79638794 34.05230000
0.79995919 34.01850000
0.80353044 33.98470000
0.80710168 33.95090000
0.81067292 33.91720000
0.81424418 33.88370000
0.81781542 33.85040000
0.82138666 33.81730000
0.82495791 33.78450000
0.82852916 33.75210000
0.83210041 33.72010000
0.83567165 33.68840000
0.83924289 33.65720000
0.84281415 33.62650000
0.84638539 33.59630000
0.84995663 33.56660000
0.85352788 33.53840000
0.85709913 33.50980000
0.86067038 33.48180000
0.86424162 33.45430000
0.86781286 33.42750000
0.87138412 33.40120000
0.87495536 33.37550000
0.87852661 33.35040000
0.88209785 33.32590000
0.88566910 33.30210000
0.88924035 33.27880000
0.89281159 33.25620000
0.89638283 33.23420000
0.89995409 33.21240000
0.90352533 33.19150000
0.90709658 33.17130000
0.91066782 33.15170000
0.91423908 33.13260000
0.91781032 33.11410000
0.92138156 33.09620000
0.92495280 33.07890000
0.92852406 33.06210000
0.93209530 33.04580000
0.93566655 33.03020000
0.93923779 33.01500000
0.94280905 33.00040000
0.94638029 32.98630000
0.94995153 32.97280000
0.95352277 32.95970000
0.95709403 32.94720000
0.96066527 32.93510000
0.96423652 32.92360000
0.96780776 32.91250000
0.97137902 32.90210000
0.97495026 32.89200000
0.97852150 32.88230000
0.98209275 32.87310000
0.98566400 32.86440000
0.98923525 32.85610000
0.99280649 32.84820000
0.99637773 32.84080000
0.99994899 32.83380000
1.00352023 32.82670000
1.00709147 32.82050000
1.01066272 32.81470000
1.01423397 32.80940000
1.01780522 32.80450000
1.02137646 32.79990000
1.02494770 32.79580000
1.02851896 32.79210000
1.03209020 32.78880000
1.03566144 32.78590000
1.03923269 32.78330000
1.04280394 32.78120000
1.04637519 32.77950000
1.04994643 32.77810000
1.05351767 32.77710000
1.05708893 32.77660000
1.06066017 32.77640000
1.06066017 32.77640000
1.06244580 32.81280000
1.06423141 32.84970000
1.06601704 32.88700000
1.06780267 32.92470000
1.06958829 32.96280000
1.07137391 33.00130000
1.07315953 33.04010000
1.07494516 33.07930000
1.07673079 33.11890000
1.07851640 33.15880000
1.08030203 33.19910000
1.08208766 33.23970000
1.08387327 33.28060000
1.08565890 33.32190000
1.08744451 33.36350000
1.08923014 33.40540000
1.09101577 33.44760000
1.09280139 33.49020000
1.09458701 33.53300000
1.09637264 33.57610000
1.09815826 33.61950000
1.09994388 33.66440000
1.10172950 33.70830000
1.10351513 33.75250000
1.10530076 33.79690000
1.10708637 33.84150000
1.10887200 33.88640000
1.11065763 33.93150000
1.11244324 33.97680000
1.11422887 34.02230000
1.11601448 34.06810000
1.11780011 34.11400000
1.11958574 34.15900000
1.12137136 34.20530000
1.12315698 34.25160000
1.12494261 34.29820000
1.12672823 34.34480000
1.12851386 34.39160000
1.13029947 34.43850000
1.13208510 34.48550000
1.13387073 34.53250000
1.13565634 34.57970000
1.13744197 34.62690000
1.13922760 34.67360000
1.14101321 34.72090000
1.14279884 34.76820000
1.14458446 34.81540000
1.14637008 34.86270000
1.14815571 34.90990000
1.14994133 34.95700000
1.15172696 35.00410000
1.15351258 35.05110000
1.15529820 35.09800000
1.15708383 35.14470000
1.15886944 35.19130000
1.16065507 35.23760000
1.16244070 35.28380000
1.16422631 35.32980000
1.16601194 35.37540000
1.16779757 35.42080000
1.16958318 35.46590000
1.17136881 35.51060000
1.17315443 35.55500000
1.17494005 35.59890000
1.17672568 35.64240000
1.17851130 35.68540000
1.18029693 35.72790000
1.18208255 35.77060000
1.18386817 35.81190000
1.18565380 35.85260000
1.18743941 35.89370000
1.18922504 35.93300000
1.19101067 35.97150000
1.19279628 36.00910000
1.19458191 36.04590000
1.19636754 36.08180000
1.19815315 36.11670000
1.19993878 36.15060000
1.20172440 36.18340000
1.20351003 36.21510000
1.20529565 36.24560000
1.20708127 36.27480000
1.20886690 36.30280000
1.21065252 36.32940000
1.21243814 36.35450000
1.21422377 36.37830000
1.21600938 36.40050000
1.21779501 36.42110000
1.21958064 36.44010000
1.22136625 36.45810000
1.22315188 36.47380000
1.22493751 36.48770000
1.22672312 36.49990000
1.22850875 36.51020000
1.23029437 36.51870000
1.23208000 36.52540000
1.23386562 36.53010000
1.23565124 36.53300000
1.23743687 36.53390000
1.23743687 36.53390000
1.24671524 36.51060000
1.25599361 36.48120000
1.26527198 36.44630000
1.27455035 36.40520000
1.28382872 36.36130000
1.29310709 36.31370000
1.30238546 36.26310000
1.31166383 36.21010000
1.32094220 36.15520000
1.33022057 36.09910000
1.33949894 36.04220000
1.34877731 35.98510000
1.35805568 35.92840000
1.36733405 35.87250000
1.37661242 35.81800000
1.38589079 35.76530000
1.39516916 35.71490000
1.40444754 35.66750000
1.41372590 35.62270000
1.42300427 35.58150000
1.43228264 35.54400000
1.44156101 35.51070000
1.45083938 35.48180000
1.46011775 35.45760000
1.46939612 35.43820000
1.47867450 35.42370000
1.48795286 35.41430000
1.49723124 35.40980000
1.50650960 35.41020000
1.51578797 35.41490000
1.52506634 35.42410000
1.53434471 35.43700000
1.54362308 35.45290000
1.55290146 35.47110000
1.56217983 35.49050000
1.57145820 35.51040000
1.58073657 35.52840000
1.59001493 35.54350000
1.59929331 35.55400000
1.60857167 35.55790000
1.61785005 35.55390000
1.62712842 35.54000000
1.63640679 35.51470000
1.64568516 35.47670000
1.65496353 35.42510000
1.66424190 35.35820000
1.67352027 35.27810000
1.68279863 35.15840000
1.69207701 34.98380000
1.70135538 34.81300000
1.71063375 34.64610000
1.71991212 34.48330000
1.72919049 34.32430000
1.73846886 34.16960000
1.74774723 34.01890000
1.75702560 33.87220000
1.76630397 33.72950000
1.77558234 33.59070000
1.78486071 33.45570000
1.79413908 33.32450000
1.80341745 33.18270000
1.81269582 33.00810000
1.82197419 32.83480000
1.83125256 32.66340000
1.84053093 32.49440000
1.84980930 32.32810000
1.85908768 32.16510000
1.86836605 32.00550000
1.87764441 31.84980000
1.88692279 31.69810000
1.89620115 31.55080000
1.90547953 31.40790000
1.91475789 31.26970000
1.92403626 31.13630000
1.93331464 31.00790000
1.94259301 30.88450000
1.95187138 30.76620000
1.96114975 30.65320000
1.97042811 30.54530000
1.97970649 30.44270000
1.98898485 30.34550000
1.99826323 30.25360000
2.00754160 30.16710000
2.01681997 30.08580000
2.02609834 30.00990000
2.03537671 29.93940000
2.04465507 29.87450000
2.05393345 29.81460000
2.06321181 29.76000000
2.07249019 29.71070000
2.08176856 29.66670000
2.09104693 29.62780000
2.10032530 29.59420000
2.10960367 29.56580000
2.11888204 29.54260000
2.12816041 29.52460000
2.13743877 29.51170000
2.14671715 29.50390000
2.15599552 29.50140000
2.15599552 29.50140000
2.16474326 29.49800000
2.17349098 29.48810000
2.18223872 29.47170000
2.19098645 29.44910000
2.19973419 29.42040000
2.20848191 29.38610000
2.21722965 29.34650000
2.22597737 29.30200000
2.23472511 29.25310000
2.24347283 29.20030000
2.25222057 29.14390000
2.26096830 29.08460000
2.26971604 29.02290000
2.27846376 28.95910000
2.28721150 28.89360000
2.29595922 28.82710000
2.30470696 28.75970000
2.31345468 28.69210000
2.32220242 28.62440000
2.33095015 28.55710000
2.33969789 28.49050000
2.34844561 28.42490000
2.35719335 28.36090000
2.36594107 28.29830000
2.37468881 28.23760000
2.38343653 28.17890000
2.39218427 28.12260000
2.40093200 28.06880000
2.40967974 28.01770000
2.41842746 27.96950000
2.42717520 27.92430000
2.43592292 27.88230000
2.44467066 27.84350000
2.45341838 27.80800000
2.46216612 27.77580000
2.47091385 27.74710000
2.47966159 27.72170000
2.48840931 27.69970000
2.49715705 27.68090000
2.50590477 27.66540000
2.51465251 27.65290000
2.52340023 27.64330000
2.53214797 27.63680000
2.54089570 27.63260000
2.54964344 27.63070000
2.55839116 27.63080000
2.56713890 27.63290000
2.57588662 27.63640000
2.58463436 27.64130000
2.59338208 27.64710000
2.60212982 27.65370000
2.61087755 27.66070000
2.61962529 27.66710000
2.62837301 27.67400000
2.63712075 27.68050000
2.64586847 27.68730000
2.65461621 27.69220000
2.66336393 27.69600000
2.67211167 27.69830000
2.68085940 27.69910000
2.68960714 27.69820000
2.69835486 27.69530000
2.70710260 27.69040000
2.71585032 27.68340000
2.72459806 27.67410000
2.73334578 27.66250000
2.74209352 27.64850000
2.75084125 27.63220000
2.75958899 27.61340000
2.76833671 27.59220000
2.77708445 27.56870000
2.78583217 27.54330000
2.79457991 27.51520000
2.80332763 27.48500000
2.81207537 27.45280000
2.82082310 27.41860000
2.82957084 27.38270000
2.83831856 27.34520000
2.84706630 27.30630000
2.85581402 27.26630000
2.86456176 27.22520000
2.87330948 27.18340000
2.88205722 27.14110000
2.89080495 27.18870000
2.89955269 27.30110000
2.90830041 27.41030000
2.91704815 27.51620000
2.92579587 27.61660000
2.93454361 27.71230000
2.94329133 27.80190000
2.95203907 27.88490000
2.96078680 27.96030000
2.96953454 28.02750000
2.97828226 28.08580000
2.98703000 28.13450000
2.99577772 28.17300000
3.00452546 28.20090000
3.01327318 28.21780000
3.02202092 28.22340000
3.02202092 28.22340000
3.02511372 28.22370000
3.02820651 28.22470000
3.03129930 28.22650000
3.03439209 28.22900000
3.03748487 28.23240000
3.04057767 28.23680000
3.04367045 28.24240000
3.04676324 28.24930000
3.04985604 28.25760000
3.05294883 28.26770000
3.05604162 28.27960000
3.05913441 28.29350000
3.06222719 28.30970000
3.06531999 28.32840000
3.06841277 28.34970000
3.07150557 28.37360000
3.07459836 28.40060000
3.07769115 28.43070000
3.08078394 28.46390000
3.08387673 28.50060000
3.08696951 28.54060000
3.09006231 28.58420000
3.09315509 28.63100000
3.09624789 28.68170000
3.09934068 28.73600000
3.10243347 28.79390000
3.10552626 28.85560000
3.10861905 28.92080000
3.11171183 28.98960000
3.11480463 29.06200000
3.11789741 29.13790000
3.12099021 29.21730000
3.12408300 29.30030000
3.12717579 29.38660000
3.13026858 29.47630000
3.13336137 29.56930000
3.13645415 29.66530000
3.13954695 29.76470000
3.14263974 29.86720000
3.14573253 29.97270000
3.14882532 30.08120000
3.15191811 30.19180000
3.15501090 30.30590000
3.15810369 30.42270000
3.16119647 30.54210000
3.16428927 30.66400000
3.16738206 30.78820000
3.17047485 30.91490000
3.17356764 31.04370000
3.17666043 31.17510000
3.17975322 31.30800000
3.18284601 31.44290000
3.18593879 31.57950000
3.18903159 31.71780000
3.19212438 31.85760000
3.19521717 31.99890000
3.19830996 32.14140000
3.20140275 32.28510000
3.20449554 32.43000000
3.20758833 32.57560000
3.21068111 32.72180000
3.21377391 32.86870000
3.21686670 33.01570000
3.21995949 33.16310000
3.22305228 33.31050000
3.22614507 33.45770000
3.22923786 33.60450000
3.23233065 33.75070000
3.23542343 33.89610000
3.23851623 34.04050000
3.24160902 34.18340000
3.24470181 34.32470000
3.24779460 34.46410000
3.25088739 34.60140000
3.25398018 34.73620000
3.25707297 34.86820000
3.26016576 34.99710000
3.26325855 35.12260000
3.26635134 35.24430000
3.26944413 35.36200000
3.27253692 35.47520000
3.27562971 35.58370000
3.27872250 35.68720000
3.28181529 35.78540000
3.28490808 35.87790000
3.28800087 35.96470000
3.29109366 36.04550000
3.29418645 36.12000000
3.29727924 36.18830000
3.30037203 36.25030000
3.30346482 36.30580000
3.30655761 36.35500000
3.30965040 36.39790000
3.31274320 36.43470000
3.31583598 36.46620000
3.31892877 36.49120000
3.32202156 36.51070000
3.32511435 36.52480000
3.32820714 36.53390000
3.32820714 36.53390000
3.32999277 36.53300000
3.33177839 36.53010000
3.33356401 36.52540000
3.33534964 36.51870000
3.33713526 36.51020000
3.33892088 36.49990000
3.34070650 36.48770000
3.34249213 36.47380000
3.34427776 36.45810000
3.34606337 36.44010000
3.34784900 36.42110000
3.34963463 36.40050000
3.35142024 36.37830000
3.35320587 36.35450000
3.35499148 36.32940000
3.35677711 36.30280000
3.35856274 36.27480000
3.36034836 36.24560000
3.36213398 36.21510000
3.36391961 36.18340000
3.36570523 36.15060000
3.36749086 36.11670000
3.36927647 36.08180000
3.37106210 36.04590000
3.37284773 36.00910000
3.37463334 35.97150000
3.37641897 35.93300000
3.37820460 35.89370000
3.37999021 35.85260000
3.38177584 35.81190000
3.38356146 35.77060000
3.38534708 35.72790000
3.38713271 35.68540000
3.38891833 35.64240000
3.39070395 35.59890000
3.39248958 35.55500000
3.39427520 35.51060000
3.39606083 35.46590000
3.39784644 35.42080000
3.39963207 35.37540000
3.40141770 35.32980000
3.40320331 35.28380000
3.40498894 35.23760000
3.40677457 35.19130000
3.40856018 35.14470000
3.41034581 35.09800000
3.41213143 35.05110000
3.41391705 35.00410000
3.41570268 34.95700000
3.41748830 34.90990000
3.41927393 34.86270000
3.42105955 34.81540000
3.42284517 34.76820000
3.42463080 34.72090000
3.42641641 34.67360000
3.42820204 34.62690000
3.42998767 34.57970000
3.43177328 34.53250000
3.43355891 34.48550000
3.43534454 34.43850000
3.43713015 34.39160000
3.43891578 34.34480000
3.44070140 34.29820000
3.44248702 34.25160000
3.44427265 34.20530000
3.44605827 34.15900000
3.44784390 34.11400000
3.44962952 34.06810000
3.45141514 34.02230000
3.45320077 33.97680000
3.45498638 33.93150000
3.45677201 33.88640000
3.45855764 33.84150000
3.46034325 33.79690000
3.46212888 33.75250000
3.46391451 33.70830000
3.46570012 33.66440000
3.46748575 33.61950000
3.46927137 33.57610000
3.47105700 33.53300000
3.47284262 33.49020000
3.47462824 33.44760000
3.47641387 33.40540000
3.47819950 33.36350000
3.47998511 33.32190000
3.48177074 33.28060000
3.48355635 33.23970000
3.48534198 33.19910000
3.48712761 33.15880000
3.48891322 33.11890000
3.49069885 33.07930000
3.49248448 33.04010000
3.49427010 33.00130000
3.49605572 32.96280000
3.49784134 32.92470000
3.49962697 32.88700000
3.50141259 32.84970000
3.50319821 32.81280000
3.50498384 32.77640000
3.50498384 32.77640000
3.50855508 32.87810000
3.51212634 32.97790000
3.51569758 33.07550000
3.51926882 33.17040000
3.52284007 33.26230000
3.52641132 33.35090000
3.52998257 33.43590000
3.53355381 33.51650000
3.53712505 33.59340000
3.54069631 33.66430000
3.54426755 33.72980000
3.54783879 33.78940000
3.55141004 33.84270000
3.55498129 33.88920000
3.55855254 33.92850000
3.56212378 33.96020000
3.56569502 33.98420000
3.56926628 34.00000000
3.57283752 34.00730000
3.57640876 34.00640000
3.57998001 33.99610000
3.58355126 33.97740000
3.58712251 33.95000000
3.59069375 33.91390000
3.59426499 33.86930000
3.59783625 33.81640000
3.60140749 33.75540000
3.60497873 33.68680000
3.60854998 33.61010000
3.61212123 33.52720000
3.61569248 33.43790000
3.61926372 33.34240000
3.62283496 33.24150000
3.62640622 33.13530000
3.62997746 33.02460000
3.63354871 32.91020000
3.63711995 32.79150000
3.64069121 32.66960000
3.64426245 32.54450000
3.64783369 32.41730000
3.65140493 32.28810000
3.65497619 32.15720000
3.65854743 32.02510000
3.66211868 31.89210000
3.66568992 31.75840000
3.66926118 31.62450000
3.67283242 31.49070000
3.67640366 31.35720000
3.67997490 31.22430000
3.68354616 31.09210000
3.68711740 30.96130000
3.69068865 30.83180000
3.69425989 30.70390000
3.69783115 30.57800000
3.70140239 30.45400000
3.70497363 30.33240000
3.70854488 30.21320000
3.71211613 30.09680000
3.71568737 29.98310000
3.71925862 29.87250000
3.72282986 29.76510000
3.72640112 29.66110000
3.72997236 29.56090000
3.73354360 29.46400000
3.73711485 29.37090000
3.74068610 29.28170000
3.74425735 29.19640000
3.74782859 29.11520000
3.75139983 29.03800000
3.75497109 28.96510000
3.75854233 28.89630000
3.76211357 28.83170000
3.76568482 28.77080000
3.76925607 28.71440000
3.77282732 28.66210000
3.77639856 28.61370000
3.77996980 28.56910000
3.78354106 28.52830000
3.78711230 28.49090000
3.79068354 28.45700000
3.79425479 28.42620000
3.79782604 28.39850000
3.80139729 28.37350000
3.80496853 28.35170000
3.80853977 28.33180000
3.81211103 28.31420000
3.81568227 28.29860000
3.81925351 28.28510000
3.82282476 28.27310000
3.82639601 28.26280000
3.82996726 28.25380000
3.83353850 28.24630000
3.83710974 28.23990000
3.84068100 28.23470000
3.84425224 28.23060000
3.84782349 28.22740000
3.85139473 28.22520000
3.85496599 28.22380000
3.85853723 28.22340000
3.85853723 28.22340000
3.86163002 28.22370000
3.86472281 28.22470000
3.86781560 28.22650000
3.87090839 28.22900000
3.87400118 28.23240000
3.87709397 28.23680000
3.88018676 28.24240000
3.88327955 28.24930000
3.88637234 28.25760000
3.88946513 28.26770000
3.89255792 28.27960000
3.89565071 28.29350000
3.89874350 28.30970000
3.90183629 28.32840000
3.90492908 28.34970000
3.90802187 28.37360000
3.91111466 28.40060000
3.91420745 28.43070000
3.91730024 28.46390000
3.92039303 28.50060000
3.92348582 28.54060000
3.92657862 28.58420000
3.92967140 28.63100000
3.93276419 28.68170000
3.93585698 28.73600000
3.93894977 28.79390000
3.94204256 28.85560000
3.94513535 28.92080000
3.94822814 28.98960000
3.95132094 29.06200000
3.95441372 29.13790000
3.95750651 29.21730000
3.96059930 29.30030000
3.96369209 29.38660000
3.96678488 29.47630000
3.96987767 29.56930000
3.97297046 29.66530000
3.97606326 29.76470000
3.97915604 29.86720000
3.98224883 29.97270000
3.98534162 30.08120000
3.98843441 30.19180000
3.99152720 30.30590000
3.99461999 30.42270000
3.99771278 30.54210000
4.00080558 30.66400000
4.00389836 30.78820000
4.00699115 30.91490000
4.01008394 31.04370000
4.01317673 31.17510000
4.01626952 31.30800000
4.01936231 31.44290000
4.02245510 31.57950000
4.02554790 31.71780000
4.02864068 31.85760000
4.03173347 31.99890000
4.03482626 32.14140000
4.03791905 32.28510000
4.04101184 32.43000000
4.04410464 32.57560000
4.04719742 32.72180000
4.05029022 32.86870000
4.05338300 33.01570000
4.05647579 33.16310000
4.05956858 33.31050000
4.06266137 33.45770000
4.06575416 33.60450000
4.06884696 33.75070000
4.07193974 33.89610000
4.07503254 34.04050000
4.07812532 34.18340000
4.08121811 34.32470000
4.08431090 34.46410000
4.08740369 34.60140000
4.09049648 34.73620000
4.09358928 34.86820000
4.09668206 34.99710000
4.09977486 35.12260000
4.10286764 35.24430000
4.10596043 35.36200000
4.10905322 35.47520000
4.11214601 35.58370000
4.11523881 35.68720000
4.11833160 35.78540000
4.12142438 35.87790000
4.12451718 35.96470000
4.12760996 36.04550000
4.13070275 36.12000000
4.13379554 36.18830000
4.13688833 36.25030000
4.13998113 36.30580000
4.14307392 36.35500000
4.14616670 36.39790000
4.14925950 36.43470000
4.15235228 36.46620000
4.15544507 36.49120000
4.15853786 36.51070000
4.16163065 36.52480000
4.16472345 36.53390000

0.00000000 29.50140000
0.00714250 29.50370000
0.01428499 29.51050000
0.02142749 29.52200000
0.02856997 29.53800000
0.03571247 29.55860000
0.04285496 29.58370000
0.04999746 29.61350000
0.05713994 29.64780000
0.06428244 29.68660000
0.07142493 29.73000000
0.07856743 29.77800000
0.08570991 29.83050000
0.09285241 29.88750000
0.09999490 29.94910000
0.10713740 30.01510000
0.11427988 30.08580000
0.12142238 30.16080000
0.12856487 30.24040000
0.13570737 30.32440000
0.14284985 30.41240000
0.14999235 30.50530000
0.15713484 30.60260000
0.16427734 30.70420000
0.17141982 30.81030000
0.17856232 30.92070000
0.18570481 31.03540000
0.19284731 31.15430000
0.19998979 31.27750000
0.20713229 31.40490000
0.21427478 31.53650000
0.22141728 31.67210000
0.22855977 31.81180000
0.23570227 31.95550000
0.24284475 32.10310000
0.24998725 32.25450000
0.25712974 32.40970000
0.26427224 32.56860000
0.27141472 32.73110000
0.27855722 32.89700000
0.28569971 33.06620000
0.29284221 33.23860000
0.29998469 33.41450000
0.30712719 33.59280000
0.31426968 33.77360000
0.32141218 33.95680000
0.32855466 34.14200000
0.33569716 34.32900000
0.34283965 34.51730000
0.34998215 34.70650000
0.35712463 34.89610000
0.36426713 35.08550000
0.37140962 35.27390000
0.37855212 35.46050000
0.38569460 35.64440000
0.39283710 35.82430000
0.39997959 35.99880000
0.40712209 36.16650000
0.41426457 36.32550000
0.42140707 36.47380000
0.42854956 36.60910000
0.43569206 36.72930000
0.44283455 36.83200000
0.44997705 36.91520000
0.45711953 36.97780000
0.46426203 37.01790000
0.47140452 37.03570000
0.47854702 37.03200000
0.48568950 37.00790000
0.49283200 36.96510000
0.49997449 36.90610000
0.50711699 36.83320000
0.51425947 36.74870000
0.52140197 36.65470000
0.52854446 36.55330000
0.53568696 36.44630000
0.54282944 36.33520000
0.54997194 36.22160000
0.55711443 36.10660000
0.56425693 36.28180000
0.57139941 36.47850000
0.57854191 36.67770000
0.58568440 36.87920000
0.59282690 37.08320000
0.59996938 37.28960000
0.60711188 37.49830000
0.61425437 37.70960000
0.62139687 37.92320000
0.62853935 38.13920000
0.63568185 38.35760000
0.64282434 38.57850000
0.64996684 38.80170000
0.65710933 39.02730000
0.66425183 39.25540000
0.67139431 39.48590000
0.67853681 39.71880000
0.68567930 39.95400000
0.69282180 40.19170000
0.69996428 40.43250000
0.70710678 40.67500000
0.70710678 40.67500000
0.71067802 40.67720000
0.71424928 40.68400000
0.71782052 40.69510000
0.72139177 40.71090000
0.72496301 40.73110000
0.72853427 40.75560000
0.73210551 40.78430000
0.73567675 40.81720000
0.73924799 40.85420000
0.74281925 40.89510000
0.74639049 40.93980000
0.74996174 40.98820000
0.75353298 41.04010000
0.75710424 41.09580000
0.76067548 41.15450000
0.76424672 41.21610000
0.76781797 41.28090000
0.77138922 41.34850000
0.77496047 41.41890000
0.77853171 41.49180000
0.78210295 41.56740000
0.78567421 41.64510000
0.78924545 41.72490000
0.79281669 41.80680000
0.79638794 41.89050000
0.79995919 41.97610000
0.80353044 42.06330000
0.80710168 42.15210000
0.81067292 42.24230000
0.81424418 42.33380000
0.81781542 42.42650000
0.82138666 42.52040000
0.82495791 42.61520000
0.82852916 42.71100000
0.83210041 42.80750000
0.83567165 42.90480000
0.83924289 43.00260000
0.84281415 43.10100000
0.84638539 43.19980000
0.84995663 43.29890000
0.85352788 43.39830000
0.85709913 43.49780000
0.86067038 43.59730000
0.86424162 43.69670000
0.86781286 43.79600000
0.87138412 43.89500000
0.87495536 43.99360000
0.87852661 44.09170000
0.88209785 44.18920000
0.88566910 44.28590000
0.88924035 44.38180000
0.89281159 44.47650000
0.89638283 44.57000000
0.89995409 44.66090000
0.90352533 44.75130000
0.90709658 44.83980000
0.91066782 44.92610000
0.91423908 45.00990000
0.91781032 45.09080000
0.92138156 45.16850000
0.92495280 45.24250000
0.92852406 45.31220000
0.93209530 45.37720000
0.93566655 45.43690000
0.93923779 45.49080000
0.94280905 45.53850000
0.94638029 45.57970000
0.94995153 45.61420000
0.95352277 45.64220000
0.95709403 45.66390000
0.96066527 45.67970000
0.96423652 45.69040000
0.96780776 45.69650000
0.97137902 45.69920000
0.97495026 45.69820000
0.97852150 45.69460000
0.98209275 45.68890000
0.98566400 45.68240000
0.98923525 45.67390000
0.99280649 45.66450000
0.99637773 45.65460000
0.99994899 45.64430000
1.00352023 45.63360000
1.00709147 45.62330000
1.01066272 45.61320000
1.01423397 45.60340000
1.01780522 45.59400000
1.02137646 45.58520000
1.02494770 45.57690000
1.02851896 45.56930000
1.03209020 45.56230000
1.03566144 45.55610000
1.03923269 45.55060000
1.04280394 45.54600000
1.04637519 45.54210000
1.04994643 45.53910000
1.05351767 45.53700000
1.05708893 45.53570000
1.06066017 45.53520000
1.06066017 45.53520000
1.06244580 45.47900000
1.06423141 45.42370000
1.06601704 45.36940000
1.06780267 45.31610000
1.06958829 45.26390000
1.07137391 45.21270000
1.07315953 45.16270000
1.07494516 45.11370000
1.07673079 45.06590000
1.07851640 45.01930000
1.08030203 44.97380000
1.08208766 44.92940000
1.08387327 44.88620000
1.08565890 44.84420000
1.08744451 44.80340000
1.08923014 44.76380000
1.09101577 44.72530000
1.09280139 44.68810000
1.09458701 44.65200000
1.09637264 44.61710000
1.09815826 44.58330000
1.09994388 44.55100000
1.10172950 44.51960000
1.10351513 44.48940000
1.10530076 44.46030000
1.10708637 44.43240000
1.10887200 44.40560000
1.11065763 44.38000000
1.11244324 44.35550000
1.11422887 44.33210000
1.11601448 44.30980000
1.11780011 44.28850000
1.11958574 44.26830000
1.12137136 44.24960000
1.12315698 44.23160000
1.12494261 44.21450000
1.12672823 44.19850000
1.12851386 44.18350000
1.13029947 44.16950000
1.13208510 44.15640000
1.13387073 44.14420000
1.13565634 44.13300000
1.13744197 44.12260000
1.13922760 44.11300000
1.14101321 44.10440000
1.14279884 44.09660000
1.14458446 44.08970000
1.14637008 44.08350000
1.14815571 44.07810000
1.14994133 44.07340000
1.15172696 44.06950000
1.15351258 44.06620000
1.15529820 44.06370000
1.15708383 44.02050000
1.15886944 43.94770000
1.16065507 43.87560000
1.16244070 43.80430000
1.16422631 43.73380000
1.16601194 43.66420000
1.16779757 43.59540000
1.16958318 43.52740000
1.17136881 43.46040000
1.17315443 43.39430000
1.17494005 43.32920000
1.17672568 43.26520000
1.17851130 43.20220000
1.18029693 43.14020000
1.18208255 43.08010000
1.18386817 43.02050000
1.18565380 42.96220000
1.18743941 42.90510000
1.18922504 42.84930000
1.19101067 42.79490000
1.19279628 42.74190000
1.19458191 42.69040000
1.19636754 42.64040000
1.19815315 42.59200000
1.19993878 42.54510000
1.20172440 42.50000000
1.20351003 42.45660000
1.20529565 42.41490000
1.20708127 42.37390000
1.20886690 42.33600000
1.21065252 42.30010000
1.21243814 42.26610000
1.21422377 42.23420000
1.21600938 42.20450000
1.21779501 42.17690000
1.21958064 42.15150000
1.22136625 42.12940000
1.22315188 42.10860000
1.22493751 42.09010000
1.22672312 42.07400000
1.22850875 42.06030000
1.23029437 42.04910000
1.23208000 42.04030000
1.23386562 42.03410000
1.23565124 42.03030000
1.23743687 42.02900000
1.23743687 42.02900000
1.24671524 42.10450000
1.25599361 42.18160000
1.26527198 42.26030000
1.27455035 42.33840000
1.28382872 42.42010000
1.29310709 42.50320000
1.30238546 42.58790000
1.31166383 42.67400000
1.32094220 42.51700000
1.33022057 42.33960000
1.33949894 42.16360000
1.34877731 41.98870000
1.35805568 41.81480000
1.36733405 41.64140000
1.37661242 41.46830000
1.38589079 41.29520000
1.39516916 41.12180000
1.40444754 40.94770000
1.41372590 40.77250000
1.42300427 40.59590000
1.43228264 40.41770000
1.44156101 40.23750000
1.45083938 40.05520000
1.46011775 39.87050000
1.46939612 39.68340000
1.47867450 39.49370000
1.48795286 39.30150000
1.49723124 39.10690000
1.50650960 38.91010000
1.51578797 38.71110000
1.52506634 38.51010000
1.53434471 38.30760000
1.54362308 38.10390000
1.55290146 37.89940000
1.56217983 37.69440000
1.57145820 37.48940000
1.58073657 37.28480000
1.59001493 37.08090000
1.59929331 36.87810000
1.60857167 36.67630000
1.61785005 36.47700000
1.62712842 36.27990000
1.63640679 36.08520000
1.64568516 35.89340000
1.65496353 35.70470000
1.66424190 35.51890000
1.67352027 35.33690000
1.68279863 35.18390000
1.69207701 35.07660000
1.70135538 34.95710000
1.71063375 34.82630000
1.71991212 34.68580000
1.72919049 34.53660000
1.73846886 34.38030000
1.74774723 34.21800000
1.75702560 34.05110000
1.76630397 33.88050000
1.77558234 33.70750000
1.78486071 33.53280000
1.79413908 33.35740000
1.80341745 33.19690000
1.81269582 33.07290000
1.82197419 32.95230000
1.83125256 32.83500000
1.84053093 32.72090000
1.84980930 32.60980000
1.85908768 32.50150000
1.86836605 32.39600000
1.87764441 32.29300000
1.88692279 32.19230000
1.89620115 32.09380000
1.90547953 31.99730000
1.91475789 31.90260000
1.92403626 31.80930000
1.93331464 31.71740000
1.94259301 31.62660000
1.95187138 31.53660000
1.96114975 31.44710000
1.97042811 31.35790000
1.97970649 31.26860000
1.98898485 31.17920000
1.99826323 31.08900000
2.00754160 30.99780000
2.01681997 30.90530000
2.02609834 30.81120000
2.03537671 30.71530000
2.04465507 30.61710000
2.05393345 30.51670000
2.06321181 30.41380000
2.07249019 30.30850000
2.08176856 30.20080000
2.09104693 30.09140000
2.10032530 29.98100000
2.10960367 29.87130000
2.11888204 29.76470000
2.12816041 29.66570000
2.13743877 29.58160000
2.14671715 29.52280000
2.15599552 29.50140000
2.15599552 29.50140000
2.16474326 29.53790000
2.17349098 29.63570000
2.18223872 29.77340000
2.19098645 29.93520000
2.19973419 30.11210000
2.20848191 30.29910000
2.21722965 30.49360000
2.22597737 30.69390000
2.23472511 30.89910000
2.24347283 31.10860000
2.25222057 31.32170000
2.26096830 31.53840000
2.26971604 31.75840000
2.27846376 31.98140000
2.28721150 32.20730000
2.29595922 32.43610000
2.30470696 32.66760000
2.31345468 32.90180000
2.32220242 33.13850000
2.33095015 33.37790000
2.33969789 33.61970000
2.34844561 33.86380000
2.35719335 34.11050000
2.36594107 34.35930000
2.37468881 34.61070000
2.38343653 34.86440000
2.39218427 35.12040000
2.40093200 35.37860000
2.40967974 35.63900000
2.41842746 35.90170000
2.42717520 36.16650000
2.43592292 36.43340000
2.44467066 36.70250000
2.45341838 36.97360000
2.46216612 37.24680000
2.47091385 37.52210000
2.47966159 37.79930000
2.48840931 38.07750000
2.49715705 38.35860000
2.50590477 38.64160000
2.51465251 38.92650000
2.52340023 39.21320000
2.53214797 39.50160000
2.54089570 39.79180000
2.54964344 40.08350000
2.55839116 40.37680000
2.56713890 40.67150000
2.57588662 40.96740000
2.58463436 41.26430000
2.59338208 41.56180000
2.60212982 41.85930000
2.61087755 42.15580000
2.61962529 42.44960000
2.62837301 42.73680000
2.63712075 43.00850000
2.64586847 43.24120000
2.65461621 43.37440000
2.66336393 43.34730000
2.67211167 43.20620000
2.68085940 43.01680000
2.68960714 42.80710000
2.69835486 42.58760000
2.70710260 42.36270000
2.71585032 42.13460000
2.72459806 41.90460000
2.73334578 41.67360000
2.74209352 41.44210000
2.75084125 41.21070000
2.75958899 40.97970000
2.76833671 40.74950000
2.77708445 40.52050000
2.78583217 40.29330000
2.79457991 40.06750000
2.80332763 39.84390000
2.81207537 39.62260000
2.82082310 39.40420000
2.82957084 39.18900000
2.83831856 38.97720000
2.84706630 38.76940000
2.85581402 38.56590000
2.86456176 38.36710000
2.87330948 38.17360000
2.88205722 37.98590000
2.89080495 37.80440000
2.89955269 37.62990000
2.90830041 37.46270000
2.91704815 37.30390000
2.92579587 37.15350000
2.93454361 37.01340000
2.94329133 36.88300000
2.95203907 36.76360000
2.96078680 36.65610000
2.96953454 36.56100000
2.97828226 36.47910000
2.98703000 36.41120000
2.99577772 36.35770000
3.00452546 36.31910000
3.01327318 36.29580000
3.02202092 36.28800000
3.02202092 36.28800000
3.02511372 36.28950000
3.02820651 36.29410000
3.03129930 36.30180000
3.03439209 36.31250000
3.03748487 36.32630000
3.04057767 36.34300000
3.04367045 36.36280000
3.04676324 36.38550000
3.04985604 36.41110000
3.05294883 36.43950000
3.05604162 36.47080000
3.05913441 36.50490000
3.06222719 36.54160000
3.06531999 36.58110000
3.06841277 36.62310000
3.07150557 36.66770000
3.07459836 36.71470000
3.07769115 36.76420000
3.08078394 36.81590000
3.08387673 36.87000000
3.08696951 36.92630000
3.09006231 36.98470000
3.09315509 37.04510000
3.09624789 37.10760000
3.09934068 37.17200000
3.10243347 37.23830000
3.10552626 37.30640000
3.10861905 37.37620000
3.11171183 37.44770000
3.11480463 37.52080000
3.11789741 37.59470000
3.12099021 37.67070000
3.12408300 37.74810000
3.12717579 37.82680000
3.13026858 37.90680000
3.13336137 37.98790000
3.13645415 38.07010000
3.13954695 38.15340000
3.14263974 38.23770000
3.14573253 38.32290000
3.14882532 38.40890000
3.15191811 38.49570000
3.15501090 38.58320000
3.15810369 38.67140000
3.16119647 38.76020000
3.16428927 38.84950000
3.16738206 38.93930000
3.17047485 39.02940000
3.17356764 39.11990000
3.17666043 39.21110000
3.17975322 39.30200000
3.18284601 39.39310000
3.18593879 39.48410000
3.18903159 39.57520000
3.19212438 39.66610000
3.19521717 39.75690000
3.19830996 39.84740000
3.20140275 39.93760000
3.20449554 40.02800000
3.20758833 40.11730000
3.21068111 40.20550000
3.21377391 40.29350000
3.21686670 40.38080000
3.21995949 40.46720000
3.22305228 40.55270000
3.22614507 40.63720000
3.22923786 40.72050000
3.23233065 40.80260000
3.23542343 40.88330000
3.23851623 40.96290000
3.24160902 41.04060000
3.24470181 41.11670000
3.24779460 41.19100000
3.25088739 41.26340000
3.25398018 41.33370000
3.25707297 41.40180000
3.26016576 41.46770000
3.26325855 41.53010000
3.26635134 41.59090000
3.26944413 41.64900000
3.27253692 41.70420000
3.27562971 41.75630000
3.27872250 41.80520000
3.28181529 41.85080000
3.28490808 41.89290000
3.28800087 41.93130000
3.29109366 41.96590000
3.29418645 41.99650000
3.29727924 42.02290000
3.30037203 42.04500000
3.30346482 42.06270000
3.30655761 42.07570000
3.30965040 42.08400000
3.31274320 42.08740000
3.31583598 42.08670000
3.31892877 42.08010000
3.32202156 42.06830000
3.32511435 42.05130000
3.32820714 42.02900000
3.32820714 42.02900000
3.32999277 42.03030000
3.33177839 42.03410000
3.33356401 42.04030000
3.33534964 42.04910000
3.33713526 42.06030000
3.33892088 42.07400000
3.34070650 42.09010000
3.34249213 42.10860000
3.34427776 42.12940000
3.34606337 42.15150000
3.34784900 42.17690000
3.34963463 42.20450000
3.35142024 42.23420000
3.35320587 42.26610000
3.35499148 42.30010000
3.35677711 42.33600000
3.35856274 42.37390000
3.36034836 42.41490000
3.36213398 42.45660000
3.36391961 42.50000000
3.36570523 42.54510000
3.36749086 42.59200000
3.36927647 42.64040000
3.37106210 42.69040000
3.37284773 42.74190000
3.37463334 42.79490000
3.37641897 42.84930000
3.37820460 42.90510000
3.37999021 42.96220000
3.38177584 43.02050000
3.38356146 43.08010000
3.38534708 43.14020000
3.38713271 43.20220000
3.38891833 43.26520000
3.39070395 43.32920000
3.39248958 43.39430000
3.39427520 43.46040000
3.39606083 43.52740000
3.39784644 43.59540000
3.39963207 43.66420000
3.40141770 43.73380000
3.40320331 43.80430000
3.40498894 43.87560000
3.40677457 43.94770000
3.40856018 44.02050000
3.41034581 44.06370000
3.41213143 44.06620000
3.41391705 44.06950000
3.41570268 44.07340000
3.41748830 44.07810000
3.41927393 44.08350000
3.42105955 44.08970000
3.42284517 44.09660000
3.42463080 44.10440000
3.42641641 44.11300000
3.42820204 44.12260000
3.42998767 44.13300000
3.43177328 44.14420000
3.43355891 44.15640000
3.43534454 44.16950000
3.43713015 44.18350000
3.43891578 44.19850000
3.44070140 44.21450000
3.44248702 44.23160000
3.44427265 44.24960000
3.44605827 44.26830000
3.44784390 44.28850000
3.44962952 44.30980000
3.45141514 44.33210000
3.45320077 44.35550000
3.45498638 44.38000000
3.45677201 44.40560000
3.45855764 44.43240000
3.46034325 44.46030000
3.46212888 44.48940000
3.46391451 44.51960000
3.46570012 44.55100000
3.46748575 44.58330000
3.46927137 44.61710000
3.47105700 44.65200000
3.47284262 44.68810000
3.47462824 44.72530000
3.47641387 44.76380000
3.47819950 44.80340000
3.47998511 44.84420000
3.48177074 44.88620000
3.48355635 44.92940000
3.48534198 44.97380000
3.48712761 45.01930000
3.48891322 45.06590000
3.49069885 45.11370000
3.49248448 45.16270000
3.49427010 45.21270000
3.49605572 45.26390000
3.49784134 45.31610000
3.49962697 45.36940000
3.50141259 45.42370000
3.50319821 45.47900000
3.50498384 45.53520000
3.50498384 45.53520000
3.50855508 45.37550000
3.51212634 45.21740000
3.51569758 45.06130000
3.51926882 44.90770000
3.52284007 44.75680000
3.52641132 44.60910000
3.52998257 44.46510000
3.53355381 44.32490000
3.53712505 44.18930000
3.54069631 44.05840000
3.54426755 43.93270000
3.54783879 43.81260000
3.55141004 43.69850000
3.55498129 43.59060000
3.55855254 43.48930000
3.56212378 43.39460000
3.56569502 43.30700000
3.56926628 43.22640000
3.57283752 43.15270000
3.57640876 43.08590000
3.57998001 43.02480000
3.58355126 42.96980000
3.58712251 42.91980000
3.59069375 42.87360000
3.59426499 42.82990000
3.59783625 42.78690000
3.60140749 42.74260000
3.60497873 42.69490000
3.60854998 42.64130000
3.61212123 42.58030000
3.61569248 42.51030000
3.61926372 42.43060000
3.62283496 42.34140000
3.62640622 42.24330000
3.62997746 42.13750000
3.63354871 42.02550000
3.63711995 41.90780000
3.64069121 41.78590000
3.64426245 41.65890000
3.64783369 41.53110000
3.65140493 41.40140000
3.65497619 41.27030000
3.65854743 41.13820000
3.66211868 41.00550000
3.66568992 40.87260000
3.66926118 40.73950000
3.67283242 40.60660000
3.67640366 40.47410000
3.67997490 40.34200000
3.68354616 40.21040000
3.68711740 40.07970000
3.69068865 39.94980000
3.69425989 39.82090000
3.69783115 39.69300000
3.70140239 39.56630000
3.70497363 39.44080000
3.70854488 39.31660000
3.71211613 39.19380000
3.71568737 39.07240000
3.71925862 38.95260000
3.72282986 38.83450000
3.72640112 38.71750000
3.72997236 38.60370000
3.73354360 38.49080000
3.73711485 38.37980000
3.74068610 38.27070000
3.74425735 38.16380000
3.74782859 38.05890000
3.75139983 37.95630000
3.75497109 37.85600000
3.75854233 37.75800000
3.76211357 37.66250000
3.76568482 37.56930000
3.76925607 37.47890000
3.77282732 37.39120000
3.77639856 37.30630000
3.77996980 37.22450000
3.78354106 37.14540000
3.78711230 37.06920000
3.79068354 36.99610000
3.79425479 36.92630000
3.79782604 36.85960000
3.80139729 36.79630000
3.80496853 36.73660000
3.80853977 36.68010000
3.81211103 36.62720000
3.81568227 36.57790000
3.81925351 36.53230000
3.82282476 36.49040000
3.82639601 36.45240000
3.82996726 36.41810000
3.83353850 36.38780000
3.83710974 36.36150000
3.84068100 36.33910000
3.84425224 36.32070000
3.84782349 36.30640000
3.85139473 36.29620000
3.85496599 36.29000000
3.85853723 36.28800000
3.85853723 36.28800000
3.86163002 36.28950000
3.86472281 36.29410000
3.86781560 36.30180000
3.87090839 36.31250000
3.87400118 36.32630000
3.87709397 36.34300000
3.88018676 36.36280000
3.88327955 36.38550000
3.88637234 36.41110000
3.88946513 36.43950000
3.89255792 36.47080000
3.89565071 36.50490000
3.89874350 36.54160000
3.90183629 36.58110000
3.90492908 36.62310000
3.90802187 36.66770000
3.91111466 36.71470000
3.91420745 36.76420000
3.91730024 36.81590000
3.92039303 36.87000000
3.92348582 36.92630000
3.92657862 36.98470000
3.92967140 37.04510000
3.93276419 37.10760000
3.93585698 37.17200000
3.93894977 37.23830000
3.94204256 37.30640000
3.94513535 37.37620000
3.94822814 37.44770000
3.95132094 37.52080000
3.95441372 37.59470000
3.95750651 37.67070000
3.96059930 37.74810000
3.96369209 37.82680000
3.96678488 37.90680000
3.96987767 37.98790000
3.97297046 38.07010000
3.97606326 38.15340000
3.97915604 38.23770000
3.98224883 38.32290000
3.98534162 38.40890000
3.98843441 38.49570000
3.99152720 38.58320000
3.99461999 38.67140000
3.99771278 38.76020000
4.00080558 38.84950000
4.00389836 38.93930000
4.00699115 39.02940000
4.01008394 39.11990000
4.01317673 39.21110000
4.01626952 39.30200000
4.01936231 39.39310000
4.02245510 39.48410000
4.02554790 39.57520000
4.02864068 39.66610000
4.03173347 39.75690000
4.03482626 39.84740000
4.03791905 39.93760000
4.04101184 40.02800000
4.04410464 40.11730000
4.04719742 40.20550000
4.05029022 40.29350000
4.05338300 40.38080000
4.05647579 40.46720000
4.05956858 40.55270000
4.06266137 40.63720000
4.06575416 40.72050000
4.06884696 40.80260000
4.07193974 40.88330000
4.07503254 40.96290000
4.07812532 41.04060000
4.08121811 41.11670000
4.08431090 41.19100000
4.08740369 41.26340000
4.09049648 41.33370000
4.09358928 41.40180000
4.09668206 41.46770000
4.09977486 41.53010000
4.10286764 41.59090000
4.10596043 41.64900000
4.10905322 41.70420000
4.11214601 41.75630000
4.11523881 41.80520000
4.11833160 41.85080000
4.12142438 41.89290000
4.12451718 41.93130000
4.12760996 41.96590000
4.13070275 41.99650000
4.13379554 42.02290000
4.13688833 42.04500000
4.13998113 42.06270000
4.14307392 42.07570000
4.14616670 42.08400000
4.14925950 42.08740000
4.15235228 42.08670000
4.15544507 42.08010000
4.15853786 42.06830000
4.16163065 42.05130000
4.16472345 42.02900000

0.00000000 29.50140000
0.00714250 29.58550000
0.01428499 29.78350000
0.02142749 30.02780000
0.02856997 30.28840000
0.03571247 30.55320000
0.04285496 30.81630000
0.04999746 31.07440000
0.05713994 31.32540000
0.06428244 31.56780000
0.07142493 31.80050000
0.07856743 32.02290000
0.08570991 32.23450000
0.09285241 32.43540000
0.09999490 32.62580000
0.10713740 32.80600000
0.11427988 32.97670000
0.12142238 33.13880000
0.12856487 33.29300000
0.13570737 33.44000000
0.14284985 33.58140000
0.14999235 33.71770000
0.15713484 33.84970000
0.16427734 33.97840000
0.17141982 34.10450000
0.17856232 34.22860000
0.18570481 34.35140000
0.19284731 34.47340000
0.19998979 34.59520000
0.20713229 34.71720000
0.21427478 34.83980000
0.22141728 34.96340000
0.22855977 35.08840000
0.23570227 35.21490000
0.24284475 35.34340000
0.24998725 35.47410000
0.25712974 35.60710000
0.26427224 35.74260000
0.27141472 35.88100000
0.27855722 36.02220000
0.28569971 36.16650000
0.29284221 36.31410000
0.29998469 36.46500000
0.30712719 36.61930000
0.31426968 36.77730000
0.32141218 36.93880000
0.32855466 37.10420000
0.33569716 37.27360000
0.34283965 37.44670000
0.34998215 37.62380000
0.35712463 37.80490000
0.36426713 37.99010000
0.37140962 38.17940000
0.37855212 38.37290000
0.38569460 38.57060000
0.39283710 38.77260000
0.39997959 38.97880000
0.40712209 39.18930000
0.41426457 39.40410000
0.42140707 39.62320000
0.42854956 39.84670000
0.43569206 40.07440000
0.44283455 40.30650000
0.44997705 40.54290000
0.45711953 40.78430000
0.46426203 41.02920000
0.47140452 41.27840000
0.47854702 41.53240000
0.48568950 41.79010000
0.49283200 42.05170000
0.49997449 42.31770000
0.50711699 42.58780000
0.51425947 42.86190000
0.52140197 43.14010000
0.52854446 43.42220000
0.53568696 43.70820000
0.54282944 43.99510000
0.54997194 44.26920000
0.55711443 44.55280000
0.56425693 44.84490000
0.57139941 45.14480000
0.57854191 45.44810000
0.58568440 45.16270000
0.59282690 44.87960000
0.59996938 44.59890000
0.60711188 44.32060000
0.61425437 44.04470000
0.62139687 43.77120000
0.62853935 43.50000000
0.63568185 43.23120000
0.64282434 42.96480000
0.64996684 42.70080000
0.65710933 42.43920000
0.66425183 42.18000000
0.67139431 41.92320000
0.67853681 41.66870000
0.68567930 41.41670000
0.69282180 41.16700000
0.69996428 40.91980000
0.70710678 40.67500000
0.70710678 40.67500000
0.71067802 40.67720000
0.71424928 40.68400000
0.71782052 40.69510000
0.72139177 40.71090000
0.72496301 40.73110000
0.72853427 40.75560000
0.73210551 40.78430000
0.73567675 40.81720000
0.73924799 40.85420000
0.74281925 40.89510000
0.74639049 40.93980000
0.74996174 40.98820000
0.75353298 41.04010000
0.75710424 41.09580000
0.76067548 41.15450000
0.76424672 41.21610000
0.76781797 41.28090000
0.77138922 41.34850000
0.77496047 41.41890000
0.77853171 41.49180000
0.78210295 41.56740000
0.78567421 41.64510000
0.78924545 41.72490000
0.79281669 41.80680000
0.79638794 41.89060000
0.79995919 41.97610000
0.80353044 42.06330000
0.80710168 42.15210000
0.81067292 42.24230000
0.81424418 42.33380000
0.81781542 42.42650000
0.82138666 42.52040000
0.82495791 42.61520000
0.82852916 42.71100000
0.83210041 42.80750000
0.83567165 42.90480000
0.83924289 43.00260000
0.84281415 43.10100000
0.84638539 43.19980000
0.84995663 43.29890000
0.85352788 43.39830000
0.85709913 43.49780000
0.86067038 43.59730000
0.86424162 43.69680000
0.86781286 43.79600000
0.87138412 43.89500000
0.87495536 43.99370000
0.87852661 44.09180000
0.88209785 44.18920000
0.88566910 44.28600000
0.88924035 44.38180000
0.89281159 44.47650000
0.89638283 44.57000000
0.89995409 44.66090000
0.90352533 44.75130000
0.90709658 44.83980000
0.91066782 44.92610000
0.91423908 45.00990000
0.91781032 45.09090000
0.92138156 45.16850000
0.92495280 45.24250000
0.92852406 45.31220000
0.93209530 45.37720000
0.93566655 45.43690000
0.93923779 45.49080000
0.94280905 45.53850000
0.94638029 45.57970000
0.94995153 45.61420000
0.95352277 45.64220000
0.95709403 45.66390000
0.96066527 45.67970000
0.96423652 45.69040000
0.96780776 45.69650000
0.97137902 45.69920000
0.97495026 45.69820000
0.97852150 45.69460000
0.98209275 45.68890000
0.98566400 45.68240000
0.98923525 45.67390000
0.99280649 45.66450000
0.99637773 45.65460000
0.99994899 45.64430000
1.00352023 45.63360000
1.00709147 45.62330000
1.01066272 45.61320000
1.01423397 45.60340000
1.01780522 45.59410000
1.02137646 45.58520000
1.02494770 45.57690000
1.02851896 45.56930000
1.03209020 45.56230000
1.03566144 45.55610000
1.03923269 45.55070000
1.04280394 45.54600000
1.04637519 45.54210000
1.04994643 45.53910000
1.05351767 45.53700000
1.05708893 45.53570000
1.06066017 45.53520000
1.06066017 45.53520000
1.06244580 45.59190000
1.06423141 45.64840000
1.06601704 45.70470000
1.06780267 45.76070000
1.06958829 45.81650000
1.07137391 45.87210000
1.07315953 45.92740000
1.07494516 45.98240000
1.07673079 46.03710000
1.07851640 46.09140000
1.08030203 46.14540000
1.08208766 46.19900000
1.08387327 46.25210000
1.08565890 46.30470000
1.08744451 46.35680000
1.08923014 46.40830000
1.09101577 46.45900000
1.09280139 46.50850000
1.09458701 46.55610000
1.09637264 46.59830000
1.09815826 46.61600000
1.09994388 46.57030000
1.10172950 46.49640000
1.10351513 46.41700000
1.10530076 46.33570000
1.10708637 46.25370000
1.10887200 46.17130000
1.11065763 46.08860000
1.11244324 46.00580000
1.11422887 45.92310000
1.11601448 45.84030000
1.11780011 45.75760000
1.11958574 45.67500000
1.12137136 45.59270000
1.12315698 45.51050000
1.12494261 45.42860000
1.12672823 45.34690000
1.12851386 45.26550000
1.13029947 45.18440000
1.13208510 45.10370000
1.13387073 45.02330000
1.13565634 44.94330000
1.13744197 44.86370000
1.13922760 44.78290000
1.14101321 44.70420000
1.14279884 44.62590000
1.14458446 44.54820000
1.14637008 44.47100000
1.14815571 44.39440000
1.14994133 44.31840000
1.15172696 44.24290000
1.15351258 44.16810000
1.15529820 44.09390000
1.15708383 44.06180000
1.15886944 44.06040000
1.16065507 44.05970000
1.16244070 44.05960000
1.16422631 44.06000000
1.16601194 44.06090000
1.16779757 44.06230000
1.16958318 44.06420000
1.17136881 44.06650000
1.17315443 44.06920000
1.17494005 44.07230000
1.17672568 44.07570000
1.17851130 44.07940000
1.18029693 44.08350000
1.18208255 44.08780000
1.18386817 44.09240000
1.18565380 44.09710000
1.18743941 44.10280000
1.18922504 44.10790000
1.19101067 44.11310000
1.19279628 44.11830000
1.19458191 44.12370000
1.19636754 44.12910000
1.19815315 44.13450000
1.19993878 44.13980000
1.20172440 44.14520000
1.20351003 44.15040000
1.20529565 44.15560000
1.20708127 44.16060000
1.20886690 44.16550000
1.21065252 44.17020000
1.21243814 44.17470000
1.21422377 44.17900000
1.21600938 44.18310000
1.21779501 44.18690000
1.21958064 44.19050000
1.22136625 44.19370000
1.22315188 44.19670000
1.22493751 44.19940000
1.22672312 44.20170000
1.22850875 44.20370000
1.23029437 44.20530000
1.23208000 44.20660000
1.23386562 44.20750000
1.23565124 44.20810000
1.23743687 44.20820000
1.23743687 44.20820000
1.24671524 44.01070000
1.25599361 43.81590000
1.26527198 43.62360000
1.27455035 43.43220000
1.28382872 43.24490000
1.29310709 43.05980000
1.30238546 42.87690000
1.31166383 42.69600000
1.32094220 42.76150000
1.33022057 42.85040000
1.33949894 42.94070000
1.34877731 43.03230000
1.35805568 43.12520000
1.36733405 43.21950000
1.37661242 43.31500000
1.38589079 43.41180000
1.39516916 43.50980000
1.40444754 43.61220000
1.41372590 43.71240000
1.42300427 43.81380000
1.43228264 43.91630000
1.44156101 44.01980000
1.45083938 44.12430000
1.46011775 44.22980000
1.46939612 44.33630000
1.47867450 44.44360000
1.48795286 44.55190000
1.49723124 44.66090000
1.50650960 44.77070000
1.51578797 44.67100000
1.52506634 44.43650000
1.53434471 44.20730000
1.54362308 43.98450000
1.55290146 43.76980000
1.56217983 43.56460000
1.57145820 43.37080000
1.58073657 43.18980000
1.59001493 43.02370000
1.59929331 42.87420000
1.60857167 42.74320000
1.61785005 42.63260000
1.62712842 42.54410000
1.63640679 42.47900000
1.64568516 42.43850000
1.65496353 42.42310000
1.66424190 42.43330000
1.67352027 42.46860000
1.68279863 42.52850000
1.69207701 42.61180000
1.70135538 42.71720000
1.71063375 42.84310000
1.71991212 42.98770000
1.72919049 43.14930000
1.73846886 43.32590000
1.74774723 43.51590000
1.75702560 43.71750000
1.76630397 43.92910000
1.77558234 43.89950000
1.78486071 43.47490000
1.79413908 43.05240000
1.80341745 42.63430000
1.81269582 42.21650000
1.82197419 41.80120000
1.83125256 41.38850000
1.84053093 40.97850000
1.84980930 40.57130000
1.85908768 40.16690000
1.86836605 39.76540000
1.87764441 39.36680000
1.88692279 38.97130000
1.89620115 38.57880000
1.90547953 38.18950000
1.91475789 37.80340000
1.92403626 37.42050000
1.93331464 37.04090000
1.94259301 36.66470000
1.95187138 36.29190000
1.96114975 35.92260000
1.97042811 35.55690000
1.97970649 35.19480000
1.98898485 34.83670000
1.99826323 34.48200000
2.00754160 34.13110000
2.01681997 33.78410000
2.02609834 33.44110000
2.03537671 33.10230000
2.04465507 32.76770000
2.05393345 32.43740000
2.06321181 32.11180000
2.07249019 31.79110000
2.08176856 31.47550000
2.09104693 31.16570000
2.10032530 30.86240000
2.10960367 30.56700000
2.11888204 30.28190000
2.12816041 30.01210000
2.13743877 29.76870000
2.14671715 29.57920000
2.15599552 29.50140000
2.15599552 29.50140000
2.16474326 29.53790000
2.17349098 29.63570000
2.18223872 29.77340000
2.19098645 29.93520000
2.19973419 30.11210000
2.20848191 30.29910000
2.21722965 30.49360000
2.22597737 30.69390000
2.23472511 30.89910000
2.24347283 31.10860000
2.25222057 31.32170000
2.26096830 31.53840000
2.26971604 31.75840000
2.27846376 31.98140000
2.28721150 32.20730000
2.29595922 32.43610000
2.30470696 32.66760000
2.31345468 32.90180000
2.32220242 33.13850000
2.33095015 33.37790000
2.33969789 33.61970000
2.34844561 33.86380000
2.35719335 34.11050000
2.36594107 34.35930000
2.37468881 34.61070000
2.38343653 34.86440000
2.39218427 35.12040000
2.40093200 35.37860000
2.40967974 35.63900000
2.41842746 35.90170000
2.42717520 36.16650000
2.43592292 36.43340000
2.44467066 36.70250000
2.45341838 36.97360000
2.46216612 37.24680000
2.47091385 37.52210000
2.47966159 37.79930000
2.48840931 38.07750000
2.49715705 38.35860000
2.50590477 38.64160000
2.51465251 38.92650000
2.52340023 39.21320000
2.53214797 39.50160000
2.54089570 39.79180000
2.54964344 40.08350000
2.55839116 40.37680000
2.56713890 40.67150000
2.57588662 40.96740000
2.58463436 41.26430000
2.59338208 41.56180000
2.60212982 41.85930000
2.61087755 42.15580000
2.61962529 42.44960000
2.62837301 42.73680000
2.63712075 43.00850000
2.64586847 43.24120000
2.65461621 43.37440000
2.66336393 43.34730000
2.67211167 43.20620000
2.68085940 43.01680000
2.68960714 42.80710000
2.69835486 42.58760000
2.70710260 42.36270000
2.71585032 42.13460000
2.72459806 41.90460000
2.73334578 41.67360000
2.74209352 41.44210000
2.75084125 41.21070000
2.75958899 40.97970000
2.76833671 40.74950000
2.77708445 40.52050000
2.78583217 40.29330000
2.79457991 40.06750000
2.80332763 39.84390000
2.81207537 39.62260000
2.82082310 39.40420000
2.82957084 39.18900000
2.83831856 38.97720000
2.84706630 38.76940000
2.85581402 38.56590000
2.86456176 38.36710000
2.87330948 38.17360000
2.88205722 37.98590000
2.89080495 37.80440000
2.89955269 37.62990000
2.90830041 37.46270000
2.91704815 37.30390000
2.92579587 37.15350000
2.93454361 37.01340000
2.94329133 36.88300000
2.95203907 36.76360000
2.96078680 36.65610000
2.96953454 36.56100000
2.97828226 36.47910000
2.98703000 36.41120000
2.99577772 36.35770000
3.00452546 36.31910000
3.01327318 36.29580000
3.02202092 36.28800000
3.02202092 36.28800000
3.02511372 36.29160000
3.02820651 36.30240000
3.03129930 36.32030000
3.03439209 36.34530000
3.03748487 36.37740000
3.04057767 36.41630000
3.04367045 36.46210000
3.04676324 36.51440000
3.04985604 36.57320000
3.05294883 36.63840000
3.05604162 36.70960000
3.05913441 36.78680000
3.06222719 36.86970000
3.06531999 36.95820000
3.06841277 37.05190000
3.07150557 37.15060000
3.07459836 37.25440000
3.07769115 37.36290000
3.08078394 37.47540000
3.08387673 37.59270000
3.08696951 37.71400000
3.09006231 37.83930000
3.09315509 37.96810000
3.09624789 38.10070000
3.09934068 38.23660000
3.10243347 38.37580000
3.10552626 38.51860000
3.10861905 38.66370000
3.11171183 38.81150000
3.11480463 38.96200000
3.11789741 39.11490000
3.12099021 39.27010000
3.12408300 39.42750000
3.12717579 39.58700000
3.13026858 39.74840000
3.13336137 39.91160000
3.13645415 40.07620000
3.13954695 40.24270000
3.14263974 40.41050000
3.14573253 40.57970000
3.14882532 40.75000000
3.15191811 40.92140000
3.15501090 41.09500000
3.15810369 41.26800000
3.16119647 41.44170000
3.16428927 41.61570000
3.16738206 41.79000000
3.17047485 41.96420000
3.17356764 42.13820000
3.17666043 42.31200000
3.17975322 42.48420000
3.18284601 42.65490000
3.18593879 42.82350000
3.18903159 42.98910000
3.19212438 43.15050000
3.19521717 43.30650000
3.19830996 43.45510000
3.20140275 43.59370000
3.20449554 43.71940000
3.20758833 43.82820000
3.21068111 43.91450000
3.21377391 43.97990000
3.21686670 44.02070000
3.21995949 44.03990000
3.22305228 44.04030000
3.22614507 44.02590000
3.22923786 44.00060000
3.23233065 43.96760000
3.23542343 43.92970000
3.23851623 43.89020000
3.24160902 43.84780000
3.24470181 43.80530000
3.24779460 43.76350000
3.25088739 43.72340000
3.25398018 43.68550000
3.25707297 43.65050000
3.26016576 43.61900000
3.26325855 43.59090000
3.26635134 43.56750000
3.26944413 43.54880000
3.27253692 43.53510000
3.27562971 43.52670000
3.27872250 43.52390000
3.28181529 43.52690000
3.28490808 43.53590000
3.28800087 43.55100000
3.29109366 43.57220000
3.29418645 43.59950000
3.29727924 43.63280000
3.30037203 43.67200000
3.30346482 43.71670000
3.30655761 43.76660000
3.30965040 43.82120000
3.31274320 43.87990000
3.31583598 43.94220000
3.31892877 44.00770000
3.32202156 44.07420000
3.32511435 44.14140000
3.32820714 44.20820000
3.32820714 44.20820000
3.32999277 44.20810000
3.33177839 44.20750000
3.33356401 44.20660000
3.33534964 44.20530000
3.33713526 44.20370000
3.33892088 44.20170000
3.34070650 44.19940000
3.34249213 44.19670000
3.34427776 44.19370000
3.34606337 44.19050000
3.34784900 44.18690000
3.34963463 44.18310000
3.35142024 44.17900000
3.35320587 44.17470000
3.35499148 44.17020000
3.35677711 44.16550000
3.35856274 44.16060000
3.36034836 44.15560000
3.36213398 44.15040000
3.36391961 44.14520000
3.36570523 44.13980000
3.36749086 44.13450000
3.36927647 44.12910000
3.37106210 44.12370000
3.37284773 44.11830000
3.37463334 44.11310000
3.37641897 44.10790000
3.37820460 44.10280000
3.37999021 44.09710000
3.38177584 44.09240000
3.38356146 44.08780000
3.38534708 44.08350000
3.38713271 44.07940000
3.38891833 44.07570000
3.39070395 44.07230000
3.39248958 44.06920000
3.39427520 44.06650000
3.39606083 44.06420000
3.39784644 44.06230000
3.39963207 44.06090000
3.40141770 44.06000000
3.40320331 44.05960000
3.40498894 44.05970000
3.40677457 44.06040000
3.40856018 44.06180000
3.41034581 44.09390000
3.41213143 44.16810000
3.41391705 44.24290000
3.41570268 44.31840000
3.41748830 44.39440000
3.41927393 44.47100000
3.42105955 44.54820000
3.42284517 44.62590000
3.42463080 44.70420000
3.42641641 44.78290000
3.42820204 44.86370000
3.42998767 44.94330000
3.43177328 45.02330000
3.43355891 45.10370000
3.43534454 45.18440000
3.43713015 45.26550000
3.43891578 45.34690000
3.44070140 45.42860000
3.44248702 45.51050000
3.44427265 45.59270000
3.44605827 45.67500000
3.44784390 45.75760000
3.44962952 45.84030000
3.45141514 45.92310000
3.45320077 46.00580000
3.45498638 46.08860000
3.45677201 46.17130000
3.45855764 46.25370000
3.46034325 46.33570000
3.46212888 46.41700000
3.46391451 46.49640000
3.46570012 46.57030000
3.46748575 46.61600000
3.46927137 46.59830000
3.47105700 46.55610000
3.47284262 46.50850000
3.47462824 46.45900000
3.47641387 46.40830000
3.47819950 46.35680000
3.47998511 46.30470000
3.48177074 46.25210000
3.48355635 46.19900000
3.48534198 46.14540000
3.48712761 46.09140000
3.48891322 46.03710000
3.49069885 45.98240000
3.49248448 45.92740000
3.49427010 45.87210000
3.49605572 45.81650000
3.49784134 45.76070000
3.49962697 45.70470000
3.50141259 45.64840000
3.50319821 45.59190000
3.50498384 45.53520000
3.50498384 45.53520000
3.50855508 45.69630000
3.51212634 45.85840000
3.51569758 46.02120000
3.51926882 46.18440000
3.52284007 46.34770000
3.52641132 46.51080000
3.52998257 46.67390000
3.53355381 46.83570000
3.53712505 46.87040000
3.54069631 46.71550000
3.54426755 46.55970000
3.54783879 46.40360000
3.55141004 46.24750000
3.55498129 46.09190000
3.55855254 45.93700000
3.56212378 45.78310000
3.56569502 45.63070000
3.56926628 45.48020000
3.57283752 45.33200000
3.57640876 45.18660000
3.57998001 45.04450000
3.58355126 44.90650000
3.58712251 44.77340000
3.59069375 44.64630000
3.59426499 44.52650000
3.59783625 44.41560000
3.60140749 44.31520000
3.60497873 44.22740000
3.60854998 44.15390000
3.61212123 44.09650000
3.61569248 44.05620000
3.61926372 44.03310000
3.62283496 44.02680000
3.62640622 44.03610000
3.62997746 44.05960000
3.63354871 44.09600000
3.63711995 44.14280000
3.64069121 44.19900000
3.64426245 44.26280000
3.64783369 44.33400000
3.65140493 44.41120000
3.65497619 44.49360000
3.65854743 44.58040000
3.66211868 44.49300000
3.66568992 44.30340000
3.66926118 44.11210000
3.67283242 43.91940000
3.67640366 43.72530000
3.67997490 43.53010000
3.68354616 43.33290000
3.68711740 43.13600000
3.69068865 42.93850000
3.69425989 42.74060000
3.69783115 42.54250000
3.70140239 42.34420000
3.70497363 42.14600000
3.70854488 41.94800000
3.71211613 41.75040000
3.71568737 41.55330000
3.71925862 41.35680000
3.72282986 41.16120000
3.72640112 40.96590000
3.72997236 40.77280000
3.73354360 40.58050000
3.73711485 40.38970000
3.74068610 40.20050000
3.74425735 40.01300000
3.74782859 39.82750000
3.75139983 39.64400000
3.75497109 39.46280000
3.75854233 39.28410000
3.76211357 39.10810000
3.76568482 38.93390000
3.76925607 38.76380000
3.77282732 38.59690000
3.77639856 38.43350000
3.77996980 38.27420000
3.78354106 38.11850000
3.78711230 37.96710000
3.79068354 37.82010000
3.79425479 37.67790000
3.79782604 37.54080000
3.80139729 37.40910000
3.80496853 37.28360000
3.80853977 37.16360000
3.81211103 37.04980000
3.81568227 36.94280000
3.81925351 36.84270000
3.82282476 36.74990000
3.82639601 36.66480000
3.82996726 36.58760000
3.83353850 36.51870000
3.83710974 36.45840000
3.84068100 36.40680000
3.84425224 36.36430000
3.84782349 36.33100000
3.85139473 36.30720000
3.85496599 36.29280000
3.85853723 36.28800000
3.85853723 36.28800000
3.86163002 36.29160000
3.86472281 36.30240000
3.86781560 36.32030000
3.87090839 36.34530000
3.87400118 36.37740000
3.87709397 36.41630000
3.88018676 36.46210000
3.88327955 36.51440000
3.88637234 36.57320000
3.88946513 36.63840000
3.89255792 36.70960000
3.89565071 36.78680000
3.89874350 36.86970000
3.90183629 36.95820000
3.90492908 37.05190000
3.90802187 37.15060000
3.91111466 37.25440000
3.91420745 37.36290000
3.91730024 37.47540000
3.92039303 37.59270000
3.92348582 37.71400000
3.92657862 37.83930000
3.92967140 37.96810000
3.93276419 38.10070000
3.93585698 38.23660000
3.93894977 38.37580000
3.94204256 38.51860000
3.94513535 38.66370000
3.94822814 38.81150000
3.95132094 38.96200000
3.95441372 39.11490000
3.95750651 39.27010000
3.96059930 39.42750000
3.96369209 39.58700000
3.96678488 39.74840000
3.96987767 39.91160000
3.97297046 40.07620000
3.97606326 40.24270000
3.97915604 40.41050000
3.98224883 40.57970000
3.98534162 40.75000000
3.98843441 40.92140000
3.99152720 41.09500000
3.99461999 41.26800000
3.99771278 41.44170000
4.00080558 41.61570000
4.00389836 41.79000000
4.00699115 41.96420000
4.01008394 42.13820000
4.01317673 42.31200000
4.01626952 42.48420000
4.01936231 42.65490000
4.02245510 42.82350000
4.02554790 42.98910000
4.02864068 43.15050000
4.03173347 43.30650000
4.03482626 43.45510000
4.03791905 43.59370000
4.04101184 43.71940000
4.04410464 43.82820000
4.04719742 43.91450000
4.05029022 43.97990000
4.05338300 44.02070000
4.05647579 44.03990000
4.05956858 44.04030000
4.06266137 44.02590000
4.06575416 44.00060000
4.06884696 43.96760000
4.07193974 43.92970000
4.07503254 43.89020000
4.07812532 43.84780000
4.08121811 43.80530000
4.08431090 43.76350000
4.08740369 43.72340000
4.09049648 43.68550000
4.09358928 43.65050000
4.09668206 43.61900000
4.09977486 43.59090000
4.10286764 43.56750000
4.10596043 43.54880000
4.10905322 43.53510000
4.11214601 43.52670000
4.11523881 43.52390000
4.11833160 43.52690000
4.12142438 43.53590000
4.12451718 43.55100000
4.12760996 43.57220000
4.13070275 43.59950000
4.13379554 43.63280000
4.13688833 43.67200000
4.13998113 43.71670000
4.14307392 43.76660000
4.14616670 43.82120000
4.14925950 43.87990000
4.15235228 43.94220000
4.15544507 44.00770000
4.15853786 44.07420000
4.16163065 44.14140000
4.16472345 44.20820000

0.00000000 36.75110000
0.00714250 36.75950000
0.01428499 36.78490000
0.02142749 36.82740000
0.02856997 36.88740000
0.03571247 36.96520000
0.04285496 37.06120000
0.04999746 37.17600000
0.05713994 37.31000000
0.06428244 37.46350000
0.07142493 37.63680000
0.07856743 37.83000000
0.08570991 38.04250000
0.09285241 38.27480000
0.09999490 38.52600000
0.10713740 38.79530000
0.11427988 39.08180000
0.12142238 39.38470000
0.12856487 39.70280000
0.13570737 40.03330000
0.14284985 40.37800000
0.14999235 40.73510000
0.15713484 41.10330000
0.16427734 41.48150000
0.17141982 41.86900000
0.17856232 42.26500000
0.18570481 42.66880000
0.19284731 43.07970000
0.19998979 43.49720000
0.20713229 43.92070000
0.21427478 44.34970000
0.22141728 44.78380000
0.22855977 45.22260000
0.23570227 45.66570000
0.24284475 46.11280000
0.24998725 46.56350000
0.25712974 46.37610000
0.26427224 46.17860000
0.27141472 45.97950000
0.27855722 45.77890000
0.28569971 45.57730000
0.29284221 45.37500000
0.29998469 45.17840000
0.30712719 44.97540000
0.31426968 44.77270000
0.32141218 44.57080000
0.32855466 44.37020000
0.33569716 44.17130000
0.34283965 43.97470000
0.34998215 43.78100000
0.35712463 43.59090000
0.36426713 43.40520000
0.37140962 43.22460000
0.37855212 43.05020000
0.38569460 42.88320000
0.39283710 42.72480000
0.39997959 42.57660000
0.40712209 42.44020000
0.41426457 42.31760000
0.42140707 42.21100000
0.42854956 42.12270000
0.43569206 42.05510000
0.44283455 42.01060000
0.44997705 41.99140000
0.45711953 41.99880000
0.46426203 42.03470000
0.47140452 42.09900000
0.47854702 42.19130000
0.48568950 42.31050000
0.49283200 42.45470000
0.49997449 42.62210000
0.50711699 42.81040000
0.51425947 43.01740000
0.52140197 43.24120000
0.52854446 43.47980000
0.53568696 43.73160000
0.54282944 43.99510000
0.54997194 44.26920000
0.55711443 44.55280000
0.56425693 44.84490000
0.57139941 45.14480000
0.57854191 45.45170000
0.58568440 45.76520000
0.59282690 46.08450000
0.59996938 46.40940000
0.60711188 46.73940000
0.61425437 47.07370000
0.62139687 47.41250000
0.62853935 47.74660000
0.63568185 48.07750000
0.64282434 48.41010000
0.64996684 48.74340000
0.65710933 49.07830000
0.66425183 49.41330000
0.67139431 49.74780000
0.67853681 50.08050000
0.68567930 50.41000000
0.69282180 50.73420000
0.69996428 51.05070000
0.70710678 51.22780000
0.70710678 51.22780000
0.71067802 51.19010000
0.71424928 51.11860000
0.71782052 51.03730000
0.72139177 50.95220000
0.72496301 50.86450000
0.72853427 50.77500000
0.73210551 50.68410000
0.73567675 50.59240000
0.73924799 50.50010000
0.74281925 50.40740000
0.74639049 50.31460000
0.74996174 50.22190000
0.75353298 50.12930000
0.75710424 50.03720000
0.76067548 49.94530000
0.76424672 49.85340000
0.76781797 49.76260000
0.77138922 49.67230000
0.77496047 49.58280000
0.77853171 49.49400000
0.78210295 49.40630000
0.78567421 49.31910000
0.78924545 49.23280000
0.79281669 49.14730000
0.79638794 49.06280000
0.79995919 48.97920000
0.80353044 48.89660000
0.80710168 48.81500000
0.81067292 48.73440000
0.81424418 48.65490000
0.81781542 48.57650000
0.82138666 48.49920000
0.82495791 48.42300000
0.82852916 48.34790000
0.83210041 48.27410000
0.83567165 48.20140000
0.83924289 48.12990000
0.84281415 48.05960000
0.84638539 47.99070000
0.84995663 47.92300000
0.85352788 47.85690000
0.85709913 47.79190000
0.86067038 47.72820000
0.86424162 47.66600000
0.86781286 47.60530000
0.87138412 47.54600000
0.87495536 47.48830000
0.87852661 47.43230000
0.88209785 47.37790000
0.88566910 47.32530000
0.88924035 47.27450000
0.89281159 47.22570000
0.89638283 47.17900000
0.89995409 47.13450000
0.90352533 47.09240000
0.90709658 47.05290000
0.91066782 47.01620000
0.91423908 46.98250000
0.91781032 46.95220000
0.92138156 46.92570000
0.92495280 46.90330000
0.92852406 46.88550000
0.93209530 46.87270000
0.93566655 46.86540000
0.93923779 46.86410000
0.94280905 46.86920000
0.94638029 46.88080000
0.94995153 46.89910000
0.95352277 46.92390000
0.95709403 46.95490000
0.96066527 46.99140000
0.96423652 47.03300000
0.96780776 47.07870000
0.97137902 47.12870000
0.97495026 47.18070000
0.97852150 47.23460000
0.98209275 47.28990000
0.98566400 47.34700000
0.98923525 47.40340000
0.99280649 47.45970000
0.99637773 47.51550000
0.99994899 47.57030000
1.00352023 47.62390000
1.00709147 47.67600000
1.01066272 47.72630000
1.01423397 47.77450000
1.01780522 47.82030000
1.02137646 47.86360000
1.02494770 47.90400000
1.02851896 47.94140000
1.03209020 47.97550000
1.03566144 48.00620000
1.03923269 48.03320000
1.04280394 48.05640000
1.04637519 48.07560000
1.04994643 48.09070000
1.05351767 48.10150000
1.05708893 48.10800000
1.06066017 48.11020000
1.06066017 48.11020000
1.06244580 48.06990000
1.06423141 48.02470000
1.06601704 47.97510000
1.06780267 47.92130000
1.06958829 47.86390000
1.07137391 47.80330000
1.07315953 47.73960000
1.07494516 47.67340000
1.07673079 47.60480000
1.07851640 47.53420000
1.08030203 47.46170000
1.08208766 47.38780000
1.08387327 47.31240000
1.08565890 47.23590000
1.08744451 47.15850000
1.08923014 47.08020000
1.09101577 47.00150000
1.09280139 46.92280000
1.09458701 46.84490000
1.09637264 46.77130000
1.09815826 46.72140000
1.09994388 46.73450000
1.10172950 46.77430000
1.10351513 46.81880000
1.10530076 46.86430000
1.10708637 46.90990000
1.10887200 46.95520000
1.11065763 46.99990000
1.11244324 47.04410000
1.11422887 47.08770000
1.11601448 47.13060000
1.11780011 47.17280000
1.11958574 47.21420000
1.12137136 47.25520000
1.12315698 47.29510000
1.12494261 47.33430000
1.12672823 47.37270000
1.12851386 47.41020000
1.13029947 47.44700000
1.13208510 47.48290000
1.13387073 47.51800000
1.13565634 47.55230000
1.13744197 47.58570000
1.13922760 47.61710000
1.14101321 47.64880000
1.14279884 47.67970000
1.14458446 47.70970000
1.14637008 47.73880000
1.14815571 47.76710000
1.14994133 47.79460000
1.15172696 47.82130000
1.15351258 47.84710000
1.15529820 47.87210000
1.15708383 47.89620000
1.15886944 47.91960000
1.16065507 47.94220000
1.16244070 47.96400000
1.16422631 47.98500000
1.16601194 48.00530000
1.16779757 48.02480000
1.16958318 48.04360000
1.17136881 48.06170000
1.17315443 48.07910000
1.17494005 48.09580000
1.17672568 48.11180000
1.17851130 48.12710000
1.18029693 48.14180000
1.18208255 48.15590000
1.18386817 48.16930000
1.18565380 48.18220000
1.18743941 48.19530000
1.18922504 48.20700000
1.19101067 48.21810000
1.19279628 48.22870000
1.19458191 48.23870000
1.19636754 48.24820000
1.19815315 48.25720000
1.19993878 48.26580000
1.20172440 48.27380000
1.20351003 48.28140000
1.20529565 48.28850000
1.20708127 48.29480000
1.20886690 48.30110000
1.21065252 48.30690000
1.21243814 48.31230000
1.21422377 48.31730000
1.21600938 48.32190000
1.21779501 48.32610000
1.21958064 48.32990000
1.22136625 48.33420000
1.22315188 48.33720000
1.22493751 48.33990000
1.22672312 48.34220000
1.22850875 48.34410000
1.23029437 48.34570000
1.23208000 48.34690000
1.23386562 48.34780000
1.23565124 48.34830000
1.23743687 48.34850000
1.23743687 48.34850000
1.24671524 48.40570000
1.25599361 48.46000000
1.26527198 48.50880000
1.27455035 48.54670000
1.28382872 48.57680000
1.29310709 48.59400000
1.30238546 48.59630000
1.31166383 48.58170000
1.32094220 48.54900000
1.33022057 48.49730000
1.33949894 48.42600000
1.34877731 48.33540000
1.35805568 48.22590000
1.36733405 48.09840000
1.37661242 47.95390000
1.38589079 47.79370000
1.39516916 47.61930000
1.40444754 47.42060000
1.41372590 47.20040000
1.42300427 46.98840000
1.43228264 46.78550000
1.44156101 46.58460000
1.45083938 46.35390000
1.46011775 46.11590000
1.46939612 45.87700000
1.47867450 45.63580000
1.48795286 45.39350000
1.49723124 45.15130000
1.50650960 44.91050000
1.51578797 44.88030000
1.52506634 44.99150000
1.53434471 45.10330000
1.54362308 45.21570000
1.55290146 45.16630000
1.56217983 45.12390000
1.57145820 45.09280000
1.58073657 45.07170000
1.59001493 45.06070000
1.59929331 45.05940000
1.60857167 45.06690000
1.61785005 45.08390000
1.62712842 45.10950000
1.63640679 45.14320000
1.64568516 45.18460000
1.65496353 45.23340000
1.66424190 45.29100000
1.67352027 45.35350000
1.68279863 45.41010000
1.69207701 45.48450000
1.70135538 45.56450000
1.71063375 45.64980000
1.71991212 45.74010000
1.72919049 45.83500000
1.73846886 45.61820000
1.74774723 45.18580000
1.75702560 44.75520000
1.76630397 44.32640000
1.77558234 44.14900000
1.78486071 44.37590000
1.79413908 44.60840000
1.80341745 44.84530000
1.81269582 45.08520000
1.82197419 45.32710000
1.83125256 45.14160000
1.84053093 44.76570000
1.84980930 44.39350000
1.85908768 44.02560000
1.86836605 43.66220000
1.87764441 43.30360000
1.88692279 42.95000000
1.89620115 42.60170000
1.90547953 42.25890000
1.91475789 41.92200000
1.92403626 41.59120000
1.93331464 41.26700000
1.94259301 40.94950000
1.95187138 40.63930000
1.96114975 40.33680000
1.97042811 40.04230000
1.97970649 39.75630000
1.98898485 39.48040000
1.99826323 39.21300000
2.00754160 38.95570000
2.01681997 38.70930000
2.02609834 38.47430000
2.03537671 38.25140000
2.04465507 38.04140000
2.05393345 37.84470000
2.06321181 37.66220000
2.07249019 37.49490000
2.08176856 37.34280000
2.09104693 37.20680000
2.10032530 37.08770000
2.10960367 36.98590000
2.11888204 36.90190000
2.12816041 36.83620000
2.13743877 36.78900000
2.14671715 36.76060000
2.15599552 36.75110000
2.15599552 36.75110000
2.16474326 36.75740000
2.17349098 36.77630000
2.18223872 36.80780000
2.19098645 36.85150000
2.19973419 36.90720000
2.20848191 36.97470000
2.21722965 37.05350000
2.22597737 37.14330000
2.23472511 37.24360000
2.24347283 37.35400000
2.25222057 37.47380000
2.26096830 37.60300000
2.26971604 37.74100000
2.27846376 37.88730000
2.28721150 38.04160000
2.29595922 38.20340000
2.30470696 38.37250000
2.31345468 38.54830000
2.32220242 38.73080000
2.33095015 38.91940000
2.33969789 39.11410000
2.34844561 39.31380000
2.35719335 39.51960000
2.36594107 39.73030000
2.37468881 39.94640000
2.38343653 40.16730000
2.39218427 40.39290000
2.40093200 40.62300000
2.40967974 40.85750000
2.41842746 41.09620000
2.42717520 41.33890000
2.43592292 41.58550000
2.44467066 41.83600000
2.45341838 42.09000000
2.46216612 42.34760000
2.47091385 42.60850000
2.47966159 42.87250000
2.48840931 43.13860000
2.49715705 43.40830000
2.50590477 43.68040000
2.51465251 43.95450000
2.52340023 44.23010000
2.53214797 44.50660000
2.54089570 44.78230000
2.54964344 45.05550000
2.55839116 45.32270000
2.56713890 45.57780000
2.57588662 45.80980000
2.58463436 45.63190000
2.59338208 45.42520000
2.60212982 45.21710000
2.61087755 45.00900000
2.61962529 44.80260000
2.62837301 44.60210000
2.63712075 44.41650000
2.64586847 44.26980000
2.65461621 44.22220000
2.66336393 44.33500000
2.67211167 44.56200000
2.68085940 44.83760000
2.68960714 45.13410000
2.69835486 45.44120000
2.70710260 45.75470000
2.71585032 46.07260000
2.72459806 46.39360000
2.73334578 46.45730000
2.74209352 46.50300000
2.75084125 46.55340000
2.75958899 46.60840000
2.76833671 46.66790000
2.77708445 46.73160000
2.78583217 46.80300000
2.79457991 46.87410000
2.80332763 46.94870000
2.81207537 47.02630000
2.82082310 47.10660000
2.82957084 47.18940000
2.83831856 47.27400000
2.84706630 47.36020000
2.85581402 47.44740000
2.86456176 47.53530000
2.87330948 47.62320000
2.88205722 47.71060000
2.89080495 47.79700000
2.89955269 47.88190000
2.90830041 47.96460000
2.91704815 48.04630000
2.92579587 48.12180000
2.93454361 48.19550000
2.94329133 48.26360000
2.95203907 48.32640000
2.96078680 48.38340000
2.96953454 48.43410000
2.97828226 48.47790000
2.98703000 48.51440000
2.99577772 48.54320000
3.00452546 48.56410000
3.01327318 48.57660000
3.02202092 48.58090000
3.02202092 48.58090000
3.02511372 48.57970000
3.02820651 48.57620000
3.03129930 48.57030000
3.03439209 48.56210000
3.03748487 48.55150000
3.04057767 48.53860000
3.04367045 48.52330000
3.04676324 48.50570000
3.04985604 48.48570000
3.05294883 48.46340000
3.05604162 48.43870000
3.05913441 48.41160000
3.06222719 48.38220000
3.06531999 48.35040000
3.06841277 48.31630000
3.07150557 48.27870000
3.07459836 48.23980000
3.07769115 48.19860000
3.08078394 48.15470000
3.08387673 48.10900000
3.08696951 48.06100000
3.09006231 48.01070000
3.09315509 47.95760000
3.09624789 47.90300000
3.09934068 47.84630000
3.10243347 47.78740000
3.10552626 47.72690000
3.10861905 47.66410000
3.11171183 47.59930000
3.11480463 47.53270000
3.11789741 47.46260000
3.12099021 47.39250000
3.12408300 47.32070000
3.12717579 47.24740000
3.13026858 47.17260000
3.13336137 47.09650000
3.13645415 47.01850000
3.13954695 46.93990000
3.14263974 46.86030000
3.14573253 46.77980000
3.14882532 46.69850000
3.15191811 46.61520000
3.15501090 46.53290000
3.15810369 46.45010000
3.16119647 46.36720000
3.16428927 46.28440000
3.16738206 46.20180000
3.17047485 46.11990000
3.17356764 46.03880000
3.17666043 45.96120000
3.17975322 45.88310000
3.18284601 45.80720000
3.18593879 45.73430000
3.18903159 45.66510000
3.19212438 45.60090000
3.19521717 45.54310000
3.19830996 45.49360000
3.20140275 45.45510000
3.20449554 45.43070000
3.20758833 45.42410000
3.21068111 45.43900000
3.21377391 45.47820000
3.21686670 45.54240000
3.21995949 45.63040000
3.22305228 45.73860000
3.22614507 45.86300000
3.22923786 45.99980000
3.23233065 46.14570000
3.23542343 46.29800000
3.23851623 46.45480000
3.24160902 46.61430000
3.24470181 46.77530000
3.24779460 46.93670000
3.25088739 47.09740000
3.25398018 47.25640000
3.25707297 47.41280000
3.26016576 47.56550000
3.26325855 47.71340000
3.26635134 47.85500000
3.26944413 47.98910000
3.27253692 48.11370000
3.27562971 48.22720000
3.27872250 48.32750000
3.28181529 48.41300000
3.28490808 48.48230000
3.28800087 48.53470000
3.29109366 48.57010000
3.29418645 48.58980000
3.29727924 48.59540000
3.30037203 48.58900000
3.30346482 48.57310000
3.30655761 48.55000000
3.30965040 48.52190000
3.31274320 48.49070000
3.31583598 48.45930000
3.31892877 48.42750000
3.32202156 48.39740000
3.32511435 48.37060000
3.32820714 48.34850000
3.32820714 48.34850000
3.32999277 48.34830000
3.33177839 48.34780000
3.33356401 48.34690000
3.33534964 48.34570000
3.33713526 48.34410000
3.33892088 48.34220000
3.34070650 48.33990000
3.34249213 48.33720000
3.34427776 48.33420000
3.34606337 48.32990000
3.34784900 48.32610000
3.34963463 48.32190000
3.35142024 48.31730000
3.35320587 48.31230000
3.35499148 48.30690000
3.35677711 48.30110000
3.35856274 48.29480000
3.36034836 48.28850000
3.36213398 48.28140000
3.36391961 48.27380000
3.36570523 48.26580000
3.36749086 48.25720000
3.36927647 48.24820000
3.37106210 48.23870000
3.37284773 48.22870000
3.37463334 48.21810000
3.37641897 48.20700000
3.37820460 48.19530000
3.37999021 48.18220000
3.38177584 48.16930000
3.38356146 48.15590000
3.38534708 48.14180000
3.38713271 48.12710000
3.38891833 48.11180000
3.39070395 48.09580000
3.39248958 48.07910000
3.39427520 48.06170000
3.39606083 48.04360000
3.39784644 48.02480000
3.39963207 48.00530000
3.40141770 47.98500000
3.40320331 47.96400000
3.40498894 47.94220000
3.40677457 47.91960000
3.40856018 47.89620000
3.41034581 47.87210000
3.41213143 47.84710000
3.41391705 47.82130000
3.41570268 47.79460000
3.41748830 47.76710000
3.41927393 47.73880000
3.42105955 47.70970000
3.42284517 47.67970000
3.42463080 47.64880000
3.42641641 47.61710000
3.42820204 47.58570000
3.42998767 47.55230000
3.43177328 47.51800000
3.43355891 47.48290000
3.43534454 47.44700000
3.43713015 47.41020000
3.43891578 47.37270000
3.44070140 47.33430000
3.44248702 47.29510000
3.44427265 47.25520000
3.44605827 47.21420000
3.44784390 47.17280000
3.44962952 47.13060000
3.45141514 47.08770000
3.45320077 47.04410000
3.45498638 46.99990000
3.45677201 46.95520000
3.45855764 46.90990000
3.46034325 46.86430000
3.46212888 46.81880000
3.46391451 46.77430000
3.46570012 46.73450000
3.46748575 46.72140000
3.46927137 46.77130000
3.47105700 46.84490000
3.47284262 46.92280000
3.47462824 47.00150000
3.47641387 47.08020000
3.47819950 47.15850000
3.47998511 47.23590000
3.48177074 47.31240000
3.48355635 47.38780000
3.48534198 47.46170000
3.48712761 47.53420000
3.48891322 47.60480000
3.49069885 47.67340000
3.49248448 47.73960000
3.49427010 47.80330000
3.49605572 47.86390000
3.49784134 47.92130000
3.49962697 47.97510000
3.50141259 48.02470000
3.50319821 48.06990000
3.50498384 48.11020000
3.50498384 48.11020000
3.50855508 47.99830000
3.51212634 47.87710000
3.51569758 47.74780000
3.51926882 47.61190000
3.52284007 47.47050000
3.52641132 47.32480000
3.52998257 47.17570000
3.53355381 47.02400000
3.53712505 46.99670000
3.54069631 47.15600000
3.54426755 47.31340000
3.54783879 47.46820000
3.55141004 47.61940000
3.55498129 47.76470000
3.55855254 47.89930000
3.56212378 48.01000000
3.56569502 48.07000000
3.56926628 48.06530000
3.57283752 48.01940000
3.57640876 47.95310000
3.57998001 47.87380000
3.58355126 47.78550000
3.58712251 47.68960000
3.59069375 47.58680000
3.59426499 47.47770000
3.59783625 47.36250000
3.60140749 47.24140000
3.60497873 47.11470000
3.60854998 46.98220000
3.61212123 46.84480000
3.61569248 46.70240000
3.61926372 46.55510000
3.62283496 46.40330000
3.62640622 46.24700000
3.62997746 46.08650000
3.63354871 45.92270000
3.63711995 45.75450000
3.64069121 45.58290000
3.64426245 45.40790000
3.64783369 45.23000000
3.65140493 45.04940000
3.65497619 44.86620000
3.65854743 44.68060000
3.66211868 44.67100000
3.66568992 44.76490000
3.66926118 44.86160000
3.67283242 44.96060000
3.67640366 45.06240000
3.67997490 45.16500000
3.68354616 45.26930000
3.68711740 45.37400000
3.69068865 45.47950000
3.69425989 45.58550000
3.69783115 45.69170000
3.70140239 45.79790000
3.70497363 45.90400000
3.70854488 46.00960000
3.71211613 46.11480000
3.71568737 46.21920000
3.71925862 46.32280000
3.72282986 46.42530000
3.72640112 46.52600000
3.72997236 46.62840000
3.73354360 46.72690000
3.73711485 46.82380000
3.74068610 46.91890000
3.74425735 47.01230000
3.74782859 47.10370000
3.75139983 47.19300000
3.75497109 47.28020000
3.75854233 47.36500000
3.76211357 47.44760000
3.76568482 47.52680000
3.76925607 47.60430000
3.77282732 47.67920000
3.77639856 47.75140000
3.77996980 47.82120000
3.78354106 47.88780000
3.78711230 47.95160000
3.79068354 48.01230000
3.79425479 48.07010000
3.79782604 48.12490000
3.80139729 48.17660000
3.80496853 48.22800000
3.80853977 48.27350000
3.81211103 48.31590000
3.81568227 48.35510000
3.81925351 48.39120000
3.82282476 48.42420000
3.82639601 48.45400000
3.82996726 48.48060000
3.83353850 48.50410000
3.83710974 48.52450000
3.84068100 48.54170000
3.84425224 48.55580000
3.84782349 48.56680000
3.85139473 48.57460000
3.85496599 48.57930000
3.85853723 48.58090000
3.85853723 48.58090000
3.86163002 48.57970000
3.86472281 48.57620000
3.86781560 48.57030000
3.87090839 48.56210000
3.87400118 48.55150000
3.87709397 48.53860000
3.88018676 48.52330000
3.88327955 48.50570000
3.88637234 48.48570000
3.88946513 48.46340000
3.89255792 48.43870000
3.89565071 48.41160000
3.89874350 48.38220000
3.90183629 48.35040000
3.90492908 48.31630000
3.90802187 48.27870000
3.91111466 48.23980000
3.91420745 48.19860000
3.91730024 48.15470000
3.92039303 48.10900000
3.92348582 48.06100000
3.92657862 48.01070000
3.92967140 47.95760000
3.93276419 47.90300000
3.93585698 47.84630000
3.93894977 47.78740000
3.94204256 47.72690000
3.94513535 47.66410000
3.94822814 47.59930000
3.95132094 47.53270000
3.95441372 47.46260000
3.95750651 47.39250000
3.96059930 47.32070000
3.96369209 47.24740000
3.96678488 47.17260000
3.96987767 47.09650000
3.97297046 47.01850000
3.97606326 46.93990000
3.97915604 46.86030000
3.98224883 46.77980000
3.98534162 46.69850000
3.98843441 46.61520000
3.99152720 46.53290000
3.99461999 46.45010000
3.99771278 46.36720000
4.00080558 46.28440000
4.00389836 46.20180000
4.00699115 46.11990000
4.01008394 46.03880000
4.01317673 45.96120000
4.01626952 45.88310000
4.01936231 45.80720000
4.02245510 45.73430000
4.02554790 45.66510000
4.02864068 45.60090000
4.03173347 45.54310000
4.03482626 45.49360000
4.03791905 45.45510000
4.04101184 45.43070000
4.04410464 45.42410000
4.04719742 45.43900000
4.05029022 45.47820000
4.05338300 45.54240000
4.05647579 45.63040000
4.05956858 45.73860000
4.06266137 45.86300000
4.06575416 45.99980000
4.06884696 46.14570000
4.07193974 46.29800000
4.07503254 46.45480000
4.07812532 46.61430000
4.08121811 46.77530000
4.08431090 46.93670000
4.08740369 47.09740000
4.09049648 47.25640000
4.09358928 47.41280000
4.09668206 47.56550000
4.09977486 47.71340000
4.10286764 47.85500000
4.10596043 47.98910000
4.10905322 48.11370000
4.11214601 48.22720000
4.11523881 48.32750000
4.11833160 48.41300000
4.12142438 48.48230000
4.12451718 48.53470000
4.12760996 48.57010000
4.13070275 48.58980000
4.13379554 48.59540000
4.13688833 48.58900000
4.13998113 48.57310000
4.14307392 48.55000000
4.14616670 48.52190000
4.14925950 48.49070000
4.15235228 48.45930000
4.15544507 48.42750000
4.15853786 48.39740000
4.16163065 48.37060000
4.16472345 48.34850000

0.00000000 50.46520000
0.00714250 50.46170000
0.01428499 50.45120000
0.02142749 50.43360000
0.02856997 50.40900000
0.03571247 50.37730000
0.04285496 50.33870000
0.04999746 50.29320000
0.05713994 50.24070000
0.06428244 50.18140000
0.07142493 50.11520000
0.07856743 50.04230000
0.08570991 49.96030000
0.09285241 49.87400000
0.09999490 49.78120000
0.10713740 49.68200000
0.11427988 49.57780000
0.12142238 49.46590000
0.12856487 49.34800000
0.13570737 49.22410000
0.14284985 49.08610000
0.14999235 48.95080000
0.15713484 48.81010000
0.16427734 48.66400000
0.17141982 48.51270000
0.17856232 48.35660000
0.18570481 48.19560000
0.19284731 48.03020000
0.19998979 47.86050000
0.20713229 47.68660000
0.21427478 47.50890000
0.22141728 47.32760000
0.22855977 47.14300000
0.23570227 46.95520000
0.24284475 46.76470000
0.24998725 46.57150000
0.25712974 46.37620000
0.26427224 46.17870000
0.27141472 45.97960000
0.27855722 45.77900000
0.28569971 45.57740000
0.29284221 45.37500000
0.29998469 45.17850000
0.30712719 44.97550000
0.31426968 44.77280000
0.32141218 44.57090000
0.32855466 44.37030000
0.33569716 44.17140000
0.34283965 43.97480000
0.34998215 43.78110000
0.35712463 43.59100000
0.36426713 43.40520000
0.37140962 43.22470000
0.37855212 43.05030000
0.38569460 42.88330000
0.39283710 42.72490000
0.39997959 42.57660000
0.40712209 42.44020000
0.41426457 42.31770000
0.42140707 42.21100000
0.42854956 42.12270000
0.43569206 42.05510000
0.44283455 42.01060000
0.44997705 41.99140000
0.45711953 41.99880000
0.46426203 42.03470000
0.47140452 42.09900000
0.47854702 42.19130000
0.48568950 42.31050000
0.49283200 42.45470000
0.49997449 42.62210000
0.50711699 42.81040000
0.51425947 43.01740000
0.52140197 43.24120000
0.52854446 43.47980000
0.53568696 43.73160000
0.54282944 43.99810000
0.54997194 44.29180000
0.55711443 44.58920000
0.56425693 44.89030000
0.57139941 45.19490000
0.57854191 45.45170000
0.58568440 45.76520000
0.59282690 46.08460000
0.59996938 46.40940000
0.60711188 46.73940000
0.61425437 47.07370000
0.62139687 47.41250000
0.62853935 47.75530000
0.63568185 48.10160000
0.64282434 48.45090000
0.64996684 48.80270000
0.65710933 49.15630000
0.66425183 49.51050000
0.67139431 49.86380000
0.67853681 50.21290000
0.68567930 50.55170000
0.69282180 50.86590000
0.69996428 51.12070000
0.70710678 51.22780000
0.70710678 51.22780000
0.71067802 51.19020000
0.71424928 51.11860000
0.71782052 51.03730000
0.72139177 50.95230000
0.72496301 50.86450000
0.72853427 50.77500000
0.73210551 50.68410000
0.73567675 50.59240000
0.73924799 50.50010000
0.74281925 50.40740000
0.74639049 50.31460000
0.74996174 50.22190000
0.75353298 50.12930000
0.75710424 50.03720000
0.76067548 49.94530000
0.76424672 49.85340000
0.76781797 49.76260000
0.77138922 49.67240000
0.77496047 49.58280000
0.77853171 49.49400000
0.78210295 49.40630000
0.78567421 49.31910000
0.78924545 49.23280000
0.79281669 49.14730000
0.79638794 49.06280000
0.79995919 48.97920000
0.80353044 48.89660000
0.80710168 48.81500000
0.81067292 48.73440000
0.81424418 48.65490000
0.81781542 48.57650000
0.82138666 48.49920000
0.82495791 48.42300000
0.82852916 48.34790000
0.83210041 48.27410000
0.83567165 48.20140000
0.83924289 48.12990000
0.84281415 48.05960000
0.84638539 47.99070000
0.84995663 47.92300000
0.85352788 47.85690000
0.85709913 47.79190000
0.86067038 47.72820000
0.86424162 47.66600000
0.86781286 47.60530000
0.87138412 47.54600000
0.87495536 47.48830000
0.87852661 47.43230000
0.88209785 47.37790000
0.88566910 47.32530000
0.88924035 47.27450000
0.89281159 47.22570000
0.89638283 47.17900000
0.89995409 47.13450000
0.90352533 47.09240000
0.90709658 47.05290000
0.91066782 47.01620000
0.91423908 46.98250000
0.91781032 46.95220000
0.92138156 46.92570000
0.92495280 46.90330000
0.92852406 46.88550000
0.93209530 46.87270000
0.93566655 46.86540000
0.93923779 46.86410000
0.94280905 46.86920000
0.94638029 46.88080000
0.94995153 46.89910000
0.95352277 46.92390000
0.95709403 46.95490000
0.96066527 46.99150000
0.96423652 47.03300000
0.96780776 47.07870000
0.97137902 47.12880000
0.97495026 47.18070000
0.97852150 47.23460000
0.98209275 47.28990000
0.98566400 47.34700000
0.98923525 47.40340000
0.99280649 47.45970000
0.99637773 47.51550000
0.99994899 47.57030000
1.00352023 47.62390000
1.00709147 47.67600000
1.01066272 47.72630000
1.01423397 47.77450000
1.01780522 47.82030000
1.02137646 47.86360000
1.02494770 47.90400000
1.02851896 47.94140000
1.03209020 47.97550000
1.03566144 48.00620000
1.03923269 48.03320000
1.04280394 48.05640000
1.04637519 48.07560000
1.04994643 48.09070000
1.05351767 48.10150000
1.05708893 48.10810000
1.06066017 48.11020000
1.06066017 48.11020000
1.06244580 48.14820000
1.06423141 48.18650000
1.06601704 48.22510000
1.06780267 48.26410000
1.06958829 48.30340000
1.07137391 48.34310000
1.07315953 48.38300000
1.07494516 48.42310000
1.07673079 48.46360000
1.07851640 48.50420000
1.08030203 48.54520000
1.08208766 48.58630000
1.08387327 48.62770000
1.08565890 48.66930000
1.08744451 48.71110000
1.08923014 48.75310000
1.09101577 48.79530000
1.09280139 48.83770000
1.09458701 48.88020000
1.09637264 48.92290000
1.09815826 48.96580000
1.09994388 49.00920000
1.10172950 49.05240000
1.10351513 49.09570000
1.10530076 49.13910000
1.10708637 49.18260000
1.10887200 49.22620000
1.11065763 49.27000000
1.11244324 49.31370000
1.11422887 49.35760000
1.11601448 49.40150000
1.11780011 49.44550000
1.11958574 49.48880000
1.12137136 49.53300000
1.12315698 49.57690000
1.12494261 49.62080000
1.12672823 49.66450000
1.12851386 49.70820000
1.13029947 49.75160000
1.13208510 49.79470000
1.13387073 49.83730000
1.13565634 49.87930000
1.13744197 49.92020000
1.13922760 49.95880000
1.14101321 49.99490000
1.14279884 50.02580000
1.14458446 50.04780000
1.14637008 50.05800000
1.14815571 50.05720000
1.14994133 50.04910000
1.15172696 50.03670000
1.15351258 50.02190000
1.15529820 50.00550000
1.15708383 49.98810000
1.15886944 49.97010000
1.16065507 49.95170000
1.16244070 49.93280000
1.16422631 49.91380000
1.16601194 49.89450000
1.16779757 49.87520000
1.16958318 49.85570000
1.17136881 49.83630000
1.17315443 49.81680000
1.17494005 49.79740000
1.17672568 49.77800000
1.17851130 49.75870000
1.18029693 49.73960000
1.18208255 49.72070000
1.18386817 49.70200000
1.18565380 49.68340000
1.18743941 49.66520000
1.18922504 49.64720000
1.19101067 49.62950000
1.19279628 49.61220000
1.19458191 49.59530000
1.19636754 49.57880000
1.19815315 49.56270000
1.19993878 49.54710000
1.20172440 49.53190000
1.20351003 49.51730000
1.20529565 49.50330000
1.20708127 49.48950000
1.20886690 49.47660000
1.21065252 49.46440000
1.21243814 49.45290000
1.21422377 49.44200000
1.21600938 49.43190000
1.21779501 49.42250000
1.21958064 49.41380000
1.22136625 49.40630000
1.22315188 49.39920000
1.22493751 49.39280000
1.22672312 49.38730000
1.22850875 49.38260000
1.23029437 49.37880000
1.23208000 49.37580000
1.23386562 49.37360000
1.23565124 49.37230000
1.23743687 49.37190000
1.23743687 49.37190000
1.24671524 49.65540000
1.25599361 49.92990000
1.26527198 50.19500000
1.27455035 50.45000000
1.28382872 50.63120000
1.29310709 50.38620000
1.30238546 50.13710000
1.31166383 49.88510000
1.32094220 49.63120000
1.33022057 49.37620000
1.33949894 49.12130000
1.34877731 48.86740000
1.35805568 48.61560000
1.36733405 48.36680000
1.37661242 48.12180000
1.38589079 47.88180000
1.39516916 47.64750000
1.40444754 47.43460000
1.41372590 47.23570000
1.42300427 47.02680000
1.43228264 46.80940000
1.44156101 46.59230000
1.45083938 46.40940000
1.46011775 46.23730000
1.46939612 46.07650000
1.47867450 45.92730000
1.48795286 45.79010000
1.49723124 45.66500000
1.50650960 45.55320000
1.51578797 45.45050000
1.52506634 45.36170000
1.53434471 45.28490000
1.54362308 45.21980000
1.55290146 45.32860000
1.56217983 45.44200000
1.57145820 45.55580000
1.58073657 45.67000000
1.59001493 45.78450000
1.59929331 45.89920000
1.60857167 46.01410000
1.61785005 46.12920000
1.62712842 46.24430000
1.63640679 46.35940000
1.64568516 46.47440000
1.65496353 46.58930000
1.66424190 46.70360000
1.67352027 46.81790000
1.68279863 46.93080000
1.69207701 47.04440000
1.70135538 47.15740000
1.71063375 46.92250000
1.71991212 46.48620000
1.72919049 46.05110000
1.73846886 45.93600000
1.74774723 46.03930000
1.75702560 46.14610000
1.76630397 46.25600000
1.77558234 46.36760000
1.78486071 46.47700000
1.79413908 46.54130000
1.80341745 46.27780000
1.81269582 45.90190000
1.82197419 45.52090000
1.83125256 45.57000000
1.84053093 45.81290000
1.84980930 46.05480000
1.85908768 46.29500000
1.86836605 46.53270000
1.87764441 46.76710000
1.88692279 46.99750000
1.89620115 47.22100000
1.90547953 47.44160000
1.91475789 47.65640000
1.92403626 47.86510000
1.93331464 48.06720000
1.94259301 48.26240000
1.95187138 48.45030000
1.96114975 48.63060000
1.97042811 48.80310000
1.97970649 48.95540000
1.98898485 49.11130000
1.99826323 49.25880000
2.00754160 49.39790000
2.01681997 49.51730000
2.02609834 49.63890000
2.03537671 49.75200000
2.04465507 49.85850000
2.05393345 49.95450000
2.06321181 50.04210000
2.07249019 50.13010000
2.08176856 50.20070000
2.09104693 50.26290000
2.10032530 50.31670000
2.10960367 50.36220000
2.11888204 50.39930000
2.12816041 50.42820000
2.13743877 50.44880000
2.14671715 50.46110000
2.15599552 50.46520000
2.15599552 50.46520000
2.16474326 50.46190000
2.17349098 50.45220000
2.18223872 50.43590000
2.19098645 50.41330000
2.19973419 50.38430000
2.20848191 50.34920000
2.21722965 50.30810000
2.22597737 50.26110000
2.23472511 50.20850000
2.24347283 50.15050000
2.25222057 50.07920000
2.26096830 50.01100000
2.26971604 49.93810000
2.27846376 49.86090000
2.28721150 49.77960000
2.29595922 49.69440000
2.30470696 49.60570000
2.31345468 49.51380000
2.32220242 49.41910000
2.33095015 49.32170000
2.33969789 49.22210000
2.34844561 49.12030000
2.35719335 49.03780000
2.36594107 48.92950000
2.37468881 48.82320000
2.38343653 48.71610000
2.39218427 48.60860000
2.40093200 48.50100000
2.40967974 48.39370000
2.41842746 48.28680000
2.42717520 48.18070000
2.43592292 48.07580000
2.44467066 47.97220000
2.45341838 47.87040000
2.46216612 47.77070000
2.47091385 47.67330000
2.47966159 47.57860000
2.48840931 47.48690000
2.49715705 47.39880000
2.50590477 47.31470000
2.51465251 47.16380000
2.52340023 46.98480000
2.53214797 46.81270000
2.54089570 46.62470000
2.54964344 46.43290000
2.55839116 46.23740000
2.56713890 46.03840000
2.57588662 45.83650000
2.58463436 45.63190000
2.59338208 45.42520000
2.60212982 45.21710000
2.61087755 45.00900000
2.61962529 44.80260000
2.62837301 44.60210000
2.63712075 44.41650000
2.64586847 44.26980000
2.65461621 44.22220000
2.66336393 44.33500000
2.67211167 44.56200000
2.68085940 44.83760000
2.68960714 45.13410000
2.69835486 45.44120000
2.70710260 45.75470000
2.71585032 46.07260000
2.72459806 46.39360000
2.73334578 46.71710000
2.74209352 47.04280000
2.75084125 47.37030000
2.75958899 47.69940000
2.76833671 48.03000000
2.77708445 48.36170000
2.78583217 48.69530000
2.79457991 49.02920000
2.80332763 49.36380000
2.81207537 49.69910000
2.82082310 50.03500000
2.82957084 50.37110000
2.83831856 50.70740000
2.84706630 51.04360000
2.85581402 51.37950000
2.86456176 51.71470000
2.87330948 52.04900000
2.88205722 52.38190000
2.89080495 52.71290000
2.89955269 53.04150000
2.90830041 53.36700000
2.91704815 53.69610000
2.92579587 54.01240000
2.93454361 54.32710000
2.94329133 54.62920000
2.95203907 54.92100000
2.96078680 55.19970000
2.96953454 55.46160000
2.97828226 55.70200000
2.98703000 55.91500000
2.99577772 56.09350000
3.00452546 56.22940000
3.01327318 56.31490000
3.02202092 56.34420000
3.02202092 56.34420000
3.02511372 56.34100000
3.02820651 56.33170000
3.03129930 56.31620000
3.03439209 56.29490000
3.03748487 56.26800000
3.04057767 56.23590000
3.04367045 56.19880000
3.04676324 56.15730000
3.04985604 56.11170000
3.05294883 56.06240000
3.05604162 56.00990000
3.05913441 55.95210000
3.06222719 55.89430000
3.06531999 55.83430000
3.06841277 55.77250000
3.07150557 55.70360000
3.07459836 55.63900000
3.07769115 55.57350000
3.08078394 55.50430000
3.08387673 55.43740000
3.08696951 55.36990000
3.09006231 55.30220000
3.09315509 55.23200000
3.09624789 55.16390000
3.09934068 55.09570000
3.10243347 55.02750000
3.10552626 54.95990000
3.10861905 54.89170000
3.11171183 54.82350000
3.11480463 54.75520000
3.11789741 54.68490000
3.12099021 54.61650000
3.12408300 54.54790000
3.12717579 54.47910000
3.13026858 54.41010000
3.13336137 54.34070000
3.13645415 54.27030000
3.13954695 54.20000000
3.14263974 54.12900000
3.14573253 54.05740000
3.14882532 53.98500000
3.15191811 53.91120000
3.15501090 53.83820000
3.15810369 53.76300000
3.16119647 53.68680000
3.16428927 53.60950000
3.16738206 53.53110000
3.17047485 53.45160000
3.17356764 53.37090000
3.17666043 53.29240000
3.17975322 53.20920000
3.18284601 53.12480000
3.18593879 53.03930000
3.18903159 52.95270000
3.19212438 52.86500000
3.19521717 52.77640000
3.19830996 52.68680000
3.20140275 52.59640000
3.20449554 52.50580000
3.20758833 52.41390000
3.21068111 52.32110000
3.21377391 52.22820000
3.21686670 52.13490000
3.21995949 52.04140000
3.22305228 51.94800000
3.22614507 51.85460000
3.22923786 51.76160000
3.23233065 51.66910000
3.23542343 51.57740000
3.23851623 51.48790000
3.24160902 51.39840000
3.24470181 51.31050000
3.24779460 51.22470000
3.25088739 51.14150000
3.25398018 51.06120000
3.25707297 50.98470000
3.26016576 50.91280000
3.26325855 50.84600000
3.26635134 50.78610000
3.26944413 50.73410000
3.27253692 50.69160000
3.27562971 50.66030000
3.27872250 50.64200000
3.28181529 50.63830000
3.28490808 50.65050000
3.28800087 50.67900000
3.29109366 50.72370000
3.29418645 50.69540000
3.29727924 50.55560000
3.30037203 50.41910000
3.30346482 50.28600000
3.30655761 50.15670000
3.30965040 50.03140000
3.31274320 49.91020000
3.31583598 49.79360000
3.31892877 49.68120000
3.32202156 49.57330000
3.32511435 49.47020000
3.32820714 49.37190000
3.32820714 49.37190000
3.32999277 49.37230000
3.33177839 49.37360000
3.33356401 49.37580000
3.33534964 49.37880000
3.33713526 49.38260000
3.33892088 49.38730000
3.34070650 49.39280000
3.34249213 49.39920000
3.34427776 49.40630000
3.34606337 49.41380000
3.34784900 49.42250000
3.34963463 49.43190000
3.35142024 49.44200000
3.35320587 49.45290000
3.35499148 49.46440000
3.35677711 49.47660000
3.35856274 49.48950000
3.36034836 49.50330000
3.36213398 49.51730000
3.36391961 49.53190000
3.36570523 49.54710000
3.36749086 49.56270000
3.36927647 49.57880000
3.37106210 49.59530000
3.37284773 49.61220000
3.37463334 49.62950000
3.37641897 49.64720000
3.37820460 49.66520000
3.37999021 49.68340000
3.38177584 49.70200000
3.38356146 49.72070000
3.38534708 49.73960000
3.38713271 49.75870000
3.38891833 49.77800000
3.39070395 49.79740000
3.39248958 49.81680000
3.39427520 49.83630000
3.39606083 49.85570000
3.39784644 49.87520000
3.39963207 49.89450000
3.40141770 49.91380000
3.40320331 49.93280000
3.40498894 49.95170000
3.40677457 49.97010000
3.40856018 49.98810000
3.41034581 50.00550000
3.41213143 50.02190000
3.41391705 50.03670000
3.41570268 50.04910000
3.41748830 50.05720000
3.41927393 50.05800000
3.42105955 50.04780000
3.42284517 50.02580000
3.42463080 49.99490000
3.42641641 49.95880000
3.42820204 49.92020000
3.42998767 49.87930000
3.43177328 49.83730000
3.43355891 49.79470000
3.43534454 49.75160000
3.43713015 49.70820000
3.43891578 49.66450000
3.44070140 49.62080000
3.44248702 49.57690000
3.44427265 49.53300000
3.44605827 49.48880000
3.44784390 49.44550000
3.44962952 49.40150000
3.45141514 49.35760000
3.45320077 49.31370000
3.45498638 49.27000000
3.45677201 49.22620000
3.45855764 49.18260000
3.46034325 49.13910000
3.46212888 49.09570000
3.46391451 49.05240000
3.46570012 49.00920000
3.46748575 48.96580000
3.46927137 48.92290000
3.47105700 48.88020000
3.47284262 48.83770000
3.47462824 48.79530000
3.47641387 48.75310000
3.47819950 48.71110000
3.47998511 48.66930000
3.48177074 48.62770000
3.48355635 48.58630000
3.48534198 48.54520000
3.48712761 48.50420000
3.48891322 48.46360000
3.49069885 48.42310000
3.49248448 48.38300000
3.49427010 48.34310000
3.49605572 48.30340000
3.49784134 48.26410000
3.49962697 48.22510000
3.50141259 48.18650000
3.50319821 48.14820000
3.50498384 48.11020000
3.50498384 48.11020000
3.50855508 48.21140000
3.51212634 48.30060000
3.51569758 48.37690000
3.51926882 48.43970000
3.52284007 48.48880000
3.52641132 48.52460000
3.52998257 48.54800000
3.53355381 48.55940000
3.53712505 48.56030000
3.54069631 48.55130000
3.54426755 48.53400000
3.54783879 48.50950000
3.55141004 48.47940000
3.55498129 48.44640000
3.55855254 48.41560000
3.56212378 48.40020000
3.56569502 48.42750000
3.56926628 48.51130000
3.57283752 48.62850000
3.57640876 48.75870000
3.57998001 48.89280000
3.58355126 49.02820000
3.58712251 49.16310000
3.59069375 49.29690000
3.59426499 49.42910000
3.59783625 49.55960000
3.60140749 49.68820000
3.60497873 49.81470000
3.60854998 49.93900000
3.61212123 50.06150000
3.61569248 50.18190000
3.61926372 50.30040000
3.62283496 50.41700000
3.62640622 50.53170000
3.62997746 50.64470000
3.63354871 50.75620000
3.63711995 50.86590000
3.64069121 50.97430000
3.64426245 51.08110000
3.64783369 51.18690000
3.65140493 51.29150000
3.65497619 51.39500000
3.65854743 51.49780000
3.66211868 51.59970000
3.66568992 51.70090000
3.66926118 51.80160000
3.67283242 51.90190000
3.67640366 52.00180000
3.67997490 52.10140000
3.68354616 52.20050000
3.68711740 52.29970000
3.69068865 52.39890000
3.69425989 52.49810000
3.69783115 52.59730000
3.70140239 52.69660000
3.70497363 52.79610000
3.70854488 52.89570000
3.71211613 52.99560000
3.71568737 53.09570000
3.71925862 53.19600000
3.72282986 53.29650000
3.72640112 53.39290000
3.72997236 53.49380000
3.73354360 53.59480000
3.73711485 53.69590000
3.74068610 53.79720000
3.74425735 53.89860000
3.74782859 54.00000000
3.75139983 54.10150000
3.75497109 54.20290000
3.75854233 54.30430000
3.76211357 54.40540000
3.76568482 54.50550000
3.76925607 54.60600000
3.77282732 54.70590000
3.77639856 54.80530000
3.77996980 54.90450000
3.78354106 55.00220000
3.78711230 55.09880000
3.79068354 55.19410000
3.79425479 55.28790000
3.79782604 55.38000000
3.80139729 55.47010000
3.80496853 55.56910000
3.80853977 55.65440000
3.81211103 55.73680000
3.81568227 55.81590000
3.81925351 55.89470000
3.82282476 55.96590000
3.82639601 56.03250000
3.82996726 56.09400000
3.83353850 56.14980000
3.83710974 56.19950000
3.84068100 56.24250000
3.84425224 56.27850000
3.84782349 56.30690000
3.85139473 56.32750000
3.85496599 56.34000000
3.85853723 56.34420000
3.85853723 56.34420000
3.86163002 56.34100000
3.86472281 56.33170000
3.86781560 56.31620000
3.87090839 56.29490000
3.87400118 56.26800000
3.87709397 56.23590000
3.88018676 56.19880000
3.88327955 56.15730000
3.88637234 56.11170000
3.88946513 56.06240000
3.89255792 56.00990000
3.89565071 55.95210000
3.89874350 55.89430000
3.90183629 55.83430000
3.90492908 55.77250000
3.90802187 55.70360000
3.91111466 55.63900000
3.91420745 55.57350000
3.91730024 55.50430000
3.92039303 55.43740000
3.92348582 55.36990000
3.92657862 55.30220000
3.92967140 55.23200000
3.93276419 55.16390000
3.93585698 55.09570000
3.93894977 55.02750000
3.94204256 54.95990000
3.94513535 54.89170000
3.94822814 54.82350000
3.95132094 54.75520000
3.95441372 54.68490000
3.95750651 54.61650000
3.96059930 54.54790000
3.96369209 54.47910000
3.96678488 54.41010000
3.96987767 54.34070000
3.97297046 54.27030000
3.97606326 54.20000000
3.97915604 54.12900000
3.98224883 54.05740000
3.98534162 53.98500000
3.98843441 53.91120000
3.99152720 53.83820000
3.99461999 53.76300000
3.99771278 53.68680000
4.00080558 53.60950000
4.00389836 53.53110000
4.00699115 53.45160000
4.01008394 53.37090000
4.01317673 53.29240000
4.01626952 53.20920000
4.01936231 53.12480000
4.02245510 53.03930000
4.02554790 52.95270000
4.02864068 52.86500000
4.03173347 52.77640000
4.03482626 52.68680000
4.03791905 52.59640000
4.04101184 52.50580000
4.04410464 52.41390000
4.04719742 52.32110000
4.05029022 52.22820000
4.05338300 52.13490000
4.05647579 52.04140000
4.05956858 51.94800000
4.06266137 51.85460000
4.06575416 51.76160000
4.06884696 51.66910000
4.07193974 51.57740000
4.07503254 51.48790000
4.07812532 51.39840000
4.08121811 51.31050000
4.08431090 51.22470000
4.08740369 51.14150000
4.09049648 51.06120000
4.09358928 50.98470000
4.09668206 50.91280000
4.09977486 50.84600000
4.10286764 50.78610000
4.10596043 50.73410000
4.10905322 50.69160000
4.11214601 50.66030000
4.11523881 50.64200000
4.11833160 50.63830000
4.12142438 50.65050000
4.12451718 50.67900000
4.12760996 50.72370000
4.13070275 50.69540000
4.13379554 50.55560000
4.13688833 50.41910000
4.13998113 50.28600000
4.14307392 50.15670000
4.14616670 50.03140000
4.14925950 49.91020000
4.15235228 49.79360000
4.15544507 49.68120000
4.15853786 49.57330000
4.16163065 49.47020000
4.16472345 49.37190000

0.00000000 50.46540000
0.00714250 50.46190000
0.01428499 50.45130000
0.02142749 50.43380000
0.02856997 50.40910000
0.03571247 50.37750000
0.04285496 50.33890000
0.04999746 50.29330000
0.05713994 50.24090000
0.06428244 50.18150000
0.07142493 50.11540000
0.07856743 50.04250000
0.08570991 49.96040000
0.09285241 49.87420000
0.09999490 49.78140000
0.10713740 49.68220000
0.11427988 49.57790000
0.12142238 49.46610000
0.12856487 49.34820000
0.13570737 49.22420000
0.14284985 49.08630000
0.14999235 48.95100000
0.15713484 48.81020000
0.16427734 48.66410000
0.17141982 48.51290000
0.17856232 48.35670000
0.18570481 48.19580000
0.19284731 48.03030000
0.19998979 47.86060000
0.20713229 47.68670000
0.21427478 47.50900000
0.22141728 47.32780000
0.22855977 47.14310000
0.23570227 46.95530000
0.24284475 46.76480000
0.24998725 46.57160000
0.25712974 47.01760000
0.26427224 47.47460000
0.27141472 47.93440000
0.27855722 48.39670000
0.28569971 48.86110000
0.29284221 48.95920000
0.29998469 48.93390000
0.30712719 48.90830000
0.31426968 48.88580000
0.32141218 48.86650000
0.32855466 48.85060000
0.33569716 48.83830000
0.34283965 48.82970000
0.34998215 48.82490000
0.35712463 48.82410000
0.36426713 48.82740000
0.37140962 48.83500000
0.37855212 48.84690000
0.38569460 48.86330000
0.39283710 48.88430000
0.39997959 48.91000000
0.40712209 48.94050000
0.41426457 48.97590000
0.42140707 49.01630000
0.42854956 49.06170000
0.43569206 49.11230000
0.44283455 49.16800000
0.44997705 49.22890000
0.45711953 49.29960000
0.46426203 49.37070000
0.47140452 49.44710000
0.47854702 49.52910000
0.48568950 49.37470000
0.49283200 49.05850000
0.49997449 48.74460000
0.50711699 48.43310000
0.51425947 48.12390000
0.52140197 47.81710000
0.52854446 47.51270000
0.53568696 47.21070000
0.54282944 46.91100000
0.54997194 46.61370000
0.55711443 46.31870000
0.56425693 46.02620000
0.57139941 45.73600000
0.57854191 45.50300000
0.58568440 45.81450000
0.59282690 46.12920000
0.59996938 46.44710000
0.60711188 46.76800000
0.61425437 47.09160000
0.62139687 47.41790000
0.62853935 47.75530000
0.63568185 48.10160000
0.64282434 48.45090000
0.64996684 48.80270000
0.65710933 49.15630000
0.66425183 49.51050000
0.67139431 49.86380000
0.67853681 50.21290000
0.68567930 50.55170000
0.69282180 50.86590000
0.69996428 51.12080000
0.70710678 51.35520000
0.70710678 51.35520000
0.71067802 51.38850000
0.71424928 51.44700000
0.71782052 51.50540000
0.72139177 51.55990000
0.72496301 51.60880000
0.72853427 51.65170000
0.73210551 51.68870000
0.73567675 51.72020000
0.73924799 51.74700000
0.74281925 51.76960000
0.74639049 51.78870000
0.74996174 51.80490000
0.75353298 51.81870000
0.75710424 51.83200000
0.76067548 51.84220000
0.76424672 51.85090000
0.76781797 51.85860000
0.77138922 51.86530000
0.77496047 51.87120000
0.77853171 51.87640000
0.78210295 51.88260000
0.78567421 51.88650000
0.78924545 51.88980000
0.79281669 51.89270000
0.79638794 51.89500000
0.79995919 51.89690000
0.80353044 51.89840000
0.80710168 51.89940000
0.81067292 51.89990000
0.81424418 51.90000000
0.81781542 51.89960000
0.82138666 51.89870000
0.82495791 51.89740000
0.82852916 51.89550000
0.83210041 51.89310000
0.83567165 51.89020000
0.83924289 51.88670000
0.84281415 51.88270000
0.84638539 51.87800000
0.84995663 51.87280000
0.85352788 51.86730000
0.85709913 51.86080000
0.86067038 51.85360000
0.86424162 51.84570000
0.86781286 51.83720000
0.87138412 51.82800000
0.87495536 51.81810000
0.87852661 51.80740000
0.88209785 51.79610000
0.88566910 51.78400000
0.88924035 51.77110000
0.89281159 51.75750000
0.89638283 51.74320000
0.89995409 51.72780000
0.90352533 51.71190000
0.90709658 51.69530000
0.91066782 51.67790000
0.91423908 51.65980000
0.91781032 51.64090000
0.92138156 51.62140000
0.92495280 51.60110000
0.92852406 51.58010000
0.93209530 51.55840000
0.93566655 51.53600000
0.93923779 51.51300000
0.94280905 51.48940000
0.94638029 51.46520000
0.94995153 51.44040000
0.95352277 51.41510000
0.95709403 51.38930000
0.96066527 51.36300000
0.96423652 51.33630000
0.96780776 51.30930000
0.97137902 51.28260000
0.97495026 51.25500000
0.97852150 51.22720000
0.98209275 51.19930000
0.98566400 51.17310000
0.98923525 51.14530000
0.99280649 51.11760000
0.99637773 51.09010000
0.99994899 51.06290000
1.00352023 51.03580000
1.00709147 51.00950000
1.01066272 50.98400000
1.01423397 50.95930000
1.01780522 50.93550000
1.02137646 50.91280000
1.02494770 50.89140000
1.02851896 50.87140000
1.03209020 50.85300000
1.03566144 50.83630000
1.03923269 50.82150000
1.04280394 50.80860000
1.04637519 50.79800000
1.04994643 50.78950000
1.05351767 50.78340000
1.05708893 50.77970000
1.06066017 50.77850000
1.06066017 50.77850000
1.06244580 50.76910000
1.06423141 50.75960000
1.06601704 50.75010000
1.06780267 50.74050000
1.06958829 50.73080000
1.07137391 50.72100000
1.07315953 50.71100000
1.07494516 50.70100000
1.07673079 50.69080000
1.07851640 50.68050000
1.08030203 50.67000000
1.08208766 50.65940000
1.08387327 50.64860000
1.08565890 50.63760000
1.08744451 50.62650000
1.08923014 50.61520000
1.09101577 50.60360000
1.09280139 50.59190000
1.09458701 50.58000000
1.09637264 50.56790000
1.09815826 50.55560000
1.09994388 50.54330000
1.10172950 50.53060000
1.10351513 50.51760000
1.10530076 50.50440000
1.10708637 50.49100000
1.10887200 50.47740000
1.11065763 50.46350000
1.11244324 50.44950000
1.11422887 50.43520000
1.11601448 50.42070000
1.11780011 50.40590000
1.11958574 50.38930000
1.12137136 50.37420000
1.12315698 50.35890000
1.12494261 50.34350000
1.12672823 50.32800000
1.12851386 50.31230000
1.13029947 50.29670000
1.13208510 50.28120000
1.13387073 50.26580000
1.13565634 50.25090000
1.13744197 50.23680000
1.13922760 50.22150000
1.14101321 50.21160000
1.14279884 50.20670000
1.14458446 50.21050000
1.14637008 50.22580000
1.14815571 50.25170000
1.14994133 50.28480000
1.15172696 50.32180000
1.15351258 50.36110000
1.15529820 50.40150000
1.15708383 50.44270000
1.15886944 50.48420000
1.16065507 50.52600000
1.16244070 50.56780000
1.16422631 50.60960000
1.16601194 50.65120000
1.16779757 50.69280000
1.16958318 50.73410000
1.17136881 50.77520000
1.17315443 50.81610000
1.17494005 50.85660000
1.17672568 50.89680000
1.17851130 50.93670000
1.18029693 50.97610000
1.18208255 51.01610000
1.18386817 51.05460000
1.18565380 51.09270000
1.18743941 51.13060000
1.18922504 51.16760000
1.19101067 51.20400000
1.19279628 51.23980000
1.19458191 51.27480000
1.19636754 51.30920000
1.19815315 51.34280000
1.19993878 51.37560000
1.20172440 51.40750000
1.20351003 51.43850000
1.20529565 51.46850000
1.20708127 51.49700000
1.20886690 51.52480000
1.21065252 51.55160000
1.21243814 51.57700000
1.21422377 51.60120000
1.21600938 51.62400000
1.21779501 51.64530000
1.21958064 51.66510000
1.22136625 51.68360000
1.22315188 51.70010000
1.22493751 51.71490000
1.22672312 51.72790000
1.22850875 51.73900000
1.23029437 51.74820000
1.23208000 51.75540000
1.23386562 51.76050000
1.23565124 51.76360000
1.23743687 51.76470000
1.23743687 51.76470000
1.24671524 51.55410000
1.25599361 51.33490000
1.26527198 51.10780000
1.27455035 50.87120000
1.28382872 50.69530000
1.29310709 50.93080000
1.30238546 51.15670000
1.31166383 51.37340000
1.32094220 51.58160000
1.33022057 51.78190000
1.33949894 51.97490000
1.34877731 52.16130000
1.35805568 52.34190000
1.36733405 52.51710000
1.37661242 52.68750000
1.38589079 52.85340000
1.39516916 53.01510000
1.40444754 53.17280000
1.41372590 53.32630000
1.42300427 53.47550000
1.43228264 53.61990000
1.44156101 53.75880000
1.45083938 53.89100000
1.46011775 54.01490000
1.46939612 54.12810000
1.47867450 54.22750000
1.48795286 54.30860000
1.49723124 54.36560000
1.50650960 54.39080000
1.51578797 54.37440000
1.52506634 54.30990000
1.53434471 54.18970000
1.54362308 54.01210000
1.55290146 53.78020000
1.56217983 53.50120000
1.57145820 53.18370000
1.58073657 52.83580000
1.59001493 52.46470000
1.59929331 52.07580000
1.60857167 51.66770000
1.61785005 51.25520000
1.62712842 50.83500000
1.63640679 50.40900000
1.64568516 49.97880000
1.65496353 49.54560000
1.66424190 49.10930000
1.67352027 48.67250000
1.68279863 48.23500000
1.69207701 47.79720000
1.70135538 47.35960000
1.71063375 47.26980000
1.71991212 47.38160000
1.72919049 47.49260000
1.73846886 47.61030000
1.74774723 47.71970000
1.75702560 47.82800000
1.76630397 47.89780000
1.77558234 47.49900000
1.78486071 47.10850000
1.79413908 46.76910000
1.80341745 46.76440000
1.81269582 46.87700000
1.82197419 47.00040000
1.83125256 47.12760000
1.84053093 47.25720000
1.84980930 47.38830000
1.85908768 47.52070000
1.86836605 47.65380000
1.87764441 47.78750000
1.88692279 47.92130000
1.89620115 48.05500000
1.90547953 48.18830000
1.91475789 48.32090000
1.92403626 48.45240000
1.93331464 48.58260000
1.94259301 48.71120000
1.95187138 48.83780000
1.96114975 48.96210000
1.97042811 49.08380000
1.97970649 49.19990000
1.98898485 49.31540000
1.99826323 49.42700000
2.00754160 49.53470000
2.01681997 49.63800000
2.02609834 49.73670000
2.03537671 49.83030000
2.04465507 49.92220000
2.05393345 50.00480000
2.06321181 50.08140000
2.07249019 50.15410000
2.08176856 50.21780000
2.09104693 50.27480000
2.10032530 50.32470000
2.10960367 50.36720000
2.11888204 50.40230000
2.12816041 50.42980000
2.13743877 50.44950000
2.14671715 50.46140000
2.15599552 50.46540000
2.15599552 50.46540000
2.16474326 50.46380000
2.17349098 50.45900000
2.18223872 50.45100000
2.19098645 50.43980000
2.19973419 50.42520000
2.20848191 50.40740000
2.21722965 50.38630000
2.22597737 50.36180000
2.23472511 50.33390000
2.24347283 50.30240000
2.25222057 50.26700000
2.26096830 50.22840000
2.26971604 50.18600000
2.27846376 50.13990000
2.28721150 50.08990000
2.29595922 50.03600000
2.30470696 49.97790000
2.31345468 49.91580000
2.32220242 49.84930000
2.33095015 49.77860000
2.33969789 49.70340000
2.34844561 49.62360000
2.35719335 49.54850000
2.36594107 49.45220000
2.37468881 49.35800000
2.38343653 49.25900000
2.39218427 49.15500000
2.40093200 49.04590000
2.40967974 48.93180000
2.41842746 48.81260000
2.42717520 48.68820000
2.43592292 48.55860000
2.44467066 48.42390000
2.45341838 48.28390000
2.46216612 48.13890000
2.47091385 47.98870000
2.47966159 47.83350000
2.48840931 47.67320000
2.49715705 47.50810000
2.50590477 47.33820000
2.51465251 47.16380000
2.52340023 46.98480000
2.53214797 46.81270000
2.54089570 46.62470000
2.54964344 46.43290000
2.55839116 46.23740000
2.56713890 46.03840000
2.57588662 45.83650000
2.58463436 46.00170000
2.59338208 46.13670000
2.60212982 46.21420000
2.61087755 46.25100000
2.61962529 46.26340000
2.62837301 46.26670000
2.63712075 46.26580000
2.64586847 46.26520000
2.65461621 46.26550000
2.66336393 46.26880000
2.67211167 46.27590000
2.68085940 46.28720000
2.68960714 46.30320000
2.69835486 46.32410000
2.70710260 46.34990000
2.71585032 46.38070000
2.72459806 46.41650000
2.73334578 46.71710000
2.74209352 47.04280000
2.75084125 47.37030000
2.75958899 47.69940000
2.76833671 48.03000000
2.77708445 48.36170000
2.78583217 48.69530000
2.79457991 49.02920000
2.80332763 49.36380000
2.81207537 49.69910000
2.82082310 50.03500000
2.82957084 50.37110000
2.83831856 50.70740000
2.84706630 51.04360000
2.85581402 51.37950000
2.86456176 51.71470000
2.87330948 52.04900000
2.88205722 52.38190000
2.89080495 52.71290000
2.89955269 53.04150000
2.90830041 53.36700000
2.91704815 53.69610000
2.92579587 54.01240000
2.93454361 54.32710000
2.94329133 54.62920000
2.95203907 54.92100000
2.96078680 55.19970000
2.96953454 55.46160000
2.97828226 55.70200000
2.98703000 55.91500000
2.99577772 56.09350000
3.00452546 56.22940000
3.01327318 56.31490000
3.02202092 56.34420000
3.02202092 56.34420000
3.02511372 56.34200000
3.02820651 56.33570000
3.03129930 56.32510000
3.03439209 56.31050000
3.03748487 56.29200000
3.04057767 56.26960000
3.04367045 56.24370000
3.04676324 56.21440000
3.04985604 56.18190000
3.05294883 56.14640000
3.05604162 56.10830000
3.05913441 56.06770000
3.06222719 56.02480000
3.06531999 55.97990000
3.06841277 55.93310000
3.07150557 55.88480000
3.07459836 55.83500000
3.07769115 55.78400000
3.08078394 55.73130000
3.08387673 55.67830000
3.08696951 55.62460000
3.09006231 55.57020000
3.09315509 55.51080000
3.09624789 55.45560000
3.09934068 55.40020000
3.10243347 55.34460000
3.10552626 55.28890000
3.10861905 55.23330000
3.11171183 55.17780000
3.11480463 55.12250000
3.11789741 55.05930000
3.12099021 55.00460000
3.12408300 54.95030000
3.12717579 54.89640000
3.13026858 54.84300000
3.13336137 54.79020000
3.13645415 54.73800000
3.13954695 54.68640000
3.14263974 54.63550000
3.14573253 54.58530000
3.14882532 54.53580000
3.15191811 54.48700000
3.15501090 54.43930000
3.15810369 54.39220000
3.16119647 54.34600000
3.16428927 54.30060000
3.16738206 54.25600000
3.17047485 54.21240000
3.17356764 54.16950000
3.17666043 54.12950000
3.17975322 54.08830000
3.18284601 54.04800000
3.18593879 54.00840000
3.18903159 53.96960000
3.19212438 53.93140000
3.19521717 53.89380000
3.19830996 53.85660000
3.20140275 53.81970000
3.20449554 53.78380000
3.20758833 53.74680000
3.21068111 53.70930000
3.21377391 53.67080000
3.21686670 53.63080000
3.21995949 53.58860000
3.22305228 53.54320000
3.22614507 53.49350000
3.22923786 53.43790000
3.23233065 53.37500000
3.23542343 53.30300000
3.23851623 53.22040000
3.24160902 53.12620000
3.24470181 53.02010000
3.24779460 52.90280000
3.25088739 52.77560000
3.25398018 52.64020000
3.25707297 52.49830000
3.26016576 52.35150000
3.26325855 52.20060000
3.26635134 52.04820000
3.26944413 51.89460000
3.27253692 51.74050000
3.27562971 51.58660000
3.27872250 51.43360000
3.28181529 51.28180000
3.28490808 51.13180000
3.28800087 50.98380000
3.29109366 50.83830000
3.29418645 50.78340000
3.29727924 50.85610000
3.30037203 50.93940000
3.30346482 51.03060000
3.30655761 51.12730000
3.30965040 51.22670000
3.31274320 51.32660000
3.31583598 51.42530000
3.31892877 51.52050000
3.32202156 51.60950000
3.32511435 51.69140000
3.32820714 51.76470000
3.32820714 51.76470000
3.32999277 51.76360000
3.33177839 51.76050000
3.33356401 51.75540000
3.33534964 51.74820000
3.33713526 51.73900000
3.33892088 51.72790000
3.34070650 51.71490000
3.34249213 51.70010000
3.34427776 51.68360000
3.34606337 51.66510000
3.34784900 51.64530000
3.34963463 51.62400000
3.35142024 51.60120000
3.35320587 51.57700000
3.35499148 51.55160000
3.35677711 51.52480000
3.35856274 51.49700000
3.36034836 51.46850000
3.36213398 51.43850000
3.36391961 51.40750000
3.36570523 51.37560000
3.36749086 51.34280000
3.36927647 51.30920000
3.37106210 51.27480000
3.37284773 51.23980000
3.37463334 51.20400000
3.37641897 51.16760000
3.37820460 51.13060000
3.37999021 51.09270000
3.38177584 51.05460000
3.38356146 51.01610000
3.38534708 50.97610000
3.38713271 50.93670000
3.38891833 50.89680000
3.39070395 50.85660000
3.39248958 50.81610000
3.39427520 50.77520000
3.39606083 50.73410000
3.39784644 50.69280000
3.39963207 50.65120000
3.40141770 50.60960000
3.40320331 50.56780000
3.40498894 50.52600000
3.40677457 50.48420000
3.40856018 50.44270000
3.41034581 50.40150000
3.41213143 50.36110000
3.41391705 50.32180000
3.41570268 50.28480000
3.41748830 50.25170000
3.41927393 50.22580000
3.42105955 50.21050000
3.42284517 50.20670000
3.42463080 50.21160000
3.42641641 50.22150000
3.42820204 50.23680000
3.42998767 50.25090000
3.43177328 50.26580000
3.43355891 50.28120000
3.43534454 50.29670000
3.43713015 50.31230000
3.43891578 50.32800000
3.44070140 50.34350000
3.44248702 50.35890000
3.44427265 50.37420000
3.44605827 50.38930000
3.44784390 50.40590000
3.44962952 50.42070000
3.45141514 50.43520000
3.45320077 50.44950000
3.45498638 50.46350000
3.45677201 50.47740000
3.45855764 50.49100000
3.46034325 50.50440000
3.46212888 50.51760000
3.46391451 50.53060000
3.46570012 50.54330000
3.46748575 50.55560000
3.46927137 50.56790000
3.47105700 50.58000000
3.47284262 50.59190000
3.47462824 50.60360000
3.47641387 50.61520000
3.47819950 50.62650000
3.47998511 50.63760000
3.48177074 50.64860000
3.48355635 50.65940000
3.48534198 50.67000000
3.48712761 50.68050000
3.48891322 50.69080000
3.49069885 50.70100000
3.49248448 50.71100000
3.49427010 50.72100000
3.49605572 50.73080000
3.49784134 50.74050000
3.49962697 50.75010000
3.50141259 50.75960000
3.50319821 50.76910000
3.50498384 50.77850000
3.50498384 50.77850000
3.50855508 50.75830000
3.51212634 50.74970000
3.51569758 50.75180000
3.51926882 50.76320000
3.52284007 50.78300000
3.52641132 50.81020000
3.52998257 50.84400000
3.53355381 50.88370000
3.53712505 50.92880000
3.54069631 50.97880000
3.54426755 51.03320000
3.54783879 51.09180000
3.55141004 51.15430000
3.55498129 51.22040000
3.55855254 51.29010000
3.56212378 51.36290000
3.56569502 51.43910000
3.56926628 51.51820000
3.57283752 51.60030000
3.57640876 51.68520000
3.57998001 51.77270000
3.58355126 51.86290000
3.58712251 51.95560000
3.59069375 52.05070000
3.59426499 52.14810000
3.59783625 52.24760000
3.60140749 52.34920000
3.60497873 52.45260000
3.60854998 52.55590000
3.61212123 52.66260000
3.61569248 52.77060000
3.61926372 52.87990000
3.62283496 52.99000000
3.62640622 53.10090000
3.62997746 53.21220000
3.63354871 53.32360000
3.63711995 53.43470000
3.64069121 53.54520000
3.64426245 53.65360000
3.64783369 53.76150000
3.65140493 53.86750000
3.65497619 53.97110000
3.65854743 54.07180000
3.66211868 54.16900000
3.66568992 54.26230000
3.66926118 54.35110000
3.67283242 54.43510000
3.67640366 54.51470000
3.67997490 54.58820000
3.68354616 54.65630000
3.68711740 54.71870000
3.69068865 54.77560000
3.69425989 54.82740000
3.69783115 54.87420000
3.70140239 54.91660000
3.70497363 54.95510000
3.70854488 54.99010000
3.71211613 55.02210000
3.71568737 55.05160000
3.71925862 55.07920000
3.72282986 55.10540000
3.72640112 55.13030000
3.72997236 55.15580000
3.73354360 55.17980000
3.73711485 55.20380000
3.74068610 55.22820000
3.74425735 55.25320000
3.74782859 55.27890000
3.75139983 55.30570000
3.75497109 55.33360000
3.75854233 55.36280000
3.76211357 55.39350000
3.76568482 55.42520000
3.76925607 55.45890000
3.77282732 55.49410000
3.77639856 55.53090000
3.77996980 55.57220000
3.78354106 55.61200000
3.78711230 55.65310000
3.79068354 55.69540000
3.79425479 55.73890000
3.79782604 55.78330000
3.80139729 55.82840000
3.80496853 55.87720000
3.80853977 55.92290000
3.81211103 55.96840000
3.81568227 56.01330000
3.81925351 56.05860000
3.82282476 56.10120000
3.82639601 56.14190000
3.82996726 56.18030000
3.83353850 56.21580000
3.83710974 56.24790000
3.84068100 56.27610000
3.84425224 56.29990000
3.84782349 56.31900000
3.85139473 56.33290000
3.85496599 56.34130000
3.85853723 56.34420000
3.85853723 56.34420000
3.86163002 56.34200000
3.86472281 56.33570000
3.86781560 56.32510000
3.87090839 56.31050000
3.87400118 56.29200000
3.87709397 56.26960000
3.88018676 56.24370000
3.88327955 56.21440000
3.88637234 56.18190000
3.88946513 56.14640000
3.89255792 56.10830000
3.89565071 56.06770000
3.89874350 56.02480000
3.90183629 55.97990000
3.90492908 55.93310000
3.90802187 55.88480000
3.91111466 55.83500000
3.91420745 55.78400000
3.91730024 55.73130000
3.92039303 55.67830000
3.92348582 55.62460000
3.92657862 55.57020000
3.92967140 55.51080000
3.93276419 55.45560000
3.93585698 55.40020000
3.93894977 55.34460000
3.94204256 55.28890000
3.94513535 55.23330000
3.94822814 55.17780000
3.95132094 55.12250000
3.95441372 55.05930000
3.95750651 55.00460000
3.96059930 54.95030000
3.96369209 54.89640000
3.96678488 54.84300000
3.96987767 54.79020000
3.97297046 54.73800000
3.97606326 54.68640000
3.97915604 54.63550000
3.98224883 54.58530000
3.98534162 54.53580000
3.98843441 54.48700000
3.99152720 54.43930000
3.99461999 54.39220000
3.99771278 54.34600000
4.00080558 54.30060000
4.00389836 54.25600000
4.00699115 54.21240000
4.01008394 54.16950000
4.01317673 54.12950000
4.01626952 54.08830000
4.01936231 54.04800000
4.02245510 54.00840000
4.02554790 53.96960000
4.02864068 53.93140000
4.03173347 53.89380000
4.03482626 53.85660000
4.03791905 53.81970000
4.04101184 53.78380000
4.04410464 53.74680000
4.04719742 53.70930000
4.05029022 53.67080000
4.05338300 53.63080000
4.05647579 53.58860000
4.05956858 53.54320000
4.06266137 53.49350000
4.06575416 53.43790000
4.06884696 53.37500000
4.07193974 53.30300000
4.07503254 53.22040000
4.07812532 53.12620000
4.08121811 53.02010000
4.08431090 52.90280000
4.08740369 52.77560000
4.09049648 52.64020000
4.09358928 52.49830000
4.09668206 52.35150000
4.09977486 52.20060000
4.10286764 52.04820000
4.10596043 51.89460000
4.10905322 51.74050000
4.11214601 51.58660000
4.11523881 51.43360000
4.11833160 51.28180000
4.12142438 51.13180000
4.12451718 50.98380000
4.12760996 50.83830000
4.13070275 50.78340000
4.13379554 50.85610000
4.13688833 50.93940000
4.13998113 51.03060000
4.14307392 51.12730000
4.14616670 51.22670000
4.14925950 51.32660000
4.15235228 51.42530000
4.15544507 51.52050000
4.15853786 51.60950000
4.16163065 51.69140000
4.16472345 51.76470000

0.00000000 50.46540000
0.00714250 50.46380000
0.01428499 50.45910000
0.02142749 50.45120000
0.02856997 50.44030000
0.03571247 50.42630000
0.04285496 50.40940000
0.04999746 50.38950000
0.05713994 50.36670000
0.06428244 50.34120000
0.07142493 50.31310000
0.07856743 50.28240000
0.08570991 50.24180000
0.09285241 50.20630000
0.09999490 50.16870000
0.10713740 50.12910000
0.11427988 50.11390000
0.12142238 50.06980000
0.12856487 50.02410000
0.13570737 49.97700000
0.14284985 49.92500000
0.14999235 49.87580000
0.15713484 49.82570000
0.16427734 49.77500000
0.17141982 49.72380000
0.17856232 49.67230000
0.18570481 49.62070000
0.19284731 49.56920000
0.19998979 49.51800000
0.20713229 49.46720000
0.21427478 49.41700000
0.22141728 49.36770000
0.22855977 49.31930000
0.23570227 49.27210000
0.24284475 49.22630000
0.24998725 49.18210000
0.25712974 49.13960000
0.26427224 49.09900000
0.27141472 49.06050000
0.27855722 49.02420000
0.28569971 48.99040000
0.29284221 49.32740000
0.29998469 49.79520000
0.30712719 50.26440000
0.31426968 50.73450000
0.32141218 51.20530000
0.32855466 51.67630000
0.33569716 52.15180000
0.34283965 52.62210000
0.34998215 53.09150000
0.35712463 53.55920000
0.36426713 54.02480000
0.37140962 54.48760000
0.37855212 54.40030000
0.38569460 54.04890000
0.39283710 53.69980000
0.39997959 53.35300000
0.40712209 53.00860000
0.41426457 52.66650000
0.42140707 52.32680000
0.42854956 51.98930000
0.43569206 51.65430000
0.44283455 51.32160000
0.44997705 50.99120000
0.45711953 50.66320000
0.46426203 50.33750000
0.47140452 50.01420000
0.47854702 49.69330000
0.48568950 49.61620000
0.49283200 49.70760000
0.49997449 49.80530000
0.50711699 49.90830000
0.51425947 50.01630000
0.52140197 50.12940000
0.52854446 50.24750000
0.53568696 50.37030000
0.54282944 50.49770000
0.54997194 50.62950000
0.55711443 50.76540000
0.56425693 50.90510000
0.57139941 51.04820000
0.57854191 51.19420000
0.58568440 51.34250000
0.59282690 51.49220000
0.59996938 51.64250000
0.60711188 51.79180000
0.61425437 51.93840000
0.62139687 52.07990000
0.62853935 52.21280000
0.63568185 52.33260000
0.64282434 52.43270000
0.64996684 52.50480000
0.65710933 52.53850000
0.66425183 52.52320000
0.67139431 52.45090000
0.67853681 52.31960000
0.68567930 52.13450000
0.69282180 51.90520000
0.69996428 51.64250000
0.70710678 51.35520000
0.70710678 51.35520000
0.71067802 51.38850000
0.71424928 51.44700000
0.71782052 51.50540000
0.72139177 51.55990000
0.72496301 51.60880000
0.72853427 51.65170000
0.73210551 51.68870000
0.73567675 51.72030000
0.73924799 51.74700000
0.74281925 51.76960000
0.74639049 51.78870000
0.74996174 51.80490000
0.75353298 51.81870000
0.75710424 51.83200000
0.76067548 51.84220000
0.76424672 51.85090000
0.76781797 51.85860000
0.77138922 51.86540000
0.77496047 51.87130000
0.77853171 51.87640000
0.78210295 51.88260000
0.78567421 51.88650000
0.78924545 51.88980000
0.79281669 51.89270000
0.79638794 51.89500000
0.79995919 51.89700000
0.80353044 51.89840000
0.80710168 51.89940000
0.81067292 51.89990000
0.81424418 51.90000000
0.81781542 51.89960000
0.82138666 51.89880000
0.82495791 51.89740000
0.82852916 51.89550000
0.83210041 51.89310000
0.83567165 51.89020000
0.83924289 51.88670000
0.84281415 51.88270000
0.84638539 51.87800000
0.84995663 51.87280000
0.85352788 51.86730000
0.85709913 51.86080000
0.86067038 51.85360000
0.86424162 51.84580000
0.86781286 51.83720000
0.87138412 51.82800000
0.87495536 51.81810000
0.87852661 51.80740000
0.88209785 51.79610000
0.88566910 51.78400000
0.88924035 51.77110000
0.89281159 51.75750000
0.89638283 51.74320000
0.89995409 51.72780000
0.90352533 51.71190000
0.90709658 51.69530000
0.91066782 51.67790000
0.91423908 51.65980000
0.91781032 51.64100000
0.92138156 51.62140000
0.92495280 51.60110000
0.92852406 51.58010000
0.93209530 51.55840000
0.93566655 51.53600000
0.93923779 51.51300000
0.94280905 51.48940000
0.94638029 51.46520000
0.94995153 51.44040000
0.95352277 51.41510000
0.95709403 51.38930000
0.96066527 51.36300000
0.96423652 51.33640000
0.96780776 51.30930000
0.97137902 51.28260000
0.97495026 51.25500000
0.97852150 51.22720000
0.98209275 51.19940000
0.98566400 51.17320000
0.98923525 51.14530000
0.99280649 51.11760000
0.99637773 51.09010000
0.99994899 51.06290000
1.00352023 51.03580000
1.00709147 51.00960000
1.01066272 50.98400000
1.01423397 50.95930000
1.01780522 50.93550000
1.02137646 50.91290000
1.02494770 50.89150000
1.02851896 50.87150000
1.03209020 50.85300000
1.03566144 50.83630000
1.03923269 50.82150000
1.04280394 50.80870000
1.04637519 50.79800000
1.04994643 50.78960000
1.05351767 50.78350000
1.05708893 50.77980000
1.06066017 50.77850000
1.06066017 50.77850000
1.06244580 50.79010000
1.06423141 50.80580000
1.06601704 50.82530000
1.06780267 50.84810000
1.06958829 50.87380000
1.07137391 50.90220000
1.07315953 50.93290000
1.07494516 50.96550000
1.07673079 50.99990000
1.07851640 51.03580000
1.08030203 51.07300000
1.08208766 51.11120000
1.08387327 51.15040000
1.08565890 51.19040000
1.08744451 51.23100000
1.08923014 51.27220000
1.09101577 51.31390000
1.09280139 51.35600000
1.09458701 51.39850000
1.09637264 51.44130000
1.09815826 51.48430000
1.09994388 51.52770000
1.10172950 51.57120000
1.10351513 51.61490000
1.10530076 51.65890000
1.10708637 51.70300000
1.10887200 51.74730000
1.11065763 51.79180000
1.11244324 51.83660000
1.11422887 51.88150000
1.11601448 51.92670000
1.11780011 51.97210000
1.11958574 52.01770000
1.12137136 52.06380000
1.12315698 52.11000000
1.12494261 52.15650000
1.12672823 52.20340000
1.12851386 52.25050000
1.13029947 52.29800000
1.13208510 52.34580000
1.13387073 52.39400000
1.13565634 52.44260000
1.13744197 52.49150000
1.13922760 52.53940000
1.14101321 52.58910000
1.14279884 52.63910000
1.14458446 52.68960000
1.14637008 52.74040000
1.14815571 52.79160000
1.14994133 52.84310000
1.15172696 52.89500000
1.15351258 52.94720000
1.15529820 52.99970000
1.15708383 53.05260000
1.15886944 53.10570000
1.16065507 53.15910000
1.16244070 53.21270000
1.16422631 53.26650000
1.16601194 53.32050000
1.16779757 53.37460000
1.16958318 53.42880000
1.17136881 53.48310000
1.17315443 53.53740000
1.17494005 53.59160000
1.17672568 53.64580000
1.17851130 53.69990000
1.18029693 53.75370000
1.18208255 53.80740000
1.18386817 53.86070000
1.18565380 53.91360000
1.18743941 53.96760000
1.18922504 54.01960000
1.19101067 54.07100000
1.19279628 54.12180000
1.19458191 54.14130000
1.19636754 54.10450000
1.19815315 54.06870000
1.19993878 54.03400000
1.20172440 54.00050000
1.20351003 53.96810000
1.20529565 53.93690000
1.20708127 53.90620000
1.20886690 53.87750000
1.21065252 53.85010000
1.21243814 53.82410000
1.21422377 53.79950000
1.21600938 53.77640000
1.21779501 53.75480000
1.21958064 53.73490000
1.22136625 53.71800000
1.22315188 53.70140000
1.22493751 53.68660000
1.22672312 53.67360000
1.22850875 53.66250000
1.23029437 53.65340000
1.23208000 53.64620000
1.23386562 53.64110000
1.23565124 53.63800000
1.23743687 53.63690000
1.23743687 53.63690000
1.24671524 53.83250000
1.25599361 54.04040000
1.26527198 54.26100000
1.27455035 54.49090000
1.28382872 54.73610000
1.29310709 54.85660000
1.30238546 54.90080000
1.31166383 54.96230000
1.32094220 55.04220000
1.33022057 55.14080000
1.33949894 55.25790000
1.34877731 55.39330000
1.35805568 55.54590000
1.36733405 55.71440000
1.37661242 55.89730000
1.38589079 56.09270000
1.39516916 56.29880000
1.40444754 56.51400000
1.41372590 56.73480000
1.42300427 56.95930000
1.43228264 57.18500000
1.44156101 57.40910000
1.45083938 57.62880000
1.46011775 57.84120000
1.46939612 58.04380000
1.47867450 58.23420000
1.48795286 58.41060000
1.49723124 58.24210000
1.50650960 58.04470000
1.51578797 57.86210000
1.52506634 57.71190000
1.53434471 57.60370000
1.54362308 57.54290000
1.55290146 57.45190000
1.56217983 57.05910000
1.57145820 56.66120000
1.58073657 56.25540000
1.59001493 55.84480000
1.59929331 55.43030000
1.60857167 55.00650000
1.61785005 54.58660000
1.62712842 54.16490000
1.63640679 53.74200000
1.64568516 53.31850000
1.65496353 52.89460000
1.66424190 52.46770000
1.67352027 52.04440000
1.68279863 51.62140000
1.69207701 51.20010000
1.70135538 50.78010000
1.71063375 50.36170000
1.71991212 49.94520000
1.72919049 49.52930000
1.73846886 49.11730000
1.74774723 48.70770000
1.75702560 48.30110000
1.76630397 47.93530000
1.77558234 48.04140000
1.78486071 48.14620000
1.79413908 48.24980000
1.80341745 48.35200000
1.81269582 48.45260000
1.82197419 48.55170000
1.83125256 48.64910000
1.84053093 48.74480000
1.84980930 48.83870000
1.85908768 48.93070000
1.86836605 49.02070000
1.87764441 49.10870000
1.88692279 49.19450000
1.89620115 49.26750000
1.90547953 49.34860000
1.91475789 49.42740000
1.92403626 49.50370000
1.93331464 49.57770000
1.94259301 49.64900000
1.95187138 49.71780000
1.96114975 49.78400000
1.97042811 49.84750000
1.97970649 49.89530000
1.98898485 49.95280000
1.99826323 50.00750000
2.00754160 50.05930000
2.01681997 50.10530000
2.02609834 50.15110000
2.03537671 50.19380000
2.04465507 50.23360000
2.05393345 50.27020000
2.06321181 50.30380000
2.07249019 50.33500000
2.08176856 50.36230000
2.09104693 50.38640000
2.10032530 50.40730000
2.10960367 50.42500000
2.11888204 50.43960000
2.12816041 50.45090000
2.13743877 50.45900000
2.14671715 50.46380000
2.15599552 50.46540000
2.15599552 50.46540000
2.16474326 50.46380000
2.17349098 50.45900000
2.18223872 50.45100000
2.19098645 50.43980000
2.19973419 50.42520000
2.20848191 50.40740000
2.21722965 50.38630000
2.22597737 50.36180000
2.23472511 50.33390000
2.24347283 50.30240000
2.25222057 50.26700000
2.26096830 50.22840000
2.26971604 50.18600000
2.27846376 50.13990000
2.28721150 50.08990000
2.29595922 50.03600000
2.30470696 49.97790000
2.31345468 49.91580000
2.32220242 49.84930000
2.33095015 49.77860000
2.33969789 49.70340000
2.34844561 49.62360000
2.35719335 49.54850000
2.36594107 49.45220000
2.37468881 49.35800000
2.38343653 49.25900000
2.39218427 49.15500000
2.40093200 49.04590000
2.40967974 48.93180000
2.41842746 48.81260000
2.42717520 48.68820000
2.43592292 48.55860000
2.44467066 48.42390000
2.45341838 48.28390000
2.46216612 48.13890000
2.47091385 47.98870000
2.47966159 47.83350000
2.48840931 47.67320000
2.49715705 47.50810000
2.50590477 47.33820000
2.51465251 47.23510000
2.52340023 47.16070000
2.53214797 47.09730000
2.54089570 47.03650000
2.54964344 46.98540000
2.55839116 46.94770000
2.56713890 46.92950000
2.57588662 46.94190000
2.58463436 47.00210000
2.59338208 47.12700000
2.60212982 47.31730000
2.61087755 47.55630000
2.61962529 47.82600000
2.62837301 48.11470000
2.63712075 48.41560000
2.64586847 48.72580000
2.65461621 49.04180000
2.66336393 49.36280000
2.67211167 49.68800000
2.68085940 50.01690000
2.68960714 50.34890000
2.69835486 50.68380000
2.70710260 51.02120000
2.71585032 51.36090000
2.72459806 51.70270000
2.73334578 52.04620000
2.74209352 52.39120000
2.75084125 52.73760000
2.75958899 53.08490000
2.76833671 53.43280000
2.77708445 53.78110000
2.78583217 54.13400000
2.79457991 54.48160000
2.80332763 54.82800000
2.81207537 55.17250000
2.82082310 55.51430000
2.82957084 55.85230000
2.83831856 56.18550000
2.84706630 56.51230000
2.85581402 56.83090000
2.86456176 57.13930000
2.87330948 57.43510000
2.88205722 57.71520000
2.89080495 57.97650000
2.89955269 58.21560000
2.90830041 58.42940000
2.91704815 58.61860000
2.92579587 58.77250000
2.93454361 58.89950000
2.94329133 58.99770000
2.95203907 59.07070000
2.96078680 59.12230000
2.96953454 59.15680000
2.97828226 59.17830000
2.98703000 59.19080000
2.99577772 59.19720000
3.00452546 59.20000000
3.01327318 59.20100000
3.02202092 59.20130000
3.02202092 59.20130000
3.02511372 59.20090000
3.02820651 59.19960000
3.03129930 59.19760000
3.03439209 59.19470000
3.03748487 59.19100000
3.04057767 59.18640000
3.04367045 59.18090000
3.04676324 59.17460000
3.04985604 59.16730000
3.05294883 59.15910000
3.05604162 59.14990000
3.05913441 59.13940000
3.06222719 59.12810000
3.06531999 59.11570000
3.06841277 59.10220000
3.07150557 59.08710000
3.07459836 59.07120000
3.07769115 59.05400000
3.08078394 59.03530000
3.08387673 59.01550000
3.08696951 58.99420000
3.09006231 58.97150000
3.09315509 58.94650000
3.09624789 58.92070000
3.09934068 58.89320000
3.10243347 58.86410000
3.10552626 58.83360000
3.10861905 58.80120000
3.11171183 58.76710000
3.11480463 58.73130000
3.11789741 58.69300000
3.12099021 58.65380000
3.12408300 58.61300000
3.12717579 58.57070000
3.13026858 58.52690000
3.13336137 58.48180000
3.13645415 58.43540000
3.13954695 58.38800000
3.14263974 58.33950000
3.14573253 58.29030000
3.14882532 58.24030000
3.15191811 58.18990000
3.15501090 58.14070000
3.15810369 58.08970000
3.16119647 58.03850000
3.16428927 57.98720000
3.16738206 57.93590000
3.17047485 57.88470000
3.17356764 57.79580000
3.17666043 57.63250000
3.17975322 57.46610000
3.18284601 57.29800000
3.18593879 57.12840000
3.18903159 56.95750000
3.19212438 56.78560000
3.19521717 56.61300000
3.19830996 56.44000000
3.20140275 56.26700000
3.20449554 56.09420000
3.20758833 55.92220000
3.21068111 55.74750000
3.21377391 55.57860000
3.21686670 55.41220000
3.21995949 55.24940000
3.22305228 55.09100000
3.22614507 54.93860000
3.22923786 54.79360000
3.23233065 54.65780000
3.23542343 54.53300000
3.23851623 54.42110000
3.24160902 54.32290000
3.24470181 54.23880000
3.24779460 54.16850000
3.25088739 54.11060000
3.25398018 54.06370000
3.25707297 54.02600000
3.26016576 53.99590000
3.26325855 53.97070000
3.26635134 53.95230000
3.26944413 53.93820000
3.27253692 53.92750000
3.27562971 53.91970000
3.27872250 53.91410000
3.28181529 53.91020000
3.28490808 53.90740000
3.28800087 53.90530000
3.29109366 53.90330000
3.29418645 53.90090000
3.29727924 53.89740000
3.30037203 53.89220000
3.30346482 53.88470000
3.30655761 53.87410000
3.30965040 53.85940000
3.31274320 53.83990000
3.31583598 53.81570000
3.31892877 53.78360000
3.32202156 53.74370000
3.32511435 53.69510000
3.32820714 53.63690000
3.32820714 53.63690000
3.32999277 53.63800000
3.33177839 53.64110000
3.33356401 53.64620000
3.33534964 53.65340000
3.33713526 53.66250000
3.33892088 53.67360000
3.34070650 53.68660000
3.34249213 53.70140000
3.34427776 53.71800000
3.34606337 53.73490000
3.34784900 53.75480000
3.34963463 53.77640000
3.35142024 53.79950000
3.35320587 53.82410000
3.35499148 53.85010000
3.35677711 53.87750000
3.35856274 53.90620000
3.36034836 53.93690000
3.36213398 53.96810000
3.36391961 54.00050000
3.36570523 54.03400000
3.36749086 54.06870000
3.36927647 54.10450000
3.37106210 54.14130000
3.37284773 54.12180000
3.37463334 54.07100000
3.37641897 54.01960000
3.37820460 53.96760000
3.37999021 53.91360000
3.38177584 53.86070000
3.38356146 53.80740000
3.38534708 53.75370000
3.38713271 53.69990000
3.38891833 53.64580000
3.39070395 53.59160000
3.39248958 53.53740000
3.39427520 53.48310000
3.39606083 53.42880000
3.39784644 53.37460000
3.39963207 53.32050000
3.40141770 53.26650000
3.40320331 53.21270000
3.40498894 53.15910000
3.40677457 53.10570000
3.40856018 53.05260000
3.41034581 52.99970000
3.41213143 52.94720000
3.41391705 52.89500000
3.41570268 52.84310000
3.41748830 52.79160000
3.41927393 52.74040000
3.42105955 52.68960000
3.42284517 52.63910000
3.42463080 52.58910000
3.42641641 52.53940000
3.42820204 52.49150000
3.42998767 52.44260000
3.43177328 52.39400000
3.43355891 52.34580000
3.43534454 52.29800000
3.43713015 52.25050000
3.43891578 52.20340000
3.44070140 52.15650000
3.44248702 52.11000000
3.44427265 52.06380000
3.44605827 52.01770000
3.44784390 51.97210000
3.44962952 51.92670000
3.45141514 51.88150000
3.45320077 51.83660000
3.45498638 51.79180000
3.45677201 51.74730000
3.45855764 51.70300000
3.46034325 51.65890000
3.46212888 51.61490000
3.46391451 51.57120000
3.46570012 51.52770000
3.46748575 51.48430000
3.46927137 51.44130000
3.47105700 51.39850000
3.47284262 51.35600000
3.47462824 51.31390000
3.47641387 51.27220000
3.47819950 51.23100000
3.47998511 51.19040000
3.48177074 51.15040000
3.48355635 51.11120000
3.48534198 51.07300000
3.48712761 51.03580000
3.48891322 50.99990000
3.49069885 50.96550000
3.49248448 50.93290000
3.49427010 50.90220000
3.49605572 50.87380000
3.49784134 50.84810000
3.49962697 50.82530000
3.50141259 50.80580000
3.50319821 50.79010000
3.50498384 50.77850000
3.50498384 50.77850000
3.50855508 50.81170000
3.51212634 50.85880000
3.51569758 50.92050000
3.51926882 50.99720000
3.52284007 51.08870000
3.52641132 51.19430000
3.52998257 51.31330000
3.53355381 51.44430000
3.53712505 51.58600000
3.54069631 51.73680000
3.54426755 51.89550000
3.54783879 52.06060000
3.55141004 52.23110000
3.55498129 52.40570000
3.55855254 52.58340000
3.56212378 52.76240000
3.56569502 52.94310000
3.56926628 53.12400000
3.57283752 53.30410000
3.57640876 53.48290000
3.57998001 53.65740000
3.58355126 53.82920000
3.58712251 53.99620000
3.59069375 54.15750000
3.59426499 54.31220000
3.59783625 54.45930000
3.60140749 54.59850000
3.60497873 54.72930000
3.60854998 54.84980000
3.61212123 54.96430000
3.61569248 55.07160000
3.61926372 55.17260000
3.62283496 55.26860000
3.62640622 55.36070000
3.62997746 55.45000000
3.63354871 55.54050000
3.63711995 55.62730000
3.64069121 55.71390000
3.64426245 55.80070000
3.64783369 55.88850000
3.65140493 55.97730000
3.65497619 56.06750000
3.65854743 56.15900000
3.66211868 56.25180000
3.66568992 56.34610000
3.66926118 56.44150000
3.67283242 56.53810000
3.67640366 56.63580000
3.67997490 56.73410000
3.68354616 56.83200000
3.68711740 56.93130000
3.69068865 57.03060000
3.69425989 57.12980000
3.69783115 57.22870000
3.70140239 57.32680000
3.70497363 57.42400000
3.70854488 57.52000000
3.71211613 57.61450000
3.71568737 57.70720000
3.71925862 57.79790000
3.72282986 57.88630000
3.72640112 57.97020000
3.72997236 58.05350000
3.73354360 58.13380000
3.73711485 58.21090000
3.74068610 58.28480000
3.74425735 58.35520000
3.74782859 58.42220000
3.75139983 58.48570000
3.75497109 58.54560000
3.75854233 58.60210000
3.76211357 58.65510000
3.76568482 58.70430000
3.76925607 58.75070000
3.77282732 58.79390000
3.77639856 58.83410000
3.77996980 58.87160000
3.78354106 58.90620000
3.78711230 58.93810000
3.79068354 58.96770000
3.79425479 58.99480000
3.79782604 59.01990000
3.80139729 59.04280000
3.80496853 59.06480000
3.80853977 59.08380000
3.81211103 59.10120000
3.81568227 59.11690000
3.81925351 59.13160000
3.82282476 59.14430000
3.82639601 59.15550000
3.82996726 59.16540000
3.83353850 59.17400000
3.83710974 59.18130000
3.84068100 59.18750000
3.84425224 59.19250000
3.84782349 59.19630000
3.85139473 59.19910000
3.85496599 59.20070000
3.85853723 59.20130000
3.85853723 59.20130000
3.86163002 59.20090000
3.86472281 59.19960000
3.86781560 59.19760000
3.87090839 59.19470000
3.87400118 59.19100000
3.87709397 59.18640000
3.88018676 59.18090000
3.88327955 59.17460000
3.88637234 59.16730000
3.88946513 59.15910000
3.89255792 59.14990000
3.89565071 59.13940000
3.89874350 59.12810000
3.90183629 59.11570000
3.90492908 59.10220000
3.90802187 59.08710000
3.91111466 59.07120000
3.91420745 59.05400000
3.91730024 59.03530000
3.92039303 59.01550000
3.92348582 58.99420000
3.92657862 58.97150000
3.92967140 58.94650000
3.93276419 58.92070000
3.93585698 58.89320000
3.93894977 58.86410000
3.94204256 58.83360000
3.94513535 58.80120000
3.94822814 58.76710000
3.95132094 58.73130000
3.95441372 58.69300000
3.95750651 58.65380000
3.96059930 58.61300000
3.96369209 58.57070000
3.96678488 58.52690000
3.96987767 58.48180000
3.97297046 58.43540000
3.97606326 58.38800000
3.97915604 58.33950000
3.98224883 58.29030000
3.98534162 58.24030000
3.98843441 58.18990000
3.99152720 58.14070000
3.99461999 58.08970000
3.99771278 58.03850000
4.00080558 57.98720000
4.00389836 57.93590000
4.00699115 57.88470000
4.01008394 57.79580000
4.01317673 57.63250000
4.01626952 57.46610000
4.01936231 57.29800000
4.02245510 57.12840000
4.02554790 56.95750000
4.02864068 56.78560000
4.03173347 56.61300000
4.03482626 56.44000000
4.03791905 56.26700000
4.04101184 56.09420000
4.04410464 55.92220000
4.04719742 55.74750000
4.05029022 55.57860000
4.05338300 55.41220000
4.05647579 55.24940000
4.05956858 55.09100000
4.06266137 54.93860000
4.06575416 54.79360000
4.06884696 54.65780000
4.07193974 54.53300000
4.07503254 54.42110000
4.07812532 54.32290000
4.08121811 54.23880000
4.08431090 54.16850000
4.08740369 54.11060000
4.09049648 54.06370000
4.09358928 54.02600000
4.09668206 53.99590000
4.09977486 53.97070000
4.10286764 53.95230000
4.10596043 53.93820000
4.10905322 53.92750000
4.11214601 53.91970000
4.11523881 53.91410000
4.11833160 53.91020000
4.12142438 53.90740000
4.12451718 53.90530000
4.12760996 53.90330000
4.13070275 53.90090000
4.13379554 53.89740000
4.13688833 53.89220000
4.13998113 53.88470000
4.14307392 53.87410000
4.14616670 53.85940000
4.14925950 53.83990000
4.15235228 53.81570000
4.15544507 53.78360000
4.15853786 53.74370000
4.16163065 53.69510000
4.16472345 53.63690000

0.00000000 70.83070000
0.00714250 70.82130000
0.01428499 70.79330000
0.02142749 70.74760000
0.02856997 70.68530000
0.03571247 70.60830000
0.04285496 70.51830000
0.04999746 70.41720000
0.05713994 70.30700000
0.06428244 70.18950000
0.07142493 70.06660000
0.07856743 69.93970000
0.08570991 69.80950000
0.09285241 69.67880000
0.09999490 69.54790000
0.10713740 69.41790000
0.11427988 68.99620000
0.12142238 68.56380000
0.12856487 68.13320000
0.13570737 67.70440000
0.14284985 67.27700000
0.14999235 66.85190000
0.15713484 66.42890000
0.16427734 66.00780000
0.17141982 65.58880000
0.17856232 65.17180000
0.18570481 64.75700000
0.19284731 64.34430000
0.19998979 63.93370000
0.20713229 63.52540000
0.21427478 63.11920000
0.22141728 62.71520000
0.22855977 62.31340000
0.23570227 61.91380000
0.24284475 61.51650000
0.24998725 61.12140000
0.25712974 60.72850000
0.26427224 60.33800000
0.27141472 59.94960000
0.27855722 59.56360000
0.28569971 59.17980000
0.29284221 58.79830000
0.29998469 58.41930000
0.30712719 58.04240000
0.31426968 57.66780000
0.32141218 57.29550000
0.32855466 56.92550000
0.33569716 56.55780000
0.34283965 56.19240000
0.34998215 55.82930000
0.35712463 55.46860000
0.36426713 55.11020000
0.37140962 54.75410000
0.37855212 54.94680000
0.38569460 55.40160000
0.39283710 55.85100000
0.39997959 56.29380000
0.40712209 56.72880000
0.41426457 57.15440000
0.42140707 57.56880000
0.42854956 57.97020000
0.43569206 58.35620000
0.44283455 58.72430000
0.44997705 59.07160000
0.45711953 59.41110000
0.46426203 59.70740000
0.47140452 59.97310000
0.47854702 60.22120000
0.48568950 60.41670000
0.49283200 60.56470000
0.49997449 60.68110000
0.50711699 60.75730000
0.51425947 60.79410000
0.52140197 60.79330000
0.52854446 60.75740000
0.53568696 60.68950000
0.54282944 60.59300000
0.54997194 60.47140000
0.55711443 60.32790000
0.56425693 59.97050000
0.57139941 59.55790000
0.57854191 59.14550000
0.58568440 58.73370000
0.59282690 58.32250000
0.59996938 57.91220000
0.60711188 57.50300000
0.61425437 57.09500000
0.62139687 56.68870000
0.62853935 56.28420000
0.63568185 55.88190000
0.64282434 55.48200000
0.64996684 55.08250000
0.65710933 54.68930000
0.66425183 54.30080000
0.67139431 53.91860000
0.67853681 53.54590000
0.68567930 53.18870000
0.69282180 52.86140000
0.69996428 52.60120000
0.70710678 52.49150000
0.70710678 52.49150000
0.71067802 52.49620000
0.71424928 52.51050000
0.71782052 52.53400000
0.72139177 52.56710000
0.72496301 52.60920000
0.72853427 52.65990000
0.73210551 52.71820000
0.73567675 52.78330000
0.73924799 52.85420000
0.74281925 52.92980000
0.74639049 53.00910000
0.74996174 53.09130000
0.75353298 53.17550000
0.75710424 53.26120000
0.76067548 53.34750000
0.76424672 53.43290000
0.76781797 53.51900000
0.77138922 53.60450000
0.77496047 53.68880000
0.77853171 53.77170000
0.78210295 53.85340000
0.78567421 53.93280000
0.78924545 54.01010000
0.79281669 54.08510000
0.79638794 54.15770000
0.79995919 54.22800000
0.80353044 54.29580000
0.80710168 54.36130000
0.81067292 54.42440000
0.81424418 54.48540000
0.81781542 54.54420000
0.82138666 54.60110000
0.82495791 54.65610000
0.82852916 54.70960000
0.83210041 54.76160000
0.83567165 54.81240000
0.83924289 54.86210000
0.84281415 54.91090000
0.84638539 54.95900000
0.84995663 55.00650000
0.85352788 55.05430000
0.85709913 55.10110000
0.86067038 55.14790000
0.86424162 55.19470000
0.86781286 55.24160000
0.87138412 55.28870000
0.87495536 55.33620000
0.87852661 55.38410000
0.88209785 55.43260000
0.88566910 55.48160000
0.88924035 55.53140000
0.89281159 55.58190000
0.89638283 55.63320000
0.89995409 55.68420000
0.90352533 55.73730000
0.90709658 55.79130000
0.91066782 55.84630000
0.91423908 55.90240000
0.91781032 55.95960000
0.92138156 56.01780000
0.92495280 56.07720000
0.92852406 56.13770000
0.93209530 56.19940000
0.93566655 56.26220000
0.93923779 56.32620000
0.94280905 56.39140000
0.94638029 56.45780000
0.94995153 56.52540000
0.95352277 56.59420000
0.95709403 56.66410000
0.96066527 56.73520000
0.96423652 56.80740000
0.96780776 56.88070000
0.97137902 56.95850000
0.97495026 57.03400000
0.97852150 57.11040000
0.98209275 57.18780000
0.98566400 57.26710000
0.98923525 57.34610000
0.99280649 57.42600000
0.99637773 57.50650000
0.99994899 57.58750000
1.00352023 57.66410000
1.00709147 57.74580000
1.01066272 57.82750000
1.01423397 57.90900000
1.01780522 57.99010000
1.02137646 58.07040000
1.02494770 58.14940000
1.02851896 58.22670000
1.03209020 58.30150000
1.03566144 58.37310000
1.03923269 58.44030000
1.04280394 58.50180000
1.04637519 58.55600000
1.04994643 58.60110000
1.05351767 58.63520000
1.05708893 58.65660000
1.06066017 58.66390000
1.06066017 58.66390000
1.06244580 58.65290000
1.06423141 58.64170000
1.06601704 58.63030000
1.06780267 58.61740000
1.06958829 58.57980000
1.07137391 58.53400000
1.07315953 58.48130000
1.07494516 58.42290000
1.07673079 58.35970000
1.07851640 58.29290000
1.08030203 58.22300000
1.08208766 58.15070000
1.08387327 58.07660000
1.08565890 58.00100000
1.08744451 57.92430000
1.08923014 57.84670000
1.09101577 57.76860000
1.09280139 57.68990000
1.09458701 57.61110000
1.09637264 57.53210000
1.09815826 57.45300000
1.09994388 57.37650000
1.10172950 57.29770000
1.10351513 57.21910000
1.10530076 57.14070000
1.10708637 57.06280000
1.10887200 56.98520000
1.11065763 56.90810000
1.11244324 56.83140000
1.11422887 56.75530000
1.11601448 56.67980000
1.11780011 56.60480000
1.11958574 56.52680000
1.12137136 56.45340000
1.12315698 56.38030000
1.12494261 56.30790000
1.12672823 56.23630000
1.12851386 56.16530000
1.13029947 56.09510000
1.13208510 56.02570000
1.13387073 55.95700000
1.13565634 55.88920000
1.13744197 55.82210000
1.13922760 55.75390000
1.14101321 55.68840000
1.14279884 55.62380000
1.14458446 55.56000000
1.14637008 55.49710000
1.14815571 55.43500000
1.14994133 55.37380000
1.15172696 55.31350000
1.15351258 55.25400000
1.15529820 55.19540000
1.15708383 55.13780000
1.15886944 55.08100000
1.16065507 55.02510000
1.16244070 54.97020000
1.16422631 54.91610000
1.16601194 54.86290000
1.16779757 54.81070000
1.16958318 54.75940000
1.17136881 54.70900000
1.17315443 54.65950000
1.17494005 54.61100000
1.17672568 54.56330000
1.17851130 54.51670000
1.18029693 54.47090000
1.18208255 54.42680000
1.18386817 54.38290000
1.18565380 54.34010000
1.18743941 54.29900000
1.18922504 54.25810000
1.19101067 54.21820000
1.19279628 54.17920000
1.19458191 54.17170000
1.19636754 54.22080000
1.19815315 54.26900000
1.19993878 54.31610000
1.20172440 54.36200000
1.20351003 54.40670000
1.20529565 54.45010000
1.20708127 54.49200000
1.20886690 54.53230000
1.21065252 54.57090000
1.21243814 54.60770000
1.21422377 54.64270000
1.21600938 54.67550000
1.21779501 54.70630000
1.21958064 54.73480000
1.22136625 54.76120000
1.22315188 54.78490000
1.22493751 54.80610000
1.22672312 54.82460000
1.22850875 54.84040000
1.23029437 54.85340000
1.23208000 54.86360000
1.23386562 54.87090000
1.23565124 54.87530000
1.23743687 54.87680000
1.23743687 54.87680000
1.24671524 54.84920000
1.25599361 54.82920000
1.26527198 54.81850000
1.27455035 54.81530000
1.28382872 54.82860000
1.29310709 54.99290000
1.30238546 55.26040000
1.31166383 55.53760000
1.32094220 55.82300000
1.33022057 56.11490000
1.33949894 56.41140000
1.34877731 56.71020000
1.35805568 57.00880000
1.36733405 57.30410000
1.37661242 57.59260000
1.38589079 57.86980000
1.39516916 58.13060000
1.40444754 58.37690000
1.41372590 58.58430000
1.42300427 58.75270000
1.43228264 58.87320000
1.44156101 58.93810000
1.45083938 58.94270000
1.46011775 58.88740000
1.46939612 58.77790000
1.47867450 58.62450000
1.48795286 58.44090000
1.49723124 58.57180000
1.50650960 58.71770000
1.51578797 58.84850000
1.52506634 58.57370000
1.53434471 58.21080000
1.54362308 57.83630000
1.55290146 57.52890000
1.56217983 57.55700000
1.57145820 57.62010000
1.58073657 57.71150000
1.59001493 57.82520000
1.59929331 57.95660000
1.60857167 58.10180000
1.61785005 58.25880000
1.62712842 58.42530000
1.63640679 58.59960000
1.64568516 58.78080000
1.65496353 58.96800000
1.66424190 59.16030000
1.67352027 59.35750000
1.68279863 59.55890000
1.69207701 59.76430000
1.70135538 59.97340000
1.71063375 60.18590000
1.71991212 60.40170000
1.72919049 60.62070000
1.73846886 60.84260000
1.74774723 60.96160000
1.75702560 61.08420000
1.76630397 61.21320000
1.77558234 61.34890000
1.78486071 61.49150000
1.79413908 61.64140000
1.80341745 61.79910000
1.81269582 61.96430000
1.82197419 62.13760000
1.83125256 62.31930000
1.84053093 62.50970000
1.84980930 62.70890000
1.85908768 62.91720000
1.86836605 63.13470000
1.87764441 63.36170000
1.88692279 63.59820000
1.89620115 63.84270000
1.90547953 64.09860000
1.91475789 64.36420000
1.92403626 64.63930000
1.93331464 64.92390000
1.94259301 65.21760000
1.95187138 65.52020000
1.96114975 65.83120000
1.97042811 66.15000000
1.97970649 66.47260000
1.98898485 66.80500000
1.99826323 67.14220000
2.00754160 67.48300000
2.01681997 67.82370000
2.02609834 68.16540000
2.03537671 68.50340000
2.04465507 68.83610000
2.05393345 69.15490000
2.06321181 69.45660000
2.07249019 69.73650000
2.08176856 69.95610000
2.09104693 70.14240000
2.10032530 70.31200000
2.10960367 70.46220000
2.11888204 70.59010000
2.12816041 70.69320000
2.13743877 70.76890000
2.14671715 70.81520000
2.15599552 70.83070000
2.15599552 70.83070000
2.16474326 70.82140000
2.17349098 70.79340000
2.18223872 70.74630000
2.19098645 70.67990000
2.19973419 70.59370000
2.20848191 70.48740000
2.21722965 70.36130000
2.22597737 70.21570000
2.23472511 70.05150000
2.24347283 69.87020000
2.25222057 69.67330000
2.26096830 69.46310000
2.26971604 69.24160000
2.27846376 69.01080000
2.28721150 68.77260000
2.29595922 68.52890000
2.30470696 68.28140000
2.31345468 68.03140000
2.32220242 67.78030000
2.33095015 67.52920000
2.33969789 67.27900000
2.34844561 67.03050000
2.35719335 66.78570000
2.36594107 66.54110000
2.37468881 66.30210000
2.38343653 66.06730000
2.39218427 65.83710000
2.40093200 65.61190000
2.40967974 65.39200000
2.41842746 65.17770000
2.42717520 64.96930000
2.43592292 64.76680000
2.44467066 64.57060000
2.45341838 64.38070000
2.46216612 64.19720000
2.47091385 64.02020000
2.47966159 63.84980000
2.48840931 63.68590000
2.49715705 63.52870000
2.50590477 63.37810000
2.51465251 63.23400000
2.52340023 63.09630000
2.53214797 62.97630000
2.54089570 62.85160000
2.54964344 62.73310000
2.55839116 62.62060000
2.56713890 62.51400000
2.57588662 62.41320000
2.58463436 62.31800000
2.59338208 62.22820000
2.60212982 62.14360000
2.61087755 62.06420000
2.61962529 61.98960000
2.62837301 61.91970000
2.63712075 61.85440000
2.64586847 61.79340000
2.65461621 61.73650000
2.66336393 61.68350000
2.67211167 61.63430000
2.68085940 61.58870000
2.68960714 61.54640000
2.69835486 61.50730000
2.70710260 61.47110000
2.71585032 61.43770000
2.72459806 61.40700000
2.73334578 61.37860000
2.74209352 61.35250000
2.75084125 61.32830000
2.75958899 61.30600000
2.76833671 61.28540000
2.77708445 61.26610000
2.78583217 61.24920000
2.79457991 61.23220000
2.80332763 61.21590000
2.81207537 61.20010000
2.82082310 61.18460000
2.82957084 61.16910000
2.83831856 61.15330000
2.84706630 61.13680000
2.85581402 61.11920000
2.86456176 61.10010000
2.87330948 61.07890000
2.88205722 61.05500000
2.89080495 61.02780000
2.89955269 60.99630000
2.90830041 60.95970000
2.91704815 60.91680000
2.92579587 60.86600000
2.93454361 60.81060000
2.94329133 60.74170000
2.95203907 60.66260000
2.96078680 60.57370000
2.96953454 60.47650000
2.97828226 60.37460000
2.98703000 60.27350000
2.99577772 60.18070000
3.00452546 60.10510000
3.01327318 60.05520000
3.02202092 60.03770000
3.02202092 60.03770000
3.02511372 60.03990000
3.02820651 60.04650000
3.03129930 60.05730000
3.03439209 60.07230000
3.03748487 60.09110000
3.04057767 60.11360000
3.04367045 60.13940000
3.04676324 60.16820000
3.04985604 60.19940000
3.05294883 60.23260000
3.05604162 60.26740000
3.05913441 60.30300000
3.06222719 60.33890000
3.06531999 60.37440000
3.06841277 60.40860000
3.07150557 60.44080000
3.07459836 60.47010000
3.07769115 60.49560000
3.08078394 60.51590000
3.08387673 60.53070000
3.08696951 60.53890000
3.09006231 60.53940000
3.09315509 60.52880000
3.09624789 60.51240000
3.09934068 60.48680000
3.10243347 60.45200000
3.10552626 60.40800000
3.10861905 60.35480000
3.11171183 60.29290000
3.11480463 60.22270000
3.11789741 60.14380000
3.12099021 60.05800000
3.12408300 59.96520000
3.12717579 59.86570000
3.13026858 59.75990000
3.13336137 59.64820000
3.13645415 59.53090000
3.13954695 59.40850000
3.14263974 59.28110000
3.14573253 59.14910000
3.14882532 59.01280000
3.15191811 58.87190000
3.15501090 58.72780000
3.15810369 58.58010000
3.16119647 58.42900000
3.16428927 58.27480000
3.16738206 58.11770000
3.17047485 57.95800000
3.17356764 57.83360000
3.17666043 57.78730000
3.17975322 57.73650000
3.18284601 57.68560000
3.18593879 57.63470000
3.18903159 57.58360000
3.19212438 57.53220000
3.19521717 57.48040000
3.19830996 57.42810000
3.20140275 57.37510000
3.20449554 57.32270000
3.20758833 57.26800000
3.21068111 57.21190000
3.21377391 57.15490000
3.21686670 57.09430000
3.21995949 57.03450000
3.22305228 56.97330000
3.22614507 56.91060000
3.22923786 56.84630000
3.23233065 56.78040000
3.23542343 56.71300000
3.23851623 56.64530000
3.24160902 56.57500000
3.24470181 56.50320000
3.24779460 56.43020000
3.25088739 56.35590000
3.25398018 56.28060000
3.25707297 56.20440000
3.26016576 56.12730000
3.26325855 56.04970000
3.26635134 55.97160000
3.26944413 55.89340000
3.27253692 55.81510000
3.27562971 55.73710000
3.27872250 55.65970000
3.28181529 55.58300000
3.28490808 55.50750000
3.28800087 55.43350000
3.29109366 55.36140000
3.29418645 55.29170000
3.29727924 55.22480000
3.30037203 55.16140000
3.30346482 55.10210000
3.30655761 55.04750000
3.30965040 54.99860000
3.31274320 54.95610000
3.31583598 54.92110000
3.31892877 54.89670000
3.32202156 54.87940000
3.32511435 54.87240000
3.32820714 54.87680000
3.32820714 54.87680000
3.32999277 54.87530000
3.33177839 54.87090000
3.33356401 54.86360000
3.33534964 54.85340000
3.33713526 54.84040000
3.33892088 54.82460000
3.34070650 54.80610000
3.34249213 54.78490000
3.34427776 54.76120000
3.34606337 54.73480000
3.34784900 54.70630000
3.34963463 54.67550000
3.35142024 54.64270000
3.35320587 54.60770000
3.35499148 54.57090000
3.35677711 54.53230000
3.35856274 54.49200000
3.36034836 54.45010000
3.36213398 54.40670000
3.36391961 54.36200000
3.36570523 54.31610000
3.36749086 54.26900000
3.36927647 54.22080000
3.37106210 54.17170000
3.37284773 54.17920000
3.37463334 54.21820000
3.37641897 54.25810000
3.37820460 54.29900000
3.37999021 54.34010000
3.38177584 54.38290000
3.38356146 54.42680000
3.38534708 54.47090000
3.38713271 54.51670000
3.38891833 54.56330000
3.39070395 54.61100000
3.39248958 54.65950000
3.39427520 54.70900000
3.39606083 54.75940000
3.39784644 54.81070000
3.39963207 54.86290000
3.40141770 54.91610000
3.40320331 54.97020000
3.40498894 55.02510000
3.40677457 55.08100000
3.40856018 55.13780000
3.41034581 55.19540000
3.41213143 55.25400000
3.41391705 55.31350000
3.41570268 55.37380000
3.41748830 55.43500000
3.41927393 55.49710000
3.42105955 55.56000000
3.42284517 55.62380000
3.42463080 55.68840000
3.42641641 55.75390000
3.42820204 55.82210000
3.42998767 55.88920000
3.43177328 55.95700000
3.43355891 56.02570000
3.43534454 56.09510000
3.43713015 56.16530000
3.43891578 56.23630000
3.44070140 56.30790000
3.44248702 56.38030000
3.44427265 56.45340000
3.44605827 56.52680000
3.44784390 56.60480000
3.44962952 56.67980000
3.45141514 56.75530000
3.45320077 56.83140000
3.45498638 56.90810000
3.45677201 56.98520000
3.45855764 57.06280000
3.46034325 57.14070000
3.46212888 57.21910000
3.46391451 57.29770000
3.46570012 57.37650000
3.46748575 57.45300000
3.46927137 57.53210000
3.47105700 57.61110000
3.47284262 57.68990000
3.47462824 57.76860000
3.47641387 57.84670000
3.47819950 57.92430000
3.47998511 58.00100000
3.48177074 58.07660000
3.48355635 58.15070000
3.48534198 58.22300000
3.48712761 58.29280000
3.48891322 58.35970000
3.49069885 58.42290000
3.49248448 58.48130000
3.49427010 58.53400000
3.49605572 58.57980000
3.49784134 58.61740000
3.49962697 58.63030000
3.50141259 58.64170000
3.50319821 58.65290000
3.50498384 58.66390000
3.50498384 58.66390000
3.50855508 58.62480000
3.51212634 58.56920000
3.51569758 58.49770000
3.51926882 58.41260000
3.52284007 58.31660000
3.52641132 58.21250000
3.52998257 58.10380000
3.53355381 57.99100000
3.53712505 57.87910000
3.54069631 57.76520000
3.54426755 57.65310000
3.54783879 57.54380000
3.55141004 57.43850000
3.55498129 57.33800000
3.55855254 57.24320000
3.56212378 57.15460000
3.56569502 57.07380000
3.56926628 57.00110000
3.57283752 56.93730000
3.57640876 56.88510000
3.57998001 56.84080000
3.58355126 56.80810000
3.58712251 56.78740000
3.59069375 56.77930000
3.59426499 56.78440000
3.59783625 56.80310000
3.60140749 56.83570000
3.60497873 56.88180000
3.60854998 56.94020000
3.61212123 57.01150000
3.61569248 57.09360000
3.61926372 57.18510000
3.62283496 57.28400000
3.62640622 57.36500000
3.62997746 57.33610000
3.63354871 57.31080000
3.63711995 57.28870000
3.64069121 57.27050000
3.64426245 57.25630000
3.64783369 57.24710000
3.65140493 57.24310000
3.65497619 57.24460000
3.65854743 57.25220000
3.66211868 57.26630000
3.66568992 57.28740000
3.66926118 57.31600000
3.67283242 57.35230000
3.67640366 57.39750000
3.67997490 57.45010000
3.68354616 57.51050000
3.68711740 57.57960000
3.69068865 57.65690000
3.69425989 57.74190000
3.69783115 57.83440000
3.70140239 57.93370000
3.70497363 58.03930000
3.70854488 58.15070000
3.71211613 58.26710000
3.71568737 58.38820000
3.71925862 58.51310000
3.72282986 58.64140000
3.72640112 58.77140000
3.72997236 58.90960000
3.73354360 59.04490000
3.73711485 59.18160000
3.74068610 59.31910000
3.74425735 59.45690000
3.74782859 59.59470000
3.75139983 59.73180000
3.75497109 59.86780000
3.75854233 60.00220000
3.76211357 60.13420000
3.76568482 60.26220000
3.76925607 60.38670000
3.77282732 60.42730000
3.77639856 60.45420000
3.77996980 60.47520000
3.78354106 60.48980000
3.78711230 60.49770000
3.79068354 60.49880000
3.79425479 60.49320000
3.79782604 60.48130000
3.80139729 60.46330000
3.80496853 60.44090000
3.80853977 60.41310000
3.81211103 60.38150000
3.81568227 60.34720000
3.81925351 60.31210000
3.82282476 60.27500000
3.82639601 60.23780000
3.82996726 60.20160000
3.83353850 60.16730000
3.83710974 60.13560000
3.84068100 60.10730000
3.84425224 60.08310000
3.84782349 60.06360000
3.85139473 60.04940000
3.85496599 60.04070000
3.85853723 60.03770000
3.85853723 60.03770000
3.86163002 60.03990000
3.86472281 60.04650000
3.86781560 60.05730000
3.87090839 60.07230000
3.87400118 60.09110000
3.87709397 60.11360000
3.88018676 60.13940000
3.88327955 60.16820000
3.88637234 60.19940000
3.88946513 60.23260000
3.89255792 60.26740000
3.89565071 60.30300000
3.89874350 60.33890000
3.90183629 60.37440000
3.90492908 60.40860000
3.90802187 60.44080000
3.91111466 60.47010000
3.91420745 60.49560000
3.91730024 60.51590000
3.92039303 60.53070000
3.92348582 60.53890000
3.92657862 60.53940000
3.92967140 60.52880000
3.93276419 60.51240000
3.93585698 60.48680000
3.93894977 60.45200000
3.94204256 60.40800000
3.94513535 60.35480000
3.94822814 60.29290000
3.95132094 60.22270000
3.95441372 60.14380000
3.95750651 60.05800000
3.96059930 59.96520000
3.96369209 59.86570000
3.96678488 59.75990000
3.96987767 59.64820000
3.97297046 59.53090000
3.97606326 59.40850000
3.97915604 59.28110000
3.98224883 59.14910000
3.98534162 59.01290000
3.98843441 58.87190000
3.99152720 58.72780000
3.99461999 58.58010000
3.99771278 58.42900000
4.00080558 58.27480000
4.00389836 58.11770000
4.00699115 57.95800000
4.01008394 57.83360000
4.01317673 57.78730000
4.01626952 57.73650000
4.01936231 57.68560000
4.02245510 57.63470000
4.02554790 57.58360000
4.02864068 57.53220000
4.03173347 57.48040000
4.03482626 57.42810000
4.03791905 57.37510000
4.04101184 57.32270000
4.04410464 57.26800000
4.04719742 57.21190000
4.05029022 57.15490000
4.05338300 57.09430000
4.05647579 57.03450000
4.05956858 56.97330000
4.06266137 56.91060000
4.06575416 56.84630000
4.06884696 56.78040000
4.07193974 56.71300000
4.07503254 56.64530000
4.07812532 56.57500000
4.08121811 56.50320000
4.08431090 56.43020000
4.08740369 56.35590000
4.09049648 56.28060000
4.09358928 56.20440000
4.09668206 56.12730000
4.09977486 56.04970000
4.10286764 55.97160000
4.10596043 55.89340000
4.10905322 55.81510000
4.11214601 55.73710000
4.11523881 55.65970000
4.11833160 55.58300000
4.12142438 55.50750000
4.12451718 55.43350000
4.12760996 55.36140000
4.13070275 55.29170000
4.13379554 55.22480000
4.13688833 55.16140000
4.13998113 55.10210000
4.14307392 55.04750000
4.14616670 54.99860000
4.14925950 54.95610000
4.15235228 54.92110000
4.15544507 54.89670000
4.15853786 54.87940000
4.16163065 54.87240000
4.16472345 54.87680000

0.00000000 70.83080000
0.00714250 70.82130000
0.01428499 70.79330000
0.02142749 70.74770000
0.02856997 70.68540000
0.03571247 70.60860000
0.04285496 70.51840000
0.04999746 70.41730000
0.05713994 70.30710000
0.06428244 70.18970000
0.07142493 70.06660000
0.07856743 69.93980000
0.08570991 69.80960000
0.09285241 69.67890000
0.09999490 69.54800000
0.10713740 69.41800000
0.11427988 69.28970000
0.12142238 69.16370000
0.12856487 69.04050000
0.13570737 68.92020000
0.14284985 68.79830000
0.14999235 68.68680000
0.15713484 68.57990000
0.16427734 68.47780000
0.17141982 68.38080000
0.17856232 68.28890000
0.18570481 68.20240000
0.19284731 68.12130000
0.19998979 68.04560000
0.20713229 67.97540000
0.21427478 67.91070000
0.22141728 67.85140000
0.22855977 67.79750000
0.23570227 67.74890000
0.24284475 67.70560000
0.24998725 67.66750000
0.25712974 67.63440000
0.26427224 67.60630000
0.27141472 67.58300000
0.27855722 67.56430000
0.28569971 67.55010000
0.29284221 67.54020000
0.29998469 67.54200000
0.30712719 67.54010000
0.31426968 67.54180000
0.32141218 67.54670000
0.32855466 67.55460000
0.33569716 67.56480000
0.34283965 67.57690000
0.34998215 67.59010000
0.35712463 67.60360000
0.36426713 67.61620000
0.37140962 67.62610000
0.37855212 67.63120000
0.38569460 67.62830000
0.39283710 67.61280000
0.39997959 67.57880000
0.40712209 67.51810000
0.41426457 67.42140000
0.42140707 67.28020000
0.42854956 67.09020000
0.43569206 66.85290000
0.44283455 66.57490000
0.44997705 66.26460000
0.45711953 65.91460000
0.46426203 65.56140000
0.47140452 65.19440000
0.47854702 64.82340000
0.48568950 64.43790000
0.49283200 64.04490000
0.49997449 63.64800000
0.50711699 63.24720000
0.51425947 62.84330000
0.52140197 62.43680000
0.52854446 62.02840000
0.53568696 61.61850000
0.54282944 61.20740000
0.54997194 60.79550000
0.55711443 60.38310000
0.56425693 59.97050000
0.57139941 59.55790000
0.57854191 59.14560000
0.58568440 58.73370000
0.59282690 58.32250000
0.59996938 57.91220000
0.60711188 57.50300000
0.61425437 57.09500000
0.62139687 56.68870000
0.62853935 56.28430000
0.63568185 55.88190000
0.64282434 55.48200000
0.64996684 55.08260000
0.65710933 54.68940000
0.66425183 54.30080000
0.67139431 53.91870000
0.67853681 53.54590000
0.68567930 53.18870000
0.69282180 52.86140000
0.69996428 52.60120000
0.70710678 52.49150000
0.70710678 52.49150000
0.71067802 52.49630000
0.71424928 52.51050000
0.71782052 52.53400000
0.72139177 52.56710000
0.72496301 52.60920000
0.72853427 52.65990000
0.73210551 52.71820000
0.73567675 52.78330000
0.73924799 52.85420000
0.74281925 52.92980000
0.74639049 53.00910000
0.74996174 53.09130000
0.75353298 53.17550000
0.75710424 53.26120000
0.76067548 53.34750000
0.76424672 53.43290000
0.76781797 53.51900000
0.77138922 53.60450000
0.77496047 53.68880000
0.77853171 53.77170000
0.78210295 53.85350000
0.78567421 53.93280000
0.78924545 54.01010000
0.79281669 54.08510000
0.79638794 54.15780000
0.79995919 54.22800000
0.80353044 54.29590000
0.80710168 54.36130000
0.81067292 54.42450000
0.81424418 54.48540000
0.81781542 54.54420000
0.82138666 54.60110000
0.82495791 54.65620000
0.82852916 54.70960000
0.83210041 54.76170000
0.83567165 54.81240000
0.83924289 54.86220000
0.84281415 54.91100000
0.84638539 54.95900000
0.84995663 55.00660000
0.85352788 55.05430000
0.85709913 55.10120000
0.86067038 55.14800000
0.86424162 55.19470000
0.86781286 55.24160000
0.87138412 55.28880000
0.87495536 55.33620000
0.87852661 55.38420000
0.88209785 55.43260000
0.88566910 55.48170000
0.88924035 55.53140000
0.89281159 55.58190000
0.89638283 55.63320000
0.89995409 55.68420000
0.90352533 55.73730000
0.90709658 55.79140000
0.91066782 55.84640000
0.91423908 55.90250000
0.91781032 55.95960000
0.92138156 56.01790000
0.92495280 56.07720000
0.92852406 56.13780000
0.93209530 56.19940000
0.93566655 56.26230000
0.93923779 56.32630000
0.94280905 56.39150000
0.94638029 56.45790000
0.94995153 56.52550000
0.95352277 56.59430000
0.95709403 56.66420000
0.96066527 56.73530000
0.96423652 56.80750000
0.96780776 56.88080000
0.97137902 56.95860000
0.97495026 57.03410000
0.97852150 57.11050000
0.98209275 57.18790000
0.98566400 57.26710000
0.98923525 57.34620000
0.99280649 57.42610000
0.99637773 57.50660000
0.99994899 57.58760000
1.00352023 57.66420000
1.00709147 57.74590000
1.01066272 57.82760000
1.01423397 57.90910000
1.01780522 57.99020000
1.02137646 58.07050000
1.02494770 58.14950000
1.02851896 58.22680000
1.03209020 58.30160000
1.03566144 58.37320000
1.03923269 58.44040000
1.04280394 58.50190000
1.04637519 58.55610000
1.04994643 58.60120000
1.05351767 58.63540000
1.05708893 58.65670000
1.06066017 58.66400000
1.06066017 58.66400000
1.06244580 58.66920000
1.06423141 58.66290000
1.06601704 58.64540000
1.06780267 58.61870000
1.06958829 58.60690000
1.07137391 58.59500000
1.07315953 58.58290000
1.07494516 58.57070000
1.07673079 58.55830000
1.07851640 58.54580000
1.08030203 58.53320000
1.08208766 58.52050000
1.08387327 58.50770000
1.08565890 58.49490000
1.08744451 58.48190000
1.08923014 58.46900000
1.09101577 58.45600000
1.09280139 58.44290000
1.09458701 58.42980000
1.09637264 58.41680000
1.09815826 58.40370000
1.09994388 58.39340000
1.10172950 58.38030000
1.10351513 58.36730000
1.10530076 58.35430000
1.10708637 58.34130000
1.10887200 58.32840000
1.11065763 58.31550000
1.11244324 58.30270000
1.11422887 58.29000000
1.11601448 58.27740000
1.11780011 58.26490000
1.11958574 58.25210000
1.12137136 58.24230000
1.12315698 58.23000000
1.12494261 58.21780000
1.12672823 58.20580000
1.12851386 58.19390000
1.13029947 58.18210000
1.13208510 58.17040000
1.13387073 58.15890000
1.13565634 58.14750000
1.13744197 58.13630000
1.13922760 58.12420000
1.14101321 58.11330000
1.14279884 58.10260000
1.14458446 58.09210000
1.14637008 58.08170000
1.14815571 58.07150000
1.14994133 58.06140000
1.15172696 58.05160000
1.15351258 58.04190000
1.15529820 58.03250000
1.15708383 58.02320000
1.15886944 58.01410000
1.16065507 58.00530000
1.16244070 57.99660000
1.16422631 57.98820000
1.16601194 57.97990000
1.16779757 57.97190000
1.16958318 57.96410000
1.17136881 57.95650000
1.17315443 57.94910000
1.17494005 57.94200000
1.17672568 57.93510000
1.17851130 57.92840000
1.18029693 57.92200000
1.18208255 57.91610000
1.18386817 57.91010000
1.18565380 57.90440000
1.18743941 57.90300000
1.18922504 57.89760000
1.19101067 57.89250000
1.19279628 57.88760000
1.19458191 57.88290000
1.19636754 57.87850000
1.19815315 57.87430000
1.19993878 57.87040000
1.20172440 57.86670000
1.20351003 57.86330000
1.20529565 57.86000000
1.20708127 57.85700000
1.20886690 57.85430000
1.21065252 57.85170000
1.21243814 57.84940000
1.21422377 57.84730000
1.21600938 57.84540000
1.21779501 57.84370000
1.21958064 57.84220000
1.22136625 57.84090000
1.22315188 57.83970000
1.22493751 57.83870000
1.22672312 57.83790000
1.22850875 57.83720000
1.23029437 57.83660000
1.23208000 57.83620000
1.23386562 57.83590000
1.23565124 57.83570000
1.23743687 57.83560000
1.23743687 57.83560000
1.24671524 58.14200000
1.25599361 58.45520000
1.26527198 58.77510000
1.27455035 59.10150000
1.28382872 59.43440000
1.29310709 59.77360000
1.30238546 60.11890000
1.31166383 60.47020000
1.32094220 60.82750000
1.33022057 61.19040000
1.33949894 61.30890000
1.34877731 61.31020000
1.35805568 61.30610000
1.36733405 61.29940000
1.37661242 61.29250000
1.38589079 61.28760000
1.39516916 61.28690000
1.40444754 61.29290000
1.41372590 61.30670000
1.42300427 61.26660000
1.43228264 61.14600000
1.44156101 60.99930000
1.45083938 60.82580000
1.46011775 60.62550000
1.46939612 60.39890000
1.47867450 60.14720000
1.48795286 59.87200000
1.49723124 59.57510000
1.50650960 59.26220000
1.51578797 58.92310000
1.52506634 58.96570000
1.53434471 59.07080000
1.54362308 59.16550000
1.55290146 59.25170000
1.56217983 59.33120000
1.57145820 59.40560000
1.58073657 59.47620000
1.59001493 59.54420000
1.59929331 59.61080000
1.60857167 59.67660000
1.61785005 59.74280000
1.62712842 59.81000000
1.63640679 59.87860000
1.64568516 59.94920000
1.65496353 60.02220000
1.66424190 60.09670000
1.67352027 60.17560000
1.68279863 60.25610000
1.69207701 60.34250000
1.70135538 60.43320000
1.71063375 60.52840000
1.71991212 60.62860000
1.72919049 60.73390000
1.73846886 60.84500000
1.74774723 61.06740000
1.75702560 61.29490000
1.76630397 61.52500000
1.77558234 61.75770000
1.78486071 61.99290000
1.79413908 62.23040000
1.80341745 62.47120000
1.81269582 62.71330000
1.82197419 62.95750000
1.83125256 63.20380000
1.84053093 63.45210000
1.84980930 63.70220000
1.85908768 63.95410000
1.86836605 64.20770000
1.87764441 64.46290000
1.88692279 64.71960000
1.89620115 64.97760000
1.90547953 65.23680000
1.91475789 65.49700000
1.92403626 65.75810000
1.93331464 66.01980000
1.94259301 66.28200000
1.95187138 66.54430000
1.96114975 66.80660000
1.97042811 67.06840000
1.97970649 67.32940000
1.98898485 67.58940000
1.99826323 67.84750000
2.00754160 68.10320000
2.01681997 68.35600000
2.02609834 68.60500000
2.03537671 68.84920000
2.04465507 69.08770000
2.05393345 69.31920000
2.06321181 69.54220000
2.07249019 69.75540000
2.08176856 69.98710000
2.09104693 70.20470000
2.10032530 70.38710000
2.10960367 70.53400000
2.11888204 70.64750000
2.12816041 70.73080000
2.13743877 70.78730000
2.14671715 70.82000000
2.15599552 70.83070000
2.15599552 70.83080000
2.16474326 70.82140000
2.17349098 70.79340000
2.18223872 70.74630000
2.19098645 70.67990000
2.19973419 70.59370000
2.20848191 70.48740000
2.21722965 70.36130000
2.22597737 70.21570000
2.23472511 70.05150000
2.24347283 69.87020000
2.25222057 69.67330000
2.26096830 69.46310000
2.26971604 69.24160000
2.27846376 69.01080000
2.28721150 68.77260000
2.29595922 68.52890000
2.30470696 68.28140000
2.31345468 68.03140000
2.32220242 67.78030000
2.33095015 67.52920000
2.33969789 67.27900000
2.34844561 67.03050000
2.35719335 66.78570000
2.36594107 66.54120000
2.37468881 66.30220000
2.38343653 66.06730000
2.39218427 65.83710000
2.40093200 65.61190000
2.40967974 65.39200000
2.41842746 65.17770000
2.42717520 64.96930000
2.43592292 64.76680000
2.44467066 64.57060000
2.45341838 64.38070000
2.46216612 64.19720000
2.47091385 64.02020000
2.47966159 63.84980000
2.48840931 63.68590000
2.49715705 63.52870000
2.50590477 63.37810000
2.51465251 63.23400000
2.52340023 63.09630000
2.53214797 62.97630000
2.54089570 62.85160000
2.54964344 62.73310000
2.55839116 62.62060000
2.56713890 62.51400000
2.57588662 62.41320000
2.58463436 62.31800000
2.59338208 62.22820000
2.60212982 62.14360000
2.61087755 62.06420000
2.61962529 61.98960000
2.62837301 61.91970000
2.63712075 61.85440000
2.64586847 61.79340000
2.65461621 61.73650000
2.66336393 61.68350000
2.67211167 61.63430000
2.68085940 61.58870000
2.68960714 61.54640000
2.69835486 61.50730000
2.70710260 61.47110000
2.71585032 61.43780000
2.72459806 61.40700000
2.73334578 61.37860000
2.74209352 61.35250000
2.75084125 61.32830000
2.75958899 61.30600000
2.76833671 61.28540000
2.77708445 61.26610000
2.78583217 61.24920000
2.79457991 61.23220000
2.80332763 61.21590000
2.81207537 61.20010000
2.82082310 61.18470000
2.82957084 61.16910000
2.83831856 61.15330000
2.84706630 61.13680000
2.85581402 61.11920000
2.86456176 61.10010000
2.87330948 61.07890000
2.88205722 61.05510000
2.89080495 61.02780000
2.89955269 60.99630000
2.90830041 60.95970000
2.91704815 60.91680000
2.92579587 60.86600000
2.93454361 60.81060000
2.94329133 60.74170000
2.95203907 60.66260000
2.96078680 60.57370000
2.96953454 60.47650000
2.97828226 60.37460000
2.98703000 60.27350000
2.99577772 60.18070000
3.00452546 60.10510000
3.01327318 60.05520000
3.02202092 60.03770000
3.02202092 60.03770000
3.02511372 60.04110000
3.02820651 60.05100000
3.03129930 60.06730000
3.03439209 60.08990000
3.03748487 60.11830000
3.04057767 60.15230000
3.04367045 60.19130000
3.04676324 60.23490000
3.04985604 60.28250000
3.05294883 60.33370000
3.05604162 60.38770000
3.05913441 60.44290000
3.06222719 60.50080000
3.06531999 60.55970000
3.06841277 60.61870000
3.07150557 60.67650000
3.07459836 60.73270000
3.07769115 60.78550000
3.08078394 60.83290000
3.08387673 60.87280000
3.08696951 60.90220000
3.09006231 60.91830000
3.09315509 60.91770000
3.09624789 60.90190000
3.09934068 60.87090000
3.10243347 60.82750000
3.10552626 60.77530000
3.10861905 60.71550000
3.11171183 60.65120000
3.11480463 60.58400000
3.11789741 60.51530000
3.12099021 60.44590000
3.12408300 60.37660000
3.12717579 60.30790000
3.13026858 60.24020000
3.13336137 60.17370000
3.13645415 60.10670000
3.13954695 60.04330000
3.14263974 59.98170000
3.14573253 59.92180000
3.14882532 59.86380000
3.15191811 59.80440000
3.15501090 59.75050000
3.15810369 59.69800000
3.16119647 59.64730000
3.16428927 59.59840000
3.16738206 59.55130000
3.17047485 59.50610000
3.17356764 59.46270000
3.17666043 59.42260000
3.17975322 59.38310000
3.18284601 59.34550000
3.18593879 59.31000000
3.18903159 59.27680000
3.19212438 59.24580000
3.19521717 59.21710000
3.19830996 59.19100000
3.20140275 59.16750000
3.20449554 59.14670000
3.20758833 59.12870000
3.21068111 59.11360000
3.21377391 59.10150000
3.21686670 59.09230000
3.21995949 59.08650000
3.22305228 59.08380000
3.22614507 59.08440000
3.22923786 59.08810000
3.23233065 59.09510000
3.23542343 59.10520000
3.23851623 59.11870000
3.24160902 59.13500000
3.24470181 59.15440000
3.24779460 59.17680000
3.25088739 59.20220000
3.25398018 59.23030000
3.25707297 59.26130000
3.26016576 59.29490000
3.26325855 59.33110000
3.26635134 59.36980000
3.26944413 59.41090000
3.27253692 59.45430000
3.27562971 59.50000000
3.27872250 59.54780000
3.28181529 59.59760000
3.28490808 59.64930000
3.28800087 59.70280000
3.29109366 59.75800000
3.29418645 59.59490000
3.29727924 59.39690000
3.30037203 59.20390000
3.30346482 59.01670000
3.30655761 58.83610000
3.30965040 58.66290000
3.31274320 58.49820000
3.31583598 58.34290000
3.31892877 58.19800000
3.32202156 58.06460000
3.32511435 57.94350000
3.32820714 57.83560000
3.32820714 57.83560000
3.32999277 57.83570000
3.33177839 57.83590000
3.33356401 57.83620000
3.33534964 57.83660000
3.33713526 57.83720000
3.33892088 57.83790000
3.34070650 57.83870000
3.34249213 57.83970000
3.34427776 57.84090000
3.34606337 57.84220000
3.34784900 57.84370000
3.34963463 57.84540000
3.35142024 57.84730000
3.35320587 57.84940000
3.35499148 57.85170000
3.35677711 57.85430000
3.35856274 57.85700000
3.36034836 57.86000000
3.36213398 57.86330000
3.36391961 57.86670000
3.36570523 57.87040000
3.36749086 57.87430000
3.36927647 57.87850000
3.37106210 57.88290000
3.37284773 57.88760000
3.37463334 57.89250000
3.37641897 57.89760000
3.37820460 57.90300000
3.37999021 57.90440000
3.38177584 57.91010000
3.38356146 57.91610000
3.38534708 57.92200000
3.38713271 57.92840000
3.38891833 57.93510000
3.39070395 57.94200000
3.39248958 57.94910000
3.39427520 57.95650000
3.39606083 57.96410000
3.39784644 57.97190000
3.39963207 57.97990000
3.40141770 57.98820000
3.40320331 57.99660000
3.40498894 58.00530000
3.40677457 58.01410000
3.40856018 58.02320000
3.41034581 58.03250000
3.41213143 58.04190000
3.41391705 58.05160000
3.41570268 58.06140000
3.41748830 58.07150000
3.41927393 58.08170000
3.42105955 58.09210000
3.42284517 58.10260000
3.42463080 58.11330000
3.42641641 58.12420000
3.42820204 58.13630000
3.42998767 58.14750000
3.43177328 58.15890000
3.43355891 58.17040000
3.43534454 58.18210000
3.43713015 58.19390000
3.43891578 58.20580000
3.44070140 58.21780000
3.44248702 58.23000000
3.44427265 58.24230000
3.44605827 58.25210000
3.44784390 58.26490000
3.44962952 58.27740000
3.45141514 58.29000000
3.45320077 58.30270000
3.45498638 58.31550000
3.45677201 58.32840000
3.45855764 58.34130000
3.46034325 58.35430000
3.46212888 58.36730000
3.46391451 58.38030000
3.46570012 58.39340000
3.46748575 58.40370000
3.46927137 58.41680000
3.47105700 58.42980000
3.47284262 58.44290000
3.47462824 58.45600000
3.47641387 58.46900000
3.47819950 58.48190000
3.47998511 58.49480000
3.48177074 58.50770000
3.48355635 58.52050000
3.48534198 58.53320000
3.48712761 58.54580000
3.48891322 58.55830000
3.49069885 58.57070000
3.49248448 58.58290000
3.49427010 58.59500000
3.49605572 58.60690000
3.49784134 58.61870000
3.49962697 58.64540000
3.50141259 58.66290000
3.50319821 58.66920000
3.50498384 58.66400000
3.50498384 58.66400000
3.50855508 58.68680000
3.51212634 58.69490000
3.51569758 58.69060000
3.51926882 58.67600000
3.52284007 58.65330000
3.52641132 58.62430000
3.52998257 58.59080000
3.53355381 58.55270000
3.53712505 58.51340000
3.54069631 58.46980000
3.54426755 58.42420000
3.54783879 58.37710000
3.55141004 58.32890000
3.55498129 58.27970000
3.55855254 58.22990000
3.56212378 58.17840000
3.56569502 58.12780000
3.56926628 58.07720000
3.57283752 58.02650000
3.57640876 57.97650000
3.57998001 57.92430000
3.58355126 57.87470000
3.58712251 57.82560000
3.59069375 57.77730000
3.59426499 57.72980000
3.59783625 57.68340000
3.60140749 57.63810000
3.60497873 57.59420000
3.60854998 57.54730000
3.61212123 57.50650000
3.61569248 57.46770000
3.61926372 57.43100000
3.62283496 57.39670000
3.62640622 57.38880000
3.62997746 57.49770000
3.63354871 57.60920000
3.63711995 57.72180000
3.64069121 57.83440000
3.64426245 57.94480000
3.64783369 58.05460000
3.65140493 58.16200000
3.65497619 58.26660000
3.65854743 58.36810000
3.66211868 58.46630000
3.66568992 58.56110000
3.66926118 58.65240000
3.67283242 58.74040000
3.67640366 58.82580000
3.67997490 58.90740000
3.68354616 58.99040000
3.68711740 59.06620000
3.69068865 59.13950000
3.69425989 59.21050000
3.69783115 59.27940000
3.70140239 59.34640000
3.70497363 59.41180000
3.70854488 59.47580000
3.71211613 59.53840000
3.71568737 59.60010000
3.71925862 59.66080000
3.72282986 59.72070000
3.72640112 59.77930000
3.72997236 59.84170000
3.73354360 59.89960000
3.73711485 59.95670000
3.74068610 60.01290000
3.74425735 60.06820000
3.74782859 60.12210000
3.75139983 60.17450000
3.75497109 60.22480000
3.75854233 60.27270000
3.76211357 60.31750000
3.76568482 60.35790000
3.76925607 60.39500000
3.77282732 60.50540000
3.77639856 60.61610000
3.77996980 60.71600000
3.78354106 60.80020000
3.78711230 60.86300000
3.79068354 60.89870000
3.79425479 60.90420000
3.79782604 60.88200000
3.80139729 60.83830000
3.80496853 60.78130000
3.80853977 60.71470000
3.81211103 60.64360000
3.81568227 60.57100000
3.81925351 60.50000000
3.82282476 60.42970000
3.82639601 60.36260000
3.82996726 60.29970000
3.83353850 60.24200000
3.83710974 60.19020000
3.84068100 60.14510000
3.84425224 60.10720000
3.84782349 60.07720000
3.85139473 60.05540000
3.85496599 60.04220000
3.85853723 60.03770000
3.85853723 60.03770000
3.86163002 60.04110000
3.86472281 60.05100000
3.86781560 60.06730000
3.87090839 60.08990000
3.87400118 60.11830000
3.87709397 60.15230000
3.88018676 60.19130000
3.88327955 60.23490000
3.88637234 60.28250000
3.88946513 60.33370000
3.89255792 60.38770000
3.89565071 60.44290000
3.89874350 60.50080000
3.90183629 60.55970000
3.90492908 60.61870000
3.90802187 60.67650000
3.91111466 60.73270000
3.91420745 60.78550000
3.91730024 60.83290000
3.92039303 60.87280000
3.92348582 60.90220000
3.92657862 60.91830000
3.92967140 60.91770000
3.93276419 60.90190000
3.93585698 60.87100000
3.93894977 60.82750000
3.94204256 60.77530000
3.94513535 60.71550000
3.94822814 60.65120000
3.95132094 60.58400000
3.95441372 60.51530000
3.95750651 60.44590000
3.96059930 60.37660000
3.96369209 60.30790000
3.96678488 60.24020000
3.96987767 60.17370000
3.97297046 60.10670000
3.97606326 60.04340000
3.97915604 59.98170000
3.98224883 59.92180000
3.98534162 59.86380000
3.98843441 59.80440000
3.99152720 59.75050000
3.99461999 59.69800000
3.99771278 59.64730000
4.00080558 59.59840000
4.00389836 59.55130000
4.00699115 59.50610000
4.01008394 59.46270000
4.01317673 59.42260000
4.01626952 59.38310000
4.01936231 59.34550000
4.02245510 59.31000000
4.02554790 59.27680000
4.02864068 59.24580000
4.03173347 59.21710000
4.03482626 59.19100000
4.03791905 59.16750000
4.04101184 59.14670000
4.04410464 59.12870000
4.04719742 59.11360000
4.05029022 59.10150000
4.05338300 59.09230000
4.05647579 59.08650000
4.05956858 59.08380000
4.06266137 59.08440000
4.06575416 59.08810000
4.06884696 59.09510000
4.07193974 59.10520000
4.07503254 59.11870000
4.07812532 59.13500000
4.08121811 59.15440000
4.08431090 59.17680000
4.08740369 59.20220000
4.09049648 59.23030000
4.09358928 59.26130000
4.09668206 59.29490000
4.09977486 59.33110000
4.10286764 59.36980000
4.10596043 59.41090000
4.10905322 59.45430000
4.11214601 59.50000000
4.11523881 59.54780000
4.11833160 59.59760000
4.12142438 59.64930000
4.12451718 59.70280000
4.12760996 59.75800000
4.13070275 59.59490000
4.13379554 59.39690000
4.13688833 59.20390000
4.13998113 59.01670000
4.14307392 58.83610000
4.14616670 58.66290000
4.14925950 58.49820000
4.15235228 58.34290000
4.15544507 58.19800000
4.15853786 58.06460000
4.16163065 57.94350000
4.16472345 57.83560000

0.00000000 70.83080000
0.00714250 70.83190000
0.01428499 70.83540000
0.02142749 70.84130000
0.02856997 70.84930000
0.03571247 70.85980000
0.04285496 70.87260000
0.04999746 70.88760000
0.05713994 70.90500000
0.06428244 70.92470000
0.07142493 70.94660000
0.07856743 70.97080000
0.08570991 70.73890000
0.09285241 70.30160000
0.09999490 69.86510000
0.10713740 69.43010000
0.11427988 69.28980000
0.12142238 69.16370000
0.12856487 69.04060000
0.13570737 68.92030000
0.14284985 68.79830000
0.14999235 68.68680000
0.15713484 68.57990000
0.16427734 68.47790000
0.17141982 68.38080000
0.17856232 68.28900000
0.18570481 68.20250000
0.19284731 68.12140000
0.19998979 68.04570000
0.20713229 67.97550000
0.21427478 67.91070000
0.22141728 67.85140000
0.22855977 67.79750000
0.23570227 67.74900000
0.24284475 67.70570000
0.24998725 67.66760000
0.25712974 67.63450000
0.26427224 67.60640000
0.27141472 67.58300000
0.27855722 67.56440000
0.28569971 67.55020000
0.29284221 67.54030000
0.29998469 67.54210000
0.30712719 67.54020000
0.31426968 67.54190000
0.32141218 67.54690000
0.32855466 67.55470000
0.33569716 67.56490000
0.34283965 67.57700000
0.34998215 67.59030000
0.35712463 67.60380000
0.36426713 67.61630000
0.37140962 67.62620000
0.37855212 67.63130000
0.38569460 67.62840000
0.39283710 67.61300000
0.39997959 67.57890000
0.40712209 67.51830000
0.41426457 67.42150000
0.42140707 67.28030000
0.42854956 67.09030000
0.43569206 66.85300000
0.44283455 66.57500000
0.44997705 66.26470000
0.45711953 65.91470000
0.46426203 65.56140000
0.47140452 65.19450000
0.47854702 64.82350000
0.48568950 64.43800000
0.49283200 64.04490000
0.49997449 63.64810000
0.50711699 63.24730000
0.51425947 62.84340000
0.52140197 62.43690000
0.52854446 62.02850000
0.53568696 61.61850000
0.54282944 61.20740000
0.54997194 60.79550000
0.55711443 60.38320000
0.56425693 60.16560000
0.57139941 59.98750000
0.57854191 59.62450000
0.58568440 59.21330000
0.59282690 58.80850000
0.59996938 58.41120000
0.60711188 58.02250000
0.61425437 57.64390000
0.62139687 57.27850000
0.62853935 56.92910000
0.63568185 56.60040000
0.64282434 56.29860000
0.64996684 56.03210000
0.65710933 55.81110000
0.66425183 55.64610000
0.67139431 55.54500000
0.67853681 55.50960000
0.68567930 55.53450000
0.69282180 55.61010000
0.69996428 55.72560000
0.70710678 55.87130000
0.70710678 55.87130000
0.71067802 55.87230000
0.71424928 55.87520000
0.71782052 55.88010000
0.72139177 55.88710000
0.72496301 55.89610000
0.72853427 55.90730000
0.73210551 55.92070000
0.73567675 55.93640000
0.73924799 55.95450000
0.74281925 55.97500000
0.74639049 55.99820000
0.74996174 56.02420000
0.75353298 56.05310000
0.75710424 56.08510000
0.76067548 56.12030000
0.76424672 56.15890000
0.76781797 56.20110000
0.77138922 56.24710000
0.77496047 56.29690000
0.77853171 56.35090000
0.78210295 56.40980000
0.78567421 56.47240000
0.78924545 56.53940000
0.79281669 56.61100000
0.79638794 56.68710000
0.79995919 56.76770000
0.80353044 56.85280000
0.80710168 56.94230000
0.81067292 57.03620000
0.81424418 57.13420000
0.81781542 57.23630000
0.82138666 57.34210000
0.82495791 57.45160000
0.82852916 57.56460000
0.83210041 57.68070000
0.83567165 57.79980000
0.83924289 57.92160000
0.84281415 58.04600000
0.84638539 58.17270000
0.84995663 58.30140000
0.85352788 58.43300000
0.85709913 58.56530000
0.86067038 58.69880000
0.86424162 58.83360000
0.86781286 58.96920000
0.87138412 59.10550000
0.87495536 59.24220000
0.87852661 59.37900000
0.88209785 59.51570000
0.88566910 59.65200000
0.88924035 59.78750000
0.89281159 59.92190000
0.89638283 60.05480000
0.89995409 60.18580000
0.90352533 60.31450000
0.90709658 60.44040000
0.91066782 60.56300000
0.91423908 60.68170000
0.91781032 60.79590000
0.92138156 60.90500000
0.92495280 61.00830000
0.92852406 61.10510000
0.93209530 61.19460000
0.93566655 61.27620000
0.93923779 61.34910000
0.94280905 61.41280000
0.94638029 61.46670000
0.94995153 61.51050000
0.95352277 61.54370000
0.95709403 61.56630000
0.96066527 61.57840000
0.96423652 61.58010000
0.96780776 61.57170000
0.97137902 61.55620000
0.97495026 61.52930000
0.97852150 61.49420000
0.98209275 61.45150000
0.98566400 61.40250000
0.98923525 61.34670000
0.99280649 61.28550000
0.99637773 61.21960000
0.99994899 61.14960000
1.00352023 61.07550000
1.00709147 60.99940000
1.01066272 60.92120000
1.01423397 60.84150000
1.01780522 60.76080000
1.02137646 60.68000000
1.02494770 60.59960000
1.02851896 60.52050000
1.03209020 60.44350000
1.03566144 60.36970000
1.03923269 60.30020000
1.04280394 60.23660000
1.04637519 60.18050000
1.04994643 60.13380000
1.05351767 60.09850000
1.05708893 60.07650000
1.06066017 60.06900000
1.06066017 60.06900000
1.06244580 60.04860000
1.06423141 60.03880000
1.06601704 60.03950000
1.06780267 60.04980000
1.06958829 60.06870000
1.07137391 60.09500000
1.07315953 60.12720000
1.07494516 60.16420000
1.07673079 60.20500000
1.07851640 60.24840000
1.08030203 60.29390000
1.08208766 60.34070000
1.08387327 60.38840000
1.08565890 60.43640000
1.08744451 60.48450000
1.08923014 60.53230000
1.09101577 60.57970000
1.09280139 60.62630000
1.09458701 60.67210000
1.09637264 60.71690000
1.09815826 60.76060000
1.09994388 60.80740000
1.10172950 60.84860000
1.10351513 60.88830000
1.10530076 60.92660000
1.10708637 60.96340000
1.10887200 60.99860000
1.11065763 61.03220000
1.11244324 61.06410000
1.11422887 61.09440000
1.11601448 61.12300000
1.11780011 61.15000000
1.11958574 61.17000000
1.12137136 61.19380000
1.12315698 61.21560000
1.12494261 61.23580000
1.12672823 61.25420000
1.12851386 61.27090000
1.13029947 61.28600000
1.13208510 61.29950000
1.13387073 61.31130000
1.13565634 61.32150000
1.13744197 61.33020000
1.13922760 61.33470000
1.14101321 61.34040000
1.14279884 61.34470000
1.14458446 61.34750000
1.14637008 61.34890000
1.14815571 61.34910000
1.14994133 61.34790000
1.15172696 61.34560000
1.15351258 61.34210000
1.15529820 61.33750000
1.15708383 61.33180000
1.15886944 61.32510000
1.16065507 61.31750000
1.16244070 61.30900000
1.16422631 61.29970000
1.16601194 61.28960000
1.16779757 61.27880000
1.16958318 61.26740000
1.17136881 61.25540000
1.17315443 61.24290000
1.17494005 61.22990000
1.17672568 61.21650000
1.17851130 61.20280000
1.18029693 61.18880000
1.18208255 61.17560000
1.18386817 61.16110000
1.18565380 61.14660000
1.18743941 61.13210000
1.18922504 61.11750000
1.19101067 61.10290000
1.19279628 61.08840000
1.19458191 61.07410000
1.19636754 61.03120000
1.19815315 60.97650000
1.19993878 60.92260000
1.20172440 60.86970000
1.20351003 60.81800000
1.20529565 60.76760000
1.20708127 60.71850000
1.20886690 60.67130000
1.21065252 60.62590000
1.21243814 60.58250000
1.21422377 60.54130000
1.21600938 60.50240000
1.21779501 60.46600000
1.21958064 60.43210000
1.22136625 60.40110000
1.22315188 60.37290000
1.22493751 60.34770000
1.22672312 60.32570000
1.22850875 60.30680000
1.23029437 60.29120000
1.23208000 60.27910000
1.23386562 60.27030000
1.23565124 60.26510000
1.23743687 60.26330000
1.23743687 60.26330000
1.24671524 60.45780000
1.25599361 60.63370000
1.26527198 60.78910000
1.27455035 60.92120000
1.28382872 61.03350000
1.29310709 61.12400000
1.30238546 61.19390000
1.31166383 61.24480000
1.32094220 61.27910000
1.33022057 61.29950000
1.33949894 61.47880000
1.34877731 61.50710000
1.35805568 61.52700000
1.36733405 61.53680000
1.37661242 61.53460000
1.38589079 61.51810000
1.39516916 61.48520000
1.40444754 61.43500000
1.41372590 61.36230000
1.42300427 61.33090000
1.43228264 61.36760000
1.44156101 61.41900000
1.45083938 61.48740000
1.46011775 61.57510000
1.46939612 61.68420000
1.47867450 61.81660000
1.48795286 61.97350000
1.49723124 62.15570000
1.50650960 62.36290000
1.51578797 62.59250000
1.52506634 62.84620000
1.53434471 63.12050000
1.54362308 63.41330000
1.55290146 63.72240000
1.56217983 64.04570000
1.57145820 64.38130000
1.58073657 64.72760000
1.59001493 65.08300000
1.59929331 65.44620000
1.60857167 65.80980000
1.61785005 66.18490000
1.62712842 66.56480000
1.63640679 66.94850000
1.64568516 67.33530000
1.65496353 67.72450000
1.66424190 68.11520000
1.67352027 68.50690000
1.68279863 68.89880000
1.69207701 69.29020000
1.70135538 69.68030000
1.71063375 70.06800000
1.71991212 70.42400000
1.72919049 70.44500000
1.73846886 70.47200000
1.74774723 70.49930000
1.75702560 70.53010000
1.76630397 70.56430000
1.77558234 70.60230000
1.78486071 70.64390000
1.79413908 70.68950000
1.80341745 70.73900000
1.81269582 70.79260000
1.82197419 70.85030000
1.83125256 70.91220000
1.84053093 70.97840000
1.84980930 71.04900000
1.85908768 71.12400000
1.86836605 71.20360000
1.87764441 71.28770000
1.88692279 71.37640000
1.89620115 71.46540000
1.90547953 71.56360000
1.91475789 71.66650000
1.92403626 71.77410000
1.93331464 71.88650000
1.94259301 72.00370000
1.95187138 72.12560000
1.96114975 72.25220000
1.97042811 72.38350000
1.97970649 72.51770000
1.98898485 72.65820000
1.99826323 72.51160000
2.00754160 72.33160000
2.01681997 72.15970000
2.02609834 71.99640000
2.03537671 71.84210000
2.04465507 71.69930000
2.05393345 71.56440000
2.06321181 71.43980000
2.07249019 71.33020000
2.08176856 71.22710000
2.09104693 71.13540000
2.10032530 71.05530000
2.10960367 70.98720000
2.11888204 70.93110000
2.12816041 70.88730000
2.13743877 70.85590000
2.14671715 70.83700000
2.15599552 70.83080000
2.15599552 70.83080000
2.16474326 70.83600000
2.17349098 70.85190000
2.18223872 70.87830000
2.19098645 70.91530000
2.19973419 70.96260000
2.20848191 71.02020000
2.21722965 71.08790000
2.22597737 71.16550000
2.23472511 71.25280000
2.24347283 71.34950000
2.25222057 71.44970000
2.26096830 71.56420000
2.26971604 71.68740000
2.27846376 71.81900000
2.28721150 71.95850000
2.29595922 72.10570000
2.30470696 72.26020000
2.31345468 72.42170000
2.32220242 72.58970000
2.33095015 72.76370000
2.33969789 72.94340000
2.34844561 73.12110000
2.35719335 73.31960000
2.36594107 73.41470000
2.37468881 73.41810000
2.38343653 73.42360000
2.39218427 73.43100000
2.40093200 73.44000000
2.40967974 73.45010000
2.41842746 73.46130000
2.42717520 73.47310000
2.43592292 73.48530000
2.44467066 73.49760000
2.45341838 73.50970000
2.46216612 73.52140000
2.47091385 73.53240000
2.47966159 73.54220000
2.48840931 73.54110000
2.49715705 73.54700000
2.50590477 73.55060000
2.51465251 73.55150000
2.52340023 73.54920000
2.53214797 73.54390000
2.54089570 73.53330000
2.54964344 73.51780000
2.55839116 73.37940000
2.56713890 73.08510000
2.57588662 72.78610000
2.58463436 72.48330000
2.59338208 72.17770000
2.60212982 71.86990000
2.61087755 71.56080000
2.61962529 71.25040000
2.62837301 70.93980000
2.63712075 70.62920000
2.64586847 70.33370000
2.65461621 70.02320000
2.66336393 69.71370000
2.67211167 69.40560000
2.68085940 69.09940000
2.68960714 68.79520000
2.69835486 68.49330000
2.70710260 68.19410000
2.71585032 67.89800000
2.72459806 67.60520000
2.73334578 67.31620000
2.74209352 67.03130000
2.75084125 66.75100000
2.75958899 66.47570000
2.76833671 66.20600000
2.77708445 65.94230000
2.78583217 65.68670000
2.79457991 65.43690000
2.80332763 65.19540000
2.81207537 64.96300000
2.82082310 64.74100000
2.82957084 64.53040000
2.83831856 64.33290000
2.84706630 64.15010000
2.85581402 63.98400000
2.86456176 63.83720000
2.87330948 63.71240000
2.88205722 63.61270000
2.89080495 63.54180000
2.89955269 63.50310000
2.90830041 63.50030000
2.91704815 63.53630000
2.92579587 63.61200000
2.93454361 63.72960000
2.94329133 63.85890000
2.95203907 63.64150000
2.96078680 63.44740000
2.96953454 63.27880000
2.97828226 63.13700000
2.98703000 63.02230000
2.99577772 62.93440000
3.00452546 62.87260000
3.01327318 62.83600000
3.02202092 62.82380000
3.02202092 62.82380000
3.02511372 62.82030000
3.02820651 62.80960000
3.03129930 62.79200000
3.03439209 62.76760000
3.03748487 62.73670000
3.04057767 62.69970000
3.04367045 62.65690000
3.04676324 62.60880000
3.04985604 62.55580000
3.05294883 62.49860000
3.05604162 62.43770000
3.05913441 62.37350000
3.06222719 62.30700000
3.06531999 62.23880000
3.06841277 62.16980000
3.07150557 62.10090000
3.07459836 62.03330000
3.07769115 61.96870000
3.08078394 61.90820000
3.08387673 61.85580000
3.08696951 61.81360000
3.09006231 61.78470000
3.09315509 61.77100000
3.09624789 61.77420000
3.09934068 61.79280000
3.10243347 61.82430000
3.10552626 61.86610000
3.10861905 61.91540000
3.11171183 61.97010000
3.11480463 62.02860000
3.11789741 62.08870000
3.12099021 62.15180000
3.12408300 62.21630000
3.12717579 62.28180000
3.13026858 62.34780000
3.13336137 62.41420000
3.13645415 62.48030000
3.13954695 62.54710000
3.14263974 62.61400000
3.14573253 62.68090000
3.14882532 62.74790000
3.15191811 62.81360000
3.15501090 62.88070000
3.15810369 62.94780000
3.16119647 63.01500000
3.16428927 63.08230000
3.16738206 63.14970000
3.17047485 63.21730000
3.17356764 63.28520000
3.17666043 63.35470000
3.17975322 63.42310000
3.18284601 63.49200000
3.18593879 63.56120000
3.18903159 63.63090000
3.19212438 63.70110000
3.19521717 63.77190000
3.19830996 63.84330000
3.20140275 63.91520000
3.20449554 63.98810000
3.20758833 64.06130000
3.21068111 64.13470000
3.21377391 64.20890000
3.21686670 64.28280000
3.21995949 64.35500000
3.22305228 64.24080000
3.22614507 64.09360000
3.22923786 63.93390000
3.23233065 63.76330000
3.23542343 63.58340000
3.23851623 63.39540000
3.24160902 63.20060000
3.24470181 63.00010000
3.24779460 62.79490000
3.25088739 62.58590000
3.25398018 62.37390000
3.25707297 62.15950000
3.26016576 61.94330000
3.26325855 61.72580000
3.26635134 61.50790000
3.26944413 61.28970000
3.27253692 61.07190000
3.27562971 60.85490000
3.27872250 60.63910000
3.28181529 60.42490000
3.28490808 60.21290000
3.28800087 60.00350000
3.29109366 59.79740000
3.29418645 59.81470000
3.29727924 59.87260000
3.30037203 59.93170000
3.30346482 59.99140000
3.30655761 60.05140000
3.30965040 60.11090000
3.31274320 60.16880000
3.31583598 60.22300000
3.31892877 60.27070000
3.32202156 60.30230000
3.32511435 60.30530000
3.32820714 60.26330000
3.32820714 60.26330000
3.32999277 60.26510000
3.33177839 60.27030000
3.33356401 60.27910000
3.33534964 60.29120000
3.33713526 60.30680000
3.33892088 60.32560000
3.34070650 60.34770000
3.34249213 60.37290000
3.34427776 60.40110000
3.34606337 60.43220000
3.34784900 60.46600000
3.34963463 60.50240000
3.35142024 60.54130000
3.35320587 60.58250000
3.35499148 60.62590000
3.35677711 60.67130000
3.35856274 60.71850000
3.36034836 60.76760000
3.36213398 60.81800000
3.36391961 60.86970000
3.36570523 60.92260000
3.36749086 60.97650000
3.36927647 61.03120000
3.37106210 61.07410000
3.37284773 61.08840000
3.37463334 61.10290000
3.37641897 61.11750000
3.37820460 61.13210000
3.37999021 61.14660000
3.38177584 61.16110000
3.38356146 61.17560000
3.38534708 61.18880000
3.38713271 61.20280000
3.38891833 61.21650000
3.39070395 61.22990000
3.39248958 61.24290000
3.39427520 61.25540000
3.39606083 61.26740000
3.39784644 61.27880000
3.39963207 61.28960000
3.40141770 61.29970000
3.40320331 61.30900000
3.40498894 61.31750000
3.40677457 61.32510000
3.40856018 61.33180000
3.41034581 61.33750000
3.41213143 61.34210000
3.41391705 61.34560000
3.41570268 61.34790000
3.41748830 61.34910000
3.41927393 61.34890000
3.42105955 61.34750000
3.42284517 61.34470000
3.42463080 61.34040000
3.42641641 61.33470000
3.42820204 61.33020000
3.42998767 61.32150000
3.43177328 61.31130000
3.43355891 61.29950000
3.43534454 61.28600000
3.43713015 61.27090000
3.43891578 61.25420000
3.44070140 61.23570000
3.44248702 61.21560000
3.44427265 61.19380000
3.44605827 61.17000000
3.44784390 61.15000000
3.44962952 61.12300000
3.45141514 61.09440000
3.45320077 61.06410000
3.45498638 61.03220000
3.45677201 60.99860000
3.45855764 60.96340000
3.46034325 60.92660000
3.46212888 60.88830000
3.46391451 60.84860000
3.46570012 60.80740000
3.46748575 60.76060000
3.46927137 60.71690000
3.47105700 60.67210000
3.47284262 60.62630000
3.47462824 60.57970000
3.47641387 60.53230000
3.47819950 60.48450000
3.47998511 60.43640000
3.48177074 60.38840000
3.48355635 60.34070000
3.48534198 60.29390000
3.48712761 60.24840000
3.48891322 60.20500000
3.49069885 60.16420000
3.49248448 60.12720000
3.49427010 60.09490000
3.49605572 60.06870000
3.49784134 60.04980000
3.49962697 60.03950000
3.50141259 60.03880000
3.50319821 60.04860000
3.50498384 60.06900000
3.50498384 60.06900000
3.50855508 60.00550000
3.51212634 59.96030000
3.51569758 59.93280000
3.51926882 59.92130000
3.52284007 59.92360000
3.52641132 59.93710000
3.52998257 59.96180000
3.53355381 59.99180000
3.53712505 60.02880000
3.54069631 60.06950000
3.54426755 60.11400000
3.54783879 60.16200000
3.55141004 60.21290000
3.55498129 60.26650000
3.55855254 60.32260000
3.56212378 60.38000000
3.56569502 60.44080000
3.56926628 60.50390000
3.57283752 60.56930000
3.57640876 60.63840000
3.57998001 60.70830000
3.58355126 60.78130000
3.58712251 60.85700000
3.59069375 60.93560000
3.59426499 61.01740000
3.59783625 61.10240000
3.60140749 61.19090000
3.60497873 61.28310000
3.60854998 61.37890000
3.61212123 61.47920000
3.61569248 61.58370000
3.61926372 61.69260000
3.62283496 61.80610000
3.62640622 61.92410000
3.62997746 62.04680000
3.63354871 62.17470000
3.63711995 62.30650000
3.64069121 62.44260000
3.64426245 62.58270000
3.64783369 62.72680000
3.65140493 62.87430000
3.65497619 63.02490000
3.65854743 63.17780000
3.66211868 63.33270000
3.66568992 63.48870000
3.66926118 63.64530000
3.67283242 63.80150000
3.67640366 63.95660000
3.67997490 64.10940000
3.68354616 64.14820000
3.68711740 64.10370000
3.69068865 64.05420000
3.69425989 63.99980000
3.69783115 63.94090000
3.70140239 63.87760000
3.70497363 63.81010000
3.70854488 63.73860000
3.71211613 63.66350000
3.71568737 63.58480000
3.71925862 63.50280000
3.72282986 63.41780000
3.72640112 63.33000000
3.72997236 63.24190000
3.73354360 63.14930000
3.73711485 63.05470000
3.74068610 62.95830000
3.74425735 62.86040000
3.74782859 62.76140000
3.75139983 62.66170000
3.75497109 62.56160000
3.75854233 62.46170000
3.76211357 62.36260000
3.76568482 62.26510000
3.76925607 62.17020000
3.77282732 62.07960000
3.77639856 61.99530000
3.77996980 61.92060000
3.78354106 61.85970000
3.78711230 61.81850000
3.79068354 61.80300000
3.79425479 61.81610000
3.79782604 61.85550000
3.80139729 61.91500000
3.80496853 61.98790000
3.80853977 62.06770000
3.81211103 62.15070000
3.81568227 62.23420000
3.81925351 62.31630000
3.82282476 62.39520000
3.82639601 62.46980000
3.82996726 62.53910000
3.83353850 62.60250000
3.83710974 62.65900000
3.84068100 62.70800000
3.84425224 62.74900000
3.84782349 62.78140000
3.85139473 62.80490000
3.85496599 62.81910000
3.85853723 62.82380000
3.85853723 62.82380000
3.86163002 62.82030000
3.86472281 62.80960000
3.86781560 62.79200000
3.87090839 62.76760000
3.87400118 62.73670000
3.87709397 62.69970000
3.88018676 62.65690000
3.88327955 62.60880000
3.88637234 62.55580000
3.88946513 62.49860000
3.89255792 62.43770000
3.89565071 62.37350000
3.89874350 62.30700000
3.90183629 62.23880000
3.90492908 62.16980000
3.90802187 62.10090000
3.91111466 62.03340000
3.91420745 61.96870000
3.91730024 61.90820000
3.92039303 61.85580000
3.92348582 61.81360000
3.92657862 61.78460000
3.92967140 61.77100000
3.93276419 61.77420000
3.93585698 61.79280000
3.93894977 61.82430000
3.94204256 61.86610000
3.94513535 61.91540000
3.94822814 61.97010000
3.95132094 62.02860000
3.95441372 62.08870000
3.95750651 62.15180000
3.96059930 62.21630000
3.96369209 62.28180000
3.96678488 62.34780000
3.96987767 62.41420000
3.97297046 62.48030000
3.97606326 62.54710000
3.97915604 62.61400000
3.98224883 62.68090000
3.98534162 62.74790000
3.98843441 62.81360000
3.99152720 62.88070000
3.99461999 62.94780000
3.99771278 63.01500000
4.00080558 63.08230000
4.00389836 63.14970000
4.00699115 63.21730000
4.01008394 63.28520000
4.01317673 63.35470000
4.01626952 63.42310000
4.01936231 63.49190000
4.02245510 63.56120000
4.02554790 63.63090000
4.02864068 63.70110000
4.03173347 63.77190000
4.03482626 63.84320000
4.03791905 63.91520000
4.04101184 63.98810000
4.04410464 64.06130000
4.04719742 64.13470000
4.05029022 64.20890000
4.05338300 64.28280000
4.05647579 64.35500000
4.05956858 64.24080000
4.06266137 64.09360000
4.06575416 63.93390000
4.06884696 63.76330000
4.07193974 63.58340000
4.07503254 63.39540000
4.07812532 63.20060000
4.08121811 63.00010000
4.08431090 62.79490000
4.08740369 62.58590000
4.09049648 62.37390000
4.09358928 62.15940000
4.09668206 61.94330000
4.09977486 61.72580000
4.10286764 61.50790000
4.10596043 61.28970000
4.10905322 61.07190000
4.11214601 60.85490000
4.11523881 60.63910000
4.11833160 60.42490000
4.12142438 60.21290000
4.12451718 60.00350000
4.12760996 59.79740000
4.13070275 59.81470000
4.13379554 59.87260000
4.13688833 59.93170000
4.13998113 59.99140000
4.14307392 60.05140000
4.14616670 60.11090000
4.14925950 60.16880000
4.15235228 60.22300000
4.15544507 60.27070000
4.15853786 60.30230000
4.16163065 60.30530000
4.16472345 60.26330000

0.00000000 75.20590000
0.00714250 75.11590000
0.01428499 74.87830000
0.02142749 74.55060000
0.02856997 74.17360000
0.03571247 73.76960000
0.04285496 73.35020000
0.04999746 72.92210000
0.05713994 72.48900000
0.06428244 72.05270000
0.07142493 71.61500000
0.07856743 71.17700000
0.08570991 70.99470000
0.09285241 71.02340000
0.09999490 71.05420000
0.10713740 71.08730000
0.11427988 71.12250000
0.12142238 71.15990000
0.12856487 71.19930000
0.13570737 71.23450000
0.14284985 71.27660000
0.14999235 71.32200000
0.15713484 71.36940000
0.16427734 71.41860000
0.17141982 71.46960000
0.17856232 71.52230000
0.18570481 71.57670000
0.19284731 71.63260000
0.19998979 71.68990000
0.20713229 71.74840000
0.21427478 71.80810000
0.22141728 71.86880000
0.22855977 71.93000000
0.23570227 71.99170000
0.24284475 72.05350000
0.24998725 72.11510000
0.25712974 72.17600000
0.26427224 72.23560000
0.27141472 72.29330000
0.27855722 72.34840000
0.28569971 72.39980000
0.29284221 72.44650000
0.29998469 72.48700000
0.30712719 72.51980000
0.31426968 72.54300000
0.32141218 72.55450000
0.32855466 72.55190000
0.33569716 72.53540000
0.34283965 72.49800000
0.34998215 72.42160000
0.35712463 72.08820000
0.36426713 71.75470000
0.37140962 71.42300000
0.37855212 71.09530000
0.38569460 70.77500000
0.39283710 70.46660000
0.39997959 70.17650000
0.40712209 69.91290000
0.41426457 69.68500000
0.42140707 69.50160000
0.42854956 69.11660000
0.43569206 68.63950000
0.44283455 68.16430000
0.44997705 67.69100000
0.45711953 67.22430000
0.46426203 66.75510000
0.47140452 66.28810000
0.47854702 65.82340000
0.48568950 65.36120000
0.49283200 64.89280000
0.49997449 64.43570000
0.50711699 63.98140000
0.51425947 63.52990000
0.52140197 63.08140000
0.52854446 62.63610000
0.53568696 62.19410000
0.54282944 61.75560000
0.54997194 61.32070000
0.55711443 60.88990000
0.56425693 60.46330000
0.57139941 60.04130000
0.57854191 59.79590000
0.58568440 59.59330000
0.59282690 59.38150000
0.59996938 59.16240000
0.60711188 58.93750000
0.61425437 58.70800000
0.62139687 58.47560000
0.62853935 58.24120000
0.63568185 58.00590000
0.64282434 57.77070000
0.64996684 57.53540000
0.65710933 57.30380000
0.66425183 57.07560000
0.67139431 56.85200000
0.67853681 56.63450000
0.68567930 56.42500000
0.69282180 56.22560000
0.69996428 56.04000000
0.70710678 55.87130000
0.70710678 55.87130000
0.71067802 55.87230000
0.71424928 55.87530000
0.71782052 55.88010000
0.72139177 55.88710000
0.72496301 55.89610000
0.72853427 55.90730000
0.73210551 55.92070000
0.73567675 55.93640000
0.73924799 55.95450000
0.74281925 55.97500000
0.74639049 55.99820000
0.74996174 56.02420000
0.75353298 56.05310000
0.75710424 56.08510000
0.76067548 56.12030000
0.76424672 56.15890000
0.76781797 56.20110000
0.77138922 56.24710000
0.77496047 56.29700000
0.77853171 56.35090000
0.78210295 56.40980000
0.78567421 56.47240000
0.78924545 56.53950000
0.79281669 56.61100000
0.79638794 56.68710000
0.79995919 56.76770000
0.80353044 56.85280000
0.80710168 56.94240000
0.81067292 57.03620000
0.81424418 57.13420000
0.81781542 57.23630000
0.82138666 57.34220000
0.82495791 57.45170000
0.82852916 57.56460000
0.83210041 57.68070000
0.83567165 57.79980000
0.83924289 57.92170000
0.84281415 58.04600000
0.84638539 58.17270000
0.84995663 58.30140000
0.85352788 58.43310000
0.85709913 58.56530000
0.86067038 58.69890000
0.86424162 58.83360000
0.86781286 58.96920000
0.87138412 59.10550000
0.87495536 59.24220000
0.87852661 59.37900000
0.88209785 59.51570000
0.88566910 59.65200000
0.88924035 59.78750000
0.89281159 59.92190000
0.89638283 60.05480000
0.89995409 60.18580000
0.90352533 60.31450000
0.90709658 60.44040000
0.91066782 60.56300000
0.91423908 60.68170000
0.91781032 60.79600000
0.92138156 60.90510000
0.92495280 61.00830000
0.92852406 61.10510000
0.93209530 61.19460000
0.93566655 61.27620000
0.93923779 61.34910000
0.94280905 61.41280000
0.94638029 61.46680000
0.94995153 61.51050000
0.95352277 61.54370000
0.95709403 61.56630000
0.96066527 61.57840000
0.96423652 61.58010000
0.96780776 61.57180000
0.97137902 61.55620000
0.97495026 61.52940000
0.97852150 61.49420000
0.98209275 61.45150000
0.98566400 61.40250000
0.98923525 61.34670000
0.99280649 61.28560000
0.99637773 61.21960000
0.99994899 61.14970000
1.00352023 61.07550000
1.00709147 60.99940000
1.01066272 60.92120000
1.01423397 60.84150000
1.01780522 60.76090000
1.02137646 60.68000000
1.02494770 60.59970000
1.02851896 60.52050000
1.03209020 60.44350000
1.03566144 60.36970000
1.03923269 60.30030000
1.04280394 60.23660000
1.04637519 60.18050000
1.04994643 60.13380000
1.05351767 60.09860000
1.05708893 60.07650000
1.06066017 60.06900000
1.06066017 60.06900000
1.06244580 60.09540000
1.06423141 60.12350000
1.06601704 60.15310000
1.06780267 60.18430000
1.06958829 60.21710000
1.07137391 60.25140000
1.07315953 60.28730000
1.07494516 60.32460000
1.07673079 60.36340000
1.07851640 60.40360000
1.08030203 60.44520000
1.08208766 60.48810000
1.08387327 60.53230000
1.08565890 60.57780000
1.08744451 60.62440000
1.08923014 60.67200000
1.09101577 60.72070000
1.09280139 60.77030000
1.09458701 60.82080000
1.09637264 60.87210000
1.09815826 60.92400000
1.09994388 60.97670000
1.10172950 61.02970000
1.10351513 61.08300000
1.10530076 61.13650000
1.10708637 61.19010000
1.10887200 61.24370000
1.11065763 61.29710000
1.11244324 61.35020000
1.11422887 61.40280000
1.11601448 61.45480000
1.11780011 61.50590000
1.11958574 61.55420000
1.12137136 61.60330000
1.12315698 61.65090000
1.12494261 61.69690000
1.12672823 61.74100000
1.12851386 61.78320000
1.13029947 61.82300000
1.13208510 61.86050000
1.13387073 61.89520000
1.13565634 61.92700000
1.13744197 61.95570000
1.13922760 61.98070000
1.14101321 62.00250000
1.14279884 62.02050000
1.14458446 62.03470000
1.14637008 62.04480000
1.14815571 62.05090000
1.14994133 62.05270000
1.15172696 62.05030000
1.15351258 62.04370000
1.15529820 62.03290000
1.15708383 62.01790000
1.15886944 61.99890000
1.16065507 61.97600000
1.16244070 61.94930000
1.16422631 61.91910000
1.16601194 61.88550000
1.16779757 61.84880000
1.16958318 61.80920000
1.17136881 61.76690000
1.17315443 61.72220000
1.17494005 61.67530000
1.17672568 61.62640000
1.17851130 61.57590000
1.18029693 61.52390000
1.18208255 61.47250000
1.18386817 61.41820000
1.18565380 61.36310000
1.18743941 61.31020000
1.18922504 61.25430000
1.19101067 61.19820000
1.19279628 61.14220000
1.19458191 61.08650000
1.19636754 61.06000000
1.19815315 61.04610000
1.19993878 61.03250000
1.20172440 61.01920000
1.20351003 61.00630000
1.20529565 60.99380000
1.20708127 60.98180000
1.20886690 60.97020000
1.21065252 60.95920000
1.21243814 60.94880000
1.21422377 60.93890000
1.21600938 60.92960000
1.21779501 60.92100000
1.21958064 60.91310000
1.22136625 60.90580000
1.22315188 60.89930000
1.22493751 60.89340000
1.22672312 60.88840000
1.22850875 60.88410000
1.23029437 60.88050000
1.23208000 60.87770000
1.23386562 60.87570000
1.23565124 60.87450000
1.23743687 60.87410000
1.23743687 60.87410000
1.24671524 60.94820000
1.25599361 61.01720000
1.26527198 61.08200000
1.27455035 61.14280000
1.28382872 61.20090000
1.29310709 61.25620000
1.30238546 61.30850000
1.31166383 61.35750000
1.32094220 61.40280000
1.33022057 61.44360000
1.33949894 61.55890000
1.34877731 61.93290000
1.35805568 62.31210000
1.36733405 62.69650000
1.37661242 63.08590000
1.38589079 63.48000000
1.39516916 63.87880000
1.40444754 64.28370000
1.41372590 64.69110000
1.42300427 65.10220000
1.43228264 64.94930000
1.44156101 64.82660000
1.45083938 64.77390000
1.46011775 64.79280000
1.46939612 64.87990000
1.47867450 65.02800000
1.48795286 65.22820000
1.49723124 65.47110000
1.50650960 65.74910000
1.51578797 66.05300000
1.52506634 66.37860000
1.53434471 66.72100000
1.54362308 67.07640000
1.55290146 67.44180000
1.56217983 67.81510000
1.57145820 68.19420000
1.58073657 68.57750000
1.59001493 68.96370000
1.59929331 69.35160000
1.60857167 69.73560000
1.61785005 70.12360000
1.62712842 70.34660000
1.63640679 70.34740000
1.64568516 70.34900000
1.65496353 70.35150000
1.66424190 70.35520000
1.67352027 70.36080000
1.68279863 70.36840000
1.69207701 70.37840000
1.70135538 70.39090000
1.71063375 70.40600000
1.71991212 70.45250000
1.72919049 70.83080000
1.73846886 71.20800000
1.74774723 71.57410000
1.75702560 71.93000000
1.76630397 72.27270000
1.77558234 72.59840000
1.78486071 72.90200000
1.79413908 73.17760000
1.80341745 73.44050000
1.81269582 73.63830000
1.82197419 73.78930000
1.83125256 73.89270000
1.84053093 73.95250000
1.84980930 73.97550000
1.85908768 73.96970000
1.86836605 73.94240000
1.87764441 73.89950000
1.88692279 73.84580000
1.89620115 73.78470000
1.90547953 73.71910000
1.91475789 73.65070000
1.92403626 73.58150000
1.93331464 73.51290000
1.94259301 73.44540000
1.95187138 73.38060000
1.96114975 73.29350000
1.97042811 73.08770000
1.97970649 72.88530000
1.98898485 72.69910000
1.99826323 72.80310000
2.00754160 72.95230000
2.01681997 73.07970000
2.02609834 73.07390000
2.03537671 73.08330000
2.04465507 73.11160000
2.05393345 73.16130000
2.06321181 73.23740000
2.07249019 73.34550000
2.08176856 73.48750000
2.09104693 73.66690000
2.10032530 73.88320000
2.10960367 74.13170000
2.11888204 74.40280000
2.12816041 74.68030000
2.13743877 74.93760000
2.14671715 75.13130000
2.15599552 75.20590000
2.15599552 75.20590000
2.16474326 75.17300000
2.17349098 75.08210000
2.18223872 74.95030000
2.19098645 74.79570000
2.19973419 74.63240000
2.20848191 74.47040000
2.21722965 74.31610000
2.22597737 74.17350000
2.23472511 74.04480000
2.24347283 73.93100000
2.25222057 73.83190000
2.26096830 73.74690000
2.26971604 73.67500000
2.27846376 73.61480000
2.28721150 73.56520000
2.29595922 73.52470000
2.30470696 73.49230000
2.31345468 73.46690000
2.32220242 73.44770000
2.33095015 73.43370000
2.33969789 73.42430000
2.34844561 73.41830000
2.35719335 73.41630000
2.36594107 73.41480000
2.37468881 73.41810000
2.38343653 73.42370000
2.39218427 73.43110000
2.40093200 73.44000000
2.40967974 73.45010000
2.41842746 73.46130000
2.42717520 73.47310000
2.43592292 73.48530000
2.44467066 73.49760000
2.45341838 73.50980000
2.46216612 73.52150000
2.47091385 73.53240000
2.47966159 73.54220000
2.48840931 73.54110000
2.49715705 73.54700000
2.50590477 73.55070000
2.51465251 73.55160000
2.52340023 73.54920000
2.53214797 73.54400000
2.54089570 73.53340000
2.54964344 73.51790000
2.55839116 73.49660000
2.56713890 73.46900000
2.57588662 73.43430000
2.58463436 73.39170000
2.59338208 73.34040000
2.60212982 73.27960000
2.61087755 73.20850000
2.61962529 73.12650000
2.62837301 73.03280000
2.63712075 72.92680000
2.64586847 72.80880000
2.65461621 72.67710000
2.66336393 72.53210000
2.67211167 72.37380000
2.68085940 72.20210000
2.68960714 72.01730000
2.69835486 71.81970000
2.70710260 71.60950000
2.71585032 71.38750000
2.72459806 71.15400000
2.73334578 70.90970000
2.74209352 70.65520000
2.75084125 70.39130000
2.75958899 70.11860000
2.76833671 69.83780000
2.77708445 69.54980000
2.78583217 69.25590000
2.79457991 68.95550000
2.80332763 68.65000000
2.81207537 68.34020000
2.82082310 68.02700000
2.82957084 67.71100000
2.83831856 67.39320000
2.84706630 67.07440000
2.85581402 66.75560000
2.86456176 66.43760000
2.87330948 66.12170000
2.88205722 65.80910000
2.89080495 65.50110000
2.89955269 65.19940000
2.90830041 64.90570000
2.91704815 64.62510000
2.92579587 64.35310000
2.93454361 64.09720000
2.94329133 63.85890000
2.95203907 63.64150000
2.96078680 63.44740000
2.96953454 63.27880000
2.97828226 63.13700000
2.98703000 63.02230000
2.99577772 62.93440000
3.00452546 62.87260000
3.01327318 62.83600000
3.02202092 62.82390000
3.02202092 62.82390000
3.02511372 62.82290000
3.02820651 62.82010000
3.03129930 62.81540000
3.03439209 62.80890000
3.03748487 62.80060000
3.04057767 62.79070000
3.04367045 62.77920000
3.04676324 62.76630000
3.04985604 62.75230000
3.05294883 62.73720000
3.05604162 62.72130000
3.05913441 62.70500000
3.06222719 62.68870000
3.06531999 62.67270000
3.06841277 62.65760000
3.07150557 62.64400000
3.07459836 62.63250000
3.07769115 62.62380000
3.08078394 62.61850000
3.08387673 62.61770000
3.08696951 62.62180000
3.09006231 62.63170000
3.09315509 62.64680000
3.09624789 62.66930000
3.09934068 62.69860000
3.10243347 62.73470000
3.10552626 62.77750000
3.10861905 62.82650000
3.11171183 62.88160000
3.11480463 62.94210000
3.11789741 63.00610000
3.12099021 63.07590000
3.12408300 63.14960000
3.12717579 63.22670000
3.13026858 63.30680000
3.13336137 63.38930000
3.13645415 63.47400000
3.13954695 63.56020000
3.14263974 63.64780000
3.14573253 63.73610000
3.14882532 63.82490000
3.15191811 63.91370000
3.15501090 64.00260000
3.15810369 64.09020000
3.16119647 64.17650000
3.16428927 64.26090000
3.16738206 64.34290000
3.17047485 64.42180000
3.17356764 64.49680000
3.17666043 64.56960000
3.17975322 64.63410000
3.18284601 64.69190000
3.18593879 64.74160000
3.18903159 64.78190000
3.19212438 64.81130000
3.19521717 64.82820000
3.19830996 64.83110000
3.20140275 64.81850000
3.20449554 64.79140000
3.20758833 64.74440000
3.21068111 64.67620000
3.21377391 64.59280000
3.21686670 64.49180000
3.21995949 64.37400000
3.22305228 64.41440000
3.22614507 64.40030000
3.22923786 64.32610000
3.23233065 64.24140000
3.23542343 64.15330000
3.23851623 64.06430000
3.24160902 63.97270000
3.24470181 63.87980000
3.24779460 63.78560000
3.25088739 63.69010000
3.25398018 63.59340000
3.25707297 63.49540000
3.26016576 63.39600000
3.26325855 63.29500000
3.26635134 63.19260000
3.26944413 63.08850000
3.27253692 62.98270000
3.27562971 62.87500000
3.27872250 62.76530000
3.28181529 62.65330000
3.28490808 62.53910000
3.28800087 62.42240000
3.29109366 62.30320000
3.29418645 62.18120000
3.29727924 62.05650000
3.30037203 61.92910000
3.30346482 61.79900000
3.30655761 61.66660000
3.30965040 61.53220000
3.31274320 61.39700000
3.31583598 61.26270000
3.31892877 61.13330000
3.32202156 61.01590000
3.32511435 60.92400000
3.32820714 60.87410000
3.32820714 60.87410000
3.32999277 60.87450000
3.33177839 60.87570000
3.33356401 60.87770000
3.33534964 60.88050000
3.33713526 60.88400000
3.33892088 60.88840000
3.34070650 60.89340000
3.34249213 60.89930000
3.34427776 60.90580000
3.34606337 60.91310000
3.34784900 60.92100000
3.34963463 60.92960000
3.35142024 60.93890000
3.35320587 60.94880000
3.35499148 60.95920000
3.35677711 60.97020000
3.35856274 60.98180000
3.36034836 60.99380000
3.36213398 61.00630000
3.36391961 61.01920000
3.36570523 61.03250000
3.36749086 61.04610000
3.36927647 61.06000000
3.37106210 61.08650000
3.37284773 61.14220000
3.37463334 61.19820000
3.37641897 61.25430000
3.37820460 61.31020000
3.37999021 61.36310000
3.38177584 61.41820000
3.38356146 61.47250000
3.38534708 61.52390000
3.38713271 61.57590000
3.38891833 61.62640000
3.39070395 61.67530000
3.39248958 61.72220000
3.39427520 61.76690000
3.39606083 61.80920000
3.39784644 61.84880000
3.39963207 61.88550000
3.40141770 61.91910000
3.40320331 61.94930000
3.40498894 61.97600000
3.40677457 61.99890000
3.40856018 62.01790000
3.41034581 62.03280000
3.41213143 62.04370000
3.41391705 62.05030000
3.41570268 62.05270000
3.41748830 62.05090000
3.41927393 62.04480000
3.42105955 62.03470000
3.42284517 62.02050000
3.42463080 62.00250000
3.42641641 61.98070000
3.42820204 61.95570000
3.42998767 61.92700000
3.43177328 61.89520000
3.43355891 61.86050000
3.43534454 61.82300000
3.43713015 61.78320000
3.43891578 61.74100000
3.44070140 61.69680000
3.44248702 61.65090000
3.44427265 61.60330000
3.44605827 61.55420000
3.44784390 61.50590000
3.44962952 61.45480000
3.45141514 61.40280000
3.45320077 61.35020000
3.45498638 61.29710000
3.45677201 61.24370000
3.45855764 61.19010000
3.46034325 61.13650000
3.46212888 61.08300000
3.46391451 61.02970000
3.46570012 60.97670000
3.46748575 60.92400000
3.46927137 60.87210000
3.47105700 60.82080000
3.47284262 60.77030000
3.47462824 60.72070000
3.47641387 60.67200000
3.47819950 60.62440000
3.47998511 60.57780000
3.48177074 60.53230000
3.48355635 60.48810000
3.48534198 60.44520000
3.48712761 60.40360000
3.48891322 60.36340000
3.49069885 60.32460000
3.49248448 60.28720000
3.49427010 60.25140000
3.49605572 60.21710000
3.49784134 60.18430000
3.49962697 60.15310000
3.50141259 60.12350000
3.50319821 60.09540000
3.50498384 60.06900000
3.50498384 60.06900000
3.50855508 60.15000000
3.51212634 60.24670000
3.51569758 60.35640000
3.51926882 60.47670000
3.52284007 60.60530000
3.52641132 60.74000000
3.52998257 60.87950000
3.53355381 61.02200000
3.53712505 61.16680000
3.54069631 61.31290000
3.54426755 61.45950000
3.54783879 61.60600000
3.55141004 61.75190000
3.55498129 61.89680000
3.55855254 62.04020000
3.56212378 62.18150000
3.56569502 62.32080000
3.56926628 62.45740000
3.57283752 62.59110000
3.57640876 62.72160000
3.57998001 62.84850000
3.58355126 62.97160000
3.58712251 63.09070000
3.59069375 63.20540000
3.59426499 63.31560000
3.59783625 63.42080000
3.60140749 63.52100000
3.60497873 63.61590000
3.60854998 63.69930000
3.61212123 63.78290000
3.61569248 63.86070000
3.61926372 63.93240000
3.62283496 63.99810000
3.62640622 64.05740000
3.62997746 64.11050000
3.63354871 64.15900000
3.63711995 64.19910000
3.64069121 64.23270000
3.64426245 64.25930000
3.64783369 64.28000000
3.65140493 64.29410000
3.65497619 64.30190000
3.65854743 64.30330000
3.66211868 64.29860000
3.66568992 64.28770000
3.66926118 64.27090000
3.67283242 64.24820000
3.67640366 64.22200000
3.67997490 64.18790000
3.68354616 64.25880000
3.68711740 64.40030000
3.69068865 64.50750000
3.69425989 64.47840000
3.69783115 64.39780000
3.70140239 64.31180000
3.70497363 64.22510000
3.70854488 64.13870000
3.71211613 64.05290000
3.71568737 63.96790000
3.71925862 63.88370000
3.72282986 63.80050000
3.72640112 63.71600000
3.72997236 63.63500000
3.73354360 63.55530000
3.73711485 63.47690000
3.74068610 63.40020000
3.74425735 63.32540000
3.74782859 63.25260000
3.75139983 63.18220000
3.75497109 63.11450000
3.75854233 63.05000000
3.76211357 62.98880000
3.76568482 62.93160000
3.76925607 62.87880000
3.77282732 62.83100000
3.77639856 62.78840000
3.77996980 62.75230000
3.78354106 62.72150000
3.78711230 62.69680000
3.79068354 62.67830000
3.79425479 62.66580000
3.79782604 62.65900000
3.80139729 62.65750000
3.80496853 62.66100000
3.80853977 62.66800000
3.81211103 62.67820000
3.81568227 62.69090000
3.81925351 62.70530000
3.82282476 62.72080000
3.82639601 62.73660000
3.82996726 62.75240000
3.83353850 62.76740000
3.83710974 62.78130000
3.84068100 62.79360000
3.84425224 62.80420000
3.84782349 62.81260000
3.85139473 62.81880000
3.85496599 62.82260000
3.85853723 62.82380000
3.85853723 62.82380000
3.86163002 62.82290000
3.86472281 62.82010000
3.86781560 62.81540000
3.87090839 62.80890000
3.87400118 62.80060000
3.87709397 62.79070000
3.88018676 62.77920000
3.88327955 62.76630000
3.88637234 62.75230000
3.88946513 62.73720000
3.89255792 62.72130000
3.89565071 62.70500000
3.89874350 62.68870000
3.90183629 62.67270000
3.90492908 62.65760000
3.90802187 62.64400000
3.91111466 62.63250000
3.91420745 62.62380000
3.91730024 62.61850000
3.92039303 62.61770000
3.92348582 62.62180000
3.92657862 62.63170000
3.92967140 62.64680000
3.93276419 62.66930000
3.93585698 62.69860000
3.93894977 62.73470000
3.94204256 62.77750000
3.94513535 62.82660000
3.94822814 62.88160000
3.95132094 62.94210000
3.95441372 63.00610000
3.95750651 63.07590000
3.96059930 63.14960000
3.96369209 63.22670000
3.96678488 63.30680000
3.96987767 63.38930000
3.97297046 63.47400000
3.97606326 63.56020000
3.97915604 63.64780000
3.98224883 63.73610000
3.98534162 63.82490000
3.98843441 63.91370000
3.99152720 64.00260000
3.99461999 64.09020000
3.99771278 64.17650000
4.00080558 64.26090000
4.00389836 64.34290000
4.00699115 64.42180000
4.01008394 64.49670000
4.01317673 64.56960000
4.01626952 64.63410000
4.01936231 64.69190000
4.02245510 64.74160000
4.02554790 64.78190000
4.02864068 64.81130000
4.03173347 64.82820000
4.03482626 64.83110000
4.03791905 64.81850000
4.04101184 64.79140000
4.04410464 64.74440000
4.04719742 64.67610000
4.05029022 64.59280000
4.05338300 64.49180000
4.05647579 64.37400000
4.05956858 64.41430000
4.06266137 64.40030000
4.06575416 64.32610000
4.06884696 64.24140000
4.07193974 64.15330000
4.07503254 64.06420000
4.07812532 63.97270000
4.08121811 63.87970000
4.08431090 63.78550000
4.08740369 63.69010000
4.09049648 63.59340000
4.09358928 63.49540000
4.09668206 63.39600000
4.09977486 63.29500000
4.10286764 63.19260000
4.10596043 63.08850000
4.10905322 62.98270000
4.11214601 62.87500000
4.11523881 62.76530000
4.11833160 62.65330000
4.12142438 62.53910000
4.12451718 62.42240000
4.12760996 62.30310000
4.13070275 62.18120000
4.13379554 62.05650000
4.13688833 61.92910000
4.13998113 61.79900000
4.14307392 61.66660000
4.14616670 61.53220000
4.14925950 61.39700000
4.15235228 61.26270000
4.15544507 61.13330000
4.15853786 61.01590000
4.16163065 60.92400000
4.16472345 60.87410000

0.00000000 75.20600000
0.00714250 75.21010000
0.01428499 75.22230000
0.02142749 75.24260000
0.02856997 75.27110000
0.03571247 75.30800000
0.04285496 75.35310000
0.04999746 75.40510000
0.05713994 75.46600000
0.06428244 75.53360000
0.07142493 75.60960000
0.07856743 75.69290000
0.08570991 75.78370000
0.09285241 75.88250000
0.09999490 75.98760000
0.10713740 76.10130000
0.11427988 76.22590000
0.12142238 76.35120000
0.12856487 76.48300000
0.13570737 76.62320000
0.14284985 76.76680000
0.14999235 76.91820000
0.15713484 77.07590000
0.16427734 77.23920000
0.17141982 77.40690000
0.17856232 77.58160000
0.18570481 77.75920000
0.19284731 77.94320000
0.19998979 78.13120000
0.20713229 78.06450000
0.21427478 77.85310000
0.22141728 77.63200000
0.22855977 77.40150000
0.23570227 77.16230000
0.24284475 76.91470000
0.24998725 76.65910000
0.25712974 76.39570000
0.26427224 76.12520000
0.27141472 75.84760000
0.27855722 75.56320000
0.28569971 75.27240000
0.29284221 74.97550000
0.29998469 74.67290000
0.30712719 74.36460000
0.31426968 74.05100000
0.32141218 73.73270000
0.32855466 73.40990000
0.33569716 73.08340000
0.34283965 72.75370000
0.34998215 72.42190000
0.35712463 72.08840000
0.36426713 71.75490000
0.37140962 71.42320000
0.37855212 71.09550000
0.38569460 70.77520000
0.39283710 70.46680000
0.39997959 70.17670000
0.40712209 69.91300000
0.41426457 69.68520000
0.42140707 69.50170000
0.42854956 69.36720000
0.43569206 69.28040000
0.44283455 69.23470000
0.44997705 69.22200000
0.45711953 69.23580000
0.46426203 69.26820000
0.47140452 69.31520000
0.47854702 69.37600000
0.48568950 69.44340000
0.49283200 69.51830000
0.49997449 69.59980000
0.50711699 69.68670000
0.51425947 69.77850000
0.52140197 69.87450000
0.52854446 69.97430000
0.53568696 70.07750000
0.54282944 70.18380000
0.54997194 70.29290000
0.55711443 70.40440000
0.56425693 70.51820000
0.57139941 70.63390000
0.57854191 70.75140000
0.58568440 70.87020000
0.59282690 70.99010000
0.59996938 71.11070000
0.60711188 71.23170000
0.61425437 71.34320000
0.62139687 71.46330000
0.62853935 71.58220000
0.63568185 71.69890000
0.64282434 71.81260000
0.64996684 71.92210000
0.65710933 72.02600000
0.66425183 72.12290000
0.67139431 72.21060000
0.67853681 72.28690000
0.68567930 72.34980000
0.69282180 72.39690000
0.69996428 72.42930000
0.70710678 72.43910000
0.70710678 72.43900000
0.71067802 72.43650000
0.71424928 72.42850000
0.71782052 72.41380000
0.72139177 72.39540000
0.72496301 72.37170000
0.72853427 72.34280000
0.73210551 72.30870000
0.73567675 72.26950000
0.73924799 72.22520000
0.74281925 72.17600000
0.74639049 72.12180000
0.74996174 72.06280000
0.75353298 71.99910000
0.75710424 71.93780000
0.76067548 71.86470000
0.76424672 71.78460000
0.76781797 71.70290000
0.77138922 71.61730000
0.77496047 71.52790000
0.77853171 71.43480000
0.78210295 71.34210000
0.78567421 71.24230000
0.78924545 71.13940000
0.79281669 71.03360000
0.79638794 70.92520000
0.79995919 70.81430000
0.80353044 70.70120000
0.80710168 70.58590000
0.81067292 70.46880000
0.81424418 70.34990000
0.81781542 70.22950000
0.82138666 70.10770000
0.82495791 69.98480000
0.82852916 69.86080000
0.83210041 69.73600000
0.83567165 69.61050000
0.83924289 69.48460000
0.84281415 69.35830000
0.84638539 69.23190000
0.84995663 69.10550000
0.85352788 68.98500000
0.85709913 68.85900000
0.86067038 68.73350000
0.86424162 68.60890000
0.86781286 68.48520000
0.87138412 68.36270000
0.87495536 68.24160000
0.87852661 68.12220000
0.88209785 68.00480000
0.88566910 67.88960000
0.88924035 67.77690000
0.89281159 67.66700000
0.89638283 67.56040000
0.89995409 67.45750000
0.90352533 67.35860000
0.90709658 67.26440000
0.91066782 67.17520000
0.91423908 67.09170000
0.91781032 67.01440000
0.92138156 66.94410000
0.92495280 66.88150000
0.92852406 66.82710000
0.93209530 66.78190000
0.93566655 66.74640000
0.93923779 66.72140000
0.94280905 66.70750000
0.94638029 66.70540000
0.94995153 66.71530000
0.95352277 66.73760000
0.95709403 66.77250000
0.96066527 66.82000000
0.96423652 66.87980000
0.96780776 66.95160000
0.97137902 67.03510000
0.97495026 67.12960000
0.97852150 67.23450000
0.98209275 67.34910000
0.98566400 67.47350000
0.98923525 67.60560000
0.99280649 67.74530000
0.99637773 67.89200000
0.99994899 68.04520000
1.00352023 68.20410000
1.00709147 68.36820000
1.01066272 68.53700000
1.01423397 68.71000000
1.01780522 68.88650000
1.02137646 69.06600000
1.02494770 69.24800000
1.02851896 69.43160000
1.03209020 69.61610000
1.03566144 69.80030000
1.03923269 69.98250000
1.04280394 70.16040000
1.04637519 70.33020000
1.04994643 70.48570000
1.05351767 70.61660000
1.05708893 70.70740000
1.06066017 70.74050000
1.06066017 70.74050000
1.06244580 70.72750000
1.06423141 70.69810000
1.06601704 70.63830000
1.06780267 70.56170000
1.06958829 70.47320000
1.07137391 70.37650000
1.07315953 70.27420000
1.07494516 70.16790000
1.07673079 70.05890000
1.07851640 69.94800000
1.08030203 69.83590000
1.08208766 69.72300000
1.08387327 69.60980000
1.08565890 69.49650000
1.08744451 69.38320000
1.08923014 69.27030000
1.09101577 69.15780000
1.09280139 69.04600000
1.09458701 68.93500000
1.09637264 68.82480000
1.09815826 68.71550000
1.09994388 68.60760000
1.10172950 68.50060000
1.10351513 68.39500000
1.10530076 68.29070000
1.10708637 68.18800000
1.10887200 68.08690000
1.11065763 67.98750000
1.11244324 67.89000000
1.11422887 67.79440000
1.11601448 67.70100000
1.11780011 67.60970000
1.11958574 67.52090000
1.12137136 67.43520000
1.12315698 67.35160000
1.12494261 67.27080000
1.12672823 67.19310000
1.12851386 67.11850000
1.13029947 67.04740000
1.13208510 66.97970000
1.13387073 66.91590000
1.13565634 66.85590000
1.13744197 66.80000000
1.13922760 66.74670000
1.14101321 66.69950000
1.14279884 66.65670000
1.14458446 66.61860000
1.14637008 66.58520000
1.14815571 66.55660000
1.14994133 66.53280000
1.15172696 66.51390000
1.15351258 66.49960000
1.15529820 66.49010000
1.15708383 66.48510000
1.15886944 66.48460000
1.16065507 66.48830000
1.16244070 66.49600000
1.16422631 66.50760000
1.16601194 66.52280000
1.16779757 66.54130000
1.16958318 66.56280000
1.17136881 66.58720000
1.17315443 66.61410000
1.17494005 66.64320000
1.17672568 66.67430000
1.17851130 66.70710000
1.18029693 66.74140000
1.18208255 66.77810000
1.18386817 66.81450000
1.18565380 66.85170000
1.18743941 66.89010000
1.18922504 66.92800000
1.19101067 66.96610000
1.19279628 67.00410000
1.19458191 67.04180000
1.19636754 67.07910000
1.19815315 67.11590000
1.19993878 67.15180000
1.20172440 67.18700000
1.20351003 67.22110000
1.20529565 67.25410000
1.20708127 67.28600000
1.20886690 67.31640000
1.21065252 67.34550000
1.21243814 67.37300000
1.21422377 67.39900000
1.21600938 67.42340000
1.21779501 67.44600000
1.21958064 67.46680000
1.22136625 67.48590000
1.22315188 67.50300000
1.22493751 67.51820000
1.22672312 67.53150000
1.22850875 67.54280000
1.23029437 67.55200000
1.23208000 67.55920000
1.23386562 67.56440000
1.23565124 67.56750000
1.23743687 67.56850000
1.23743687 67.56850000
1.24671524 67.45960000
1.25599361 67.38130000
1.26527198 67.33500000
1.27455035 67.32080000
1.28382872 67.34240000
1.29310709 67.39830000
1.30238546 67.48770000
1.31166383 67.60890000
1.32094220 67.75970000
1.33022057 67.93750000
1.33949894 68.13920000
1.34877731 67.93350000
1.35805568 67.52000000
1.36733405 67.11520000
1.37661242 66.72240000
1.38589079 66.34630000
1.39516916 65.99220000
1.40444754 65.66710000
1.41372590 65.37870000
1.42300427 65.13620000
1.43228264 65.51680000
1.44156101 65.93450000
1.45083938 66.35450000
1.46011775 66.77600000
1.46939612 67.19800000
1.47867450 67.61860000
1.48795286 68.03540000
1.49723124 68.44430000
1.50650960 68.83870000
1.51578797 69.20780000
1.52506634 69.40830000
1.53434471 69.51020000
1.54362308 69.62820000
1.55290146 69.76110000
1.56217983 69.90740000
1.57145820 70.06700000
1.58073657 70.23630000
1.59001493 70.32700000
1.59929331 70.33700000
1.60857167 70.34240000
1.61785005 70.34500000
1.62712842 70.51050000
1.63640679 70.89560000
1.64568516 71.27810000
1.65496353 71.65750000
1.66424190 72.03250000
1.67352027 72.29290000
1.68279863 72.52330000
1.69207701 72.75600000
1.70135538 72.99010000
1.71063375 73.22470000
1.71991212 73.45920000
1.72919049 73.67820000
1.73846886 73.90870000
1.74774723 74.13600000
1.75702560 74.35840000
1.76630397 74.57410000
1.77558234 74.78070000
1.78486071 74.97500000
1.79413908 75.15300000
1.80341745 75.31420000
1.81269582 75.44250000
1.82197419 75.53540000
1.83125256 75.58560000
1.84053093 75.58820000
1.84980930 75.54240000
1.85908768 75.45160000
1.86836605 75.32280000
1.87764441 75.16420000
1.88692279 74.98350000
1.89620115 74.78730000
1.90547953 74.58070000
1.91475789 74.36770000
1.92403626 74.15140000
1.93331464 73.93420000
1.94259301 73.71780000
1.95187138 73.50390000
1.96114975 73.31920000
1.97042811 73.26220000
1.97970649 73.20990000
1.98898485 73.16590000
1.99826323 73.12800000
2.00754160 73.09900000
2.01681997 73.10550000
2.02609834 73.26270000
2.03537671 73.42340000
2.04465507 73.58730000
2.05393345 73.75400000
2.06321181 73.92250000
2.07249019 74.09220000
2.08176856 74.26170000
2.09104693 74.42940000
2.10032530 74.59290000
2.10960367 74.74900000
2.11888204 74.89300000
2.12816041 75.01880000
2.13743877 75.11850000
2.14671715 75.18330000
2.15599552 75.20600000
2.15599552 75.20590000
2.16474326 75.17320000
2.17349098 75.08220000
2.18223872 74.95040000
2.19098645 74.79570000
2.19973419 74.63240000
2.20848191 74.47040000
2.21722965 74.31620000
2.22597737 74.17350000
2.23472511 74.04480000
2.24347283 73.93100000
2.25222057 73.83200000
2.26096830 73.74700000
2.26971604 73.67500000
2.27846376 73.61490000
2.28721150 73.56520000
2.29595922 73.52470000
2.30470696 73.49230000
2.31345468 73.46700000
2.32220242 73.44770000
2.33095015 73.43370000
2.33969789 73.42430000
2.34844561 73.41830000
2.35719335 73.41640000
2.36594107 73.51240000
2.37468881 73.70830000
2.38343653 73.90570000
2.39218427 74.10410000
2.40093200 74.30150000
2.40967974 74.49610000
2.41842746 74.68510000
2.42717520 74.86480000
2.43592292 75.03000000
2.44467066 75.17390000
2.45341838 75.28770000
2.46216612 75.36080000
2.47091385 75.38340000
2.47966159 75.34910000
2.48840931 75.24870000
2.49715705 75.10750000
2.50590477 74.92530000
2.51465251 74.71140000
2.52340023 74.47340000
2.53214797 74.21740000
2.54089570 73.94760000
2.54964344 73.66750000
2.55839116 73.49660000
2.56713890 73.46910000
2.57588662 73.43430000
2.58463436 73.39190000
2.59338208 73.34040000
2.60212982 73.27980000
2.61087755 73.20860000
2.61962529 73.12660000
2.62837301 73.03290000
2.63712075 72.92720000
2.64586847 72.80910000
2.65461621 72.67760000
2.66336393 72.53210000
2.67211167 72.37400000
2.68085940 72.20220000
2.68960714 72.01760000
2.69835486 71.81980000
2.70710260 71.60980000
2.71585032 71.38810000
2.72459806 71.15430000
2.73334578 70.90970000
2.74209352 70.65520000
2.75084125 70.39140000
2.75958899 70.11900000
2.76833671 69.83790000
2.77708445 69.54990000
2.78583217 69.25600000
2.79457991 68.95550000
2.80332763 68.65000000
2.81207537 68.34020000
2.82082310 68.02700000
2.82957084 67.71110000
2.83831856 67.39320000
2.84706630 67.07440000
2.85581402 66.75560000
2.86456176 66.43760000
2.87330948 66.12180000
2.88205722 65.80910000
2.89080495 65.50110000
2.89955269 65.19940000
2.90830041 64.90570000
2.91704815 64.62510000
2.92579587 64.35310000
2.93454361 64.09720000
2.94329133 63.88470000
2.95203907 64.07540000
2.96078680 64.29690000
2.96953454 64.54360000
2.97828226 64.80870000
2.98703000 65.08360000
2.99577772 65.35600000
3.00452546 65.60550000
3.01327318 65.79490000
3.02202092 65.86900000
3.02202092 65.86900000
3.02511372 65.86930000
3.02820651 65.87020000
3.03129930 65.87170000
3.03439209 65.87380000
3.03748487 65.87650000
3.04057767 65.87980000
3.04367045 65.88370000
3.04676324 65.88820000
3.04985604 65.89320000
3.05294883 65.89870000
3.05604162 65.90480000
3.05913441 65.91080000
3.06222719 65.91780000
3.06531999 65.92520000
3.06841277 65.93300000
3.07150557 65.94100000
3.07459836 65.94940000
3.07769115 65.95800000
3.08078394 65.96480000
3.08387673 65.97350000
3.08696951 65.98210000
3.09006231 65.99060000
3.09315509 65.99620000
3.09624789 66.00390000
3.09934068 66.01110000
3.10243347 66.01770000
3.10552626 66.02420000
3.10861905 66.02900000
3.11171183 66.03260000
3.11480463 66.03500000
3.11789741 66.03590000
3.12099021 66.03520000
3.12408300 66.03270000
3.12717579 66.02820000
3.13026858 66.02160000
3.13336137 66.01270000
3.13645415 66.00090000
3.13954695 65.98700000
3.14263974 65.97020000
3.14573253 65.95050000
3.14882532 65.92790000
3.15191811 65.89710000
3.15501090 65.87160000
3.15810369 65.83940000
3.16119647 65.80410000
3.16428927 65.76560000
3.16738206 65.72380000
3.17047485 65.67880000
3.17356764 65.63060000
3.17666043 65.58500000
3.17975322 65.53060000
3.18284601 65.47320000
3.18593879 65.41300000
3.18903159 65.35010000
3.19212438 65.28460000
3.19521717 65.21660000
3.19830996 65.14640000
3.20140275 65.07390000
3.20449554 65.00150000
3.20758833 64.92510000
3.21068111 64.84600000
3.21377391 64.76680000
3.21686670 64.68680000
3.21995949 64.60820000
3.22305228 64.54200000
3.22614507 64.54880000
3.22923786 64.61550000
3.23233065 64.69240000
3.23542343 64.77260000
3.23851623 64.85590000
3.24160902 64.93930000
3.24470181 65.02410000
3.24779460 65.11010000
3.25088739 65.19730000
3.25398018 65.28580000
3.25707297 65.37550000
3.26016576 65.46640000
3.26325855 65.55840000
3.26635134 65.65170000
3.26944413 65.74620000
3.27253692 65.84180000
3.27562971 65.93860000
3.27872250 66.03660000
3.28181529 66.13560000
3.28490808 66.23570000
3.28800087 66.33670000
3.29109366 66.43870000
3.29418645 66.54150000
3.29727924 66.64490000
3.30037203 66.74880000
3.30346482 66.85290000
3.30655761 66.95680000
3.30965040 67.06000000
3.31274320 67.16170000
3.31583598 67.26050000
3.31892877 67.35470000
3.32202156 67.44110000
3.32511435 67.51470000
3.32820714 67.56870000
3.32820714 67.56860000
3.32999277 67.56750000
3.33177839 67.56440000
3.33356401 67.55920000
3.33534964 67.55200000
3.33713526 67.54280000
3.33892088 67.53150000
3.34070650 67.51820000
3.34249213 67.50300000
3.34427776 67.48590000
3.34606337 67.46690000
3.34784900 67.44600000
3.34963463 67.42340000
3.35142024 67.39900000
3.35320587 67.37300000
3.35499148 67.34550000
3.35677711 67.31640000
3.35856274 67.28590000
3.36034836 67.25410000
3.36213398 67.22110000
3.36391961 67.18700000
3.36570523 67.15180000
3.36749086 67.11580000
3.36927647 67.07910000
3.37106210 67.04180000
3.37284773 67.00410000
3.37463334 66.96610000
3.37641897 66.92800000
3.37820460 66.89000000
3.37999021 66.85160000
3.38177584 66.81450000
3.38356146 66.77810000
3.38534708 66.74130000
3.38713271 66.70710000
3.38891833 66.67430000
3.39070395 66.64320000
3.39248958 66.61410000
3.39427520 66.58720000
3.39606083 66.56280000
3.39784644 66.54130000
3.39963207 66.52280000
3.40141770 66.50760000
3.40320331 66.49600000
3.40498894 66.48830000
3.40677457 66.48460000
3.40856018 66.48510000
3.41034581 66.49010000
3.41213143 66.49960000
3.41391705 66.51390000
3.41570268 66.53280000
3.41748830 66.55660000
3.41927393 66.58520000
3.42105955 66.61860000
3.42284517 66.65670000
3.42463080 66.69950000
3.42641641 66.74670000
3.42820204 66.79990000
3.42998767 66.85590000
3.43177328 66.91580000
3.43355891 66.97970000
3.43534454 67.04740000
3.43713015 67.11850000
3.43891578 67.19310000
3.44070140 67.27080000
3.44248702 67.35160000
3.44427265 67.43520000
3.44605827 67.52090000
3.44784390 67.60970000
3.44962952 67.70090000
3.45141514 67.79440000
3.45320077 67.89000000
3.45498638 67.98760000
3.45677201 68.08700000
3.45855764 68.18800000
3.46034325 68.29080000
3.46212888 68.39510000
3.46391451 68.50060000
3.46570012 68.60760000
3.46748575 68.71550000
3.46927137 68.82470000
3.47105700 68.93500000
3.47284262 69.04600000
3.47462824 69.15780000
3.47641387 69.27030000
3.47819950 69.38320000
3.47998511 69.49650000
3.48177074 69.60980000
3.48355635 69.72310000
3.48534198 69.83590000
3.48712761 69.94800000
3.48891322 70.05890000
3.49069885 70.16790000
3.49248448 70.27410000
3.49427010 70.37650000
3.49605572 70.47320000
3.49784134 70.56160000
3.49962697 70.63830000
3.50141259 70.69800000
3.50319821 70.72750000
3.50498384 70.74050000
3.50498384 70.74050000
3.50855508 70.70030000
3.51212634 70.64630000
3.51569758 70.58390000
3.51926882 70.51740000
3.52284007 70.44920000
3.52641132 70.36840000
3.52998257 70.22490000
3.53355381 70.07370000
3.53712505 69.91850000
3.54069631 69.76130000
3.54426755 69.60340000
3.54783879 69.44570000
3.55141004 69.28900000
3.55498129 69.13340000
3.55855254 68.97950000
3.56212378 68.82700000
3.56569502 68.67670000
3.56926628 68.52830000
3.57283752 68.38200000
3.57640876 68.23830000
3.57998001 68.09610000
3.58355126 67.95610000
3.58712251 67.81810000
3.59069375 67.68230000
3.59426499 67.54860000
3.59783625 67.41680000
3.60140749 67.28710000
3.60497873 67.15940000
3.60854998 67.03390000
3.61212123 66.90960000
3.61569248 66.78780000
3.61926372 66.66780000
3.62283496 66.54950000
3.62640622 66.43310000
3.62997746 66.31840000
3.63354871 66.20580000
3.63711995 66.09450000
3.64069121 65.98470000
3.64426245 65.87640000
3.64783369 65.76990000
3.65140493 65.66470000
3.65497619 65.56100000
3.65854743 65.45870000
3.66211868 65.35780000
3.66568992 65.25830000
3.66926118 65.16010000
3.67283242 65.06320000
3.67640366 64.96780000
3.67997490 64.87410000
3.68354616 64.78230000
3.68711740 64.69620000
3.69068865 64.64140000
3.69425989 64.71910000
3.69783115 64.84380000
3.70140239 64.96860000
3.70497363 65.08830000
3.70854488 65.20150000
3.71211613 65.30730000
3.71568737 65.40540000
3.71925862 65.49550000
3.72282986 65.57740000
3.72640112 65.64450000
3.72997236 65.71460000
3.73354360 65.77230000
3.73711485 65.82260000
3.74068610 65.86560000
3.74425735 65.90200000
3.74782859 65.93220000
3.75139983 65.95660000
3.75497109 65.97570000
3.75854233 65.99020000
3.76211357 66.00040000
3.76568482 66.00540000
3.76925607 66.00870000
3.77282732 66.00910000
3.77639856 66.00720000
3.77996980 66.00480000
3.78354106 65.99930000
3.78711230 65.99240000
3.79068354 65.98460000
3.79425479 65.97610000
3.79782604 65.96710000
3.80139729 65.95790000
3.80496853 65.95070000
3.80853977 65.94130000
3.81211103 65.93220000
3.81568227 65.92350000
3.81925351 65.91620000
3.82282476 65.90830000
3.82639601 65.90100000
3.82996726 65.89440000
3.83353850 65.88850000
3.83710974 65.88340000
3.84068100 65.87900000
3.84425224 65.87540000
3.84782349 65.87260000
3.85139473 65.87060000
3.85496599 65.86940000
3.85853723 65.86900000
3.85853723 65.86900000
3.86163002 65.86930000
3.86472281 65.87020000
3.86781560 65.87170000
3.87090839 65.87380000
3.87400118 65.87650000
3.87709397 65.87980000
3.88018676 65.88370000
3.88327955 65.88820000
3.88637234 65.89320000
3.88946513 65.89880000
3.89255792 65.90480000
3.89565071 65.91080000
3.89874350 65.91780000
3.90183629 65.92520000
3.90492908 65.93300000
3.90802187 65.94100000
3.91111466 65.94940000
3.91420745 65.95800000
3.91730024 65.96480000
3.92039303 65.97340000
3.92348582 65.98210000
3.92657862 65.99060000
3.92967140 65.99620000
3.93276419 66.00390000
3.93585698 66.01110000
3.93894977 66.01770000
3.94204256 66.02420000
3.94513535 66.02900000
3.94822814 66.03260000
3.95132094 66.03500000
3.95441372 66.03590000
3.95750651 66.03520000
3.96059930 66.03270000
3.96369209 66.02820000
3.96678488 66.02160000
3.96987767 66.01270000
3.97297046 66.00090000
3.97606326 65.98690000
3.97915604 65.97020000
3.98224883 65.95050000
3.98534162 65.92790000
3.98843441 65.89710000
3.99152720 65.87160000
3.99461999 65.83950000
3.99771278 65.80410000
4.00080558 65.76550000
4.00389836 65.72380000
4.00699115 65.67880000
4.01008394 65.63060000
4.01317673 65.58500000
4.01626952 65.53060000
4.01936231 65.47320000
4.02245510 65.41300000
4.02554790 65.35010000
4.02864068 65.28460000
4.03173347 65.21660000
4.03482626 65.14640000
4.03791905 65.07390000
4.04101184 65.00150000
4.04410464 64.92510000
4.04719742 64.84600000
4.05029022 64.76680000
4.05338300 64.68680000
4.05647579 64.60820000
4.05956858 64.54200000
4.06266137 64.54880000
4.06575416 64.61540000
4.06884696 64.69240000
4.07193974 64.77260000
4.07503254 64.85590000
4.07812532 64.93930000
4.08121811 65.02400000
4.08431090 65.11010000
4.08740369 65.19730000
4.09049648 65.28580000
4.09358928 65.37550000
4.09668206 65.46640000
4.09977486 65.55840000
4.10286764 65.65170000
4.10596043 65.74620000
4.10905322 65.84180000
4.11214601 65.93860000
4.11523881 66.03660000
4.11833160 66.13560000
4.12142438 66.23570000
4.12451718 66.33670000
4.12760996 66.43870000
4.13070275 66.54150000
4.13379554 66.64490000
4.13688833 66.74880000
4.13998113 66.85290000
4.14307392 66.95680000
4.14616670 67.06000000
4.14925950 67.16160000
4.15235228 67.26050000
4.15544507 67.35470000
4.15853786 67.44100000
4.16163065 67.51470000
4.16472345 67.56860000

0.00000000 77.58400000
0.00714250 77.59710000
0.01428499 77.63590000
0.02142749 77.69930000
0.02856997 77.78560000
0.03571247 77.89250000
0.04285496 78.01710000
0.04999746 78.15660000
0.05713994 78.30680000
0.06428244 78.46450000
0.07142493 78.62510000
0.07856743 78.78410000
0.08570991 78.93250000
0.09285241 79.07250000
0.09999490 79.19540000
0.10713740 79.29670000
0.11427988 79.37320000
0.12142238 79.41990000
0.12856487 79.43660000
0.13570737 79.41680000
0.14284985 79.34960000
0.14999235 79.28040000
0.15713484 79.18810000
0.16427734 79.07520000
0.17141982 78.94310000
0.17856232 78.79470000
0.18570481 78.63140000
0.19284731 78.45460000
0.19998979 78.26510000
0.20713229 78.06480000
0.21427478 77.85350000
0.22141728 77.63260000
0.22855977 77.40180000
0.23570227 77.16260000
0.24284475 76.91490000
0.24998725 76.65940000
0.25712974 76.39600000
0.26427224 76.12550000
0.27141472 75.84790000
0.27855722 75.56350000
0.28569971 75.27270000
0.29284221 74.97580000
0.29998469 74.67320000
0.30712719 74.36480000
0.31426968 74.05120000
0.32141218 73.73290000
0.32855466 73.41020000
0.33569716 73.08360000
0.34283965 72.75400000
0.34998215 72.44060000
0.35712463 72.36220000
0.36426713 72.26310000
0.37140962 72.14430000
0.37855212 72.00800000
0.38569460 71.85700000
0.39283710 71.52630000
0.39997959 71.04140000
0.40712209 70.55800000
0.41426457 70.07600000
0.42140707 69.59540000
0.42854956 69.36730000
0.43569206 69.28060000
0.44283455 69.23490000
0.44997705 69.22210000
0.45711953 69.23600000
0.46426203 69.26830000
0.47140452 69.31530000
0.47854702 69.37620000
0.48568950 69.44350000
0.49283200 69.51850000
0.49997449 69.59990000
0.50711699 69.68690000
0.51425947 69.77870000
0.52140197 69.87470000
0.52854446 69.97450000
0.53568696 70.07770000
0.54282944 70.18400000
0.54997194 70.29300000
0.55711443 70.40460000
0.56425693 70.51840000
0.57139941 70.63410000
0.57854191 70.75160000
0.58568440 70.87040000
0.59282690 70.99030000
0.59996938 71.11090000
0.60711188 71.23180000
0.61425437 71.34340000
0.62139687 71.46350000
0.62853935 71.58230000
0.63568185 71.69900000
0.64282434 71.81280000
0.64996684 71.92230000
0.65710933 72.02630000
0.66425183 72.12300000
0.67139431 72.21060000
0.67853681 72.28710000
0.68567930 72.34990000
0.69282180 72.39700000
0.69996428 72.42940000
0.70710678 72.43920000
0.70710678 72.43930000
0.71067802 72.43700000
0.71424928 72.42860000
0.71782052 72.41410000
0.72139177 72.39560000
0.72496301 72.37180000
0.72853427 72.34300000
0.73210551 72.30890000
0.73567675 72.26960000
0.73924799 72.22530000
0.74281925 72.17610000
0.74639049 72.12190000
0.74996174 72.06290000
0.75353298 71.99920000
0.75710424 71.93790000
0.76067548 71.86490000
0.76424672 71.78470000
0.76781797 71.70310000
0.77138922 71.61750000
0.77496047 71.52800000
0.77853171 71.43490000
0.78210295 71.34220000
0.78567421 71.24240000
0.78924545 71.13950000
0.79281669 71.03370000
0.79638794 70.92530000
0.79995919 70.81440000
0.80353044 70.70130000
0.80710168 70.58600000
0.81067292 70.46890000
0.81424418 70.35000000
0.81781542 70.22960000
0.82138666 70.10780000
0.82495791 69.98480000
0.82852916 69.86090000
0.83210041 69.73610000
0.83567165 69.61060000
0.83924289 69.48470000
0.84281415 69.35840000
0.84638539 69.23190000
0.84995663 69.10550000
0.85352788 68.98500000
0.85709913 68.85900000
0.86067038 68.73370000
0.86424162 68.60890000
0.86781286 68.48520000
0.87138412 68.36270000
0.87495536 68.24170000
0.87852661 68.12230000
0.88209785 68.00480000
0.88566910 67.88960000
0.88924035 67.77690000
0.89281159 67.66710000
0.89638283 67.56050000
0.89995409 67.45750000
0.90352533 67.35870000
0.90709658 67.26440000
0.91066782 67.17520000
0.91423908 67.09170000
0.91781032 67.01450000
0.92138156 66.94410000
0.92495280 66.88150000
0.92852406 66.82710000
0.93209530 66.78190000
0.93566655 66.74640000
0.93923779 66.72140000
0.94280905 66.70760000
0.94638029 66.70540000
0.94995153 66.71530000
0.95352277 66.73770000
0.95709403 66.77260000
0.96066527 66.82000000
0.96423652 66.87980000
0.96780776 66.95170000
0.97137902 67.03520000
0.97495026 67.12960000
0.97852150 67.23450000
0.98209275 67.34910000
0.98566400 67.47350000
0.98923525 67.60560000
0.99280649 67.74530000
0.99637773 67.89200000
0.99994899 68.04520000
1.00352023 68.20410000
1.00709147 68.36820000
1.01066272 68.53710000
1.01423397 68.71000000
1.01780522 68.88650000
1.02137646 69.06610000
1.02494770 69.24800000
1.02851896 69.43170000
1.03209020 69.61610000
1.03566144 69.80030000
1.03923269 69.98270000
1.04280394 70.16040000
1.04637519 70.33020000
1.04994643 70.48580000
1.05351767 70.61660000
1.05708893 70.70740000
1.06066017 70.74050000
1.06066017 70.74050000
1.06244580 70.73450000
1.06423141 70.70990000
1.06601704 70.68760000
1.06780267 70.66060000
1.06958829 70.62860000
1.07137391 70.59220000
1.07315953 70.55170000
1.07494516 70.50750000
1.07673079 70.46030000
1.07851640 70.41030000
1.08030203 70.35810000
1.08208766 70.30430000
1.08387327 70.24920000
1.08565890 70.19300000
1.08744451 70.13640000
1.08923014 70.07940000
1.09101577 70.02230000
1.09280139 69.96530000
1.09458701 69.90870000
1.09637264 69.85250000
1.09815826 69.79700000
1.09994388 69.74220000
1.10172950 69.68830000
1.10351513 69.63520000
1.10530076 69.58330000
1.10708637 69.53240000
1.10887200 69.48260000
1.11065763 69.43410000
1.11244324 69.38680000
1.11422887 69.34080000
1.11601448 69.29620000
1.11780011 69.25280000
1.11958574 69.21080000
1.12137136 69.17040000
1.12315698 69.13120000
1.12494261 69.09350000
1.12672823 69.05720000
1.12851386 69.02230000
1.13029947 68.98890000
1.13208510 68.95690000
1.13387073 68.92640000
1.13565634 68.89710000
1.13744197 68.86930000
1.13922760 68.84270000
1.14101321 68.81770000
1.14279884 68.79390000
1.14458446 68.77150000
1.14637008 68.75040000
1.14815571 68.73050000
1.14994133 68.71180000
1.15172696 68.69440000
1.15351258 68.67810000
1.15529820 68.66380000
1.15708383 68.64880000
1.15886944 68.63580000
1.16065507 68.62370000
1.16244070 68.61260000
1.16422631 68.60240000
1.16601194 68.59320000
1.16779757 68.58480000
1.16958318 68.57720000
1.17136881 68.57030000
1.17315443 68.56420000
1.17494005 68.55890000
1.17672568 68.55410000
1.17851130 68.54990000
1.18029693 68.54650000
1.18208255 68.54380000
1.18386817 68.54120000
1.18565380 68.53910000
1.18743941 68.53820000
1.18922504 68.53690000
1.19101067 68.53600000
1.19279628 68.53540000
1.19458191 68.53500000
1.19636754 68.53490000
1.19815315 68.53510000
1.19993878 68.53540000
1.20172440 68.53590000
1.20351003 68.53660000
1.20529565 68.53730000
1.20708127 68.53830000
1.20886690 68.53920000
1.21065252 68.54020000
1.21243814 68.54120000
1.21422377 68.54220000
1.21600938 68.54320000
1.21779501 68.54420000
1.21958064 68.54520000
1.22136625 68.54620000
1.22315188 68.54710000
1.22493751 68.54790000
1.22672312 68.54850000
1.22850875 68.54920000
1.23029437 68.54960000
1.23208000 68.55000000
1.23386562 68.55030000
1.23565124 68.55050000
1.23743687 68.55060000
1.23743687 68.55050000
1.24671524 68.75310000
1.25599361 68.97220000
1.26527198 69.20290000
1.27455035 69.44130000
1.28382872 69.68680000
1.29310709 69.93210000
1.30238546 70.02320000
1.31166383 69.61030000
1.32094220 69.19260000
1.33022057 68.77230000
1.33949894 68.35160000
1.34877731 68.36230000
1.35805568 68.60380000
1.36733405 68.86130000
1.37661242 69.13240000
1.38589079 69.41520000
1.39516916 69.70770000
1.40444754 70.01080000
1.41372590 69.99520000
1.42300427 69.81370000
1.43228264 69.64980000
1.44156101 69.50820000
1.45083938 69.39190000
1.46011775 69.30270000
1.46939612 69.24120000
1.47867450 69.20740000
1.48795286 69.20030000
1.49723124 69.21850000
1.50650960 69.26130000
1.51578797 69.32470000
1.52506634 69.53690000
1.53434471 69.80740000
1.54362308 70.00790000
1.55290146 70.14240000
1.56217983 70.22700000
1.57145820 70.27850000
1.58073657 70.30910000
1.59001493 70.41500000
1.59929331 70.60250000
1.60857167 70.78620000
1.61785005 70.98740000
1.62712842 71.19480000
1.63640679 71.40780000
1.64568516 71.62570000
1.65496353 71.84800000
1.66424190 72.06460000
1.67352027 72.40350000
1.68279863 72.76940000
1.69207701 73.12990000
1.70135538 73.48420000
1.71063375 73.83200000
1.71991212 74.17280000
1.72919049 74.50630000
1.73846886 74.84910000
1.74774723 75.16690000
1.75702560 75.47630000
1.76630397 75.77650000
1.77558234 76.06770000
1.78486071 76.34930000
1.79413908 76.35580000
1.80341745 76.38260000
1.81269582 76.44680000
1.82197419 76.55390000
1.83125256 76.70430000
1.84053093 76.89390000
1.84980930 77.11550000
1.85908768 77.36120000
1.86836605 77.62330000
1.87764441 77.89520000
1.88692279 78.17210000
1.89620115 78.45020000
1.90547953 78.72770000
1.91475789 78.99830000
1.92403626 79.26390000
1.93331464 79.44180000
1.94259301 79.52090000
1.95187138 79.58210000
1.96114975 79.62450000
1.97042811 79.64640000
1.97970649 79.64550000
1.98898485 79.63170000
1.99826323 79.58410000
2.00754160 79.51280000
2.01681997 79.41890000
2.02609834 79.30420000
2.03537671 79.17240000
2.04465507 79.02510000
2.05393345 78.86740000
2.06321181 78.70190000
2.07249019 78.53490000
2.08176856 78.36940000
2.09104693 78.20990000
2.10032530 78.06120000
2.10960367 77.92620000
2.11888204 77.80830000
2.12816041 77.71360000
2.13743877 77.64220000
2.14671715 77.59880000
2.15599552 77.58400000
2.15599552 77.58400000
2.16474326 77.58500000
2.17349098 77.58740000
2.18223872 77.59170000
2.19098645 77.59760000
2.19973419 77.60540000
2.20848191 77.61460000
2.21722965 77.62580000
2.22597737 77.63820000
2.23472511 77.65240000
2.24347283 77.66850000
2.25222057 77.68620000
2.26096830 77.70580000
2.26971604 77.72670000
2.27846376 77.74940000
2.28721150 77.77370000
2.29595922 77.79980000
2.30470696 77.82750000
2.31345468 77.85740000
2.32220242 77.88830000
2.33095015 77.92070000
2.33969789 77.95510000
2.34844561 77.99120000
2.35719335 78.02940000
2.36594107 78.06810000
2.37468881 78.11010000
2.38343653 78.15140000
2.39218427 78.19590000
2.40093200 78.24140000
2.40967974 78.28880000
2.41842746 78.33790000
2.42717520 78.38860000
2.43592292 78.44070000
2.44467066 78.49440000
2.45341838 78.36290000
2.46216612 78.25780000
2.47091385 78.20260000
2.47966159 78.20360000
2.48840931 78.26070000
2.49715705 78.36810000
2.50590477 78.51670000
2.51465251 78.69710000
2.52340023 78.90120000
2.53214797 79.11900000
2.54089570 79.02980000
2.54964344 78.91820000
2.55839116 78.80870000
2.56713890 78.70190000
2.57588662 78.59820000
2.58463436 78.49840000
2.59338208 78.40270000
2.60212982 78.31180000
2.61087755 78.22630000
2.61962529 78.14650000
2.62837301 78.07310000
2.63712075 78.00630000
2.64586847 77.94660000
2.65461621 77.89290000
2.66336393 77.84600000
2.67211167 77.80690000
2.68085940 77.77340000
2.68960714 77.74510000
2.69835486 77.72330000
2.70710260 77.70620000
2.71585032 77.69430000
2.72459806 77.68470000
2.73334578 77.67860000
2.74209352 77.67490000
2.75084125 77.67220000
2.75958899 77.67040000
2.76833671 77.66690000
2.77708445 77.66240000
2.78583217 77.65540000
2.79457991 77.64470000
2.80332763 77.48430000
2.81207537 77.05850000
2.82082310 76.63200000
2.82957084 76.19810000
2.83831856 75.76450000
2.84706630 75.33000000
2.85581402 74.89200000
2.86456176 74.45410000
2.87330948 74.01620000
2.88205722 73.57870000
2.89080495 73.14180000
2.89955269 72.70610000
2.90830041 72.27190000
2.91704815 71.83990000
2.92579587 71.40620000
2.93454361 70.98210000
2.94329133 70.56070000
2.95203907 70.14450000
2.96078680 69.73500000
2.96953454 69.33440000
2.97828226 68.94570000
2.98703000 68.57420000
2.99577772 68.22940000
3.00452546 67.92970000
3.01327318 67.71070000
3.02202092 67.62690000
3.02202092 67.62690000
3.02511372 67.63040000
3.02820651 67.64100000
3.03129930 67.65860000
3.03439209 67.68290000
3.03748487 67.71390000
3.04057767 67.75120000
3.04367045 67.79460000
3.04676324 67.84370000
3.04985604 67.89830000
3.05294883 67.95800000
3.05604162 68.02260000
3.05913441 68.09170000
3.06222719 68.16500000
3.06531999 68.24220000
3.06841277 68.32310000
3.07150557 68.40720000
3.07459836 68.49470000
3.07769115 68.58530000
3.08078394 68.67880000
3.08387673 68.77490000
3.08696951 68.87360000
3.09006231 68.97480000
3.09315509 69.07810000
3.09624789 69.18370000
3.09934068 69.29140000
3.10243347 69.40120000
3.10552626 69.51290000
3.10861905 69.62640000
3.11171183 69.74170000
3.11480463 69.85870000
3.11789741 69.97690000
3.12099021 70.09710000
3.12408300 70.21890000
3.12717579 70.34200000
3.13026858 70.46650000
3.13336137 70.59240000
3.13645415 70.71930000
3.13954695 70.84750000
3.14263974 70.97630000
3.14573253 71.10620000
3.14882532 71.23670000
3.15191811 71.36790000
3.15501090 71.49980000
3.15810369 71.63180000
3.16119647 71.49100000
3.16428927 71.27850000
3.16738206 71.06750000
3.17047485 70.85920000
3.17356764 70.65430000
3.17666043 70.45440000
3.17975322 70.25960000
3.18284601 70.07170000
3.18593879 69.89180000
3.18903159 69.72160000
3.19212438 69.56250000
3.19521717 69.41620000
3.19830996 69.28430000
3.20140275 69.16840000
3.20449554 69.06990000
3.20758833 68.98950000
3.21068111 68.92770000
3.21377391 68.88480000
3.21686670 68.86040000
3.21995949 68.85340000
3.22305228 68.86270000
3.22614507 68.88690000
3.22923786 68.92450000
3.23233065 68.97380000
3.23542343 69.03370000
3.23851623 69.10270000
3.24160902 69.17960000
3.24470181 69.26320000
3.24779460 69.35290000
3.25088739 69.44780000
3.25398018 69.54700000
3.25707297 69.65010000
3.26016576 69.75650000
3.26325855 69.86090000
3.26635134 69.97240000
3.26944413 70.08610000
3.27253692 70.20150000
3.27562971 70.31830000
3.27872250 70.43650000
3.28181529 70.55550000
3.28490808 70.67520000
3.28800087 70.68400000
3.29109366 70.47690000
3.29418645 70.27360000
3.29727924 70.07460000
3.30037203 69.88060000
3.30346482 69.69210000
3.30655761 69.51010000
3.30965040 69.33550000
3.31274320 69.16900000
3.31583598 69.01270000
3.31892877 68.86960000
3.32202156 68.74050000
3.32511435 68.63170000
3.32820714 68.55060000
3.32820714 68.55080000
3.32999277 68.55050000
3.33177839 68.55030000
3.33356401 68.55000000
3.33534964 68.54970000
3.33713526 68.54920000
3.33892088 68.54860000
3.34070650 68.54790000
3.34249213 68.54710000
3.34427776 68.54620000
3.34606337 68.54520000
3.34784900 68.54420000
3.34963463 68.54320000
3.35142024 68.54220000
3.35320587 68.54120000
3.35499148 68.54010000
3.35677711 68.53910000
3.35856274 68.53820000
3.36034836 68.53730000
3.36213398 68.53660000
3.36391961 68.53590000
3.36570523 68.53540000
3.36749086 68.53510000
3.36927647 68.53490000
3.37106210 68.53500000
3.37284773 68.53530000
3.37463334 68.53600000
3.37641897 68.53690000
3.37820460 68.53820000
3.37999021 68.53910000
3.38177584 68.54120000
3.38356146 68.54380000
3.38534708 68.54630000
3.38713271 68.54990000
3.38891833 68.55410000
3.39070395 68.55880000
3.39248958 68.56420000
3.39427520 68.57030000
3.39606083 68.57720000
3.39784644 68.58480000
3.39963207 68.59320000
3.40141770 68.60240000
3.40320331 68.61260000
3.40498894 68.62360000
3.40677457 68.63570000
3.40856018 68.64870000
3.41034581 68.66280000
3.41213143 68.67800000
3.41391705 68.69430000
3.41570268 68.71180000
3.41748830 68.73050000
3.41927393 68.75030000
3.42105955 68.77150000
3.42284517 68.79390000
3.42463080 68.81760000
3.42641641 68.84270000
3.42820204 68.86930000
3.42998767 68.89710000
3.43177328 68.92630000
3.43355891 68.95690000
3.43534454 68.98890000
3.43713015 69.02230000
3.43891578 69.05720000
3.44070140 69.09350000
3.44248702 69.13120000
3.44427265 69.17030000
3.44605827 69.21080000
3.44784390 69.25280000
3.44962952 69.29610000
3.45141514 69.34080000
3.45320077 69.38680000
3.45498638 69.43410000
3.45677201 69.48270000
3.45855764 69.53240000
3.46034325 69.58330000
3.46212888 69.63530000
3.46391451 69.68830000
3.46570012 69.74220000
3.46748575 69.79700000
3.46927137 69.85250000
3.47105700 69.90870000
3.47284262 69.96530000
3.47462824 70.02230000
3.47641387 70.07940000
3.47819950 70.13640000
3.47998511 70.19310000
3.48177074 70.24920000
3.48355635 70.30430000
3.48534198 70.35820000
3.48712761 70.41030000
3.48891322 70.46030000
3.49069885 70.50750000
3.49248448 70.55170000
3.49427010 70.59220000
3.49605572 70.62850000
3.49784134 70.66040000
3.49962697 70.68760000
3.50141259 70.70990000
3.50319821 70.73440000
3.50498384 70.74060000
3.50498384 70.74050000
3.50855508 70.75870000
3.51212634 70.74620000
3.51569758 70.69700000
3.51926882 70.61260000
3.52284007 70.50020000
3.52641132 70.38090000
3.52998257 70.31380000
3.53355381 70.24880000
3.53712505 70.18640000
3.54069631 70.12710000
3.54426755 70.07120000
3.54783879 70.01910000
3.55141004 69.97100000
3.55498129 69.92700000
3.55855254 69.88760000
3.56212378 69.85260000
3.56569502 69.82240000
3.56926628 69.79700000
3.57283752 69.77660000
3.57640876 69.76130000
3.57998001 69.75110000
3.58355126 69.74630000
3.58712251 69.74680000
3.59069375 69.75270000
3.59426499 69.76410000
3.59783625 69.78100000
3.60140749 69.80350000
3.60497873 69.83120000
3.60854998 69.86410000
3.61212123 69.90150000
3.61569248 69.94470000
3.61926372 69.99360000
3.62283496 70.04340000
3.62640622 70.09730000
3.62997746 70.15160000
3.63354871 70.20380000
3.63711995 70.24460000
3.64069121 70.26850000
3.64426245 70.27370000
3.64783369 70.27250000
3.65140493 70.26740000
3.65497619 70.26200000
3.65854743 70.25770000
3.66211868 70.25550000
3.66568992 70.25590000
3.66926118 70.25900000
3.67283242 70.26490000
3.67640366 70.27420000
3.67997490 70.28530000
3.68354616 70.30130000
3.68711740 70.31660000
3.69068865 70.33320000
3.69425989 70.35070000
3.69783115 70.36830000
3.70140239 70.38540000
3.70497363 70.40100000
3.70854488 70.41410000
3.71211613 70.42370000
3.71568737 70.42880000
3.71925862 70.42810000
3.72282986 70.42060000
3.72640112 70.40540000
3.72997236 70.38220000
3.73354360 70.34940000
3.73711485 70.30730000
3.74068610 70.25600000
3.74425735 70.19570000
3.74782859 70.12690000
3.75139983 70.05040000
3.75497109 69.96700000
3.75854233 69.87750000
3.76211357 69.78280000
3.76568482 69.68380000
3.76925607 69.58130000
3.77282732 69.47600000
3.77639856 69.36890000
3.77996980 69.26040000
3.78354106 69.15120000
3.78711230 69.04200000
3.79068354 68.93330000
3.79425479 68.82550000
3.79782604 68.71920000
3.80139729 68.61490000
3.80496853 68.51360000
3.80853977 68.41470000
3.81211103 68.31930000
3.81568227 68.22780000
3.81925351 68.14080000
3.82282476 68.05870000
3.82639601 67.98220000
3.82996726 67.91170000
3.83353850 67.84790000
3.83710974 67.79120000
3.84068100 67.74220000
3.84425224 67.70130000
3.84782349 67.66900000
3.85139473 67.64570000
3.85496599 67.63160000
3.85853723 67.62690000
3.85853723 67.62690000
3.86163002 67.63040000
3.86472281 67.64100000
3.86781560 67.65860000
3.87090839 67.68290000
3.87400118 67.71390000
3.87709397 67.75120000
3.88018676 67.79460000
3.88327955 67.84370000
3.88637234 67.89830000
3.88946513 67.95810000
3.89255792 68.02260000
3.89565071 68.09170000
3.89874350 68.16490000
3.90183629 68.24220000
3.90492908 68.32310000
3.90802187 68.40720000
3.91111466 68.49470000
3.91420745 68.58530000
3.91730024 68.67880000
3.92039303 68.77490000
3.92348582 68.87370000
3.92657862 68.97480000
3.92967140 69.07810000
3.93276419 69.18370000
3.93585698 69.29140000
3.93894977 69.40120000
3.94204256 69.51290000
3.94513535 69.62640000
3.94822814 69.74170000
3.95132094 69.85870000
3.95441372 69.97680000
3.95750651 70.09720000
3.96059930 70.21880000
3.96369209 70.34210000
3.96678488 70.46660000
3.96987767 70.59240000
3.97297046 70.71930000
3.97606326 70.84730000
3.97915604 70.97630000
3.98224883 71.10620000
3.98534162 71.23680000
3.98843441 71.36800000
3.99152720 71.49980000
3.99461999 71.63170000
3.99771278 71.49110000
4.00080558 71.27840000
4.00389836 71.06750000
4.00699115 70.85910000
4.01008394 70.65420000
4.01317673 70.45440000
4.01626952 70.25960000
4.01936231 70.07160000
4.02245510 69.89170000
4.02554790 69.72150000
4.02864068 69.56240000
4.03173347 69.41620000
4.03482626 69.28430000
4.03791905 69.16840000
4.04101184 69.06980000
4.04410464 68.98940000
4.04719742 68.92770000
4.05029022 68.88480000
4.05338300 68.86030000
4.05647579 68.85340000
4.05956858 68.86270000
4.06266137 68.88690000
4.06575416 68.92440000
4.06884696 68.97380000
4.07193974 69.03370000
4.07503254 69.10260000
4.07812532 69.17950000
4.08121811 69.26320000
4.08431090 69.35290000
4.08740369 69.44770000
4.09049648 69.54700000
4.09358928 69.65010000
4.09668206 69.75650000
4.09977486 69.86090000
4.10286764 69.97240000
4.10596043 70.08600000
4.10905322 70.20150000
4.11214601 70.31830000
4.11523881 70.43640000
4.11833160 70.55550000
4.12142438 70.67530000
4.12451718 70.68390000
4.12760996 70.47690000
4.13070275 70.27350000
4.13379554 70.07450000
4.13688833 69.88050000
4.13998113 69.69210000
4.14307392 69.51010000
4.14616670 69.33540000
4.14925950 69.16910000
4.15235228 69.01270000
4.15544507 68.86960000
4.15853786 68.74050000
4.16163065 68.63170000
4.16472345 68.55060000

0.00000000 77.58400000
0.00714250 77.59760000
0.01428499 77.63670000
0.02142749 77.70030000
0.02856997 77.79010000
0.03571247 77.89900000
0.04285496 78.02450000
0.04999746 78.15850000
0.05713994 78.31140000
0.06428244 78.48510000
0.07142493 78.62710000
0.07856743 78.79940000
0.08570991 78.93370000
0.09285241 79.09980000
0.09999490 79.19760000
0.10713740 79.34620000
0.11427988 79.37680000
0.12142238 79.42120000
0.12856487 79.43700000
0.13570737 79.41980000
0.14284985 79.35070000
0.14999235 79.28090000
0.15713484 79.19110000
0.16427734 79.08790000
0.17141982 78.94760000
0.17856232 78.79550000
0.18570481 78.63260000
0.19284731 78.45490000
0.19998979 78.26580000
0.20713229 78.32350000
0.21427478 78.52010000
0.22141728 78.72070000
0.22855977 78.92420000
0.23570227 79.13110000
0.24284475 79.12210000
0.24998725 78.89910000
0.25712974 78.67350000
0.26427224 78.44670000
0.27141472 78.21920000
0.27855722 77.99240000
0.28569971 77.76780000
0.29284221 77.54680000
0.29998469 77.33130000
0.30712719 77.12330000
0.31426968 76.90120000
0.32141218 76.41310000
0.32855466 75.92410000
0.33569716 75.43460000
0.34283965 74.94470000
0.34998215 74.45480000
0.35712463 73.96510000
0.36426713 73.47590000
0.37140962 72.98720000
0.37855212 72.49920000
0.38569460 72.01220000
0.39283710 71.69470000
0.39997959 71.52450000
0.40712209 71.34990000
0.41426457 71.17460000
0.42140707 71.00200000
0.42854956 70.83570000
0.43569206 70.67920000
0.44283455 70.53620000
0.44997705 70.41050000
0.45711953 70.30760000
0.46426203 70.22720000
0.47140452 70.17560000
0.47854702 70.15840000
0.48568950 70.17400000
0.49283200 70.22730000
0.49997449 70.32090000
0.50711699 70.45450000
0.51425947 70.62720000
0.52140197 70.83730000
0.52854446 71.08210000
0.53568696 71.35850000
0.54282944 71.66310000
0.54997194 71.99210000
0.55711443 72.34210000
0.56425693 72.70980000
0.57139941 73.09190000
0.57854191 73.48560000
0.58568440 73.88830000
0.59282690 74.29740000
0.59996938 74.71100000
0.60711188 75.12670000
0.61425437 75.54290000
0.62139687 75.95890000
0.62853935 76.37060000
0.63568185 76.35390000
0.64282434 76.19400000
0.64996684 76.03860000
0.65710933 75.89850000
0.66425183 75.77030000
0.67139431 75.65630000
0.67853681 75.55860000
0.68567930 75.47900000
0.69282180 75.42040000
0.69996428 75.40330000
0.70710678 75.39130000
0.70710678 75.39120000
0.71067802 75.38910000
0.71424928 75.38250000
0.71782052 75.36170000
0.72139177 75.34660000
0.72496301 75.32760000
0.72853427 75.30470000
0.73210551 75.27840000
0.73567675 75.24880000
0.73924799 75.21640000
0.74281925 75.18150000
0.74639049 75.14420000
0.74996174 75.10480000
0.75353298 75.06390000
0.75710424 75.03490000
0.76067548 74.99110000
0.76424672 74.93920000
0.76781797 74.89410000
0.77138922 74.84810000
0.77496047 74.80150000
0.77853171 74.75480000
0.78210295 74.71840000
0.78567421 74.67100000
0.78924545 74.62370000
0.79281669 74.57630000
0.79638794 74.52900000
0.79995919 74.48180000
0.80353044 74.43480000
0.80710168 74.38810000
0.81067292 74.34140000
0.81424418 74.29490000
0.81781542 74.24870000
0.82138666 74.20280000
0.82495791 74.15710000
0.82852916 74.11180000
0.83210041 74.06670000
0.83567165 74.02190000
0.83924289 73.97750000
0.84281415 73.93350000
0.84638539 73.88970000
0.84995663 73.84630000
0.85352788 73.80820000
0.85709913 73.76540000
0.86067038 73.72300000
0.86424162 73.68120000
0.86781286 73.63960000
0.87138412 73.59860000
0.87495536 73.55810000
0.87852661 73.51800000
0.88209785 73.47830000
0.88566910 73.43920000
0.88924035 73.40070000
0.89281159 73.36250000
0.89638283 73.32500000
0.89995409 73.28510000
0.90352533 73.24870000
0.90709658 73.21300000
0.91066782 73.17790000
0.91423908 73.14340000
0.91781032 73.10960000
0.92138156 73.07640000
0.92495280 73.04390000
0.92852406 73.01200000
0.93209530 72.98080000
0.93566655 72.95030000
0.93923779 72.92060000
0.94280905 72.89150000
0.94638029 72.86320000
0.94995153 72.83570000
0.95352277 72.80890000
0.95709403 72.78290000
0.96066527 72.75770000
0.96423652 72.73330000
0.96780776 72.70970000
0.97137902 72.69190000
0.97495026 72.66960000
0.97852150 72.64820000
0.98209275 72.62770000
0.98566400 72.60880000
0.98923525 72.58990000
0.99280649 72.57180000
0.99637773 72.55470000
0.99994899 72.53840000
1.00352023 72.52240000
1.00709147 72.50780000
1.01066272 72.49410000
1.01423397 72.48130000
1.01780522 72.46940000
1.02137646 72.45830000
1.02494770 72.44810000
1.02851896 72.43870000
1.03209020 72.43000000
1.03566144 72.42180000
1.03923269 72.41370000
1.04280394 72.40450000
1.04637519 72.38900000
1.04994643 72.33790000
1.05351767 72.23060000
1.05708893 72.14130000
1.06066017 72.10780000
1.06066017 72.10790000
1.06244580 72.06490000
1.06423141 72.02770000
1.06601704 71.99730000
1.06780267 71.97370000
1.06958829 71.95590000
1.07137391 71.94440000
1.07315953 71.93850000
1.07494516 71.93760000
1.07673079 71.94140000
1.07851640 71.94880000
1.08030203 71.95950000
1.08208766 71.97300000
1.08387327 71.98860000
1.08565890 72.00590000
1.08744451 72.02450000
1.08923014 72.04410000
1.09101577 72.06420000
1.09280139 72.08480000
1.09458701 72.09130000
1.09637264 72.07680000
1.09815826 72.06270000
1.09994388 72.05010000
1.10172950 72.03620000
1.10351513 72.02280000
1.10530076 72.00970000
1.10708637 71.99700000
1.10887200 71.98440000
1.11065763 71.97230000
1.11244324 71.96050000
1.11422887 71.94880000
1.11601448 71.93760000
1.11780011 71.92680000
1.11958574 71.91550000
1.12137136 71.90510000
1.12315698 71.89530000
1.12494261 71.88560000
1.12672823 71.87650000
1.12851386 71.86770000
1.13029947 71.85930000
1.13208510 71.85110000
1.13387073 71.84330000
1.13565634 71.83610000
1.13744197 71.82910000
1.13922760 71.82160000
1.14101321 71.81560000
1.14279884 71.80980000
1.14458446 71.80440000
1.14637008 71.79960000
1.14815571 71.79510000
1.14994133 71.79120000
1.15172696 71.78760000
1.15351258 71.78450000
1.15529820 71.78310000
1.15708383 71.77960000
1.15886944 71.77800000
1.16065507 71.77720000
1.16244070 71.77590000
1.16422631 71.77540000
1.16601194 71.77580000
1.16779757 71.77620000
1.16958318 71.77730000
1.17136881 71.77860000
1.17315443 71.78060000
1.17494005 71.78290000
1.17672568 71.78580000
1.17851130 71.78910000
1.18029693 71.79360000
1.18208255 71.79970000
1.18386817 71.80420000
1.18565380 71.80910000
1.18743941 71.81460000
1.18922504 71.82020000
1.19101067 71.82610000
1.19279628 71.83240000
1.19458191 71.83880000
1.19636754 71.84560000
1.19815315 71.85220000
1.19993878 71.85930000
1.20172440 71.86640000
1.20351003 71.87350000
1.20529565 71.88070000
1.20708127 71.88430000
1.20886690 71.89120000
1.21065252 71.89810000
1.21243814 71.90490000
1.21422377 71.91140000
1.21600938 71.91790000
1.21779501 71.92380000
1.21958064 71.92940000
1.22136625 71.93770000
1.22315188 71.94240000
1.22493751 71.94770000
1.22672312 71.95120000
1.22850875 71.95490000
1.23029437 71.95680000
1.23208000 71.95930000
1.23386562 71.96070000
1.23565124 71.96150000
1.23743687 71.96180000
1.23743687 71.96170000
1.24671524 71.93150000
1.25599361 71.90060000
1.26527198 71.59090000
1.27455035 71.21120000
1.28382872 70.82600000
1.29310709 70.42940000
1.30238546 70.17160000
1.31166383 70.39760000
1.32094220 70.60040000
1.33022057 70.76790000
1.33949894 70.88690000
1.34877731 70.94530000
1.35805568 70.93650000
1.36733405 70.86300000
1.37661242 70.73580000
1.38589079 70.57070000
1.39516916 70.38350000
1.40444754 70.18790000
1.41372590 70.31840000
1.42300427 70.63140000
1.43228264 70.94890000
1.44156101 71.22110000
1.45083938 71.19590000
1.46011775 71.17420000
1.46939612 71.15760000
1.47867450 71.14680000
1.48795286 71.14550000
1.49723124 71.15730000
1.50650960 71.18880000
1.51578797 71.24960000
1.52506634 71.35710000
1.53434471 71.52830000
1.54362308 71.77510000
1.55290146 72.09320000
1.56217983 72.46690000
1.57145820 72.87920000
1.58073657 73.31800000
1.59001493 73.77490000
1.59929331 74.24560000
1.60857167 74.72710000
1.61785005 75.21650000
1.62712842 75.71380000
1.63640679 76.21590000
1.64568516 76.72360000
1.65496353 77.01230000
1.66424190 77.02800000
1.67352027 77.02780000
1.68279863 77.00410000
1.69207701 76.96650000
1.70135538 76.91670000
1.71063375 76.85460000
1.71991212 76.78650000
1.72919049 76.71360000
1.73846886 76.63960000
1.74774723 76.56700000
1.75702560 76.49890000
1.76630397 76.43900000
1.77558234 76.39150000
1.78486071 76.36160000
1.79413908 76.62140000
1.80341745 76.93170000
1.81269582 77.18430000
1.82197419 77.42670000
1.83125256 77.65850000
1.84053093 77.87980000
1.84980930 78.09010000
1.85908768 78.28940000
1.86836605 78.47740000
1.87764441 78.65360000
1.88692279 78.81810000
1.89620115 78.97020000
1.90547953 79.10970000
1.91475789 79.23500000
1.92403626 79.34630000
1.93331464 79.52210000
1.94259301 79.77010000
1.95187138 80.00730000
1.96114975 80.23320000
1.97042811 80.44580000
1.97970649 80.64560000
1.98898485 80.83520000
1.99826323 80.99900000
2.00754160 81.13200000
2.01681997 80.80240000
2.02609834 80.50180000
2.03537671 80.20830000
2.04465507 79.92130000
2.05393345 79.63920000
2.06321181 79.36640000
2.07249019 79.10220000
2.08176856 78.84930000
2.09104693 78.60530000
2.10032530 78.37690000
2.10960367 78.16610000
2.11888204 77.97700000
2.12816041 77.81660000
2.13743877 77.69270000
2.14671715 77.61190000
2.15599552 77.58400000
2.15599552 77.58400000
2.16474326 77.62860000
2.17349098 77.75470000
2.18223872 77.94520000
2.19098645 78.18190000
2.19973419 78.45030000
2.20848191 78.73960000
2.21722965 79.04180000
2.22597737 79.35020000
2.23472511 79.65890000
2.24347283 79.96150000
2.25222057 80.25090000
2.26096830 80.51920000
2.26971604 80.75800000
2.27846376 80.95940000
2.28721150 81.11830000
2.29595922 81.23390000
2.30470696 81.30940000
2.31345468 81.35060000
2.32220242 81.36360000
2.33095015 81.22980000
2.33969789 81.04050000
2.34844561 80.80570000
2.35719335 80.60430000
2.36594107 80.39010000
2.37468881 80.17810000
2.38343653 79.95960000
2.39218427 79.73980000
2.40093200 79.51920000
2.40967974 79.29960000
2.41842746 79.08440000
2.42717520 78.87680000
2.43592292 78.68210000
2.44467066 78.50790000
2.45341838 78.54980000
2.46216612 78.60670000
2.47091385 78.66510000
2.47966159 78.72520000
2.48840931 78.78700000
2.49715705 78.84960000
2.50590477 78.91440000
2.51465251 78.98060000
2.52340023 79.04820000
2.53214797 79.12750000
2.54089570 79.03040000
2.54964344 78.91830000
2.55839116 78.80900000
2.56713890 78.70390000
2.57588662 78.59980000
2.58463436 78.49870000
2.59338208 78.40480000
2.60212982 78.31410000
2.61087755 78.23060000
2.61962529 78.14720000
2.62837301 78.07630000
2.63712075 78.01700000
2.64586847 77.95650000
2.65461621 77.89710000
2.66336393 77.85030000
2.67211167 77.80850000
2.68085940 77.78020000
2.68960714 77.75660000
2.69835486 77.72630000
2.70710260 77.70900000
2.71585032 77.70180000
2.72459806 77.70010000
2.73334578 77.68510000
2.74209352 77.68030000
2.75084125 77.69360000
2.75958899 77.73100000
2.76833671 77.66800000
2.77708445 77.67190000
2.78583217 77.66330000
2.79457991 77.65950000
2.80332763 77.62960000
2.81207537 77.61010000
2.82082310 77.58500000
2.82957084 77.55460000
2.83831856 77.51930000
2.84706630 77.47940000
2.85581402 77.43580000
2.86456176 77.38900000
2.87330948 77.34050000
2.88205722 77.29050000
2.89080495 77.24040000
2.89955269 77.19130000
2.90830041 77.14300000
2.91704815 77.10220000
2.92579587 77.05790000
2.93454361 77.02180000
2.94329133 76.98370000
2.95203907 76.94930000
2.96078680 76.91810000
2.96953454 76.89100000
2.97828226 76.86810000
2.98703000 76.84860000
2.99577772 76.83360000
3.00452546 76.82340000
3.01327318 76.81620000
3.02202092 76.81400000
3.02202092 76.81430000
3.02511372 76.81130000
3.02820651 76.80060000
3.03129930 76.78310000
3.03439209 76.75940000
3.03748487 76.72810000
3.04057767 76.69030000
3.04367045 76.64430000
3.04676324 76.59200000
3.04985604 76.53250000
3.05294883 76.46600000
3.05604162 76.39190000
3.05913441 76.31120000
3.06222719 76.22370000
3.06531999 76.12970000
3.06841277 76.02980000
3.07150557 75.92340000
3.07459836 75.81250000
3.07769115 75.69650000
3.08078394 75.57690000
3.08387673 75.45440000
3.08696951 75.32870000
3.09006231 75.20090000
3.09315509 75.06780000
3.09624789 74.93810000
3.09934068 74.80830000
3.10243347 74.67760000
3.10552626 74.54750000
3.10861905 74.41840000
3.11171183 74.28850000
3.11480463 74.15870000
3.11789741 74.02770000
3.12099021 73.89580000
3.12408300 73.75950000
3.12717579 73.61730000
3.13026858 73.46650000
3.13336137 73.30430000
3.13645415 73.12980000
3.13954695 72.94430000
3.14263974 72.74950000
3.14573253 72.54760000
3.14882532 72.34070000
3.15191811 72.13050000
3.15501090 71.91800000
3.15810369 71.70450000
3.16119647 71.76410000
3.16428927 71.89600000
3.16738206 72.02790000
3.17047485 72.15950000
3.17356764 72.29050000
3.17666043 72.42280000
3.17975322 72.55190000
3.18284601 72.57620000
3.18593879 72.53530000
3.18903159 72.49760000
3.19212438 72.46280000
3.19521717 72.43080000
3.19830996 72.40140000
3.20140275 72.37480000
3.20449554 72.35020000
3.20758833 72.32810000
3.21068111 72.30690000
3.21377391 72.28900000
3.21686670 72.27320000
3.21995949 72.25950000
3.22305228 72.24680000
3.22614507 72.23630000
3.22923786 72.22730000
3.23233065 72.21920000
3.23542343 72.21300000
3.23851623 72.20760000
3.24160902 72.20350000
3.24470181 72.20050000
3.24779460 72.19800000
3.25088739 72.19650000
3.25398018 72.19560000
3.25707297 72.19550000
3.26016576 72.19590000
3.26325855 72.19490000
3.26635134 72.17960000
3.26944413 71.96620000
3.27253692 71.75130000
3.27562971 71.53590000
3.27872250 71.32060000
3.28181529 71.10650000
3.28490808 70.89400000
3.28800087 70.79560000
3.29109366 70.91570000
3.29418645 71.03570000
3.29727924 71.15510000
3.30037203 71.27320000
3.30346482 71.38910000
3.30655761 71.50190000
3.30965040 71.60890000
3.31274320 71.70820000
3.31583598 71.80000000
3.31892877 71.86810000
3.32202156 71.91620000
3.32511435 71.94640000
3.32820714 71.96300000
3.32820714 71.96190000
3.32999277 71.96160000
3.33177839 71.96070000
3.33356401 71.95910000
3.33534964 71.95680000
3.33713526 71.95420000
3.33892088 71.95080000
3.34070650 71.94680000
3.34249213 71.94260000
3.34427776 71.93800000
3.34606337 71.92940000
3.34784900 71.92370000
3.34963463 71.91760000
3.35142024 71.91140000
3.35320587 71.90480000
3.35499148 71.89810000
3.35677711 71.89120000
3.35856274 71.88410000
3.36034836 71.88070000
3.36213398 71.87350000
3.36391961 71.86630000
3.36570523 71.85920000
3.36749086 71.85220000
3.36927647 71.84540000
3.37106210 71.83870000
3.37284773 71.83230000
3.37463334 71.82610000
3.37641897 71.82020000
3.37820460 71.81460000
3.37999021 71.80910000
3.38177584 71.80410000
3.38356146 71.79950000
3.38534708 71.79260000
3.38713271 71.78900000
3.38891833 71.78570000
3.39070395 71.78290000
3.39248958 71.78050000
3.39427520 71.77860000
3.39606083 71.77710000
3.39784644 71.77610000
3.39963207 71.77550000
3.40141770 71.77540000
3.40320331 71.77580000
3.40498894 71.77660000
3.40677457 71.77790000
3.40856018 71.77960000
3.41034581 71.78180000
3.41213143 71.78450000
3.41391705 71.78760000
3.41570268 71.79120000
3.41748830 71.79510000
3.41927393 71.79950000
3.42105955 71.80440000
3.42284517 71.80970000
3.42463080 71.81540000
3.42641641 71.82160000
3.42820204 71.82910000
3.42998767 71.83600000
3.43177328 71.84340000
3.43355891 71.85110000
3.43534454 71.85910000
3.43713015 71.86760000
3.43891578 71.87650000
3.44070140 71.88560000
3.44248702 71.89530000
3.44427265 71.90510000
3.44605827 71.91550000
3.44784390 71.92680000
3.44962952 71.93770000
3.45141514 71.94890000
3.45320077 71.96040000
3.45498638 71.97230000
3.45677201 71.98440000
3.45855764 71.99690000
3.46034325 72.00980000
3.46212888 72.02300000
3.46391451 72.03620000
3.46570012 72.04990000
3.46748575 72.06260000
3.46927137 72.07690000
3.47105700 72.09130000
3.47284262 72.08460000
3.47462824 72.06420000
3.47641387 72.04410000
3.47819950 72.02450000
3.47998511 72.00600000
3.48177074 71.98860000
3.48355635 71.97300000
3.48534198 71.95980000
3.48712761 71.94880000
3.48891322 71.94130000
3.49069885 71.93760000
3.49248448 71.93840000
3.49427010 71.94430000
3.49605572 71.95590000
3.49784134 71.97340000
3.49962697 71.99740000
3.50141259 72.02770000
3.50319821 72.06480000
3.50498384 72.10790000
3.50498384 72.10790000
3.50855508 71.99260000
3.51212634 71.91440000
3.51569758 71.87870000
3.51926882 71.88430000
3.52284007 71.92330000
3.52641132 71.98650000
3.52998257 72.00700000
3.53355381 71.94660000
3.53712505 71.88670000
3.54069631 71.82560000
3.54426755 71.76440000
3.54783879 71.70310000
3.55141004 71.64180000
3.55498129 71.58060000
3.55855254 71.51950000
3.56212378 71.45840000
3.56569502 71.39770000
3.56926628 71.33750000
3.57283752 71.27780000
3.57640876 71.21920000
3.57998001 71.15840000
3.58355126 71.10070000
3.58712251 71.04400000
3.59069375 70.98830000
3.59426499 70.93420000
3.59783625 70.88100000
3.60140749 70.82970000
3.60497873 70.78040000
3.60854998 70.73430000
3.61212123 70.68760000
3.61569248 70.64560000
3.61926372 70.60760000
3.62283496 70.57150000
3.62640622 70.54180000
3.62997746 70.51970000
3.63354871 70.50920000
3.63711995 70.51710000
3.64069121 70.54830000
3.64426245 70.60290000
3.64783369 70.67560000
3.65140493 70.75830000
3.65497619 70.84930000
3.65854743 70.94600000
3.66211868 71.04710000
3.66568992 71.15190000
3.66926118 71.25990000
3.67283242 71.37060000
3.67640366 71.48530000
3.67997490 71.60000000
3.68354616 71.71480000
3.68711740 71.83130000
3.69068865 71.94840000
3.69425989 72.06560000
3.69783115 72.18240000
3.70140239 72.29840000
3.70497363 72.41290000
3.70854488 72.52550000
3.71211613 72.63590000
3.71568737 72.74360000
3.71925862 72.84850000
3.72282986 72.95050000
3.72640112 73.04880000
3.72997236 73.14670000
3.73354360 73.24330000
3.73711485 73.34010000
3.74068610 73.43820000
3.74425735 73.53900000
3.74782859 73.64350000
3.75139983 73.75270000
3.75497109 73.86700000
3.75854233 73.98710000
3.76211357 74.11160000
3.76568482 74.24140000
3.76925607 74.37610000
3.77282732 74.51510000
3.77639856 74.65750000
3.77996980 74.80240000
3.78354106 74.94880000
3.78711230 75.09580000
3.79068354 75.24220000
3.79425479 75.38710000
3.79782604 75.52860000
3.80139729 75.66600000
3.80496853 75.79950000
3.80853977 75.92570000
3.81211103 76.04490000
3.81568227 76.15650000
3.81925351 76.26260000
3.82282476 76.35780000
3.82639601 76.44400000
3.82996726 76.52140000
3.83353850 76.58990000
3.83710974 76.64920000
3.84068100 76.69970000
3.84425224 76.74070000
3.84782349 76.77280000
3.85139473 76.79570000
3.85496599 76.81020000
3.85853723 76.81410000
3.85853723 76.81410000
3.86163002 76.81080000
3.86472281 76.80030000
3.86781560 76.78740000
3.87090839 76.76040000
3.87400118 76.72780000
3.87709397 76.69120000
3.88018676 76.64560000
3.88327955 76.59200000
3.88637234 76.53280000
3.88946513 76.46650000
3.89255792 76.39210000
3.89565071 76.31200000
3.89874350 76.22370000
3.90183629 76.12960000
3.90492908 76.03060000
3.90802187 75.92430000
3.91111466 75.81260000
3.91420745 75.69720000
3.91730024 75.57690000
3.92039303 75.45380000
3.92348582 75.32790000
3.92657862 75.19990000
3.92967140 75.06810000
3.93276419 74.93810000
3.93585698 74.80790000
3.93894977 74.67770000
3.94204256 74.54810000
3.94513535 74.41770000
3.94822814 74.28840000
3.95132094 74.15870000
3.95441372 74.02770000
3.95750651 73.89540000
3.96059930 73.75950000
3.96369209 73.61800000
3.96678488 73.46660000
3.96987767 73.30420000
3.97297046 73.12960000
3.97606326 72.94420000
3.97915604 72.74940000
3.98224883 72.54750000
3.98534162 72.34090000
3.98843441 72.13030000
3.99152720 71.91790000
3.99461999 71.70460000
3.99771278 71.76390000
4.00080558 71.89600000
4.00389836 72.02790000
4.00699115 72.15950000
4.01008394 72.29040000
4.01317673 72.42270000
4.01626952 72.55180000
4.01936231 72.57620000
4.02245510 72.53530000
4.02554790 72.49750000
4.02864068 72.46270000
4.03173347 72.43060000
4.03482626 72.40120000
4.03791905 72.37440000
4.04101184 72.35010000
4.04410464 72.32870000
4.04719742 72.30680000
4.05029022 72.28900000
4.05338300 72.27310000
4.05647579 72.25910000
4.05956858 72.24680000
4.06266137 72.23610000
4.06575416 72.22690000
4.06884696 72.21910000
4.07193974 72.21270000
4.07503254 72.20750000
4.07812532 72.20340000
4.08121811 72.20020000
4.08431090 72.19790000
4.08740369 72.19640000
4.09049648 72.19560000
4.09358928 72.19540000
4.09668206 72.19580000
4.09977486 72.19490000
4.10286764 72.17940000
4.10596043 71.96610000
4.10905322 71.75130000
4.11214601 71.53580000
4.11523881 71.32060000
4.11833160 71.10640000
4.12142438 70.89390000
4.12451718 70.79540000
4.12760996 70.91570000
4.13070275 71.03570000
4.13379554 71.15510000
4.13688833 71.27310000
4.13998113 71.38910000
4.14307392 71.50160000
4.14616670 71.60890000
4.14925950 71.70770000
4.15235228 71.80010000
4.15544507 71.86800000
4.15853786 71.91630000
4.16163065 71.94620000
4.16472345 71.96210000

0.00000000 77.58720000
0.00714250 77.67680000
0.01428499 77.92040000
0.02142749 78.25960000
0.02856997 78.65510000
0.03571247 79.07690000
0.04285496 79.52440000
0.04999746 79.97880000
0.05713994 80.45620000
0.06428244 80.91710000
0.07142493 81.40280000
0.07856743 81.87740000
0.08570991 82.43940000
0.09285241 82.66860000
0.09999490 82.47790000
0.10713740 82.58870000
0.11427988 82.76480000
0.12142238 82.17020000
0.12856487 82.04140000
0.13570737 81.85550000
0.14284985 81.70820000
0.14999235 81.56550000
0.15713484 81.41700000
0.16427734 81.26870000
0.17141982 81.09860000
0.17856232 80.92560000
0.18570481 80.74880000
0.19284731 80.56600000
0.19998979 80.37490000
0.20713229 80.17910000
0.21427478 79.97730000
0.22141728 79.77080000
0.22855977 79.55840000
0.23570227 79.34240000
0.24284475 79.33880000
0.24998725 79.54660000
0.25712974 79.74610000
0.26427224 79.89040000
0.27141472 79.71970000
0.27855722 79.29550000
0.28569971 78.83000000
0.29284221 78.35340000
0.29998469 77.87250000
0.30712719 77.38780000
0.31426968 76.92530000
0.32141218 76.73960000
0.32855466 76.56930000
0.33569716 76.42000000
0.34283965 76.28860000
0.34998215 76.18020000
0.35712463 76.09700000
0.36426713 76.03960000
0.37140962 76.00720000
0.37855212 75.99800000
0.38569460 76.01170000
0.39283710 76.04580000
0.39997959 76.09720000
0.40712209 76.16510000
0.41426457 76.24600000
0.42140707 76.33960000
0.42854956 76.44540000
0.43569206 76.55840000
0.44283455 76.68140000
0.44997705 76.81210000
0.45711953 76.95030000
0.46426203 77.09530000
0.47140452 77.24670000
0.47854702 77.40450000
0.48568950 77.56810000
0.49283200 77.73770000
0.49997449 77.91310000
0.50711699 78.09300000
0.51425947 78.27870000
0.52140197 78.47070000
0.52854446 78.66830000
0.53568696 78.87300000
0.54282944 78.97580000
0.54997194 78.74640000
0.55711443 78.52140000
0.56425693 78.30050000
0.57139941 78.08370000
0.57854191 77.87150000
0.58568440 77.66350000
0.59282690 77.46030000
0.59996938 77.26190000
0.60711188 77.06870000
0.61425437 76.87900000
0.62139687 76.69720000
0.62853935 76.52200000
0.63568185 76.35420000
0.64282434 76.19430000
0.64996684 76.03930000
0.65710933 75.90050000
0.66425183 75.77080000
0.67139431 75.65680000
0.67853681 75.55980000
0.68567930 75.47930000
0.69282180 75.42060000
0.69996428 75.40380000
0.70710678 75.39180000
0.70710678 75.39140000
0.71067802 75.38940000
0.71424928 75.38260000
0.71782052 75.36310000
0.72139177 75.34680000
0.72496301 75.32780000
0.72853427 75.30500000
0.73210551 75.27880000
0.73567675 75.24910000
0.73924799 75.21670000
0.74281925 75.18200000
0.74639049 75.14450000
0.74996174 75.10510000
0.75353298 75.06410000
0.75710424 75.03510000
0.76067548 74.99140000
0.76424672 74.93940000
0.76781797 74.89420000
0.77138922 74.84820000
0.77496047 74.80170000
0.77853171 74.75500000
0.78210295 74.71860000
0.78567421 74.67130000
0.78924545 74.62400000
0.79281669 74.57650000
0.79638794 74.52930000
0.79995919 74.48210000
0.80353044 74.43500000
0.80710168 74.38820000
0.81067292 74.34160000
0.81424418 74.29510000
0.81781542 74.24890000
0.82138666 74.20330000
0.82495791 74.15720000
0.82852916 74.11210000
0.83210041 74.06690000
0.83567165 74.02210000
0.83924289 73.97760000
0.84281415 73.93360000
0.84638539 73.88980000
0.84995663 73.84640000
0.85352788 73.80870000
0.85709913 73.76560000
0.86067038 73.72340000
0.86424162 73.68130000
0.86781286 73.63970000
0.87138412 73.59880000
0.87495536 73.55820000
0.87852661 73.51830000
0.88209785 73.47840000
0.88566910 73.43930000
0.88924035 73.40080000
0.89281159 73.36260000
0.89638283 73.32510000
0.89995409 73.28520000
0.90352533 73.24880000
0.90709658 73.21310000
0.91066782 73.17800000
0.91423908 73.14360000
0.91781032 73.10960000
0.92138156 73.07680000
0.92495280 73.04410000
0.92852406 73.01210000
0.93209530 72.98120000
0.93566655 72.95040000
0.93923779 72.92070000
0.94280905 72.89190000
0.94638029 72.86340000
0.94995153 72.83590000
0.95352277 72.80900000
0.95709403 72.78300000
0.96066527 72.75780000
0.96423652 72.73350000
0.96780776 72.70970000
0.97137902 72.69200000
0.97495026 72.66980000
0.97852150 72.64840000
0.98209275 72.62770000
0.98566400 72.60890000
0.98923525 72.59000000
0.99280649 72.57190000
0.99637773 72.55480000
0.99994899 72.53850000
1.00352023 72.52240000
1.00709147 72.50790000
1.01066272 72.49420000
1.01423397 72.48170000
1.01780522 72.46940000
1.02137646 72.45850000
1.02494770 72.44810000
1.02851896 72.43890000
1.03209020 72.43010000
1.03566144 72.42180000
1.03923269 72.41390000
1.04280394 72.40470000
1.04637519 72.38910000
1.04994643 72.33810000
1.05351767 72.23070000
1.05708893 72.14140000
1.06066017 72.10790000
1.06066017 72.10800000
1.06244580 72.17130000
1.06423141 72.26380000
1.06601704 72.34370000
1.06780267 72.33570000
1.06958829 72.31900000
1.07137391 72.30140000
1.07315953 72.28400000
1.07494516 72.26660000
1.07673079 72.24950000
1.07851640 72.23280000
1.08030203 72.21600000
1.08208766 72.19950000
1.08387327 72.18340000
1.08565890 72.16740000
1.08744451 72.15170000
1.08923014 72.13620000
1.09101577 72.12100000
1.09280139 72.10600000
1.09458701 72.10520000
1.09637264 72.12560000
1.09815826 72.14570000
1.09994388 72.16630000
1.10172950 72.18530000
1.10351513 72.20410000
1.10530076 72.22230000
1.10708637 72.23980000
1.10887200 72.25680000
1.11065763 72.27320000
1.11244324 72.28880000
1.11422887 72.30390000
1.11601448 72.31840000
1.11780011 72.33230000
1.11958574 72.33960000
1.12137136 72.35250000
1.12315698 72.36460000
1.12494261 72.37610000
1.12672823 72.38710000
1.12851386 72.39760000
1.13029947 72.40810000
1.13208510 72.41770000
1.13387073 72.42700000
1.13565634 72.43610000
1.13744197 72.44470000
1.13922760 72.44790000
1.14101321 72.45580000
1.14279884 72.46320000
1.14458446 72.47030000
1.14637008 72.47730000
1.14815571 72.48430000
1.14994133 72.49030000
1.15172696 72.49640000
1.15351258 72.50240000
1.15529820 72.50850000
1.15708383 72.51320000
1.15886944 72.51840000
1.16065507 72.52440000
1.16244070 72.52820000
1.16422631 72.53280000
1.16601194 72.53700000
1.16779757 72.54110000
1.16958318 72.54520000
1.17136881 72.54890000
1.17315443 72.55250000
1.17494005 72.55610000
1.17672568 72.55930000
1.17851130 72.56250000
1.18029693 72.56600000
1.18208255 72.57250000
1.18386817 72.57510000
1.18565380 72.57770000
1.18743941 72.58040000
1.18922504 72.58260000
1.19101067 72.58480000
1.19279628 72.58690000
1.19458191 72.58890000
1.19636754 72.59090000
1.19815315 72.59250000
1.19993878 72.59450000
1.20172440 72.59610000
1.20351003 72.59730000
1.20529565 72.59870000
1.20708127 72.59510000
1.20886690 72.59620000
1.21065252 72.59720000
1.21243814 72.59810000
1.21422377 72.59910000
1.21600938 72.59990000
1.21779501 72.60070000
1.21958064 72.60130000
1.22136625 72.60620000
1.22315188 72.60660000
1.22493751 72.60750000
1.22672312 72.60800000
1.22850875 72.60820000
1.23029437 72.60810000
1.23208000 72.60860000
1.23386562 72.60850000
1.23565124 72.60870000
1.23743687 72.60860000
1.23743687 72.60860000
1.24671524 72.28770000
1.25599361 71.94800000
1.26527198 71.86860000
1.27455035 71.82970000
1.28382872 71.79660000
1.29310709 71.76280000
1.30238546 71.72840000
1.31166383 71.69400000
1.32094220 71.65850000
1.33022057 71.62340000
1.33949894 71.58730000
1.34877731 71.55150000
1.35805568 71.51570000
1.36733405 71.47990000
1.37661242 71.44450000
1.38589079 71.40930000
1.39516916 71.37470000
1.40444754 71.34390000
1.41372590 71.31150000
1.42300427 71.27910000
1.43228264 71.24900000
1.44156101 71.26970000
1.45083938 71.59320000
1.46011775 71.91530000
1.46939612 72.24160000
1.47867450 72.56550000
1.48795286 72.88950000
1.49723124 73.21160000
1.50650960 73.53110000
1.51578797 73.83530000
1.52506634 74.14580000
1.53434471 74.45010000
1.54362308 74.74790000
1.55290146 75.03590000
1.56217983 75.31430000
1.57145820 75.58530000
1.58073657 75.83640000
1.59001493 76.07070000
1.59929331 76.28500000
1.60857167 76.47120000
1.61785005 76.63570000
1.62712842 76.77350000
1.63640679 76.88250000
1.64568516 76.96230000
1.65496353 77.23700000
1.66424190 77.75520000
1.67352027 78.27700000
1.68279863 78.80430000
1.69207701 79.33330000
1.70135538 79.86770000
1.71063375 80.40580000
1.71991212 80.94820000
1.72919049 81.35370000
1.73846886 81.05930000
1.74774723 80.76710000
1.75702560 80.48210000
1.76630397 80.20470000
1.77558234 79.93890000
1.78486071 79.68710000
1.79413908 79.45370000
1.80341745 79.24450000
1.81269582 79.06540000
1.82197419 78.92460000
1.83125256 78.82750000
1.84053093 78.78100000
1.84980930 78.78500000
1.85908768 78.83630000
1.86836605 78.92790000
1.87764441 79.05150000
1.88692279 79.19940000
1.89620115 79.36530000
1.90547953 79.54420000
1.91475789 79.72950000
1.92403626 79.92150000
1.93331464 80.11630000
1.94259301 80.31210000
1.95187138 80.50680000
1.96114975 80.70000000
1.97042811 80.89040000
1.97970649 81.07650000
1.98898485 81.30740000
1.99826323 81.42030000
2.00754160 81.14970000
2.01681997 81.25920000
2.02609834 81.34230000
2.03537671 81.38530000
2.04465507 81.37560000
2.05393345 81.26670000
2.06321181 81.06020000
2.07249019 80.76610000
2.08176856 80.39450000
2.09104693 79.98190000
2.10032530 79.53460000
2.10960367 79.09110000
2.11888204 78.66230000
2.12816041 78.26340000
2.13743877 77.91980000
2.14671715 77.67550000
2.15599552 77.58460000
2.15599552 77.58500000
2.16474326 77.62880000
2.17349098 77.75500000
2.18223872 77.94520000
2.19098645 78.18260000
2.19973419 78.45250000
2.20848191 78.73990000
2.21722965 79.04440000
2.22597737 79.35110000
2.23472511 79.66280000
2.24347283 79.96800000
2.25222057 80.25260000
2.26096830 80.52240000
2.26971604 80.76140000
2.27846376 80.98560000
2.28721150 81.12220000
2.29595922 81.24380000
2.30470696 81.31650000
2.31345468 81.35480000
2.32220242 81.37320000
2.33095015 81.35420000
2.33969789 81.32720000
2.34844561 81.27880000
2.35719335 81.22610000
2.36594107 81.13900000
2.37468881 81.06790000
2.38343653 80.99040000
2.39218427 80.90710000
2.40093200 80.81810000
2.40967974 80.72490000
2.41842746 80.62800000
2.42717520 80.52750000
2.43592292 80.42400000
2.44467066 80.31770000
2.45341838 80.20920000
2.46216612 80.09840000
2.47091385 79.98600000
2.47966159 79.87210000
2.48840931 79.71900000
2.49715705 79.60370000
2.50590477 79.48810000
2.51465251 79.37250000
2.52340023 79.25720000
2.53214797 79.14330000
2.54089570 79.18960000
2.54964344 79.26130000
2.55839116 79.33480000
2.56713890 79.40970000
2.57588662 79.48660000
2.58463436 79.56310000
2.59338208 79.64330000
2.60212982 79.72310000
2.61087755 79.80950000
2.61962529 79.88640000
2.62837301 79.96990000
2.63712075 80.05620000
2.64586847 80.15550000
2.65461621 80.23290000
2.66336393 80.31730000
2.67211167 80.42140000
2.68085940 80.53010000
2.68960714 80.60370000
2.69835486 80.68260000
2.70710260 80.83130000
2.71585032 80.88570000
2.72459806 80.99360000
2.73334578 80.64620000
2.74209352 80.27580000
2.75084125 79.90090000
2.75958899 79.51430000
2.76833671 79.11800000
2.77708445 78.71500000
2.78583217 78.32240000
2.79457991 77.91020000
2.80332763 77.63070000
2.81207537 77.61050000
2.82082310 77.58540000
2.82957084 77.55670000
2.83831856 77.51990000
2.84706630 77.48400000
2.85581402 77.43810000
2.86456176 77.39010000
2.87330948 77.34560000
2.88205722 77.29290000
2.89080495 77.24170000
2.89955269 77.19170000
2.90830041 77.14430000
2.91704815 77.10240000
2.92579587 77.06100000
2.93454361 77.02480000
2.94329133 76.98630000
2.95203907 76.94990000
2.96078680 76.91860000
2.96953454 76.89130000
2.97828226 76.86880000
2.98703000 76.84910000
2.99577772 76.83460000
3.00452546 76.82590000
3.01327318 76.81680000
3.02202092 76.81620000
3.02202092 76.81450000
3.02511372 76.81450000
3.02820651 76.81550000
3.03129930 76.81840000
3.03439209 76.81910000
3.03748487 76.82180000
3.04057767 76.82250000
3.04367045 76.82310000
3.04676324 76.82270000
3.04985604 76.82030000
3.05294883 76.81560000
3.05604162 76.80820000
3.05913441 76.78990000
3.06222719 76.77540000
3.06531999 76.75480000
3.06841277 76.73010000
3.07150557 76.69630000
3.07459836 76.66120000
3.07769115 76.62040000
3.08078394 76.57250000
3.08387673 76.52220000
3.08696951 76.46820000
3.09006231 76.38560000
3.09315509 76.19680000
3.09624789 76.01700000
3.09934068 75.83610000
3.10243347 75.65140000
3.10552626 75.46630000
3.10861905 75.27920000
3.11171183 75.09210000
3.11480463 74.90270000
3.11789741 74.71060000
3.12099021 74.52440000
3.12408300 74.34270000
3.12717579 74.16770000
3.13026858 74.00360000
3.13336137 73.85090000
3.13645415 73.71240000
3.13954695 73.58800000
3.14263974 73.47460000
3.14573253 73.37120000
3.14882532 73.27660000
3.15191811 73.18840000
3.15501090 73.10700000
3.15810369 73.03030000
3.16119647 72.95910000
3.16428927 72.89250000
3.16738206 72.83030000
3.17047485 72.77180000
3.17356764 72.71750000
3.17666043 72.66760000
3.17975322 72.62010000
3.18284601 72.67990000
3.18593879 72.80610000
3.18903159 72.93070000
3.19212438 73.05370000
3.19521717 73.17300000
3.19830996 73.28990000
3.20140275 73.40270000
3.20449554 73.51150000
3.20758833 73.61440000
3.21068111 73.71020000
3.21377391 73.79780000
3.21686670 73.87240000
3.21995949 73.93280000
3.22305228 73.97330000
3.22614507 73.99090000
3.22923786 73.98140000
3.23233065 73.94120000
3.23542343 73.87190000
3.23851623 73.77600000
3.24160902 73.65450000
3.24470181 73.51260000
3.24779460 73.35270000
3.25088739 73.17810000
3.25398018 72.99270000
3.25707297 72.79820000
3.26016576 72.59690000
3.26325855 72.39010000
3.26635134 72.19620000
3.26944413 72.19780000
3.27253692 72.19950000
3.27562971 72.20110000
3.27872250 72.20320000
3.28181529 72.20550000
3.28490808 72.20730000
3.28800087 72.20950000
3.29109366 72.21210000
3.29418645 72.21460000
3.29727924 72.21790000
3.30037203 72.22230000
3.30346482 72.22820000
3.30655761 72.23750000
3.30965040 72.25120000
3.31274320 72.27230000
3.31583598 72.30570000
3.31892877 72.35560000
3.32202156 72.42420000
3.32511435 72.50990000
3.32820714 72.60900000
3.32820714 72.60880000
3.32999277 72.60880000
3.33177839 72.60930000
3.33356401 72.60840000
3.33534964 72.60830000
3.33713526 72.60820000
3.33892088 72.60740000
3.34070650 72.60710000
3.34249213 72.60700000
3.34427776 72.60600000
3.34606337 72.60160000
3.34784900 72.60060000
3.34963463 72.59990000
3.35142024 72.59900000
3.35320587 72.59810000
3.35499148 72.59710000
3.35677711 72.59600000
3.35856274 72.59490000
3.36034836 72.59870000
3.36213398 72.59730000
3.36391961 72.59580000
3.36570523 72.59420000
3.36749086 72.59250000
3.36927647 72.59080000
3.37106210 72.58880000
3.37284773 72.58690000
3.37463334 72.58470000
3.37641897 72.58250000
3.37820460 72.58010000
3.37999021 72.57760000
3.38177584 72.57500000
3.38356146 72.57220000
3.38534708 72.56540000
3.38713271 72.56240000
3.38891833 72.55930000
3.39070395 72.55600000
3.39248958 72.55250000
3.39427520 72.54890000
3.39606083 72.54510000
3.39784644 72.54110000
3.39963207 72.53700000
3.40141770 72.53260000
3.40320331 72.52810000
3.40498894 72.52330000
3.40677457 72.51840000
3.40856018 72.51320000
3.41034581 72.50780000
3.41213143 72.50220000
3.41391705 72.49630000
3.41570268 72.49020000
3.41748830 72.48380000
3.41927393 72.47720000
3.42105955 72.47030000
3.42284517 72.46310000
3.42463080 72.45560000
3.42641641 72.44780000
3.42820204 72.44460000
3.42998767 72.43600000
3.43177328 72.42720000
3.43355891 72.41770000
3.43534454 72.40780000
3.43713015 72.39770000
3.43891578 72.38710000
3.44070140 72.37600000
3.44248702 72.36470000
3.44427265 72.35250000
3.44605827 72.33970000
3.44784390 72.33230000
3.44962952 72.31840000
3.45141514 72.30410000
3.45320077 72.28890000
3.45498638 72.27320000
3.45677201 72.25690000
3.45855764 72.23990000
3.46034325 72.22230000
3.46212888 72.20440000
3.46391451 72.18530000
3.46570012 72.16640000
3.46748575 72.14570000
3.46927137 72.12560000
3.47105700 72.10520000
3.47284262 72.10600000
3.47462824 72.12090000
3.47641387 72.13620000
3.47819950 72.15170000
3.47998511 72.16740000
3.48177074 72.18340000
3.48355635 72.19950000
3.48534198 72.21620000
3.48712761 72.23260000
3.48891322 72.24950000
3.49069885 72.26660000
3.49248448 72.28390000
3.49427010 72.30130000
3.49605572 72.31880000
3.49784134 72.33550000
3.49962697 72.34370000
3.50141259 72.26380000
3.50319821 72.17140000
3.50498384 72.10790000
3.50498384 72.10800000
3.50855508 72.25150000
3.51212634 72.30280000
3.51569758 72.24470000
3.51926882 72.18590000
3.52284007 72.12670000
3.52641132 72.06700000
3.52998257 72.06680000
3.53355381 72.15780000
3.53712505 72.25600000
3.54069631 72.35700000
3.54426755 72.45860000
3.54783879 72.55730000
3.55141004 72.65040000
3.55498129 72.73530000
3.55855254 72.81070000
3.56212378 72.87380000
3.56569502 72.92870000
3.56926628 72.97560000
3.57283752 73.01550000
3.57640876 73.05040000
3.57998001 73.07730000
3.58355126 73.10160000
3.58712251 73.12190000
3.59069375 73.13830000
3.59426499 73.15140000
3.59783625 73.16120000
3.60140749 73.16720000
3.60497873 73.17070000
3.60854998 73.17150000
3.61212123 73.16530000
3.61569248 73.16230000
3.61926372 73.15530000
3.62283496 73.14270000
3.62640622 73.13080000
3.62997746 73.11700000
3.63354871 73.10430000
3.63711995 73.08840000
3.64069121 73.07040000
3.64426245 73.05020000
3.64783369 73.03350000
3.65140493 73.01390000
3.65497619 72.99580000
3.65854743 72.97950000
3.66211868 72.96450000
3.66568992 72.95210000
3.66926118 72.94240000
3.67283242 72.93600000
3.67640366 72.93460000
3.67997490 72.93700000
3.68354616 72.94520000
3.68711740 72.95850000
3.69068865 72.97830000
3.69425989 73.00530000
3.69783115 73.03980000
3.70140239 73.08240000
3.70497363 73.13360000
3.70854488 73.19360000
3.71211613 73.26260000
3.71568737 73.34090000
3.71925862 73.42820000
3.72282986 73.52470000
3.72640112 73.62990000
3.72997236 73.74400000
3.73354360 73.86560000
3.73711485 73.99450000
3.74068610 74.12980000
3.74425735 74.27100000
3.74782859 74.41710000
3.75139983 74.56720000
3.75497109 74.72020000
3.75854233 74.87550000
3.76211357 75.03110000
3.76568482 75.18650000
3.76925607 75.34070000
3.77282732 75.49220000
3.77639856 75.64000000
3.77996980 75.78310000
3.78354106 75.91960000
3.78711230 76.04890000
3.79068354 76.16960000
3.79425479 76.28050000
3.79782604 76.38080000
3.80139729 76.47000000
3.80496853 76.55380000
3.80853977 76.62000000
3.81211103 76.67440000
3.81568227 76.71800000
3.81925351 76.76030000
3.82282476 76.78530000
3.82639601 76.80190000
3.82996726 76.81260000
3.83353850 76.81850000
3.83710974 76.82080000
3.84068100 76.82110000
3.84425224 76.81950000
3.84782349 76.81760000
3.85139473 76.81570000
3.85496599 76.81460000
3.85853723 76.81440000
3.85853723 76.81470000
3.86163002 76.81510000
3.86472281 76.81590000
3.86781560 76.81870000
3.87090839 76.81970000
3.87400118 76.82120000
3.87709397 76.82280000
3.88018676 76.82470000
3.88327955 76.82260000
3.88637234 76.82010000
3.88946513 76.81550000
3.89255792 76.80770000
3.89565071 76.79150000
3.89874350 76.77490000
3.90183629 76.75460000
3.90492908 76.72980000
3.90802187 76.69700000
3.91111466 76.66140000
3.91420745 76.62060000
3.91730024 76.57310000
3.92039303 76.52210000
3.92348582 76.46770000
3.92657862 76.38510000
3.92967140 76.19680000
3.93276419 76.01700000
3.93585698 75.83530000
3.93894977 75.65180000
3.94204256 75.46620000
3.94513535 75.27920000
3.94822814 75.09110000
3.95132094 74.90230000
3.95441372 74.71050000
3.95750651 74.52510000
3.96059930 74.34260000
3.96369209 74.16770000
3.96678488 74.00290000
3.96987767 73.85060000
3.97297046 73.71310000
3.97606326 73.58760000
3.97915604 73.47450000
3.98224883 73.37130000
3.98534162 73.27650000
3.98843441 73.18830000
3.99152720 73.10700000
3.99461999 73.03040000
3.99771278 72.95910000
4.00080558 72.89240000
4.00389836 72.83000000
4.00699115 72.77170000
4.01008394 72.71730000
4.01317673 72.66740000
4.01626952 72.62010000
4.01936231 72.67970000
4.02245510 72.80610000
4.02554790 72.93060000
4.02864068 73.05300000
4.03173347 73.17290000
4.03482626 73.28960000
4.03791905 73.40270000
4.04101184 73.51130000
4.04410464 73.61430000
4.04719742 73.71020000
4.05029022 73.79700000
4.05338300 73.87210000
4.05647579 73.93220000
4.05956858 73.97310000
4.06266137 73.99050000
4.06575416 73.98050000
4.06884696 73.94090000
4.07193974 73.87160000
4.07503254 73.77600000
4.07812532 73.65420000
4.08121811 73.51170000
4.08431090 73.35180000
4.08740369 73.17780000
4.09049648 72.99250000
4.09358928 72.79810000
4.09668206 72.59670000
4.09977486 72.39000000
4.10286764 72.19610000
4.10596043 72.19750000
4.10905322 72.19930000
4.11214601 72.20110000
4.11523881 72.20300000
4.11833160 72.20510000
4.12142438 72.20720000
4.12451718 72.20940000
4.12760996 72.21180000
4.13070275 72.21450000
4.13379554 72.21790000
4.13688833 72.22220000
4.13998113 72.22830000
4.14307392 72.23710000
4.14616670 72.25150000
4.14925950 72.27190000
4.15235228 72.30570000
4.15544507 72.35590000
4.15853786 72.42430000
4.16163065 72.51010000
4.16472345 72.60880000

0.00000000 83.14650000
0.00714250 83.14420000
0.01428499 83.13490000
0.02142749 83.12320000
0.02856997 83.09520000
0.03571247 83.06930000
0.04285496 83.03160000
0.04999746 83.00870000
0.05713994 82.99110000
0.06428244 82.93350000
0.07142493 82.82240000
0.07856743 82.79250000
0.08570991 82.71460000
0.09285241 82.94580000
0.09999490 83.16560000
0.10713740 83.25050000
0.11427988 83.36200000
0.12142238 83.50350000
0.12856487 83.67480000
0.13570737 83.87730000
0.14284985 84.09800000
0.14999235 84.35400000
0.15713484 84.63880000
0.16427734 84.94560000
0.17141982 85.25010000
0.17856232 85.57070000
0.18570481 85.18310000
0.19284731 84.78110000
0.19998979 84.38880000
0.20713229 83.94520000
0.21427478 83.51270000
0.22141728 83.07810000
0.22855977 82.62920000
0.23570227 82.17910000
0.24284475 81.72460000
0.24998725 81.27000000
0.25712974 80.82050000
0.26427224 80.42540000
0.27141472 80.34390000
0.27855722 80.51600000
0.28569971 80.72860000
0.29284221 80.95200000
0.29998469 81.18230000
0.30712719 81.41380000
0.31426968 81.64840000
0.32141218 81.88160000
0.32855466 82.11940000
0.33569716 82.35650000
0.34283965 82.58840000
0.34998215 82.82900000
0.35712463 83.07140000
0.36426713 83.30930000
0.37140962 83.52400000
0.37855212 83.76140000
0.38569460 84.42030000
0.39283710 84.37190000
0.39997959 84.48150000
0.40712209 84.17370000
0.41426457 83.85870000
0.42140707 83.55000000
0.42854956 83.24630000
0.43569206 82.94740000
0.44283455 82.65370000
0.44997705 82.36460000
0.45711953 82.03750000
0.46426203 81.75760000
0.47140452 81.48180000
0.47854702 81.22500000
0.48568950 80.95810000
0.49283200 80.69550000
0.49997449 80.43720000
0.50711699 80.18350000
0.51425947 79.93380000
0.52140197 79.68810000
0.52854446 79.44650000
0.53568696 79.20920000
0.54282944 78.97640000
0.54997194 78.74850000
0.55711443 78.52170000
0.56425693 78.30090000
0.57139941 78.08420000
0.57854191 77.87210000
0.58568440 77.66490000
0.59282690 77.46150000
0.59996938 77.26230000
0.60711188 77.06950000
0.61425437 76.87960000
0.62139687 76.69770000
0.62853935 76.52210000
0.63568185 76.77890000
0.64282434 77.18190000
0.64996684 77.57700000
0.65710933 77.96460000
0.66425183 78.34910000
0.67139431 78.71900000
0.67853681 79.08640000
0.68567930 79.43970000
0.69282180 79.78820000
0.69996428 80.13610000
0.70710678 80.46350000
0.70710678 80.46290000
0.71067802 80.46590000
0.71424928 80.47920000
0.71782052 80.49170000
0.72139177 80.52430000
0.72496301 80.54380000
0.72853427 80.57850000
0.73210551 80.61900000
0.73567675 80.66550000
0.73924799 80.71880000
0.74281925 80.77510000
0.74639049 80.83550000
0.74996174 80.89840000
0.75353298 80.96630000
0.75710424 81.04010000
0.76067548 81.11680000
0.76424672 81.18900000
0.76781797 81.26960000
0.77138922 81.35170000
0.77496047 81.43590000
0.77853171 81.51990000
0.78210295 81.60760000
0.78567421 81.69640000
0.78924545 81.78370000
0.79281669 81.87340000
0.79638794 81.96220000
0.79995919 82.05120000
0.80353044 82.14230000
0.80710168 82.23220000
0.81067292 82.32100000
0.81424418 82.40950000
0.81781542 82.50220000
0.82138666 82.58590000
0.82495791 82.67500000
0.82852916 82.75740000
0.83210041 82.85550000
0.83567165 82.92400000
0.83924289 83.00260000
0.84281415 83.07930000
0.84638539 83.15140000
0.84995663 83.22140000
0.85352788 83.31080000
0.85709913 83.34680000
0.86067038 83.39190000
0.86424162 83.41970000
0.86781286 83.43210000
0.87138412 83.43200000
0.87495536 83.40850000
0.87852661 83.34040000
0.88209785 83.22740000
0.88566910 83.09700000
0.88924035 82.95050000
0.89281159 82.76160000
0.89638283 82.56400000
0.89995409 82.35500000
0.90352533 82.13550000
0.90709658 81.90210000
0.91066782 81.67050000
0.91423908 81.42870000
0.91781032 81.18480000
0.92138156 80.93850000
0.92495280 80.69080000
0.92852406 80.44180000
0.93209530 80.19230000
0.93566655 79.93970000
0.93923779 79.68840000
0.94280905 79.43650000
0.94638029 79.18420000
0.94995153 78.93170000
0.95352277 78.68050000
0.95709403 78.42820000
0.96066527 78.17700000
0.96423652 77.92620000
0.96780776 77.67610000
0.97137902 77.42730000
0.97495026 77.17850000
0.97852150 76.93060000
0.98209275 76.68360000
0.98566400 76.43770000
0.98923525 76.19280000
0.99280649 75.94900000
0.99637773 75.70630000
0.99994899 75.46500000
1.00352023 75.22440000
1.00709147 74.98620000
1.01066272 74.74970000
1.01423397 74.51520000
1.01780522 74.28280000
1.02137646 74.05280000
1.02494770 73.82570000
1.02851896 73.60190000
1.03209020 73.38220000
1.03566144 73.16790000
1.03923269 72.96070000
1.04280394 72.76420000
1.04637519 72.58740000
1.04994643 72.46560000
1.05351767 72.42950000
1.05708893 72.42060000
1.06066017 72.41840000
1.06066017 72.41850000
1.06244580 72.39940000
1.06423141 72.38220000
1.06601704 72.40320000
1.06780267 72.50470000
1.06958829 72.52790000
1.07137391 72.55240000
1.07315953 72.57780000
1.07494516 72.60430000
1.07673079 72.63230000
1.07851640 72.66140000
1.08030203 72.69210000
1.08208766 72.72440000
1.08387327 72.75860000
1.08565890 72.79450000
1.08744451 72.83260000
1.08923014 72.87260000
1.09101577 72.91480000
1.09280139 72.95940000
1.09458701 73.00630000
1.09637264 73.05510000
1.09815826 73.10660000
1.09994388 73.16180000
1.10172950 73.21750000
1.10351513 73.27610000
1.10530076 73.33700000
1.10708637 73.40020000
1.10887200 73.46560000
1.11065763 73.53340000
1.11244324 73.60270000
1.11422887 73.67430000
1.11601448 73.74790000
1.11780011 73.82330000
1.11958574 73.89740000
1.12137136 73.97750000
1.12315698 74.05800000
1.12494261 74.14030000
1.12672823 74.22400000
1.12851386 74.30960000
1.13029947 74.39630000
1.13208510 74.48450000
1.13387073 74.57380000
1.13565634 74.66490000
1.13744197 74.75640000
1.13922760 74.84710000
1.14101321 74.94140000
1.14279884 75.03640000
1.14458446 75.13260000
1.14637008 75.22980000
1.14815571 75.32850000
1.14994133 75.42700000
1.15172696 75.52620000
1.15351258 75.62640000
1.15529820 75.72950000
1.15708383 75.82920000
1.15886944 75.93140000
1.16065507 76.03570000
1.16244070 76.13750000
1.16422631 76.24060000
1.16601194 76.34500000
1.16779757 76.44920000
1.16958318 76.55370000
1.17136881 76.65790000
1.17315443 76.76210000
1.17494005 76.86690000
1.17672568 76.97160000
1.17851130 77.07910000
1.18029693 77.18470000
1.18208255 77.28900000
1.18386817 77.39210000
1.18565380 77.49610000
1.18743941 77.59880000
1.18922504 77.70110000
1.19101067 77.80320000
1.19279628 77.90380000
1.19458191 78.00370000
1.19636754 78.10450000
1.19815315 78.20040000
1.19993878 78.29660000
1.20172440 78.39270000
1.20351003 78.48420000
1.20529565 78.57550000
1.20708127 78.70810000
1.20886690 78.75240000
1.21065252 78.83680000
1.21243814 78.92160000
1.21422377 79.00090000
1.21600938 79.07900000
1.21779501 79.14730000
1.21958064 79.21540000
1.22136625 79.28010000
1.22315188 79.33710000
1.22493751 79.40010000
1.22672312 79.43940000
1.22850875 79.52380000
1.23029437 79.51900000
1.23208000 79.54820000
1.23386562 79.56800000
1.23565124 79.57760000
1.23743687 79.58470000
1.23743687 79.58830000
1.24671524 79.09670000
1.25599361 78.63350000
1.26527198 78.13400000
1.27455035 77.67260000
1.28382872 77.22830000
1.29310709 76.80480000
1.30238546 76.40440000
1.31166383 76.03960000
1.32094220 75.71910000
1.33022057 75.45390000
1.33949894 75.26050000
1.34877731 75.14640000
1.35805568 75.12350000
1.36733405 75.19050000
1.37661242 75.33690000
1.38589079 75.54890000
1.39516916 75.81250000
1.40444754 76.11560000
1.41372590 76.44900000
1.42300427 76.80610000
1.43228264 77.18270000
1.44156101 77.57370000
1.45083938 77.97720000
1.46011775 78.39120000
1.46939612 79.06960000
1.47867450 79.24800000
1.48795286 79.67950000
1.49723124 80.13990000
1.50650960 80.56860000
1.51578797 81.03050000
1.52506634 81.38220000
1.53434471 81.28980000
1.54362308 81.37320000
1.55290146 81.12540000
1.56217983 81.04410000
1.57145820 80.97420000
1.58073657 80.94340000
1.59001493 80.87060000
1.59929331 80.83710000
1.60857167 80.84390000
1.61785005 80.84670000
1.62712842 80.85990000
1.63640679 80.91490000
1.64568516 80.99970000
1.65496353 81.10490000
1.66424190 81.23160000
1.67352027 81.38370000
1.68279863 81.54920000
1.69207701 81.73120000
1.70135538 81.92500000
1.71063375 81.95700000
1.71991212 81.65630000
1.72919049 81.49010000
1.73846886 82.03770000
1.74774723 82.58530000
1.75702560 83.14070000
1.76630397 83.42580000
1.77558234 83.64380000
1.78486071 83.86080000
1.79413908 84.07790000
1.80341745 84.31070000
1.81269582 84.52310000
1.82197419 84.74180000
1.83125256 84.94000000
1.84053093 85.15890000
1.84980930 85.35920000
1.85908768 85.58380000
1.86836605 85.79050000
1.87764441 85.87100000
1.88692279 85.51280000
1.89620115 85.16100000
1.90547953 84.79460000
1.91475789 84.45030000
1.92403626 84.08820000
1.93331464 83.74100000
1.94259301 83.39940000
1.95187138 83.05300000
1.96114975 82.71800000
1.97042811 82.38810000
1.97970649 82.05880000
1.98898485 81.73670000
1.99826323 81.48410000
2.00754160 81.67930000
2.01681997 81.81790000
2.02609834 81.97480000
2.03537671 82.12640000
2.04465507 82.36360000
2.05393345 82.40360000
2.06321181 82.53080000
2.07249019 82.67200000
2.08176856 82.83710000
2.09104693 82.90520000
2.10032530 82.95730000
2.10960367 83.00540000
2.11888204 83.07170000
2.12816041 83.09290000
2.13743877 83.12500000
2.14671715 83.14060000
2.15599552 83.14620000
2.15599552 83.14640000
2.16474326 83.14280000
2.17349098 83.14180000
2.18223872 83.12170000
2.19098645 83.10220000
2.19973419 83.03510000
2.20848191 83.00490000
2.21722965 82.96730000
2.22597737 82.86320000
2.23472511 82.88970000
2.24347283 82.70170000
2.25222057 82.57850000
2.26096830 82.44110000
2.26971604 82.32850000
2.27846376 82.19730000
2.28721150 82.06970000
2.29595922 81.90830000
2.30470696 81.75020000
2.31345468 81.60650000
2.32220242 81.41200000
2.33095015 81.35560000
2.33969789 81.32800000
2.34844561 81.27890000
2.35719335 81.22720000
2.36594107 81.13950000
2.37468881 81.07220000
2.38343653 80.99140000
2.39218427 80.90900000
2.40093200 80.81980000
2.40967974 80.72530000
2.41842746 80.62920000
2.42717520 80.52790000
2.43592292 80.42470000
2.44467066 80.31790000
2.45341838 80.20930000
2.46216612 80.09870000
2.47091385 79.98630000
2.47966159 79.87250000
2.48840931 79.71920000
2.49715705 79.60380000
2.50590477 79.48890000
2.51465251 79.37310000
2.52340023 79.25750000
2.53214797 79.14360000
2.54089570 79.36390000
2.54964344 79.61160000
2.55839116 79.86620000
2.56713890 80.12870000
2.57588662 80.39610000
2.58463436 80.67550000
2.59338208 80.94390000
2.60212982 81.22150000
2.61087755 81.53060000
2.61962529 81.77160000
2.62837301 82.06500000
2.63712075 82.30780000
2.64586847 82.62260000
2.65461621 82.78290000
2.66336393 82.89960000
2.67211167 82.78700000
2.68085940 82.53430000
2.68960714 82.27040000
2.69835486 81.99210000
2.70710260 81.69250000
2.71585032 81.33620000
2.72459806 81.20680000
2.73334578 81.05540000
2.74209352 80.85080000
2.75084125 80.65790000
2.75958899 80.48870000
2.76833671 80.31360000
2.77708445 80.16270000
2.78583217 80.02650000
2.79457991 79.90420000
2.80332763 79.79630000
2.81207537 79.70360000
2.82082310 79.62600000
2.82957084 79.56170000
2.83831856 79.51210000
2.84706630 79.47370000
2.85581402 79.44720000
2.86456176 79.43030000
2.87330948 79.42160000
2.88205722 79.42030000
2.89080495 79.42550000
2.89955269 79.43440000
2.90830041 79.44590000
2.91704815 79.46450000
2.92579587 79.48080000
2.93454361 79.49990000
2.94329133 79.51760000
2.95203907 79.53440000
2.96078680 79.55060000
2.96953454 79.56500000
2.97828226 79.57820000
2.98703000 79.58960000
2.99577772 79.59960000
3.00452546 79.60720000
3.01327318 79.60900000
3.02202092 79.61110000
3.02202092 79.61030000
3.02511372 79.59640000
3.02820651 79.54790000
3.03129930 79.47310000
3.03439209 79.37230000
3.03748487 79.25200000
3.04057767 79.11610000
3.04367045 78.96630000
3.04676324 78.80750000
3.04985604 78.64300000
3.05294883 78.47490000
3.05604162 78.30290000
3.05913441 78.12990000
3.06222719 77.95830000
3.06531999 77.78430000
3.06841277 77.60880000
3.07150557 77.43350000
3.07459836 77.25940000
3.07769115 77.08560000
3.08078394 76.91100000
3.08387673 76.73700000
3.08696951 76.56190000
3.09006231 76.40940000
3.09315509 76.34510000
3.09624789 76.28040000
3.09934068 76.21480000
3.10243347 76.14550000
3.10552626 76.07680000
3.10861905 76.00670000
3.11171183 75.93660000
3.11480463 75.86840000
3.11789741 75.79960000
3.12099021 75.73400000
3.12408300 75.67030000
3.12717579 75.61020000
3.13026858 75.55170000
3.13336137 75.49570000
3.13645415 75.44500000
3.13954695 75.39760000
3.14263974 75.35440000
3.14573253 75.31600000
3.14882532 75.28230000
3.15191811 75.25400000
3.15501090 75.23020000
3.15810369 75.21160000
3.16119647 75.19780000
3.16428927 75.18860000
3.16738206 75.18420000
3.17047485 75.18520000
3.17356764 75.19070000
3.17666043 75.20030000
3.17975322 75.21480000
3.18284601 75.23280000
3.18593879 75.25100000
3.18903159 75.27310000
3.19212438 75.29620000
3.19521717 75.32030000
3.19830996 75.34430000
3.20140275 75.36530000
3.20449554 75.38560000
3.20758833 75.40220000
3.21068111 75.41370000
3.21377391 75.42350000
3.21686670 75.42380000
3.21995949 75.43050000
3.22305228 75.43550000
3.22614507 75.45040000
3.22923786 75.47260000
3.23233065 75.50990000
3.23542343 75.56200000
3.23851623 75.62930000
3.24160902 75.70760000
3.24470181 75.79930000
3.24779460 75.89580000
3.25088739 76.00170000
3.25398018 76.11290000
3.25707297 76.22970000
3.26016576 76.35250000
3.26325855 76.47500000
3.26635134 76.60330000
3.26944413 76.73260000
3.27253692 76.86610000
3.27562971 77.00150000
3.27872250 77.13910000
3.28181529 77.27930000
3.28490808 77.42220000
3.28800087 77.56780000
3.29109366 77.71670000
3.29418645 77.86040000
3.29727924 78.00830000
3.30037203 78.16150000
3.30346482 78.30930000
3.30655761 78.46660000
3.30965040 78.62040000
3.31274320 78.77660000
3.31583598 78.94110000
3.31892877 79.09530000
3.32202156 79.26740000
3.32511435 79.41670000
3.32820714 79.58240000
3.32820714 79.58530000
3.32999277 79.57480000
3.33177839 79.58080000
3.33356401 79.55840000
3.33534964 79.52140000
3.33713526 79.49440000
3.33892088 79.44890000
3.34070650 79.39130000
3.34249213 79.35750000
3.34427776 79.28680000
3.34606337 79.23970000
3.34784900 79.14690000
3.34963463 79.07680000
3.35142024 78.99840000
3.35320587 78.91820000
3.35499148 78.83620000
3.35677711 78.75100000
3.35856274 78.66480000
3.36034836 78.57530000
3.36213398 78.48440000
3.36391961 78.39270000
3.36570523 78.29570000
3.36749086 78.19930000
3.36927647 78.10180000
3.37106210 78.00440000
3.37284773 77.90350000
3.37463334 77.80260000
3.37641897 77.70080000
3.37820460 77.59870000
3.37999021 77.49500000
3.38177584 77.39150000
3.38356146 77.28790000
3.38534708 77.18010000
3.38713271 77.07620000
3.38891833 76.97130000
3.39070395 76.86650000
3.39248958 76.76180000
3.39427520 76.65730000
3.39606083 76.55270000
3.39784644 76.44840000
3.39963207 76.34470000
3.40141770 76.24030000
3.40320331 76.13690000
3.40498894 76.03360000
3.40677457 75.93110000
3.40856018 75.82880000
3.41034581 75.72720000
3.41213143 75.62630000
3.41391705 75.52590000
3.41570268 75.42640000
3.41748830 75.32750000
3.41927393 75.22960000
3.42105955 75.13250000
3.42284517 75.03640000
3.42463080 74.94120000
3.42641641 74.84710000
3.42820204 74.75630000
3.42998767 74.66440000
3.43177328 74.57390000
3.43355891 74.48430000
3.43534454 74.39610000
3.43713015 74.30950000
3.43891578 74.22410000
3.44070140 74.14020000
3.44248702 74.05830000
3.44427265 73.97730000
3.44605827 73.89730000
3.44784390 73.82340000
3.44962952 73.74790000
3.45141514 73.67470000
3.45320077 73.60270000
3.45498638 73.53350000
3.45677201 73.46570000
3.45855764 73.40020000
3.46034325 73.33710000
3.46212888 73.27670000
3.46391451 73.21760000
3.46570012 73.16130000
3.46748575 73.10660000
3.46927137 73.05510000
3.47105700 73.00600000
3.47284262 72.95930000
3.47462824 72.91470000
3.47641387 72.87250000
3.47819950 72.83250000
3.47998511 72.79460000
3.48177074 72.75860000
3.48355635 72.72440000
3.48534198 72.69230000
3.48712761 72.66140000
3.48891322 72.63220000
3.49069885 72.60430000
3.49248448 72.57770000
3.49427010 72.55230000
3.49605572 72.52790000
3.49784134 72.50440000
3.49962697 72.40310000
3.50141259 72.38220000
3.50319821 72.39900000
3.50498384 72.41840000
3.50498384 72.41840000
3.50855508 72.36150000
3.51212634 72.41690000
3.51569758 72.58750000
3.51926882 72.64320000
3.52284007 72.69860000
3.52641132 72.75420000
3.52998257 72.81180000
3.53355381 72.86920000
3.53712505 72.92820000
3.54069631 72.99030000
3.54426755 73.05680000
3.54783879 73.12970000
3.55141004 73.21100000
3.55498129 73.30290000
3.55855254 73.40670000
3.56212378 73.51690000
3.56569502 73.64220000
3.56926628 73.77610000
3.57283752 73.91750000
3.57640876 74.06510000
3.57998001 74.21720000
3.58355126 74.37350000
3.58712251 74.53360000
3.59069375 74.69680000
3.59426499 74.86260000
3.59783625 75.03000000
3.60140749 75.19970000
3.60497873 75.37240000
3.60854998 75.58160000
3.61212123 75.71700000
3.61569248 75.90600000
3.61926372 76.07750000
3.62283496 76.24600000
3.62640622 76.42540000
3.62997746 76.60240000
3.63354871 76.78300000
3.63711995 76.97950000
3.64069121 77.13820000
3.64426245 77.31830000
3.64783369 77.49460000
3.65140493 77.67270000
3.65497619 77.72930000
3.65854743 77.51670000
3.66211868 77.30380000
3.66568992 77.09730000
3.66926118 76.89480000
3.67283242 76.70060000
3.67640366 76.50880000
3.67997490 76.32500000
3.68354616 76.14760000
3.68711740 75.97840000
3.69068865 75.81710000
3.69425989 75.66530000
3.69783115 75.52400000
3.70140239 75.39370000
3.70497363 75.27610000
3.70854488 75.17230000
3.71211613 75.08380000
3.71568737 75.01170000
3.71925862 74.95720000
3.72282986 74.92120000
3.72640112 74.90260000
3.72997236 74.90610000
3.73354360 74.92640000
3.73711485 74.96390000
3.74068610 75.01720000
3.74425735 75.08470000
3.74782859 75.16420000
3.75139983 75.25440000
3.75497109 75.35340000
3.75854233 75.46060000
3.76211357 75.57340000
3.76568482 75.69190000
3.76925607 75.81560000
3.77282732 75.94380000
3.77639856 76.07640000
3.77996980 76.21540000
3.78354106 76.35610000
3.78711230 76.50120000
3.79068354 76.65040000
3.79425479 76.80480000
3.79782604 76.96420000
3.80139729 77.12910000
3.80496853 77.30120000
3.80853977 77.47700000
3.81211103 77.65790000
3.81568227 77.84350000
3.81925351 78.03490000
3.82282476 78.22680000
3.82639601 78.41940000
3.82996726 78.61070000
3.83353850 78.79830000
3.83710974 78.97830000
3.84068100 79.14690000
3.84425224 79.29980000
3.84782349 79.42730000
3.85139473 79.52610000
3.85496599 79.59040000
3.85853723 79.61010000
3.85853723 79.61030000
3.86163002 79.59620000
3.86472281 79.54770000
3.86781560 79.49690000
3.87090839 79.37410000
3.87400118 79.25070000
3.87709397 79.11760000
3.88018676 78.96890000
3.88327955 78.80740000
3.88637234 78.64450000
3.88946513 78.47490000
3.89255792 78.30280000
3.89565071 78.13000000
3.89874350 77.95540000
3.90183629 77.78110000
3.90492908 77.60720000
3.90802187 77.43370000
3.91111466 77.25930000
3.91420745 77.08600000
3.91730024 76.91120000
3.92039303 76.73670000
3.92348582 76.56160000
3.92657862 76.40870000
3.92967140 76.34540000
3.93276419 76.28180000
3.93585698 76.21370000
3.93894977 76.14490000
3.94204256 76.07650000
3.94513535 76.00680000
3.94822814 75.93670000
3.95132094 75.86790000
3.95441372 75.80020000
3.95750651 75.73370000
3.96059930 75.66990000
3.96369209 75.60880000
3.96678488 75.55200000
3.96987767 75.49560000
3.97297046 75.44480000
3.97606326 75.39780000
3.97915604 75.35540000
3.98224883 75.31660000
3.98534162 75.28230000
3.98843441 75.25350000
3.99152720 75.23060000
3.99461999 75.21190000
3.99771278 75.19740000
4.00080558 75.18800000
4.00389836 75.18390000
4.00699115 75.18470000
4.01008394 75.19010000
4.01317673 75.20020000
4.01626952 75.21450000
4.01936231 75.23090000
4.02245510 75.25070000
4.02554790 75.27260000
4.02864068 75.29590000
4.03173347 75.31950000
4.03482626 75.34280000
4.03791905 75.36440000
4.04101184 75.38540000
4.04410464 75.40150000
4.04719742 75.41370000
4.05029022 75.42240000
4.05338300 75.42350000
4.05647579 75.42810000
4.05956858 75.43530000
4.06266137 75.44850000
4.06575416 75.47250000
4.06884696 75.50970000
4.07193974 75.56190000
4.07503254 75.62810000
4.07812532 75.70760000
4.08121811 75.79650000
4.08431090 75.89520000
4.08740369 76.00130000
4.09049648 76.11270000
4.09358928 76.22900000
4.09668206 76.35000000
4.09977486 76.47430000
4.10286764 76.60190000
4.10596043 76.73280000
4.10905322 76.86560000
4.11214601 77.00100000
4.11523881 77.13870000
4.11833160 77.27860000
4.12142438 77.42680000
4.12451718 77.56760000
4.12760996 77.71250000
4.13070275 77.85670000
4.13379554 78.00760000
4.13688833 78.15750000
4.13998113 78.30820000
4.14307392 78.46200000
4.14616670 78.63150000
4.14925950 78.77550000
4.15235228 78.93830000
4.15544507 79.09350000
4.15853786 79.25600000
4.16163065 79.41740000
4.16472345 79.57920000

0.00000000 83.14670000
0.00714250 83.14460000
0.01428499 83.13930000
0.02142749 83.13030000
0.02856997 83.11880000
0.03571247 83.10520000
0.04285496 83.09090000
0.04999746 83.07640000
0.05713994 83.06300000
0.06428244 83.05390000
0.07142493 83.05090000
0.07856743 83.05840000
0.08570991 83.07140000
0.09285241 83.11000000
0.09999490 83.22520000
0.10713740 83.79580000
0.11427988 83.62190000
0.12142238 83.51830000
0.12856487 83.69270000
0.13570737 84.48060000
0.14284985 84.12430000
0.14999235 84.35840000
0.15713484 84.68980000
0.16427734 86.04420000
0.17141982 85.59890000
0.17856232 85.59450000
0.18570481 85.91320000
0.19284731 86.26450000
0.19998979 86.62350000
0.20713229 86.98780000
0.21427478 87.35640000
0.22141728 87.72700000
0.22855977 88.09600000
0.23570227 88.46340000
0.24284475 88.82250000
0.24998725 89.16300000
0.25712974 89.54160000
0.26427224 89.72420000
0.27141472 89.91660000
0.27855722 89.95040000
0.28569971 89.83870000
0.29284221 89.60780000
0.29998469 89.32430000
0.30712719 89.01430000
0.31426968 88.65160000
0.32141218 88.29910000
0.32855466 87.93980000
0.33569716 87.57940000
0.34283965 87.22040000
0.34998215 86.86640000
0.35712463 86.51270000
0.36426713 86.16320000
0.37140962 85.81920000
0.37855212 85.48120000
0.38569460 85.14580000
0.39283710 84.81590000
0.39997959 84.49200000
0.40712209 84.17490000
0.41426457 83.92720000
0.42140707 83.64340000
0.42854956 83.66590000
0.43569206 82.95090000
0.44283455 82.66620000
0.44997705 82.36590000
0.45711953 82.04160000
0.46426203 81.76620000
0.47140452 81.48680000
0.47854702 81.23590000
0.48568950 80.95890000
0.49283200 80.70000000
0.49997449 80.43900000
0.50711699 80.18610000
0.51425947 79.93520000
0.52140197 79.68860000
0.52854446 79.44800000
0.53568696 79.20940000
0.54282944 79.08020000
0.54997194 79.29550000
0.55711443 79.51770000
0.56425693 79.74680000
0.57139941 79.98010000
0.57854191 80.22350000
0.58568440 80.47540000
0.59282690 80.72960000
0.59996938 80.99580000
0.60711188 81.27580000
0.61425437 81.55610000
0.62139687 81.86110000
0.62853935 82.15120000
0.63568185 82.49040000
0.64282434 82.93240000
0.64996684 82.98980000
0.65710933 82.70930000
0.66425183 82.29480000
0.67139431 82.02030000
0.67853681 81.71980000
0.68567930 81.41090000
0.69282180 81.10080000
0.69996428 80.78640000
0.70710678 80.46660000
0.70710678 80.47520000
0.71067802 80.47670000
0.71424928 80.48340000
0.71782052 80.49800000
0.72139177 80.53680000
0.72496301 80.54620000
0.72853427 80.58090000
0.73210551 80.62170000
0.73567675 80.67330000
0.73924799 80.72210000
0.74281925 80.78050000
0.74639049 80.83650000
0.74996174 80.90010000
0.75353298 80.97400000
0.75710424 81.04340000
0.76067548 81.13300000
0.76424672 81.19920000
0.76781797 81.27420000
0.77138922 81.36280000
0.77496047 81.44110000
0.77853171 81.52470000
0.78210295 81.61120000
0.78567421 81.70400000
0.78924545 81.79540000
0.79281669 81.88070000
0.79638794 81.96720000
0.79995919 82.05730000
0.80353044 82.16120000
0.80710168 82.24350000
0.81067292 82.32430000
0.81424418 82.41940000
0.81781542 82.50560000
0.82138666 82.58960000
0.82495791 82.68300000
0.82852916 82.76140000
0.83210041 82.93410000
0.83567165 82.92890000
0.83924289 83.00770000
0.84281415 83.13840000
0.84638539 83.15350000
0.84995663 83.23340000
0.85352788 83.47890000
0.85709913 83.37620000
0.86067038 83.49560000
0.86424162 83.46410000
0.86781286 83.46160000
0.87138412 83.50220000
0.87495536 83.49840000
0.87852661 83.52800000
0.88209785 83.24200000
0.88566910 83.12350000
0.88924035 83.02270000
0.89281159 82.77790000
0.89638283 82.61300000
0.89995409 82.38550000
0.90352533 82.19390000
0.90709658 81.90660000
0.91066782 81.68360000
0.91423908 81.45930000
0.91781032 81.19300000
0.92138156 80.98500000
0.92495280 80.69910000
0.92852406 80.44860000
0.93209530 80.19480000
0.93566655 79.94150000
0.93923779 79.69080000
0.94280905 79.44830000
0.94638029 79.19160000
0.94995153 78.93340000
0.95352277 78.68270000
0.95709403 78.42850000
0.96066527 78.17770000
0.96423652 77.92730000
0.96780776 77.67700000
0.97137902 77.42770000
0.97495026 77.17900000
0.97852150 76.93100000
0.98209275 76.68390000
0.98566400 76.43800000
0.98923525 76.19300000
0.99280649 75.94910000
0.99637773 75.70670000
0.99994899 75.46510000
1.00352023 75.22450000
1.00709147 74.98640000
1.01066272 74.75030000
1.01423397 74.51580000
1.01780522 74.28310000
1.02137646 74.05330000
1.02494770 73.82590000
1.02851896 73.60210000
1.03209020 73.38230000
1.03566144 73.16800000
1.03923269 72.96080000
1.04280394 72.76430000
1.04637519 72.58740000
1.04994643 72.46580000
1.05351767 72.42960000
1.05708893 72.42070000
1.06066017 72.41860000
1.06066017 72.41850000
1.06244580 72.43910000
1.06423141 72.46000000
1.06601704 72.48190000
1.06780267 72.53060000
1.06958829 72.67980000
1.07137391 72.83970000
1.07315953 73.00680000
1.07494516 73.17920000
1.07673079 73.35600000
1.07851640 73.53620000
1.08030203 73.71850000
1.08208766 73.90350000
1.08387327 74.09010000
1.08565890 74.27850000
1.08744451 74.46850000
1.08923014 74.65930000
1.09101577 74.85170000
1.09280139 75.04470000
1.09458701 75.23880000
1.09637264 75.43350000
1.09815826 75.62920000
1.09994388 75.82760000
1.10172950 76.02330000
1.10351513 76.22100000
1.10530076 76.41980000
1.10708637 76.61790000
1.10887200 76.81750000
1.11065763 77.01760000
1.11244324 77.21730000
1.11422887 77.41770000
1.11601448 77.61900000
1.11780011 77.82050000
1.11958574 78.02150000
1.12137136 78.22450000
1.12315698 78.42820000
1.12494261 78.62930000
1.12672823 78.83310000
1.12851386 79.03630000
1.13029947 79.24060000
1.13208510 79.44210000
1.13387073 79.64530000
1.13565634 79.85260000
1.13744197 80.05120000
1.13922760 80.25690000
1.14101321 80.46140000
1.14279884 80.66020000
1.14458446 80.86680000
1.14637008 81.07320000
1.14815571 81.26860000
1.14994133 81.48380000
1.15172696 81.67060000
1.15351258 81.87750000
1.15529820 82.23710000
1.15708383 82.25680000
1.15886944 82.44960000
1.16065507 83.85980000
1.16244070 82.83910000
1.16422631 83.12250000
1.16601194 83.26270000
1.16779757 83.48440000
1.16958318 83.41740000
1.17136881 83.64730000
1.17315443 83.79310000
1.17494005 83.57790000
1.17672568 83.66300000
1.17851130 83.52480000
1.18029693 83.62780000
1.18208255 83.56590000
1.18386817 83.47880000
1.18565380 83.30130000
1.18743941 83.24660000
1.18922504 83.17350000
1.19101067 83.17060000
1.19279628 83.05190000
1.19458191 83.05210000
1.19636754 82.92840000
1.19815315 82.83950000
1.19993878 82.95580000
1.20172440 82.68790000
1.20351003 82.65000000
1.20529565 82.69160000
1.20708127 82.56570000
1.20886690 82.45980000
1.21065252 82.46320000
1.21243814 82.40070000
1.21422377 82.33290000
1.21600938 82.29450000
1.21779501 82.40080000
1.21958064 82.20240000
1.22136625 82.29440000
1.22315188 82.19320000
1.22493751 82.12880000
1.22672312 82.19260000
1.22850875 82.10160000
1.23029437 82.08110000
1.23208000 82.03610000
1.23386562 82.09870000
1.23565124 82.04780000
1.23743687 82.07820000
1.23743687 82.08690000
1.24671524 81.95030000
1.25599361 82.07760000
1.26527198 81.61730000
1.27455035 81.51920000
1.28382872 81.61500000
1.29310709 82.21540000
1.30238546 81.61730000
1.31166383 81.23850000
1.32094220 81.23470000
1.33022057 81.66240000
1.33949894 81.65390000
1.34877731 81.22570000
1.35805568 81.26730000
1.36733405 81.29670000
1.37661242 81.34200000
1.38589079 81.42390000
1.39516916 81.52520000
1.40444754 81.52710000
1.41372590 81.62100000
1.42300427 81.74640000
1.43228264 81.78530000
1.44156101 81.96980000
1.45083938 81.98170000
1.46011775 82.03050000
1.46939612 81.94720000
1.47867450 81.90000000
1.48795286 81.90190000
1.49723124 81.80340000
1.50650960 81.72230000
1.51578797 81.47630000
1.52506634 81.51810000
1.53434471 81.98870000
1.54362308 82.46020000
1.55290146 82.84170000
1.56217983 83.29860000
1.57145820 83.74760000
1.58073657 84.01540000
1.59001493 84.33460000
1.59929331 84.49020000
1.60857167 84.67280000
1.61785005 84.78400000
1.62712842 84.64130000
1.63640679 84.54930000
1.64568516 84.13290000
1.65496353 83.76050000
1.66424190 83.52510000
1.67352027 83.18640000
1.68279863 82.84930000
1.69207701 82.55360000
1.70135538 82.25340000
1.71063375 82.12660000
1.71991212 82.33890000
1.72919049 82.54860000
1.73846886 82.76590000
1.74774723 82.98480000
1.75702560 83.20440000
1.76630397 83.69930000
1.77558234 84.24810000
1.78486071 84.80640000
1.79413908 85.36160000
1.80341745 85.97510000
1.81269582 86.46390000
1.82197419 87.01630000
1.83125256 87.30210000
1.84053093 87.30030000
1.84980930 86.93900000
1.85908768 86.61060000
1.86836605 86.36660000
1.87764441 85.96090000
1.88692279 86.17000000
1.89620115 86.35600000
1.90547953 86.55980000
1.91475789 86.47250000
1.92403626 86.28080000
1.93331464 85.92640000
1.94259301 85.48760000
1.95187138 85.13470000
1.96114975 84.87270000
1.97042811 84.61800000
1.97970649 84.37950000
1.98898485 84.16880000
1.99826323 84.00650000
2.00754160 83.88040000
2.01681997 83.67370000
2.02609834 83.56020000
2.03537671 83.46240000
2.04465507 83.52140000
2.05393345 83.42100000
2.06321181 83.30350000
2.07249019 83.23800000
2.08176856 83.19960000
2.09104693 83.14560000
2.10032530 83.10950000
2.10960367 83.13660000
2.11888204 83.12200000
2.12816041 83.14600000
2.13743877 83.14680000
2.14671715 83.14450000
2.15599552 83.14670000
2.15599552 83.14700000
2.16474326 83.14680000
2.17349098 83.14580000
2.18223872 83.14500000
2.19098645 83.14460000
2.19973419 83.14540000
2.20848191 83.14850000
2.21722965 83.15540000
2.22597737 83.16840000
2.23472511 83.19050000
2.24347283 83.22590000
2.25222057 83.27910000
2.26096830 83.35840000
2.26971604 83.47090000
2.27846376 83.62350000
2.28721150 83.82080000
2.29595922 84.06300000
2.30470696 84.34700000
2.31345468 84.67050000
2.32220242 85.01450000
2.33095015 85.38610000
2.33969789 85.77550000
2.34844561 86.17980000
2.35719335 86.66130000
2.36594107 87.09940000
2.37468881 87.53100000
2.38343653 87.94570000
2.39218427 88.03950000
2.40093200 87.81580000
2.40967974 87.67420000
2.41842746 87.61300000
2.42717520 87.43790000
2.43592292 87.34180000
2.44467066 87.19800000
2.45341838 87.07830000
2.46216612 86.95450000
2.47091385 86.83650000
2.47966159 86.71420000
2.48840931 86.59330000
2.49715705 86.46380000
2.50590477 86.34500000
2.51465251 86.22070000
2.52340023 86.08860000
2.53214797 85.97840000
2.54089570 85.83060000
2.54964344 85.68090000
2.55839116 85.53710000
2.56713890 85.45260000
2.57588662 85.24330000
2.58463436 85.17930000
2.59338208 85.23320000
2.60212982 84.76940000
2.61087755 84.65140000
2.61962529 84.42390000
2.62837301 84.28260000
2.63712075 84.04150000
2.64586847 83.77460000
2.65461621 83.57950000
2.66336393 83.24890000
2.67211167 82.84620000
2.68085940 82.55980000
2.68960714 82.27600000
2.69835486 82.02520000
2.70710260 81.75560000
2.71585032 81.50580000
2.72459806 81.27750000
2.73334578 81.06110000
2.74209352 80.92390000
2.75084125 80.89650000
2.75958899 81.32040000
2.76833671 80.32360000
2.77708445 80.43790000
2.78583217 80.16570000
2.79457991 79.95370000
2.80332763 79.83390000
2.81207537 79.73090000
2.82082310 79.63060000
2.82957084 79.57310000
2.83831856 79.52670000
2.84706630 79.49520000
2.85581402 79.45630000
2.86456176 79.43410000
2.87330948 79.43820000
2.88205722 79.42260000
2.89080495 79.43060000
2.89955269 79.44300000
2.90830041 79.44820000
2.91704815 79.46990000
2.92579587 79.48250000
2.93454361 79.51060000
2.94329133 79.52110000
2.95203907 79.53800000
2.96078680 79.55250000
2.96953454 79.56900000
2.97828226 79.58350000
2.98703000 79.59210000
2.99577772 79.60630000
3.00452546 79.61040000
3.01327318 79.61090000
3.02202092 79.62660000
3.02202092 79.61660000
3.02511372 79.60980000
3.02820651 79.60650000
3.03129930 79.60150000
3.03439209 79.59830000
3.03748487 79.57880000
3.04057767 79.56550000
3.04367045 79.55490000
3.04676324 79.54140000
3.04985604 79.53080000
3.05294883 79.51800000
3.05604162 79.51210000
3.05913441 79.50910000
3.06222719 79.51050000
3.06531999 79.51890000
3.06841277 79.53530000
3.07150557 79.54960000
3.07459836 79.57920000
3.07769115 79.61210000
3.08078394 79.65420000
3.08387673 79.70390000
3.08696951 79.76140000
3.09006231 79.84050000
3.09315509 79.90120000
3.09624789 79.97540000
3.09934068 80.05870000
3.10243347 80.14930000
3.10552626 80.24710000
3.10861905 80.34140000
3.11171183 80.45000000
3.11480463 80.56670000
3.11789741 80.65250000
3.12099021 80.79230000
3.12408300 80.90510000
3.12717579 81.04650000
3.13026858 81.15210000
3.13336137 81.22640000
3.13645415 81.36560000
3.13954695 81.44560000
3.14263974 81.57530000
3.14573253 81.81750000
3.14882532 81.85250000
3.15191811 81.92530000
3.15501090 81.98100000
3.15810369 81.97520000
3.16119647 82.09990000
3.16428927 82.06530000
3.16738206 81.91270000
3.17047485 82.09390000
3.17356764 81.84890000
3.17666043 81.56600000
3.17975322 81.45560000
3.18284601 81.36250000
3.18593879 81.24480000
3.18903159 80.90640000
3.19212438 80.74130000
3.19521717 80.60810000
3.19830996 80.37080000
3.20140275 80.20410000
3.20449554 80.06230000
3.20758833 79.91670000
3.21068111 79.77370000
3.21377391 79.65770000
3.21686670 79.57710000
3.21995949 79.48840000
3.22305228 79.43040000
3.22614507 79.39080000
3.22923786 79.37030000
3.23233065 79.38600000
3.23542343 79.43330000
3.23851623 80.04200000
3.24160902 79.48680000
3.24470181 79.78870000
3.24779460 79.63540000
3.25088739 79.72510000
3.25398018 79.86710000
3.25707297 79.94620000
3.26016576 80.04700000
3.26325855 80.52420000
3.26635134 80.38050000
3.26944413 80.40980000
3.27253692 80.65110000
3.27562971 80.66530000
3.27872250 80.78830000
3.28181529 81.17230000
3.28490808 81.04810000
3.28800087 81.29780000
3.29109366 81.28940000
3.29418645 81.44400000
3.29727924 81.52190000
3.30037203 81.59260000
3.30346482 81.67470000
3.30655761 81.73450000
3.30965040 81.77180000
3.31274320 81.82460000
3.31583598 81.86330000
3.31892877 81.96830000
3.32202156 82.01140000
3.32511435 82.04430000
3.32820714 82.01950000
3.32820714 82.04690000
3.32999277 82.01800000
3.33177839 82.05740000
3.33356401 82.07550000
3.33534964 82.10520000
3.33713526 82.11160000
3.33892088 82.10030000
3.34070650 82.12080000
3.34249213 82.13160000
3.34427776 82.21780000
3.34606337 82.24250000
3.34784900 82.25120000
3.34963463 82.44250000
3.35142024 82.34390000
3.35320587 82.50520000
3.35499148 82.49000000
3.35677711 82.63820000
3.35856274 82.52250000
3.36034836 82.76490000
3.36213398 82.74010000
3.36391961 82.73850000
3.36570523 82.81530000
3.36749086 82.91870000
3.36927647 83.04680000
3.37106210 83.03350000
3.37284773 83.07340000
3.37463334 83.23450000
3.37641897 83.29960000
3.37820460 83.27170000
3.37999021 83.33330000
3.38177584 83.34900000
3.38356146 83.50700000
3.38534708 83.57710000
3.38713271 83.68560000
3.38891833 83.54960000
3.39070395 83.80490000
3.39248958 83.67150000
3.39427520 83.60750000
3.39606083 83.48110000
3.39784644 83.68320000
3.39963207 83.40940000
3.40141770 83.06190000
3.40320331 82.83710000
3.40498894 82.63140000
3.40677457 82.44430000
3.40856018 82.26370000
3.41034581 82.06360000
3.41213143 81.89270000
3.41391705 81.66770000
3.41570268 81.46990000
3.41748830 81.26770000
3.41927393 81.06360000
3.42105955 80.86200000
3.42284517 80.66030000
3.42463080 80.45770000
3.42641641 80.25330000
3.42820204 80.05040000
3.42998767 79.84810000
3.43177328 79.64600000
3.43355891 79.44100000
3.43534454 79.23870000
3.43713015 79.03460000
3.43891578 78.83260000
3.44070140 78.62920000
3.44248702 78.42760000
3.44427265 78.22430000
3.44605827 78.03010000
3.44784390 77.82050000
3.44962952 77.61940000
3.45141514 77.41890000
3.45320077 77.21720000
3.45498638 77.01830000
3.45677201 76.81790000
3.45855764 76.61830000
3.46034325 76.41920000
3.46212888 76.22150000
3.46391451 76.02390000
3.46570012 75.82690000
3.46748575 75.62910000
3.46927137 75.43350000
3.47105700 75.23880000
3.47284262 75.04460000
3.47462824 74.85130000
3.47641387 74.65950000
3.47819950 74.46840000
3.47998511 74.27860000
3.48177074 74.09010000
3.48355635 73.90340000
3.48534198 73.71890000
3.48712761 73.53600000
3.48891322 73.35600000
3.49069885 73.17930000
3.49248448 73.00710000
3.49427010 72.83960000
3.49605572 72.67990000
3.49784134 72.53040000
3.49962697 72.48200000
3.50141259 72.46010000
3.50319821 72.43900000
3.50498384 72.41860000
3.50498384 72.41850000
3.50855508 72.47530000
3.51212634 72.53160000
3.51569758 72.59620000
3.51926882 72.78690000
3.52284007 72.98650000
3.52641132 73.19350000
3.52998257 73.40660000
3.53355381 73.62510000
3.53712505 73.84870000
3.54069631 74.07690000
3.54426755 74.30930000
3.54783879 74.54600000
3.55141004 74.78660000
3.55498129 75.03080000
3.55855254 75.27920000
3.56212378 75.53060000
3.56569502 75.78580000
3.56926628 76.04620000
3.57283752 76.30750000
3.57640876 76.57110000
3.57998001 76.83960000
3.58355126 77.11290000
3.58712251 77.38500000
3.59069375 77.66310000
3.59426499 77.95340000
3.59783625 78.22500000
3.60140749 78.50770000
3.60497873 78.82320000
3.60854998 79.22220000
3.61212123 79.37790000
3.61569248 79.75170000
3.61926372 80.04780000
3.62283496 79.89090000
3.62640622 79.54350000
3.62997746 79.32530000
3.63354871 79.09220000
3.63711995 78.89120000
3.64069121 78.63160000
3.64426245 78.40080000
3.64783369 78.19830000
3.65140493 77.94910000
3.65497619 77.84390000
3.65854743 78.02630000
3.66211868 78.19290000
3.66568992 78.36810000
3.66926118 78.54060000
3.67283242 78.71120000
3.67640366 78.87820000
3.67997490 79.04780000
3.68354616 79.21410000
3.68711740 79.37790000
3.69068865 79.54240000
3.69425989 79.70410000
3.69783115 79.86700000
3.70140239 80.02840000
3.70497363 80.18560000
3.70854488 80.34510000
3.71211613 80.50240000
3.71568737 80.67500000
3.71925862 80.81650000
3.72282986 80.97190000
3.72640112 81.12990000
3.72997236 81.32530000
3.73354360 81.44970000
3.73711485 81.57460000
3.74068610 81.65900000
3.74425735 81.75740000
3.74782859 81.47630000
3.75139983 81.21220000
3.75497109 81.04810000
3.75854233 81.07800000
3.76211357 80.74120000
3.76568482 80.59250000
3.76925607 80.45960000
3.77282732 80.32460000
3.77639856 80.20290000
3.77996980 80.08890000
3.78354106 79.98160000
3.78711230 79.88470000
3.79068354 79.79850000
3.79425479 79.72220000
3.79782604 79.65670000
3.80139729 79.60310000
3.80496853 79.55990000
3.80853977 79.52860000
3.81211103 79.50670000
3.81568227 79.49540000
3.81925351 79.49230000
3.82282476 79.49690000
3.82639601 79.50600000
3.82996726 79.51870000
3.83353850 79.53420000
3.83710974 79.55070000
3.84068100 79.56680000
3.84425224 79.58210000
3.84782349 79.59320000
3.85139473 79.60250000
3.85496599 79.63070000
3.85853723 79.61370000
3.85853723 79.61490000
3.86163002 79.61250000
3.86472281 79.60530000
3.86781560 79.68600000
3.87090839 79.59280000
3.87400118 79.57860000
3.87709397 79.56920000
3.88018676 79.55480000
3.88327955 79.53970000
3.88637234 79.52790000
3.88946513 79.52110000
3.89255792 79.51130000
3.89565071 79.51110000
3.89874350 79.50960000
3.90183629 79.51630000
3.90492908 79.53170000
3.90802187 79.54970000
3.91111466 79.57720000
3.91420745 79.61660000
3.91730024 79.65570000
3.92039303 79.70770000
3.92348582 79.76170000
3.92657862 79.82420000
3.92967140 79.90000000
3.93276419 79.98170000
3.93585698 80.05500000
3.93894977 80.14360000
3.94204256 80.24190000
3.94513535 80.36440000
3.94822814 80.46190000
3.95132094 80.54460000
3.95441372 80.66410000
3.95750651 80.76490000
3.96059930 80.88020000
3.96369209 81.01420000
3.96678488 81.10570000
3.96987767 81.27290000
3.97297046 81.47270000
3.97606326 81.45870000
3.97915604 81.57730000
3.98224883 81.98730000
3.98534162 81.83220000
3.98843441 82.00110000
3.99152720 82.19440000
3.99461999 81.98690000
3.99771278 82.04510000
4.00080558 82.04840000
4.00389836 81.90730000
4.00699115 81.80850000
4.01008394 82.14180000
4.01317673 81.56670000
4.01626952 81.53490000
4.01936231 81.28220000
4.02245510 81.10260000
4.02554790 80.89160000
4.02864068 80.83010000
4.03173347 80.57560000
4.03482626 80.62530000
4.03791905 80.23110000
4.04101184 80.05400000
4.04410464 79.93670000
4.04719742 79.83350000
4.05029022 79.66680000
4.05338300 79.55760000
4.05647579 79.48710000
4.05956858 79.43120000
4.06266137 79.39270000
4.06575416 79.39010000
4.06884696 79.37810000
4.07193974 79.39210000
4.07503254 79.44720000
4.07812532 79.49400000
4.08121811 79.56440000
4.08431090 79.64200000
4.08740369 79.74640000
4.09049648 79.82400000
4.09358928 80.03180000
4.09668206 80.05190000
4.09977486 80.16020000
4.10286764 80.28420000
4.10596043 80.45080000
4.10905322 80.55080000
4.11214601 80.71180000
4.11523881 80.89410000
4.11833160 81.00800000
4.12142438 81.21190000
4.12451718 81.23110000
4.12760996 81.48370000
4.13070275 81.45080000
4.13379554 81.48470000
4.13688833 81.63470000
4.13998113 81.67520000
4.14307392 81.74460000
4.14616670 81.80710000
4.14925950 81.81790000
4.15235228 81.95810000
4.15544507 81.93310000
4.15853786 81.99650000
4.16163065 82.02940000
4.16472345 82.09490000

