#  E (eV)   dos(E)     Int dos(E) EFermi =   12.825 eV
 -50.000  0.1312E-84  0.2623E-86
 -49.980  0.1312E-84  0.5247E-86
 -49.960  0.1312E-84  0.7870E-86
 -49.940  0.1312E-84  0.1049E-85
 -49.920  0.1312E-84  0.1312E-85
 -49.900  0.1312E-84  0.1574E-85
 -49.880  0.1312E-84  0.1836E-85
 -49.860  0.1312E-84  0.2099E-85
 -49.840  0.1312E-84  0.2361E-85
 -49.820  0.1312E-84  0.2623E-85
 -49.800  0.1312E-84  0.2886E-85
 -49.780  0.1312E-84  0.3148E-85
 -49.760  0.1312E-84  0.3410E-85
 -49.740  0.1312E-84  0.3673E-85
 -49.720  0.1312E-84  0.3935E-85
 -49.700  0.1312E-84  0.4197E-85
 -49.680  0.1312E-84  0.4460E-85
 -49.660  0.1312E-84  0.4722E-85
 -49.640  0.1312E-84  0.4984E-85
 -49.620  0.1312E-84  0.5247E-85
 -49.600  0.1312E-84  0.5509E-85
 -49.580  0.1312E-84  0.5771E-85
 -49.560  0.1312E-84  0.6034E-85
 -49.540  0.1312E-84  0.6296E-85
 -49.520  0.1312E-84  0.6558E-85
 -49.500  0.1312E-84  0.6821E-85
 -49.480  0.1312E-84  0.7083E-85
 -49.460  0.1312E-84  0.7345E-85
 -49.440  0.1312E-84  0.7608E-85
 -49.420  0.1312E-84  0.7870E-85
 -49.400  0.1312E-84  0.8132E-85
 -49.380  0.1312E-84  0.8395E-85
 -49.360  0.1312E-84  0.8657E-85
 -49.340  0.1312E-84  0.8919E-85
 -49.320  0.1312E-84  0.9182E-85
 -49.300  0.1312E-84  0.9444E-85
 -49.280  0.1312E-84  0.9706E-85
 -49.260  0.1312E-84  0.9969E-85
 -49.240  0.1312E-84  0.1023E-84
 -49.220  0.1312E-84  0.1049E-84
 -49.200  0.1312E-84  0.1076E-84
 -49.180  0.1312E-84  0.1102E-84
 -49.160  0.1312E-84  0.1128E-84
 -49.140  0.1312E-84  0.1154E-84
 -49.120  0.1312E-84  0.1181E-84
 -49.100  0.1312E-84  0.1207E-84
 -49.080  0.1312E-84  0.1233E-84
 -49.060  0.1312E-84  0.1259E-84
 -49.040  0.1312E-84  0.1285E-84
 -49.020  0.1312E-84  0.1312E-84
 -49.000  0.1312E-84  0.1338E-84
 -48.980  0.1312E-84  0.1364E-84
 -48.960  0.1312E-84  0.1390E-84
 -48.940  0.1312E-84  0.1417E-84
 -48.920  0.1312E-84  0.1443E-84
 -48.900  0.1312E-84  0.1469E-84
 -48.880  0.1312E-84  0.1495E-84
 -48.860  0.1312E-84  0.1522E-84
 -48.840  0.1312E-84  0.1548E-84
 -48.820  0.1312E-84  0.1574E-84
 -48.800  0.1312E-84  0.1600E-84
 -48.780  0.1312E-84  0.1626E-84
 -48.760  0.1312E-84  0.1653E-84
 -48.740  0.1312E-84  0.1679E-84
 -48.720  0.1312E-84  0.1705E-84
 -48.700  0.1312E-84  0.1731E-84
 -48.680  0.1312E-84  0.1758E-84
 -48.660  0.1312E-84  0.1784E-84
 -48.640  0.1312E-84  0.1810E-84
 -48.620  0.1312E-84  0.1836E-84
 -48.600  0.1312E-84  0.1863E-84
 -48.580  0.1312E-84  0.1889E-84
 -48.560  0.1312E-84  0.1915E-84
 -48.540  0.1312E-84  0.1941E-84
 -48.520  0.1312E-84  0.1968E-84
 -48.500  0.1312E-84  0.1994E-84
 -48.480  0.1312E-84  0.2020E-84
 -48.460  0.1312E-84  0.2046E-84
 -48.440  0.1312E-84  0.2072E-84
 -48.420  0.1312E-84  0.2099E-84
 -48.400  0.1312E-84  0.2125E-84
 -48.380  0.1312E-84  0.2151E-84
 -48.360  0.1312E-84  0.2177E-84
 -48.340  0.1312E-84  0.2204E-84
 -48.320  0.1312E-84  0.2230E-84
 -48.300  0.1312E-84  0.2256E-84
 -48.280  0.1312E-84  0.2282E-84
 -48.260  0.1312E-84  0.2309E-84
 -48.240  0.1312E-84  0.2335E-84
 -48.220  0.1312E-84  0.2361E-84
 -48.200  0.1312E-84  0.2387E-84
 -48.180  0.1312E-84  0.2414E-84
 -48.160  0.1312E-84  0.2440E-84
 -48.140  0.1312E-84  0.2466E-84
 -48.120  0.1312E-84  0.2492E-84
 -48.100  0.1312E-84  0.2518E-84
 -48.080  0.1312E-84  0.2545E-84
 -48.060  0.1312E-84  0.2571E-84
 -48.040  0.1312E-84  0.2597E-84
 -48.020  0.1312E-84  0.2623E-84
 -48.000  0.1312E-84  0.2650E-84
 -47.980  0.1312E-84  0.2676E-84
 -47.960  0.1312E-84  0.2702E-84
 -47.940  0.1312E-84  0.2728E-84
 -47.920  0.1312E-84  0.2755E-84
 -47.900  0.1312E-84  0.2781E-84
 -47.880  0.1312E-84  0.2807E-84
 -47.860  0.1312E-84  0.2833E-84
 -47.840  0.1312E-84  0.2859E-84
 -47.820  0.1312E-84  0.2886E-84
 -47.800  0.1312E-84  0.2912E-84
 -47.780  0.1312E-84  0.2938E-84
 -47.760  0.1312E-84  0.2964E-84
 -47.740  0.1312E-84  0.2991E-84
 -47.720  0.1312E-84  0.3017E-84
 -47.700  0.1312E-84  0.3043E-84
 -47.680  0.1312E-84  0.3069E-84
 -47.660  0.1312E-84  0.3096E-84
 -47.640  0.1312E-84  0.3122E-84
 -47.620  0.1312E-84  0.3148E-84
 -47.600  0.1312E-84  0.3174E-84
 -47.580  0.1312E-84  0.3201E-84
 -47.560  0.1312E-84  0.3227E-84
 -47.540  0.1312E-84  0.3253E-84
 -47.520  0.1312E-84  0.3279E-84
 -47.500  0.1312E-84  0.3305E-84
 -47.480  0.1312E-84  0.3332E-84
 -47.460  0.1312E-84  0.3358E-84
 -47.440  0.1312E-84  0.3384E-84
 -47.420  0.1312E-84  0.3410E-84
 -47.400  0.1312E-84  0.3437E-84
 -47.380  0.1312E-84  0.3463E-84
 -47.360  0.1312E-84  0.3489E-84
 -47.340  0.1312E-84  0.3515E-84
 -47.320  0.1312E-84  0.3542E-84
 -47.300  0.1312E-84  0.3568E-84
 -47.280  0.1312E-84  0.3594E-84
 -47.260  0.1312E-84  0.3620E-84
 -47.240  0.1312E-84  0.3646E-84
 -47.220  0.1312E-84  0.3673E-84
 -47.200  0.1312E-84  0.3699E-84
 -47.180  0.1312E-84  0.3725E-84
 -47.160  0.1312E-84  0.3751E-84
 -47.140  0.1312E-84  0.3778E-84
 -47.120  0.1312E-84  0.3804E-84
 -47.100  0.1312E-84  0.3830E-84
 -47.080  0.1312E-84  0.3856E-84
 -47.060  0.1312E-84  0.3883E-84
 -47.040  0.1312E-84  0.3909E-84
 -47.020  0.1312E-84  0.3935E-84
 -47.000  0.1312E-84  0.3961E-84
 -46.980  0.1312E-84  0.3988E-84
 -46.960  0.1312E-84  0.4014E-84
 -46.940  0.1312E-84  0.4040E-84
 -46.920  0.1312E-84  0.4066E-84
 -46.900  0.1312E-84  0.4092E-84
 -46.880  0.1312E-84  0.4119E-84
 -46.860  0.1312E-84  0.4145E-84
 -46.840  0.1312E-84  0.4171E-84
 -46.820  0.1312E-84  0.4197E-84
 -46.800  0.1312E-84  0.4224E-84
 -46.780  0.1312E-84  0.4250E-84
 -46.760  0.1312E-84  0.4276E-84
 -46.740  0.1312E-84  0.4302E-84
 -46.720  0.1312E-84  0.4329E-84
 -46.700  0.1312E-84  0.4355E-84
 -46.680  0.1312E-84  0.4381E-84
 -46.660  0.1312E-84  0.4407E-84
 -46.640  0.1312E-84  0.4433E-84
 -46.620  0.1312E-84  0.4460E-84
 -46.600  0.1312E-84  0.4486E-84
 -46.580  0.1312E-84  0.4512E-84
 -46.560  0.1312E-84  0.4538E-84
 -46.540  0.1312E-84  0.4565E-84
 -46.520  0.1312E-84  0.4591E-84
 -46.500  0.1312E-84  0.4617E-84
 -46.480  0.1312E-84  0.4643E-84
 -46.460  0.1312E-84  0.4670E-84
 -46.440  0.1312E-84  0.4696E-84
 -46.420  0.1312E-84  0.4722E-84
 -46.400  0.1312E-84  0.4748E-84
 -46.380  0.1312E-84  0.4775E-84
 -46.360  0.1312E-84  0.4801E-84
 -46.340  0.1312E-84  0.4827E-84
 -46.320  0.1312E-84  0.4853E-84
 -46.300  0.1312E-84  0.4879E-84
 -46.280  0.1312E-84  0.4906E-84
 -46.260  0.1312E-84  0.4932E-84
 -46.240  0.1312E-84  0.4958E-84
 -46.220  0.1312E-84  0.4984E-84
 -46.200  0.1312E-84  0.5011E-84
 -46.180  0.1312E-84  0.5037E-84
 -46.160  0.1312E-84  0.5063E-84
 -46.140  0.1312E-84  0.5089E-84
 -46.120  0.1312E-84  0.5116E-84
 -46.100  0.1312E-84  0.5142E-84
 -46.080  0.1312E-84  0.5168E-84
 -46.060  0.1312E-84  0.5194E-84
 -46.040  0.1312E-84  0.5221E-84
 -46.020  0.1312E-84  0.5247E-84
 -46.000  0.1312E-84  0.5273E-84
 -45.980  0.1312E-84  0.5299E-84
 -45.960  0.1312E-84  0.5325E-84
 -45.940  0.1312E-84  0.5352E-84
 -45.920  0.1312E-84  0.5378E-84
 -45.900  0.1312E-84  0.5404E-84
 -45.880  0.1312E-84  0.5430E-84
 -45.860  0.1312E-84  0.5457E-84
 -45.840  0.1312E-84  0.5483E-84
 -45.820  0.1312E-84  0.5509E-84
 -45.800  0.1312E-84  0.5535E-84
 -45.780  0.1312E-84  0.5562E-84
 -45.760  0.1312E-84  0.5588E-84
 -45.740  0.1312E-84  0.5614E-84
 -45.720  0.1312E-84  0.5640E-84
 -45.700  0.1312E-84  0.5666E-84
 -45.680  0.1312E-84  0.5693E-84
 -45.660  0.1312E-84  0.5719E-84
 -45.640  0.1312E-84  0.5745E-84
 -45.620  0.1312E-84  0.5771E-84
 -45.600  0.1312E-84  0.5798E-84
 -45.580  0.1312E-84  0.5824E-84
 -45.560  0.1312E-84  0.5850E-84
 -45.540  0.1312E-84  0.5876E-84
 -45.520  0.1312E-84  0.5903E-84
 -45.500  0.1312E-84  0.5929E-84
 -45.480  0.1312E-84  0.5955E-84
 -45.460  0.1312E-84  0.5981E-84
 -45.440  0.1312E-84  0.6008E-84
 -45.420  0.1312E-84  0.6034E-84
 -45.400  0.1312E-84  0.6060E-84
 -45.380  0.1312E-84  0.6086E-84
 -45.360  0.1312E-84  0.6112E-84
 -45.340  0.1312E-84  0.6139E-84
 -45.320  0.1312E-84  0.6165E-84
 -45.300  0.1312E-84  0.6191E-84
 -45.280  0.1312E-84  0.6217E-84
 -45.260  0.1312E-84  0.6244E-84
 -45.240  0.1312E-84  0.6270E-84
 -45.220  0.1312E-84  0.6296E-84
 -45.200  0.1312E-84  0.6322E-84
 -45.180  0.1312E-84  0.6349E-84
 -45.160  0.1312E-84  0.6375E-84
 -45.140  0.1312E-84  0.6401E-84
 -45.120  0.1312E-84  0.6427E-84
 -45.100  0.1312E-84  0.6453E-84
 -45.080  0.1312E-84  0.6480E-84
 -45.060  0.1312E-84  0.6506E-84
 -45.040  0.1312E-84  0.6532E-84
 -45.020  0.1312E-84  0.6558E-84
 -45.000  0.1312E-84  0.6585E-84
 -44.980  0.1312E-84  0.6611E-84
 -44.960  0.1312E-84  0.6637E-84
 -44.940  0.1312E-84  0.6663E-84
 -44.920  0.1312E-84  0.6690E-84
 -44.900  0.1312E-84  0.6716E-84
 -44.880  0.1312E-84  0.6742E-84
 -44.860  0.1312E-84  0.6768E-84
 -44.840  0.1312E-84  0.6795E-84
 -44.820  0.1312E-84  0.6821E-84
 -44.800  0.1312E-84  0.6847E-84
 -44.780  0.1312E-84  0.6873E-84
 -44.760  0.1312E-84  0.6899E-84
 -44.740  0.1312E-84  0.6926E-84
 -44.720  0.1312E-84  0.6952E-84
 -44.700  0.1312E-84  0.6978E-84
 -44.680  0.1312E-84  0.7004E-84
 -44.660  0.1312E-84  0.7031E-84
 -44.640  0.1312E-84  0.7057E-84
 -44.620  0.1312E-84  0.7083E-84
 -44.600  0.1312E-84  0.7109E-84
 -44.580  0.1312E-84  0.7136E-84
 -44.560  0.1312E-84  0.7162E-84
 -44.540  0.1312E-84  0.7188E-84
 -44.520  0.1312E-84  0.7214E-84
 -44.500  0.1312E-84  0.7241E-84
 -44.480  0.1312E-84  0.7267E-84
 -44.460  0.1312E-84  0.7293E-84
 -44.440  0.1312E-84  0.7319E-84
 -44.420  0.1312E-84  0.7345E-84
 -44.400  0.1312E-84  0.7372E-84
 -44.380  0.1312E-84  0.7398E-84
 -44.360  0.1312E-84  0.7424E-84
 -44.340  0.1312E-84  0.7450E-84
 -44.320  0.1312E-84  0.7477E-84
 -44.300  0.1312E-84  0.7503E-84
 -44.280  0.1312E-84  0.7529E-84
 -44.260  0.1312E-84  0.7555E-84
 -44.240  0.1312E-84  0.7582E-84
 -44.220  0.1312E-84  0.7608E-84
 -44.200  0.1312E-84  0.7634E-84
 -44.180  0.1312E-84  0.7660E-84
 -44.160  0.1312E-84  0.7686E-84
 -44.140  0.1312E-84  0.7713E-84
 -44.120  0.1312E-84  0.7739E-84
 -44.100  0.1312E-84  0.7765E-84
 -44.080  0.1312E-84  0.7791E-84
 -44.060  0.1312E-84  0.7818E-84
 -44.040  0.1312E-84  0.7844E-84
 -44.020  0.1312E-84  0.7870E-84
 -44.000  0.1312E-84  0.7896E-84
 -43.980  0.1312E-84  0.7923E-84
 -43.960  0.1312E-84  0.7949E-84
 -43.940  0.1312E-84  0.7975E-84
 -43.920  0.1312E-84  0.8001E-84
 -43.900  0.1312E-84  0.8028E-84
 -43.880  0.1312E-84  0.8054E-84
 -43.860  0.1312E-84  0.8080E-84
 -43.840  0.1312E-84  0.8106E-84
 -43.820  0.1312E-84  0.8132E-84
 -43.800  0.1312E-84  0.8159E-84
 -43.780  0.1312E-84  0.8185E-84
 -43.760  0.1312E-84  0.8211E-84
 -43.740  0.1312E-84  0.8237E-84
 -43.720  0.1312E-84  0.8264E-84
 -43.700  0.1312E-84  0.8290E-84
 -43.680  0.1312E-84  0.8316E-84
 -43.660  0.1312E-84  0.8342E-84
 -43.640  0.1312E-84  0.8369E-84
 -43.620  0.1312E-84  0.8395E-84
 -43.600  0.1312E-84  0.8421E-84
 -43.580  0.1312E-84  0.8447E-84
 -43.560  0.1312E-84  0.8473E-84
 -43.540  0.1312E-84  0.8500E-84
 -43.520  0.1312E-84  0.8526E-84
 -43.500  0.1312E-84  0.8552E-84
 -43.480  0.1312E-84  0.8578E-84
 -43.460  0.1312E-84  0.8605E-84
 -43.440  0.1312E-84  0.8631E-84
 -43.420  0.1312E-84  0.8657E-84
 -43.400  0.1312E-84  0.8683E-84
 -43.380  0.1312E-84  0.8710E-84
 -43.360  0.1312E-84  0.8736E-84
 -43.340  0.1312E-84  0.8762E-84
 -43.320  0.1312E-84  0.8788E-84
 -43.300  0.1312E-84  0.8815E-84
 -43.280  0.1312E-84  0.8841E-84
 -43.260  0.1312E-84  0.8867E-84
 -43.240  0.1312E-84  0.8893E-84
 -43.220  0.1312E-84  0.8919E-84
 -43.200  0.1312E-84  0.8946E-84
 -43.180  0.1312E-84  0.8972E-84
 -43.160  0.1312E-84  0.8998E-84
 -43.140  0.1312E-84  0.9024E-84
 -43.120  0.1312E-84  0.9051E-84
 -43.100  0.1312E-84  0.9077E-84
 -43.080  0.1312E-84  0.9103E-84
 -43.060  0.1312E-84  0.9129E-84
 -43.040  0.1312E-84  0.9156E-84
 -43.020  0.1312E-84  0.9182E-84
 -43.000  0.1312E-84  0.9208E-84
 -42.980  0.1312E-84  0.9234E-84
 -42.960  0.1312E-84  0.9261E-84
 -42.940  0.1312E-84  0.9287E-84
 -42.920  0.1312E-84  0.9313E-84
 -42.900  0.1312E-84  0.9339E-84
 -42.880  0.1312E-84  0.9365E-84
 -42.860  0.1312E-84  0.9392E-84
 -42.840  0.1312E-84  0.9418E-84
 -42.820  0.1312E-84  0.9444E-84
 -42.800  0.1312E-84  0.9470E-84
 -42.780  0.1312E-84  0.9497E-84
 -42.760  0.1312E-84  0.9523E-84
 -42.740  0.1312E-84  0.9549E-84
 -42.720  0.1312E-84  0.9575E-84
 -42.700  0.1312E-84  0.9602E-84
 -42.680  0.1312E-84  0.9628E-84
 -42.660  0.1312E-84  0.9654E-84
 -42.640  0.1312E-84  0.9680E-84
 -42.620  0.1312E-84  0.9706E-84
 -42.600  0.1312E-84  0.9733E-84
 -42.580  0.1312E-84  0.9759E-84
 -42.560  0.1312E-84  0.9785E-84
 -42.540  0.1312E-84  0.9811E-84
 -42.520  0.1312E-84  0.9838E-84
 -42.500  0.1312E-84  0.9864E-84
 -42.480  0.1312E-84  0.9890E-84
 -42.460  0.1312E-84  0.9916E-84
 -42.440  0.1312E-84  0.9943E-84
 -42.420  0.1312E-84  0.9969E-84
 -42.400  0.1312E-84  0.9995E-84
 -42.380  0.1312E-84  0.1002E-83
 -42.360  0.1312E-84  0.1005E-83
 -42.340  0.1312E-84  0.1007E-83
 -42.320  0.1312E-84  0.1010E-83
 -42.300  0.1312E-84  0.1013E-83
 -42.280  0.1312E-84  0.1015E-83
 -42.260  0.1312E-84  0.1018E-83
 -42.240  0.1312E-84  0.1020E-83
 -42.220  0.1312E-84  0.1023E-83
 -42.200  0.1312E-84  0.1026E-83
 -42.180  0.1312E-84  0.1028E-83
 -42.160  0.1312E-84  0.1031E-83
 -42.140  0.1312E-84  0.1034E-83
 -42.120  0.1312E-84  0.1036E-83
 -42.100  0.1312E-84  0.1039E-83
 -42.080  0.1312E-84  0.1041E-83
 -42.060  0.1312E-84  0.1044E-83
 -42.040  0.1312E-84  0.1047E-83
 -42.020  0.1312E-84  0.1049E-83
 -42.000  0.1312E-84  0.1052E-83
 -41.980  0.1312E-84  0.1055E-83
 -41.960  0.1312E-84  0.1057E-83
 -41.940  0.1312E-84  0.1060E-83
 -41.920  0.1312E-84  0.1062E-83
 -41.900  0.1312E-84  0.1065E-83
 -41.880  0.1312E-84  0.1068E-83
 -41.860  0.1312E-84  0.1070E-83
 -41.840  0.1312E-84  0.1073E-83
 -41.820  0.1312E-84  0.1076E-83
 -41.800  0.1312E-84  0.1078E-83
 -41.780  0.1312E-84  0.1081E-83
 -41.760  0.1312E-84  0.1083E-83
 -41.740  0.1312E-84  0.1086E-83
 -41.720  0.1312E-84  0.1089E-83
 -41.700  0.1312E-84  0.1091E-83
 -41.680  0.1312E-84  0.1094E-83
 -41.660  0.1312E-84  0.1097E-83
 -41.640  0.1312E-84  0.1099E-83
 -41.620  0.1312E-84  0.1102E-83
 -41.600  0.1312E-84  0.1104E-83
 -41.580  0.1312E-84  0.1107E-83
 -41.560  0.1312E-84  0.1110E-83
 -41.540  0.1312E-84  0.1112E-83
 -41.520  0.1312E-84  0.1115E-83
 -41.500  0.1312E-84  0.1118E-83
 -41.480  0.1312E-84  0.1120E-83
 -41.460  0.1312E-84  0.1123E-83
 -41.440  0.1312E-84  0.1125E-83
 -41.420  0.1312E-84  0.1128E-83
 -41.400  0.1312E-84  0.1131E-83
 -41.380  0.1312E-84  0.1133E-83
 -41.360  0.1312E-84  0.1136E-83
 -41.340  0.1312E-84  0.1139E-83
 -41.320  0.1312E-84  0.1141E-83
 -41.300  0.1312E-84  0.1144E-83
 -41.280  0.1312E-84  0.1146E-83
 -41.260  0.1312E-84  0.1149E-83
 -41.240  0.1312E-84  0.1152E-83
 -41.220  0.1312E-84  0.1154E-83
 -41.200  0.1312E-84  0.1157E-83
 -41.180  0.1312E-84  0.1160E-83
 -41.160  0.1312E-84  0.1162E-83
 -41.140  0.1312E-84  0.1165E-83
 -41.120  0.1312E-84  0.1167E-83
 -41.100  0.1312E-84  0.1170E-83
 -41.080  0.1312E-84  0.1173E-83
 -41.060  0.1312E-84  0.1175E-83
 -41.040  0.1312E-84  0.1178E-83
 -41.020  0.1312E-84  0.1181E-83
 -41.000  0.1312E-84  0.1183E-83
 -40.980  0.1312E-84  0.1186E-83
 -40.960  0.1312E-84  0.1188E-83
 -40.940  0.1312E-84  0.1191E-83
 -40.920  0.1312E-84  0.1194E-83
 -40.900  0.1312E-84  0.1196E-83
 -40.880  0.1312E-84  0.1199E-83
 -40.860  0.1312E-84  0.1202E-83
 -40.840  0.1312E-84  0.1204E-83
 -40.820  0.1312E-84  0.1207E-83
 -40.800  0.1312E-84  0.1209E-83
 -40.780  0.1312E-84  0.1212E-83
 -40.760  0.1312E-84  0.1215E-83
 -40.740  0.1312E-84  0.1217E-83
 -40.720  0.1312E-84  0.1220E-83
 -40.700  0.1312E-84  0.1222E-83
 -40.680  0.1312E-84  0.1225E-83
 -40.660  0.1312E-84  0.1228E-83
 -40.640  0.1312E-84  0.1230E-83
 -40.620  0.1312E-84  0.1233E-83
 -40.600  0.1312E-84  0.1236E-83
 -40.580  0.1312E-84  0.1238E-83
 -40.560  0.1312E-84  0.1241E-83
 -40.540  0.1312E-84  0.1243E-83
 -40.520  0.1312E-84  0.1246E-83
 -40.500  0.1312E-84  0.1249E-83
 -40.480  0.1312E-84  0.1251E-83
 -40.460  0.1312E-84  0.1254E-83
 -40.440  0.1312E-84  0.1257E-83
 -40.420  0.1312E-84  0.1259E-83
 -40.400  0.1312E-84  0.1262E-83
 -40.380  0.1312E-84  0.1264E-83
 -40.360  0.1312E-84  0.1267E-83
 -40.340  0.1312E-84  0.1270E-83
 -40.320  0.1312E-84  0.1272E-83
 -40.300  0.1312E-84  0.1275E-83
 -40.280  0.1312E-84  0.1278E-83
 -40.260  0.1312E-84  0.1280E-83
 -40.240  0.1312E-84  0.1283E-83
 -40.220  0.1312E-84  0.1285E-83
 -40.200  0.1312E-84  0.1288E-83
 -40.180  0.1312E-84  0.1291E-83
 -40.160  0.1312E-84  0.1293E-83
 -40.140  0.1312E-84  0.1296E-83
 -40.120  0.1312E-84  0.1299E-83
 -40.100  0.1312E-84  0.1301E-83
 -40.080  0.1312E-84  0.1304E-83
 -40.060  0.1312E-84  0.1306E-83
 -40.040  0.1312E-84  0.1309E-83
 -40.020  0.1312E-84  0.1312E-83
 -40.000  0.1312E-84  0.1314E-83
 -39.980  0.1312E-84  0.1317E-83
 -39.960  0.1312E-84  0.1320E-83
 -39.940  0.1312E-84  0.1322E-83
 -39.920  0.1312E-84  0.1325E-83
 -39.900  0.1312E-84  0.1327E-83
 -39.880  0.1312E-84  0.1330E-83
 -39.860  0.1312E-84  0.1333E-83
 -39.840  0.1312E-84  0.1335E-83
 -39.820  0.1312E-84  0.1338E-83
 -39.800  0.1312E-84  0.1341E-83
 -39.780  0.1312E-84  0.1343E-83
 -39.760  0.1312E-84  0.1346E-83
 -39.740  0.1312E-84  0.1348E-83
 -39.720  0.1312E-84  0.1351E-83
 -39.700  0.1312E-84  0.1354E-83
 -39.680  0.1312E-84  0.1356E-83
 -39.660  0.1312E-84  0.1359E-83
 -39.640  0.1312E-84  0.1362E-83
 -39.620  0.1312E-84  0.1364E-83
 -39.600  0.1312E-84  0.1367E-83
 -39.580  0.1312E-84  0.1369E-83
 -39.560  0.1312E-84  0.1372E-83
 -39.540  0.1312E-84  0.1375E-83
 -39.520  0.1312E-84  0.1377E-83
 -39.500  0.1312E-84  0.1380E-83
 -39.480  0.1312E-84  0.1383E-83
 -39.460  0.1312E-84  0.1385E-83
 -39.440  0.1312E-84  0.1388E-83
 -39.420  0.1312E-84  0.1390E-83
 -39.400  0.1312E-84  0.1393E-83
 -39.380  0.1312E-84  0.1396E-83
 -39.360  0.1312E-84  0.1398E-83
 -39.340  0.1312E-84  0.1401E-83
 -39.320  0.1312E-84  0.1404E-83
 -39.300  0.1312E-84  0.1406E-83
 -39.280  0.1312E-84  0.1409E-83
 -39.260  0.1312E-84  0.1411E-83
 -39.240  0.1312E-84  0.1414E-83
 -39.220  0.1312E-84  0.1417E-83
 -39.200  0.1312E-84  0.1419E-83
 -39.180  0.1312E-84  0.1422E-83
 -39.160  0.1312E-84  0.1424E-83
 -39.140  0.1312E-84  0.1427E-83
 -39.120  0.1312E-84  0.1430E-83
 -39.100  0.1312E-84  0.1432E-83
 -39.080  0.1312E-84  0.1435E-83
 -39.060  0.1312E-84  0.1438E-83
 -39.040  0.1312E-84  0.1440E-83
 -39.020  0.1312E-84  0.1443E-83
 -39.000  0.1312E-84  0.1445E-83
 -38.980  0.1312E-84  0.1448E-83
 -38.960  0.1312E-84  0.1451E-83
 -38.940  0.1312E-84  0.1453E-83
 -38.920  0.1312E-84  0.1456E-83
 -38.900  0.1312E-84  0.1459E-83
 -38.880  0.1312E-84  0.1461E-83
 -38.860  0.1312E-84  0.1464E-83
 -38.840  0.1312E-84  0.1466E-83
 -38.820  0.1312E-84  0.1469E-83
 -38.800  0.1312E-84  0.1472E-83
 -38.780  0.1312E-84  0.1474E-83
 -38.760  0.1312E-84  0.1477E-83
 -38.740  0.1312E-84  0.1480E-83
 -38.720  0.1312E-84  0.1482E-83
 -38.700  0.1312E-84  0.1485E-83
 -38.680  0.1312E-84  0.1487E-83
 -38.660  0.1312E-84  0.1490E-83
 -38.640  0.1312E-84  0.1493E-83
 -38.620  0.1312E-84  0.1495E-83
 -38.600  0.1312E-84  0.1498E-83
 -38.580  0.1312E-84  0.1501E-83
 -38.560  0.1312E-84  0.1503E-83
 -38.540  0.1312E-84  0.1506E-83
 -38.520  0.1312E-84  0.1508E-83
 -38.500  0.1312E-84  0.1511E-83
 -38.480  0.1312E-84  0.1514E-83
 -38.460  0.1312E-84  0.1516E-83
 -38.440  0.1312E-84  0.1519E-83
 -38.420  0.1312E-84  0.1522E-83
 -38.400  0.1312E-84  0.1524E-83
 -38.380  0.1312E-84  0.1527E-83
 -38.360  0.1312E-84  0.1529E-83
 -38.340  0.1312E-84  0.1532E-83
 -38.320  0.1312E-84  0.1535E-83
 -38.300  0.1312E-84  0.1537E-83
 -38.280  0.1312E-84  0.1540E-83
 -38.260  0.1312E-84  0.1543E-83
 -38.240  0.1312E-84  0.1545E-83
 -38.220  0.1312E-84  0.1548E-83
 -38.200  0.1312E-84  0.1550E-83
 -38.180  0.1312E-84  0.1553E-83
 -38.160  0.1312E-84  0.1556E-83
 -38.140  0.1312E-84  0.1558E-83
 -38.120  0.1312E-84  0.1561E-83
 -38.100  0.1312E-84  0.1564E-83
 -38.080  0.1312E-84  0.1566E-83
 -38.060  0.1312E-84  0.1569E-83
 -38.040  0.1312E-84  0.1571E-83
 -38.020  0.1312E-84  0.1574E-83
 -38.000  0.1312E-84  0.1577E-83
 -37.980  0.1312E-84  0.1579E-83
 -37.960  0.1312E-84  0.1582E-83
 -37.940  0.1312E-84  0.1585E-83
 -37.920  0.1312E-84  0.1587E-83
 -37.900  0.1312E-84  0.1590E-83
 -37.880  0.1312E-84  0.1592E-83
 -37.860  0.1312E-84  0.1595E-83
 -37.840  0.1312E-84  0.1598E-83
 -37.820  0.1312E-84  0.1600E-83
 -37.800  0.1312E-84  0.1603E-83
 -37.780  0.1312E-84  0.1606E-83
 -37.760  0.1312E-84  0.1608E-83
 -37.740  0.1312E-84  0.1611E-83
 -37.720  0.1312E-84  0.1613E-83
 -37.700  0.1312E-84  0.1616E-83
 -37.680  0.1312E-84  0.1619E-83
 -37.660  0.1312E-84  0.1621E-83
 -37.640  0.1312E-84  0.1624E-83
 -37.620  0.1312E-84  0.1626E-83
 -37.600  0.1312E-84  0.1629E-83
 -37.580  0.1312E-84  0.1632E-83
 -37.560  0.1312E-84  0.1634E-83
 -37.540  0.1312E-84  0.1637E-83
 -37.520  0.1312E-84  0.1640E-83
 -37.500  0.1312E-84  0.1642E-83
 -37.480  0.1312E-84  0.1645E-83
 -37.460  0.1312E-84  0.1647E-83
 -37.440  0.1312E-84  0.1650E-83
 -37.420  0.1312E-84  0.1653E-83
 -37.400  0.1312E-84  0.1655E-83
 -37.380  0.1312E-84  0.1658E-83
 -37.360  0.1312E-84  0.1661E-83
 -37.340  0.1312E-84  0.1663E-83
 -37.320  0.1312E-84  0.1666E-83
 -37.300  0.1312E-84  0.1668E-83
 -37.280  0.1312E-84  0.1671E-83
 -37.260  0.1312E-84  0.1674E-83
 -37.240  0.1312E-84  0.1676E-83
 -37.220  0.1312E-84  0.1679E-83
 -37.200  0.1312E-84  0.1682E-83
 -37.180  0.1312E-84  0.1684E-83
 -37.160  0.1312E-84  0.1687E-83
 -37.140  0.1312E-84  0.1689E-83
 -37.120  0.1312E-84  0.1692E-83
 -37.100  0.1312E-84  0.1695E-83
 -37.080  0.1312E-84  0.1697E-83
 -37.060  0.1312E-84  0.1700E-83
 -37.040  0.1312E-84  0.1703E-83
 -37.020  0.1312E-84  0.1705E-83
 -37.000  0.1312E-84  0.1708E-83
 -36.980  0.1312E-84  0.1710E-83
 -36.960  0.1312E-84  0.1713E-83
 -36.940  0.1312E-84  0.1716E-83
 -36.920  0.1312E-84  0.1718E-83
 -36.900  0.1312E-84  0.1721E-83
 -36.880  0.1312E-84  0.1724E-83
 -36.860  0.1312E-84  0.1726E-83
 -36.840  0.1312E-84  0.1729E-83
 -36.820  0.1312E-84  0.1731E-83
 -36.800  0.1312E-84  0.1734E-83
 -36.780  0.1312E-84  0.1737E-83
 -36.760  0.1312E-84  0.1739E-83
 -36.740  0.1312E-84  0.1742E-83
 -36.720  0.1312E-84  0.1745E-83
 -36.700  0.1312E-84  0.1747E-83
 -36.680  0.1312E-84  0.1750E-83
 -36.660  0.1312E-84  0.1752E-83
 -36.640  0.1312E-84  0.1755E-83
 -36.620  0.1312E-84  0.1758E-83
 -36.600  0.1312E-84  0.1760E-83
 -36.580  0.1312E-84  0.1763E-83
 -36.560  0.1312E-84  0.1766E-83
 -36.540  0.1312E-84  0.1768E-83
 -36.520  0.1312E-84  0.1771E-83
 -36.500  0.1312E-84  0.1773E-83
 -36.480  0.1312E-84  0.1776E-83
 -36.460  0.1312E-84  0.1779E-83
 -36.440  0.1312E-84  0.1781E-83
 -36.420  0.1312E-84  0.1784E-83
 -36.400  0.1312E-84  0.1787E-83
 -36.380  0.1312E-84  0.1789E-83
 -36.360  0.1312E-84  0.1792E-83
 -36.340  0.1312E-84  0.1794E-83
 -36.320  0.1312E-84  0.1797E-83
 -36.300  0.1312E-84  0.1800E-83
 -36.280  0.1312E-84  0.1802E-83
 -36.260  0.1312E-84  0.1805E-83
 -36.240  0.1312E-84  0.1808E-83
 -36.220  0.1312E-84  0.1810E-83
 -36.200  0.1312E-84  0.1813E-83
 -36.180  0.1312E-84  0.1815E-83
 -36.160  0.1312E-84  0.1818E-83
 -36.140  0.1312E-84  0.1821E-83
 -36.120  0.1312E-84  0.1823E-83
 -36.100  0.1312E-84  0.1826E-83
 -36.080  0.1312E-84  0.1828E-83
 -36.060  0.1312E-84  0.1831E-83
 -36.040  0.1312E-84  0.1834E-83
 -36.020  0.1312E-84  0.1836E-83
 -36.000  0.1312E-84  0.1839E-83
 -35.980  0.1312E-84  0.1842E-83
 -35.960  0.1312E-84  0.1844E-83
 -35.940  0.1312E-84  0.1847E-83
 -35.920  0.1312E-84  0.1849E-83
 -35.900  0.1312E-84  0.1852E-83
 -35.880  0.1312E-84  0.1855E-83
 -35.860  0.1312E-84  0.1857E-83
 -35.840  0.1312E-84  0.1860E-83
 -35.820  0.1312E-84  0.1863E-83
 -35.800  0.1312E-84  0.1865E-83
 -35.780  0.1312E-84  0.1868E-83
 -35.760  0.1312E-84  0.1870E-83
 -35.740  0.1312E-84  0.1873E-83
 -35.720  0.1312E-84  0.1876E-83
 -35.700  0.1312E-84  0.1878E-83
 -35.680  0.1312E-84  0.1881E-83
 -35.660  0.1312E-84  0.1884E-83
 -35.640  0.1312E-84  0.1886E-83
 -35.620  0.1312E-84  0.1889E-83
 -35.600  0.1312E-84  0.1891E-83
 -35.580  0.1312E-84  0.1894E-83
 -35.560  0.1312E-84  0.1897E-83
 -35.540  0.1312E-84  0.1899E-83
 -35.520  0.1312E-84  0.1902E-83
 -35.500  0.1312E-84  0.1905E-83
 -35.480  0.1312E-84  0.1907E-83
 -35.460  0.1312E-84  0.1910E-83
 -35.440  0.1312E-84  0.1912E-83
 -35.420  0.1312E-84  0.1915E-83
 -35.400  0.1312E-84  0.1918E-83
 -35.380  0.1312E-84  0.1920E-83
 -35.360  0.1312E-84  0.1923E-83
 -35.340  0.1312E-84  0.1926E-83
 -35.320  0.1312E-84  0.1928E-83
 -35.300  0.1312E-84  0.1931E-83
 -35.280  0.1312E-84  0.1933E-83
 -35.260  0.1312E-84  0.1936E-83
 -35.240  0.1312E-84  0.1939E-83
 -35.220  0.1312E-84  0.1941E-83
 -35.200  0.1312E-84  0.1944E-83
 -35.180  0.1312E-84  0.1947E-83
 -35.160  0.1312E-84  0.1949E-83
 -35.140  0.1312E-84  0.1952E-83
 -35.120  0.1312E-84  0.1954E-83
 -35.100  0.1312E-84  0.1957E-83
 -35.080  0.1312E-84  0.1960E-83
 -35.060  0.1312E-84  0.1962E-83
 -35.040  0.1312E-84  0.1965E-83
 -35.020  0.1312E-84  0.1968E-83
 -35.000  0.1312E-84  0.1970E-83
 -34.980  0.1312E-84  0.1973E-83
 -34.960  0.1312E-84  0.1975E-83
 -34.940  0.1312E-84  0.1978E-83
 -34.920  0.1312E-84  0.1981E-83
 -34.900  0.1312E-84  0.1983E-83
 -34.880  0.1312E-84  0.1986E-83
 -34.860  0.1312E-84  0.1989E-83
 -34.840  0.1312E-84  0.1991E-83
 -34.820  0.1312E-84  0.1994E-83
 -34.800  0.1312E-84  0.1996E-83
 -34.780  0.1312E-84  0.1999E-83
 -34.760  0.1312E-84  0.2002E-83
 -34.740  0.1312E-84  0.2004E-83
 -34.720  0.1312E-84  0.2007E-83
 -34.700  0.1312E-84  0.2010E-83
 -34.680  0.1312E-84  0.2012E-83
 -34.660  0.1312E-84  0.2015E-83
 -34.640  0.1312E-84  0.2017E-83
 -34.620  0.1312E-84  0.2020E-83
 -34.600  0.1312E-84  0.2023E-83
 -34.580  0.1312E-84  0.2025E-83
 -34.560  0.1312E-84  0.2028E-83
 -34.540  0.1312E-84  0.2030E-83
 -34.520  0.1312E-84  0.2033E-83
 -34.500  0.1312E-84  0.2036E-83
 -34.480  0.1312E-84  0.2038E-83
 -34.460  0.1312E-84  0.2041E-83
 -34.440  0.1312E-84  0.2044E-83
 -34.420  0.1312E-84  0.2046E-83
 -34.400  0.1312E-84  0.2049E-83
 -34.380  0.1312E-84  0.2051E-83
 -34.360  0.1312E-84  0.2054E-83
 -34.340  0.1312E-84  0.2057E-83
 -34.320  0.1312E-84  0.2059E-83
 -34.300  0.1312E-84  0.2062E-83
 -34.280  0.1312E-84  0.2065E-83
 -34.260  0.1312E-84  0.2067E-83
 -34.240  0.1312E-84  0.2070E-83
 -34.220  0.1312E-84  0.2072E-83
 -34.200  0.1312E-84  0.2075E-83
 -34.180  0.1312E-84  0.2078E-83
 -34.160  0.1312E-84  0.2080E-83
 -34.140  0.1312E-84  0.2083E-83
 -34.120  0.1312E-84  0.2086E-83
 -34.100  0.1312E-84  0.2088E-83
 -34.080  0.1312E-84  0.2091E-83
 -34.060  0.1312E-84  0.2093E-83
 -34.040  0.1312E-84  0.2096E-83
 -34.020  0.1312E-84  0.2099E-83
 -34.000  0.1312E-84  0.2101E-83
 -33.980  0.1312E-84  0.2104E-83
 -33.960  0.1312E-84  0.2107E-83
 -33.940  0.1312E-84  0.2109E-83
 -33.920  0.1312E-84  0.2112E-83
 -33.900  0.1312E-84  0.2114E-83
 -33.880  0.1312E-84  0.2117E-83
 -33.860  0.1312E-84  0.2120E-83
 -33.840  0.1312E-84  0.2122E-83
 -33.820  0.1312E-84  0.2125E-83
 -33.800  0.1312E-84  0.2128E-83
 -33.780  0.1312E-84  0.2130E-83
 -33.760  0.1312E-84  0.2133E-83
 -33.740  0.1312E-84  0.2135E-83
 -33.720  0.1312E-84  0.2138E-83
 -33.700  0.1312E-84  0.2141E-83
 -33.680  0.1312E-84  0.2143E-83
 -33.660  0.1312E-84  0.2146E-83
 -33.640  0.1312E-84  0.2149E-83
 -33.620  0.1312E-84  0.2151E-83
 -33.600  0.1312E-84  0.2154E-83
 -33.580  0.1312E-84  0.2156E-83
 -33.560  0.1312E-84  0.2159E-83
 -33.540  0.1312E-84  0.2162E-83
 -33.520  0.1312E-84  0.2164E-83
 -33.500  0.1312E-84  0.2167E-83
 -33.480  0.1312E-84  0.2170E-83
 -33.460  0.1312E-84  0.2172E-83
 -33.440  0.1312E-84  0.2175E-83
 -33.420  0.1312E-84  0.2177E-83
 -33.400  0.1312E-84  0.2180E-83
 -33.380  0.1312E-84  0.2183E-83
 -33.360  0.1312E-84  0.2185E-83
 -33.340  0.1312E-84  0.2188E-83
 -33.320  0.1312E-84  0.2191E-83
 -33.300  0.1312E-84  0.2193E-83
 -33.280  0.1312E-84  0.2196E-83
 -33.260  0.1312E-84  0.2198E-83
 -33.240  0.1312E-84  0.2201E-83
 -33.220  0.1312E-84  0.2204E-83
 -33.200  0.1312E-84  0.2206E-83
 -33.180  0.1312E-84  0.2209E-83
 -33.160  0.1312E-84  0.2212E-83
 -33.140  0.1312E-84  0.2214E-83
 -33.120  0.1312E-84  0.2217E-83
 -33.100  0.1312E-84  0.2219E-83
 -33.080  0.1312E-84  0.2222E-83
 -33.060  0.1312E-84  0.2225E-83
 -33.040  0.1312E-84  0.2227E-83
 -33.020  0.1312E-84  0.2230E-83
 -33.000  0.1312E-84  0.2232E-83
 -32.980  0.1312E-84  0.2235E-83
 -32.960  0.1312E-84  0.2238E-83
 -32.940  0.1312E-84  0.2240E-83
 -32.920  0.1312E-84  0.2243E-83
 -32.900  0.1312E-84  0.2246E-83
 -32.880  0.1312E-84  0.2248E-83
 -32.860  0.1312E-84  0.2251E-83
 -32.840  0.1312E-84  0.2253E-83
 -32.820  0.1312E-84  0.2256E-83
 -32.800  0.1312E-84  0.2259E-83
 -32.780  0.1312E-84  0.2261E-83
 -32.760  0.1312E-84  0.2264E-83
 -32.740  0.1312E-84  0.2267E-83
 -32.720  0.1312E-84  0.2269E-83
 -32.700  0.1312E-84  0.2272E-83
 -32.680  0.1312E-84  0.2274E-83
 -32.660  0.1312E-84  0.2277E-83
 -32.640  0.1312E-84  0.2280E-83
 -32.620  0.1312E-84  0.2282E-83
 -32.600  0.1312E-84  0.2285E-83
 -32.580  0.1312E-84  0.2288E-83
 -32.560  0.1312E-84  0.2290E-83
 -32.540  0.1312E-84  0.2293E-83
 -32.520  0.1312E-84  0.2295E-83
 -32.500  0.1312E-84  0.2298E-83
 -32.480  0.1312E-84  0.2301E-83
 -32.460  0.1312E-84  0.2303E-83
 -32.440  0.1312E-84  0.2306E-83
 -32.420  0.1312E-84  0.2309E-83
 -32.400  0.1312E-84  0.2311E-83
 -32.380  0.1312E-84  0.2314E-83
 -32.360  0.1312E-84  0.2316E-83
 -32.340  0.1312E-84  0.2319E-83
 -32.320  0.1312E-84  0.2322E-83
 -32.300  0.1312E-84  0.2324E-83
 -32.280  0.1312E-84  0.2327E-83
 -32.260  0.1312E-84  0.2330E-83
 -32.240  0.1312E-84  0.2332E-83
 -32.220  0.1312E-84  0.2335E-83
 -32.200  0.1312E-84  0.2337E-83
 -32.180  0.1312E-84  0.2340E-83
 -32.160  0.1312E-84  0.2343E-83
 -32.140  0.1312E-84  0.2345E-83
 -32.120  0.1312E-84  0.2348E-83
 -32.100  0.1312E-84  0.2351E-83
 -32.080  0.1312E-84  0.2353E-83
 -32.060  0.1312E-84  0.2356E-83
 -32.040  0.1312E-84  0.2358E-83
 -32.020  0.1312E-84  0.2361E-83
 -32.000  0.1312E-84  0.2364E-83
 -31.980  0.1312E-84  0.2366E-83
 -31.960  0.1312E-84  0.2369E-83
 -31.940  0.1312E-84  0.2372E-83
 -31.920  0.1312E-84  0.2374E-83
 -31.900  0.1312E-84  0.2377E-83
 -31.880  0.1312E-84  0.2379E-83
 -31.860  0.1312E-84  0.2382E-83
 -31.840  0.1312E-84  0.2385E-83
 -31.820  0.1312E-84  0.2387E-83
 -31.800  0.1312E-84  0.2390E-83
 -31.780  0.1312E-84  0.2393E-83
 -31.760  0.1312E-84  0.2395E-83
 -31.740  0.1312E-84  0.2398E-83
 -31.720  0.1312E-84  0.2400E-83
 -31.700  0.1312E-84  0.2403E-83
 -31.680  0.1312E-84  0.2406E-83
 -31.660  0.1312E-84  0.2408E-83
 -31.640  0.1312E-84  0.2411E-83
 -31.620  0.1312E-84  0.2414E-83
 -31.600  0.1312E-84  0.2416E-83
 -31.580  0.1312E-84  0.2419E-83
 -31.560  0.1312E-84  0.2421E-83
 -31.540  0.1312E-84  0.2424E-83
 -31.520  0.1312E-84  0.2427E-83
 -31.500  0.1312E-84  0.2429E-83
 -31.480  0.1312E-84  0.2432E-83
 -31.460  0.1312E-84  0.2434E-83
 -31.440  0.1312E-84  0.2437E-83
 -31.420  0.1312E-84  0.2440E-83
 -31.400  0.1312E-84  0.2442E-83
 -31.380  0.1312E-84  0.2445E-83
 -31.360  0.1312E-84  0.2448E-83
 -31.340  0.1312E-84  0.2450E-83
 -31.320  0.1312E-84  0.2453E-83
 -31.300  0.1312E-84  0.2455E-83
 -31.280  0.1312E-84  0.2458E-83
 -31.260  0.1312E-84  0.2461E-83
 -31.240  0.1312E-84  0.2463E-83
 -31.220  0.1312E-84  0.2466E-83
 -31.200  0.1312E-84  0.2469E-83
 -31.180  0.1312E-84  0.2471E-83
 -31.160  0.1312E-84  0.2474E-83
 -31.140  0.1312E-84  0.2476E-83
 -31.120  0.1312E-84  0.2479E-83
 -31.100  0.1312E-84  0.2482E-83
 -31.080  0.1312E-84  0.2484E-83
 -31.060  0.1312E-84  0.2487E-83
 -31.040  0.1312E-84  0.2490E-83
 -31.020  0.1312E-84  0.2492E-83
 -31.000  0.1312E-84  0.2495E-83
 -30.980  0.1312E-84  0.2497E-83
 -30.960  0.1312E-84  0.2500E-83
 -30.940  0.1312E-84  0.2503E-83
 -30.920  0.1312E-84  0.2505E-83
 -30.900  0.1312E-84  0.2508E-83
 -30.880  0.1312E-84  0.2511E-83
 -30.860  0.1312E-84  0.2513E-83
 -30.840  0.1312E-84  0.2516E-83
 -30.820  0.1312E-84  0.2518E-83
 -30.800  0.1312E-84  0.2521E-83
 -30.780  0.1312E-84  0.2524E-83
 -30.760  0.1312E-84  0.2526E-83
 -30.740  0.1312E-84  0.2529E-83
 -30.720  0.1312E-84  0.2532E-83
 -30.700  0.1312E-84  0.2534E-83
 -30.680  0.1312E-84  0.2537E-83
 -30.660  0.1312E-84  0.2539E-83
 -30.640  0.1312E-84  0.2542E-83
 -30.620  0.1312E-84  0.2545E-83
 -30.600  0.1312E-84  0.2547E-83
 -30.580  0.1312E-84  0.2550E-83
 -30.560  0.1312E-84  0.2553E-83
 -30.540  0.1312E-84  0.2555E-83
 -30.520  0.1312E-84  0.2558E-83
 -30.500  0.1312E-84  0.2560E-83
 -30.480  0.1312E-84  0.2563E-83
 -30.460  0.1312E-84  0.2566E-83
 -30.440  0.1312E-84  0.2568E-83
 -30.420  0.1312E-84  0.2571E-83
 -30.400  0.1312E-84  0.2574E-83
 -30.380  0.1312E-84  0.2576E-83
 -30.360  0.1312E-84  0.2579E-83
 -30.340  0.1312E-84  0.2581E-83
 -30.320  0.1312E-84  0.2584E-83
 -30.300  0.1312E-84  0.2587E-83
 -30.280  0.1312E-84  0.2589E-83
 -30.260  0.1312E-84  0.2592E-83
 -30.240  0.1312E-84  0.2595E-83
 -30.220  0.1312E-84  0.2597E-83
 -30.200  0.1312E-84  0.2600E-83
 -30.180  0.1312E-84  0.2602E-83
 -30.160  0.1312E-84  0.2605E-83
 -30.140  0.1312E-84  0.2608E-83
 -30.120  0.1312E-84  0.2610E-83
 -30.100  0.1312E-84  0.2613E-83
 -30.080  0.1312E-84  0.2616E-83
 -30.060  0.1312E-84  0.2618E-83
 -30.040  0.1312E-84  0.2621E-83
 -30.020  0.1312E-84  0.2623E-83
 -30.000  0.1312E-84  0.2626E-83
 -29.980  0.1312E-84  0.2629E-83
 -29.960  0.1312E-84  0.2631E-83
 -29.940  0.1312E-84  0.2634E-83
 -29.920  0.1312E-84  0.2636E-83
 -29.900  0.1312E-84  0.2639E-83
 -29.880  0.1312E-84  0.2642E-83
 -29.860  0.1312E-84  0.2644E-83
 -29.840  0.1312E-84  0.2647E-83
 -29.820  0.1312E-84  0.2650E-83
 -29.800  0.1312E-84  0.2652E-83
 -29.780  0.1312E-84  0.2655E-83
 -29.760  0.1312E-84  0.2657E-83
 -29.740  0.1312E-84  0.2660E-83
 -29.720  0.1312E-84  0.2663E-83
 -29.700  0.1312E-84  0.2665E-83
 -29.680  0.1312E-84  0.2668E-83
 -29.660  0.1312E-84  0.2671E-83
 -29.640  0.1312E-84  0.2673E-83
 -29.620  0.1312E-84  0.2676E-83
 -29.600  0.1312E-84  0.2678E-83
 -29.580  0.1312E-84  0.2681E-83
 -29.560  0.1312E-84  0.2684E-83
 -29.540  0.1312E-84  0.2686E-83
 -29.520  0.1312E-84  0.2689E-83
 -29.500  0.1312E-84  0.2692E-83
 -29.480  0.1312E-84  0.2694E-83
 -29.460  0.1312E-84  0.2697E-83
 -29.440  0.1312E-84  0.2699E-83
 -29.420  0.1312E-84  0.2702E-83
 -29.400  0.1312E-84  0.2705E-83
 -29.380  0.1312E-84  0.2707E-83
 -29.360  0.1312E-84  0.2710E-83
 -29.340  0.1312E-84  0.2713E-83
 -29.320  0.1312E-84  0.2715E-83
 -29.300  0.1312E-84  0.2718E-83
 -29.280  0.1312E-84  0.2720E-83
 -29.260  0.1312E-84  0.2723E-83
 -29.240  0.1312E-84  0.2726E-83
 -29.220  0.1312E-84  0.2728E-83
 -29.200  0.1312E-84  0.2731E-83
 -29.180  0.1312E-84  0.2734E-83
 -29.160  0.1312E-84  0.2736E-83
 -29.140  0.1312E-84  0.2739E-83
 -29.120  0.1312E-84  0.2741E-83
 -29.100  0.1312E-84  0.2744E-83
 -29.080  0.1312E-84  0.2747E-83
 -29.060  0.1312E-84  0.2749E-83
 -29.040  0.1312E-84  0.2752E-83
 -29.020  0.1312E-84  0.2755E-83
 -29.000  0.1312E-84  0.2757E-83
 -28.980  0.1312E-84  0.2760E-83
 -28.960  0.1312E-84  0.2762E-83
 -28.940  0.1312E-84  0.2765E-83
 -28.920  0.1312E-84  0.2768E-83
 -28.900  0.1312E-84  0.2770E-83
 -28.880  0.1312E-84  0.2773E-83
 -28.860  0.1312E-84  0.2776E-83
 -28.840  0.1312E-84  0.2778E-83
 -28.820  0.1312E-84  0.2781E-83
 -28.800  0.1312E-84  0.2783E-83
 -28.780  0.1312E-84  0.2786E-83
 -28.760  0.1312E-84  0.2789E-83
 -28.740  0.1312E-84  0.2791E-83
 -28.720  0.1312E-84  0.2794E-83
 -28.700  0.1312E-84  0.2797E-83
 -28.680  0.1312E-84  0.2799E-83
 -28.660  0.1312E-84  0.2802E-83
 -28.640  0.1312E-84  0.2804E-83
 -28.620  0.1312E-84  0.2807E-83
 -28.600  0.1312E-84  0.2810E-83
 -28.580  0.1312E-84  0.2812E-83
 -28.560  0.1312E-84  0.2815E-83
 -28.540  0.1312E-84  0.2818E-83
 -28.520  0.1312E-84  0.2820E-83
 -28.500  0.1312E-84  0.2823E-83
 -28.480  0.1312E-84  0.2825E-83
 -28.460  0.1312E-84  0.2828E-83
 -28.440  0.1312E-84  0.2831E-83
 -28.420  0.1312E-84  0.2833E-83
 -28.400  0.1312E-84  0.2836E-83
 -28.380  0.1312E-84  0.2838E-83
 -28.360  0.1312E-84  0.2841E-83
 -28.340  0.1312E-84  0.2844E-83
 -28.320  0.1312E-84  0.2846E-83
 -28.300  0.1312E-84  0.2849E-83
 -28.280  0.1312E-84  0.2852E-83
 -28.260  0.1312E-84  0.2854E-83
 -28.240  0.1312E-84  0.2857E-83
 -28.220  0.1312E-84  0.2859E-83
 -28.200  0.1312E-84  0.2862E-83
 -28.180  0.1312E-84  0.2865E-83
 -28.160  0.1312E-84  0.2867E-83
 -28.140  0.1312E-84  0.2870E-83
 -28.120  0.1312E-84  0.2873E-83
 -28.100  0.1312E-84  0.2875E-83
 -28.080  0.1312E-84  0.2878E-83
 -28.060  0.1312E-84  0.2880E-83
 -28.040  0.1312E-84  0.2883E-83
 -28.020  0.1312E-84  0.2886E-83
 -28.000  0.1312E-84  0.2888E-83
 -27.980  0.1312E-84  0.2891E-83
 -27.960  0.1312E-84  0.2894E-83
 -27.940  0.1312E-84  0.2896E-83
 -27.920  0.1312E-84  0.2899E-83
 -27.900  0.1312E-84  0.2901E-83
 -27.880  0.1312E-84  0.2904E-83
 -27.860  0.1312E-84  0.2907E-83
 -27.840  0.1312E-84  0.2909E-83
 -27.820  0.1312E-84  0.2912E-83
 -27.800  0.1312E-84  0.2915E-83
 -27.780  0.1312E-84  0.2917E-83
 -27.760  0.1312E-84  0.2920E-83
 -27.740  0.1312E-84  0.2922E-83
 -27.720  0.1312E-84  0.2925E-83
 -27.700  0.1312E-84  0.2928E-83
 -27.680  0.1312E-84  0.2930E-83
 -27.660  0.1312E-84  0.2933E-83
 -27.640  0.1312E-84  0.2936E-83
 -27.620  0.1312E-84  0.2938E-83
 -27.600  0.1312E-84  0.2941E-83
 -27.580  0.1312E-84  0.2943E-83
 -27.560  0.1312E-84  0.2946E-83
 -27.540  0.1312E-84  0.2949E-83
 -27.520  0.1312E-84  0.2951E-83
 -27.500  0.1312E-84  0.2954E-83
 -27.480  0.1312E-84  0.2957E-83
 -27.460  0.1312E-84  0.2959E-83
 -27.440  0.1312E-84  0.2962E-83
 -27.420  0.1312E-84  0.2964E-83
 -27.400  0.1312E-84  0.2967E-83
 -27.380  0.1312E-84  0.2970E-83
 -27.360  0.1312E-84  0.2972E-83
 -27.340  0.1312E-84  0.2975E-83
 -27.320  0.1312E-84  0.2978E-83
 -27.300  0.1312E-84  0.2980E-83
 -27.280  0.1312E-84  0.2983E-83
 -27.260  0.1312E-84  0.2985E-83
 -27.240  0.1312E-84  0.2988E-83
 -27.220  0.1312E-84  0.2991E-83
 -27.200  0.1312E-84  0.2993E-83
 -27.180  0.1312E-84  0.2996E-83
 -27.160  0.1312E-84  0.2999E-83
 -27.140  0.1312E-84  0.3001E-83
 -27.120  0.1312E-84  0.3004E-83
 -27.100  0.1312E-84  0.3006E-83
 -27.080  0.1312E-84  0.3009E-83
 -27.060  0.1312E-84  0.3012E-83
 -27.040  0.1312E-84  0.3014E-83
 -27.020  0.1312E-84  0.3017E-83
 -27.000  0.1312E-84  0.3020E-83
 -26.980  0.1312E-84  0.3022E-83
 -26.960  0.1312E-84  0.3025E-83
 -26.940  0.1312E-84  0.3027E-83
 -26.920  0.1312E-84  0.3030E-83
 -26.900  0.1312E-84  0.3033E-83
 -26.880  0.1312E-84  0.3035E-83
 -26.860  0.1312E-84  0.3038E-83
 -26.840  0.1312E-84  0.3040E-83
 -26.820  0.1312E-84  0.3043E-83
 -26.800  0.1312E-84  0.3046E-83
 -26.780  0.1312E-84  0.3048E-83
 -26.760  0.1312E-84  0.3051E-83
 -26.740  0.1312E-84  0.3054E-83
 -26.720  0.1312E-84  0.3056E-83
 -26.700  0.1312E-84  0.3059E-83
 -26.680  0.1312E-84  0.3061E-83
 -26.660  0.1312E-84  0.3064E-83
 -26.640  0.1312E-84  0.3067E-83
 -26.620  0.1312E-84  0.3069E-83
 -26.600  0.1312E-84  0.3072E-83
 -26.580  0.1312E-84  0.3075E-83
 -26.560  0.1312E-84  0.3077E-83
 -26.540  0.1312E-84  0.3080E-83
 -26.520  0.1312E-84  0.3082E-83
 -26.500  0.1312E-84  0.3085E-83
 -26.480  0.1312E-84  0.3088E-83
 -26.460  0.1312E-84  0.3090E-83
 -26.440  0.1312E-84  0.3093E-83
 -26.420  0.1312E-84  0.3096E-83
 -26.400  0.1312E-84  0.3098E-83
 -26.380  0.1312E-84  0.3101E-83
 -26.360  0.1312E-84  0.3103E-83
 -26.340  0.1312E-84  0.3106E-83
 -26.320  0.1312E-84  0.3109E-83
 -26.300  0.1312E-84  0.3111E-83
 -26.280  0.1312E-84  0.3114E-83
 -26.260  0.1312E-84  0.3117E-83
 -26.240  0.1312E-84  0.3119E-83
 -26.220  0.1312E-84  0.3122E-83
 -26.200  0.1312E-84  0.3124E-83
 -26.180  0.1312E-84  0.3127E-83
 -26.160  0.1312E-84  0.3130E-83
 -26.140  0.1312E-84  0.3132E-83
 -26.120  0.1312E-84  0.3135E-83
 -26.100  0.1312E-84  0.3138E-83
 -26.080  0.1312E-84  0.3140E-83
 -26.060  0.1312E-84  0.3143E-83
 -26.040  0.1312E-84  0.3145E-83
 -26.020  0.1312E-84  0.3148E-83
 -26.000  0.1312E-84  0.3151E-83
 -25.980  0.1312E-84  0.3153E-83
 -25.960  0.1312E-84  0.3156E-83
 -25.940  0.1312E-84  0.3159E-83
 -25.920  0.1312E-84  0.3161E-83
 -25.900  0.1312E-84  0.3164E-83
 -25.880  0.1312E-84  0.3166E-83
 -25.860  0.1312E-84  0.3169E-83
 -25.840  0.1312E-84  0.3172E-83
 -25.820  0.1312E-84  0.3174E-83
 -25.800  0.1312E-84  0.3177E-83
 -25.780  0.1312E-84  0.3180E-83
 -25.760  0.1312E-84  0.3182E-83
 -25.740  0.1312E-84  0.3185E-83
 -25.720  0.1312E-84  0.3187E-83
 -25.700  0.1312E-84  0.3190E-83
 -25.680  0.1312E-84  0.3193E-83
 -25.660  0.1312E-84  0.3195E-83
 -25.640  0.1312E-84  0.3198E-83
 -25.620  0.1312E-84  0.3201E-83
 -25.600  0.1312E-84  0.3203E-83
 -25.580  0.1312E-84  0.3206E-83
 -25.560  0.1312E-84  0.3208E-83
 -25.540  0.1312E-84  0.3211E-83
 -25.520  0.1312E-84  0.3214E-83
 -25.500  0.1312E-84  0.3216E-83
 -25.480  0.1312E-84  0.3219E-83
 -25.460  0.1312E-84  0.3222E-83
 -25.440  0.1312E-84  0.3224E-83
 -25.420  0.1312E-84  0.3227E-83
 -25.400  0.1312E-84  0.3229E-83
 -25.380  0.1312E-84  0.3232E-83
 -25.360  0.1312E-84  0.3235E-83
 -25.340  0.1312E-84  0.3237E-83
 -25.320  0.1312E-84  0.3240E-83
 -25.300  0.1312E-84  0.3242E-83
 -25.280  0.1312E-84  0.3245E-83
 -25.260  0.1312E-84  0.3248E-83
 -25.240  0.1312E-84  0.3250E-83
 -25.220  0.1312E-84  0.3253E-83
 -25.200  0.1312E-84  0.3256E-83
 -25.180  0.1312E-84  0.3258E-83
 -25.160  0.1312E-84  0.3261E-83
 -25.140  0.1312E-84  0.3263E-83
 -25.120  0.1312E-84  0.3266E-83
 -25.100  0.1312E-84  0.3269E-83
 -25.080  0.1312E-84  0.3271E-83
 -25.060  0.1312E-84  0.3274E-83
 -25.040  0.1312E-84  0.3277E-83
 -25.020  0.1312E-84  0.3279E-83
 -25.000  0.1312E-84  0.3282E-83
 -24.980  0.1312E-84  0.3284E-83
 -24.960  0.1312E-84  0.3287E-83
 -24.940  0.1312E-84  0.3290E-83
 -24.920  0.1312E-84  0.3292E-83
 -24.900  0.1312E-84  0.3295E-83
 -24.880  0.1312E-84  0.3298E-83
 -24.860  0.1312E-84  0.3300E-83
 -24.840  0.1312E-84  0.3303E-83
 -24.820  0.1312E-84  0.3305E-83
 -24.800  0.1312E-84  0.3308E-83
 -24.780  0.1312E-84  0.3311E-83
 -24.760  0.1312E-84  0.3313E-83
 -24.740  0.1312E-84  0.3316E-83
 -24.720  0.1312E-84  0.3319E-83
 -24.700  0.1312E-84  0.3321E-83
 -24.680  0.1312E-84  0.3324E-83
 -24.660  0.1312E-84  0.3326E-83
 -24.640  0.1312E-84  0.3329E-83
 -24.620  0.1312E-84  0.3332E-83
 -24.600  0.1312E-84  0.3334E-83
 -24.580  0.1312E-84  0.3337E-83
 -24.560  0.1312E-84  0.3340E-83
 -24.540  0.1312E-84  0.3342E-83
 -24.520  0.1312E-84  0.3345E-83
 -24.500  0.1312E-84  0.3347E-83
 -24.480  0.1312E-84  0.3350E-83
 -24.460  0.1312E-84  0.3353E-83
 -24.440  0.1312E-84  0.3355E-83
 -24.420  0.1312E-84  0.3358E-83
 -24.400  0.1312E-84  0.3361E-83
 -24.380  0.1312E-84  0.3363E-83
 -24.360  0.1312E-84  0.3366E-83
 -24.340  0.1312E-84  0.3368E-83
 -24.320  0.1312E-84  0.3371E-83
 -24.300  0.1312E-84  0.3374E-83
 -24.280  0.1312E-84  0.3376E-83
 -24.260  0.1312E-84  0.3379E-83
 -24.240  0.1312E-84  0.3382E-83
 -24.220  0.1312E-84  0.3384E-83
 -24.200  0.1312E-84  0.3387E-83
 -24.180  0.1312E-84  0.3389E-83
 -24.160  0.1312E-84  0.3392E-83
 -24.140  0.1312E-84  0.3395E-83
 -24.120  0.1312E-84  0.3397E-83
 -24.100  0.1312E-84  0.3400E-83
 -24.080  0.1312E-84  0.3403E-83
 -24.060  0.1312E-84  0.3405E-83
 -24.040  0.1312E-84  0.3408E-83
 -24.020  0.1312E-84  0.3410E-83
 -24.000  0.1312E-84  0.3413E-83
 -23.980  0.1312E-84  0.3416E-83
 -23.960  0.1312E-84  0.3418E-83
 -23.940  0.1312E-84  0.3421E-83
 -23.920  0.1312E-84  0.3424E-83
 -23.900  0.1312E-84  0.3426E-83
 -23.880  0.1312E-84  0.3429E-83
 -23.860  0.1312E-84  0.3431E-83
 -23.840  0.1312E-84  0.3434E-83
 -23.820  0.1312E-84  0.3437E-83
 -23.800  0.1312E-84  0.3439E-83
 -23.780  0.1312E-84  0.3442E-83
 -23.760  0.1312E-84  0.3444E-83
 -23.740  0.1312E-84  0.3447E-83
 -23.720  0.1312E-84  0.3450E-83
 -23.700  0.1312E-84  0.3452E-83
 -23.680  0.1312E-84  0.3455E-83
 -23.660  0.1312E-84  0.3458E-83
 -23.640  0.1312E-84  0.3460E-83
 -23.620  0.1312E-84  0.3463E-83
 -23.600  0.1312E-84  0.3465E-83
 -23.580  0.1312E-84  0.3468E-83
 -23.560  0.1312E-84  0.3471E-83
 -23.540  0.1312E-84  0.3473E-83
 -23.520  0.1312E-84  0.3476E-83
 -23.500  0.1312E-84  0.3479E-83
 -23.480  0.1312E-84  0.3481E-83
 -23.460  0.1312E-84  0.3484E-83
 -23.440  0.1312E-84  0.3486E-83
 -23.420  0.1312E-84  0.3489E-83
 -23.400  0.1312E-84  0.3492E-83
 -23.380  0.1312E-84  0.3494E-83
 -23.360  0.1312E-84  0.3497E-83
 -23.340  0.1312E-84  0.3500E-83
 -23.320  0.1312E-84  0.3502E-83
 -23.300  0.1312E-84  0.3505E-83
 -23.280  0.1312E-84  0.3507E-83
 -23.260  0.1312E-84  0.3510E-83
 -23.240  0.1312E-84  0.3513E-83
 -23.220  0.1312E-84  0.3515E-83
 -23.200  0.1312E-84  0.3518E-83
 -23.180  0.1312E-84  0.3521E-83
 -23.160  0.1312E-84  0.3523E-83
 -23.140  0.1312E-84  0.3526E-83
 -23.120  0.1312E-84  0.3528E-83
 -23.100  0.1312E-84  0.3531E-83
 -23.080  0.1312E-84  0.3534E-83
 -23.060  0.1312E-84  0.3536E-83
 -23.040  0.1312E-84  0.3539E-83
 -23.020  0.1312E-84  0.3542E-83
 -23.000  0.1312E-84  0.3544E-83
 -22.980  0.1312E-84  0.3547E-83
 -22.960  0.1312E-84  0.3549E-83
 -22.940  0.1312E-84  0.3552E-83
 -22.920  0.1312E-84  0.3555E-83
 -22.900  0.1312E-84  0.3557E-83
 -22.880  0.1312E-84  0.3560E-83
 -22.860  0.1312E-84  0.3563E-83
 -22.840  0.1312E-84  0.3565E-83
 -22.820  0.1312E-84  0.3568E-83
 -22.800  0.1312E-84  0.3570E-83
 -22.780  0.1312E-84  0.3573E-83
 -22.760  0.1312E-84  0.3576E-83
 -22.740  0.1312E-84  0.3578E-83
 -22.720  0.1312E-84  0.3581E-83
 -22.700  0.1312E-84  0.3584E-83
 -22.680  0.1312E-84  0.3586E-83
 -22.660  0.1312E-84  0.3589E-83
 -22.640  0.1312E-84  0.3591E-83
 -22.620  0.1312E-84  0.3594E-83
 -22.600  0.1312E-84  0.3597E-83
 -22.580  0.1312E-84  0.3599E-83
 -22.560  0.1312E-84  0.3602E-83
 -22.540  0.1312E-84  0.3605E-83
 -22.520  0.1312E-84  0.3607E-83
 -22.500  0.1312E-84  0.3610E-83
 -22.480  0.1312E-84  0.3612E-83
 -22.460  0.1312E-84  0.3615E-83
 -22.440  0.1312E-84  0.3618E-83
 -22.420  0.1312E-84  0.3620E-83
 -22.400  0.1312E-84  0.3623E-83
 -22.380  0.1312E-84  0.3626E-83
 -22.360  0.1312E-84  0.3628E-83
 -22.340  0.1312E-84  0.3631E-83
 -22.320  0.1312E-84  0.3633E-83
 -22.300  0.1312E-84  0.3636E-83
 -22.280  0.1312E-84  0.3639E-83
 -22.260  0.1312E-84  0.3641E-83
 -22.240  0.1312E-84  0.3644E-83
 -22.220  0.1312E-84  0.3646E-83
 -22.200  0.1312E-84  0.3649E-83
 -22.180  0.1312E-84  0.3652E-83
 -22.160  0.1312E-84  0.3654E-83
 -22.140  0.1312E-84  0.3657E-83
 -22.120  0.1312E-84  0.3660E-83
 -22.100  0.1312E-84  0.3662E-83
 -22.080  0.1312E-84  0.3665E-83
 -22.060  0.1312E-84  0.3667E-83
 -22.040  0.1312E-84  0.3670E-83
 -22.020  0.1312E-84  0.3673E-83
 -22.000  0.1312E-84  0.3675E-83
 -21.980  0.1312E-84  0.3678E-83
 -21.960  0.1312E-84  0.3681E-83
 -21.940  0.1312E-84  0.3683E-83
 -21.920  0.1312E-84  0.3686E-83
 -21.900  0.1312E-84  0.3688E-83
 -21.880  0.1312E-84  0.3691E-83
 -21.860  0.1312E-84  0.3694E-83
 -21.840  0.1312E-84  0.3696E-83
 -21.820  0.1312E-84  0.3699E-83
 -21.800  0.1312E-84  0.3702E-83
 -21.780  0.1312E-84  0.3704E-83
 -21.760  0.1312E-84  0.3707E-83
 -21.740  0.1312E-84  0.3709E-83
 -21.720  0.1312E-84  0.3712E-83
 -21.700  0.1312E-84  0.3715E-83
 -21.680  0.1312E-84  0.3717E-83
 -21.660  0.1312E-84  0.3720E-83
 -21.640  0.1312E-84  0.3723E-83
 -21.620  0.1312E-84  0.3725E-83
 -21.600  0.1312E-84  0.3728E-83
 -21.580  0.1312E-84  0.3730E-83
 -21.560  0.1312E-84  0.3733E-83
 -21.540  0.1312E-84  0.3736E-83
 -21.520  0.1312E-84  0.3738E-83
 -21.500  0.1312E-84  0.3741E-83
 -21.480  0.1312E-84  0.3744E-83
 -21.460  0.1312E-84  0.3746E-83
 -21.440  0.1312E-84  0.3749E-83
 -21.420  0.1312E-84  0.3751E-83
 -21.400  0.1312E-84  0.3754E-83
 -21.380  0.1312E-84  0.3757E-83
 -21.360  0.1312E-84  0.3759E-83
 -21.340  0.1312E-84  0.3762E-83
 -21.320  0.1312E-84  0.3765E-83
 -21.300  0.1312E-84  0.3767E-83
 -21.280  0.1312E-84  0.3770E-83
 -21.260  0.1312E-84  0.3772E-83
 -21.240  0.1312E-84  0.3775E-83
 -21.220  0.1312E-84  0.3778E-83
 -21.200  0.1312E-84  0.3780E-83
 -21.180  0.1312E-84  0.3783E-83
 -21.160  0.1312E-84  0.3786E-83
 -21.140  0.1312E-84  0.3788E-83
 -21.120  0.1312E-84  0.3791E-83
 -21.100  0.1312E-84  0.3793E-83
 -21.080  0.1312E-84  0.3796E-83
 -21.060  0.1312E-84  0.3799E-83
 -21.040  0.1312E-84  0.3801E-83
 -21.020  0.1312E-84  0.3804E-83
 -21.000  0.1312E-84  0.3807E-83
 -20.980  0.1312E-84  0.3809E-83
 -20.960  0.1312E-84  0.3812E-83
 -20.940  0.1312E-84  0.3814E-83
 -20.920  0.1312E-84  0.3817E-83
 -20.900  0.1312E-84  0.3820E-83
 -20.880  0.1312E-84  0.3822E-83
 -20.860  0.1312E-84  0.3825E-83
 -20.840  0.1312E-84  0.3828E-83
 -20.820  0.1312E-84  0.3830E-83
 -20.800  0.1312E-84  0.3833E-83
 -20.780  0.1312E-84  0.3835E-83
 -20.760  0.1312E-84  0.3838E-83
 -20.740  0.1312E-84  0.3841E-83
 -20.720  0.1312E-84  0.3843E-83
 -20.700  0.1312E-84  0.3846E-83
 -20.680  0.1312E-84  0.3848E-83
 -20.660  0.1312E-84  0.3851E-83
 -20.640  0.1312E-84  0.3854E-83
 -20.620  0.1312E-84  0.3856E-83
 -20.600  0.1312E-84  0.3859E-83
 -20.580  0.1312E-84  0.3862E-83
 -20.560  0.1312E-84  0.3864E-83
 -20.540  0.1312E-84  0.3867E-83
 -20.520  0.1312E-84  0.3869E-83
 -20.500  0.1312E-84  0.3872E-83
 -20.480  0.1312E-84  0.3875E-83
 -20.460  0.1312E-84  0.3877E-83
 -20.440  0.1312E-84  0.3880E-83
 -20.420  0.1312E-84  0.3883E-83
 -20.400  0.1312E-84  0.3885E-83
 -20.380  0.1312E-84  0.3888E-83
 -20.360  0.1312E-84  0.3890E-83
 -20.340  0.1312E-84  0.3893E-83
 -20.320  0.1312E-84  0.3896E-83
 -20.300  0.1312E-84  0.3898E-83
 -20.280  0.1312E-84  0.3901E-83
 -20.260  0.1312E-84  0.3904E-83
 -20.240  0.1312E-84  0.3906E-83
 -20.220  0.1312E-84  0.3909E-83
 -20.200  0.1312E-84  0.3911E-83
 -20.180  0.1312E-84  0.3914E-83
 -20.160  0.1312E-84  0.3917E-83
 -20.140  0.1312E-84  0.3919E-83
 -20.120  0.1312E-84  0.3922E-83
 -20.100  0.1312E-84  0.3925E-83
 -20.080  0.1312E-84  0.3927E-83
 -20.060  0.1312E-84  0.3930E-83
 -20.040  0.1312E-84  0.3932E-83
 -20.020  0.1312E-84  0.3935E-83
 -20.000  0.1312E-84  0.3938E-83
 -19.980  0.1312E-84  0.3940E-83
 -19.960  0.1312E-84  0.3943E-83
 -19.940  0.1312E-84  0.3946E-83
 -19.920  0.1312E-84  0.3948E-83
 -19.900  0.1312E-84  0.3951E-83
 -19.880  0.1312E-84  0.3953E-83
 -19.860  0.1312E-84  0.3956E-83
 -19.840  0.1312E-84  0.3959E-83
 -19.820  0.1312E-84  0.3961E-83
 -19.800  0.1312E-84  0.3964E-83
 -19.780  0.1312E-84  0.3967E-83
 -19.760  0.1312E-84  0.3969E-83
 -19.740  0.1312E-84  0.3972E-83
 -19.720  0.1312E-84  0.3974E-83
 -19.700  0.1312E-84  0.3977E-83
 -19.680  0.1312E-84  0.3980E-83
 -19.660  0.1312E-84  0.3982E-83
 -19.640  0.1312E-84  0.3985E-83
 -19.620  0.1312E-84  0.3988E-83
 -19.600  0.1312E-84  0.3990E-83
 -19.580  0.1312E-84  0.3993E-83
 -19.560  0.1312E-84  0.3995E-83
 -19.540  0.1312E-84  0.3998E-83
 -19.520  0.1312E-84  0.4001E-83
 -19.500  0.1312E-84  0.4003E-83
 -19.480  0.1312E-84  0.4006E-83
 -19.460  0.1312E-84  0.4009E-83
 -19.440  0.1312E-84  0.4011E-83
 -19.420  0.1312E-84  0.4014E-83
 -19.400  0.1312E-84  0.4016E-83
 -19.380  0.1312E-84  0.4019E-83
 -19.360  0.1312E-84  0.4022E-83
 -19.340  0.1312E-84  0.4024E-83
 -19.320  0.1312E-84  0.4027E-83
 -19.300  0.1312E-84  0.4030E-83
 -19.280  0.1312E-84  0.4032E-83
 -19.260  0.1312E-84  0.4035E-83
 -19.240  0.1312E-84  0.4037E-83
 -19.220  0.1312E-84  0.4040E-83
 -19.200  0.1312E-84  0.4043E-83
 -19.180  0.1312E-84  0.4045E-83
 -19.160  0.1312E-84  0.4048E-83
 -19.140  0.1312E-84  0.4050E-83
 -19.120  0.1312E-84  0.4053E-83
 -19.100  0.1312E-84  0.4056E-83
 -19.080  0.1312E-84  0.4058E-83
 -19.060  0.1312E-84  0.4061E-83
 -19.040  0.1312E-84  0.4064E-83
 -19.020  0.1312E-84  0.4066E-83
 -19.000  0.1312E-84  0.4069E-83
 -18.980  0.1312E-84  0.4071E-83
 -18.960  0.1312E-84  0.4074E-83
 -18.940  0.1312E-84  0.4077E-83
 -18.920  0.1312E-84  0.4079E-83
 -18.900  0.1312E-84  0.4082E-83
 -18.880  0.1312E-84  0.4085E-83
 -18.860  0.1312E-84  0.4087E-83
 -18.840  0.1312E-84  0.4090E-83
 -18.820  0.1312E-84  0.4092E-83
 -18.800  0.1312E-84  0.4095E-83
 -18.780  0.1312E-84  0.4098E-83
 -18.760  0.1312E-84  0.4100E-83
 -18.740  0.1312E-84  0.4103E-83
 -18.720  0.1312E-84  0.4106E-83
 -18.700  0.1312E-84  0.4108E-83
 -18.680  0.1312E-84  0.4111E-83
 -18.660  0.1312E-84  0.4113E-83
 -18.640  0.1312E-84  0.4116E-83
 -18.620  0.1312E-84  0.4119E-83
 -18.600  0.1312E-84  0.4121E-83
 -18.580  0.1312E-84  0.4124E-83
 -18.560  0.1312E-84  0.4127E-83
 -18.540  0.1312E-84  0.4129E-83
 -18.520  0.1312E-84  0.4132E-83
 -18.500  0.1312E-84  0.4134E-83
 -18.480  0.1312E-84  0.4137E-83
 -18.460  0.1312E-84  0.4140E-83
 -18.440  0.1312E-84  0.4142E-83
 -18.420  0.1312E-84  0.4145E-83
 -18.400  0.1312E-84  0.4148E-83
 -18.380  0.1312E-84  0.4150E-83
 -18.360  0.1312E-84  0.4153E-83
 -18.340  0.1312E-84  0.4155E-83
 -18.320  0.1312E-84  0.4158E-83
 -18.300  0.1312E-84  0.4161E-83
 -18.280  0.1312E-84  0.4163E-83
 -18.260  0.1312E-84  0.4166E-83
 -18.240  0.1312E-84  0.4169E-83
 -18.220  0.1312E-84  0.4171E-83
 -18.200  0.1312E-84  0.4174E-83
 -18.180  0.1312E-84  0.4176E-83
 -18.160  0.1312E-84  0.4179E-83
 -18.140  0.1312E-84  0.4182E-83
 -18.120  0.1312E-84  0.4184E-83
 -18.100  0.1312E-84  0.4187E-83
 -18.080  0.1312E-84  0.4190E-83
 -18.060  0.1312E-84  0.4192E-83
 -18.040  0.1312E-84  0.4195E-83
 -18.020  0.1312E-84  0.4197E-83
 -18.000  0.1312E-84  0.4200E-83
 -17.980  0.1312E-84  0.4203E-83
 -17.960  0.1312E-84  0.4205E-83
 -17.940  0.1312E-84  0.4208E-83
 -17.920  0.1312E-84  0.4211E-83
 -17.900  0.1312E-84  0.4213E-83
 -17.880  0.1312E-84  0.4216E-83
 -17.860  0.1312E-84  0.4218E-83
 -17.840  0.1312E-84  0.4221E-83
 -17.820  0.1312E-84  0.4224E-83
 -17.800  0.1312E-84  0.4226E-83
 -17.780  0.1312E-84  0.4229E-83
 -17.760  0.1312E-84  0.4231E-83
 -17.740  0.1312E-84  0.4234E-83
 -17.720  0.1312E-84  0.4237E-83
 -17.700  0.1312E-84  0.4239E-83
 -17.680  0.1312E-84  0.4242E-83
 -17.660  0.1312E-84  0.4245E-83
 -17.640  0.1312E-84  0.4247E-83
 -17.620  0.1312E-84  0.4250E-83
 -17.600  0.1312E-84  0.4252E-83
 -17.580  0.1312E-84  0.4255E-83
 -17.560  0.1312E-84  0.4258E-83
 -17.540  0.1312E-84  0.4260E-83
 -17.520  0.1312E-84  0.4263E-83
 -17.500  0.1312E-84  0.4266E-83
 -17.480  0.1312E-84  0.4268E-83
 -17.460  0.1312E-84  0.4271E-83
 -17.440  0.1312E-84  0.4273E-83
 -17.420  0.1312E-84  0.4276E-83
 -17.400  0.1312E-84  0.4279E-83
 -17.380  0.1312E-84  0.4281E-83
 -17.360  0.1312E-84  0.4284E-83
 -17.340  0.1312E-84  0.4287E-83
 -17.320  0.1312E-84  0.4289E-83
 -17.300  0.1312E-84  0.4292E-83
 -17.280  0.1312E-84  0.4294E-83
 -17.260  0.1312E-84  0.4297E-83
 -17.240  0.1312E-84  0.4300E-83
 -17.220  0.1312E-84  0.4302E-83
 -17.200  0.1312E-84  0.4305E-83
 -17.180  0.1312E-84  0.4308E-83
 -17.160  0.1312E-84  0.4310E-83
 -17.140  0.1312E-84  0.4313E-83
 -17.120  0.1312E-84  0.4315E-83
 -17.100  0.1312E-84  0.4318E-83
 -17.080  0.1312E-84  0.4321E-83
 -17.060  0.1312E-84  0.4323E-83
 -17.040  0.1312E-84  0.4326E-83
 -17.020  0.1312E-84  0.4329E-83
 -17.000  0.1312E-84  0.4331E-83
 -16.980  0.1312E-84  0.4334E-83
 -16.960  0.1312E-84  0.4336E-83
 -16.940  0.1312E-84  0.4339E-83
 -16.920  0.1312E-84  0.4342E-83
 -16.900  0.1312E-84  0.4344E-83
 -16.880  0.1312E-84  0.4347E-83
 -16.860  0.1312E-84  0.4350E-83
 -16.840  0.1312E-84  0.4352E-83
 -16.820  0.1312E-84  0.4355E-83
 -16.800  0.1312E-84  0.4357E-83
 -16.780  0.1312E-84  0.4360E-83
 -16.760  0.1312E-84  0.4363E-83
 -16.740  0.1312E-84  0.4365E-83
 -16.720  0.1312E-84  0.4368E-83
 -16.700  0.1312E-84  0.4371E-83
 -16.680  0.1312E-84  0.4373E-83
 -16.660  0.1312E-84  0.4376E-83
 -16.640  0.1312E-84  0.4378E-83
 -16.620  0.1312E-84  0.4381E-83
 -16.600  0.1312E-84  0.4384E-83
 -16.580  0.1312E-84  0.4386E-83
 -16.560  0.1312E-84  0.4389E-83
 -16.540  0.1312E-84  0.4392E-83
 -16.520  0.1312E-84  0.4394E-83
 -16.500  0.1312E-84  0.4397E-83
 -16.480  0.1312E-84  0.4399E-83
 -16.460  0.1312E-84  0.4402E-83
 -16.440  0.1312E-84  0.4405E-83
 -16.420  0.1312E-84  0.4407E-83
 -16.400  0.1312E-84  0.4410E-83
 -16.380  0.1312E-84  0.4413E-83
 -16.360  0.1312E-84  0.4415E-83
 -16.340  0.1312E-84  0.4418E-83
 -16.320  0.1312E-84  0.4420E-83
 -16.300  0.1312E-84  0.4423E-83
 -16.280  0.1312E-84  0.4426E-83
 -16.260  0.1312E-84  0.4428E-83
 -16.240  0.1312E-84  0.4431E-83
 -16.220  0.1312E-84  0.4433E-83
 -16.200  0.1312E-84  0.4436E-83
 -16.180  0.1312E-84  0.4439E-83
 -16.160  0.1312E-84  0.4441E-83
 -16.140  0.1312E-84  0.4444E-83
 -16.120  0.1312E-84  0.4447E-83
 -16.100  0.1312E-84  0.4449E-83
 -16.080  0.1312E-84  0.4452E-83
 -16.060  0.1312E-84  0.4454E-83
 -16.040  0.1312E-84  0.4457E-83
 -16.020  0.1312E-84  0.4460E-83
 -16.000  0.1312E-84  0.4462E-83
 -15.980  0.1312E-84  0.4465E-83
 -15.960  0.1312E-84  0.4468E-83
 -15.940  0.1312E-84  0.4470E-83
 -15.920  0.1312E-84  0.4473E-83
 -15.900  0.1312E-84  0.4475E-83
 -15.880  0.1312E-84  0.4478E-83
 -15.860  0.1312E-84  0.4481E-83
 -15.840  0.1312E-84  0.4483E-83
 -15.820  0.1312E-84  0.4486E-83
 -15.800  0.1312E-84  0.4489E-83
 -15.780  0.1312E-84  0.4491E-83
 -15.760  0.1312E-84  0.4494E-83
 -15.740  0.1312E-84  0.4496E-83
 -15.720  0.1312E-84  0.4499E-83
 -15.700  0.1312E-84  0.4502E-83
 -15.680  0.1312E-84  0.4504E-83
 -15.660  0.1312E-84  0.4507E-83
 -15.640  0.1312E-84  0.4510E-83
 -15.620  0.1312E-84  0.4512E-83
 -15.600  0.1312E-84  0.4515E-83
 -15.580  0.1312E-84  0.4517E-83
 -15.560  0.1312E-84  0.4520E-83
 -15.540  0.1312E-84  0.4523E-83
 -15.520  0.1312E-84  0.4525E-83
 -15.500  0.1312E-84  0.4528E-83
 -15.480  0.1312E-84  0.4531E-83
 -15.460  0.1312E-84  0.4533E-83
 -15.440  0.1312E-84  0.4536E-83
 -15.420  0.1312E-84  0.4538E-83
 -15.400  0.1312E-84  0.4541E-83
 -15.380  0.1312E-84  0.4544E-83
 -15.360  0.1312E-84  0.4546E-83
 -15.340  0.1312E-84  0.4549E-83
 -15.320  0.1312E-84  0.4552E-83
 -15.300  0.1312E-84  0.4554E-83
 -15.280  0.1312E-84  0.4557E-83
 -15.260  0.1312E-84  0.4559E-83
 -15.240  0.1312E-84  0.4562E-83
 -15.220  0.1312E-84  0.4565E-83
 -15.200  0.1312E-84  0.4567E-83
 -15.180  0.1312E-84  0.4570E-83
 -15.160  0.1312E-84  0.4573E-83
 -15.140  0.1312E-84  0.4575E-83
 -15.120  0.1312E-84  0.4578E-83
 -15.100  0.1312E-84  0.4580E-83
 -15.080  0.1312E-84  0.4583E-83
 -15.060  0.1312E-84  0.4586E-83
 -15.040  0.1312E-84  0.4588E-83
 -15.020  0.1312E-84  0.4591E-83
 -15.000  0.1312E-84  0.4594E-83
 -14.980  0.1312E-84  0.4596E-83
 -14.960  0.1312E-84  0.4599E-83
 -14.940  0.1312E-84  0.4601E-83
 -14.920  0.1312E-84  0.4604E-83
 -14.900  0.1312E-84  0.4607E-83
 -14.880  0.1312E-84  0.4609E-83
 -14.860  0.1312E-84  0.4612E-83
 -14.840  0.1312E-84  0.4615E-83
 -14.820  0.1312E-84  0.4617E-83
 -14.800  0.1312E-84  0.4620E-83
 -14.780  0.1312E-84  0.4622E-83
 -14.760  0.1312E-84  0.4625E-83
 -14.740  0.1312E-84  0.4628E-83
 -14.720  0.1312E-84  0.4630E-83
 -14.700  0.1312E-84  0.4633E-83
 -14.680  0.1312E-84  0.4635E-83
 -14.660  0.1312E-84  0.4638E-83
 -14.640  0.1312E-84  0.4641E-83
 -14.620  0.1312E-84  0.4643E-83
 -14.600  0.1312E-84  0.4646E-83
 -14.580  0.1312E-84  0.4649E-83
 -14.560  0.1312E-84  0.4651E-83
 -14.540  0.1312E-84  0.4654E-83
 -14.520  0.1312E-84  0.4656E-83
 -14.500  0.1312E-84  0.4659E-83
 -14.480  0.1312E-84  0.4662E-83
 -14.460  0.1312E-84  0.4664E-83
 -14.440  0.1312E-84  0.4667E-83
 -14.420  0.1312E-84  0.4670E-83
 -14.400  0.1312E-84  0.4672E-83
 -14.380  0.1312E-84  0.4675E-83
 -14.360  0.1312E-84  0.4677E-83
 -14.340  0.1312E-84  0.4680E-83
 -14.320  0.1312E-84  0.4683E-83
 -14.300  0.1312E-84  0.4685E-83
 -14.280  0.1312E-84  0.4688E-83
 -14.260  0.1312E-84  0.4691E-83
 -14.240  0.1312E-84  0.4693E-83
 -14.220  0.1312E-84  0.4696E-83
 -14.200  0.1312E-84  0.4698E-83
 -14.180  0.1312E-84  0.4701E-83
 -14.160  0.1312E-84  0.4704E-83
 -14.140  0.1312E-84  0.4706E-83
 -14.120  0.1312E-84  0.4709E-83
 -14.100  0.1312E-84  0.4712E-83
 -14.080  0.1312E-84  0.4714E-83
 -14.060  0.1312E-84  0.4717E-83
 -14.040  0.1312E-84  0.4719E-83
 -14.020  0.1312E-84  0.4722E-83
 -14.000  0.1312E-84  0.4725E-83
 -13.980  0.1312E-84  0.4727E-83
 -13.960  0.1312E-84  0.4730E-83
 -13.940  0.1312E-84  0.4733E-83
 -13.920  0.1312E-84  0.4735E-83
 -13.900  0.1312E-84  0.4738E-83
 -13.880  0.1312E-84  0.4740E-83
 -13.860  0.1312E-84  0.4743E-83
 -13.840  0.1312E-84  0.4746E-83
 -13.820  0.1312E-84  0.4748E-83
 -13.800  0.1312E-84  0.4751E-83
 -13.780  0.1312E-84  0.4754E-83
 -13.760  0.1312E-84  0.4756E-83
 -13.740  0.1312E-84  0.4759E-83
 -13.720  0.1312E-84  0.4761E-83
 -13.700  0.1312E-84  0.4764E-83
 -13.680  0.1312E-84  0.4767E-83
 -13.660  0.1312E-84  0.4769E-83
 -13.640  0.1312E-84  0.4772E-83
 -13.620  0.1312E-84  0.4775E-83
 -13.600  0.1312E-84  0.4777E-83
 -13.580  0.1312E-84  0.4780E-83
 -13.560  0.1312E-84  0.4782E-83
 -13.540  0.1312E-84  0.4785E-83
 -13.520  0.1312E-84  0.4788E-83
 -13.500  0.1312E-84  0.4790E-83
 -13.480  0.1312E-84  0.4793E-83
 -13.460  0.1312E-84  0.4796E-83
 -13.440  0.1312E-84  0.4798E-83
 -13.420  0.1312E-84  0.4801E-83
 -13.400  0.1312E-84  0.4803E-83
 -13.380  0.1312E-84  0.4806E-83
 -13.360  0.1312E-84  0.4809E-83
 -13.340  0.1312E-84  0.4811E-83
 -13.320  0.1312E-84  0.4814E-83
 -13.300  0.1312E-84  0.4817E-83
 -13.280  0.1312E-84  0.4819E-83
 -13.260  0.1312E-84  0.4822E-83
 -13.240  0.1312E-84  0.4824E-83
 -13.220  0.1312E-84  0.4827E-83
 -13.200  0.1312E-84  0.4830E-83
 -13.180  0.1312E-84  0.4832E-83
 -13.160  0.1312E-84  0.4835E-83
 -13.140  0.1312E-84  0.4837E-83
 -13.120  0.1312E-84  0.4840E-83
 -13.100  0.1312E-84  0.4843E-83
 -13.080  0.1312E-84  0.4845E-83
 -13.060  0.1312E-84  0.4848E-83
 -13.040  0.1312E-84  0.4851E-83
 -13.020  0.1312E-84  0.4853E-83
 -13.000  0.1312E-84  0.4856E-83
 -12.980  0.1312E-84  0.4858E-83
 -12.960  0.1312E-84  0.4861E-83
 -12.940  0.1312E-84  0.4864E-83
 -12.920  0.1312E-84  0.4866E-83
 -12.900  0.1312E-84  0.4869E-83
 -12.880  0.1312E-84  0.4872E-83
 -12.860  0.1312E-84  0.4874E-83
 -12.840  0.1312E-84  0.4877E-83
 -12.820  0.1312E-84  0.4879E-83
 -12.800  0.1312E-84  0.4882E-83
 -12.780  0.1312E-84  0.4885E-83
 -12.760  0.1312E-84  0.4887E-83
 -12.740  0.1312E-84  0.4890E-83
 -12.720  0.1312E-84  0.4893E-83
 -12.700  0.1312E-84  0.4895E-83
 -12.680  0.1312E-84  0.4898E-83
 -12.660  0.1312E-84  0.4900E-83
 -12.640  0.1312E-84  0.4903E-83
 -12.620  0.1312E-84  0.4906E-83
 -12.600  0.1312E-84  0.4908E-83
 -12.580  0.1312E-84  0.4911E-83
 -12.560  0.1312E-84  0.4914E-83
 -12.540  0.1312E-84  0.4916E-83
 -12.520  0.1312E-84  0.4919E-83
 -12.500  0.1312E-84  0.4921E-83
 -12.480  0.1312E-84  0.4924E-83
 -12.460  0.1312E-84  0.4927E-83
 -12.440  0.1312E-84  0.4929E-83
 -12.420  0.1312E-84  0.4932E-83
 -12.400  0.1312E-84  0.4935E-83
 -12.380  0.1312E-84  0.4937E-83
 -12.360  0.1312E-84  0.4940E-83
 -12.340  0.1312E-84  0.4942E-83
 -12.320  0.1312E-84  0.4945E-83
 -12.300  0.1312E-84  0.4948E-83
 -12.280  0.1312E-84  0.4950E-83
 -12.260  0.1312E-84  0.4953E-83
 -12.240  0.1312E-84  0.4956E-83
 -12.220  0.1312E-84  0.4958E-83
 -12.200  0.1312E-84  0.4961E-83
 -12.180  0.1312E-84  0.4963E-83
 -12.160  0.1312E-84  0.4966E-83
 -12.140  0.1312E-84  0.4969E-83
 -12.120  0.1312E-84  0.4971E-83
 -12.100  0.1312E-84  0.4974E-83
 -12.080  0.1312E-84  0.4977E-83
 -12.060  0.1312E-84  0.4979E-83
 -12.040  0.1312E-84  0.4982E-83
 -12.020  0.1312E-84  0.4984E-83
 -12.000  0.1312E-84  0.4987E-83
 -11.980  0.1312E-84  0.4990E-83
 -11.960  0.1312E-84  0.4992E-83
 -11.940  0.1312E-84  0.4995E-83
 -11.920  0.1312E-84  0.4998E-83
 -11.900  0.1312E-84  0.5000E-83
 -11.880  0.1312E-84  0.5003E-83
 -11.860  0.1312E-84  0.5005E-83
 -11.840  0.1312E-84  0.5008E-83
 -11.820  0.1312E-84  0.5011E-83
 -11.800  0.1312E-84  0.5013E-83
 -11.780  0.1312E-84  0.5016E-83
 -11.760  0.1312E-84  0.5019E-83
 -11.740  0.1312E-84  0.5021E-83
 -11.720  0.1312E-84  0.5024E-83
 -11.700  0.1312E-84  0.5026E-83
 -11.680  0.1312E-84  0.5029E-83
 -11.660  0.1312E-84  0.5032E-83
 -11.640  0.1312E-84  0.5034E-83
 -11.620  0.1312E-84  0.5037E-83
 -11.600  0.1312E-84  0.5039E-83
 -11.580  0.1312E-84  0.5042E-83
 -11.560  0.1312E-84  0.5045E-83
 -11.540  0.1312E-84  0.5047E-83
 -11.520  0.1312E-84  0.5050E-83
 -11.500  0.1312E-84  0.5053E-83
 -11.480  0.1312E-84  0.5055E-83
 -11.460  0.1358E-84  0.5058E-83
 -11.440  0.1701E-83  0.5092E-83
 -11.420  0.4849E-81  0.1479E-82
 -11.400  0.1371E-78  0.2757E-80
 -11.380  0.3550E-76  0.7127E-78
 -11.360  0.8414E-74  0.1690E-75
 -11.340  0.1826E-71  0.3670E-73
 -11.320  0.3629E-69  0.7295E-71
 -11.300  0.6603E-67  0.1328E-68
 -11.280  0.1100E-64  0.2213E-66
 -11.260  0.1678E-62  0.3378E-64
 -11.240  0.2343E-60  0.4720E-62
 -11.220  0.2996E-58  0.6039E-60
 -11.200  0.3507E-56  0.7075E-58
 -11.180  0.3759E-54  0.7589E-56
 -11.160  0.3689E-52  0.7454E-54
 -11.140  0.3314E-50  0.6703E-52
 -11.120  0.2727E-48  0.5520E-50
 -11.100  0.2054E-46  0.4163E-48
 -11.080  0.1416E-44  0.2874E-46
 -11.060  0.8942E-43  0.1817E-44
 -11.040  0.5170E-41  0.1052E-42
 -11.020  0.2736E-39  0.5578E-41
 -11.000  0.1326E-37  0.2708E-39
 -10.980  0.5884E-36  0.1204E-37
 -10.960  0.2390E-34  0.4901E-36
 -10.940  0.8890E-33  0.1827E-34
 -10.920  0.3028E-31  0.6238E-33
 -10.900  0.9440E-30  0.1950E-31
 -10.880  0.2695E-28  0.5585E-30
 -10.860  0.7044E-27  0.1465E-28
 -10.840  0.1686E-25  0.3518E-27
 -10.820  0.3694E-24  0.7739E-26
 -10.800  0.7410E-23  0.1559E-24
 -10.780  0.1361E-21  0.2878E-23
 -10.760  0.2289E-20  0.4866E-22
 -10.740  0.3524E-19  0.7535E-21
 -10.720  0.4969E-18  0.1069E-19
 -10.700  0.6413E-17  0.1390E-18
 -10.680  0.7579E-16  0.1655E-17
 -10.660  0.8201E-15  0.1806E-16
 -10.640  0.8124E-14  0.1805E-15
 -10.620  0.7369E-13  0.1654E-14
 -10.600  0.6120E-12  0.1389E-13
 -10.580  0.4653E-11  0.1070E-12
 -10.560  0.3240E-10  0.7549E-12
 -10.540  0.2065E-09  0.4885E-11
 -10.520  0.1205E-08  0.2899E-10
 -10.500  0.6439E-08  0.1578E-09
 -10.480  0.3150E-07  0.7878E-09
 -10.460  0.1411E-06  0.3610E-08
 -10.440  0.5787E-06  0.1518E-07
 -10.420  0.2173E-05  0.5864E-07
 -10.400  0.7470E-05  0.2080E-06
 -10.380  0.2351E-04  0.6783E-06
 -10.360  0.6777E-04  0.2034E-05
 -10.340  0.1788E-03  0.5610E-05
 -10.320  0.4320E-03  0.1425E-04
 -10.300  0.9556E-03  0.3336E-04
 -10.280  0.1935E-02  0.7207E-04
 -10.260  0.3588E-02  0.1438E-03
 -10.240  0.6092E-02  0.2657E-03
 -10.220  0.9470E-02  0.4551E-03
 -10.200  0.1348E-01  0.7246E-03
 -10.180  0.1756E-01  0.1076E-02
 -10.160  0.2095E-01  0.1495E-02
 -10.140  0.2289E-01  0.1953E-02
 -10.120  0.2289E-01  0.2410E-02
 -10.100  0.2096E-01  0.2829E-02
 -10.080  0.1757E-01  0.3181E-02
 -10.060  0.1349E-01  0.3451E-02
 -10.040  0.9479E-02  0.3640E-02
 -10.020  0.6100E-02  0.3762E-02
 -10.000  0.3596E-02  0.3834E-02
  -9.980  0.1949E-02  0.3873E-02
  -9.960  0.9944E-03  0.3893E-02
  -9.940  0.5537E-03  0.3904E-02
  -9.920  0.5398E-03  0.3915E-02
  -9.900  0.1053E-02  0.3936E-02
  -9.880  0.2489E-02  0.3986E-02
  -9.860  0.5654E-02  0.4099E-02
  -9.840  0.1184E-01  0.4336E-02
  -9.820  0.2275E-01  0.4791E-02
  -9.800  0.4001E-01  0.5591E-02
  -9.780  0.6447E-01  0.6880E-02
  -9.760  0.9523E-01  0.8785E-02
  -9.740  0.1291E+00  0.1137E-01
  -9.720  0.1608E+00  0.1458E-01
  -9.700  0.1849E+00  0.1828E-01
  -9.680  0.1976E+00  0.2223E-01
  -9.660  0.1984E+00  0.2620E-01
  -9.640  0.1909E+00  0.3002E-01
  -9.620  0.1805E+00  0.3363E-01
  -9.600  0.1718E+00  0.3707E-01
  -9.580  0.1667E+00  0.4040E-01
  -9.560  0.1634E+00  0.4367E-01
  -9.540  0.1579E+00  0.4683E-01
  -9.520  0.1468E+00  0.4976E-01
  -9.500  0.1286E+00  0.5233E-01
  -9.480  0.1048E+00  0.5443E-01
  -9.460  0.7884E-01  0.5601E-01
  -9.440  0.5458E-01  0.5710E-01
  -9.420  0.3467E-01  0.5779E-01
  -9.400  0.2019E-01  0.5820E-01
  -9.380  0.1077E-01  0.5841E-01
  -9.360  0.5266E-02  0.5852E-01
  -9.340  0.2356E-02  0.5856E-01
  -9.320  0.9656E-03  0.5858E-01
  -9.300  0.3625E-03  0.5859E-01
  -9.280  0.1253E-03  0.5859E-01
  -9.260  0.4291E-04  0.5859E-01
  -9.240  0.2596E-04  0.5859E-01
  -9.220  0.5548E-04  0.5860E-01
  -9.200  0.1726E-03  0.5860E-01
  -9.180  0.5151E-03  0.5861E-01
  -9.160  0.1413E-02  0.5864E-01
  -9.140  0.3549E-02  0.5871E-01
  -9.120  0.8162E-02  0.5887E-01
  -9.100  0.1719E-01  0.5922E-01
  -9.080  0.3314E-01  0.5988E-01
  -9.060  0.5849E-01  0.6105E-01
  -9.040  0.9453E-01  0.6294E-01
  -9.020  0.1399E+00  0.6574E-01
  -9.000  0.1895E+00  0.6953E-01
  -8.980  0.2351E+00  0.7423E-01
  -8.960  0.2670E+00  0.7957E-01
  -8.940  0.2776E+00  0.8512E-01
  -8.920  0.2643E+00  0.9041E-01
  -8.900  0.2304E+00  0.9502E-01
  -8.880  0.1839E+00  0.9869E-01
  -8.860  0.1344E+00  0.1014E+00
  -8.840  0.8991E-01  0.1032E+00
  -8.820  0.5508E-01  0.1043E+00
  -8.800  0.3091E-01  0.1049E+00
  -8.780  0.1595E-01  0.1052E+00
  -8.760  0.7742E-02  0.1054E+00
  -8.740  0.4076E-02  0.1055E+00
  -8.720  0.3675E-02  0.1055E+00
  -8.700  0.6597E-02  0.1057E+00
  -8.680  0.1448E-01  0.1060E+00
  -8.660  0.3066E-01  0.1066E+00
  -8.640  0.5991E-01  0.1078E+00
  -8.620  0.1073E+00  0.1099E+00
  -8.600  0.1761E+00  0.1134E+00
  -8.580  0.2647E+00  0.1187E+00
  -8.560  0.3646E+00  0.1260E+00
  -8.540  0.4609E+00  0.1352E+00
  -8.520  0.5354E+00  0.1459E+00
  -8.500  0.5733E+00  0.1574E+00
  -8.480  0.5693E+00  0.1688E+00
  -8.460  0.5292E+00  0.1794E+00
  -8.440  0.4675E+00  0.1887E+00
  -8.420  0.4009E+00  0.1967E+00
  -8.400  0.3414E+00  0.2036E+00
  -8.380  0.2929E+00  0.2094E+00
  -8.360  0.2530E+00  0.2145E+00
  -8.340  0.2162E+00  0.2188E+00
  -8.320  0.1787E+00  0.2224E+00
  -8.300  0.1400E+00  0.2252E+00
  -8.280  0.1025E+00  0.2272E+00
  -8.260  0.6946E-01  0.2286E+00
  -8.240  0.4339E-01  0.2295E+00
  -8.220  0.2490E-01  0.2300E+00
  -8.200  0.1311E-01  0.2303E+00
  -8.180  0.6323E-02  0.2304E+00
  -8.160  0.2794E-02  0.2304E+00
  -8.140  0.1131E-02  0.2305E+00
  -8.120  0.4192E-03  0.2305E+00
  -8.100  0.1427E-03  0.2305E+00
  -8.080  0.4608E-04  0.2305E+00
  -8.060  0.1994E-04  0.2305E+00
  -8.040  0.2962E-04  0.2305E+00
  -8.020  0.8697E-04  0.2305E+00
  -8.000  0.2584E-03  0.2305E+00
  -7.980  0.7083E-03  0.2305E+00
  -7.960  0.1779E-02  0.2305E+00
  -7.940  0.4090E-02  0.2306E+00
  -7.920  0.8610E-02  0.2308E+00
  -7.900  0.1660E-01  0.2311E+00
  -7.880  0.2929E-01  0.2317E+00
  -7.860  0.4732E-01  0.2326E+00
  -7.840  0.7001E-01  0.2340E+00
  -7.820  0.9483E-01  0.2359E+00
  -7.800  0.1176E+00  0.2383E+00
  -7.780  0.1335E+00  0.2410E+00
  -7.760  0.1388E+00  0.2437E+00
  -7.740  0.1321E+00  0.2464E+00
  -7.720  0.1152E+00  0.2487E+00
  -7.700  0.9188E-01  0.2505E+00
  -7.680  0.6713E-01  0.2519E+00
  -7.660  0.4490E-01  0.2528E+00
  -7.640  0.2751E-01  0.2533E+00
  -7.620  0.1545E-01  0.2536E+00
  -7.600  0.8024E-02  0.2538E+00
  -7.580  0.4075E-02  0.2539E+00
  -7.560  0.2661E-02  0.2539E+00
  -7.540  0.3531E-02  0.2540E+00
  -7.520  0.7495E-02  0.2541E+00
  -7.500  0.1675E-01  0.2545E+00
  -7.480  0.3506E-01  0.2552E+00
  -7.460  0.6743E-01  0.2565E+00
  -7.440  0.1188E+00  0.2589E+00
  -7.420  0.1919E+00  0.2627E+00
  -7.400  0.2841E+00  0.2684E+00
  -7.380  0.3862E+00  0.2761E+00
  -7.360  0.4832E+00  0.2858E+00
  -7.340  0.5591E+00  0.2970E+00
  -7.320  0.6035E+00  0.3091E+00
  -7.300  0.6164E+00  0.3214E+00
  -7.280  0.6090E+00  0.3336E+00
  -7.260  0.5977E+00  0.3455E+00
  -7.240  0.5955E+00  0.3574E+00
  -7.220  0.6045E+00  0.3695E+00
  -7.200  0.6152E+00  0.3818E+00
  -7.180  0.6113E+00  0.3941E+00
  -7.160  0.5789E+00  0.4056E+00
  -7.140  0.5136E+00  0.4159E+00
  -7.120  0.4225E+00  0.4244E+00
  -7.100  0.3203E+00  0.4308E+00
  -7.080  0.2231E+00  0.4352E+00
  -7.060  0.1426E+00  0.4381E+00
  -7.040  0.8348E-01  0.4397E+00
  -7.020  0.4478E-01  0.4406E+00
  -7.000  0.2200E-01  0.4411E+00
  -6.980  0.9894E-02  0.4413E+00
  -6.960  0.4075E-02  0.4414E+00
  -6.940  0.1537E-02  0.4414E+00
  -6.920  0.5340E-03  0.4414E+00
  -6.900  0.1819E-03  0.4414E+00
  -6.880  0.1018E-03  0.4414E+00
  -6.860  0.1956E-03  0.4414E+00
  -6.840  0.5774E-03  0.4414E+00
  -6.820  0.1654E-02  0.4415E+00
  -6.800  0.4355E-02  0.4415E+00
  -6.780  0.1051E-01  0.4418E+00
  -6.760  0.2321E-01  0.4422E+00
  -6.740  0.4694E-01  0.4432E+00
  -6.720  0.8691E-01  0.4449E+00
  -6.700  0.1473E+00  0.4478E+00
  -6.680  0.2287E+00  0.4524E+00
  -6.660  0.3250E+00  0.4589E+00
  -6.640  0.4229E+00  0.4674E+00
  -6.620  0.5039E+00  0.4775E+00
  -6.600  0.5496E+00  0.4884E+00
  -6.580  0.5489E+00  0.4994E+00
  -6.560  0.5019E+00  0.5095E+00
  -6.540  0.4202E+00  0.5179E+00
  -6.520  0.3221E+00  0.5243E+00
  -6.500  0.2261E+00  0.5288E+00
  -6.480  0.1453E+00  0.5317E+00
  -6.460  0.8549E-01  0.5334E+00
  -6.440  0.4613E-01  0.5344E+00
  -6.420  0.2302E-01  0.5348E+00
  -6.400  0.1122E-01  0.5351E+00
  -6.380  0.6923E-02  0.5352E+00
  -6.360  0.8450E-02  0.5354E+00
  -6.340  0.1659E-01  0.5357E+00
  -6.320  0.3464E-01  0.5364E+00
  -6.300  0.6810E-01  0.5377E+00
  -6.280  0.1234E+00  0.5402E+00
  -6.260  0.2053E+00  0.5443E+00
  -6.240  0.3136E+00  0.5506E+00
  -6.220  0.4399E+00  0.5594E+00
  -6.200  0.5663E+00  0.5707E+00
  -6.180  0.6691E+00  0.5841E+00
  -6.160  0.7254E+00  0.5986E+00
  -6.140  0.7217E+00  0.6130E+00
  -6.120  0.6588E+00  0.6262E+00
  -6.100  0.5516E+00  0.6372E+00
  -6.080  0.4237E+00  0.6457E+00
  -6.060  0.2985E+00  0.6517E+00
  -6.040  0.1928E+00  0.6555E+00
  -6.020  0.1142E+00  0.6578E+00
  -6.000  0.6202E-01  0.6591E+00
  -5.980  0.3088E-01  0.6597E+00
  -5.960  0.1409E-01  0.6600E+00
  -5.940  0.5894E-02  0.6601E+00
  -5.920  0.2259E-02  0.6601E+00
  -5.900  0.7937E-03  0.6601E+00
  -5.880  0.2555E-03  0.6602E+00
  -5.860  0.7536E-04  0.6602E+00
  -5.840  0.2036E-04  0.6602E+00
  -5.820  0.5042E-05  0.6602E+00
  -5.800  0.1146E-05  0.6602E+00
  -5.780  0.2526E-06  0.6602E+00
  -5.760  0.1253E-06  0.6602E+00
  -5.740  0.3988E-06  0.6602E+00
  -5.720  0.1749E-05  0.6602E+00
  -5.700  0.7153E-05  0.6602E+00
  -5.680  0.2681E-04  0.6602E+00
  -5.660  0.9198E-04  0.6602E+00
  -5.640  0.2890E-03  0.6602E+00
  -5.620  0.8312E-03  0.6602E+00
  -5.600  0.2189E-02  0.6602E+00
  -5.580  0.5278E-02  0.6603E+00
  -5.560  0.1165E-01  0.6606E+00
  -5.540  0.2355E-01  0.6610E+00
  -5.520  0.4359E-01  0.6619E+00
  -5.500  0.7387E-01  0.6634E+00
  -5.480  0.1146E+00  0.6657E+00
  -5.460  0.1628E+00  0.6689E+00
  -5.440  0.2117E+00  0.6732E+00
  -5.420  0.2521E+00  0.6782E+00
  -5.400  0.2749E+00  0.6837E+00
  -5.380  0.2744E+00  0.6892E+00
  -5.360  0.2508E+00  0.6942E+00
  -5.340  0.2099E+00  0.6984E+00
  -5.320  0.1608E+00  0.7016E+00
  -5.300  0.1128E+00  0.7039E+00
  -5.280  0.7246E-01  0.7053E+00
  -5.260  0.4268E-01  0.7062E+00
  -5.240  0.2321E-01  0.7066E+00
  -5.220  0.1218E-01  0.7069E+00
  -5.200  0.7679E-02  0.7070E+00
  -5.180  0.9045E-02  0.7072E+00
  -5.160  0.1791E-01  0.7076E+00
  -5.140  0.3894E-01  0.7084E+00
  -5.120  0.8013E-01  0.7100E+00
  -5.100  0.1519E+00  0.7130E+00
  -5.080  0.2643E+00  0.7183E+00
  -5.060  0.4222E+00  0.7267E+00
  -5.040  0.6201E+00  0.7391E+00
  -5.020  0.8391E+00  0.7559E+00
  -5.000  0.1050E+01  0.7769E+00
  -4.980  0.1220E+01  0.8013E+00
  -4.960  0.1327E+01  0.8279E+00
  -4.940  0.1362E+01  0.8551E+00
  -4.920  0.1333E+01  0.8818E+00
  -4.900  0.1255E+01  0.9069E+00
  -4.880  0.1143E+01  0.9297E+00
  -4.860  0.1009E+01  0.9499E+00
  -4.840  0.8578E+00  0.9671E+00
  -4.820  0.6971E+00  0.9810E+00
  -4.800  0.5363E+00  0.9917E+00
  -4.780  0.3873E+00  0.9995E+00
  -4.760  0.2607E+00  0.1005E+01
  -4.740  0.1629E+00  0.1008E+01
  -4.720  0.9414E-01  0.1010E+01
  -4.700  0.5022E-01  0.1011E+01
  -4.680  0.2470E-01  0.1011E+01
  -4.660  0.1119E-01  0.1012E+01
  -4.640  0.4664E-02  0.1012E+01
  -4.620  0.1790E-02  0.1012E+01
  -4.600  0.6322E-03  0.1012E+01
  -4.580  0.2061E-03  0.1012E+01
  -4.560  0.6508E-04  0.1012E+01
  -4.540  0.3220E-04  0.1012E+01
  -4.520  0.6155E-04  0.1012E+01
  -4.500  0.1967E-03  0.1012E+01
  -4.480  0.6122E-03  0.1012E+01
  -4.460  0.1752E-02  0.1012E+01
  -4.440  0.4594E-02  0.1012E+01
  -4.420  0.1103E-01  0.1012E+01
  -4.400  0.2423E-01  0.1013E+01
  -4.380  0.4875E-01  0.1014E+01
  -4.360  0.8981E-01  0.1015E+01
  -4.340  0.1515E+00  0.1018E+01
  -4.320  0.2339E+00  0.1023E+01
  -4.300  0.3308E+00  0.1030E+01
  -4.280  0.4283E+00  0.1038E+01
  -4.260  0.5078E+00  0.1048E+01
  -4.240  0.5514E+00  0.1059E+01
  -4.220  0.5490E+00  0.1070E+01
  -4.200  0.5022E+00  0.1080E+01
  -4.180  0.4249E+00  0.1089E+01
  -4.160  0.3388E+00  0.1096E+01
  -4.140  0.2665E+00  0.1101E+01
  -4.120  0.2261E+00  0.1106E+01
  -4.100  0.2274E+00  0.1110E+01
  -4.080  0.2707E+00  0.1116E+01
  -4.060  0.3467E+00  0.1122E+01
  -4.040  0.4379E+00  0.1131E+01
  -4.020  0.5226E+00  0.1142E+01
  -4.000  0.5798E+00  0.1153E+01
  -3.980  0.5957E+00  0.1165E+01
  -3.960  0.5674E+00  0.1177E+01
  -3.940  0.5029E+00  0.1187E+01
  -3.920  0.4174E+00  0.1195E+01
  -3.900  0.3275E+00  0.1201E+01
  -3.880  0.2475E+00  0.1206E+01
  -3.860  0.1875E+00  0.1210E+01
  -3.840  0.1539E+00  0.1213E+01
  -3.820  0.1510E+00  0.1216E+01
  -3.800  0.1808E+00  0.1220E+01
  -3.780  0.2415E+00  0.1225E+01
  -3.760  0.3254E+00  0.1231E+01
  -3.740  0.4176E+00  0.1240E+01
  -3.720  0.4983E+00  0.1250E+01
  -3.700  0.5475E+00  0.1260E+01
  -3.680  0.5520E+00  0.1272E+01
  -3.660  0.5100E+00  0.1282E+01
  -3.640  0.4315E+00  0.1290E+01
  -3.620  0.3344E+00  0.1297E+01
  -3.600  0.2373E+00  0.1302E+01
  -3.580  0.1542E+00  0.1305E+01
  -3.560  0.9171E-01  0.1307E+01
  -3.540  0.4995E-01  0.1308E+01
  -3.520  0.2491E-01  0.1308E+01
  -3.500  0.1138E-01  0.1308E+01
  -3.480  0.4757E-02  0.1309E+01
  -3.460  0.1821E-02  0.1309E+01
  -3.440  0.6384E-03  0.1309E+01
  -3.420  0.2049E-03  0.1309E+01
  -3.400  0.6021E-04  0.1309E+01
  -3.380  0.1620E-04  0.1309E+01
  -3.360  0.3992E-05  0.1309E+01
  -3.340  0.9019E-06  0.1309E+01
  -3.320  0.1956E-06  0.1309E+01
  -3.300  0.8953E-07  0.1309E+01
  -3.280  0.2867E-06  0.1309E+01
  -3.260  0.1328E-05  0.1309E+01
  -3.240  0.5745E-05  0.1309E+01
  -3.220  0.2278E-04  0.1309E+01
  -3.200  0.8273E-04  0.1309E+01
  -3.180  0.2752E-03  0.1309E+01
  -3.160  0.8386E-03  0.1309E+01
  -3.140  0.2341E-02  0.1309E+01
  -3.120  0.5989E-02  0.1309E+01
  -3.100  0.1404E-01  0.1309E+01
  -3.080  0.3020E-01  0.1310E+01
  -3.060  0.5961E-01  0.1311E+01
  -3.040  0.1081E+00  0.1313E+01
  -3.020  0.1803E+00  0.1317E+01
  -3.000  0.2775E+00  0.1322E+01
  -2.980  0.3950E+00  0.1330E+01
  -2.960  0.5225E+00  0.1341E+01
  -2.940  0.6457E+00  0.1353E+01
  -2.920  0.7505E+00  0.1368E+01
  -2.900  0.8263E+00  0.1385E+01
  -2.880  0.8679E+00  0.1402E+01
  -2.860  0.8749E+00  0.1420E+01
  -2.840  0.8513E+00  0.1437E+01
  -2.820  0.8059E+00  0.1453E+01
  -2.800  0.7533E+00  0.1468E+01
  -2.780  0.7130E+00  0.1482E+01
  -2.760  0.7052E+00  0.1496E+01
  -2.740  0.7429E+00  0.1511E+01
  -2.720  0.8243E+00  0.1528E+01
  -2.700  0.9300E+00  0.1546E+01
  -2.680  0.1028E+01  0.1567E+01
  -2.660  0.1082E+01  0.1589E+01
  -2.640  0.1069E+01  0.1610E+01
  -2.620  0.9821E+00  0.1630E+01
  -2.600  0.8355E+00  0.1646E+01
  -2.580  0.6568E+00  0.1659E+01
  -2.560  0.4764E+00  0.1669E+01
  -2.540  0.3186E+00  0.1675E+01
  -2.520  0.1963E+00  0.1679E+01
  -2.500  0.1114E+00  0.1681E+01
  -2.480  0.5816E-01  0.1683E+01
  -2.460  0.2794E-01  0.1683E+01
  -2.440  0.1234E-01  0.1683E+01
  -2.420  0.5005E-02  0.1684E+01
  -2.400  0.1866E-02  0.1684E+01
  -2.380  0.6384E-03  0.1684E+01
  -2.360  0.2005E-03  0.1684E+01
  -2.340  0.5778E-04  0.1684E+01
  -2.320  0.1527E-04  0.1684E+01
  -2.300  0.3702E-05  0.1684E+01
  -2.280  0.8225E-06  0.1684E+01
  -2.260  0.1676E-06  0.1684E+01
  -2.240  0.3175E-07  0.1684E+01
  -2.220  0.8533E-08  0.1684E+01
  -2.200  0.2040E-07  0.1684E+01
  -2.180  0.1102E-06  0.1684E+01
  -2.160  0.5672E-06  0.1684E+01
  -2.140  0.2677E-05  0.1684E+01
  -2.120  0.1157E-04  0.1684E+01
  -2.100  0.4583E-04  0.1684E+01
  -2.080  0.1662E-03  0.1684E+01
  -2.060  0.5519E-03  0.1684E+01
  -2.040  0.1679E-02  0.1684E+01
  -2.020  0.4677E-02  0.1684E+01
  -2.000  0.1193E-01  0.1684E+01
  -1.980  0.2788E-01  0.1685E+01
  -1.960  0.5966E-01  0.1686E+01
  -1.940  0.1169E+00  0.1688E+01
  -1.920  0.2099E+00  0.1692E+01
  -1.900  0.3451E+00  0.1699E+01
  -1.880  0.5195E+00  0.1710E+01
  -1.860  0.7163E+00  0.1724E+01
  -1.840  0.9046E+00  0.1742E+01
  -1.820  0.1046E+01  0.1763E+01
  -1.800  0.1108E+01  0.1785E+01
  -1.780  0.1075E+01  0.1807E+01
  -1.760  0.9547E+00  0.1826E+01
  -1.740  0.7766E+00  0.1841E+01
  -1.720  0.5786E+00  0.1853E+01
  -1.700  0.3948E+00  0.1861E+01
  -1.680  0.2467E+00  0.1866E+01
  -1.660  0.1412E+00  0.1868E+01
  -1.640  0.7397E-01  0.1870E+01
  -1.620  0.3550E-01  0.1871E+01
  -1.600  0.1560E-01  0.1871E+01
  -1.580  0.6282E-02  0.1871E+01
  -1.560  0.2327E-02  0.1871E+01
  -1.540  0.8249E-03  0.1871E+01
  -1.520  0.3743E-03  0.1871E+01
  -1.500  0.4376E-03  0.1871E+01
  -1.480  0.9586E-03  0.1871E+01
  -1.460  0.2201E-02  0.1871E+01
  -1.440  0.4703E-02  0.1871E+01
  -1.420  0.9224E-02  0.1871E+01
  -1.400  0.1659E-01  0.1872E+01
  -1.380  0.2736E-01  0.1872E+01
  -1.360  0.4137E-01  0.1873E+01
  -1.340  0.5737E-01  0.1874E+01
  -1.320  0.7297E-01  0.1876E+01
  -1.300  0.8517E-01  0.1877E+01
  -1.280  0.9126E-01  0.1879E+01
  -1.260  0.8993E-01  0.1881E+01
  -1.240  0.8191E-01  0.1883E+01
  -1.220  0.6991E-01  0.1884E+01
  -1.200  0.5811E-01  0.1885E+01
  -1.180  0.5116E-01  0.1886E+01
  -1.160  0.5343E-01  0.1887E+01
  -1.140  0.6817E-01  0.1889E+01
  -1.120  0.9666E-01  0.1891E+01
  -1.100  0.1372E+00  0.1893E+01
  -1.080  0.1844E+00  0.1897E+01
  -1.060  0.2298E+00  0.1902E+01
  -1.040  0.2633E+00  0.1907E+01
  -1.020  0.2767E+00  0.1913E+01
  -1.000  0.2666E+00  0.1918E+01
  -0.980  0.2354E+00  0.1923E+01
  -0.960  0.1904E+00  0.1926E+01
  -0.940  0.1413E+00  0.1929E+01
  -0.920  0.9660E-01  0.1931E+01
  -0.900  0.6169E-01  0.1932E+01
  -0.880  0.3879E-01  0.1933E+01
  -0.860  0.2774E-01  0.1934E+01
  -0.840  0.2739E-01  0.1934E+01
  -0.820  0.3639E-01  0.1935E+01
  -0.800  0.5319E-01  0.1936E+01
  -0.780  0.7549E-01  0.1938E+01
  -0.760  0.9972E-01  0.1940E+01
  -0.740  0.1212E+00  0.1942E+01
  -0.720  0.1350E+00  0.1945E+01
  -0.700  0.1379E+00  0.1947E+01
  -0.680  0.1291E+00  0.1950E+01
  -0.660  0.1107E+00  0.1952E+01
  -0.640  0.8718E-01  0.1954E+01
  -0.620  0.6337E-01  0.1955E+01
  -0.600  0.4363E-01  0.1956E+01
  -0.580  0.3127E-01  0.1957E+01
  -0.560  0.2933E-01  0.1957E+01
  -0.540  0.4191E-01  0.1958E+01
  -0.520  0.7527E-01  0.1960E+01
  -0.500  0.1378E+00  0.1962E+01
  -0.480  0.2377E+00  0.1967E+01
  -0.460  0.3791E+00  0.1975E+01
  -0.440  0.5562E+00  0.1986E+01
  -0.420  0.7507E+00  0.2001E+01
  -0.400  0.9329E+00  0.2020E+01
  -0.380  0.1070E+01  0.2041E+01
  -0.360  0.1138E+01  0.2064E+01
  -0.340  0.1130E+01  0.2086E+01
  -0.320  0.1062E+01  0.2108E+01
  -0.300  0.9635E+00  0.2127E+01
  -0.280  0.8649E+00  0.2144E+01
  -0.260  0.7849E+00  0.2160E+01
  -0.240  0.7250E+00  0.2174E+01
  -0.220  0.6732E+00  0.2188E+01
  -0.200  0.6139E+00  0.2200E+01
  -0.180  0.5368E+00  0.2211E+01
  -0.160  0.4424E+00  0.2220E+01
  -0.140  0.3402E+00  0.2226E+01
  -0.120  0.2434E+00  0.2231E+01
  -0.100  0.1637E+00  0.2235E+01
  -0.080  0.1079E+00  0.2237E+01
  -0.060  0.7797E-01  0.2238E+01
  -0.040  0.7273E-01  0.2240E+01
  -0.020  0.8916E-01  0.2241E+01
   0.000  0.1228E+00  0.2244E+01
   0.020  0.1671E+00  0.2247E+01
   0.040  0.2135E+00  0.2252E+01
   0.060  0.2518E+00  0.2257E+01
   0.080  0.2729E+00  0.2262E+01
   0.100  0.2714E+00  0.2267E+01
   0.120  0.2476E+00  0.2272E+01
   0.140  0.2071E+00  0.2277E+01
   0.160  0.1591E+00  0.2280E+01
   0.180  0.1124E+00  0.2282E+01
   0.200  0.7373E-01  0.2283E+01
   0.220  0.4671E-01  0.2284E+01
   0.240  0.3230E-01  0.2285E+01
   0.260  0.3048E-01  0.2286E+01
   0.280  0.4123E-01  0.2287E+01
   0.300  0.6473E-01  0.2288E+01
   0.320  0.1004E+00  0.2290E+01
   0.340  0.1457E+00  0.2293E+01
   0.360  0.1947E+00  0.2297E+01
   0.380  0.2389E+00  0.2301E+01
   0.400  0.2692E+00  0.2307E+01
   0.420  0.2793E+00  0.2312E+01
   0.440  0.2688E+00  0.2318E+01
   0.460  0.2443E+00  0.2323E+01
   0.480  0.2179E+00  0.2327E+01
   0.500  0.2041E+00  0.2331E+01
   0.520  0.2152E+00  0.2335E+01
   0.540  0.2579E+00  0.2341E+01
   0.560  0.3304E+00  0.2347E+01
   0.580  0.4227E+00  0.2356E+01
   0.600  0.5193E+00  0.2366E+01
   0.620  0.6047E+00  0.2378E+01
   0.640  0.6684E+00  0.2391E+01
   0.660  0.7081E+00  0.2406E+01
   0.680  0.7279E+00  0.2420E+01
   0.700  0.7336E+00  0.2435E+01
   0.720  0.7269E+00  0.2449E+01
   0.740  0.7041E+00  0.2463E+01
   0.760  0.6594E+00  0.2477E+01
   0.780  0.5906E+00  0.2488E+01
   0.800  0.5041E+00  0.2499E+01
   0.820  0.4158E+00  0.2507E+01
   0.840  0.3472E+00  0.2514E+01
   0.860  0.3203E+00  0.2520E+01
   0.880  0.3513E+00  0.2527E+01
   0.900  0.4454E+00  0.2536E+01
   0.920  0.5933E+00  0.2548E+01
   0.940  0.7698E+00  0.2563E+01
   0.960  0.9380E+00  0.2582E+01
   0.980  0.1057E+01  0.2603E+01
   1.000  0.1097E+01  0.2625E+01
   1.020  0.1046E+01  0.2646E+01
   1.040  0.9153E+00  0.2664E+01
   1.060  0.7354E+00  0.2679E+01
   1.080  0.5423E+00  0.2690E+01
   1.100  0.3672E+00  0.2697E+01
   1.120  0.2282E+00  0.2702E+01
   1.140  0.1302E+00  0.2705E+01
   1.160  0.6825E-01  0.2706E+01
   1.180  0.3289E-01  0.2707E+01
   1.200  0.1470E-01  0.2707E+01
   1.220  0.6485E-02  0.2707E+01
   1.240  0.3907E-02  0.2707E+01
   1.260  0.5222E-02  0.2707E+01
   1.280  0.1092E-01  0.2707E+01
   1.300  0.2347E-01  0.2708E+01
   1.320  0.4701E-01  0.2709E+01
   1.340  0.8650E-01  0.2711E+01
   1.360  0.1460E+00  0.2713E+01
   1.380  0.2261E+00  0.2718E+01
   1.400  0.3213E+00  0.2724E+01
   1.420  0.4197E+00  0.2733E+01
   1.440  0.5049E+00  0.2743E+01
   1.460  0.5622E+00  0.2754E+01
   1.480  0.5845E+00  0.2766E+01
   1.500  0.5765E+00  0.2777E+01
   1.520  0.5535E+00  0.2788E+01
   1.540  0.5347E+00  0.2799E+01
   1.560  0.5342E+00  0.2810E+01
   1.580  0.5548E+00  0.2821E+01
   1.600  0.5870E+00  0.2833E+01
   1.620  0.6146E+00  0.2845E+01
   1.640  0.6245E+00  0.2857E+01
   1.660  0.6135E+00  0.2870E+01
   1.680  0.5907E+00  0.2882E+01
   1.700  0.5724E+00  0.2893E+01
   1.720  0.5738E+00  0.2904E+01
   1.740  0.6005E+00  0.2916E+01
   1.760  0.6453E+00  0.2929E+01
   1.780  0.6902E+00  0.2943E+01
   1.800  0.7135E+00  0.2957E+01
   1.820  0.6986E+00  0.2971E+01
   1.840  0.6401E+00  0.2984E+01
   1.860  0.5449E+00  0.2995E+01
   1.880  0.4292E+00  0.3004E+01
   1.900  0.3121E+00  0.3010E+01
   1.920  0.2091E+00  0.3014E+01
   1.940  0.1290E+00  0.3017E+01
   1.960  0.7321E-01  0.3018E+01
   1.980  0.3819E-01  0.3019E+01
   2.000  0.1830E-01  0.3019E+01
   2.020  0.8049E-02  0.3019E+01
   2.040  0.3251E-02  0.3019E+01
   2.060  0.1205E-02  0.3020E+01
   2.080  0.4096E-03  0.3020E+01
   2.100  0.1277E-03  0.3020E+01
   2.120  0.3654E-04  0.3020E+01
   2.140  0.9626E-05  0.3020E+01
   2.160  0.2555E-05  0.3020E+01
   2.180  0.1743E-05  0.3020E+01
   2.200  0.5658E-05  0.3020E+01
   2.220  0.2290E-04  0.3020E+01
   2.240  0.8636E-04  0.3020E+01
   2.260  0.2986E-03  0.3020E+01
   2.280  0.9460E-03  0.3020E+01
   2.300  0.2746E-02  0.3020E+01
   2.320  0.7306E-02  0.3020E+01
   2.340  0.1781E-01  0.3020E+01
   2.360  0.3979E-01  0.3021E+01
   2.380  0.8148E-01  0.3023E+01
   2.400  0.1529E+00  0.3026E+01
   2.420  0.2630E+00  0.3031E+01
   2.440  0.4147E+00  0.3039E+01
   2.460  0.5995E+00  0.3051E+01
   2.480  0.7944E+00  0.3067E+01
   2.500  0.9651E+00  0.3086E+01
   2.520  0.1075E+01  0.3108E+01
   2.540  0.1098E+01  0.3130E+01
   2.560  0.1028E+01  0.3150E+01
   2.580  0.8833E+00  0.3168E+01
   2.600  0.6958E+00  0.3182E+01
   2.620  0.5026E+00  0.3192E+01
   2.640  0.3330E+00  0.3199E+01
   2.660  0.2024E+00  0.3203E+01
   2.680  0.1128E+00  0.3205E+01
   2.700  0.5768E-01  0.3206E+01
   2.720  0.2705E-01  0.3207E+01
   2.740  0.1164E-01  0.3207E+01
   2.760  0.4594E-02  0.3207E+01
   2.780  0.1663E-02  0.3207E+01
   2.800  0.5526E-03  0.3207E+01
   2.820  0.1690E-03  0.3207E+01
   2.840  0.5014E-04  0.3207E+01
   2.860  0.2426E-04  0.3207E+01
   2.880  0.4678E-04  0.3207E+01
   2.900  0.1456E-03  0.3207E+01
   2.920  0.4383E-03  0.3207E+01
   2.940  0.1214E-02  0.3207E+01
   2.960  0.3079E-02  0.3207E+01
   2.980  0.7156E-02  0.3207E+01
   3.000  0.1524E-01  0.3208E+01
   3.020  0.2974E-01  0.3208E+01
   3.040  0.5316E-01  0.3209E+01
   3.060  0.8708E-01  0.3211E+01
   3.080  0.1307E+00  0.3214E+01
   3.100  0.1797E+00  0.3217E+01
   3.120  0.2266E+00  0.3222E+01
   3.140  0.2621E+00  0.3227E+01
   3.160  0.2787E+00  0.3233E+01
   3.180  0.2741E+00  0.3238E+01
   3.200  0.2532E+00  0.3243E+01
   3.220  0.2282E+00  0.3248E+01
   3.240  0.2160E+00  0.3252E+01
   3.260  0.2345E+00  0.3257E+01
   3.280  0.2981E+00  0.3263E+01
   3.300  0.4128E+00  0.3271E+01
   3.320  0.5719E+00  0.3282E+01
   3.340  0.7537E+00  0.3297E+01
   3.360  0.9247E+00  0.3316E+01
   3.380  0.1047E+01  0.3337E+01
   3.400  0.1092E+01  0.3359E+01
   3.420  0.1048E+01  0.3380E+01
   3.440  0.9278E+00  0.3398E+01
   3.460  0.7627E+00  0.3413E+01
   3.480  0.5926E+00  0.3425E+01
   3.500  0.4541E+00  0.3434E+01
   3.520  0.3714E+00  0.3442E+01
   3.540  0.3532E+00  0.3449E+01
   3.560  0.3928E+00  0.3457E+01
   3.580  0.4719E+00  0.3466E+01
   3.600  0.5657E+00  0.3477E+01
   3.620  0.6486E+00  0.3490E+01
   3.640  0.7006E+00  0.3504E+01
   3.660  0.7108E+00  0.3519E+01
   3.680  0.6787E+00  0.3532E+01
   3.700  0.6117E+00  0.3544E+01
   3.720  0.5219E+00  0.3555E+01
   3.740  0.4218E+00  0.3563E+01
   3.760  0.3227E+00  0.3570E+01
   3.780  0.2330E+00  0.3574E+01
   3.800  0.1585E+00  0.3578E+01
   3.820  0.1019E+00  0.3580E+01
   3.840  0.6353E-01  0.3581E+01
   3.860  0.4249E-01  0.3582E+01
   3.880  0.3794E-01  0.3583E+01
   3.900  0.5059E-01  0.3584E+01
   3.920  0.8364E-01  0.3585E+01
   3.940  0.1428E+00  0.3588E+01
   3.960  0.2351E+00  0.3593E+01
   3.980  0.3666E+00  0.3600E+01
   4.000  0.5380E+00  0.3611E+01
   4.020  0.7412E+00  0.3626E+01
   4.040  0.9563E+00  0.3645E+01
   4.060  0.1153E+01  0.3668E+01
   4.080  0.1296E+01  0.3694E+01
   4.100  0.1358E+01  0.3721E+01
   4.120  0.1325E+01  0.3747E+01
   4.140  0.1204E+01  0.3772E+01
   4.160  0.1020E+01  0.3792E+01
   4.180  0.8048E+00  0.3808E+01
   4.200  0.5926E+00  0.3820E+01
   4.220  0.4074E+00  0.3828E+01
   4.240  0.2615E+00  0.3833E+01
   4.260  0.1566E+00  0.3836E+01
   4.280  0.8751E-01  0.3838E+01
   4.300  0.4556E-01  0.3839E+01
   4.320  0.2206E-01  0.3840E+01
   4.340  0.9923E-02  0.3840E+01
   4.360  0.4138E-02  0.3840E+01
   4.380  0.1597E-02  0.3840E+01
   4.400  0.5697E-03  0.3840E+01
   4.420  0.1886E-03  0.3840E+01
   4.440  0.6236E-04  0.3840E+01
   4.460  0.3807E-04  0.3840E+01
   4.480  0.8551E-04  0.3840E+01
   4.500  0.2750E-03  0.3840E+01
   4.520  0.8470E-03  0.3840E+01
   4.540  0.2403E-02  0.3840E+01
   4.560  0.6267E-02  0.3840E+01
   4.580  0.1503E-01  0.3840E+01
   4.600  0.3314E-01  0.3841E+01
   4.620  0.6725E-01  0.3842E+01
   4.640  0.1257E+00  0.3845E+01
   4.660  0.2165E+00  0.3849E+01
   4.680  0.3440E+00  0.3856E+01
   4.700  0.5044E+00  0.3866E+01
   4.720  0.6831E+00  0.3880E+01
   4.740  0.8557E+00  0.3897E+01
   4.760  0.9929E+00  0.3917E+01
   4.780  0.1070E+01  0.3938E+01
   4.800  0.1075E+01  0.3960E+01
   4.820  0.1015E+01  0.3980E+01
   4.840  0.9096E+00  0.3998E+01
   4.860  0.7884E+00  0.4014E+01
   4.880  0.6772E+00  0.4028E+01
   4.900  0.5935E+00  0.4039E+01
   4.920  0.5446E+00  0.4050E+01
   4.940  0.5312E+00  0.4061E+01
   4.960  0.5515E+00  0.4072E+01
   4.980  0.6033E+00  0.4084E+01
   5.000  0.6840E+00  0.4098E+01
   5.020  0.7897E+00  0.4113E+01
   5.040  0.9137E+00  0.4132E+01
   5.060  0.1046E+01  0.4153E+01
   5.080  0.1173E+01  0.4176E+01
   5.100  0.1275E+01  0.4202E+01
   5.120  0.1333E+01  0.4228E+01
   5.140  0.1325E+01  0.4255E+01
   5.160  0.1242E+01  0.4280E+01
   5.180  0.1090E+01  0.4301E+01
   5.200  0.8906E+00  0.4319E+01
   5.220  0.6739E+00  0.4333E+01
   5.240  0.4710E+00  0.4342E+01
   5.260  0.3036E+00  0.4348E+01
   5.280  0.1806E+00  0.4352E+01
   5.300  0.1004E+00  0.4354E+01
   5.320  0.5545E-01  0.4355E+01
   5.340  0.3759E-01  0.4356E+01
   5.360  0.4159E-01  0.4357E+01
   5.380  0.6612E-01  0.4358E+01
   5.400  0.1125E+00  0.4360E+01
   5.420  0.1817E+00  0.4364E+01
   5.440  0.2706E+00  0.4369E+01
   5.460  0.3696E+00  0.4377E+01
   5.480  0.4623E+00  0.4386E+01
   5.500  0.5295E+00  0.4396E+01
   5.520  0.5553E+00  0.4407E+01
   5.540  0.5332E+00  0.4418E+01
   5.560  0.4688E+00  0.4428E+01
   5.580  0.3774E+00  0.4435E+01
   5.600  0.2783E+00  0.4441E+01
   5.620  0.1883E+00  0.4444E+01
   5.640  0.1179E+00  0.4447E+01
   5.660  0.7074E-01  0.4448E+01
   5.680  0.4613E-01  0.4449E+01
   5.700  0.4234E-01  0.4450E+01
   5.720  0.5886E-01  0.4451E+01
   5.740  0.9679E-01  0.4453E+01
   5.760  0.1573E+00  0.4456E+01
   5.780  0.2386E+00  0.4461E+01
   5.800  0.3334E+00  0.4468E+01
   5.820  0.4281E+00  0.4476E+01
   5.840  0.5051E+00  0.4486E+01
   5.860  0.5487E+00  0.4497E+01
   5.880  0.5510E+00  0.4508E+01
   5.900  0.5160E+00  0.4519E+01
   5.920  0.4596E+00  0.4528E+01
   5.940  0.4047E+00  0.4536E+01
   5.960  0.3744E+00  0.4543E+01
   5.980  0.3863E+00  0.4551E+01
   6.000  0.4494E+00  0.4560E+01
   6.020  0.5641E+00  0.4571E+01
   6.040  0.7246E+00  0.4586E+01
   6.060  0.9221E+00  0.4604E+01
   6.080  0.1147E+01  0.4627E+01
   6.100  0.1389E+01  0.4655E+01
   6.120  0.1638E+01  0.4688E+01
   6.140  0.1881E+01  0.4725E+01
   6.160  0.2101E+01  0.4767E+01
   6.180  0.2283E+01  0.4813E+01
   6.200  0.2407E+01  0.4861E+01
   6.220  0.2456E+01  0.4910E+01
   6.240  0.2414E+01  0.4959E+01
   6.260  0.2271E+01  0.5004E+01
   6.280  0.2033E+01  0.5045E+01
   6.300  0.1719E+01  0.5079E+01
   6.320  0.1365E+01  0.5106E+01
   6.340  0.1013E+01  0.5127E+01
   6.360  0.6996E+00  0.5141E+01
   6.380  0.4512E+00  0.5150E+01
   6.400  0.2768E+00  0.5155E+01
   6.420  0.1735E+00  0.5159E+01
   6.440  0.1326E+00  0.5161E+01
   6.460  0.1450E+00  0.5164E+01
   6.480  0.2042E+00  0.5168E+01
   6.500  0.3044E+00  0.5174E+01
   6.520  0.4373E+00  0.5183E+01
   6.540  0.5896E+00  0.5195E+01
   6.560  0.7420E+00  0.5210E+01
   6.580  0.8724E+00  0.5227E+01
   6.600  0.9601E+00  0.5246E+01
   6.620  0.9923E+00  0.5266E+01
   6.640  0.9668E+00  0.5286E+01
   6.660  0.8933E+00  0.5303E+01
   6.680  0.7902E+00  0.5319E+01
   6.700  0.6789E+00  0.5333E+01
   6.720  0.5770E+00  0.5344E+01
   6.740  0.4937E+00  0.5354E+01
   6.760  0.4285E+00  0.5363E+01
   6.780  0.3744E+00  0.5370E+01
   6.800  0.3229E+00  0.5377E+01
   6.820  0.2689E+00  0.5382E+01
   6.840  0.2126E+00  0.5386E+01
   6.860  0.1586E+00  0.5390E+01
   6.880  0.1136E+00  0.5392E+01
   6.900  0.8426E-01  0.5394E+01
   6.920  0.7683E-01  0.5395E+01
   6.940  0.9765E-01  0.5397E+01
   6.960  0.1536E+00  0.5400E+01
   6.980  0.2511E+00  0.5405E+01
   7.000  0.3923E+00  0.5413E+01
   7.020  0.5715E+00  0.5424E+01
   7.040  0.7718E+00  0.5440E+01
   7.060  0.9658E+00  0.5459E+01
   7.080  0.1122E+01  0.5482E+01
   7.100  0.1212E+01  0.5506E+01
   7.120  0.1220E+01  0.5530E+01
   7.140  0.1148E+01  0.5553E+01
   7.160  0.1013E+01  0.5573E+01
   7.180  0.8379E+00  0.5590E+01
   7.200  0.6518E+00  0.5603E+01
   7.220  0.4771E+00  0.5613E+01
   7.240  0.3294E+00  0.5619E+01
   7.260  0.2165E+00  0.5624E+01
   7.280  0.1404E+00  0.5627E+01
   7.300  0.9988E-01  0.5629E+01
   7.320  0.9285E-01  0.5630E+01
   7.340  0.1178E+00  0.5633E+01
   7.360  0.1731E+00  0.5636E+01
   7.380  0.2555E+00  0.5641E+01
   7.400  0.3581E+00  0.5648E+01
   7.420  0.4701E+00  0.5658E+01
   7.440  0.5789E+00  0.5669E+01
   7.460  0.6736E+00  0.5683E+01
   7.480  0.7487E+00  0.5698E+01
   7.500  0.8055E+00  0.5714E+01
   7.520  0.8500E+00  0.5731E+01
   7.540  0.8903E+00  0.5749E+01
   7.560  0.9341E+00  0.5767E+01
   7.580  0.9867E+00  0.5787E+01
   7.600  0.1050E+01  0.5808E+01
   7.620  0.1121E+01  0.5831E+01
   7.640  0.1188E+01  0.5854E+01
   7.660  0.1233E+01  0.5879E+01
   7.680  0.1233E+01  0.5904E+01
   7.700  0.1176E+01  0.5927E+01
   7.720  0.1060E+01  0.5948E+01
   7.740  0.9027E+00  0.5967E+01
   7.760  0.7332E+00  0.5981E+01
   7.780  0.5851E+00  0.5993E+01
   7.800  0.4850E+00  0.6003E+01
   7.820  0.4453E+00  0.6011E+01
   7.840  0.4627E+00  0.6021E+01
   7.860  0.5213E+00  0.6031E+01
   7.880  0.5990E+00  0.6043E+01
   7.900  0.6752E+00  0.6057E+01
   7.920  0.7359E+00  0.6071E+01
   7.940  0.7748E+00  0.6087E+01
   7.960  0.7908E+00  0.6103E+01
   7.980  0.7836E+00  0.6118E+01
   8.000  0.7519E+00  0.6133E+01
   8.020  0.6935E+00  0.6147E+01
   8.040  0.6097E+00  0.6159E+01
   8.060  0.5076E+00  0.6170E+01
   8.080  0.4005E+00  0.6178E+01
   8.100  0.3050E+00  0.6184E+01
   8.120  0.2372E+00  0.6188E+01
   8.140  0.2090E+00  0.6193E+01
   8.160  0.2264E+00  0.6197E+01
   8.180  0.2878E+00  0.6203E+01
   8.200  0.3845E+00  0.6211E+01
   8.220  0.5006E+00  0.6221E+01
   8.240  0.6162E+00  0.6233E+01
   8.260  0.7129E+00  0.6247E+01
   8.280  0.7797E+00  0.6263E+01
   8.300  0.8172E+00  0.6279E+01
   8.320  0.8369E+00  0.6296E+01
   8.340  0.8554E+00  0.6313E+01
   8.360  0.8875E+00  0.6331E+01
   8.380  0.9403E+00  0.6350E+01
   8.400  0.1013E+01  0.6370E+01
   8.420  0.1098E+01  0.6392E+01
   8.440  0.1188E+01  0.6416E+01
   8.460  0.1278E+01  0.6441E+01
   8.480  0.1364E+01  0.6468E+01
   8.500  0.1441E+01  0.6497E+01
   8.520  0.1506E+01  0.6527E+01
   8.540  0.1549E+01  0.6558E+01
   8.560  0.1558E+01  0.6589E+01
   8.580  0.1518E+01  0.6620E+01
   8.600  0.1425E+01  0.6648E+01
   8.620  0.1282E+01  0.6674E+01
   8.640  0.1108E+01  0.6696E+01
   8.660  0.9234E+00  0.6715E+01
   8.680  0.7508E+00  0.6730E+01
   8.700  0.6023E+00  0.6742E+01
   8.720  0.4803E+00  0.6751E+01
   8.740  0.3800E+00  0.6759E+01
   8.760  0.2951E+00  0.6765E+01
   8.780  0.2215E+00  0.6769E+01
   8.800  0.1582E+00  0.6772E+01
   8.820  0.1066E+00  0.6774E+01
   8.840  0.6773E-01  0.6776E+01
   8.860  0.4232E-01  0.6777E+01
   8.880  0.3051E-01  0.6777E+01
   8.900  0.3348E-01  0.6778E+01
   8.920  0.5488E-01  0.6779E+01
   8.940  0.1014E+00  0.6781E+01
   8.960  0.1813E+00  0.6785E+01
   8.980  0.3012E+00  0.6791E+01
   9.000  0.4609E+00  0.6800E+01
   9.020  0.6478E+00  0.6813E+01
   9.040  0.8364E+00  0.6830E+01
   9.060  0.9918E+00  0.6849E+01
   9.080  0.1080E+01  0.6871E+01
   9.100  0.1080E+01  0.6893E+01
   9.120  0.9921E+00  0.6913E+01
   9.140  0.8368E+00  0.6929E+01
   9.160  0.6482E+00  0.6942E+01
   9.180  0.4614E+00  0.6951E+01
   9.200  0.3023E+00  0.6958E+01
   9.220  0.1838E+00  0.6961E+01
   9.240  0.1071E+00  0.6963E+01
   9.260  0.6675E-01  0.6965E+01
   9.280  0.5549E-01  0.6966E+01
   9.300  0.6727E-01  0.6967E+01
   9.320  0.9759E-01  0.6969E+01
   9.340  0.1422E+00  0.6972E+01
   9.360  0.1959E+00  0.6976E+01
   9.380  0.2520E+00  0.6981E+01
   9.400  0.3046E+00  0.6987E+01
   9.420  0.3506E+00  0.6994E+01
   9.440  0.3914E+00  0.7002E+01
   9.460  0.4319E+00  0.7010E+01
   9.480  0.4771E+00  0.7020E+01
   9.500  0.5272E+00  0.7031E+01
   9.520  0.5767E+00  0.7042E+01
   9.540  0.6157E+00  0.7054E+01
   9.560  0.6363E+00  0.7067E+01
   9.580  0.6378E+00  0.7080E+01
   9.600  0.6291E+00  0.7092E+01
   9.620  0.6269E+00  0.7105E+01
   9.640  0.6496E+00  0.7118E+01
   9.660  0.7120E+00  0.7132E+01
   9.680  0.8198E+00  0.7149E+01
   9.700  0.9674E+00  0.7168E+01
   9.720  0.1138E+01  0.7191E+01
   9.740  0.1308E+01  0.7217E+01
   9.760  0.1449E+01  0.7246E+01
   9.780  0.1538E+01  0.7277E+01
   9.800  0.1560E+01  0.7308E+01
   9.820  0.1513E+01  0.7338E+01
   9.840  0.1402E+01  0.7366E+01
   9.860  0.1241E+01  0.7391E+01
   9.880  0.1048E+01  0.7412E+01
   9.900  0.8405E+00  0.7429E+01
   9.920  0.6382E+00  0.7441E+01
   9.940  0.4571E+00  0.7451E+01
   9.960  0.3093E+00  0.7457E+01
   9.980  0.2011E+00  0.7461E+01
  10.000  0.1333E+00  0.7464E+01
  10.020  0.1029E+00  0.7466E+01
  10.040  0.1048E+00  0.7468E+01
  10.060  0.1331E+00  0.7470E+01
  10.080  0.1805E+00  0.7474E+01
  10.100  0.2377E+00  0.7479E+01
  10.120  0.2939E+00  0.7485E+01
  10.140  0.3382E+00  0.7491E+01
  10.160  0.3623E+00  0.7499E+01
  10.180  0.3635E+00  0.7506E+01
  10.200  0.3453E+00  0.7513E+01
  10.220  0.3159E+00  0.7519E+01
  10.240  0.2848E+00  0.7525E+01
  10.260  0.2589E+00  0.7530E+01
  10.280  0.2403E+00  0.7535E+01
  10.300  0.2262E+00  0.7539E+01
  10.320  0.2114E+00  0.7544E+01
  10.340  0.1913E+00  0.7547E+01
  10.360  0.1645E+00  0.7551E+01
  10.380  0.1326E+00  0.7553E+01
  10.400  0.9941E-01  0.7555E+01
  10.420  0.6902E-01  0.7557E+01
  10.440  0.4428E-01  0.7558E+01
  10.460  0.2623E-01  0.7558E+01
  10.480  0.1440E-01  0.7558E+01
  10.500  0.7494E-02  0.7558E+01
  10.520  0.4219E-02  0.7559E+01
  10.540  0.3835E-02  0.7559E+01
  10.560  0.6600E-02  0.7559E+01
  10.580  0.1409E-01  0.7559E+01
  10.600  0.2937E-01  0.7560E+01
  10.620  0.5678E-01  0.7561E+01
  10.640  0.1010E+00  0.7563E+01
  10.660  0.1650E+00  0.7566E+01
  10.680  0.2482E+00  0.7571E+01
  10.700  0.3441E+00  0.7578E+01
  10.720  0.4411E+00  0.7587E+01
  10.740  0.5258E+00  0.7597E+01
  10.760  0.5879E+00  0.7609E+01
  10.780  0.6260E+00  0.7622E+01
  10.800  0.6491E+00  0.7635E+01
  10.820  0.6732E+00  0.7648E+01
  10.840  0.7148E+00  0.7662E+01
  10.860  0.7824E+00  0.7678E+01
  10.880  0.8717E+00  0.7695E+01
  10.900  0.9657E+00  0.7715E+01
  10.920  0.1040E+01  0.7736E+01
  10.940  0.1072E+01  0.7757E+01
  10.960  0.1047E+01  0.7778E+01
  10.980  0.9633E+00  0.7797E+01
  11.000  0.8317E+00  0.7814E+01
  11.020  0.6725E+00  0.7827E+01
  11.040  0.5084E+00  0.7837E+01
  11.060  0.3588E+00  0.7845E+01
  11.080  0.2360E+00  0.7849E+01
  11.100  0.1445E+00  0.7852E+01
  11.120  0.8223E-01  0.7854E+01
  11.140  0.4343E-01  0.7855E+01
  11.160  0.2126E-01  0.7855E+01
  11.180  0.9638E-02  0.7855E+01
  11.200  0.4041E-02  0.7855E+01
  11.220  0.1573E-02  0.7855E+01
  11.240  0.5941E-03  0.7855E+01
  11.260  0.2984E-03  0.7855E+01
  11.280  0.3915E-03  0.7855E+01
  11.300  0.9163E-03  0.7855E+01
  11.320  0.2216E-02  0.7856E+01
  11.340  0.4976E-02  0.7856E+01
  11.360  0.1024E-01  0.7856E+01
  11.380  0.1931E-01  0.7856E+01
  11.400  0.3333E-01  0.7857E+01
  11.420  0.5267E-01  0.7858E+01
  11.440  0.7621E-01  0.7859E+01
  11.460  0.1010E+00  0.7861E+01
  11.480  0.1224E+00  0.7864E+01
  11.500  0.1360E+00  0.7867E+01
  11.520  0.1382E+00  0.7869E+01
  11.540  0.1287E+00  0.7872E+01
  11.560  0.1097E+00  0.7874E+01
  11.580  0.8560E-01  0.7876E+01
  11.600  0.6116E-01  0.7877E+01
  11.620  0.4001E-01  0.7878E+01
  11.640  0.2396E-01  0.7878E+01
  11.660  0.1314E-01  0.7879E+01
  11.680  0.6600E-02  0.7879E+01
  11.700  0.3040E-02  0.7879E+01
  11.720  0.1302E-02  0.7879E+01
  11.740  0.5779E-03  0.7879E+01
  11.760  0.4372E-03  0.7879E+01
  11.780  0.7995E-03  0.7879E+01
  11.800  0.1945E-02  0.7879E+01
  11.820  0.4608E-02  0.7879E+01
  11.840  0.1013E-01  0.7879E+01
  11.860  0.2057E-01  0.7880E+01
  11.880  0.3863E-01  0.7880E+01
  11.900  0.6721E-01  0.7882E+01
  11.920  0.1086E+00  0.7884E+01
  11.940  0.1635E+00  0.7887E+01
  11.960  0.2301E+00  0.7892E+01
  11.980  0.3036E+00  0.7898E+01
  12.000  0.3770E+00  0.7905E+01
  12.020  0.4417E+00  0.7914E+01
  12.040  0.4898E+00  0.7924E+01
  12.060  0.5147E+00  0.7934E+01
  12.080  0.5130E+00  0.7945E+01
  12.100  0.4847E+00  0.7954E+01
  12.120  0.4337E+00  0.7963E+01
  12.140  0.3667E+00  0.7970E+01
  12.160  0.2923E+00  0.7976E+01
  12.180  0.2191E+00  0.7981E+01
  12.200  0.1539E+00  0.7984E+01
  12.220  0.1010E+00  0.7986E+01
  12.240  0.6177E-01  0.7987E+01
  12.260  0.3511E-01  0.7988E+01
  12.280  0.1851E-01  0.7988E+01
  12.300  0.9027E-02  0.7988E+01
  12.320  0.4066E-02  0.7988E+01
  12.340  0.1689E-02  0.7988E+01
  12.360  0.6459E-03  0.7988E+01
  12.380  0.2273E-03  0.7988E+01
  12.400  0.7352E-04  0.7988E+01
  12.420  0.2199E-04  0.7988E+01
  12.440  0.6681E-05  0.7988E+01
  12.460  0.4326E-05  0.7988E+01
  12.480  0.1040E-04  0.7988E+01
  12.500  0.3274E-04  0.7988E+01
  12.520  0.9717E-04  0.7988E+01
  12.540  0.2648E-03  0.7988E+01
  12.560  0.6613E-03  0.7988E+01
  12.580  0.1514E-02  0.7988E+01
  12.600  0.3181E-02  0.7988E+01
  12.620  0.6133E-02  0.7989E+01
  12.640  0.1086E-01  0.7989E+01
  12.660  0.1768E-01  0.7989E+01
  12.680  0.2651E-01  0.7990E+01
  12.700  0.3665E-01  0.7990E+01
  12.720  0.4682E-01  0.7991E+01
  12.740  0.5538E-01  0.7992E+01
  12.760  0.6081E-01  0.7994E+01
  12.780  0.6215E-01  0.7995E+01
  12.800  0.5926E-01  0.7996E+01
  12.820  0.5282E-01  0.7997E+01
  12.840  0.4407E-01  0.7998E+01
  12.860  0.3443E-01  0.7999E+01
  12.880  0.2517E-01  0.7999E+01
  12.900  0.1719E-01  0.8000E+01
  12.920  0.1094E-01  0.8000E+01
  12.940  0.6481E-02  0.8000E+01
  12.960  0.3560E-02  0.8000E+01
  12.980  0.1809E-02  0.8000E+01
  13.000  0.8492E-03  0.8000E+01
  13.020  0.3673E-03  0.8000E+01
  13.040  0.1462E-03  0.8000E+01
  13.060  0.5351E-04  0.8000E+01
  13.080  0.1798E-04  0.8000E+01
  13.100  0.5544E-05  0.8000E+01
  13.120  0.1568E-05  0.8000E+01
  13.140  0.4064E-06  0.8000E+01
  13.160  0.9655E-07  0.8000E+01
  13.180  0.2102E-07  0.8000E+01
  13.200  0.4191E-08  0.8000E+01
  13.220  0.7654E-09  0.8000E+01
  13.240  0.1280E-09  0.8000E+01
  13.260  0.1961E-10  0.8000E+01
  13.280  0.2751E-11  0.8000E+01
  13.300  0.3534E-12  0.8000E+01
  13.320  0.4156E-13  0.8000E+01
  13.340  0.4476E-14  0.8000E+01
  13.360  0.4413E-15  0.8000E+01
  13.380  0.3984E-16  0.8000E+01
  13.400  0.3294E-17  0.8000E+01
  13.420  0.2493E-18  0.8000E+01
  13.440  0.1727E-19  0.8000E+01
  13.460  0.1096E-20  0.8000E+01
  13.480  0.6367E-22  0.8000E+01
  13.500  0.3387E-23  0.8000E+01
  13.520  0.1649E-24  0.8000E+01
  13.540  0.7354E-26  0.8000E+01
  13.560  0.3002E-27  0.8000E+01
  13.580  0.1122E-28  0.8000E+01
  13.600  0.3840E-30  0.8000E+01
  13.620  0.1203E-31  0.8000E+01
  13.640  0.3452E-33  0.8000E+01
  13.660  0.9068E-35  0.8000E+01
  13.680  0.2181E-36  0.8000E+01
  13.700  0.4802E-38  0.8000E+01
  13.720  0.9680E-40  0.8000E+01
  13.740  0.1787E-41  0.8000E+01
  13.760  0.3020E-43  0.8000E+01
  13.780  0.4673E-45  0.8000E+01
  13.800  0.6620E-47  0.8000E+01
  13.820  0.8586E-49  0.8000E+01
  13.840  0.1020E-50  0.8000E+01
  13.860  0.1109E-52  0.8000E+01
  13.880  0.1104E-54  0.8000E+01
  13.900  0.1006E-56  0.8000E+01
  13.920  0.8398E-59  0.8000E+01
  13.940  0.6417E-61  0.8000E+01
  13.960  0.4489E-63  0.8000E+01
  13.980  0.2876E-65  0.8000E+01
  14.000  0.1686E-67  0.8000E+01
  14.020  0.9055E-70  0.8000E+01
  14.040  0.4452E-72  0.8000E+01
  14.060  0.2004E-74  0.8000E+01
  14.080  0.8259E-77  0.8000E+01
  14.100  0.3116E-79  0.8000E+01
  14.120  0.1078E-81  0.8000E+01
  14.140  0.4717E-84  0.8000E+01
  14.160  0.1321E-84  0.8000E+01
  14.180  0.1312E-84  0.8000E+01
  14.200  0.1312E-84  0.8000E+01
  14.220  0.1312E-84  0.8000E+01
  14.240  0.1312E-84  0.8000E+01
  14.260  0.1312E-84  0.8000E+01
  14.280  0.1312E-84  0.8000E+01
  14.300  0.1312E-84  0.8000E+01
  14.320  0.1312E-84  0.8000E+01
  14.340  0.1312E-84  0.8000E+01
  14.360  0.1312E-84  0.8000E+01
  14.380  0.1312E-84  0.8000E+01
  14.400  0.1312E-84  0.8000E+01
  14.420  0.1312E-84  0.8000E+01
  14.440  0.1312E-84  0.8000E+01
  14.460  0.1312E-84  0.8000E+01
  14.480  0.1312E-84  0.8000E+01
  14.500  0.1312E-84  0.8000E+01
  14.520  0.1312E-84  0.8000E+01
  14.540  0.1312E-84  0.8000E+01
  14.560  0.1312E-84  0.8000E+01
  14.580  0.1312E-84  0.8000E+01
  14.600  0.1312E-84  0.8000E+01
  14.620  0.1312E-84  0.8000E+01
  14.640  0.1312E-84  0.8000E+01
  14.660  0.1312E-84  0.8000E+01
  14.680  0.1312E-84  0.8000E+01
  14.700  0.1312E-84  0.8000E+01
  14.720  0.1312E-84  0.8000E+01
  14.740  0.1312E-84  0.8000E+01
  14.760  0.1312E-84  0.8000E+01
  14.780  0.1312E-84  0.8000E+01
  14.800  0.1312E-84  0.8000E+01
  14.820  0.1312E-84  0.8000E+01
  14.840  0.1312E-84  0.8000E+01
  14.860  0.1312E-84  0.8000E+01
  14.880  0.1312E-84  0.8000E+01
  14.900  0.1312E-84  0.8000E+01
  14.920  0.1312E-84  0.8000E+01
  14.940  0.1312E-84  0.8000E+01
  14.960  0.1312E-84  0.8000E+01
  14.980  0.1312E-84  0.8000E+01
  15.000  0.1312E-84  0.8000E+01
  15.020  0.1312E-84  0.8000E+01
  15.040  0.1312E-84  0.8000E+01
  15.060  0.1312E-84  0.8000E+01
  15.080  0.1312E-84  0.8000E+01
  15.100  0.1312E-84  0.8000E+01
  15.120  0.1312E-84  0.8000E+01
  15.140  0.1312E-84  0.8000E+01
  15.160  0.1312E-84  0.8000E+01
  15.180  0.1312E-84  0.8000E+01
  15.200  0.1312E-84  0.8000E+01
  15.220  0.1312E-84  0.8000E+01
  15.240  0.1312E-84  0.8000E+01
  15.260  0.1312E-84  0.8000E+01
  15.280  0.1312E-84  0.8000E+01
  15.300  0.1312E-84  0.8000E+01
  15.320  0.1312E-84  0.8000E+01
  15.340  0.1312E-84  0.8000E+01
  15.360  0.1312E-84  0.8000E+01
  15.380  0.1312E-84  0.8000E+01
  15.400  0.1312E-84  0.8000E+01
  15.420  0.1312E-84  0.8000E+01
  15.440  0.1312E-84  0.8000E+01
  15.460  0.1312E-84  0.8000E+01
  15.480  0.1312E-84  0.8000E+01
  15.500  0.1312E-84  0.8000E+01
  15.520  0.1312E-84  0.8000E+01
  15.540  0.1312E-84  0.8000E+01
  15.560  0.1312E-84  0.8000E+01
  15.580  0.1312E-84  0.8000E+01
  15.600  0.1312E-84  0.8000E+01
  15.620  0.1312E-84  0.8000E+01
  15.640  0.1312E-84  0.8000E+01
  15.660  0.1312E-84  0.8000E+01
  15.680  0.1312E-84  0.8000E+01
  15.700  0.1312E-84  0.8000E+01
  15.720  0.1312E-84  0.8000E+01
  15.740  0.1312E-84  0.8000E+01
  15.760  0.1312E-84  0.8000E+01
  15.780  0.1312E-84  0.8000E+01
  15.800  0.1312E-84  0.8000E+01
  15.820  0.1312E-84  0.8000E+01
  15.840  0.1312E-84  0.8000E+01
  15.860  0.1312E-84  0.8000E+01
  15.880  0.1312E-84  0.8000E+01
  15.900  0.1312E-84  0.8000E+01
  15.920  0.1312E-84  0.8000E+01
  15.940  0.1312E-84  0.8000E+01
  15.960  0.1312E-84  0.8000E+01
  15.980  0.1312E-84  0.8000E+01
  16.000  0.1312E-84  0.8000E+01
  16.020  0.1312E-84  0.8000E+01
  16.040  0.1312E-84  0.8000E+01
  16.060  0.1312E-84  0.8000E+01
  16.080  0.1312E-84  0.8000E+01
  16.100  0.1312E-84  0.8000E+01
  16.120  0.1312E-84  0.8000E+01
  16.140  0.1312E-84  0.8000E+01
  16.160  0.1312E-84  0.8000E+01
  16.180  0.1312E-84  0.8000E+01
  16.200  0.1312E-84  0.8000E+01
  16.220  0.1312E-84  0.8000E+01
  16.240  0.1312E-84  0.8000E+01
  16.260  0.1312E-84  0.8000E+01
  16.280  0.1312E-84  0.8000E+01
  16.300  0.1312E-84  0.8000E+01
  16.320  0.1312E-84  0.8000E+01
  16.340  0.1312E-84  0.8000E+01
  16.360  0.1312E-84  0.8000E+01
  16.380  0.1312E-84  0.8000E+01
  16.400  0.1312E-84  0.8000E+01
  16.420  0.1312E-84  0.8000E+01
  16.440  0.1312E-84  0.8000E+01
  16.460  0.1312E-84  0.8000E+01
  16.480  0.1312E-84  0.8000E+01
  16.500  0.1312E-84  0.8000E+01
  16.520  0.1312E-84  0.8000E+01
  16.540  0.1312E-84  0.8000E+01
  16.560  0.1312E-84  0.8000E+01
  16.580  0.1312E-84  0.8000E+01
  16.600  0.1312E-84  0.8000E+01
  16.620  0.1312E-84  0.8000E+01
  16.640  0.1312E-84  0.8000E+01
  16.660  0.1312E-84  0.8000E+01
  16.680  0.1312E-84  0.8000E+01
  16.700  0.1312E-84  0.8000E+01
  16.720  0.1312E-84  0.8000E+01
  16.740  0.1318E-84  0.8000E+01
  16.760  0.4360E-84  0.8000E+01
  16.780  0.9938E-82  0.8000E+01
  16.800  0.2957E-79  0.8000E+01
  16.820  0.8065E-77  0.8000E+01
  16.840  0.2014E-74  0.8000E+01
  16.860  0.4606E-72  0.8000E+01
  16.880  0.9642E-70  0.8000E+01
  16.900  0.1848E-67  0.8000E+01
  16.920  0.3244E-65  0.8000E+01
  16.940  0.5212E-63  0.8000E+01
  16.960  0.7668E-61  0.8000E+01
  16.980  0.1033E-58  0.8000E+01
  17.000  0.1274E-56  0.8000E+01
  17.020  0.1439E-54  0.8000E+01
  17.040  0.1487E-52  0.8000E+01
  17.060  0.1408E-50  0.8000E+01
  17.080  0.1220E-48  0.8000E+01
  17.100  0.9681E-47  0.8000E+01
  17.120  0.7034E-45  0.8000E+01
  17.140  0.4679E-43  0.8000E+01
  17.160  0.2850E-41  0.8000E+01
  17.180  0.1589E-39  0.8000E+01
  17.200  0.8112E-38  0.8000E+01
  17.220  0.3792E-36  0.8000E+01
  17.240  0.1623E-34  0.8000E+01
  17.260  0.6360E-33  0.8000E+01
  17.280  0.2282E-31  0.8000E+01
  17.300  0.7495E-30  0.8000E+01
  17.320  0.2254E-28  0.8000E+01
  17.340  0.6207E-27  0.8000E+01
  17.360  0.1565E-25  0.8000E+01
  17.380  0.3613E-24  0.8000E+01
  17.400  0.7635E-23  0.8000E+01
  17.420  0.1477E-21  0.8000E+01
  17.440  0.2618E-20  0.8000E+01
  17.460  0.4246E-19  0.8000E+01
  17.480  0.6306E-18  0.8000E+01
  17.500  0.8576E-17  0.8000E+01
  17.520  0.1068E-15  0.8000E+01
  17.540  0.1217E-14  0.8000E+01
  17.560  0.1270E-13  0.8000E+01
  17.580  0.1214E-12  0.8000E+01
  17.600  0.1062E-11  0.8000E+01
  17.620  0.8508E-11  0.8000E+01
  17.640  0.6240E-10  0.8000E+01
  17.660  0.4190E-09  0.8000E+01
  17.680  0.2576E-08  0.8000E+01
  17.700  0.1450E-07  0.8000E+01
  17.720  0.7474E-07  0.8000E+01
  17.740  0.3527E-06  0.8000E+01
  17.760  0.1524E-05  0.8000E+01
  17.780  0.6028E-05  0.8000E+01
  17.800  0.2183E-04  0.8000E+01
  17.820  0.7240E-04  0.8000E+01
  17.840  0.2198E-03  0.8000E+01
  17.860  0.6111E-03  0.8000E+01
  17.880  0.1555E-02  0.8000E+01
  17.900  0.3625E-02  0.8000E+01
  17.920  0.7733E-02  0.8000E+01
  17.940  0.1511E-01  0.8001E+01
  17.960  0.2702E-01  0.8001E+01
  17.980  0.4425E-01  0.8002E+01
  18.000  0.6634E-01  0.8003E+01
  18.020  0.9107E-01  0.8005E+01
  18.040  0.1145E+00  0.8007E+01
  18.060  0.1317E+00  0.8010E+01
  18.080  0.1388E+00  0.8013E+01
  18.100  0.1339E+00  0.8016E+01
  18.120  0.1183E+00  0.8018E+01
  18.140  0.9563E-01  0.8020E+01
  18.160  0.7081E-01  0.8021E+01
  18.180  0.4802E-01  0.8022E+01
  18.200  0.2985E-01  0.8023E+01
  18.220  0.1711E-01  0.8023E+01
  18.240  0.9317E-02  0.8023E+01
  18.260  0.5511E-02  0.8023E+01
  18.280  0.4944E-02  0.8024E+01
  18.300  0.7485E-02  0.8024E+01
  18.320  0.1368E-01  0.8024E+01
  18.340  0.2448E-01  0.8024E+01
  18.360  0.4064E-01  0.8025E+01
  18.380  0.6192E-01  0.8026E+01
  18.400  0.8643E-01  0.8028E+01
  18.420  0.1105E+00  0.8030E+01
  18.440  0.1295E+00  0.8033E+01
  18.460  0.1392E+00  0.8036E+01
  18.480  0.1378E+00  0.8039E+01
  18.500  0.1266E+00  0.8041E+01
  18.520  0.1099E+00  0.8043E+01
  18.540  0.9377E-01  0.8045E+01
  18.560  0.8380E-01  0.8047E+01
  18.580  0.8336E-01  0.8048E+01
  18.600  0.9255E-01  0.8050E+01
  18.620  0.1082E+00  0.8053E+01
  18.640  0.1249E+00  0.8055E+01
  18.660  0.1368E+00  0.8058E+01
  18.680  0.1396E+00  0.8061E+01
  18.700  0.1322E+00  0.8063E+01
  18.720  0.1175E+00  0.8066E+01
  18.740  0.1013E+00  0.8068E+01
  18.760  0.9191E-01  0.8069E+01
  18.780  0.9759E-01  0.8071E+01
  18.800  0.1255E+00  0.8074E+01
  18.820  0.1794E+00  0.8077E+01
  18.840  0.2576E+00  0.8083E+01
  18.860  0.3512E+00  0.8090E+01
  18.880  0.4441E+00  0.8099E+01
  18.900  0.5169E+00  0.8109E+01
  18.920  0.5520E+00  0.8120E+01
  18.940  0.5408E+00  0.8131E+01
  18.960  0.4865E+00  0.8140E+01
  18.980  0.4034E+00  0.8148E+01
  19.000  0.3124E+00  0.8155E+01
  19.020  0.2343E+00  0.8159E+01
  19.040  0.1855E+00  0.8163E+01
  19.060  0.1759E+00  0.8167E+01
  19.080  0.2082E+00  0.8171E+01
  19.100  0.2784E+00  0.8176E+01
  19.120  0.3752E+00  0.8184E+01
  19.140  0.4809E+00  0.8194E+01
  19.160  0.5740E+00  0.8205E+01
  19.180  0.6342E+00  0.8218E+01
  19.200  0.6483E+00  0.8231E+01
  19.220  0.6137E+00  0.8243E+01
  19.240  0.5389E+00  0.8254E+01
  19.260  0.4399E+00  0.8262E+01
  19.280  0.3344E+00  0.8269E+01
  19.300  0.2370E+00  0.8274E+01
  19.320  0.1568E+00  0.8277E+01
  19.340  0.9686E-01  0.8279E+01
  19.360  0.5584E-01  0.8280E+01
  19.380  0.3009E-01  0.8281E+01
  19.400  0.1533E-01  0.8281E+01
  19.420  0.7945E-02  0.8281E+01
  19.440  0.5515E-02  0.8281E+01
  19.460  0.7095E-02  0.8281E+01
  19.480  0.1319E-01  0.8282E+01
  19.500  0.2558E-01  0.8282E+01
  19.520  0.4688E-01  0.8283E+01
  19.540  0.7959E-01  0.8285E+01
  19.560  0.1247E+00  0.8287E+01
  19.580  0.1799E+00  0.8291E+01
  19.600  0.2391E+00  0.8296E+01
  19.620  0.2925E+00  0.8301E+01
  19.640  0.3290E+00  0.8308E+01
  19.660  0.3406E+00  0.8315E+01
  19.680  0.3248E+00  0.8321E+01
  19.700  0.2870E+00  0.8327E+01
  19.720  0.2387E+00  0.8332E+01
  19.740  0.1945E+00  0.8336E+01
  19.760  0.1686E+00  0.8339E+01
  19.780  0.1716E+00  0.8343E+01
  19.800  0.2083E+00  0.8347E+01
  19.820  0.2758E+00  0.8352E+01
  19.840  0.3633E+00  0.8360E+01
  19.860  0.4529E+00  0.8369E+01
  19.880  0.5243E+00  0.8379E+01
  19.900  0.5609E+00  0.8390E+01
  19.920  0.5562E+00  0.8401E+01
  19.940  0.5174E+00  0.8412E+01
  19.960  0.4630E+00  0.8421E+01
  19.980  0.4165E+00  0.8429E+01
  20.000  0.3972E+00  0.8437E+01
  20.020  0.4128E+00  0.8446E+01
  20.040  0.4568E+00  0.8455E+01
  20.060  0.5108E+00  0.8465E+01
  20.080  0.5515E+00  0.8476E+01
  20.100  0.5596E+00  0.8487E+01
  20.120  0.5268E+00  0.8498E+01
  20.140  0.4580E+00  0.8507E+01
  20.160  0.3689E+00  0.8514E+01
  20.180  0.2796E+00  0.8520E+01
  20.200  0.2091E+00  0.8524E+01
  20.220  0.1708E+00  0.8527E+01
  20.240  0.1717E+00  0.8531E+01
  20.260  0.2118E+00  0.8535E+01
  20.280  0.2843E+00  0.8541E+01
  20.300  0.3757E+00  0.8548E+01
  20.320  0.4672E+00  0.8558E+01
  20.340  0.5388E+00  0.8568E+01
  20.360  0.5756E+00  0.8580E+01
  20.380  0.5729E+00  0.8591E+01
  20.400  0.5384E+00  0.8602E+01
  20.420  0.4892E+00  0.8612E+01
  20.440  0.4443E+00  0.8621E+01
  20.460  0.4180E+00  0.8629E+01
  20.480  0.4162E+00  0.8637E+01
  20.500  0.4366E+00  0.8646E+01
  20.520  0.4734E+00  0.8656E+01
  20.540  0.5207E+00  0.8666E+01
  20.560  0.5747E+00  0.8678E+01
  20.580  0.6321E+00  0.8690E+01
  20.600  0.6874E+00  0.8704E+01
  20.620  0.7318E+00  0.8719E+01
  20.640  0.7545E+00  0.8734E+01
  20.660  0.7484E+00  0.8749E+01
  20.680  0.7144E+00  0.8763E+01
  20.700  0.6642E+00  0.8776E+01
  20.720  0.6179E+00  0.8789E+01
  20.740  0.5987E+00  0.8801E+01
  20.760  0.6255E+00  0.8813E+01
  20.780  0.7071E+00  0.8827E+01
  20.800  0.8387E+00  0.8844E+01
  20.820  0.1001E+01  0.8864E+01
  20.840  0.1167E+01  0.8887E+01
  20.860  0.1304E+01  0.8913E+01
  20.880  0.1390E+01  0.8941E+01
  20.900  0.1416E+01  0.8970E+01
  20.920  0.1389E+01  0.8997E+01
  20.940  0.1331E+01  0.9024E+01
  20.960  0.1266E+01  0.9049E+01
  20.980  0.1212E+01  0.9074E+01
  21.000  0.1176E+01  0.9097E+01
  21.020  0.1152E+01  0.9120E+01
  21.040  0.1127E+01  0.9143E+01
  21.060  0.1085E+01  0.9164E+01
  21.080  0.1012E+01  0.9185E+01
  21.100  0.9044E+00  0.9203E+01
  21.120  0.7649E+00  0.9218E+01
  21.140  0.6075E+00  0.9230E+01
  21.160  0.4501E+00  0.9239E+01
  21.180  0.3097E+00  0.9245E+01
  21.200  0.1971E+00  0.9249E+01
  21.220  0.1158E+00  0.9252E+01
  21.240  0.6269E-01  0.9253E+01
  21.260  0.3124E-01  0.9253E+01
  21.280  0.1440E-01  0.9254E+01
  21.300  0.6388E-02  0.9254E+01
  21.320  0.3507E-02  0.9254E+01
  21.340  0.4205E-02  0.9254E+01
  21.360  0.9093E-02  0.9254E+01
  21.380  0.2119E-01  0.9255E+01
  21.400  0.4630E-01  0.9256E+01
  21.420  0.9304E-01  0.9257E+01
  21.440  0.1715E+00  0.9261E+01
  21.460  0.2900E+00  0.9267E+01
  21.480  0.4500E+00  0.9276E+01
  21.500  0.6408E+00  0.9288E+01
  21.520  0.8385E+00  0.9305E+01
  21.540  0.1010E+01  0.9325E+01
  21.560  0.1123E+01  0.9348E+01
  21.580  0.1160E+01  0.9371E+01
  21.600  0.1125E+01  0.9394E+01
  21.620  0.1039E+01  0.9414E+01
  21.640  0.9365E+00  0.9433E+01
  21.660  0.8430E+00  0.9450E+01
  21.680  0.7702E+00  0.9465E+01
  21.700  0.7141E+00  0.9480E+01
  21.720  0.6621E+00  0.9493E+01
  21.740  0.6035E+00  0.9505E+01
  21.760  0.5372E+00  0.9516E+01
  21.780  0.4717E+00  0.9525E+01
  21.800  0.4205E+00  0.9534E+01
  21.820  0.3953E+00  0.9541E+01
  21.840  0.4012E+00  0.9549E+01
  21.860  0.4363E+00  0.9558E+01
  21.880  0.4951E+00  0.9568E+01
  21.900  0.5722E+00  0.9580E+01
  21.920  0.6660E+00  0.9593E+01
  21.940  0.7793E+00  0.9608E+01
  21.960  0.9157E+00  0.9627E+01
  21.980  0.1075E+01  0.9648E+01
  22.000  0.1244E+01  0.9673E+01
  22.020  0.1400E+01  0.9701E+01
  22.040  0.1511E+01  0.9731E+01
  22.060  0.1546E+01  0.9762E+01
  22.080  0.1495E+01  0.9792E+01
  22.100  0.1368E+01  0.9820E+01
  22.120  0.1202E+01  0.9844E+01
  22.140  0.1041E+01  0.9864E+01
  22.160  0.9277E+00  0.9883E+01
  22.180  0.8837E+00  0.9901E+01
  22.200  0.9108E+00  0.9919E+01
  22.220  0.9949E+00  0.9939E+01
  22.240  0.1116E+01  0.9961E+01
  22.260  0.1255E+01  0.9986E+01
  22.280  0.1401E+01  0.1001E+02
  22.300  0.1545E+01  0.1005E+02
  22.320  0.1679E+01  0.1008E+02
  22.340  0.1792E+01  0.1011E+02
  22.360  0.1873E+01  0.1015E+02
  22.380  0.1910E+01  0.1019E+02
  22.400  0.1898E+01  0.1023E+02
  22.420  0.1840E+01  0.1026E+02
  22.440  0.1743E+01  0.1030E+02
  22.460  0.1623E+01  0.1033E+02
  22.480  0.1498E+01  0.1036E+02
  22.500  0.1386E+01  0.1039E+02
  22.520  0.1294E+01  0.1042E+02
  22.540  0.1221E+01  0.1044E+02
  22.560  0.1156E+01  0.1046E+02
  22.580  0.1080E+01  0.1048E+02
  22.600  0.9810E+00  0.1050E+02
  22.620  0.8526E+00  0.1052E+02
  22.640  0.7013E+00  0.1054E+02
  22.660  0.5424E+00  0.1055E+02
  22.680  0.3943E+00  0.1055E+02
  22.700  0.2729E+00  0.1056E+02
  22.720  0.1885E+00  0.1056E+02
  22.740  0.1457E+00  0.1057E+02
  22.760  0.1448E+00  0.1057E+02
  22.780  0.1826E+00  0.1057E+02
  22.800  0.2525E+00  0.1058E+02
  22.820  0.3425E+00  0.1058E+02
  22.840  0.4353E+00  0.1059E+02
  22.860  0.5105E+00  0.1060E+02
  22.880  0.5502E+00  0.1061E+02
  22.900  0.5445E+00  0.1063E+02
  22.920  0.4956E+00  0.1064E+02
  22.940  0.4170E+00  0.1064E+02
  22.960  0.3285E+00  0.1065E+02
  22.980  0.2496E+00  0.1066E+02
  23.000  0.1938E+00  0.1066E+02
  23.020  0.1659E+00  0.1066E+02
  23.040  0.1624E+00  0.1067E+02
  23.060  0.1747E+00  0.1067E+02
  23.080  0.1922E+00  0.1067E+02
  23.100  0.2065E+00  0.1068E+02
  23.120  0.2133E+00  0.1068E+02
  23.140  0.2139E+00  0.1069E+02
  23.160  0.2143E+00  0.1069E+02
  23.180  0.2227E+00  0.1069E+02
  23.200  0.2479E+00  0.1070E+02
  23.220  0.2970E+00  0.1071E+02
  23.240  0.3742E+00  0.1071E+02
  23.260  0.4789E+00  0.1072E+02
  23.280  0.6051E+00  0.1073E+02
  23.300  0.7397E+00  0.1075E+02
  23.320  0.8641E+00  0.1077E+02
  23.340  0.9571E+00  0.1079E+02
  23.360  0.9993E+00  0.1081E+02
  23.380  0.9797E+00  0.1083E+02
  23.400  0.8990E+00  0.1084E+02
  23.420  0.7708E+00  0.1086E+02
  23.440  0.6187E+00  0.1087E+02
  23.460  0.4708E+00  0.1088E+02
  23.480  0.3538E+00  0.1089E+02
  23.500  0.2897E+00  0.1089E+02
  23.520  0.2936E+00  0.1090E+02
  23.540  0.3732E+00  0.1091E+02
  23.560  0.5273E+00  0.1092E+02
  23.580  0.7429E+00  0.1093E+02
  23.600  0.9929E+00  0.1095E+02
  23.620  0.1239E+01  0.1098E+02
  23.640  0.1442E+01  0.1101E+02
  23.660  0.1570E+01  0.1104E+02
  23.680  0.1614E+01  0.1107E+02
  23.700  0.1588E+01  0.1110E+02
  23.720  0.1526E+01  0.1113E+02
  23.740  0.1464E+01  0.1116E+02
  23.760  0.1430E+01  0.1119E+02
  23.780  0.1430E+01  0.1122E+02
  23.800  0.1451E+01  0.1125E+02
  23.820  0.1471E+01  0.1128E+02
  23.840  0.1469E+01  0.1131E+02
  23.860  0.1434E+01  0.1133E+02
  23.880  0.1369E+01  0.1136E+02
  23.900  0.1284E+01  0.1139E+02
  23.920  0.1193E+01  0.1141E+02
  23.940  0.1104E+01  0.1143E+02
  23.960  0.1019E+01  0.1145E+02
  23.980  0.9357E+00  0.1147E+02
  24.000  0.8468E+00  0.1149E+02
  24.020  0.7480E+00  0.1150E+02
  24.040  0.6392E+00  0.1152E+02
  24.060  0.5262E+00  0.1153E+02
  24.080  0.4205E+00  0.1154E+02
  24.100  0.3365E+00  0.1154E+02
  24.120  0.2891E+00  0.1155E+02
  24.140  0.2907E+00  0.1155E+02
  24.160  0.3490E+00  0.1156E+02
  24.180  0.4650E+00  0.1157E+02
  24.200  0.6302E+00  0.1158E+02
  24.220  0.8254E+00  0.1160E+02
  24.240  0.1022E+01  0.1162E+02
  24.260  0.1185E+01  0.1164E+02
  24.280  0.1285E+01  0.1167E+02
  24.300  0.1306E+01  0.1170E+02
  24.320  0.1249E+01  0.1172E+02
  24.340  0.1134E+01  0.1174E+02
  24.360  0.9944E+00  0.1176E+02
  24.380  0.8641E+00  0.1178E+02
  24.400  0.7692E+00  0.1180E+02
  24.420  0.7221E+00  0.1181E+02
  24.440  0.7206E+00  0.1183E+02
  24.460  0.7519E+00  0.1184E+02
  24.480  0.7991E+00  0.1186E+02
  24.500  0.8469E+00  0.1187E+02
  24.520  0.8860E+00  0.1189E+02
  24.540  0.9134E+00  0.1191E+02
  24.560  0.9311E+00  0.1193E+02
  24.580  0.9432E+00  0.1195E+02
  24.600  0.9546E+00  0.1197E+02
  24.620  0.9685E+00  0.1199E+02
  24.640  0.9849E+00  0.1200E+02
  24.660  0.9980E+00  0.1202E+02
  24.680  0.9961E+00  0.1204E+02
  24.700  0.9654E+00  0.1206E+02
  24.720  0.8960E+00  0.1208E+02
  24.740  0.7885E+00  0.1210E+02
  24.760  0.6557E+00  0.1211E+02
  24.780  0.5199E+00  0.1212E+02
  24.800  0.4060E+00  0.1213E+02
  24.820  0.3352E+00  0.1214E+02
  24.840  0.3213E+00  0.1214E+02
  24.860  0.3709E+00  0.1215E+02
  24.880  0.4849E+00  0.1216E+02
  24.900  0.6599E+00  0.1217E+02
  24.920  0.8862E+00  0.1219E+02
  24.940  0.1144E+01  0.1221E+02
  24.960  0.1401E+01  0.1224E+02
  24.980  0.1613E+01  0.1227E+02
  25.000  0.1735E+01  0.1231E+02
  25.020  0.1735E+01  0.1234E+02
  25.040  0.1608E+01  0.1238E+02
  25.060  0.1378E+01  0.1240E+02
  25.080  0.1088E+01  0.1242E+02
  25.100  0.7922E+00  0.1244E+02
  25.120  0.5308E+00  0.1245E+02
  25.140  0.3271E+00  0.1246E+02
  25.160  0.1854E+00  0.1246E+02
  25.180  0.9660E-01  0.1246E+02
  25.200  0.4627E-01  0.1246E+02
  25.220  0.2037E-01  0.1246E+02
  25.240  0.8241E-02  0.1246E+02
  25.260  0.3066E-02  0.1246E+02
  25.280  0.1057E-02  0.1246E+02
  25.300  0.3674E-03  0.1246E+02
  25.320  0.2303E-03  0.1246E+02
  25.340  0.4578E-03  0.1246E+02
  25.360  0.1272E-02  0.1246E+02
  25.380  0.3394E-02  0.1246E+02
  25.400  0.8331E-02  0.1247E+02
  25.420  0.1875E-01  0.1247E+02
  25.440  0.3867E-01  0.1247E+02
  25.460  0.7310E-01  0.1247E+02
  25.480  0.1266E+00  0.1247E+02
  25.500  0.2011E+00  0.1247E+02
  25.520  0.2927E+00  0.1248E+02
  25.540  0.3905E+00  0.1249E+02
  25.560  0.4775E+00  0.1250E+02
  25.580  0.5354E+00  0.1251E+02
  25.600  0.5503E+00  0.1252E+02
  25.620  0.5186E+00  0.1253E+02
  25.640  0.4481E+00  0.1254E+02
  25.660  0.3551E+00  0.1255E+02
  25.680  0.2583E+00  0.1255E+02
  25.700  0.1730E+00  0.1255E+02
  25.720  0.1083E+00  0.1256E+02
  25.740  0.6741E-01  0.1256E+02
  25.760  0.5039E-01  0.1256E+02
  25.780  0.5753E-01  0.1256E+02
  25.800  0.9125E-01  0.1256E+02
  25.820  0.1558E+00  0.1256E+02
  25.840  0.2545E+00  0.1257E+02
  25.860  0.3855E+00  0.1258E+02
  25.880  0.5385E+00  0.1259E+02
  25.900  0.6951E+00  0.1260E+02
  25.920  0.8335E+00  0.1262E+02
  25.940  0.9373E+00  0.1264E+02
  25.960  0.1003E+01  0.1266E+02
  25.980  0.1041E+01  0.1268E+02
  26.000  0.1070E+01  0.1270E+02
  26.020  0.1104E+01  0.1272E+02
  26.040  0.1143E+01  0.1274E+02
  26.060  0.1171E+01  0.1277E+02
  26.080  0.1165E+01  0.1279E+02
  26.100  0.1106E+01  0.1281E+02
  26.120  0.9891E+00  0.1283E+02
  26.140  0.8266E+00  0.1285E+02
  26.160  0.6426E+00  0.1286E+02
  26.180  0.4638E+00  0.1287E+02
  26.200  0.3103E+00  0.1288E+02
  26.220  0.1924E+00  0.1288E+02
  26.240  0.1105E+00  0.1288E+02
  26.260  0.5882E-01  0.1289E+02
  26.280  0.2898E-01  0.1289E+02
  26.300  0.1321E-01  0.1289E+02
  26.320  0.5572E-02  0.1289E+02
  26.340  0.2172E-02  0.1289E+02
  26.360  0.7824E-03  0.1289E+02
  26.380  0.2602E-03  0.1289E+02
  26.400  0.8064E-04  0.1289E+02
  26.420  0.2644E-04  0.1289E+02
  26.440  0.2083E-04  0.1289E+02
  26.460  0.5386E-04  0.1289E+02
  26.480  0.1692E-03  0.1289E+02
  26.500  0.5007E-03  0.1289E+02
  26.520  0.1366E-02  0.1289E+02
  26.540  0.3438E-02  0.1289E+02
  26.560  0.7987E-02  0.1289E+02
  26.580  0.1716E-01  0.1289E+02
  26.600  0.3413E-01  0.1289E+02
  26.620  0.6304E-01  0.1289E+02
  26.640  0.1084E+00  0.1289E+02
  26.660  0.1741E+00  0.1289E+02
  26.680  0.2623E+00  0.1290E+02
  26.700  0.3726E+00  0.1291E+02
  26.720  0.5024E+00  0.1292E+02
  26.740  0.6472E+00  0.1293E+02
  26.760  0.8015E+00  0.1295E+02
  26.780  0.9587E+00  0.1297E+02
  26.800  0.1109E+01  0.1299E+02
  26.820  0.1241E+01  0.1301E+02
  26.840  0.1341E+01  0.1304E+02
  26.860  0.1397E+01  0.1307E+02
  26.880  0.1410E+01  0.1310E+02
  26.900  0.1391E+01  0.1312E+02
  26.920  0.1363E+01  0.1315E+02
  26.940  0.1342E+01  0.1318E+02
  26.960  0.1336E+01  0.1320E+02
  26.980  0.1331E+01  0.1323E+02
  27.000  0.1304E+01  0.1326E+02
  27.020  0.1234E+01  0.1328E+02
  27.040  0.1117E+01  0.1330E+02
  27.060  0.9698E+00  0.1332E+02
  27.080  0.8240E+00  0.1334E+02
  27.100  0.7119E+00  0.1335E+02
  27.120  0.6548E+00  0.1337E+02
  27.140  0.6569E+00  0.1338E+02
  27.160  0.7094E+00  0.1339E+02
  27.180  0.7973E+00  0.1341E+02
  27.200  0.9067E+00  0.1343E+02
  27.220  0.1027E+01  0.1345E+02
  27.240  0.1148E+01  0.1347E+02
  27.260  0.1257E+01  0.1350E+02
  27.280  0.1339E+01  0.1352E+02
  27.300  0.1383E+01  0.1355E+02
  27.320  0.1387E+01  0.1358E+02
  27.340  0.1361E+01  0.1361E+02
  27.360  0.1325E+01  0.1363E+02
  27.380  0.1301E+01  0.1366E+02
  27.400  0.1300E+01  0.1369E+02
  27.420  0.1320E+01  0.1371E+02
  27.440  0.1350E+01  0.1374E+02
  27.460  0.1371E+01  0.1377E+02
  27.480  0.1370E+01  0.1379E+02
  27.500  0.1340E+01  0.1382E+02
  27.520  0.1284E+01  0.1385E+02
  27.540  0.1215E+01  0.1387E+02
  27.560  0.1149E+01  0.1389E+02
  27.580  0.1106E+01  0.1392E+02
  27.600  0.1102E+01  0.1394E+02
  27.620  0.1142E+01  0.1396E+02
  27.640  0.1227E+01  0.1398E+02
  27.660  0.1347E+01  0.1401E+02
  27.680  0.1487E+01  0.1404E+02
  27.700  0.1629E+01  0.1407E+02
  27.720  0.1753E+01  0.1411E+02
  27.740  0.1846E+01  0.1415E+02
  27.760  0.1897E+01  0.1418E+02
  27.780  0.1905E+01  0.1422E+02
  27.800  0.1875E+01  0.1426E+02
  27.820  0.1810E+01  0.1430E+02
  27.840  0.1713E+01  0.1433E+02
  27.860  0.1584E+01  0.1436E+02
  27.880  0.1421E+01  0.1439E+02
  27.900  0.1226E+01  0.1441E+02
  27.920  0.1009E+01  0.1443E+02
  27.940  0.7862E+00  0.1445E+02
  27.960  0.5785E+00  0.1446E+02
  27.980  0.4036E+00  0.1447E+02
  28.000  0.2725E+00  0.1448E+02
  28.020  0.1875E+00  0.1448E+02
  28.040  0.1431E+00  0.1448E+02
  28.060  0.1284E+00  0.1448E+02
  28.080  0.1309E+00  0.1449E+02
  28.100  0.1384E+00  0.1449E+02
  28.120  0.1419E+00  0.1449E+02
  28.140  0.1364E+00  0.1450E+02
  28.160  0.1214E+00  0.1450E+02
  28.180  0.1000E+00  0.1450E+02
  28.200  0.7691E-01  0.1450E+02
  28.220  0.5641E-01  0.1450E+02
  28.240  0.4125E-01  0.1450E+02
  28.260  0.3205E-01  0.1450E+02
  28.280  0.2780E-01  0.1450E+02
  28.300  0.2675E-01  0.1451E+02
  28.320  0.2745E-01  0.1451E+02
  28.340  0.2962E-01  0.1451E+02
  28.360  0.3475E-01  0.1451E+02
  28.380  0.4627E-01  0.1451E+02
  28.400  0.6917E-01  0.1451E+02
  28.420  0.1088E+00  0.1451E+02
  28.440  0.1690E+00  0.1452E+02
  28.460  0.2496E+00  0.1452E+02
  28.480  0.3450E+00  0.1453E+02
  28.500  0.4436E+00  0.1454E+02
  28.520  0.5311E+00  0.1455E+02
  28.540  0.5944E+00  0.1456E+02
  28.560  0.6270E+00  0.1457E+02
  28.580  0.6314E+00  0.1458E+02
  28.600  0.6184E+00  0.1460E+02
  28.620  0.6028E+00  0.1461E+02
  28.640  0.5975E+00  0.1462E+02
  28.660  0.6085E+00  0.1463E+02
  28.680  0.6322E+00  0.1464E+02
  28.700  0.6570E+00  0.1466E+02
  28.720  0.6675E+00  0.1467E+02
  28.740  0.6515E+00  0.1468E+02
  28.760  0.6060E+00  0.1470E+02
  28.780  0.5383E+00  0.1471E+02
  28.800  0.4635E+00  0.1472E+02
  28.820  0.3978E+00  0.1472E+02
  28.840  0.3514E+00  0.1473E+02
  28.860  0.3253E+00  0.1474E+02
  28.880  0.3121E+00  0.1474E+02
  28.900  0.3006E+00  0.1475E+02
  28.920  0.2814E+00  0.1476E+02
  28.940  0.2507E+00  0.1476E+02
  28.960  0.2115E+00  0.1477E+02
  28.980  0.1718E+00  0.1477E+02
  29.000  0.1424E+00  0.1477E+02
  29.020  0.1332E+00  0.1477E+02
  29.040  0.1519E+00  0.1478E+02
  29.060  0.2014E+00  0.1478E+02
  29.080  0.2785E+00  0.1479E+02
  29.100  0.3735E+00  0.1479E+02
  29.120  0.4707E+00  0.1480E+02
  29.140  0.5535E+00  0.1481E+02
  29.160  0.6100E+00  0.1483E+02
  29.180  0.6383E+00  0.1484E+02
  29.200  0.6485E+00  0.1485E+02
  29.220  0.6578E+00  0.1487E+02
  29.240  0.6840E+00  0.1488E+02
  29.260  0.7371E+00  0.1489E+02
  29.280  0.8156E+00  0.1491E+02
  29.300  0.9074E+00  0.1493E+02
  29.320  0.9941E+00  0.1495E+02
  29.340  0.1056E+01  0.1497E+02
  29.360  0.1076E+01  0.1499E+02
  29.380  0.1049E+01  0.1501E+02
  29.400  0.9785E+00  0.1503E+02
  29.420  0.8833E+00  0.1505E+02
  29.440  0.7943E+00  0.1507E+02
  29.460  0.7479E+00  0.1508E+02
  29.480  0.7753E+00  0.1510E+02
  29.500  0.8905E+00  0.1511E+02
  29.520  0.1082E+01  0.1514E+02
  29.540  0.1310E+01  0.1516E+02
  29.560  0.1519E+01  0.1519E+02
  29.580  0.1654E+01  0.1522E+02
  29.600  0.1679E+01  0.1526E+02
  29.620  0.1593E+01  0.1529E+02
  29.640  0.1429E+01  0.1532E+02
  29.660  0.1237E+01  0.1534E+02
  29.680  0.1067E+01  0.1536E+02
  29.700  0.9518E+00  0.1538E+02
  29.720  0.8960E+00  0.1540E+02
  29.740  0.8839E+00  0.1542E+02
  29.760  0.8896E+00  0.1544E+02
  29.780  0.8910E+00  0.1546E+02
  29.800  0.8776E+00  0.1547E+02
  29.820  0.8527E+00  0.1549E+02
  29.840  0.8266E+00  0.1551E+02
  29.860  0.8086E+00  0.1552E+02
  29.880  0.7993E+00  0.1554E+02
  29.900  0.7904E+00  0.1555E+02
  29.920  0.7686E+00  0.1557E+02
  29.940  0.7231E+00  0.1558E+02
  29.960  0.6512E+00  0.1560E+02
  29.980  0.5592E+00  0.1561E+02
  30.000  0.4595E+00  0.1562E+02
  30.020  0.3657E+00  0.1562E+02
  30.040  0.2880E+00  0.1563E+02
  30.060  0.2320E+00  0.1564E+02
  30.080  0.1994E+00  0.1564E+02
  30.100  0.1909E+00  0.1564E+02
  30.120  0.2082E+00  0.1565E+02
  30.140  0.2545E+00  0.1565E+02
  30.160  0.3326E+00  0.1566E+02
  30.180  0.4416E+00  0.1567E+02
  30.200  0.5739E+00  0.1568E+02
  30.220  0.7152E+00  0.1569E+02
  30.240  0.8467E+00  0.1571E+02
  30.260  0.9501E+00  0.1573E+02
  30.280  0.1012E+01  0.1575E+02
  30.300  0.1027E+01  0.1577E+02
  30.320  0.9976E+00  0.1579E+02
  30.340  0.9303E+00  0.1581E+02
  30.360  0.8355E+00  0.1583E+02
  30.380  0.7232E+00  0.1584E+02
  30.400  0.6024E+00  0.1585E+02
  30.420  0.4813E+00  0.1586E+02
  30.440  0.3672E+00  0.1587E+02
  30.460  0.2672E+00  0.1587E+02
  30.480  0.1872E+00  0.1588E+02
  30.500  0.1320E+00  0.1588E+02
  30.520  0.1051E+00  0.1588E+02
  30.540  0.1085E+00  0.1588E+02
  30.560  0.1429E+00  0.1589E+02
  30.580  0.2064E+00  0.1589E+02
  30.600  0.2921E+00  0.1590E+02
  30.620  0.3872E+00  0.1591E+02
  30.640  0.4738E+00  0.1592E+02
  30.660  0.5327E+00  0.1593E+02
  30.680  0.5496E+00  0.1594E+02
  30.700  0.5202E+00  0.1595E+02
  30.720  0.4515E+00  0.1596E+02
  30.740  0.3595E+00  0.1596E+02
  30.760  0.2625E+00  0.1597E+02
  30.780  0.1758E+00  0.1597E+02
  30.800  0.1079E+00  0.1597E+02
  30.820  0.6077E-01  0.1598E+02
  30.840  0.3138E-01  0.1598E+02
  30.860  0.1486E-01  0.1598E+02
  30.880  0.6451E-02  0.1598E+02
  30.900  0.2568E-02  0.1598E+02
  30.920  0.9372E-03  0.1598E+02
  30.940  0.3136E-03  0.1598E+02
  30.960  0.9619E-04  0.1598E+02
  30.980  0.2705E-04  0.1598E+02
  31.000  0.6971E-05  0.1598E+02
  31.020  0.1647E-05  0.1598E+02
  31.040  0.3565E-06  0.1598E+02
  31.060  0.7075E-07  0.1598E+02
  31.080  0.1287E-07  0.1598E+02
  31.100  0.2144E-08  0.1598E+02
  31.120  0.3275E-09  0.1598E+02
  31.140  0.4585E-10  0.1598E+02
  31.160  0.6115E-11  0.1598E+02
  31.180  0.2686E-11  0.1598E+02
  31.200  0.1533E-10  0.1598E+02
  31.220  0.1068E-09  0.1598E+02
  31.240  0.6853E-09  0.1598E+02
  31.260  0.4030E-08  0.1598E+02
  31.280  0.2172E-07  0.1598E+02
  31.300  0.1073E-06  0.1598E+02
  31.320  0.4861E-06  0.1598E+02
  31.340  0.2019E-05  0.1598E+02
  31.360  0.7688E-05  0.1598E+02
  31.380  0.2686E-04  0.1598E+02
  31.400  0.8606E-04  0.1598E+02
  31.420  0.2530E-03  0.1598E+02
  31.440  0.6827E-03  0.1598E+02
  31.460  0.1690E-02  0.1598E+02
  31.480  0.3842E-02  0.1598E+02
  31.500  0.8019E-02  0.1598E+02
  31.520  0.1537E-01  0.1598E+02
  31.540  0.2705E-01  0.1598E+02
  31.560  0.4374E-01  0.1598E+02
  31.580  0.6496E-01  0.1598E+02
  31.600  0.8866E-01  0.1598E+02
  31.620  0.1112E+00  0.1598E+02
  31.640  0.1281E+00  0.1599E+02
  31.660  0.1357E+00  0.1599E+02
  31.680  0.1321E+00  0.1599E+02
  31.700  0.1182E+00  0.1599E+02
  31.720  0.9716E-01  0.1600E+02
  31.740  0.7340E-01  0.1600E+02
  31.760  0.5095E-01  0.1600E+02
  31.780  0.3249E-01  0.1600E+02
  31.800  0.1903E-01  0.1600E+02
  31.820  0.1024E-01  0.1600E+02
  31.840  0.5061E-02  0.1600E+02
  31.860  0.2296E-02  0.1600E+02
  31.880  0.9565E-03  0.1600E+02
  31.900  0.3657E-03  0.1600E+02
  31.920  0.1283E-03  0.1600E+02
  31.940  0.4130E-04  0.1600E+02
  31.960  0.1220E-04  0.1600E+02
  31.980  0.3304E-05  0.1600E+02
  32.000  0.8209E-06  0.1600E+02
  32.020  0.1870E-06  0.1600E+02
  32.040  0.3906E-07  0.1600E+02
  32.060  0.7478E-08  0.1600E+02
  32.080  0.1312E-08  0.1600E+02
  32.100  0.2111E-09  0.1600E+02
  32.120  0.3111E-10  0.1600E+02
  32.140  0.4202E-11  0.1600E+02
  32.160  0.5200E-12  0.1600E+02
  32.180  0.5896E-13  0.1600E+02
  32.200  0.6124E-14  0.1600E+02
  32.220  0.5827E-15  0.1600E+02
  32.240  0.5078E-16  0.1600E+02
  32.260  0.4054E-17  0.1600E+02
  32.280  0.2964E-18  0.1600E+02
  32.300  0.1985E-19  0.1600E+02
  32.320  0.1218E-20  0.1600E+02
  32.340  0.6840E-22  0.1600E+02
  32.360  0.3518E-23  0.1600E+02
  32.380  0.1657E-24  0.1600E+02
  32.400  0.7150E-26  0.1600E+02
  32.420  0.2824E-27  0.1600E+02
  32.440  0.1022E-28  0.1600E+02
  32.460  0.3384E-30  0.1600E+02
  32.480  0.1027E-31  0.1600E+02
  32.500  0.2851E-33  0.1600E+02
  32.520  0.7250E-35  0.1600E+02
  32.540  0.1688E-36  0.1600E+02
  32.560  0.3600E-38  0.1600E+02
  32.580  0.7028E-40  0.1600E+02
  32.600  0.1256E-41  0.1600E+02
  32.620  0.2056E-43  0.1600E+02
  32.640  0.3081E-45  0.1600E+02
  32.660  0.4228E-47  0.1600E+02
  32.680  0.5312E-49  0.1600E+02
  32.700  0.6111E-51  0.1600E+02
  32.720  0.6437E-53  0.1600E+02
  32.740  0.6207E-55  0.1600E+02
  32.760  0.5481E-57  0.1600E+02
  32.780  0.4431E-59  0.1600E+02
  32.800  0.3280E-61  0.1600E+02
  32.820  0.2223E-63  0.1600E+02
  32.840  0.1379E-65  0.1600E+02
  32.860  0.7837E-68  0.1600E+02
  32.880  0.4077E-70  0.1600E+02
  32.900  0.1942E-72  0.1600E+02
  32.920  0.8468E-75  0.1600E+02
  32.940  0.3381E-77  0.1600E+02
  32.960  0.1236E-79  0.1600E+02
  32.980  0.4150E-82  0.1600E+02
  33.000  0.2578E-84  0.1600E+02
  33.020  0.1314E-84  0.1600E+02
  33.040  0.1312E-84  0.1600E+02
  33.060  0.1312E-84  0.1600E+02
  33.080  0.1312E-84  0.1600E+02
  33.100  0.1312E-84  0.1600E+02
  33.120  0.1312E-84  0.1600E+02
  33.140  0.1312E-84  0.1600E+02
  33.160  0.1312E-84  0.1600E+02
  33.180  0.1312E-84  0.1600E+02
  33.200  0.1312E-84  0.1600E+02
  33.220  0.1312E-84  0.1600E+02
  33.240  0.1312E-84  0.1600E+02
  33.260  0.1312E-84  0.1600E+02
  33.280  0.1312E-84  0.1600E+02
  33.300  0.1312E-84  0.1600E+02
  33.320  0.1312E-84  0.1600E+02
  33.340  0.1312E-84  0.1600E+02
  33.360  0.1312E-84  0.1600E+02
  33.380  0.1312E-84  0.1600E+02
  33.400  0.1312E-84  0.1600E+02
  33.420  0.1312E-84  0.1600E+02
  33.440  0.1312E-84  0.1600E+02
  33.460  0.1312E-84  0.1600E+02
  33.480  0.1312E-84  0.1600E+02
  33.500  0.1312E-84  0.1600E+02
  33.520  0.1312E-84  0.1600E+02
  33.540  0.1312E-84  0.1600E+02
  33.560  0.1312E-84  0.1600E+02
  33.580  0.1312E-84  0.1600E+02
  33.600  0.1312E-84  0.1600E+02
  33.620  0.1312E-84  0.1600E+02
  33.640  0.1312E-84  0.1600E+02
  33.660  0.1312E-84  0.1600E+02
  33.680  0.1312E-84  0.1600E+02
  33.700  0.1312E-84  0.1600E+02
  33.720  0.1312E-84  0.1600E+02
  33.740  0.1312E-84  0.1600E+02
  33.760  0.1312E-84  0.1600E+02
  33.780  0.1312E-84  0.1600E+02
  33.800  0.1312E-84  0.1600E+02
  33.820  0.1312E-84  0.1600E+02
  33.840  0.1312E-84  0.1600E+02
  33.860  0.1312E-84  0.1600E+02
  33.880  0.1312E-84  0.1600E+02
  33.900  0.1312E-84  0.1600E+02
  33.920  0.1312E-84  0.1600E+02
  33.940  0.1312E-84  0.1600E+02
  33.960  0.1312E-84  0.1600E+02
  33.980  0.1312E-84  0.1600E+02
  34.000  0.1312E-84  0.1600E+02
  34.020  0.1312E-84  0.1600E+02
  34.040  0.1312E-84  0.1600E+02
  34.060  0.1312E-84  0.1600E+02
  34.080  0.1312E-84  0.1600E+02
  34.100  0.1312E-84  0.1600E+02
  34.120  0.1312E-84  0.1600E+02
  34.140  0.1312E-84  0.1600E+02
  34.160  0.1312E-84  0.1600E+02
  34.180  0.1312E-84  0.1600E+02
  34.200  0.1312E-84  0.1600E+02
  34.220  0.1312E-84  0.1600E+02
  34.240  0.1312E-84  0.1600E+02
  34.260  0.1312E-84  0.1600E+02
  34.280  0.1312E-84  0.1600E+02
  34.300  0.1312E-84  0.1600E+02
  34.320  0.1312E-84  0.1600E+02
  34.340  0.1312E-84  0.1600E+02
  34.360  0.1312E-84  0.1600E+02
  34.380  0.1312E-84  0.1600E+02
  34.400  0.1312E-84  0.1600E+02
  34.420  0.1312E-84  0.1600E+02
  34.440  0.1312E-84  0.1600E+02
  34.460  0.1312E-84  0.1600E+02
  34.480  0.1312E-84  0.1600E+02
  34.500  0.1312E-84  0.1600E+02
  34.520  0.1312E-84  0.1600E+02
  34.540  0.1312E-84  0.1600E+02
  34.560  0.1312E-84  0.1600E+02
  34.580  0.1312E-84  0.1600E+02
  34.600  0.1312E-84  0.1600E+02
  34.620  0.1312E-84  0.1600E+02
  34.640  0.1312E-84  0.1600E+02
  34.660  0.1312E-84  0.1600E+02
  34.680  0.1312E-84  0.1600E+02
  34.700  0.1312E-84  0.1600E+02
  34.720  0.1312E-84  0.1600E+02
  34.740  0.1312E-84  0.1600E+02
  34.760  0.1312E-84  0.1600E+02
  34.780  0.1312E-84  0.1600E+02
  34.800  0.1312E-84  0.1600E+02
  34.820  0.1312E-84  0.1600E+02
  34.840  0.1312E-84  0.1600E+02
  34.860  0.1312E-84  0.1600E+02
  34.880  0.1312E-84  0.1600E+02
  34.900  0.1312E-84  0.1600E+02
  34.920  0.1312E-84  0.1600E+02
  34.940  0.1312E-84  0.1600E+02
  34.960  0.1312E-84  0.1600E+02
  34.980  0.1312E-84  0.1600E+02
  35.000  0.1312E-84  0.1600E+02
  35.020  0.1312E-84  0.1600E+02
  35.040  0.1312E-84  0.1600E+02
  35.060  0.1312E-84  0.1600E+02
  35.080  0.1312E-84  0.1600E+02
  35.100  0.1312E-84  0.1600E+02
  35.120  0.1312E-84  0.1600E+02
  35.140  0.1312E-84  0.1600E+02
  35.160  0.1312E-84  0.1600E+02
  35.180  0.1312E-84  0.1600E+02
  35.200  0.1312E-84  0.1600E+02
  35.220  0.1312E-84  0.1600E+02
  35.240  0.1312E-84  0.1600E+02
  35.260  0.1312E-84  0.1600E+02
  35.280  0.1312E-84  0.1600E+02
  35.300  0.1312E-84  0.1600E+02
  35.320  0.1312E-84  0.1600E+02
  35.340  0.1312E-84  0.1600E+02
  35.360  0.1312E-84  0.1600E+02
  35.380  0.1312E-84  0.1600E+02
  35.400  0.1312E-84  0.1600E+02
  35.420  0.1312E-84  0.1600E+02
  35.440  0.1312E-84  0.1600E+02
  35.460  0.1312E-84  0.1600E+02
  35.480  0.1312E-84  0.1600E+02
  35.500  0.1312E-84  0.1600E+02
  35.520  0.1312E-84  0.1600E+02
  35.540  0.1312E-84  0.1600E+02
  35.560  0.1312E-84  0.1600E+02
  35.580  0.1312E-84  0.1600E+02
  35.600  0.1312E-84  0.1600E+02
  35.620  0.1312E-84  0.1600E+02
  35.640  0.1312E-84  0.1600E+02
  35.660  0.1312E-84  0.1600E+02
  35.680  0.1312E-84  0.1600E+02
  35.700  0.1312E-84  0.1600E+02
  35.720  0.1312E-84  0.1600E+02
  35.740  0.1312E-84  0.1600E+02
  35.760  0.1312E-84  0.1600E+02
  35.780  0.1312E-84  0.1600E+02
  35.800  0.1312E-84  0.1600E+02
  35.820  0.1312E-84  0.1600E+02
  35.840  0.1312E-84  0.1600E+02
  35.860  0.1312E-84  0.1600E+02
  35.880  0.1312E-84  0.1600E+02
  35.900  0.1312E-84  0.1600E+02
  35.920  0.1312E-84  0.1600E+02
  35.940  0.1312E-84  0.1600E+02
  35.960  0.1312E-84  0.1600E+02
  35.980  0.1312E-84  0.1600E+02
  36.000  0.1312E-84  0.1600E+02
  36.020  0.1312E-84  0.1600E+02
  36.040  0.1312E-84  0.1600E+02
  36.060  0.1312E-84  0.1600E+02
  36.080  0.1312E-84  0.1600E+02
  36.100  0.1312E-84  0.1600E+02
  36.120  0.1312E-84  0.1600E+02
  36.140  0.1312E-84  0.1600E+02
  36.160  0.1312E-84  0.1600E+02
  36.180  0.1312E-84  0.1600E+02
  36.200  0.1312E-84  0.1600E+02
  36.220  0.1312E-84  0.1600E+02
  36.240  0.1312E-84  0.1600E+02
  36.260  0.1312E-84  0.1600E+02
  36.280  0.1312E-84  0.1600E+02
  36.300  0.1312E-84  0.1600E+02
  36.320  0.1312E-84  0.1600E+02
  36.340  0.1312E-84  0.1600E+02
  36.360  0.1312E-84  0.1600E+02
  36.380  0.1312E-84  0.1600E+02
  36.400  0.1312E-84  0.1600E+02
  36.420  0.1312E-84  0.1600E+02
  36.440  0.1312E-84  0.1600E+02
  36.460  0.1312E-84  0.1600E+02
  36.480  0.1312E-84  0.1600E+02
  36.500  0.1312E-84  0.1600E+02
  36.520  0.1312E-84  0.1600E+02
  36.540  0.1312E-84  0.1600E+02
  36.560  0.1312E-84  0.1600E+02
  36.580  0.1312E-84  0.1600E+02
  36.600  0.1312E-84  0.1600E+02
  36.620  0.1312E-84  0.1600E+02
  36.640  0.1312E-84  0.1600E+02
  36.660  0.1312E-84  0.1600E+02
  36.680  0.1312E-84  0.1600E+02
  36.700  0.1312E-84  0.1600E+02
  36.720  0.1312E-84  0.1600E+02
  36.740  0.1312E-84  0.1600E+02
  36.760  0.1312E-84  0.1600E+02
  36.780  0.1312E-84  0.1600E+02
  36.800  0.1312E-84  0.1600E+02
  36.820  0.1312E-84  0.1600E+02
  36.840  0.1312E-84  0.1600E+02
  36.860  0.1312E-84  0.1600E+02
  36.880  0.1312E-84  0.1600E+02
  36.900  0.1312E-84  0.1600E+02
  36.920  0.1312E-84  0.1600E+02
  36.940  0.1312E-84  0.1600E+02
  36.960  0.1312E-84  0.1600E+02
  36.980  0.1312E-84  0.1600E+02
  37.000  0.1312E-84  0.1600E+02
  37.020  0.1312E-84  0.1600E+02
  37.040  0.1312E-84  0.1600E+02
  37.060  0.1312E-84  0.1600E+02
  37.080  0.1312E-84  0.1600E+02
  37.100  0.1312E-84  0.1600E+02
  37.120  0.1312E-84  0.1600E+02
  37.140  0.1312E-84  0.1600E+02
  37.160  0.1312E-84  0.1600E+02
  37.180  0.1312E-84  0.1600E+02
  37.200  0.1312E-84  0.1600E+02
  37.220  0.1312E-84  0.1600E+02
  37.240  0.1312E-84  0.1600E+02
  37.260  0.1312E-84  0.1600E+02
  37.280  0.1312E-84  0.1600E+02
  37.300  0.1312E-84  0.1600E+02
  37.320  0.1312E-84  0.1600E+02
  37.340  0.1312E-84  0.1600E+02
  37.360  0.1312E-84  0.1600E+02
  37.380  0.1312E-84  0.1600E+02
  37.400  0.1312E-84  0.1600E+02
  37.420  0.1312E-84  0.1600E+02
  37.440  0.1312E-84  0.1600E+02
  37.460  0.1312E-84  0.1600E+02
  37.480  0.1312E-84  0.1600E+02
  37.500  0.1312E-84  0.1600E+02
  37.520  0.1312E-84  0.1600E+02
  37.540  0.1312E-84  0.1600E+02
  37.560  0.1312E-84  0.1600E+02
  37.580  0.1312E-84  0.1600E+02
  37.600  0.1312E-84  0.1600E+02
  37.620  0.1312E-84  0.1600E+02
  37.640  0.1312E-84  0.1600E+02
  37.660  0.1312E-84  0.1600E+02
  37.680  0.1312E-84  0.1600E+02
  37.700  0.1312E-84  0.1600E+02
  37.720  0.1312E-84  0.1600E+02
  37.740  0.1312E-84  0.1600E+02
  37.760  0.1312E-84  0.1600E+02
  37.780  0.1312E-84  0.1600E+02
  37.800  0.1312E-84  0.1600E+02
  37.820  0.1312E-84  0.1600E+02
  37.840  0.1312E-84  0.1600E+02
  37.860  0.1312E-84  0.1600E+02
  37.880  0.1312E-84  0.1600E+02
  37.900  0.1312E-84  0.1600E+02
  37.920  0.1312E-84  0.1600E+02
  37.940  0.1312E-84  0.1600E+02
  37.960  0.1312E-84  0.1600E+02
  37.980  0.1312E-84  0.1600E+02
  38.000  0.1312E-84  0.1600E+02
  38.020  0.1312E-84  0.1600E+02
  38.040  0.1312E-84  0.1600E+02
  38.060  0.1312E-84  0.1600E+02
  38.080  0.1312E-84  0.1600E+02
  38.100  0.1312E-84  0.1600E+02
  38.120  0.1312E-84  0.1600E+02
  38.140  0.1312E-84  0.1600E+02
  38.160  0.1312E-84  0.1600E+02
  38.180  0.1312E-84  0.1600E+02
  38.200  0.1312E-84  0.1600E+02
  38.220  0.1312E-84  0.1600E+02
  38.240  0.1312E-84  0.1600E+02
  38.260  0.1312E-84  0.1600E+02
  38.280  0.1312E-84  0.1600E+02
  38.300  0.1312E-84  0.1600E+02
  38.320  0.1312E-84  0.1600E+02
  38.340  0.1312E-84  0.1600E+02
  38.360  0.1312E-84  0.1600E+02
  38.380  0.1312E-84  0.1600E+02
  38.400  0.1312E-84  0.1600E+02
  38.420  0.1312E-84  0.1600E+02
  38.440  0.1312E-84  0.1600E+02
  38.460  0.1312E-84  0.1600E+02
  38.480  0.1312E-84  0.1600E+02
  38.500  0.1312E-84  0.1600E+02
  38.520  0.1312E-84  0.1600E+02
  38.540  0.1312E-84  0.1600E+02
  38.560  0.1312E-84  0.1600E+02
  38.580  0.1312E-84  0.1600E+02
  38.600  0.1312E-84  0.1600E+02
  38.620  0.1312E-84  0.1600E+02
  38.640  0.1312E-84  0.1600E+02
  38.660  0.1312E-84  0.1600E+02
  38.680  0.1312E-84  0.1600E+02
  38.700  0.1312E-84  0.1600E+02
  38.720  0.1312E-84  0.1600E+02
  38.740  0.1312E-84  0.1600E+02
  38.760  0.1312E-84  0.1600E+02
  38.780  0.1312E-84  0.1600E+02
  38.800  0.1312E-84  0.1600E+02
  38.820  0.1312E-84  0.1600E+02
  38.840  0.1312E-84  0.1600E+02
  38.860  0.1312E-84  0.1600E+02
  38.880  0.1312E-84  0.1600E+02
  38.900  0.1312E-84  0.1600E+02
  38.920  0.1312E-84  0.1600E+02
  38.940  0.1312E-84  0.1600E+02
  38.960  0.1312E-84  0.1600E+02
  38.980  0.1312E-84  0.1600E+02
  39.000  0.1312E-84  0.1600E+02
  39.020  0.1312E-84  0.1600E+02
  39.040  0.1312E-84  0.1600E+02
  39.060  0.1312E-84  0.1600E+02
  39.080  0.1312E-84  0.1600E+02
  39.100  0.1312E-84  0.1600E+02
  39.120  0.1312E-84  0.1600E+02
  39.140  0.1312E-84  0.1600E+02
  39.160  0.1312E-84  0.1600E+02
  39.180  0.1312E-84  0.1600E+02
  39.200  0.1312E-84  0.1600E+02
  39.220  0.1312E-84  0.1600E+02
  39.240  0.1312E-84  0.1600E+02
  39.260  0.1312E-84  0.1600E+02
  39.280  0.1312E-84  0.1600E+02
  39.300  0.1312E-84  0.1600E+02
  39.320  0.1312E-84  0.1600E+02
  39.340  0.1312E-84  0.1600E+02
  39.360  0.1312E-84  0.1600E+02
  39.380  0.1312E-84  0.1600E+02
  39.400  0.1312E-84  0.1600E+02
  39.420  0.1312E-84  0.1600E+02
  39.440  0.1312E-84  0.1600E+02
  39.460  0.1312E-84  0.1600E+02
  39.480  0.1312E-84  0.1600E+02
  39.500  0.1312E-84  0.1600E+02
  39.520  0.1312E-84  0.1600E+02
  39.540  0.1312E-84  0.1600E+02
  39.560  0.1312E-84  0.1600E+02
  39.580  0.1312E-84  0.1600E+02
  39.600  0.1312E-84  0.1600E+02
  39.620  0.1312E-84  0.1600E+02
  39.640  0.1312E-84  0.1600E+02
  39.660  0.1312E-84  0.1600E+02
  39.680  0.1312E-84  0.1600E+02
  39.700  0.1312E-84  0.1600E+02
  39.720  0.1312E-84  0.1600E+02
  39.740  0.1312E-84  0.1600E+02
  39.760  0.1312E-84  0.1600E+02
  39.780  0.1312E-84  0.1600E+02
  39.800  0.1312E-84  0.1600E+02
  39.820  0.1312E-84  0.1600E+02
  39.840  0.1312E-84  0.1600E+02
  39.860  0.1312E-84  0.1600E+02
  39.880  0.1312E-84  0.1600E+02
  39.900  0.1312E-84  0.1600E+02
  39.920  0.1312E-84  0.1600E+02
  39.940  0.1312E-84  0.1600E+02
  39.960  0.1312E-84  0.1600E+02
  39.980  0.1312E-84  0.1600E+02
  40.000  0.1312E-84  0.1600E+02
  40.020  0.1312E-84  0.1600E+02
  40.040  0.1312E-84  0.1600E+02
  40.060  0.1312E-84  0.1600E+02
  40.080  0.1312E-84  0.1600E+02
  40.100  0.1312E-84  0.1600E+02
  40.120  0.1312E-84  0.1600E+02
  40.140  0.1312E-84  0.1600E+02
  40.160  0.1312E-84  0.1600E+02
  40.180  0.1312E-84  0.1600E+02
  40.200  0.1312E-84  0.1600E+02
  40.220  0.1312E-84  0.1600E+02
  40.240  0.1312E-84  0.1600E+02
  40.260  0.1312E-84  0.1600E+02
  40.280  0.1312E-84  0.1600E+02
  40.300  0.1312E-84  0.1600E+02
  40.320  0.1312E-84  0.1600E+02
  40.340  0.1312E-84  0.1600E+02
  40.360  0.1312E-84  0.1600E+02
  40.380  0.1312E-84  0.1600E+02
  40.400  0.1312E-84  0.1600E+02
  40.420  0.1312E-84  0.1600E+02
  40.440  0.1312E-84  0.1600E+02
  40.460  0.1312E-84  0.1600E+02
  40.480  0.1312E-84  0.1600E+02
  40.500  0.1312E-84  0.1600E+02
  40.520  0.1312E-84  0.1600E+02
  40.540  0.1312E-84  0.1600E+02
  40.560  0.1312E-84  0.1600E+02
  40.580  0.1312E-84  0.1600E+02
  40.600  0.1312E-84  0.1600E+02
  40.620  0.1312E-84  0.1600E+02
  40.640  0.1312E-84  0.1600E+02
  40.660  0.1312E-84  0.1600E+02
  40.680  0.1312E-84  0.1600E+02
  40.700  0.1312E-84  0.1600E+02
  40.720  0.1312E-84  0.1600E+02
  40.740  0.1312E-84  0.1600E+02
  40.760  0.1312E-84  0.1600E+02
  40.780  0.1312E-84  0.1600E+02
  40.800  0.1312E-84  0.1600E+02
  40.820  0.1312E-84  0.1600E+02
  40.840  0.1312E-84  0.1600E+02
  40.860  0.1312E-84  0.1600E+02
  40.880  0.1312E-84  0.1600E+02
  40.900  0.1312E-84  0.1600E+02
  40.920  0.1312E-84  0.1600E+02
  40.940  0.1312E-84  0.1600E+02
  40.960  0.1312E-84  0.1600E+02
  40.980  0.1312E-84  0.1600E+02
  41.000  0.1312E-84  0.1600E+02
  41.020  0.1312E-84  0.1600E+02
  41.040  0.1312E-84  0.1600E+02
  41.060  0.1312E-84  0.1600E+02
  41.080  0.1312E-84  0.1600E+02
  41.100  0.1312E-84  0.1600E+02
  41.120  0.1312E-84  0.1600E+02
  41.140  0.1312E-84  0.1600E+02
  41.160  0.1312E-84  0.1600E+02
  41.180  0.1312E-84  0.1600E+02
  41.200  0.1312E-84  0.1600E+02
  41.220  0.1312E-84  0.1600E+02
  41.240  0.1312E-84  0.1600E+02
  41.260  0.1312E-84  0.1600E+02
  41.280  0.1312E-84  0.1600E+02
  41.300  0.1312E-84  0.1600E+02
  41.320  0.1312E-84  0.1600E+02
  41.340  0.1312E-84  0.1600E+02
  41.360  0.1312E-84  0.1600E+02
  41.380  0.1312E-84  0.1600E+02
  41.400  0.1312E-84  0.1600E+02
  41.420  0.1312E-84  0.1600E+02
  41.440  0.1312E-84  0.1600E+02
  41.460  0.1312E-84  0.1600E+02
  41.480  0.1312E-84  0.1600E+02
  41.500  0.1312E-84  0.1600E+02
  41.520  0.1312E-84  0.1600E+02
  41.540  0.1312E-84  0.1600E+02
  41.560  0.1312E-84  0.1600E+02
  41.580  0.1312E-84  0.1600E+02
  41.600  0.1312E-84  0.1600E+02
  41.620  0.1312E-84  0.1600E+02
  41.640  0.1312E-84  0.1600E+02
  41.660  0.1312E-84  0.1600E+02
  41.680  0.1312E-84  0.1600E+02
  41.700  0.1312E-84  0.1600E+02
  41.720  0.1312E-84  0.1600E+02
  41.740  0.1312E-84  0.1600E+02
  41.760  0.1312E-84  0.1600E+02
  41.780  0.1312E-84  0.1600E+02
  41.800  0.1312E-84  0.1600E+02
  41.820  0.1312E-84  0.1600E+02
  41.840  0.1312E-84  0.1600E+02
  41.860  0.1312E-84  0.1600E+02
  41.880  0.1312E-84  0.1600E+02
  41.900  0.1312E-84  0.1600E+02
  41.920  0.1312E-84  0.1600E+02
  41.940  0.1312E-84  0.1600E+02
  41.960  0.1312E-84  0.1600E+02
  41.980  0.1312E-84  0.1600E+02
  42.000  0.1312E-84  0.1600E+02
  42.020  0.1312E-84  0.1600E+02
  42.040  0.1312E-84  0.1600E+02
  42.060  0.1312E-84  0.1600E+02
  42.080  0.1312E-84  0.1600E+02
  42.100  0.1312E-84  0.1600E+02
  42.120  0.1312E-84  0.1600E+02
  42.140  0.1312E-84  0.1600E+02
  42.160  0.1312E-84  0.1600E+02
  42.180  0.1312E-84  0.1600E+02
  42.200  0.1312E-84  0.1600E+02
  42.220  0.1312E-84  0.1600E+02
  42.240  0.1312E-84  0.1600E+02
  42.260  0.1312E-84  0.1600E+02
  42.280  0.1312E-84  0.1600E+02
  42.300  0.1312E-84  0.1600E+02
  42.320  0.1312E-84  0.1600E+02
  42.340  0.1312E-84  0.1600E+02
  42.360  0.1312E-84  0.1600E+02
  42.380  0.1312E-84  0.1600E+02
  42.400  0.1312E-84  0.1600E+02
  42.420  0.1312E-84  0.1600E+02
  42.440  0.1312E-84  0.1600E+02
  42.460  0.1312E-84  0.1600E+02
  42.480  0.1312E-84  0.1600E+02
  42.500  0.1312E-84  0.1600E+02
  42.520  0.1312E-84  0.1600E+02
  42.540  0.1312E-84  0.1600E+02
  42.560  0.1312E-84  0.1600E+02
  42.580  0.1312E-84  0.1600E+02
  42.600  0.1312E-84  0.1600E+02
  42.620  0.1312E-84  0.1600E+02
  42.640  0.1312E-84  0.1600E+02
  42.660  0.1312E-84  0.1600E+02
  42.680  0.1312E-84  0.1600E+02
  42.700  0.1312E-84  0.1600E+02
  42.720  0.1312E-84  0.1600E+02
  42.740  0.1312E-84  0.1600E+02
  42.760  0.1312E-84  0.1600E+02
  42.780  0.1312E-84  0.1600E+02
  42.800  0.1312E-84  0.1600E+02
  42.820  0.1312E-84  0.1600E+02
  42.840  0.1312E-84  0.1600E+02
  42.860  0.1312E-84  0.1600E+02
  42.880  0.1312E-84  0.1600E+02
  42.900  0.1312E-84  0.1600E+02
  42.920  0.1312E-84  0.1600E+02
  42.940  0.1312E-84  0.1600E+02
  42.960  0.1312E-84  0.1600E+02
  42.980  0.1312E-84  0.1600E+02
  43.000  0.1312E-84  0.1600E+02
  43.020  0.1312E-84  0.1600E+02
  43.040  0.1312E-84  0.1600E+02
  43.060  0.1312E-84  0.1600E+02
  43.080  0.1312E-84  0.1600E+02
  43.100  0.1312E-84  0.1600E+02
  43.120  0.1312E-84  0.1600E+02
  43.140  0.1312E-84  0.1600E+02
  43.160  0.1312E-84  0.1600E+02
  43.180  0.1312E-84  0.1600E+02
  43.200  0.1312E-84  0.1600E+02
  43.220  0.1312E-84  0.1600E+02
  43.240  0.1312E-84  0.1600E+02
  43.260  0.1312E-84  0.1600E+02
  43.280  0.1312E-84  0.1600E+02
  43.300  0.1312E-84  0.1600E+02
  43.320  0.1312E-84  0.1600E+02
  43.340  0.1312E-84  0.1600E+02
  43.360  0.1312E-84  0.1600E+02
  43.380  0.1312E-84  0.1600E+02
  43.400  0.1312E-84  0.1600E+02
  43.420  0.1312E-84  0.1600E+02
  43.440  0.1312E-84  0.1600E+02
  43.460  0.1312E-84  0.1600E+02
  43.480  0.1312E-84  0.1600E+02
  43.500  0.1312E-84  0.1600E+02
  43.520  0.1312E-84  0.1600E+02
  43.540  0.1312E-84  0.1600E+02
  43.560  0.1312E-84  0.1600E+02
  43.580  0.1312E-84  0.1600E+02
  43.600  0.1312E-84  0.1600E+02
  43.620  0.1312E-84  0.1600E+02
  43.640  0.1312E-84  0.1600E+02
  43.660  0.1312E-84  0.1600E+02
  43.680  0.1312E-84  0.1600E+02
  43.700  0.1312E-84  0.1600E+02
  43.720  0.1312E-84  0.1600E+02
  43.740  0.1312E-84  0.1600E+02
  43.760  0.1312E-84  0.1600E+02
  43.780  0.1312E-84  0.1600E+02
  43.800  0.1312E-84  0.1600E+02
  43.820  0.1312E-84  0.1600E+02
  43.840  0.1312E-84  0.1600E+02
  43.860  0.1312E-84  0.1600E+02
  43.880  0.1312E-84  0.1600E+02
  43.900  0.1312E-84  0.1600E+02
  43.920  0.1312E-84  0.1600E+02
  43.940  0.1312E-84  0.1600E+02
  43.960  0.1312E-84  0.1600E+02
  43.980  0.1312E-84  0.1600E+02
  44.000  0.1312E-84  0.1600E+02
  44.020  0.1312E-84  0.1600E+02
  44.040  0.1312E-84  0.1600E+02
  44.060  0.1312E-84  0.1600E+02
  44.080  0.1312E-84  0.1600E+02
  44.100  0.1312E-84  0.1600E+02
  44.120  0.1312E-84  0.1600E+02
  44.140  0.1312E-84  0.1600E+02
  44.160  0.1312E-84  0.1600E+02
  44.180  0.1312E-84  0.1600E+02
  44.200  0.1312E-84  0.1600E+02
  44.220  0.1312E-84  0.1600E+02
  44.240  0.1312E-84  0.1600E+02
  44.260  0.1312E-84  0.1600E+02
  44.280  0.1312E-84  0.1600E+02
  44.300  0.1312E-84  0.1600E+02
  44.320  0.1312E-84  0.1600E+02
  44.340  0.1312E-84  0.1600E+02
  44.360  0.1312E-84  0.1600E+02
  44.380  0.1312E-84  0.1600E+02
  44.400  0.1312E-84  0.1600E+02
  44.420  0.1312E-84  0.1600E+02
  44.440  0.1312E-84  0.1600E+02
  44.460  0.1312E-84  0.1600E+02
  44.480  0.1312E-84  0.1600E+02
  44.500  0.1312E-84  0.1600E+02
  44.520  0.1312E-84  0.1600E+02
  44.540  0.1312E-84  0.1600E+02
  44.560  0.1312E-84  0.1600E+02
  44.580  0.1312E-84  0.1600E+02
  44.600  0.1312E-84  0.1600E+02
  44.620  0.1312E-84  0.1600E+02
  44.640  0.1312E-84  0.1600E+02
  44.660  0.1312E-84  0.1600E+02
  44.680  0.1312E-84  0.1600E+02
  44.700  0.1312E-84  0.1600E+02
  44.720  0.1312E-84  0.1600E+02
  44.740  0.1312E-84  0.1600E+02
  44.760  0.1312E-84  0.1600E+02
  44.780  0.1312E-84  0.1600E+02
  44.800  0.1312E-84  0.1600E+02
  44.820  0.1312E-84  0.1600E+02
  44.840  0.1312E-84  0.1600E+02
  44.860  0.1312E-84  0.1600E+02
  44.880  0.1312E-84  0.1600E+02
  44.900  0.1312E-84  0.1600E+02
  44.920  0.1312E-84  0.1600E+02
  44.940  0.1312E-84  0.1600E+02
  44.960  0.1312E-84  0.1600E+02
  44.980  0.1312E-84  0.1600E+02
  45.000  0.1312E-84  0.1600E+02
  45.020  0.1312E-84  0.1600E+02
  45.040  0.1312E-84  0.1600E+02
  45.060  0.1312E-84  0.1600E+02
  45.080  0.1312E-84  0.1600E+02
  45.100  0.1312E-84  0.1600E+02
  45.120  0.1312E-84  0.1600E+02
  45.140  0.1312E-84  0.1600E+02
  45.160  0.1312E-84  0.1600E+02
  45.180  0.1312E-84  0.1600E+02
  45.200  0.1312E-84  0.1600E+02
  45.220  0.1312E-84  0.1600E+02
  45.240  0.1312E-84  0.1600E+02
  45.260  0.1312E-84  0.1600E+02
  45.280  0.1312E-84  0.1600E+02
  45.300  0.1312E-84  0.1600E+02
  45.320  0.1312E-84  0.1600E+02
  45.340  0.1312E-84  0.1600E+02
  45.360  0.1312E-84  0.1600E+02
  45.380  0.1312E-84  0.1600E+02
  45.400  0.1312E-84  0.1600E+02
  45.420  0.1312E-84  0.1600E+02
  45.440  0.1312E-84  0.1600E+02
  45.460  0.1312E-84  0.1600E+02
  45.480  0.1312E-84  0.1600E+02
  45.500  0.1312E-84  0.1600E+02
  45.520  0.1312E-84  0.1600E+02
  45.540  0.1312E-84  0.1600E+02
  45.560  0.1312E-84  0.1600E+02
  45.580  0.1312E-84  0.1600E+02
  45.600  0.1312E-84  0.1600E+02
  45.620  0.1312E-84  0.1600E+02
  45.640  0.1312E-84  0.1600E+02
  45.660  0.1312E-84  0.1600E+02
  45.680  0.1312E-84  0.1600E+02
  45.700  0.1312E-84  0.1600E+02
  45.720  0.1312E-84  0.1600E+02
  45.740  0.1312E-84  0.1600E+02
  45.760  0.1312E-84  0.1600E+02
  45.780  0.1312E-84  0.1600E+02
  45.800  0.1312E-84  0.1600E+02
  45.820  0.1312E-84  0.1600E+02
  45.840  0.1312E-84  0.1600E+02
  45.860  0.1312E-84  0.1600E+02
  45.880  0.1312E-84  0.1600E+02
  45.900  0.1312E-84  0.1600E+02
  45.920  0.1312E-84  0.1600E+02
  45.940  0.1312E-84  0.1600E+02
  45.960  0.1312E-84  0.1600E+02
  45.980  0.1312E-84  0.1600E+02
  46.000  0.1312E-84  0.1600E+02
  46.020  0.1312E-84  0.1600E+02
  46.040  0.1312E-84  0.1600E+02
  46.060  0.1312E-84  0.1600E+02
  46.080  0.1312E-84  0.1600E+02
  46.100  0.1312E-84  0.1600E+02
  46.120  0.1312E-84  0.1600E+02
  46.140  0.1312E-84  0.1600E+02
  46.160  0.1312E-84  0.1600E+02
  46.180  0.1312E-84  0.1600E+02
  46.200  0.1312E-84  0.1600E+02
  46.220  0.1312E-84  0.1600E+02
  46.240  0.1312E-84  0.1600E+02
  46.260  0.1312E-84  0.1600E+02
  46.280  0.1312E-84  0.1600E+02
  46.300  0.1312E-84  0.1600E+02
  46.320  0.1312E-84  0.1600E+02
  46.340  0.1312E-84  0.1600E+02
  46.360  0.1312E-84  0.1600E+02
  46.380  0.1312E-84  0.1600E+02
  46.400  0.1312E-84  0.1600E+02
  46.420  0.1312E-84  0.1600E+02
  46.440  0.1312E-84  0.1600E+02
  46.460  0.1312E-84  0.1600E+02
  46.480  0.1312E-84  0.1600E+02
  46.500  0.1312E-84  0.1600E+02
  46.520  0.1312E-84  0.1600E+02
  46.540  0.1312E-84  0.1600E+02
  46.560  0.1312E-84  0.1600E+02
  46.580  0.1312E-84  0.1600E+02
  46.600  0.1312E-84  0.1600E+02
  46.620  0.1312E-84  0.1600E+02
  46.640  0.1312E-84  0.1600E+02
  46.660  0.1312E-84  0.1600E+02
  46.680  0.1312E-84  0.1600E+02
  46.700  0.1312E-84  0.1600E+02
  46.720  0.1312E-84  0.1600E+02
  46.740  0.1312E-84  0.1600E+02
  46.760  0.1312E-84  0.1600E+02
  46.780  0.1312E-84  0.1600E+02
  46.800  0.1312E-84  0.1600E+02
  46.820  0.1312E-84  0.1600E+02
  46.840  0.1312E-84  0.1600E+02
  46.860  0.1312E-84  0.1600E+02
  46.880  0.1312E-84  0.1600E+02
  46.900  0.1312E-84  0.1600E+02
  46.920  0.1312E-84  0.1600E+02
  46.940  0.1312E-84  0.1600E+02
  46.960  0.1312E-84  0.1600E+02
  46.980  0.1312E-84  0.1600E+02
  47.000  0.1312E-84  0.1600E+02
  47.020  0.1312E-84  0.1600E+02
  47.040  0.1312E-84  0.1600E+02
  47.060  0.1312E-84  0.1600E+02
  47.080  0.1312E-84  0.1600E+02
  47.100  0.1312E-84  0.1600E+02
  47.120  0.1312E-84  0.1600E+02
  47.140  0.1312E-84  0.1600E+02
  47.160  0.1312E-84  0.1600E+02
  47.180  0.1312E-84  0.1600E+02
  47.200  0.1312E-84  0.1600E+02
  47.220  0.1312E-84  0.1600E+02
  47.240  0.1312E-84  0.1600E+02
  47.260  0.1312E-84  0.1600E+02
  47.280  0.1312E-84  0.1600E+02
  47.300  0.1312E-84  0.1600E+02
  47.320  0.1312E-84  0.1600E+02
  47.340  0.1312E-84  0.1600E+02
  47.360  0.1312E-84  0.1600E+02
  47.380  0.1312E-84  0.1600E+02
  47.400  0.1312E-84  0.1600E+02
  47.420  0.1312E-84  0.1600E+02
  47.440  0.1312E-84  0.1600E+02
  47.460  0.1312E-84  0.1600E+02
  47.480  0.1312E-84  0.1600E+02
  47.500  0.1312E-84  0.1600E+02
  47.520  0.1312E-84  0.1600E+02
  47.540  0.1312E-84  0.1600E+02
  47.560  0.1312E-84  0.1600E+02
  47.580  0.1312E-84  0.1600E+02
  47.600  0.1312E-84  0.1600E+02
  47.620  0.1312E-84  0.1600E+02
  47.640  0.1312E-84  0.1600E+02
  47.660  0.1312E-84  0.1600E+02
  47.680  0.1312E-84  0.1600E+02
  47.700  0.1312E-84  0.1600E+02
  47.720  0.1312E-84  0.1600E+02
  47.740  0.1312E-84  0.1600E+02
  47.760  0.1312E-84  0.1600E+02
  47.780  0.1312E-84  0.1600E+02
  47.800  0.1312E-84  0.1600E+02
  47.820  0.1312E-84  0.1600E+02
  47.840  0.1312E-84  0.1600E+02
  47.860  0.1312E-84  0.1600E+02
  47.880  0.1312E-84  0.1600E+02
  47.900  0.1312E-84  0.1600E+02
  47.920  0.1312E-84  0.1600E+02
  47.940  0.1312E-84  0.1600E+02
  47.960  0.1312E-84  0.1600E+02
  47.980  0.1312E-84  0.1600E+02
  48.000  0.1312E-84  0.1600E+02
  48.020  0.1312E-84  0.1600E+02
  48.040  0.1312E-84  0.1600E+02
  48.060  0.1312E-84  0.1600E+02
  48.080  0.1312E-84  0.1600E+02
  48.100  0.1312E-84  0.1600E+02
  48.120  0.1312E-84  0.1600E+02
  48.140  0.1312E-84  0.1600E+02
  48.160  0.1312E-84  0.1600E+02
  48.180  0.1312E-84  0.1600E+02
  48.200  0.1312E-84  0.1600E+02
  48.220  0.1312E-84  0.1600E+02
  48.240  0.1312E-84  0.1600E+02
  48.260  0.1312E-84  0.1600E+02
  48.280  0.1312E-84  0.1600E+02
  48.300  0.1312E-84  0.1600E+02
  48.320  0.1312E-84  0.1600E+02
  48.340  0.1312E-84  0.1600E+02
  48.360  0.1312E-84  0.1600E+02
  48.380  0.1312E-84  0.1600E+02
  48.400  0.1312E-84  0.1600E+02
  48.420  0.1312E-84  0.1600E+02
  48.440  0.1312E-84  0.1600E+02
  48.460  0.1312E-84  0.1600E+02
  48.480  0.1312E-84  0.1600E+02
  48.500  0.1312E-84  0.1600E+02
  48.520  0.1312E-84  0.1600E+02
  48.540  0.1312E-84  0.1600E+02
  48.560  0.1312E-84  0.1600E+02
  48.580  0.1312E-84  0.1600E+02
  48.600  0.1312E-84  0.1600E+02
  48.620  0.1312E-84  0.1600E+02
  48.640  0.1312E-84  0.1600E+02
  48.660  0.1312E-84  0.1600E+02
  48.680  0.1312E-84  0.1600E+02
  48.700  0.1312E-84  0.1600E+02
  48.720  0.1312E-84  0.1600E+02
  48.740  0.1312E-84  0.1600E+02
  48.760  0.1312E-84  0.1600E+02
  48.780  0.1312E-84  0.1600E+02
  48.800  0.1312E-84  0.1600E+02
  48.820  0.1312E-84  0.1600E+02
  48.840  0.1312E-84  0.1600E+02
  48.860  0.1312E-84  0.1600E+02
  48.880  0.1312E-84  0.1600E+02
  48.900  0.1312E-84  0.1600E+02
  48.920  0.1312E-84  0.1600E+02
  48.940  0.1312E-84  0.1600E+02
  48.960  0.1312E-84  0.1600E+02
  48.980  0.1312E-84  0.1600E+02
  49.000  0.1312E-84  0.1600E+02
  49.020  0.1312E-84  0.1600E+02
  49.040  0.1312E-84  0.1600E+02
  49.060  0.1312E-84  0.1600E+02
  49.080  0.1312E-84  0.1600E+02
  49.100  0.1312E-84  0.1600E+02
  49.120  0.1312E-84  0.1600E+02
  49.140  0.1312E-84  0.1600E+02
  49.160  0.1312E-84  0.1600E+02
  49.180  0.1312E-84  0.1600E+02
  49.200  0.1312E-84  0.1600E+02
  49.220  0.1312E-84  0.1600E+02
  49.240  0.1312E-84  0.1600E+02
  49.260  0.1312E-84  0.1600E+02
  49.280  0.1312E-84  0.1600E+02
  49.300  0.1312E-84  0.1600E+02
  49.320  0.1312E-84  0.1600E+02
  49.340  0.1312E-84  0.1600E+02
  49.360  0.1312E-84  0.1600E+02
  49.380  0.1312E-84  0.1600E+02
  49.400  0.1312E-84  0.1600E+02
  49.420  0.1312E-84  0.1600E+02
  49.440  0.1312E-84  0.1600E+02
  49.460  0.1312E-84  0.1600E+02
  49.480  0.1312E-84  0.1600E+02
  49.500  0.1312E-84  0.1600E+02
  49.520  0.1312E-84  0.1600E+02
  49.540  0.1312E-84  0.1600E+02
  49.560  0.1312E-84  0.1600E+02
  49.580  0.1312E-84  0.1600E+02
  49.600  0.1312E-84  0.1600E+02
  49.620  0.1312E-84  0.1600E+02
  49.640  0.1312E-84  0.1600E+02
  49.660  0.1312E-84  0.1600E+02
  49.680  0.1312E-84  0.1600E+02
  49.700  0.1312E-84  0.1600E+02
  49.720  0.1312E-84  0.1600E+02
  49.740  0.1312E-84  0.1600E+02
  49.760  0.1312E-84  0.1600E+02
  49.780  0.1312E-84  0.1600E+02
  49.800  0.1312E-84  0.1600E+02
  49.820  0.1312E-84  0.1600E+02
  49.840  0.1312E-84  0.1600E+02
  49.860  0.1312E-84  0.1600E+02
  49.880  0.1312E-84  0.1600E+02
  49.900  0.1312E-84  0.1600E+02
  49.920  0.1312E-84  0.1600E+02
  49.940  0.1312E-84  0.1600E+02
  49.960  0.1312E-84  0.1600E+02
  49.980  0.1312E-84  0.1600E+02
  50.000  0.1312E-84  0.1600E+02
