 -0.7349870000       1.002508605    
 -0.7335170260       1.000444798    
 -0.7320470520       1.006699966    
 -0.7305770780       1.019451432    
 -0.7291071040       1.034298255    
 -0.7276371300       1.046230231    
 -0.7261671560       1.057074189    
 -0.7246971820       1.065982890    
 -0.7232272080       1.074068259    
 -0.7217572340       1.079918047    
 -0.7202872600       1.084584647    
 -0.7188172860       1.088542964    
 -0.7173473120       1.095118376    
 -0.7158773380       1.103217211    
 -0.7144073640       1.112444656    
 -0.7129373900       1.121354101    
 -0.7114674160       1.130948329    
 -0.7099974420       1.140286218    
 -0.7085274680       1.148479205    
 -0.7070574940       1.156388096    
 -0.7055875200       1.164530174    
 -0.7041175460       1.173984187    
 -0.7026475720       1.183832176    
 -0.7011775980       1.194684719    
 -0.6997076240       1.205539870    
 -0.6982376500       1.215395662    
 -0.6967676760       1.224239327    
 -0.6952977020       1.232490337    
 -0.6938277280       1.243428051    
 -0.6923577540       1.255768435    
 -0.6908877800       1.270059266    
 -0.6894178060       1.282141083    
 -0.6879478320       1.294660195    
 -0.6864778580       1.305043981    
 -0.6850078840       1.314704461    
 -0.6835379100       1.320980013    
 -0.6820679360       1.327156610    
 -0.6805979620       1.333418701    
 -0.6791279880       1.341714092    
 -0.6776580140       1.349318462    
 -0.6761880400       1.357656698    
 -0.6747180660       1.363941627    
 -0.6732480920       1.372308276    
 -0.6717781180       1.379064928    
 -0.6703081440       1.388195567    
 -0.6688381700       1.394243482    
 -0.6673681960       1.401980019    
 -0.6658982220       1.409053758    
 -0.6644282480       1.418936180    
 -0.6629582740       1.430050867    
 -0.6614883000       1.440633069    
 -0.6600183260       1.451627701    
 -0.6585483520       1.460567333    
 -0.6570783780       1.472664485    
 -0.6556084040       1.482876675    
 -0.6541384300       1.495452033    
 -0.6526684560       1.503547505    
 -0.6511984820       1.513471064    
 -0.6497285080       1.521533661    
 -0.6482585340       1.533982580    
 -0.6467885600       1.547405305    
 -0.6453185860       1.563019930    
 -0.6438486120       1.578395910    
 -0.6423786380       1.592526119    
 -0.6409086640       1.606569858    
 -0.6394386900       1.618180105    
 -0.6379687160       1.631980826    
 -0.6364987420       1.644625213    
 -0.6350287680       1.658499212    
 -0.6335587940       1.668380885    
 -0.6320888200       1.678035738    
 -0.6306188460       1.689814458    
 -0.6291488720       1.705592860    
 -0.6276788980       1.724233478    
 -0.6262089240       1.741786192    
 -0.6247389500       1.759338240    
 -0.6232689760       1.776396681    
 -0.6217990020       1.795170213    
 -0.6203290280       1.814180277    
 -0.6188590540       1.835530183    
 -0.6173890800       1.857135208    
 -0.6159191060       1.882586171    
 -0.6144491320       1.908589526    
 -0.6129791580       1.939975672    
 -0.6115091840       1.972053046    
 -0.6100392100       2.009453697    
 -0.6085692360       2.050049043    
 -0.6070992620       2.103240755    
 -0.6056292880       2.170359273    
 -0.6041593140       2.248779457    
 -0.6026893400       2.322482576    
 -0.6012193660       2.374081290    
 -0.5997493920       2.401592606    
 -0.5982794180       2.408759516    
 -0.5968094440       2.413820134    
 -0.5953394700       2.414597534    
 -0.5938694960       2.419031960    
 -0.5923995220       2.412986266    
 -0.5909295480       2.405525491    
 -0.5894595740       2.388123827    
 -0.5879896000       2.374915504    
 -0.5865196260       2.358597326    
 -0.5850496520       2.349497375    
 -0.5835796780       2.340677746    
 -0.5821097040       2.341679146    
 -0.5806397300       2.348568847    
 -0.5791697560       2.363847188    
 -0.5776997820       2.374056038    
 -0.5762298080       2.368426376    
 -0.5747598340       2.341863474    
 -0.5732898600       2.299441554    
 -0.5718198860       2.255502381    
 -0.5703499120       2.211703910    
 -0.5688799380       2.176326735    
 -0.5674099640       2.142183909    
 -0.5659399900       2.115906764    
 -0.5644700160       2.088631058    
 -0.5630000420       2.064103539    
 -0.5615300680       2.037816080    
 -0.5600600940       2.013356663    
 -0.5585901200       1.991379996    
 -0.5571201460       1.971715185    
 -0.5556501720       1.955109140    
 -0.5541801980       1.937730159    
 -0.5527102240       1.920050938    
 -0.5512402500       1.900865074    
 -0.5497702760       1.881771974    
 -0.5483003020       1.864686692    
 -0.5468303280       1.847544863    
 -0.5453603540       1.832753119    
 -0.5438903800       1.816219530    
 -0.5424204060       1.802824066    
 -0.5409504320       1.788689815    
 -0.5394804580       1.776918390    
 -0.5380104840       1.763293961    
 -0.5365405100       1.751000328    
 -0.5350705360       1.740283406    
 -0.5336005620       1.732548170    
 -0.5321305880       1.725753913    
 -0.5306606140       1.717864709    
 -0.5291906400       1.708294217    
 -0.5277206660       1.696014754    
 -0.5262506920       1.679292240    
 -0.5247807180       1.659000227    
 -0.5233107440       1.636488580    
 -0.5218407700       1.617196784    
 -0.5203707960       1.599111271    
 -0.5189008220       1.584785307    
 -0.5174308480       1.569823939    
 -0.5159608740       1.558071034    
 -0.5144909000       1.548000454    
 -0.5130209260       1.545407096    
 -0.5115509520       1.552516944    
 -0.5100809780       1.569787677    
 -0.5086110040       1.590271061    
 -0.5071410300       1.604070151    
 -0.5056710560       1.608581739    
 -0.5042010820       1.604773266    
 -0.5027311080       1.588113919    
 -0.5012611340       1.542210505    
 -0.4997911600       1.449398437    
 -0.4983211860       1.315012556    
 -0.4968512120       1.160431524    
 -0.4953812380       1.014967008    
 -0.4939112640      0.8889145838    
 -0.4924412900      0.7834622444    
 -0.4909713160      0.6936772221    
 -0.4895013420      0.6201897713    
 -0.4880313680      0.5640411485    
 -0.4865613940      0.5260854233    
 -0.4850914200      0.5032576570    
 -0.4836214460      0.4908720710    
 -0.4821514720      0.4803642973    
 -0.4806814980      0.4665128418    
 -0.4792115240      0.4482491693    
 -0.4777415500      0.4304741289    
 -0.4762715760      0.4158169651    
 -0.4748016020      0.4064450224    
 -0.4733316280      0.4002513941    
 -0.4718616540      0.4007731673    
 -0.4703916800      0.4059487591    
 -0.4689217060      0.4192154230    
 -0.4674517320      0.4364304595    
 -0.4659817580      0.4599445991    
 -0.4645117840      0.4878495629    
 -0.4630418100      0.5264183170    
 -0.4615718360      0.5776786098    
 -0.4601018620      0.6471321955    
 -0.4586318880      0.7291482666    
 -0.4571619140      0.8237144039    
 -0.4556919400      0.9234350371    
 -0.4542219660       1.032536837    
 -0.4527519920       1.144759708    
 -0.4512820180       1.263721676    
 -0.4498120440       1.384051742    
 -0.4483420700       1.516883336    
 -0.4468720960       1.674497547    
 -0.4454021220       1.885333435    
 -0.4439321480       2.155721868    
 -0.4424621740       2.455968227    
 -0.4409922000       2.711094327    
 -0.4395222260       2.858516846    
 -0.4380522520       2.891187584    
 -0.4365822780       2.858970153    
 -0.4351123040       2.820176187    
 -0.4336423300       2.801819140    
 -0.4321723560       2.806918878    
 -0.4307023820       2.815735935    
 -0.4292324080       2.806243941    
 -0.4277624340       2.745678404    
 -0.4262924600       2.627571233    
 -0.4248224860       2.463958573    
 -0.4233525120       2.286008384    
 -0.4218825380       2.120047836    
 -0.4204125640       1.976509013    
 -0.4189425900       1.866057714    
 -0.4174726160       1.775149275    
 -0.4160026420       1.706645570    
 -0.4145326680       1.640658892    
 -0.4130626940       1.588644108    
 -0.4115927200       1.536600495    
 -0.4101227460       1.495698779    
 -0.4086527720       1.452446424    
 -0.4071827980       1.417462834    
 -0.4057128240       1.381857935    
 -0.4042428500       1.353167232    
 -0.4027728760       1.322582433    
 -0.4013029020       1.295862525    
 -0.3998329280       1.267043393    
 -0.3983629540       1.241702212    
 -0.3968929800       1.216031818    
 -0.3954230060       1.194027079    
 -0.3939530320       1.174875334    
 -0.3924830580       1.157111306    
 -0.3910130840       1.141805695    
 -0.3895431100       1.122817113    
 -0.3880731360       1.107002660    
 -0.3866031620       1.086697196    
 -0.3851331880       1.071334734    
 -0.3836632140       1.050849858    
 -0.3821932400       1.035550881    
 -0.3807232660       1.014405947    
 -0.3792532920      0.9981981250    
 -0.3777833180      0.9762807324    
 -0.3763133440      0.9606315032    
 -0.3748433700      0.9404384141    
 -0.3733733960      0.9263071167    
 -0.3719034220      0.9069286880    
 -0.3704334480      0.8930387881    
 -0.3689634740      0.8745101385    
 -0.3674935000      0.8614090919    
 -0.3660235260      0.8444205352    
 -0.3645535520      0.8316126542    
 -0.3630835780      0.8159051702    
 -0.3616136040      0.8038941645    
 -0.3601436300      0.7919001918    
 -0.3586736560      0.7821857202    
 -0.3572036820      0.7720430627    
 -0.3557337080      0.7615419772    
 -0.3542637340      0.7523663603    
 -0.3527937600      0.7441468295    
 -0.3513237860      0.7394004921    
 -0.3498538120      0.7364263049    
 -0.3483838380      0.7374979406    
 -0.3469138640      0.7391088144    
 -0.3454438900      0.7431338569    
 -0.3439739160      0.7480058874    
 -0.3425039420      0.7571572823    
 -0.3410339680      0.7685381644    
 -0.3395639940      0.7813934006    
 -0.3380940200      0.7929484400    
 -0.3366240460      0.8017310900    
 -0.3351540720      0.8086726652    
 -0.3336840980      0.8130160905    
 -0.3322141240      0.8177284610    
 -0.3307441500      0.8209298383    
 -0.3292741760      0.8254686811    
 -0.3278042020      0.8283847411    
 -0.3263342280      0.8313637521    
 -0.3248642540      0.8314383102    
 -0.3233942800      0.8300999780    
 -0.3219243060      0.8267302255    
 -0.3204543320      0.8231944322    
 -0.3189843580      0.8202760261    
 -0.3175143840      0.8188342612    
 -0.3160444100      0.8179269452    
 -0.3145744360      0.8169721680    
 -0.3131044620      0.8148519182    
 -0.3116344880      0.8125622292    
 -0.3101645140      0.8087815189    
 -0.3086945400      0.8033764200    
 -0.3072245660      0.7959785763    
 -0.3057545920      0.7877128806    
 -0.3042846180      0.7805750975    
 -0.3028146440      0.7739578648    
 -0.3013446700      0.7697782295    
 -0.2998746960      0.7656150811    
 -0.2984047220      0.7630789672    
 -0.2969347480      0.7597110140    
 -0.2954647740      0.7574168194    
 -0.2939948000      0.7549410977    
 -0.2925248260      0.7525290653    
 -0.2910548520      0.7501386322    
 -0.2895848780      0.7469963507    
 -0.2881149040      0.7440335733    
 -0.2866449300      0.7393936778    
 -0.2851749560      0.7345476336    
 -0.2837049820      0.7287839353    
 -0.2822350080      0.7230662175    
 -0.2807650340      0.7173667603    
 -0.2792950600      0.7111857243    
 -0.2778250860      0.7051736226    
 -0.2763551120      0.6977827740    
 -0.2748851380      0.6909897191    
 -0.2734151640      0.6839458749    
 -0.2719451900      0.6788313608    
 -0.2704752160      0.6732329980    
 -0.2690052420      0.6685647305    
 -0.2675352680      0.6635481851    
 -0.2660652940      0.6601863151    
 -0.2645953200      0.6566988944    
 -0.2631253460      0.6528571185    
 -0.2616553720      0.6482009808    
 -0.2601853980      0.6432817455    
 -0.2587154240      0.6386185322    
 -0.2572454500      0.6330271983    
 -0.2557754760      0.6272107654    
 -0.2543055020      0.6220035915    
 -0.2528355280      0.6176530332    
 -0.2513655540      0.6137203285    
 -0.2498955800      0.6084953799    
 -0.2484256060      0.6033512212    
 -0.2469556320      0.5982138997    
 -0.2454856580      0.5932258590    
 -0.2440156840      0.5881135560    
 -0.2425457100      0.5824342001    
 -0.2410757360      0.5779868635    
 -0.2396057620      0.5734517820    
 -0.2381357880      0.5691298131    
 -0.2366658140      0.5639557225    
 -0.2351958400      0.5587045779    
 -0.2337258660      0.5538978649    
 -0.2322558920      0.5481775921    
 -0.2307859180      0.5415885880    
 -0.2293159440      0.5338862814    
 -0.2278459700      0.5269710428    
 -0.2263759960      0.5207022640    
 -0.2249060220      0.5146506807    
 -0.2234360480      0.5078416853    
 -0.2219660740      0.5009324213    
 -0.2204961000      0.4945484378    
 -0.2190261260      0.4890603236    
 -0.2175561520      0.4834278200    
 -0.2160861780      0.4772557158    
 -0.2146162040      0.4709093355    
 -0.2131462300      0.4648113028    
 -0.2116762560      0.4588459164    
 -0.2102062820      0.4529140171    
 -0.2087363080      0.4471259477    
 -0.2072663340      0.4415860893    
 -0.2057963600      0.4360585089    
 -0.2043263860      0.4303685480    
 -0.2028564120      0.4248723378    
 -0.2013864380      0.4188069882    
 -0.1999164640      0.4127523013    
 -0.1984464900      0.4063061741    
 -0.1969765160      0.4010163612    
 -0.1955065420      0.3958114847    
 -0.1940365680      0.3911345960    
 -0.1925665940      0.3855819493    
 -0.1910966200      0.3802326892    
 -0.1896266460      0.3743217198    
 -0.1881566720      0.3688313858    
 -0.1866866980      0.3632700400    
 -0.1852167240      0.3585976285    
 -0.1837467500      0.3535765375    
 -0.1822767760      0.3481209544    
 -0.1808068020      0.3410809364    
 -0.1793368280      0.3334947795    
 -0.1778668540      0.3255862535    
 -0.1763968800      0.3184365520    
 -0.1749269060      0.3119213278    
 -0.1734569320      0.3056930215    
 -0.1719869580      0.2992413846    
 -0.1705169840      0.2925589964    
 -0.1690470100      0.2860112264    
 -0.1675770360      0.2795354096    
 -0.1661070620      0.2730036712    
 -0.1646370880      0.2663343307    
 -0.1631671140      0.2596072198    
 -0.1616971400      0.2531223621    
 -0.1602271660      0.2468169768    
 -0.1587571920      0.2412688960    
 -0.1572872180      0.2360122923    
 -0.1558172440      0.2311979600    
 -0.1543472700      0.2261580974    
 -0.1528772960      0.2213405658    
 -0.1514073220      0.2171303023    
 -0.1499373480      0.2140130693    
 -0.1484673740      0.2122349818    
 -0.1469974000      0.2107600748    
 -0.1455274260      0.2091291413    
 -0.1440574520      0.2060767440    
 -0.1425874780      0.2022313797    
 -0.1411175040      0.1972854258    
 -0.1396475300      0.1921015718    
 -0.1381775560      0.1864736755    
 -0.1367075820      0.1812421640    
 -0.1352376080      0.1765210621    
 -0.1337676340      0.1725591372    
 -0.1322976600      0.1687308157    
 -0.1308276860      0.1650587245    
 -0.1293577120      0.1613782913    
 -0.1278877380      0.1583608832    
 -0.1264177640      0.1556361562    
 -0.1249477900      0.1534414336    
 -0.1234778160      0.1510321639    
 -0.1220078420      0.1485526477    
 -0.1205378680      0.1455865719    
 -0.1190678940      0.1425064952    
 -0.1175979200      0.1394891925    
 -0.1161279460      0.1367632723    
 -0.1146579720      0.1341939987    
 -0.1131879980      0.1314592984    
 -0.1117180240      0.1285610190    
 -0.1102480500      0.1256474351    
 -0.1087780760      0.1228498194    
 -0.1073081020      0.1200009145    
 -0.1058381280      0.1168940528    
 -0.1043681540      0.1134830357    
 -0.1028981800      0.1100340681    
 -0.1014282060      0.1065252402    
 -0.9995823200E-01  0.1031240374    
 -0.9848825800E-01  0.9960624048E-01
 -0.9701828400E-01  0.9637875713E-01
 -0.9554831000E-01  0.9325938753E-01
 -0.9407833600E-01  0.9037241303E-01
 -0.9260836200E-01  0.8733772864E-01
 -0.9113838800E-01  0.8442407704E-01
 -0.8966841400E-01  0.8161366237E-01
 -0.8819844000E-01  0.7910876927E-01
 -0.8672846600E-01  0.7667074433E-01
 -0.8525849200E-01  0.7445340198E-01
 -0.8378851800E-01  0.7232758754E-01
 -0.8231854400E-01  0.7032725336E-01
 -0.8084857000E-01  0.6803398674E-01
 -0.7937859600E-01  0.6549918796E-01
 -0.7790862200E-01  0.6273920370E-01
 -0.7643864800E-01  0.6011752622E-01
 -0.7496867400E-01  0.5759646594E-01
 -0.7349870000E-01  0.5518601167E-01
 -0.7202872600E-01  0.5279846060E-01
 -0.7055875200E-01  0.5050017162E-01
 -0.6908877800E-01  0.4833390703E-01
 -0.6761880400E-01  0.4628442864E-01
 -0.6614883000E-01  0.4435453513E-01
 -0.6467885600E-01  0.4251257868E-01
 -0.6320888200E-01  0.4080661833E-01
 -0.6173890800E-01  0.3927883340E-01
 -0.6026893400E-01  0.3804823864E-01
 -0.5879896000E-01  0.3718605710E-01
 -0.5732898600E-01  0.3653736431E-01
 -0.5585901200E-01  0.3568334929E-01
 -0.5438903800E-01  0.3414378368E-01
 -0.5291906400E-01  0.3188498924E-01
 -0.5144909000E-01  0.2929831809E-01
 -0.4997911600E-01  0.2690843306E-01
 -0.4850914200E-01  0.2489893857E-01
 -0.4703916800E-01  0.2321869836E-01
 -0.4556919400E-01  0.2172390942E-01
 -0.4409922000E-01  0.2034545975E-01
 -0.4262924600E-01  0.1902104126E-01
 -0.4115927200E-01  0.1770246735E-01
 -0.3968929800E-01  0.1638915079E-01
 -0.3821932400E-01  0.1508273634E-01
 -0.3674935000E-01  0.1368187118E-01
 -0.3527937600E-01  0.1198551242E-01
 -0.3380940200E-01  0.9790396253E-02
 -0.3233942800E-01  0.7280412427E-02
 -0.3086945400E-01  0.4838103676E-02
 -0.2939948000E-01  0.2933393868E-02
 -0.2792950600E-01  0.1652228251E-02
 -0.2645953200E-01  0.8964204993E-03
 -0.2498955800E-01  0.4573459560E-03
 -0.2351958400E-01  0.2153505922E-03
 -0.2204961000E-01  0.9100761027E-04
 -0.2057963600E-01  0.3366894873E-04
 -0.1910966200E-01  0.1053788170E-04
 -0.1763968800E-01  0.2601503624E-05
 -0.1616971400E-01  0.4004140119E-06
 -0.1469974000E-01  0.2720871491E-07
 -0.1322976600E-01  0.3158098460E-18
 -0.1175979200E-01   0.000000000    
 -0.1028981800E-01   0.000000000    
 -0.8819844000E-02   0.000000000    
 -0.7349870000E-02   0.000000000    
 -0.5879896000E-02   0.000000000    
 -0.4409922000E-02   0.000000000    
 -0.2939948000E-02   0.000000000    
 -0.1469974000E-02   0.000000000    
  0.4250072516E-16   0.000000000    
  0.1469974000E-02   0.000000000    
  0.2939948000E-02   0.000000000    
  0.4409922000E-02   0.000000000    
  0.5879896000E-02   0.000000000    
  0.7349870000E-02   0.000000000    
  0.8819844000E-02   0.000000000    
  0.1028981800E-01   0.000000000    
  0.1175979200E-01   0.000000000    
  0.1322976600E-01   0.000000000    
  0.1469974000E-01   0.000000000    
  0.1616971400E-01   0.000000000    
  0.1763968800E-01   0.000000000    
  0.1910966200E-01   0.000000000    
  0.2057963600E-01   0.000000000    
  0.2204961000E-01   0.000000000    
  0.2351958400E-01   0.000000000    
  0.2498955800E-01   0.000000000    
  0.2645953200E-01   0.000000000    
  0.2792950600E-01   0.000000000    
  0.2939948000E-01   0.000000000    
  0.3086945400E-01   0.000000000    
  0.3233942800E-01   0.000000000    
  0.3380940200E-01   0.000000000    
  0.3527937600E-01   0.000000000    
  0.3674935000E-01   0.000000000    
  0.3821932400E-01   0.000000000    
  0.3968929800E-01   0.000000000    
  0.4115927200E-01   0.000000000    
  0.4262924600E-01   0.000000000    
  0.4409922000E-01   0.000000000    
  0.4556919400E-01   0.000000000    
  0.4703916800E-01   0.000000000    
  0.4850914200E-01   0.000000000    
  0.4997911600E-01   0.000000000    
  0.5144909000E-01   0.000000000    
  0.5291906400E-01   0.000000000    
  0.5438903800E-01   0.000000000    
  0.5585901200E-01   0.000000000    
  0.5732898600E-01   0.000000000    
  0.5879896000E-01   0.000000000    
  0.6026893400E-01   0.000000000    
  0.6173890800E-01   0.000000000    
  0.6320888200E-01   0.000000000    
  0.6467885600E-01   0.000000000    
  0.6614883000E-01   0.000000000    
  0.6761880400E-01   0.000000000    
  0.6908877800E-01   0.000000000    
  0.7055875200E-01   0.000000000    
  0.7202872600E-01   0.000000000    
  0.7349870000E-01   0.000000000    
  0.7496867400E-01   0.000000000    
  0.7643864800E-01   0.000000000    
  0.7790862200E-01   0.000000000    
  0.7937859600E-01   0.000000000    
  0.8084857000E-01   0.000000000    
  0.8231854400E-01   0.000000000    
  0.8378851800E-01   0.000000000    
  0.8525849200E-01   0.000000000    
  0.8672846600E-01   0.000000000    
  0.8819844000E-01   0.000000000    
  0.8966841400E-01   0.000000000    
  0.9113838800E-01   0.000000000    
  0.9260836200E-01   0.000000000    
  0.9407833600E-01   0.000000000    
  0.9554831000E-01   0.000000000    
  0.9701828400E-01   0.000000000    
  0.9848825800E-01   0.000000000    
  0.9995823200E-01   0.000000000    
  0.1014282060       0.000000000    
  0.1028981800       0.000000000    
  0.1043681540       0.000000000    
  0.1058381280       0.000000000    
  0.1073081020       0.000000000    
  0.1087780760       0.000000000    
  0.1102480500       0.000000000    
  0.1117180240       0.000000000    
  0.1131879980       0.000000000    
  0.1146579720       0.000000000    
  0.1161279460       0.000000000    
  0.1175979200       0.000000000    
  0.1190678940       0.000000000    
  0.1205378680       0.000000000    
  0.1220078420       0.000000000    
  0.1234778160       0.000000000    
  0.1249477900       0.000000000    
  0.1264177640       0.000000000    
  0.1278877380       0.000000000    
  0.1293577120       0.000000000    
  0.1308276860      0.4163173858E-05
  0.1322976600      0.3733373418E-04
  0.1337676340      0.2200808881E-03
  0.1352376080      0.8750075239E-03
  0.1367075820      0.2661595530E-02
  0.1381775560      0.6490952483E-02
  0.1396475300      0.1363568414E-01
  0.1411175040      0.2532822238E-01
  0.1425874780      0.4254959612E-01
  0.1440574520      0.6497578387E-01
  0.1455274260      0.9120215566E-01
  0.1469974000      0.1197244037    
  0.1484673740      0.1496718254    
  0.1499373480      0.1811963108    
  0.1514073220      0.2132942567    
  0.1528772960      0.2457082736    
  0.1543472700      0.2793631807    
  0.1558172440      0.3173105544    
  0.1572872180      0.3605597129    
  0.1587571920      0.4046828559    
  0.1602271660      0.4430147723    
  0.1616971400      0.4705605501    
  0.1631671140      0.4886418251    
  0.1646370880      0.5006029906    
  0.1661070620      0.5109095909    
  0.1675770360      0.5211701462    
  0.1690470100      0.5331439374    
  0.1705169840      0.5458072067    
  0.1719869580      0.5598443493    
  0.1734569320      0.5734695366    
  0.1749269060      0.5867432338    
  0.1763968800      0.5981449047    
  0.1778668540      0.6090177034    
  0.1793368280      0.6202883340    
  0.1808068020      0.6328690217    
  0.1822767760      0.6466858578    
  0.1837467500      0.6614465622    
  0.1852167240      0.6776154411    
  0.1866866980      0.6941751887    
  0.1881566720      0.7105352641    
  0.1896266460      0.7260940577    
  0.1910966200      0.7423552930    
  0.1925665940      0.7622153677    
  0.1940365680      0.7869915044    
  0.1955065420      0.8131869664    
  0.1969765160      0.8314715252    
  0.1984464900      0.8361626058    
  0.1999164640      0.8295084738    
  0.2013864380      0.8215549884    
  0.2028564120      0.8172624833    
  0.2043263860      0.8183502194    
  0.2057963600      0.8207931989    
  0.2072663340      0.8247652457    
  0.2087363080      0.8282464307    
  0.2102062820      0.8327762142    
  0.2116762560      0.8374904478    
  0.2131462300      0.8425019387    
  0.2146162040      0.8471458362    
  0.2160861780      0.8514851914    
  0.2175561520      0.8558662035    
  0.2190261260      0.8596922272    
  0.2204961000      0.8630399265    
  0.2219660740      0.8669230696    
  0.2234360480      0.8714061315    
  0.2249060220      0.8768451285    
  0.2263759960      0.8823751763    
  0.2278459700      0.8885889574    
  0.2293159440      0.8955163113    
  0.2307859180      0.9028520645    
  0.2322558920      0.9102670273    
  0.2337258660      0.9163070453    
  0.2351958400      0.9213471968    
  0.2366658140      0.9263904395    
  0.2381357880      0.9323936018    
  0.2396057620      0.9398279219    
  0.2410757360      0.9469552982    
  0.2425457100      0.9543726205    
  0.2440156840      0.9613412529    
  0.2454856580      0.9693721879    
  0.2469556320      0.9783648459    
  0.2484256060      0.9883359983    
  0.2498955800      0.9984011887    
  0.2513655540       1.008711251    
  0.2528355280       1.020318261    
  0.2543055020       1.035067759    
  0.2557754760       1.052594623    
  0.2572454500       1.072236930    
  0.2587154240       1.092463649    
  0.2601853980       1.113649303    
  0.2616553720       1.137621636    
  0.2631253460       1.166624144    
  0.2645953200       1.204795441    
  0.2660652940       1.253445252    
  0.2675352680       1.310652876    
  0.2690052420       1.367311087    
  0.2704752160       1.415793708    
  0.2719451900       1.454792872    
  0.2734151640       1.491066508    
  0.2748851380       1.530953896    
  0.2763551120       1.574186914    
  0.2778250860       1.613842021    
  0.2792950600       1.639592378    
  0.2807650340       1.639431119    
  0.2822350080       1.599775434    
  0.2837049820       1.510568260    
  0.2851749560       1.376249520    
  0.2866449300       1.218283550    
  0.2881149040       1.068282690    
  0.2895848780      0.9496807578    
  0.2910548520      0.8721974139    
  0.2925248260      0.8314655445    
  0.2939948000      0.8181186789    
  0.2954647740      0.8235141886    
  0.2969347480      0.8427497143    
  0.2984047220      0.8754122962    
  0.2998746960      0.9189063552    
  0.3013446700      0.9709959367    
  0.3028146440       1.028135003    
  0.3042846180       1.091091456    
  0.3057545920       1.159985733    
  0.3072245660       1.233692205    
  0.3086945400       1.309248399    
  0.3101645140       1.383169508    
  0.3116344880       1.453794387    
  0.3131044620       1.522791060    
  0.3145744360       1.597885517    
  0.3160444100       1.685997631    
  0.3175143840       1.780630444    
  0.3189843580       1.859424568    
  0.3204543320       1.899876620    
  0.3219243060       1.900662368    
  0.3233942800       1.878214108    
  0.3248642540       1.848264857    
  0.3263342280       1.805278097    
  0.3278042020       1.740169228    
  0.3292741760       1.654401555    
  0.3307441500       1.574465253    
  0.3322141240       1.524790959    
  0.3336840980       1.507538514    
  0.3351540720       1.510791175    
  0.3366240460       1.515654467    
  0.3380940200       1.523907388    
  0.3395639940       1.533740110    
  0.3410339680       1.547588134    
  0.3425039420       1.561862914    
  0.3439739160       1.577749483    
  0.3454438900       1.596882069    
  0.3469138640       1.623806252    
  0.3483838380       1.654370861    
  0.3498538120       1.685810827    
  0.3513237860       1.707048345    
  0.3527937600       1.709413680    
  0.3542637340       1.691415024    
  0.3557337080       1.652132236    
  0.3572036820       1.604053793    
  0.3586736560       1.552703670    
  0.3601436300       1.506083336    
  0.3616136040       1.463957712    
  0.3630835780       1.425169164    
  0.3645535520       1.390048432    
  0.3660235260       1.360919951    
  0.3674935000       1.336353444    
  0.3689634740       1.316219145    
  0.3704334480       1.297199434    
  0.3719034220       1.281471135    
  0.3733733960       1.267695102    
  0.3748433700       1.256074245    
  0.3763133440       1.245698550    
  0.3777833180       1.238308480    
  0.3792532920       1.233614248    
  0.3807232660       1.227343205    
  0.3821932400       1.216754587    
  0.3836632140       1.200996568    
  0.3851331880       1.185130203    
  0.3866031620       1.169781789    
  0.3880731360       1.153910372    
  0.3895431100       1.133933909    
  0.3910130840       1.111995932    
  0.3924830580       1.089332296    
  0.3939530320       1.071634860    
  0.3954230060       1.056289911    
  0.3968929800       1.045238098    
  0.3983629540       1.034604959    
  0.3998329280       1.026501230    
  0.4013029020       1.018474182    
  0.4027728760       1.012070751    
  0.4042428500       1.005174051    
  0.4057128240      0.9999080652    
  0.4071827980      0.9954261399    
  0.4086527720      0.9922824194    
  0.4101227460      0.9910704167    
  0.4115927200      0.9932956995    
  0.4130626940       1.003315683    
  0.4145326680       1.025136883    
  0.4160026420       1.059104708    
  0.4174726160       1.102565022    
  0.4189425900       1.145086229    
  0.4204125640       1.180138685    
  0.4218825380       1.203134287    
  0.4233525120       1.219111787    
  0.4248224860       1.234001130    
  0.4262924600       1.252639324    
  0.4277624340       1.276847938    
  0.4292324080       1.306492392    
  0.4307023820       1.343814138    
  0.4321723560       1.391284538    
  0.4336423300       1.455091986    
  0.4351123040       1.540052891    
  0.4365822780       1.652133893    
  0.4380522520       1.788315068    
  0.4395222260       1.935895480    
  0.4409922000       2.061393800    
  0.4424621740       2.140814749    
  0.4439321480       2.164030986    
  0.4454021220       2.155331787    
  0.4468720960       2.134656389    
  0.4483420700       2.115342677    
  0.4498120440       2.093456050    
  0.4512820180       2.068973688    
  0.4527519920       2.050104465    
  0.4542219660       2.047169498    
  0.4556919400       2.063835713    
  0.4571619140       2.087075512    
  0.4586318880       2.103403841    
  0.4601018620       2.107322482    
  0.4615718360       2.109498588    
  0.4630418100       2.122114667    
  0.4645117840       2.157887333    
  0.4659817580       2.248311375    
  0.4674517320       2.431391630    
  0.4689217060       2.727723981    
  0.4703916800       3.077198624    
  0.4718616540       3.385400450    
  0.4733316280       3.564338220    
  0.4748016020       3.592595667    
  0.4762715760       3.483331877    
  0.4777415500       3.265902025    
  0.4792115240       2.987994206    
  0.4806814980       2.702776626    
  0.4821514720       2.455457823    
  0.4836214460       2.252002044    
  0.4850914200       2.086232757    
  0.4865613940       1.942430676    
  0.4880313680       1.816118526    
  0.4895013420       1.690814390    
  0.4909713160       1.573071907    
  0.4924412900       1.470253241    
  0.4939112640       1.403722428    
  0.4953812380       1.373149563    
  0.4968512120       1.373268957    
  0.4983211860       1.395968058    
  0.4997911600       1.432724579    
  0.5012611340       1.477875955    
  0.5027311080       1.523841715    
  0.5042010820       1.572035220    
  0.5056710560       1.619822207    
  0.5071410300       1.659017066    
  0.5086110040       1.676255399    
  0.5100809780       1.663170569    
  0.5115509520       1.627631765    
  0.5130209260       1.582472129    
  0.5144909000       1.539689153    
  0.5159608740       1.496160056    
  0.5174308480       1.445575570    
  0.5189008220       1.383925949    
  0.5203707960       1.313767391    
  0.5218407700       1.239229686    
  0.5233107440       1.160388890    
  0.5247807180       1.078396743    
  0.5262506920      0.9938292916    
  0.5277206660      0.9117993744    
  0.5291906400      0.8356884198    
  0.5306606140      0.7701968528    
  0.5321305880      0.7160312035    
  0.5336005620      0.6718604064    
  0.5350705360      0.6325881643    
  0.5365405100      0.5931704463    
  0.5380104840      0.5511898181    
  0.5394804580      0.5078914527    
  0.5409504320      0.4662161517    
  0.5424204060      0.4282302426    
  0.5438903800      0.3941499859    
  0.5453603540      0.3635992665    
  0.5468303280      0.3356072488    
  0.5483003020      0.3096781827    
  0.5497702760      0.2846785974    
  0.5512402500      0.2616517876    
  0.5527102240      0.2393903140    
  0.5541801980      0.2182386762    
  0.5556501720      0.1943528269    
  0.5571201460      0.1703985637    
  0.5585901200      0.1480880907    
  0.5600600940      0.1322393809    
  0.5615300680      0.1213693096    
  0.5630000420      0.1133696691    
  0.5644700160      0.1059896268    
  0.5659399900      0.9878882653E-01
  0.5674099640      0.9203153459E-01
  0.5688799380      0.8550385294E-01
  0.5703499120      0.7910380268E-01
  0.5718198860      0.7289981994E-01
  0.5732898600      0.6676404354E-01
  0.5747598340      0.6101752270E-01
  0.5762298080      0.5548972834E-01
  0.5776997820      0.5053977753E-01
  0.5791697560      0.4536617268E-01
  0.5806397300      0.3950331845E-01
  0.5821097040      0.3212773525E-01
  0.5835796780      0.2417636589E-01
  0.5850496520      0.1673141113E-01
  0.5865196260      0.1104587257E-01
  0.5879896000      0.7085342600E-02
  0.5894595740      0.4491373357E-02
  0.5909295480      0.2725293590E-02
  0.5923995220      0.1559271132E-02
  0.5938694960      0.8131339250E-03
  0.5953394700      0.3802419406E-03
  0.5968094440      0.1476392770E-03
  0.5982794180      0.4702672902E-04
  0.5997493920      0.1028839978E-04
  0.6012193660      0.1792241163E-05
  0.6026893400      0.1007823965E-06
  0.6041593140       0.000000000    
  0.6056292880      0.1830868661E-05
  0.6070992620      0.5492605982E-05
  0.6085692360      0.1893127241E-04
  0.6100392100      0.5536325150E-04
  0.6115091840      0.1471803550E-03
  0.6129791580      0.3217484345E-03
  0.6144491320      0.5811482031E-03
  0.6159191060      0.9080310023E-03
  0.6173890800      0.1293841006E-02
  0.6188590540      0.1785797982E-02
  0.6203290280      0.2415015478E-02
  0.6217990020      0.3171545700E-02
  0.6232689760      0.3995736314E-02
  0.6247389500      0.4858047804E-02
  0.6262089240      0.5795500618E-02
  0.6276788980      0.6839687362E-02
  0.6291488720      0.8020779090E-02
  0.6306188460      0.9262472234E-02
  0.6320888200      0.1055575782E-01
  0.6335587940      0.1183112885E-01
  0.6350287680      0.1320607547E-01
  0.6364987420      0.1467561505E-01
  0.6379687160      0.1638674429E-01
  0.6394386900      0.1830495602E-01
  0.6409086640      0.2054020146E-01
  0.6423786380      0.2312666150E-01
  0.6438486120      0.2609364500E-01
  0.6453185860      0.2925792712E-01
  0.6467885600      0.3225802645E-01
  0.6482585340      0.3481750274E-01
  0.6497285080      0.3694873732E-01
  0.6511984820      0.3883235083E-01
  0.6526684560      0.4071453102E-01
  0.6541384300      0.4258520171E-01
  0.6556084040      0.4448541186E-01
  0.6570783780      0.4631175136E-01
  0.6585483520      0.4815926270E-01
  0.6600183260      0.5002640348E-01
  0.6614883000      0.5197588516E-01
  0.6629582740      0.5392920535E-01
  0.6644282480      0.5587924199E-01
  0.6658982220      0.5787946256E-01
  0.6673681960      0.6014369067E-01
  0.6688381700      0.6268906650E-01
  0.6703081440      0.6527895184E-01
  0.6717781180      0.6736719591E-01
  0.6732480920      0.6874568149E-01
  0.6747180660      0.6953358872E-01
  0.6761880400      0.7021057685E-01
  0.6776580140      0.7090716479E-01
  0.6791279880      0.7168232828E-01
  0.6805979620      0.7244715722E-01
  0.6820679360      0.7329846560E-01
  0.6835379100      0.7431498525E-01
  0.6850078840      0.7528554606E-01
  0.6864778580      0.7620935414E-01
  0.6879478320      0.7708623437E-01
  0.6894178060      0.7857552104E-01
  0.6908877800      0.8125920833E-01
  0.6923577540      0.8570992734E-01
  0.6938277280      0.9227292622E-01
  0.6952977020      0.1010929901    
  0.6967676760      0.1131673400    
  0.6982376500      0.1301878212    
  0.6997076240      0.1515485076    
  0.7011775980      0.1734424838    
  0.7026475720      0.1886900511    
  0.7041175460      0.1962623124    
  0.7055875200      0.1989240235    
  0.7070574940      0.2033258327    
  0.7085274680      0.2107990794    
  0.7099974420      0.2210452199    
  0.7114674160      0.2325842377    
  0.7129373900      0.2454768571    
  0.7144073640      0.2603041981    
  0.7158773380      0.2812083233    
  0.7173473120      0.3197007571    
  0.7188172860      0.3901037408    
  0.7202872600      0.4955950266    
  0.7217572340      0.6168573239    
  0.7232272080      0.7234292840    
  0.7246971820      0.7957122800    
  0.7261671560      0.8364664467    
  0.7276371300      0.8610534042    
  0.7291071040      0.8820939885    
  0.7305770780      0.9061492596    
  0.7320470520      0.9348009870    
  0.7335170260      0.9672046663    

 -0.7349870000      0.3039420713E-01
 -0.7335170260      0.3106708681E-01
 -0.7320470520      0.3199709620E-01
 -0.7305770780      0.3313452528E-01
 -0.7291071040      0.3436126717E-01
 -0.7276371300      0.3550879917E-01
 -0.7261671560      0.3662406967E-01
 -0.7246971820      0.3764840409E-01
 -0.7232272080      0.3862889951E-01
 -0.7217572340      0.3951301117E-01
 -0.7202872600      0.4036409212E-01
 -0.7188172860      0.4120954705E-01
 -0.7173473120      0.4217090099E-01
 -0.7158773380      0.4319390063E-01
 -0.7144073640      0.4426914271E-01
 -0.7129373900      0.4535414299E-01
 -0.7114674160      0.4650860816E-01
 -0.7099974420      0.4765563990E-01
 -0.7085274680      0.4876328713E-01
 -0.7070574940      0.4984696740E-01
 -0.7055875200      0.5095591896E-01
 -0.7041175460      0.5213683197E-01
 -0.7026475720      0.5336050178E-01
 -0.7011775980      0.5464720516E-01
 -0.6997076240      0.5594558749E-01
 -0.6982376500      0.5721033060E-01
 -0.6967676760      0.5843533576E-01
 -0.6952977020      0.5965334700E-01
 -0.6938277280      0.6102143433E-01
 -0.6923577540      0.6249408044E-01
 -0.6908877800      0.6408686251E-01
 -0.6894178060      0.6558458005E-01
 -0.6879478320      0.6711878638E-01
 -0.6864778580      0.6853950954E-01
 -0.6850078840      0.6989717418E-01
 -0.6835379100      0.7104293137E-01
 -0.6820679360      0.7217417746E-01
 -0.6805979620      0.7332577410E-01
 -0.6791279880      0.7462639666E-01
 -0.6776580140      0.7588332027E-01
 -0.6761880400      0.7720382645E-01
 -0.6747180660      0.7836033669E-01
 -0.6732480920      0.7966947215E-01
 -0.6717781180      0.8084125745E-01
 -0.6703081440      0.8220319312E-01
 -0.6688381700      0.8336041704E-01
 -0.6673681960      0.8466706861E-01
 -0.6658982220      0.8590611073E-01
 -0.6644282480      0.8734554892E-01
 -0.6629582740      0.8885402344E-01
 -0.6614883000      0.9037508394E-01
 -0.6600183260      0.9191582271E-01
 -0.6585483520      0.9334325035E-01
 -0.6570783780      0.9494881471E-01
 -0.6556084040      0.9643443453E-01
 -0.6541384300      0.9805746251E-01
 -0.6526684560      0.9940624161E-01
 -0.6511984820      0.1008995003    
 -0.6497285080      0.1022864140    
 -0.6482585340      0.1039678133    
 -0.6467885600      0.1056772306    
 -0.6453185860      0.1075495088    
 -0.6438486120      0.1094025487    
 -0.6423786380      0.1112404071    
 -0.6409086640      0.1130362467    
 -0.6394386900      0.1146804150    
 -0.6379687160      0.1164018912    
 -0.6364987420      0.1180811999    
 -0.6350287680      0.1197807822    
 -0.6335587940      0.1212183030    
 -0.6320888200      0.1225864198    
 -0.6306188460      0.1241226625    
 -0.6291488720      0.1258998454    
 -0.6276788980      0.1278408408    
 -0.6262089240      0.1296936642    
 -0.6247389500      0.1315304338    
 -0.6232689760      0.1333617844    
 -0.6217990020      0.1352658356    
 -0.6203290280      0.1371733404    
 -0.6188590540      0.1391833195    
 -0.6173890800      0.1411687939    
 -0.6159191060      0.1433851333    
 -0.6144491320      0.1455678370    
 -0.6129791580      0.1481185042    
 -0.6115091840      0.1505902712    
 -0.6100392100      0.1533905665    
 -0.6085692360      0.1561824005    
 -0.6070992620      0.1596767379    
 -0.6056292880      0.1638012644    
 -0.6041593140      0.1685742581    
 -0.6026893400      0.1731429364    
 -0.6012193660      0.1766610923    
 -0.5997493920      0.1791523949    
 -0.5982794180      0.1806365411    
 -0.5968094440      0.1822664190    
 -0.5953394700      0.1836146592    
 -0.5938694960      0.1854388073    
 -0.5923995220      0.1865523172    
 -0.5909295480      0.1877668508    
 -0.5894595740      0.1881622232    
 -0.5879896000      0.1888746368    
 -0.5865196260      0.1891548753    
 -0.5850496520      0.1899231743    
 -0.5835796780      0.1905968439    
 -0.5821097040      0.1920739069    
 -0.5806397300      0.1941388148    
 -0.5791697560      0.1970722518    
 -0.5776997820      0.1998246513    
 -0.5762298080      0.2013712421    
 -0.5747598340      0.2012650345    
 -0.5732898600      0.1996673000    
 -0.5718198860      0.1978654415    
 -0.5703499120      0.1958548514    
 -0.5688799380      0.1945978153    
 -0.5674099640      0.1933022878    
 -0.5659399900      0.1926711806    
 -0.5644700160      0.1917734449    
 -0.5630000420      0.1910998056    
 -0.5615300680      0.1902212761    
 -0.5600600940      0.1894659760    
 -0.5585901200      0.1888784757    
 -0.5571201460      0.1884165594    
 -0.5556501720      0.1882628933    
 -0.5541801980      0.1879900704    
 -0.5527102240      0.1877045749    
 -0.5512402500      0.1872132932    
 -0.5497702760      0.1867166666    
 -0.5483003020      0.1864142672    
 -0.5468303280      0.1860667648    
 -0.5453603540      0.1860045087    
 -0.5438903800      0.1856961892    
 -0.5424204060      0.1858093446    
 -0.5409504320      0.1857804586    
 -0.5394804580      0.1860873635    
 -0.5380104840      0.1861177055    
 -0.5365405100      0.1863168111    
 -0.5350705360      0.1866644876    
 -0.5336005620      0.1873636690    
 -0.5321305880      0.1882032118    
 -0.5306606140      0.1888777802    
 -0.5291906400      0.1893447619    
 -0.5277206660      0.1894488822    
 -0.5262506920      0.1890640316    
 -0.5247807180      0.1882777476    
 -0.5233107440      0.1872290063    
 -0.5218407700      0.1865479102    
 -0.5203707960      0.1859954197    
 -0.5189008220      0.1859188272    
 -0.5174308480      0.1858154736    
 -0.5159608740      0.1862113234    
 -0.5144909000      0.1869019812    
 -0.5130209260      0.1886951300    
 -0.5115509520      0.1918611525    
 -0.5100809780      0.1965116160    
 -0.5086110040      0.2014550193    
 -0.5071410300      0.2052325461    
 -0.5056710560      0.2074450471    
 -0.5042010820      0.2086096114    
 -0.5027311080      0.2085746060    
 -0.5012611340      0.2055559525    
 -0.4997911600      0.1973442166    
 -0.4983211860      0.1848091137    
 -0.4968512120      0.1708357731    
 -0.4953812380      0.1596937944    
 -0.4939112640      0.1528683573    
 -0.4924412900      0.1504567415    
 -0.4909713160      0.1508868504    
 -0.4895013420      0.1532003201    
 -0.4880313680      0.1567391573    
 -0.4865613940      0.1622427107    
 -0.4850914200      0.1701163451    
 -0.4836214460      0.1805232977    
 -0.4821514720      0.1908567649    
 -0.4806814980      0.1992645882    
 -0.4792115240      0.2046287244    
 -0.4777415500      0.2087322413    
 -0.4762715760      0.2123033949    
 -0.4748016020      0.2163574846    
 -0.4733316280      0.2200981694    
 -0.4718616540      0.2253054259    
 -0.4703916800      0.2314707255    
 -0.4689217060      0.2404926096    
 -0.4674517320      0.2505091889    
 -0.4659817580      0.2623441098    
 -0.4645117840      0.2746444946    
 -0.4630418100      0.2900656184    
 -0.4615718360      0.3094648800    
 -0.4601018620      0.3346504928    
 -0.4586318880      0.3628233922    
 -0.4571619140      0.3925542698    
 -0.4556919400      0.4211870880    
 -0.4542219660      0.4501223165    
 -0.4527519920      0.4789890598    
 -0.4512820180      0.5094347639    
 -0.4498120440      0.5410134099    
 -0.4483420700      0.5766369185    
 -0.4468720960      0.6202446444    
 -0.4454021220      0.6790645821    
 -0.4439321480      0.7549653664    
 -0.4424621740      0.8386313131    
 -0.4409922000      0.9093127311    
 -0.4395222260      0.9487465209    
 -0.4380522520      0.9554445036    
 -0.4365822780      0.9431622340    
 -0.4351123040      0.9293346020    
 -0.4336423300      0.9216311106    
 -0.4321723560      0.9213461708    
 -0.4307023820      0.9225410672    
 -0.4292324080      0.9189829655    
 -0.4277624340      0.9008538784    
 -0.4262924600      0.8663976583    
 -0.4248224860      0.8194838641    
 -0.4233525120      0.7699416218    
 -0.4218825380      0.7247002064    
 -0.4204125640      0.6861382676    
 -0.4189425900      0.6562439648    
 -0.4174726160      0.6318156405    
 -0.4160026420      0.6132187809    
 -0.4145326680      0.5952033591    
 -0.4130626940      0.5804711460    
 -0.4115927200      0.5660466435    
 -0.4101227460      0.5546468328    
 -0.4086527720      0.5429018705    
 -0.4071827980      0.5329063552    
 -0.4057128240      0.5231622044    
 -0.4042428500      0.5152842617    
 -0.4027728760      0.5074138588    
 -0.4013029020      0.5001282871    
 -0.3998329280      0.4923687152    
 -0.3983629540      0.4855145044    
 -0.3968929800      0.4788829759    
 -0.3954230060      0.4732582030    
 -0.3939530320      0.4683180990    
 -0.3924830580      0.4639190729    
 -0.3910130840      0.4602983312    
 -0.3895431100      0.4559235210    
 -0.3880731360      0.4521868896    
 -0.3866031620      0.4471300266    
 -0.3851331880      0.4431990435    
 -0.3836632140      0.4380512138    
 -0.3821932400      0.4343235974    
 -0.3807232660      0.4289140000    
 -0.3792532920      0.4245287610    
 -0.3777833180      0.4184269980    
 -0.3763133440      0.4141637475    
 -0.3748433700      0.4088639879    
 -0.3733733960      0.4053376714    
 -0.3719034220      0.4002685916    
 -0.3704334480      0.3965436917    
 -0.3689634740      0.3914326014    
 -0.3674935000      0.3878110288    
 -0.3660235260      0.3832572952    
 -0.3645535520      0.3799084984    
 -0.3630835780      0.3757739229    
 -0.3616136040      0.3726736810    
 -0.3601436300      0.3700069847    
 -0.3586736560      0.3685345410    
 -0.3572036820      0.3677854699    
 -0.3557337080      0.3678558786    
 -0.3542637340      0.3704253813    
 -0.3527937600      0.3774493233    
 -0.3513237860      0.3937498805    
 -0.3498538120      0.4217313064    
 -0.3483838380      0.4614425965    
 -0.3469138640      0.5056138270    
 -0.3454438900      0.5502528183    
 -0.3439739160      0.5968655857    
 -0.3425039420      0.6541248048    
 -0.3410339680      0.7244080802    
 -0.3395639940      0.8002890112    
 -0.3380940200      0.8699298741    
 -0.3366240460      0.9254697960    
 -0.3351540720      0.9692797679    
 -0.3336840980       1.004349010    
 -0.3322141240       1.035897717    
 -0.3307441500       1.062932044    
 -0.3292741760       1.089047888    
 -0.3278042020       1.111155873    
 -0.3263342280       1.128572680    
 -0.3248642540       1.133339181    
 -0.3233942800       1.127675091    
 -0.3219243060       1.115449547    
 -0.3204543320       1.106335271    
 -0.3189843580       1.102782237    
 -0.3175143840       1.104698762    
 -0.3160444100       1.109580581    
 -0.3145744360       1.116522004    
 -0.3131044620       1.124620683    
 -0.3116344880       1.132926374    
 -0.3101645140       1.137099147    
 -0.3086945400       1.134303689    
 -0.3072245660       1.124452679    
 -0.3057545920       1.112117065    
 -0.3042846180       1.101343068    
 -0.3028146440       1.092130644    
 -0.3013446700       1.086217079    
 -0.2998746960       1.083335992    
 -0.2984047220       1.086397777    
 -0.2969347480       1.092638646    
 -0.2954647740       1.102929577    
 -0.2939948000       1.115031652    
 -0.2925248260       1.129598688    
 -0.2910548520       1.144188998    
 -0.2895848780       1.158497466    
 -0.2881149040       1.171845607    
 -0.2866449300       1.184919049    
 -0.2851749560       1.197100159    
 -0.2837049820       1.208837705    
 -0.2822350080       1.218966070    
 -0.2807650340       1.229575871    
 -0.2792950600       1.239019617    
 -0.2778250860       1.249384572    
 -0.2763551120       1.258194500    
 -0.2748851380       1.268885082    
 -0.2734151640       1.280902422    
 -0.2719451900       1.297020836    
 -0.2704752160       1.317042201    
 -0.2690052420       1.342825143    
 -0.2675352680       1.375100769    
 -0.2660652940       1.410939518    
 -0.2645953200       1.449109216    
 -0.2631253460       1.486465523    
 -0.2616553720       1.525044524    
 -0.2601853980       1.559864699    
 -0.2587154240       1.588947430    
 -0.2572454500       1.610363755    
 -0.2557754760       1.630723238    
 -0.2543055020       1.658118369    
 -0.2528355280       1.695426222    
 -0.2513655540       1.744171032    
 -0.2498955800       1.803047634    
 -0.2484256060       1.875567558    
 -0.2469556320       1.956577801    
 -0.2454856580       2.030782901    
 -0.2440156840       2.079982428    
 -0.2425457100       2.092727405    
 -0.2410757360       2.077285385    
 -0.2396057620       2.045292830    
 -0.2381357880       2.012574361    
 -0.2366658140       1.986386833    
 -0.2351958400       1.971161556    
 -0.2337258660       1.965319910    
 -0.2322558920       1.963258258    
 -0.2307859180       1.961797581    
 -0.2293159440       1.959270878    
 -0.2278459700       1.958755249    
 -0.2263759960       1.961142277    
 -0.2249060220       1.967264759    
 -0.2234360480       1.972981965    
 -0.2219660740       1.977256341    
 -0.2204961000       1.976157830    
 -0.2190261260       1.973936888    
 -0.2175561520       1.968390972    
 -0.2160861780       1.964209090    
 -0.2146162040       1.959351721    
 -0.2131462300       1.956292967    
 -0.2116762560       1.953251646    
 -0.2102062820       1.950913697    
 -0.2087363080       1.950139556    
 -0.2072663340       1.950939435    
 -0.2057963600       1.952647371    
 -0.2043263860       1.953680620    
 -0.2028564120       1.953501382    
 -0.2013864380       1.951340516    
 -0.1999164640       1.949282496    
 -0.1984464900       1.947638437    
 -0.1969765160       1.948235270    
 -0.1955065420       1.947875987    
 -0.1940365680       1.948228884    
 -0.1925665940       1.948457466    
 -0.1910966200       1.951383021    
 -0.1896266460       1.954648710    
 -0.1881566720       1.959947995    
 -0.1866866980       1.964891499    
 -0.1852167240       1.970481136    
 -0.1837467500       1.972315092    
 -0.1822767760       1.971654590    
 -0.1808068020       1.967386738    
 -0.1793368280       1.962314695    
 -0.1778668540       1.956500400    
 -0.1763968800       1.952042305    
 -0.1749269060       1.949230276    
 -0.1734569320       1.947071749    
 -0.1719869580       1.944121962    
 -0.1705169840       1.939507623    
 -0.1690470100       1.935050336    
 -0.1675770360       1.930068867    
 -0.1661070620       1.924683001    
 -0.1646370880       1.917371555    
 -0.1631671140       1.908916539    
 -0.1616971400       1.901147874    
 -0.1602271660       1.894041675    
 -0.1587571920       1.889762500    
 -0.1572872180       1.885529317    
 -0.1558172440       1.883185075    
 -0.1543472700       1.881503940    
 -0.1528772960       1.884268480    
 -0.1514073220       1.894096497    
 -0.1499373480       1.911919926    
 -0.1484673740       1.936417601    
 -0.1469974000       1.959251846    
 -0.1455274260       1.976168974    
 -0.1440574520       1.981630725    
 -0.1425874780       1.978937989    
 -0.1411175040       1.968280304    
 -0.1396475300       1.952937688    
 -0.1381775560       1.933055686    
 -0.1367075820       1.911994345    
 -0.1352376080       1.890922869    
 -0.1337676340       1.871062234    
 -0.1322976600       1.851060948    
 -0.1308276860       1.838372531    
 -0.1293577120       1.835587028    
 -0.1278877380       1.843429345    
 -0.1264177640       1.839563124    
 -0.1249477900       1.811503764    
 -0.1234778160       1.751072278    
 -0.1220078420       1.673137820    
 -0.1205378680       1.587735318    
 -0.1190678940       1.505809161    
 -0.1175979200       1.432756106    
 -0.1161279460       1.373223405    
 -0.1146579720       1.327046470    
 -0.1131879980       1.289545938    
 -0.1117180240       1.256405111    
 -0.1102480500       1.226029324    
 -0.1087780760       1.198562013    
 -0.1073081020       1.172322403    
 -0.1058381280       1.144009122    
 -0.1043681540       1.110732886    
 -0.1028981800       1.073996541    
 -0.1014282060       1.036452716    
 -0.9995823200E-01   1.002043492    
 -0.9848825800E-01  0.9711789597    
 -0.9701828400E-01  0.9454149276    
 -0.9554831000E-01  0.9230997806    
 -0.9407833600E-01  0.9034460942    
 -0.9260836200E-01  0.8837662231    
 -0.9113838800E-01  0.8647312912    
 -0.8966841400E-01  0.8469130722    
 -0.8819844000E-01  0.8317862432    
 -0.8672846600E-01  0.8184022205    
 -0.8525849200E-01  0.8072936667    
 -0.8378851800E-01  0.7967957775    
 -0.8231854400E-01  0.7854783452    
 -0.8084857000E-01  0.7680962602    
 -0.7937859600E-01  0.7445079717    
 -0.7790862200E-01  0.7166588770    
 -0.7643864800E-01  0.6916735044    
 -0.7496867400E-01  0.6707149342    
 -0.7349870000E-01  0.6529513790    
 -0.7202872600E-01  0.6338819338    
 -0.7055875200E-01  0.6136367363    
 -0.6908877800E-01  0.5930629411    
 -0.6761880400E-01  0.5745274029    
 -0.6614883000E-01  0.5579825135    
 -0.6467885600E-01  0.5436665996    
 -0.6320888200E-01  0.5311808519    
 -0.6173890800E-01  0.5212297509    
 -0.6026893400E-01  0.5148453049    
 -0.5879896000E-01  0.5137591646    
 -0.5732898600E-01  0.5159554952    
 -0.5585901200E-01  0.5146598715    
 -0.5438903800E-01  0.5008959462    
 -0.5291906400E-01  0.4734597230    
 -0.5144909000E-01  0.4387692392    
 -0.4997911600E-01  0.4066373170    
 -0.4850914200E-01  0.3804664061    
 -0.4703916800E-01  0.3598502246    
 -0.4556919400E-01  0.3423561510    
 -0.4409922000E-01  0.3276385021    
 -0.4262924600E-01  0.3151662800    
 -0.4115927200E-01  0.3041116817    
 -0.3968929800E-01  0.2931921191    
 -0.3821932400E-01  0.2815178673    
 -0.3674935000E-01  0.2684451205    
 -0.3527937600E-01  0.2529253614    
 -0.3380940200E-01  0.2329790247    
 -0.3233942800E-01  0.2079978395    
 -0.3086945400E-01  0.1782620827    
 -0.2939948000E-01  0.1459735586    
 -0.2792950600E-01  0.1130672034    
 -0.2645953200E-01  0.8250026146E-01
 -0.2498955800E-01  0.5652574310E-01
 -0.2351958400E-01  0.3652730830E-01
 -0.2204961000E-01  0.2201062851E-01
 -0.2057963600E-01  0.1213413909E-01
 -0.1910966200E-01  0.5805986148E-02
 -0.1763968800E-01  0.2323753673E-02
 -0.1616971400E-01  0.6976124728E-03
 -0.1469974000E-01  0.1449091094E-03
 -0.1322976600E-01  0.1492093606E-04
 -0.1175979200E-01   0.000000000    
 -0.1028981800E-01   0.000000000    
 -0.8819844000E-02   0.000000000    
 -0.7349870000E-02   0.000000000    
 -0.5879896000E-02   0.000000000    
 -0.4409922000E-02   0.000000000    
 -0.2939948000E-02   0.000000000    
 -0.1469974000E-02   0.000000000    
  0.4250072516E-16   0.000000000    
  0.1469974000E-02   0.000000000    
  0.2939948000E-02   0.000000000    
  0.4409922000E-02   0.000000000    
  0.5879896000E-02   0.000000000    
  0.7349870000E-02   0.000000000    
  0.8819844000E-02   0.000000000    
  0.1028981800E-01   0.000000000    
  0.1175979200E-01   0.000000000    
  0.1322976600E-01   0.000000000    
  0.1469974000E-01   0.000000000    
  0.1616971400E-01   0.000000000    
  0.1763968800E-01   0.000000000    
  0.1910966200E-01   0.000000000    
  0.2057963600E-01   0.000000000    
  0.2204961000E-01   0.000000000    
  0.2351958400E-01   0.000000000    
  0.2498955800E-01   0.000000000    
  0.2645953200E-01   0.000000000    
  0.2792950600E-01   0.000000000    
  0.2939948000E-01   0.000000000    
  0.3086945400E-01   0.000000000    
  0.3233942800E-01   0.000000000    
  0.3380940200E-01   0.000000000    
  0.3527937600E-01   0.000000000    
  0.3674935000E-01   0.000000000    
  0.3821932400E-01   0.000000000    
  0.3968929800E-01   0.000000000    
  0.4115927200E-01   0.000000000    
  0.4262924600E-01   0.000000000    
  0.4409922000E-01   0.000000000    
  0.4556919400E-01   0.000000000    
  0.4703916800E-01   0.000000000    
  0.4850914200E-01   0.000000000    
  0.4997911600E-01   0.000000000    
  0.5144909000E-01   0.000000000    
  0.5291906400E-01   0.000000000    
  0.5438903800E-01   0.000000000    
  0.5585901200E-01   0.000000000    
  0.5732898600E-01   0.000000000    
  0.5879896000E-01   0.000000000    
  0.6026893400E-01   0.000000000    
  0.6173890800E-01   0.000000000    
  0.6320888200E-01   0.000000000    
  0.6467885600E-01   0.000000000    
  0.6614883000E-01   0.000000000    
  0.6761880400E-01   0.000000000    
  0.6908877800E-01   0.000000000    
  0.7055875200E-01   0.000000000    
  0.7202872600E-01   0.000000000    
  0.7349870000E-01   0.000000000    
  0.7496867400E-01   0.000000000    
  0.7643864800E-01   0.000000000    
  0.7790862200E-01   0.000000000    
  0.7937859600E-01   0.000000000    
  0.8084857000E-01   0.000000000    
  0.8231854400E-01   0.000000000    
  0.8378851800E-01   0.000000000    
  0.8525849200E-01   0.000000000    
  0.8672846600E-01   0.000000000    
  0.8819844000E-01   0.000000000    
  0.8966841400E-01   0.000000000    
  0.9113838800E-01   0.000000000    
  0.9260836200E-01   0.000000000    
  0.9407833600E-01   0.000000000    
  0.9554831000E-01   0.000000000    
  0.9701828400E-01   0.000000000    
  0.9848825800E-01   0.000000000    
  0.9995823200E-01   0.000000000    
  0.1014282060       0.000000000    
  0.1028981800       0.000000000    
  0.1043681540       0.000000000    
  0.1058381280       0.000000000    
  0.1073081020       0.000000000    
  0.1087780760       0.000000000    
  0.1102480500       0.000000000    
  0.1117180240       0.000000000    
  0.1131879980       0.000000000    
  0.1146579720       0.000000000    
  0.1161279460       0.000000000    
  0.1175979200       0.000000000    
  0.1190678940       0.000000000    
  0.1205378680       0.000000000    
  0.1220078420       0.000000000    
  0.1234778160       0.000000000    
  0.1249477900       0.000000000    
  0.1264177640       0.000000000    
  0.1278877380       0.000000000    
  0.1293577120       0.000000000    
  0.1308276860      0.1527944062E-05
  0.1322976600      0.1381644523E-04
  0.1337676340      0.8105403067E-04
  0.1352376080      0.3121329343E-03
  0.1367075820      0.9207429540E-03
  0.1381775560      0.2189194821E-02
  0.1396475300      0.4500714201E-02
  0.1411175040      0.8242772560E-02
  0.1425874780      0.1375520987E-01
  0.1440574520      0.2108319443E-01
  0.1455274260      0.3001311385E-01
  0.1469974000      0.4045256090E-01
  0.1484673740      0.5234088265E-01
  0.1499373480      0.6575135340E-01
  0.1514073220      0.7989245615E-01
  0.1528772960      0.9421686937E-01
  0.1543472700      0.1083414053    
  0.1558172440      0.1229840154    
  0.1572872180      0.1384052470    
  0.1587571920      0.1540621584    
  0.1602271660      0.1687589294    
  0.1616971400      0.1817963124    
  0.1631671140      0.1938366353    
  0.1646370880      0.2059335284    
  0.1661070620      0.2192880098    
  0.1675770360      0.2336281604    
  0.1690470100      0.2487822188    
  0.1705169840      0.2635099613    
  0.1719869580      0.2778417780    
  0.1734569320      0.2907521884    
  0.1749269060      0.3020483804    
  0.1763968800      0.3114685318    
  0.1778668540      0.3206728496    
  0.1793368280      0.3321221390    
  0.1808068020      0.3475760781    
  0.1822767760      0.3677552932    
  0.1837467500      0.3917162014    
  0.1852167240      0.4184287354    
  0.1866866980      0.4461470081    
  0.1881566720      0.4752541576    
  0.1896266460      0.5064970153    
  0.1910966200      0.5402935007    
  0.1925665940      0.5735764083    
  0.1940365680      0.6035119811    
  0.1955065420      0.6285069452    
  0.1969765160      0.6498256079    
  0.1984464900      0.6685076848    
  0.1999164640      0.6858741671    
  0.2013864380      0.7002300335    
  0.2028564120      0.7090634005    
  0.2043263860      0.7102369457    
  0.2057963600      0.7080808061    
  0.2072663340      0.7080922646    
  0.2087363080      0.7144586252    
  0.2102062820      0.7258695718    
  0.2116762560      0.7409640208    
  0.2131462300      0.7572473784    
  0.2146162040      0.7734191836    
  0.2160861780      0.7877575432    
  0.2175561520      0.8010561192    
  0.2190261260      0.8134434398    
  0.2204961000      0.8249866959    
  0.2219660740      0.8356669931    
  0.2234360480      0.8460690578    
  0.2249060220      0.8573908964    
  0.2263759960      0.8695243243    
  0.2278459700      0.8836126405    
  0.2293159440      0.9012189458    
  0.2307859180      0.9219400028    
  0.2322558920      0.9438279294    
  0.2337258660      0.9614465919    
  0.2351958400      0.9750523920    
  0.2366658140      0.9855731934    
  0.2381357880      0.9977232234    
  0.2396057620       1.012115918    
  0.2410757360       1.028515840    
  0.2425457100       1.046288837    
  0.2440156840       1.064686982    
  0.2454856580       1.084465519    
  0.2469556320       1.105098561    
  0.2484256060       1.127250939    
  0.2498955800       1.150459943    
  0.2513655540       1.175174666    
  0.2528355280       1.201801784    
  0.2543055020       1.231722468    
  0.2557754760       1.265362213    
  0.2572454500       1.302439857    
  0.2587154240       1.342547052    
  0.2601853980       1.386916588    
  0.2616553720       1.436628900    
  0.2631253460       1.492122349    
  0.2645953200       1.554015179    
  0.2660652940       1.625923569    
  0.2675352680       1.707617649    
  0.2690052420       1.794052126    
  0.2704752160       1.876787510    
  0.2719451900       1.956874589    
  0.2734151640       2.042003736    
  0.2748851380       2.140937476    
  0.2763551120       2.249479052    
  0.2778250860       2.351069610    
  0.2792950600       2.419422618    
  0.2807650340       2.429042511    
  0.2822350080       2.362487023    
  0.2837049820       2.215647774    
  0.2851749560       2.005054349    
  0.2866449300       1.762708779    
  0.2881149040       1.527480647    
  0.2895848780       1.328598970    
  0.2910548520       1.180517022    
  0.2925248260       1.087735556    
  0.2939948000       1.043465481    
  0.2954647740       1.040200328    
  0.2969347480       1.064211188    
  0.2984047220       1.110788152    
  0.2998746960       1.170859854    
  0.3013446700       1.241716191    
  0.3028146440       1.316785164    
  0.3042846180       1.398436247    
  0.3057545920       1.489651374    
  0.3072245660       1.590258978    
  0.3086945400       1.689831942    
  0.3101645140       1.766150042    
  0.3116344880       1.806188287    
  0.3131044620       1.811227658    
  0.3145744360       1.807512217    
  0.3160444100       1.813947902    
  0.3175143840       1.833172482    
  0.3189843580       1.838302491    
  0.3204543320       1.808341793    
  0.3219243060       1.743816922    
  0.3233942800       1.671398354    
  0.3248642540       1.616345578    
  0.3263342280       1.584111964    
  0.3278042020       1.568116913    
  0.3292741760       1.558023748    
  0.3307441500       1.554676420    
  0.3322141240       1.557232234    
  0.3336840980       1.568682085    
  0.3351540720       1.586112020    
  0.3366240460       1.610186207    
  0.3380940200       1.639229748    
  0.3395639940       1.672125924    
  0.3410339680       1.706779146    
  0.3425039420       1.740672894    
  0.3439739160       1.774592582    
  0.3454438900       1.810485636    
  0.3469138640       1.852640725    
  0.3483838380       1.901084311    
  0.3498538120       1.946335218    
  0.3513237860       1.979483070    
  0.3527937600       1.988989401    
  0.3542637340       1.979797276    
  0.3557337080       1.950168358    
  0.3572036820       1.911629639    
  0.3586736560       1.865859032    
  0.3601436300       1.822989968    
  0.3616136040       1.780703901    
  0.3630835780       1.741834429    
  0.3645535520       1.704211455    
  0.3660235260       1.673664996    
  0.3674935000       1.646636159    
  0.3689634740       1.625188052    
  0.3704334480       1.604164576    
  0.3719034220       1.588493615    
  0.3733733960       1.575052985    
  0.3748433700       1.563995053    
  0.3763133440       1.550758886    
  0.3777833180       1.532552515    
  0.3792532920       1.504547386    
  0.3807232660       1.457923131    
  0.3821932400       1.392130449    
  0.3836632140       1.315045548    
  0.3851331880       1.243582117    
  0.3866031620       1.185443214    
  0.3880731360       1.139368217    
  0.3895431100       1.098004839    
  0.3910130840       1.060767656    
  0.3924830580       1.027354857    
  0.3939530320       1.001595393    
  0.3954230060      0.9795519182    
  0.3968929800      0.9622564838    
  0.3983629540      0.9458363841    
  0.3998329280      0.9326577639    
  0.4013029020      0.9197985650    
  0.4027728760      0.9086934398    
  0.4042428500      0.8967001631    
  0.4057128240      0.8862828339    
  0.4071827980      0.8763386626    
  0.4086527720      0.8690503517    
  0.4101227460      0.8633907252    
  0.4115927200      0.8618370670    
  0.4130626940      0.8651447194    
  0.4145326680      0.8766262046    
  0.4160026420      0.8952711735    
  0.4174726160      0.9200072344    
  0.4189425900      0.9445547954    
  0.4204125640      0.9648245799    
  0.4218825380      0.9772511333    
  0.4233525120      0.9849990065    
  0.4248224860      0.9914042677    
  0.4262924600       1.001513300    
  0.4277624340       1.015557472    
  0.4292324080       1.035140225    
  0.4307023820       1.059572008    
  0.4321723560       1.092315000    
  0.4336423300       1.136564961    
  0.4351123040       1.197792637    
  0.4365822780       1.279926054    
  0.4380522520       1.380265862    
  0.4395222260       1.491360209    
  0.4409922000       1.589995438    
  0.4424621740       1.663853864    
  0.4439321480       1.703545875    
  0.4454021220       1.725699126    
  0.4468720960       1.738915270    
  0.4483420700       1.750601368    
  0.4498120440       1.755037342    
  0.4512820180       1.752559681    
  0.4527519920       1.750390669    
  0.4542219660       1.759028134    
  0.4556919400       1.782295341    
  0.4571619140       1.808576550    
  0.4586318880       1.824481166    
  0.4601018620       1.822030168    
  0.4615718360       1.811324447    
  0.4630418100       1.801445539    
  0.4645117840       1.801261794    
  0.4659817580       1.808662109    
  0.4674517320       1.826292148    
  0.4689217060       1.851647832    
  0.4703916800       1.886295412    
  0.4718616540       1.924053968    
  0.4733316280       1.961149580    
  0.4748016020       1.986682518    
  0.4762715760       1.993357787    
  0.4777415500       1.972859093    
  0.4792115240       1.929179393    
  0.4806814980       1.872289239    
  0.4821514720       1.816899129    
  0.4836214460       1.772270420    
  0.4850914200       1.741506432    
  0.4865613940       1.725006446    
  0.4880313680       1.720463268    
  0.4895013420       1.723544513    
  0.4909713160       1.733407519    
  0.4924412900       1.753086566    
  0.4939112640       1.789857044    
  0.4953812380       1.849016483    
  0.4968512120       1.933965786    
  0.4983211860       2.045565572    
  0.4997911600       2.174815770    
  0.5012611340       2.311297628    
  0.5027311080       2.445622437    
  0.5042010820       2.580246390    
  0.5056710560       2.711071075    
  0.5071410300       2.826032680    
  0.5086110040       2.905595754    
  0.5100809780       2.940481459    
  0.5115509520       2.943264390    
  0.5130209260       2.932185078    
  0.5144909000       2.920958290    
  0.5159608740       2.899852006    
  0.5174308480       2.856263819    
  0.5189008220       2.785065416    
  0.5203707960       2.692788706    
  0.5218407700       2.588989866    
  0.5233107440       2.476911800    
  0.5247807180       2.363133095    
  0.5262506920       2.253675693    
  0.5277206660       2.155395706    
  0.5291906400       2.069460642    
  0.5306606140       1.994857389    
  0.5321305880       1.932421139    
  0.5336005620       1.878317636    
  0.5350705360       1.827634594    
  0.5365405100       1.769337424    
  0.5380104840       1.701926831    
  0.5394804580       1.628878578    
  0.5409504320       1.559461630    
  0.5424204060       1.498702690    
  0.5438903800       1.446148423    
  0.5453603540       1.402192877    
  0.5468303280       1.363543092    
  0.5483003020       1.332849290    
  0.5497702760       1.303253228    
  0.5512402500       1.286670049    
  0.5527102240       1.263405905    
  0.5541801980       1.225298662    
  0.5556501720       1.124060530    
  0.5571201460      0.9862774407    
  0.5585901200      0.8400197165    
  0.5600600940      0.7460394581    
  0.5615300680      0.6986876589    
  0.5630000420      0.6787568511    
  0.5644700160      0.6635288442    
  0.5659399900      0.6467330347    
  0.5674099640      0.6312601378    
  0.5688799380      0.6150278198    
  0.5703499120      0.5983608241    
  0.5718198860      0.5825344082    
  0.5732898600      0.5668264942    
  0.5747598340      0.5570807756    
  0.5762298080      0.5512966483    
  0.5776997820      0.5511885391    
  0.5791697560      0.5381983000    
  0.5806397300      0.5016189715    
  0.5821097040      0.4304034136    
  0.5835796780      0.3421925425    
  0.5850496520      0.2545228806    
  0.5865196260      0.1853032651    
  0.5879896000      0.1339623789    
  0.5894595740      0.9679388694E-01
  0.5909295480      0.6785560708E-01
  0.5923995220      0.4560052050E-01
  0.5938694960      0.2841537908E-01
  0.5953394700      0.1617954099E-01
  0.5968094440      0.7918970616E-02
  0.5982794180      0.3306114153E-02
  0.5997493920      0.1044087274E-02
  0.6012193660      0.2512197837E-03
  0.6026893400      0.2526247743E-04
  0.6041593140       0.000000000    
  0.6056292880      0.4222336197E-05
  0.6070992620      0.1266700859E-04
  0.6085692360      0.4457091027E-04
  0.6100392100      0.1348023083E-03
  0.6115091840      0.3689997580E-03
  0.6129791580      0.8289705377E-03
  0.6144491320      0.1529236327E-02
  0.6159191060      0.2438501986E-02
  0.6173890800      0.3552742511E-02
  0.6188590540      0.5041092769E-02
  0.6203290280      0.7035250334E-02
  0.6217990020      0.9533788087E-02
  0.6232689760      0.1239042891E-01
  0.6247389500      0.1552684618E-01
  0.6262089240      0.1911991383E-01
  0.6276788980      0.2331259119E-01
  0.6291488720      0.2829534890E-01
  0.6306188460      0.3384318347E-01
  0.6320888200      0.3999670767E-01
  0.6335587940      0.4652094043E-01
  0.6350287680      0.5396368296E-01
  0.6364987420      0.6243171296E-01
  0.6379687160      0.7277243236E-01
  0.6394386900      0.8520013759E-01
  0.6409086640      0.1008376406    
  0.6423786380      0.1209708903    
  0.6438486120      0.1455051203    
  0.6453185860      0.1719353450    
  0.6467885600      0.1951090285    
  0.6482585340      0.2129135310    
  0.6497285080      0.2265949881    
  0.6511984820      0.2399705521    
  0.6526684560      0.2551971278    
  0.6541384300      0.2720202575    
  0.6556084040      0.2899441823    
  0.6570783780      0.3082289782    
  0.6585483520      0.3272686389    
  0.6600183260      0.3468189657    
  0.6614883000      0.3670086826    
  0.6629582740      0.3874572782    
  0.6644282480      0.4085486597    
  0.6658982220      0.4306737185    
  0.6673681960      0.4556464921    
  0.6688381700      0.4829814503    
  0.6703081440      0.5112103720    
  0.6717781180      0.5346881795    
  0.6732480920      0.5511530145    
  0.6747180660      0.5602510712    
  0.6761880400      0.5665266959    
  0.6776580140      0.5720805598    
  0.6791279880      0.5784655623    
  0.6805979620      0.5848307700    
  0.6820679360      0.5916471928    
  0.6835379100      0.5989521863    
  0.6850078840      0.6066026669    
  0.6864778580      0.6140016731    
  0.6879478320      0.6204444849    
  0.6894178060      0.6263333647    
  0.6908877800      0.6323995760    
  0.6923577540      0.6388763252    
  0.6938277280      0.6457004761    
  0.6952977020      0.6519288092    
  0.6967676760      0.6578354179    
  0.6982376500      0.6633773356    
  0.6997076240      0.6690328282    
  0.7011775980      0.6745932235    
  0.7026475720      0.6797665433    
  0.7041175460      0.6853040369    
  0.7055875200      0.6912430077    
  0.7070574940      0.6989657093    
  0.7085274680      0.7070978365    
  0.7099974420      0.7163765463    
  0.7114674160      0.7254591076    
  0.7129373900      0.7362267400    
  0.7144073640      0.7486497083    
  0.7158773380      0.7642648150    
  0.7173473120      0.7833063334    
  0.7188172860      0.8079797220    
  0.7202872600      0.8389383436    
  0.7217572340      0.8750522642    
  0.7232272080      0.9108044792    
  0.7246971820      0.9426675363    
  0.7261671560      0.9701803716    
  0.7276371300      0.9979156441    
  0.7291071040       1.029258874    
  0.7305770780       1.066198328    
  0.7320470520       1.108348416    
  0.7335170260       1.153908106    

 -0.7349870000      0.3111617301E-01
 -0.7335170260      0.3167101090E-01
 -0.7320470520      0.3250707730E-01
 -0.7305770780      0.3356503667E-01
 -0.7291071040      0.3470124623E-01
 -0.7276371300      0.3575832551E-01
 -0.7261671560      0.3680209751E-01
 -0.7246971820      0.3782806415E-01
 -0.7232272080      0.3886359336E-01
 -0.7217572340      0.3984987082E-01
 -0.7202872600      0.4079442235E-01
 -0.7188172860      0.4170511406E-01
 -0.7173473120      0.4271646505E-01
 -0.7158773380      0.4379712909E-01
 -0.7144073640      0.4493113349E-01
 -0.7129373900      0.4605896158E-01
 -0.7114674160      0.4719445386E-01
 -0.7099974420      0.4833303523E-01
 -0.7085274680      0.4943239690E-01
 -0.7070574940      0.5055722878E-01
 -0.7055875200      0.5169609621E-01
 -0.7041175460      0.5290111069E-01
 -0.7026475720      0.5412441853E-01
 -0.7011775980      0.5540293082E-01
 -0.6997076240      0.5669351363E-01
 -0.6982376500      0.5794237094E-01
 -0.6967676760      0.5915378774E-01
 -0.6952977020      0.6033546986E-01
 -0.6938277280      0.6165778652E-01
 -0.6923577540      0.6304232504E-01
 -0.6908877800      0.6453223210E-01
 -0.6894178060      0.6592599892E-01
 -0.6879478320      0.6735828905E-01
 -0.6864778580      0.6870464577E-01
 -0.6850078840      0.7003987310E-01
 -0.6835379100      0.7124184156E-01
 -0.6820679360      0.7245928809E-01
 -0.6805979620      0.7368190594E-01
 -0.6791279880      0.7498950784E-01
 -0.6776580140      0.7627330544E-01
 -0.6761880400      0.7758097061E-01
 -0.6747180660      0.7882400047E-01
 -0.6732480920      0.8016666118E-01
 -0.6717781180      0.8147148730E-01
 -0.6703081440      0.8286916716E-01
 -0.6688381700      0.8411105618E-01
 -0.6673681960      0.8540630007E-01
 -0.6658982220      0.8669878194E-01
 -0.6644282480      0.8813110195E-01
 -0.6629582740      0.8966244018E-01
 -0.6614883000      0.9112641937E-01
 -0.6600183260      0.9264096670E-01
 -0.6585483520      0.9401564837E-01
 -0.6570783780      0.9562176726E-01
 -0.6556084040      0.9709695681E-01
 -0.6541384300      0.9874028059E-01
 -0.6526684560      0.1000750841    
 -0.6511984820      0.1015319853    
 -0.6497285080      0.1028641674    
 -0.6482585340      0.1044785575    
 -0.6467885600      0.1061819049    
 -0.6453185860      0.1080084494    
 -0.6438486120      0.1098629281    
 -0.6423786380      0.1115744765    
 -0.6409086640      0.1133426306    
 -0.6394386900      0.1148810786    
 -0.6379687160      0.1166314183    
 -0.6364987420      0.1182100859    
 -0.6350287680      0.1199346610    
 -0.6335587940      0.1213492329    
 -0.6320888200      0.1227905729    
 -0.6306188460      0.1243413238    
 -0.6291488720      0.1261707774    
 -0.6276788980      0.1282233521    
 -0.6262089240      0.1301742547    
 -0.6247389500      0.1321022417    
 -0.6232689760      0.1339290382    
 -0.6217990020      0.1358842219    
 -0.6203290280      0.1378297507    
 -0.6188590540      0.1399304913    
 -0.6173890800      0.1420087233    
 -0.6159191060      0.1443555647    
 -0.6144491320      0.1467140110    
 -0.6129791580      0.1494027615    
 -0.6115091840      0.1520725665    
 -0.6100392100      0.1550460462    
 -0.6085692360      0.1581935983    
 -0.6070992620      0.1620949684    
 -0.6056292880      0.1668610214    
 -0.6041593140      0.1722869133    
 -0.6026893400      0.1774518655    
 -0.6012193660      0.1811821317    
 -0.5997493920      0.1834308839    
 -0.5982794180      0.1843245941    
 -0.5968094440      0.1850493558    
 -0.5953394700      0.1854179158    
 -0.5938694960      0.1860220640    
 -0.5923995220      0.1861802097    
 -0.5909295480      0.1866189341    
 -0.5894595740      0.1868458608    
 -0.5879896000      0.1874998527    
 -0.5865196260      0.1879070347    
 -0.5850496520      0.1886351543    
 -0.5835796780      0.1893245308    
 -0.5821097040      0.1906688496    
 -0.5806397300      0.1924900102    
 -0.5791697560      0.1949852203    
 -0.5776997820      0.1973427540    
 -0.5762298080      0.1987081994    
 -0.5747598340      0.1986307707    
 -0.5732898600      0.1972541236    
 -0.5718198860      0.1956458024    
 -0.5703499120      0.1939356326    
 -0.5688799380      0.1928494618    
 -0.5674099640      0.1918151159    
 -0.5659399900      0.1913164149    
 -0.5644700160      0.1906253770    
 -0.5630000420      0.1900028328    
 -0.5615300680      0.1891756490    
 -0.5600600940      0.1884164236    
 -0.5585901200      0.1879208114    
 -0.5571201460      0.1875729280    
 -0.5556501720      0.1875362196    
 -0.5541801980      0.1873273977    
 -0.5527102240      0.1870752531    
 -0.5512402500      0.1866045766    
 -0.5497702760      0.1861176873    
 -0.5483003020      0.1858035770    
 -0.5468303280      0.1854412303    
 -0.5453603540      0.1853241436    
 -0.5438903800      0.1849886707    
 -0.5424204060      0.1849542260    
 -0.5409504320      0.1848089979    
 -0.5394804580      0.1848705670    
 -0.5380104840      0.1847886791    
 -0.5365405100      0.1847553079    
 -0.5350705360      0.1848979435    
 -0.5336005620      0.1852382565    
 -0.5321305880      0.1858300573    
 -0.5306606140      0.1863633166    
 -0.5291906400      0.1868846455    
 -0.5277206660      0.1871401113    
 -0.5262506920      0.1869826583    
 -0.5247807180      0.1864779916    
 -0.5233107440      0.1857220471    
 -0.5218407700      0.1853298722    
 -0.5203707960      0.1849901540    
 -0.5189008220      0.1850701309    
 -0.5174308480      0.1850358840    
 -0.5159608740      0.1854826818    
 -0.5144909000      0.1862168655    
 -0.5130209260      0.1880529895    
 -0.5115509520      0.1912270261    
 -0.5100809780      0.1958179753    
 -0.5086110040      0.2006659873    
 -0.5071410300      0.2043000429    
 -0.5056710560      0.2062818661    
 -0.5042010820      0.2070221531    
 -0.5027311080      0.2063205062    
 -0.5012611340      0.2023762506    
 -0.4997911600      0.1929501910    
 -0.4983211860      0.1787252026    
 -0.4968512120      0.1623694860    
 -0.4953812380      0.1479652468    
 -0.4939112640      0.1371280913    
 -0.4924412900      0.1305035401    
 -0.4909713160      0.1274650965    
 -0.4895013420      0.1280097080    
 -0.4880313680      0.1319035612    
 -0.4865613940      0.1399000104    
 -0.4850914200      0.1519792308    
 -0.4836214460      0.1674075252    
 -0.4821514720      0.1823000744    
 -0.4806814980      0.1936510817    
 -0.4792115240      0.2005594036    
 -0.4777415500      0.2051631553    
 -0.4762715760      0.2088380750    
 -0.4748016020      0.2122244079    
 -0.4733316280      0.2149516049    
 -0.4718616540      0.2189949867    
 -0.4703916800      0.2241300073    
 -0.4689217060      0.2319483666    
 -0.4674517320      0.2405305501    
 -0.4659817580      0.2510458115    
 -0.4645117840      0.2625065298    
 -0.4630418100      0.2779340738    
 -0.4615718360      0.2981783246    
 -0.4601018620      0.3253041044    
 -0.4586318880      0.3558645271    
 -0.4571619140      0.3879740080    
 -0.4556919400      0.4176043138    
 -0.4542219660      0.4460195513    
 -0.4527519920      0.4726863472    
 -0.4512820180      0.5001244756    
 -0.4498120440      0.5278910216    
 -0.4483420700      0.5588498740    
 -0.4468720960      0.5960060683    
 -0.4454021220      0.6461402780    
 -0.4439321480      0.7111558214    
 -0.4424621740      0.7849473237    
 -0.4409922000      0.8513720857    
 -0.4395222260      0.8969010635    
 -0.4380522520      0.9194501120    
 -0.4365822780      0.9284634176    
 -0.4351123040      0.9351384368    
 -0.4336423300      0.9443197070    
 -0.4321723560      0.9571491911    
 -0.4307023820      0.9681356681    
 -0.4292324080      0.9701331271    
 -0.4277624340      0.9519229139    
 -0.4262924600      0.9126917349    
 -0.4248224860      0.8586584405    
 -0.4233525120      0.8021906529    
 -0.4218825380      0.7511738448    
 -0.4204125640      0.7082039481    
 -0.4189425900      0.6752023197    
 -0.4174726160      0.6486075708    
 -0.4160026420      0.6281329591    
 -0.4145326680      0.6084225864    
 -0.4130626940      0.5920752982    
 -0.4115927200      0.5764851714    
 -0.4101227460      0.5641462387    
 -0.4086527720      0.5517607834    
 -0.4071827980      0.5412353493    
 -0.4057128240      0.5307201666    
 -0.4042428500      0.5219375970    
 -0.4027728760      0.5131947463    
 -0.4013029020      0.5056075681    
 -0.3998329280      0.4976927395    
 -0.3983629540      0.4904380207    
 -0.3968929800      0.4829744691    
 -0.3954230060      0.4766049178    
 -0.3939530320      0.4712884420    
 -0.3924830580      0.4666890878    
 -0.3910130840      0.4627087439    
 -0.3895431100      0.4578742606    
 -0.3880731360      0.4538123589    
 -0.3866031620      0.4485911795    
 -0.3851331880      0.4445280074    
 -0.3836632140      0.4392397955    
 -0.3821932400      0.4354920289    
 -0.3807232660      0.4302802787    
 -0.3792532920      0.4262109749    
 -0.3777833180      0.4204427108    
 -0.3763133440      0.4162683914    
 -0.3748433700      0.4108200025    
 -0.3733733960      0.4070287241    
 -0.3719034220      0.4017875775    
 -0.3704334480      0.3981748527    
 -0.3689634740      0.3932365414    
 -0.3674935000      0.3899984938    
 -0.3660235260      0.3856122020    
 -0.3645535520      0.3823890952    
 -0.3630835780      0.3780042477    
 -0.3616136040      0.3748058655    
 -0.3601436300      0.3719800890    
 -0.3586736560      0.3704728943    
 -0.3572036820      0.3694633099    
 -0.3557337080      0.3693111505    
 -0.3542637340      0.3715675510    
 -0.3527937600      0.3778598926    
 -0.3513237860      0.3921704800    
 -0.3498538120      0.4164775876    
 -0.3483838380      0.4515979103    
 -0.3469138640      0.4920834266    
 -0.3454438900      0.5351134296    
 -0.3439739160      0.5815409743    
 -0.3425039420      0.6382614650    
 -0.3410339680      0.7070263098    
 -0.3395639940      0.7817184750    
 -0.3380940200      0.8522559980    
 -0.3366240460      0.9113875015    
 -0.3351540720      0.9606142470    
 -0.3336840980       1.002047673    
 -0.3322141240       1.040462674    
 -0.3307441500       1.075006083    
 -0.3292741760       1.109831130    
 -0.3278042020       1.141207421    
 -0.3263342280       1.166802993    
 -0.3248642540       1.174941065    
 -0.3233942800       1.167074459    
 -0.3219243060       1.148749745    
 -0.3204543320       1.133358252    
 -0.3189843580       1.125503322    
 -0.3175143840       1.124345419    
 -0.3160444100       1.127328097    
 -0.3145744360       1.132060571    
 -0.3131044620       1.138301859    
 -0.3116344880       1.143943354    
 -0.3101645140       1.145519375    
 -0.3086945400       1.140500275    
 -0.3072245660       1.129840735    
 -0.3057545920       1.117995330    
 -0.3042846180       1.108395229    
 -0.3028146440       1.100201263    
 -0.3013446700       1.094678885    
 -0.2998746960       1.091511008    
 -0.2984047220       1.093681552    
 -0.2969347480       1.098576027    
 -0.2954647740       1.106974742    
 -0.2939948000       1.117102530    
 -0.2925248260       1.129647779    
 -0.2910548520       1.142685882    
 -0.2895848780       1.155395852    
 -0.2881149040       1.167679857    
 -0.2866449300       1.179838905    
 -0.2851749560       1.191790955    
 -0.2837049820       1.203287192    
 -0.2822350080       1.213557828    
 -0.2807650340       1.224298979    
 -0.2792950600       1.234470583    
 -0.2778250860       1.245633985    
 -0.2763551120       1.255754971    
 -0.2748851380       1.267170258    
 -0.2734151640       1.280066037    
 -0.2719451900       1.296371170    
 -0.2704752160       1.317259519    
 -0.2690052420       1.343784965    
 -0.2675352680       1.377103856    
 -0.2660652940       1.413540995    
 -0.2645953200       1.451442109    
 -0.2631253460       1.488254760    
 -0.2616553720       1.525654184    
 -0.2601853980       1.560187359    
 -0.2587154240       1.589000968    
 -0.2572454500       1.610139424    
 -0.2557754760       1.628992054    
 -0.2543055020       1.654223123    
 -0.2528355280       1.689987421    
 -0.2513655540       1.738697537    
 -0.2498955800       1.798227433    
 -0.2484256060       1.870539504    
 -0.2469556320       1.949648928    
 -0.2454856580       2.022614574    
 -0.2440156840       2.073494055    
 -0.2425457100       2.091505934    
 -0.2410757360       2.081332467    
 -0.2396057620       2.051489245    
 -0.2381357880       2.016725484    
 -0.2366658140       1.986721207    
 -0.2351958400       1.967468143    
 -0.2337258660       1.958772383    
 -0.2322558920       1.954383975    
 -0.2307859180       1.951891373    
 -0.2293159440       1.948421528    
 -0.2278459700       1.947583786    
 -0.2263759960       1.950066240    
 -0.2249060220       1.959115372    
 -0.2234360480       1.970170222    
 -0.2219660740       1.981140186    
 -0.2204961000       1.985046975    
 -0.2190261260       1.985980732    
 -0.2175561520       1.981533355    
 -0.2160861780       1.977171177    
 -0.2146162040       1.969833192    
 -0.2131462300       1.963517897    
 -0.2116762560       1.957287426    
 -0.2102062820       1.953812594    
 -0.2087363080       1.952962901    
 -0.2072663340       1.954203190    
 -0.2057963600       1.956155006    
 -0.2043263860       1.957255915    
 -0.2028564120       1.957312570    
 -0.2013864380       1.955079734    
 -0.1999164640       1.952834111    
 -0.1984464900       1.950615815    
 -0.1969765160       1.950662941    
 -0.1955065420       1.949891868    
 -0.1940365680       1.950053981    
 -0.1925665940       1.950462809    
 -0.1910966200       1.953891513    
 -0.1896266460       1.958539886    
 -0.1881566720       1.966516780    
 -0.1866866980       1.975058052    
 -0.1852167240       1.984009132    
 -0.1837467500       1.987596263    
 -0.1822767760       1.987809270    
 -0.1808068020       1.984201877    
 -0.1793368280       1.980409753    
 -0.1778668540       1.975685354    
 -0.1763968800       1.972042580    
 -0.1749269060       1.969797606    
 -0.1734569320       1.968445249    
 -0.1719869580       1.966723437    
 -0.1705169840       1.963284892    
 -0.1690470100       1.959656380    
 -0.1675770360       1.954924250    
 -0.1661070620       1.949462349    
 -0.1646370880       1.942115642    
 -0.1631671140       1.933329200    
 -0.1616971400       1.925302186    
 -0.1602271660       1.917686167    
 -0.1587571920       1.913131417    
 -0.1572872180       1.908794315    
 -0.1558172440       1.906495729    
 -0.1543472700       1.905184499    
 -0.1528772960       1.908036167    
 -0.1514073220       1.917758312    
 -0.1499373480       1.934152945    
 -0.1484673740       1.956706109    
 -0.1469974000       1.978198911    
 -0.1455274260       1.997804408    
 -0.1440574520       2.010115550    
 -0.1425874780       2.017064263    
 -0.1411175040       2.014439481    
 -0.1396475300       2.003621581    
 -0.1381775560       1.984048004    
 -0.1367075820       1.960150452    
 -0.1352376080       1.934498989    
 -0.1337676340       1.909117696    
 -0.1322976600       1.882928898    
 -0.1308276860       1.862171481    
 -0.1293577120       1.848597650    
 -0.1278877380       1.843420828    
 -0.1264177640       1.826500697    
 -0.1249477900       1.787867923    
 -0.1234778160       1.721005871    
 -0.1220078420       1.640491923    
 -0.1205378680       1.555462583    
 -0.1190678940       1.474512428    
 -0.1175979200       1.402167566    
 -0.1161279460       1.342471189    
 -0.1146579720       1.296719214    
 -0.1131879980       1.261196521    
 -0.1117180240       1.232064112    
 -0.1102480500       1.207358414    
 -0.1087780760       1.186219776    
 -0.1073081020       1.166391084    
 -0.1058381280       1.143053542    
 -0.1043681540       1.112102326    
 -0.1028981800       1.073715183    
 -0.1014282060       1.031412021    
 -0.9995823200E-01  0.9910132408    
 -0.9848825800E-01  0.9551685623    
 -0.9701828400E-01  0.9262128011    
 -0.9554831000E-01  0.9022875728    
 -0.9407833600E-01  0.8821583107    
 -0.9260836200E-01  0.8627116902    
 -0.9113838800E-01  0.8445082935    
 -0.8966841400E-01  0.8280214880    
 -0.8819844000E-01  0.8149324564    
 -0.8672846600E-01  0.8047916716    
 -0.8525849200E-01  0.7990358730    
 -0.8378851800E-01  0.7963024940    
 -0.8231854400E-01  0.7932006889    
 -0.8084857000E-01  0.7802817305    
 -0.7937859600E-01  0.7544208581    
 -0.7790862200E-01  0.7189766481    
 -0.7643864800E-01  0.6856351741    
 -0.7496867400E-01  0.6589704065    
 -0.7349870000E-01  0.6383373805    
 -0.7202872600E-01  0.6176015842    
 -0.7055875200E-01  0.5963060052    
 -0.6908877800E-01  0.5749962445    
 -0.6761880400E-01  0.5565779557    
 -0.6614883000E-01  0.5405192903    
 -0.6467885600E-01  0.5272239185    
 -0.6320888200E-01  0.5160775987    
 -0.6173890800E-01  0.5082393449    
 -0.6026893400E-01  0.5051994399    
 -0.5879896000E-01  0.5098600498    
 -0.5732898600E-01  0.5193958347    
 -0.5585901200E-01  0.5245334076    
 -0.5438903800E-01  0.5107242947    
 -0.5291906400E-01  0.4757922897    
 -0.5144909000E-01  0.4289266612    
 -0.4997911600E-01  0.3866916325    
 -0.4850914200E-01  0.3551788258    
 -0.4703916800E-01  0.3333282504    
 -0.4556919400E-01  0.3165072222    
 -0.4409922000E-01  0.3032342524    
 -0.4262924600E-01  0.2930486144    
 -0.4115927200E-01  0.2846833018    
 -0.3968929800E-01  0.2762901118    
 -0.3821932400E-01  0.2659656015    
 -0.3674935000E-01  0.2522060982    
 -0.3527937600E-01  0.2334561074    
 -0.3380940200E-01  0.2074783309    
 -0.3233942800E-01  0.1749374064    
 -0.3086945400E-01  0.1382041501    
 -0.2939948000E-01  0.1029771671    
 -0.2792950600E-01  0.7251589452E-01
 -0.2645953200E-01  0.4922533178E-01
 -0.2498955800E-01  0.3221338864E-01
 -0.2351958400E-01  0.2048857286E-01
 -0.2204961000E-01  0.1228258934E-01
 -0.2057963600E-01  0.6790841387E-02
 -0.1910966200E-01  0.3278726163E-02
 -0.1763968800E-01  0.1335528429E-02
 -0.1616971400E-01  0.4167095862E-03
 -0.1469974000E-01  0.8581931999E-04
 -0.1322976600E-01  0.1000277170E-04
 -0.1175979200E-01   0.000000000    
 -0.1028981800E-01   0.000000000    
 -0.8819844000E-02   0.000000000    
 -0.7349870000E-02   0.000000000    
 -0.5879896000E-02   0.000000000    
 -0.4409922000E-02   0.000000000    
 -0.2939948000E-02   0.000000000    
 -0.1469974000E-02   0.000000000    
  0.4250072516E-16   0.000000000    
  0.1469974000E-02   0.000000000    
  0.2939948000E-02   0.000000000    
  0.4409922000E-02   0.000000000    
  0.5879896000E-02   0.000000000    
  0.7349870000E-02   0.000000000    
  0.8819844000E-02   0.000000000    
  0.1028981800E-01   0.000000000    
  0.1175979200E-01   0.000000000    
  0.1322976600E-01   0.000000000    
  0.1469974000E-01   0.000000000    
  0.1616971400E-01   0.000000000    
  0.1763968800E-01   0.000000000    
  0.1910966200E-01   0.000000000    
  0.2057963600E-01   0.000000000    
  0.2204961000E-01   0.000000000    
  0.2351958400E-01   0.000000000    
  0.2498955800E-01   0.000000000    
  0.2645953200E-01   0.000000000    
  0.2792950600E-01   0.000000000    
  0.2939948000E-01   0.000000000    
  0.3086945400E-01   0.000000000    
  0.3233942800E-01   0.000000000    
  0.3380940200E-01   0.000000000    
  0.3527937600E-01   0.000000000    
  0.3674935000E-01   0.000000000    
  0.3821932400E-01   0.000000000    
  0.3968929800E-01   0.000000000    
  0.4115927200E-01   0.000000000    
  0.4262924600E-01   0.000000000    
  0.4409922000E-01   0.000000000    
  0.4556919400E-01   0.000000000    
  0.4703916800E-01   0.000000000    
  0.4850914200E-01   0.000000000    
  0.4997911600E-01   0.000000000    
  0.5144909000E-01   0.000000000    
  0.5291906400E-01   0.000000000    
  0.5438903800E-01   0.000000000    
  0.5585901200E-01   0.000000000    
  0.5732898600E-01   0.000000000    
  0.5879896000E-01   0.000000000    
  0.6026893400E-01   0.000000000    
  0.6173890800E-01   0.000000000    
  0.6320888200E-01   0.000000000    
  0.6467885600E-01   0.000000000    
  0.6614883000E-01   0.000000000    
  0.6761880400E-01   0.000000000    
  0.6908877800E-01   0.000000000    
  0.7055875200E-01   0.000000000    
  0.7202872600E-01   0.000000000    
  0.7349870000E-01   0.000000000    
  0.7496867400E-01   0.000000000    
  0.7643864800E-01   0.000000000    
  0.7790862200E-01   0.000000000    
  0.7937859600E-01   0.000000000    
  0.8084857000E-01   0.000000000    
  0.8231854400E-01   0.000000000    
  0.8378851800E-01   0.000000000    
  0.8525849200E-01   0.000000000    
  0.8672846600E-01   0.000000000    
  0.8819844000E-01   0.000000000    
  0.8966841400E-01   0.000000000    
  0.9113838800E-01   0.000000000    
  0.9260836200E-01   0.000000000    
  0.9407833600E-01   0.000000000    
  0.9554831000E-01   0.000000000    
  0.9701828400E-01   0.000000000    
  0.9848825800E-01   0.000000000    
  0.9995823200E-01   0.000000000    
  0.1014282060       0.000000000    
  0.1028981800       0.000000000    
  0.1043681540       0.000000000    
  0.1058381280       0.000000000    
  0.1073081020       0.000000000    
  0.1087780760       0.000000000    
  0.1102480500       0.000000000    
  0.1117180240       0.000000000    
  0.1131879980       0.000000000    
  0.1146579720       0.000000000    
  0.1161279460       0.000000000    
  0.1175979200       0.000000000    
  0.1190678940       0.000000000    
  0.1205378680       0.000000000    
  0.1220078420       0.000000000    
  0.1234778160       0.000000000    
  0.1249477900       0.000000000    
  0.1264177640       0.000000000    
  0.1278877380       0.000000000    
  0.1293577120       0.000000000    
  0.1308276860      0.1527943594E-05
  0.1322976600      0.1384191075E-04
  0.1337676340      0.8092619706E-04
  0.1352376080      0.3119913220E-03
  0.1367075820      0.9223420133E-03
  0.1381775560      0.2198454118E-02
  0.1396475300      0.4536388508E-02
  0.1411175040      0.8343405233E-02
  0.1425874780      0.1398625683E-01
  0.1440574520      0.2151607730E-01
  0.1455274260      0.3071155492E-01
  0.1469974000      0.4144876816E-01
  0.1484673740      0.5365178809E-01
  0.1499373480      0.6735163517E-01
  0.1514073220      0.8172919652E-01
  0.1528772960      0.9617970675E-01
  0.1543472700      0.1103721360    
  0.1558172440      0.1251112873    
  0.1572872180      0.1408563136    
  0.1587571920      0.1570728646    
  0.1602271660      0.1724988638    
  0.1616971400      0.1861678556    
  0.1631671140      0.1986492014    
  0.1646370880      0.2109217660    
  0.1661070620      0.2242777883    
  0.1675770360      0.2384395336    
  0.1690470100      0.2532926511    
  0.1705169840      0.2675440920    
  0.1719869580      0.2813896931    
  0.1734569320      0.2939688531    
  0.1749269060      0.3054464518    
  0.1763968800      0.3155895103    
  0.1778668540      0.3259341231    
  0.1793368280      0.3386825609    
  0.1808068020      0.3554057340    
  0.1822767760      0.3768156445    
  0.1837467500      0.4018366945    
  0.1852167240      0.4295288770    
  0.1866866980      0.4582637695    
  0.1881566720      0.4892368505    
  0.1896266460      0.5245942111    
  0.1910966200      0.5655936894    
  0.1925665940      0.6081192180    
  0.1940365680      0.6457686723    
  0.1955065420      0.6741366910    
  0.1969765160      0.6939709490    
  0.1984464900      0.7085983825    
  0.1999164640      0.7215370256    
  0.2013864380      0.7314205501    
  0.2028564120      0.7351093240    
  0.2043263860      0.7295701225    
  0.2057963600      0.7205381257    
  0.2072663340      0.7148586450    
  0.2087363080      0.7180860942    
  0.2102062820      0.7284055408    
  0.2116762560      0.7436885851    
  0.2131462300      0.7608239460    
  0.2146162040      0.7776364119    
  0.2160861780      0.7920053536    
  0.2175561520      0.8042114558    
  0.2190261260      0.8151972812    
  0.2204961000      0.8256195327    
  0.2219660740      0.8356948143    
  0.2234360480      0.8461470090    
  0.2249060220      0.8578421670    
  0.2263759960      0.8712464684    
  0.2278459700      0.8867548739    
  0.2293159440      0.9068261189    
  0.2307859180      0.9305825971    
  0.2322558920      0.9561118876    
  0.2337258660      0.9756950283    
  0.2351958400      0.9887831451    
  0.2366658140      0.9967127957    
  0.2381357880       1.006114342    
  0.2396057620       1.019096008    
  0.2410757360       1.035154441    
  0.2425457100       1.053281473    
  0.2440156840       1.071830332    
  0.2454856580       1.091800549    
  0.2469556320       1.112751330    
  0.2484256060       1.135276184    
  0.2498955800       1.158883841    
  0.2513655540       1.182982504    
  0.2528355280       1.208182611    
  0.2543055020       1.235233599    
  0.2557754760       1.265886174    
  0.2572454500       1.300057851    
  0.2587154240       1.338992776    
  0.2601853980       1.384305932    
  0.2616553720       1.437231073    
  0.2631253460       1.495874334    
  0.2645953200       1.558104165    
  0.2660652940       1.626660399    
  0.2675352680       1.703136520    
  0.2690052420       1.785941797    
  0.2704752160       1.867513507    
  0.2719451900       1.948047949    
  0.2734151640       2.032000220    
  0.2748851380       2.126299939    
  0.2763551120       2.228448836    
  0.2778250860       2.327718105    
  0.2792950600       2.404932960    
  0.2807650340       2.432668174    
  0.2822350080       2.386647943    
  0.2837049820       2.251824160    
  0.2851749560       2.044156584    
  0.2866449300       1.796437101    
  0.2881149040       1.552654082    
  0.2895848780       1.341432202    
  0.2910548520       1.178964751    
  0.2925248260       1.070320580    
  0.2939948000       1.011577737    
  0.2954647740      0.9962190053    
  0.2969347480       1.010520203    
  0.2984047220       1.048669393    
  0.2998746960       1.101126307    
  0.3013446700       1.165460789    
  0.3028146440       1.235751002    
  0.3042846180       1.314869859    
  0.3057545920       1.405839254    
  0.3072245660       1.508957715    
  0.3086945400       1.613355062    
  0.3101645140       1.697265309    
  0.3116344880       1.747173539    
  0.3131044620       1.765513078    
  0.3145744360       1.778200747    
  0.3160444100       1.802810496    
  0.3175143840       1.838371476    
  0.3189843580       1.855377818    
  0.3204543320       1.831281200    
  0.3219243060       1.767993315    
  0.3233942800       1.692732272    
  0.3248642540       1.633170517    
  0.3263342280       1.595467957    
  0.3278042020       1.575189239    
  0.3292741760       1.562621653    
  0.3307441500       1.558238405    
  0.3322141240       1.560058046    
  0.3336840980       1.569790893    
  0.3351540720       1.585331307    
  0.3366240460       1.608010287    
  0.3380940200       1.636518985    
  0.3395639940       1.669099247    
  0.3410339680       1.703490442    
  0.3425039420       1.737483757    
  0.3439739160       1.771946251    
  0.3454438900       1.808307304    
  0.3469138640       1.850346082    
  0.3483838380       1.898523882    
  0.3498538120       1.943999969    
  0.3513237860       1.978762639    
  0.3527937600       1.991121164    
  0.3542637340       1.985475965    
  0.3557337080       1.958991849    
  0.3572036820       1.922286082    
  0.3586736560       1.876996761    
  0.3601436300       1.833354782    
  0.3616136040       1.789771989    
  0.3630835780       1.749215480    
  0.3645535520       1.709886300    
  0.3660235260       1.677141157    
  0.3674935000       1.648189005    
  0.3689634740       1.624608482    
  0.3704334480       1.601930015    
  0.3719034220       1.583840534    
  0.3733733960       1.568193878    
  0.3748433700       1.555623543    
  0.3763133440       1.542324517    
  0.3777833180       1.525944950    
  0.3792532920       1.500777590    
  0.3807232660       1.458093316    
  0.3821932400       1.394735941    
  0.3836632140       1.317936063    
  0.3851331880       1.243645525    
  0.3866031620       1.182104267    
  0.3880731360       1.133347637    
  0.3895431100       1.091628457    
  0.3910130840       1.055540929    
  0.3924830580       1.024104484    
  0.3939530320      0.9996182421    
  0.3954230060      0.9778693196    
  0.3968929800      0.9599301109    
  0.3983629540      0.9428596716    
  0.3998329280      0.9290739412    
  0.4013029020      0.9158250026    
  0.4027728760      0.9041997507    
  0.4042428500      0.8918998769    
  0.4057128240      0.8815526256    
  0.4071827980      0.8721510270    
  0.4086527720      0.8658309138    
  0.4101227460      0.8615066547    
  0.4115927200      0.8619328533    
  0.4130626940      0.8680095007    
  0.4145326680      0.8832995975    
  0.4160026420      0.9065893318    
  0.4174726160      0.9366018435    
  0.4189425900      0.9660897338    
  0.4204125640      0.9902477417    
  0.4218825380       1.004750497    
  0.4233525120       1.012710051    
  0.4248224860       1.017950300    
  0.4262924600       1.025821939    
  0.4277624340       1.037324620    
  0.4292324080       1.054192882    
  0.4307023820       1.076503604    
  0.4321723560       1.107671978    
  0.4336423300       1.150709021    
  0.4351123040       1.210471855    
  0.4365822780       1.290750650    
  0.4380522520       1.389492999    
  0.4395222260       1.499680803    
  0.4409922000       1.598213211    
  0.4424621740       1.671356994    
  0.4439321480       1.709302234    
  0.4454021220       1.727861575    
  0.4468720960       1.737288873    
  0.4483420700       1.745341098    
  0.4498120440       1.748785515    
  0.4512820180       1.747458594    
  0.4527519920       1.748421601    
  0.4542219660       1.758687056    
  0.4556919400       1.781094968    
  0.4571619140       1.804172017    
  0.4586318880       1.816794414    
  0.4601018620       1.812052697    
  0.4615718360       1.799620160    
  0.4630418100       1.788238478    
  0.4645117840       1.786625275    
  0.4659817580       1.793161038    
  0.4674517320       1.809984180    
  0.4689217060       1.834284577    
  0.4703916800       1.867071319    
  0.4718616540       1.902481636    
  0.4733316280       1.936606524    
  0.4748016020       1.960211969    
  0.4762715760       1.968089308    
  0.4777415500       1.954812161    
  0.4792115240       1.923261300    
  0.4806814980       1.879951330    
  0.4821514720       1.834551657    
  0.4836214460       1.794756250    
  0.4850914200       1.763094644    
  0.4865613940       1.742339839    
  0.4880313680       1.731956237    
  0.4895013420       1.732401072    
  0.4909713160       1.743626446    
  0.4924412900       1.768155930    
  0.4939112640       1.808370837    
  0.4953812380       1.867527367    
  0.4968512120       1.948441243    
  0.4983211860       2.054059143    
  0.4997911600       2.177577883    
  0.5012611340       2.309718716    
  0.5027311080       2.443226160    
  0.5042010820       2.580334295    
  0.5056710560       2.717694668    
  0.5071410300       2.839097556    
  0.5086110040       2.923806108    
  0.5100809780       2.961084101    
  0.5115509520       2.966313935    
  0.5130209260       2.957882840    
  0.5144909000       2.948740615    
  0.5159608740       2.926615469    
  0.5174308480       2.878388915    
  0.5189008220       2.799364412    
  0.5203707960       2.698763198    
  0.5218407700       2.587687571    
  0.5233107440       2.470163993    
  0.5247807180       2.350830040    
  0.5262506920       2.234415724    
  0.5277206660       2.127862682    
  0.5291906400       2.033717774    
  0.5306606140       1.952145550    
  0.5321305880       1.883034408    
  0.5336005620       1.823866638    
  0.5350705360       1.771254934    
  0.5365405100       1.719648793    
  0.5380104840       1.666651527    
  0.5394804580       1.613762260    
  0.5409504320       1.562956840    
  0.5424204060       1.517273928    
  0.5438903800       1.475477278    
  0.5453603540       1.439119785    
  0.5468303280       1.403716842    
  0.5483003020       1.368751705    
  0.5497702760       1.326634066    
  0.5512402500       1.292018030    
  0.5527102240       1.253405084    
  0.5541801980       1.208320899    
  0.5556501720       1.110523542    
  0.5571201460      0.9806465165    
  0.5585901200      0.8416622952    
  0.5600600940      0.7502531497    
  0.5615300680      0.7023448688    
  0.5630000420      0.6801094706    
  0.5644700160      0.6621447160    
  0.5659399900      0.6424736953    
  0.5674099640      0.6237444165    
  0.5688799380      0.6049532234    
  0.5703499120      0.5857524527    
  0.5718198860      0.5687128598    
  0.5732898600      0.5521313530    
  0.5747598340      0.5438860902    
  0.5762298080      0.5407456603    
  0.5776997820      0.5444222654    
  0.5791697560      0.5334907416    
  0.5806397300      0.4980210644    
  0.5821097040      0.4281068620    
  0.5835796780      0.3425707840    
  0.5850496520      0.2575806226    
  0.5865196260      0.1891025284    
  0.5879896000      0.1367531327    
  0.5894595740      0.9787765216E-01
  0.5909295480      0.6777892974E-01
  0.5923995220      0.4492168317E-01
  0.5938694960      0.2762478803E-01
  0.5953394700      0.1553426771E-01
  0.5968094440      0.7531353538E-02
  0.5982794180      0.3123490009E-02
  0.5997493920      0.9788157021E-03
  0.6012193660      0.2324408997E-03
  0.6026893400      0.2092080666E-04
  0.6041593140       0.000000000    
  0.6056292880      0.4222335806E-05
  0.6070992620      0.1266700742E-04
  0.6085692360      0.4446395777E-04
  0.6100392100      0.1340259830E-03
  0.6115091840      0.3652080391E-03
  0.6129791580      0.8173768776E-03
  0.6144491320      0.1508372945E-02
  0.6159191060      0.2412006386E-02
  0.6173890800      0.3528440244E-02
  0.6188590540      0.5014580738E-02
  0.6203290280      0.6989356736E-02
  0.6217990020      0.9460756702E-02
  0.6232689760      0.1230013334E-01
  0.6247389500      0.1545835112E-01
  0.6262089240      0.1908623943E-01
  0.6276788980      0.2331303385E-01
  0.6291488720      0.2829578785E-01
  0.6306188460      0.3382723827E-01
  0.6320888200      0.3996429105E-01
  0.6335587940      0.4647952653E-01
  0.6350287680      0.5392612409E-01
  0.6364987420      0.6239639064E-01
  0.6379687160      0.7276786246E-01
  0.6394386900      0.8523969311E-01
  0.6409086640      0.1008720519    
  0.6423786380      0.1208937701    
  0.6438486120      0.1454884342    
  0.6453185860      0.1725391079    
  0.6467885600      0.1970786126    
  0.6482585340      0.2164120856    
  0.6497285080      0.2311531730    
  0.6511984820      0.2448503327    
  0.6526684560      0.2600085361    
  0.6541384300      0.2767456427    
  0.6556084040      0.2946425875    
  0.6570783780      0.3128965383    
  0.6585483520      0.3318464619    
  0.6600183260      0.3513057523    
  0.6614883000      0.3714218959    
  0.6629582740      0.3918110535    
  0.6644282480      0.4128151203    
  0.6658982220      0.4350293279    
  0.6673681960      0.4606234215    
  0.6688381700      0.4891173156    
  0.6703081440      0.5184632615    
  0.6717781180      0.5415449146    
  0.6732480920      0.5559760686    
  0.6747180660      0.5616968544    
  0.6761880400      0.5651590185    
  0.6776580140      0.5686057342    
  0.6791279880      0.5739353496    
  0.6805979620      0.5794047972    
  0.6820679360      0.5857694708    
  0.6835379100      0.5929295922    
  0.6850078840      0.6008457694    
  0.6864778580      0.6087221278    
  0.6879478320      0.6157735107    
  0.6894178060      0.6225178574    
  0.6908877800      0.6294853815    
  0.6923577540      0.6367149026    
  0.6938277280      0.6441542637    
  0.6952977020      0.6509526412    
  0.6967676760      0.6578145313    
  0.6982376500      0.6644017579    
  0.6997076240      0.6711686438    
  0.7011775980      0.6775175087    
  0.7026475720      0.6832439284    
  0.7041175460      0.6893278902    
  0.7055875200      0.6958502955    
  0.7070574940      0.7042559875    
  0.7085274680      0.7127316932    
  0.7099974420      0.7221343102    
  0.7114674160      0.7310556089    
  0.7129373900      0.7417826048    
  0.7144073640      0.7538835539    
  0.7158773380      0.7689426848    
  0.7173473120      0.7870131254    
  0.7188172860      0.8107080278    
  0.7202872600      0.8407887297    
  0.7217572340      0.8756668933    
  0.7232272080      0.9099779597    
  0.7246971820      0.9398862067    
  0.7261671560      0.9655189742    
  0.7276371300      0.9906008526    
  0.7291071040       1.018624175    
  0.7305770780       1.051609375    
  0.7320470520       1.090206400    
  0.7335170260       1.132737541    

 -0.7349870000      0.3075519035E-01
 -0.7335170260      0.3136904911E-01
 -0.7320470520      0.3225208699E-01
 -0.7305770780      0.3334978121E-01
 -0.7291071040      0.3453125693E-01
 -0.7276371300      0.3563356255E-01
 -0.7261671560      0.3671308377E-01
 -0.7246971820      0.3773823426E-01
 -0.7232272080      0.3874624653E-01
 -0.7217572340      0.3968144103E-01
 -0.7202872600      0.4057925721E-01
 -0.7188172860      0.4145733048E-01
 -0.7173473120      0.4244368290E-01
 -0.7158773380      0.4349551469E-01
 -0.7144073640      0.4460013790E-01
 -0.7129373900      0.4570655206E-01
 -0.7114674160      0.4685153076E-01
 -0.7099974420      0.4799433731E-01
 -0.7085274680      0.4909784175E-01
 -0.7070574940      0.5020209783E-01
 -0.7055875200      0.5132600735E-01
 -0.7041175460      0.5251897112E-01
 -0.7026475720      0.5374245999E-01
 -0.7011775980      0.5502506786E-01
 -0.6997076240      0.5631955047E-01
 -0.6982376500      0.5757635070E-01
 -0.6967676760      0.5879456172E-01
 -0.6952977020      0.5999440843E-01
 -0.6938277280      0.6133961046E-01
 -0.6923577540      0.6276820279E-01
 -0.6908877800      0.6430954738E-01
 -0.6894178060      0.6575528958E-01
 -0.6879478320      0.6723853782E-01
 -0.6864778580      0.6862207778E-01
 -0.6850078840      0.6996852378E-01
 -0.6835379100      0.7114238662E-01
 -0.6820679360      0.7231673293E-01
 -0.6805979620      0.7350384019E-01
 -0.6791279880      0.7480795240E-01
 -0.6776580140      0.7607831300E-01
 -0.6761880400      0.7739239866E-01
 -0.6747180660      0.7859216871E-01
 -0.6732480920      0.7991806678E-01
 -0.6717781180      0.8115637247E-01
 -0.6703081440      0.8253618021E-01
 -0.6688381700      0.8373573666E-01
 -0.6673681960      0.8503668438E-01
 -0.6658982220      0.8630244637E-01
 -0.6644282480      0.8773832549E-01
 -0.6629582740      0.8925823187E-01
 -0.6614883000      0.9075075174E-01
 -0.6600183260      0.9227839481E-01
 -0.6585483520      0.9367944949E-01
 -0.6570783780      0.9528529115E-01
 -0.6556084040      0.9676569587E-01
 -0.6541384300      0.9839887180E-01
 -0.6526684560      0.9974066316E-01
 -0.6511984820      0.1012157432    
 -0.6497285080      0.1025752911    
 -0.6482585340      0.1042231859    
 -0.6467885600      0.1059295683    
 -0.6453185860      0.1077789797    
 -0.6438486120      0.1096327390    
 -0.6423786380      0.1114074425    
 -0.6409086640      0.1131894395    
 -0.6394386900      0.1147807476    
 -0.6379687160      0.1165166556    
 -0.6364987420      0.1181456438    
 -0.6350287680      0.1198577226    
 -0.6335587940      0.1212837689    
 -0.6320888200      0.1226884973    
 -0.6306188460      0.1242319942    
 -0.6291488720      0.1260353124    
 -0.6276788980      0.1280320975    
 -0.6262089240      0.1299339604    
 -0.6247389500      0.1318163387    
 -0.6232689760      0.1336454123    
 -0.6217990020      0.1355750297    
 -0.6203290280      0.1375015464    
 -0.6188590540      0.1395569063    
 -0.6173890800      0.1415887594    
 -0.6159191060      0.1438703498    
 -0.6144491320      0.1461409247    
 -0.6129791580      0.1487606336    
 -0.6115091840      0.1513314195    
 -0.6100392100      0.1542183069    
 -0.6085692360      0.1571880000    
 -0.6070992620      0.1608858537    
 -0.6056292880      0.1653311433    
 -0.6041593140      0.1704305861    
 -0.6026893400      0.1752974012    
 -0.6012193660      0.1789216121    
 -0.5997493920      0.1812916394    
 -0.5982794180      0.1824805674    
 -0.5968094440      0.1836578871    
 -0.5953394700      0.1845162870    
 -0.5938694960      0.1857304349    
 -0.5923995220      0.1863662626    
 -0.5909295480      0.1871928918    
 -0.5894595740      0.1875040415    
 -0.5879896000      0.1881872445    
 -0.5865196260      0.1885309549    
 -0.5850496520      0.1892791642    
 -0.5835796780      0.1899606874    
 -0.5821097040      0.1913713783    
 -0.5806397300      0.1933144126    
 -0.5791697560      0.1960287362    
 -0.5776997820      0.1985837029    
 -0.5762298080      0.2000397210    
 -0.5747598340      0.1999479030    
 -0.5732898600      0.1984607123    
 -0.5718198860      0.1967556226    
 -0.5703499120      0.1948952426    
 -0.5688799380      0.1937236392    
 -0.5674099640      0.1925587025    
 -0.5659399900      0.1919937985    
 -0.5644700160      0.1911994116    
 -0.5630000420      0.1905513199    
 -0.5615300680      0.1896984632    
 -0.5600600940      0.1889412004    
 -0.5585901200      0.1883996442    
 -0.5571201460      0.1879947442    
 -0.5556501720      0.1878995569    
 -0.5541801980      0.1876587345    
 -0.5527102240      0.1873899144    
 -0.5512402500      0.1869089352    
 -0.5497702760      0.1864171772    
 -0.5483003020      0.1861089223    
 -0.5468303280      0.1857539977    
 -0.5453603540      0.1856643262    
 -0.5438903800      0.1853424299    
 -0.5424204060      0.1853817852    
 -0.5409504320      0.1852947281    
 -0.5394804580      0.1854789650    
 -0.5380104840      0.1854531919    
 -0.5365405100      0.1855360590    
 -0.5350705360      0.1857812149    
 -0.5336005620      0.1863009620    
 -0.5321305880      0.1870166337    
 -0.5306606140      0.1876205474    
 -0.5291906400      0.1881147027    
 -0.5277206660      0.1882944955    
 -0.5262506920      0.1880233436    
 -0.5247807180      0.1873778682    
 -0.5233107440      0.1864755251    
 -0.5218407700      0.1859388895    
 -0.5203707960      0.1854927851    
 -0.5189008220      0.1854944771    
 -0.5174308480      0.1854256768    
 -0.5159608740      0.1858470005    
 -0.5144909000      0.1865594212    
 -0.5130209260      0.1883740575    
 -0.5115509520      0.1915440870    
 -0.5100809780      0.1961647933    
 -0.5086110040      0.2010605009    
 -0.5071410300      0.2047662922    
 -0.5056710560      0.2068634543    
 -0.5042010820      0.2078158800    
 -0.5027311080      0.2074475541    
 -0.5012611340      0.2039660999    
 -0.4997911600      0.1951472026    
 -0.4983211860      0.1817671576    
 -0.4968512120      0.1666026295    
 -0.4953812380      0.1538295211    
 -0.4939112640      0.1449982254    
 -0.4924412900      0.1404801424    
 -0.4909713160      0.1391759755    
 -0.4895013420      0.1406050163    
 -0.4880313680      0.1443213618    
 -0.4865613940      0.1510713633    
 -0.4850914200      0.1610477909    
 -0.4836214460      0.1739654147    
 -0.4821514720      0.1865784230    
 -0.4806814980      0.1964578384    
 -0.4792115240      0.2025940676    
 -0.4777415500      0.2069477019    
 -0.4762715760      0.2105707386    
 -0.4748016020      0.2142909500    
 -0.4733316280      0.2175248911    
 -0.4718616540      0.2221502103    
 -0.4703916800      0.2278003705    
 -0.4689217060      0.2362204923    
 -0.4674517320      0.2455198737    
 -0.4659817580      0.2566949649    
 -0.4645117840      0.2685755164    
 -0.4630418100      0.2839998503    
 -0.4615718360      0.3038216065    
 -0.4601018620      0.3299773025    
 -0.4586318880      0.3593439633    
 -0.4571619140      0.3902641423    
 -0.4556919400      0.4193957041    
 -0.4542219660      0.4480709370    
 -0.4527519920      0.4758377065    
 -0.4512820180      0.5047796227    
 -0.4498120440      0.5344522188    
 -0.4483420700      0.5677433995    
 -0.4468720960      0.6081253600    
 -0.4454021220      0.6626024344    
 -0.4439321480      0.7330605993    
 -0.4424621740      0.8117893251    
 -0.4409922000      0.8803424164    
 -0.4395222260      0.9228238011    
 -0.4380522520      0.9374473172    
 -0.4365822780      0.9358128355    
 -0.4351123040      0.9322365292    
 -0.4336423300      0.9329754188    
 -0.4321723560      0.9392476912    
 -0.4307023820      0.9453383783    
 -0.4292324080      0.9445580572    
 -0.4277624340      0.9263884072    
 -0.4262924600      0.8895447077    
 -0.4248224860      0.8390711631    
 -0.4233525120      0.7860661478    
 -0.4218825380      0.7379370355    
 -0.4204125640      0.6971711173    
 -0.4189425900      0.6657231512    
 -0.4174726160      0.6402116142    
 -0.4160026420      0.6206758783    
 -0.4145326680      0.6018129808    
 -0.4130626940      0.5862732299    
 -0.4115927200      0.5712659150    
 -0.4101227460      0.5593965432    
 -0.4086527720      0.5473313343    
 -0.4071827980      0.5370708595    
 -0.4057128240      0.5269411926    
 -0.4042428500      0.5186109364    
 -0.4027728760      0.5103043095    
 -0.4013029020      0.5028679345    
 -0.3998329280      0.4950307342    
 -0.3983629540      0.4879762694    
 -0.3968929800      0.4809287293    
 -0.3954230060      0.4749315671    
 -0.3939530320      0.4698032772    
 -0.3924830580      0.4653040870    
 -0.3910130840      0.4615035441    
 -0.3895431100      0.4568988973    
 -0.3880731360      0.4529996307    
 -0.3866031620      0.4478606095    
 -0.3851331880      0.4438635319    
 -0.3836632140      0.4386455111    
 -0.3821932400      0.4349078196    
 -0.3807232660      0.4295971457    
 -0.3792532920      0.4253698744    
 -0.3777833180      0.4194348608    
 -0.3763133440      0.4152160759    
 -0.3748433700      0.4098420016    
 -0.3733733960      0.4061832040    
 -0.3719034220      0.4010280908    
 -0.3704334480      0.3973592785    
 -0.3689634740      0.3923345777    
 -0.3674935000      0.3889047675    
 -0.3660235260      0.3844347548    
 -0.3645535520      0.3811488030    
 -0.3630835780      0.3768890915    
 -0.3616136040      0.3737397794    
 -0.3601436300      0.3709935430    
 -0.3586736560      0.3695037239    
 -0.3572036820      0.3686243962    
 -0.3557337080      0.3685835209    
 -0.3542637340      0.3709964726    
 -0.3527937600      0.3776546144    
 -0.3513237860      0.3929601864    
 -0.3498538120      0.4191044528    
 -0.3483838380      0.4565202585    
 -0.3469138640      0.4988486310    
 -0.3454438900      0.5426831267    
 -0.3439739160      0.5892032803    
 -0.3425039420      0.6461931310    
 -0.3410339680      0.7157171853    
 -0.3395639940      0.7910037267    
 -0.3380940200      0.8610929134    
 -0.3366240460      0.9184286218    
 -0.3351540720      0.9649469783    
 -0.3336840980       1.003198311    
 -0.3322141240       1.038180166    
 -0.3307441500       1.068969036    
 -0.3292741760       1.099439483    
 -0.3278042020       1.126181623    
 -0.3263342280       1.147687815    
 -0.3248642540       1.154140104    
 -0.3233942800       1.147374758    
 -0.3219243060       1.132099631    
 -0.3204543320       1.119846749    
 -0.3189843580       1.114142769    
 -0.3175143840       1.114522083    
 -0.3160444100       1.118454334    
 -0.3145744360       1.124291285    
 -0.3131044620       1.131461271    
 -0.3116344880       1.138434868    
 -0.3101645140       1.141309268    
 -0.3086945400       1.137401992    
 -0.3072245660       1.127146721    
 -0.3057545920       1.115056215    
 -0.3042846180       1.104869170    
 -0.3028146440       1.096165978    
 -0.3013446700       1.090448009    
 -0.2998746960       1.087423530    
 -0.2984047220       1.090039697    
 -0.2969347480       1.095607371    
 -0.2954647740       1.104952197    
 -0.2939948000       1.116067131    
 -0.2925248260       1.129623277    
 -0.2910548520       1.143437485    
 -0.2895848780       1.156946707    
 -0.2881149040       1.169762784    
 -0.2866449300       1.182379032    
 -0.2851749560       1.194445615    
 -0.2837049820       1.206062510    
 -0.2822350080       1.216262014    
 -0.2807650340       1.226937494    
 -0.2792950600       1.236745173    
 -0.2778250860       1.247509356    
 -0.2763551120       1.256974817    
 -0.2748851380       1.268027756    
 -0.2734151640       1.280484321    
 -0.2719451900       1.296696099    
 -0.2704752160       1.317150962    
 -0.2690052420       1.343305163    
 -0.2675352680       1.376102429    
 -0.2660652940       1.412240381    
 -0.2645953200       1.450275796    
 -0.2631253460       1.487360283    
 -0.2616553720       1.525349503    
 -0.2601853980       1.560026183    
 -0.2587154240       1.588974354    
 -0.2572454500       1.610251742    
 -0.2557754760       1.629857792    
 -0.2543055020       1.656170882    
 -0.2528355280       1.692706946    
 -0.2513655540       1.741434397    
 -0.2498955800       1.800637631    
 -0.2484256060       1.873053608    
 -0.2469556320       1.953113416    
 -0.2454856580       2.026698764    
 -0.2440156840       2.076738250    
 -0.2425457100       2.092116676    
 -0.2410757360       2.079308944    
 -0.2396057620       2.048391073    
 -0.2381357880       2.014649972    
 -0.2366658140       1.986554079    
 -0.2351958400       1.969314913    
 -0.2337258660       1.962046213    
 -0.2322558920       1.958821186    
 -0.2307859180       1.956844552    
 -0.2293159440       1.953846285    
 -0.2278459700       1.953169606    
 -0.2263759960       1.955604353    
 -0.2249060220       1.963190166    
 -0.2234360480       1.971576202    
 -0.2219660740       1.979198382    
 -0.2204961000       1.980602531    
 -0.2190261260       1.979958949    
 -0.2175561520       1.974962312    
 -0.2160861780       1.970690291    
 -0.2146162040       1.964592625    
 -0.2131462300       1.959905612    
 -0.2116762560       1.955269736    
 -0.2102062820       1.952363372    
 -0.2087363080       1.951551491    
 -0.2072663340       1.952571610    
 -0.2057963600       1.954401535    
 -0.2043263860       1.955468676    
 -0.2028564120       1.955407475    
 -0.2013864380       1.953210762    
 -0.1999164640       1.951058939    
 -0.1984464900       1.949127611    
 -0.1969765160       1.949449217    
 -0.1955065420       1.948883965    
 -0.1940365680       1.949141554    
 -0.1925665940       1.949460405    
 -0.1910966200       1.952637247    
 -0.1896266460       1.956593812    
 -0.1881566720       1.963231120    
 -0.1866866980       1.969972857    
 -0.1852167240       1.977243206    
 -0.1837467500       1.979955622    
 -0.1822767760       1.979733843    
 -0.1808068020       1.975797253    
 -0.1793368280       1.971364124    
 -0.1778668540       1.966096143    
 -0.1763968800       1.962049467    
 -0.1749269060       1.959527897    
 -0.1734569320       1.957778882    
 -0.1719869580       1.955451677    
 -0.1705169840       1.951436793    
 -0.1690470100       1.947410148    
 -0.1675770360       1.942573413    
 -0.1661070620       1.937169179    
 -0.1646370880       1.929862230    
 -0.1631671140       1.921263992    
 -0.1616971400       1.913401697    
 -0.1602271660       1.906082362    
 -0.1587571920       1.901718080    
 -0.1572872180       1.897478637    
 -0.1558172440       1.895203317    
 -0.1543472700       1.893747146    
 -0.1528772960       1.896605236    
 -0.1514073220       1.906437819    
 -0.1499373480       1.923625927    
 -0.1484673740       1.947245756    
 -0.1469974000       1.969512244    
 -0.1455274260       1.987874293    
 -0.1440574520       1.996855448    
 -0.1425874780       1.999102458    
 -0.1411175040       1.992635664    
 -0.1396475300       1.979857065    
 -0.1381775560       1.960589519    
 -0.1367075820       1.938704845    
 -0.1352376080       1.915952683    
 -0.1337676340       1.893824318    
 -0.1322976600       1.871047270    
 -0.1308276860       1.854566401    
 -0.1293577120       1.846576577    
 -0.1278877380       1.847958922    
 -0.1264177640       1.837098196    
 -0.1249477900       1.802680884    
 -0.1234778160       1.737531847    
 -0.1220078420       1.656966201    
 -0.1205378680       1.570960554    
 -0.1190678940       1.489457541    
 -0.1175979200       1.417188353    
 -0.1161279460       1.358148294    
 -0.1146579720       1.312558004    
 -0.1131879980       1.276093849    
 -0.1117180240       1.244739601    
 -0.1102480500       1.216800339    
 -0.1087780760       1.191961701    
 -0.1073081020       1.168240980    
 -0.1058381280       1.141789225    
 -0.1043681540       1.109401824    
 -0.1028981800       1.072227043    
 -0.1014282060       1.033144105    
 -0.9995823200E-01  0.9966413821    
 -0.9848825800E-01  0.9638325113    
 -0.9701828400E-01  0.9366747417    
 -0.9554831000E-01  0.9135565679    
 -0.9407833600E-01  0.8936013359    
 -0.9260836200E-01  0.8739362614    
 -0.9113838800E-01  0.8551687303    
 -0.8966841400E-01  0.8378275387    
 -0.8819844000E-01  0.8234733351    
 -0.8672846600E-01  0.8113744776    
 -0.8525849200E-01  0.8023883009    
 -0.8378851800E-01  0.7949507061    
 -0.8231854400E-01  0.7868089398    
 -0.8084857000E-01  0.7711253306    
 -0.7937859600E-01  0.7466490144    
 -0.7790862200E-01  0.7159636659    
 -0.7643864800E-01  0.6879902219    
 -0.7496867400E-01  0.6651320748    
 -0.7349870000E-01  0.6465300378    
 -0.7202872600E-01  0.6268914484    
 -0.7055875200E-01  0.6061816256    
 -0.6908877800E-01  0.5851538630    
 -0.6761880400E-01  0.5665460305    
 -0.6614883000E-01  0.5500806530    
 -0.6467885600E-01  0.5361027202    
 -0.6320888200E-01  0.5240721962    
 -0.6173890800E-01  0.5149099275    
 -0.6026893400E-01  0.5097923490    
 -0.5879896000E-01  0.5108359495    
 -0.5732898600E-01  0.5156272037    
 -0.5585901200E-01  0.5163955363    
 -0.5438903800E-01  0.5021379346    
 -0.5291906400E-01  0.4713909088    
 -0.5144909000E-01  0.4317514532    
 -0.4997911600E-01  0.3956199667    
 -0.4850914200E-01  0.3674148770    
 -0.4703916800E-01  0.3463850288    
 -0.4556919400E-01  0.3292162398    
 -0.4409922000E-01  0.3150985700    
 -0.4262924600E-01  0.3035850444    
 -0.4115927200E-01  0.2936000230    
 -0.3968929800E-01  0.2834925843    
 -0.3821932400E-01  0.2717375112    
 -0.3674935000E-01  0.2573891994    
 -0.3527937600E-01  0.2394463620    
 -0.3380940200E-01  0.2162658191    
 -0.3233942800E-01  0.1879752041    
 -0.3086945400E-01  0.1557353645    
 -0.2939948000E-01  0.1230300081    
 -0.2792950600E-01  0.9215381301E-01
 -0.2645953200E-01  0.6566455250E-01
 -0.2498955800E-01  0.4434070921E-01
 -0.2351958400E-01  0.2851659912E-01
 -0.2204961000E-01  0.1715444212E-01
 -0.2057963600E-01  0.9468176025E-02
 -0.1910966200E-01  0.4545724477E-02
 -0.1763968800E-01  0.1831256819E-02
 -0.1616971400E-01  0.5577474690E-03
 -0.1469974000E-01  0.1154952180E-03
 -0.1322976600E-01  0.1247688004E-04
 -0.1175979200E-01   0.000000000    
 -0.1028981800E-01   0.000000000    
 -0.8819844000E-02   0.000000000    
 -0.7349870000E-02   0.000000000    
 -0.5879896000E-02   0.000000000    
 -0.4409922000E-02   0.000000000    
 -0.2939948000E-02   0.000000000    
 -0.1469974000E-02   0.000000000    
  0.4250072516E-16   0.000000000    
  0.1469974000E-02   0.000000000    
  0.2939948000E-02   0.000000000    
  0.4409922000E-02   0.000000000    
  0.5879896000E-02   0.000000000    
  0.7349870000E-02   0.000000000    
  0.8819844000E-02   0.000000000    
  0.1028981800E-01   0.000000000    
  0.1175979200E-01   0.000000000    
  0.1322976600E-01   0.000000000    
  0.1469974000E-01   0.000000000    
  0.1616971400E-01   0.000000000    
  0.1763968800E-01   0.000000000    
  0.1910966200E-01   0.000000000    
  0.2057963600E-01   0.000000000    
  0.2204961000E-01   0.000000000    
  0.2351958400E-01   0.000000000    
  0.2498955800E-01   0.000000000    
  0.2645953200E-01   0.000000000    
  0.2792950600E-01   0.000000000    
  0.2939948000E-01   0.000000000    
  0.3086945400E-01   0.000000000    
  0.3233942800E-01   0.000000000    
  0.3380940200E-01   0.000000000    
  0.3527937600E-01   0.000000000    
  0.3674935000E-01   0.000000000    
  0.3821932400E-01   0.000000000    
  0.3968929800E-01   0.000000000    
  0.4115927200E-01   0.000000000    
  0.4262924600E-01   0.000000000    
  0.4409922000E-01   0.000000000    
  0.4556919400E-01   0.000000000    
  0.4703916800E-01   0.000000000    
  0.4850914200E-01   0.000000000    
  0.4997911600E-01   0.000000000    
  0.5144909000E-01   0.000000000    
  0.5291906400E-01   0.000000000    
  0.5438903800E-01   0.000000000    
  0.5585901200E-01   0.000000000    
  0.5732898600E-01   0.000000000    
  0.5879896000E-01   0.000000000    
  0.6026893400E-01   0.000000000    
  0.6173890800E-01   0.000000000    
  0.6320888200E-01   0.000000000    
  0.6467885600E-01   0.000000000    
  0.6614883000E-01   0.000000000    
  0.6761880400E-01   0.000000000    
  0.6908877800E-01   0.000000000    
  0.7055875200E-01   0.000000000    
  0.7202872600E-01   0.000000000    
  0.7349870000E-01   0.000000000    
  0.7496867400E-01   0.000000000    
  0.7643864800E-01   0.000000000    
  0.7790862200E-01   0.000000000    
  0.7937859600E-01   0.000000000    
  0.8084857000E-01   0.000000000    
  0.8231854400E-01   0.000000000    
  0.8378851800E-01   0.000000000    
  0.8525849200E-01   0.000000000    
  0.8672846600E-01   0.000000000    
  0.8819844000E-01   0.000000000    
  0.8966841400E-01   0.000000000    
  0.9113838800E-01   0.000000000    
  0.9260836200E-01   0.000000000    
  0.9407833600E-01   0.000000000    
  0.9554831000E-01   0.000000000    
  0.9701828400E-01   0.000000000    
  0.9848825800E-01   0.000000000    
  0.9995823200E-01   0.000000000    
  0.1014282060       0.000000000    
  0.1028981800       0.000000000    
  0.1043681540       0.000000000    
  0.1058381280       0.000000000    
  0.1073081020       0.000000000    
  0.1087780760       0.000000000    
  0.1102480500       0.000000000    
  0.1117180240       0.000000000    
  0.1131879980       0.000000000    
  0.1146579720       0.000000000    
  0.1161279460       0.000000000    
  0.1175979200       0.000000000    
  0.1190678940       0.000000000    
  0.1205378680       0.000000000    
  0.1220078420       0.000000000    
  0.1234778160       0.000000000    
  0.1249477900       0.000000000    
  0.1264177640       0.000000000    
  0.1278877380       0.000000000    
  0.1293577120       0.000000000    
  0.1308276860      0.1527943836E-05
  0.1322976600      0.1382917813E-04
  0.1337676340      0.8099011503E-04
  0.1352376080      0.3120621341E-03
  0.1367075820      0.9215425054E-03
  0.1381775560      0.2193824531E-02
  0.1396475300      0.4518551505E-02
  0.1411175040      0.8293089218E-02
  0.1425874780      0.1387073396E-01
  0.1440574520      0.2129963687E-01
  0.1455274260      0.3036233589E-01
  0.1469974000      0.4095066659E-01
  0.1484673740      0.5299633803E-01
  0.1499373480      0.6655149758E-01
  0.1514073220      0.8081083024E-01
  0.1528772960      0.9519829252E-01
  0.1543472700      0.1093567756    
  0.1558172440      0.1240476566    
  0.1572872180      0.1396307859    
  0.1587571920      0.1555675174    
  0.1602271660      0.1706289028    
  0.1616971400      0.1839820904    
  0.1631671140      0.1962429250    
  0.1646370880      0.2084276544    
  0.1661070620      0.2217829082    
  0.1675770360      0.2360338634    
  0.1690470100      0.2510374736    
  0.1705169840      0.2655271227    
  0.1719869580      0.2796159667    
  0.1734569320      0.2923610427    
  0.1749269060      0.3037485202    
  0.1763968800      0.3135312360    
  0.1778668540      0.3233078140    
  0.1793368280      0.3354114214    
  0.1808068020      0.3515117911    
  0.1822767760      0.3723338051    
  0.1837467500      0.3968790942    
  0.1852167240      0.4241725698    
  0.1866866980      0.4525175651    
  0.1881566720      0.4826416440    
  0.1896266460      0.5156875851    
  0.1910966200      0.5522820090    
  0.1925665940      0.5888294634    
  0.1940365680      0.6214553477    
  0.1955065420      0.6477662837    
  0.1969765160      0.6691080778    
  0.1984464900      0.6872585994    
  0.1999164640      0.7043094584    
  0.2013864380      0.7183217710    
  0.2028564120      0.7261733689    
  0.2043263860      0.7248372231    
  0.2057963600      0.7193531436    
  0.2072663340      0.7161166804    
  0.2087363080      0.7204466393    
  0.2102062820      0.7308639900    
  0.2116762560      0.7456110093    
  0.2131462300      0.7618027798    
  0.2146162040      0.7777546200    
  0.2160861780      0.7916379443    
  0.2175561520      0.8040190991    
  0.2190261260      0.8154370443    
  0.2204961000      0.8262042687    
  0.2219660740      0.8364316154    
  0.2234360480      0.8467346826    
  0.2249060220      0.8581444238    
  0.2263759960      0.8708080092    
  0.2278459700      0.8855609174    
  0.2293159440      0.9044680480    
  0.2307859180      0.9269463789    
  0.2322558920      0.9509945132    
  0.2337258660      0.9698509322    
  0.2351958400      0.9832009788    
  0.2366658140      0.9921631145    
  0.2381357880       1.002605244    
  0.2396057620       1.016058715    
  0.2410757360       1.032203484    
  0.2425457100       1.050139622    
  0.2440156840       1.068585954    
  0.2454856580       1.088386222    
  0.2469556320       1.109032300    
  0.2484256060       1.131190285    
  0.2498955800       1.154420851    
  0.2513655540       1.178738374    
  0.2528355280       1.204656670    
  0.2543055020       1.233218501    
  0.2557754760       1.265454679    
  0.2572454500       1.301172662    
  0.2587154240       1.340841791    
  0.2601853980       1.385943761    
  0.2616553720       1.437671398    
  0.2631253460       1.495179449    
  0.2645953200       1.557544250    
  0.2660652940       1.627783248    
  0.2675352680       1.706632365    
  0.2690052420       1.790927937    
  0.2704752160       1.872848826    
  0.2719451900       1.953057820    
  0.2734151640       2.037594458    
  0.2748851380       2.134264288    
  0.2763551120       2.239751774    
  0.2778250860       2.340388855    
  0.2792950600       2.413256510    
  0.2807650340       2.431560809    
  0.2822350080       2.374306219    
  0.2837049820       2.232284496    
  0.2851749560       2.022307223    
  0.2866449300       1.777183837    
  0.2881149040       1.538031878    
  0.2895848780       1.333348983    
  0.2910548520       1.178050586    
  0.2925248260       1.077045658    
  0.2939948000       1.025152135    
  0.2954647740       1.015526934    
  0.2969347480       1.034435469    
  0.2984047220       1.076565581    
  0.2998746960       1.132602418    
  0.3013446700       1.200001566    
  0.3028146440       1.272612986    
  0.3042846180       1.353154558    
  0.3057545920       1.444654173    
  0.3072245660       1.547104035    
  0.3086945400       1.649689612    
  0.3101645140       1.730315783    
  0.3116344880       1.775659928    
  0.3131044620       1.787600332    
  0.3145744360       1.792233420    
  0.3160444100       1.807826929    
  0.3175143840       1.835265539    
  0.3189843580       1.846386244    
  0.3204543320       1.819431907    
  0.3219243060       1.755597860    
  0.3233942800       1.681819260    
  0.3248642540       1.624556560    
  0.3263342280       1.589623827    
  0.3278042020       1.571514345    
  0.3292741760       1.560207235    
  0.3307441500       1.556361277    
  0.3322141240       1.558566141    
  0.3336840980       1.569171885    
  0.3351540720       1.585668941    
  0.3366240460       1.609055115    
  0.3380940200       1.637839299    
  0.3395639940       1.670584242    
  0.3410339680       1.705112439    
  0.3425039420       1.739060723    
  0.3439739160       1.773255927    
  0.3454438900       1.809386017    
  0.3469138640       1.851485590    
  0.3483838380       1.899798301    
  0.3498538120       1.945163638    
  0.3513237860       1.979120299    
  0.3527937600       1.990053937    
  0.3542637340       1.982636030    
  0.3557337080       1.954580076    
  0.3572036820       1.916958061    
  0.3586736560       1.871428282    
  0.3601436300       1.828172808    
  0.3616136040       1.785238471    
  0.3630835780       1.745525497    
  0.3645535520       1.707049441    
  0.3660235260       1.675403608    
  0.3674935000       1.647413086    
  0.3689634740       1.624898735    
  0.3704334480       1.603047727    
  0.3719034220       1.586167452    
  0.3733733960       1.571623734    
  0.3748433700       1.559809499    
  0.3763133440       1.546541776    
  0.3777833180       1.529248638    
  0.3792532920       1.502662193    
  0.3807232660       1.458007704    
  0.3821932400       1.393432474    
  0.3836632140       1.316489934    
  0.3851331880       1.243612876    
  0.3866031620       1.183772786    
  0.3880731360       1.136357021    
  0.3895431100       1.094815822    
  0.3910130840       1.058153566    
  0.3924830580       1.025729047    
  0.3939530320       1.000606304    
  0.3954230060      0.9787102150    
  0.3968929800      0.9610930106    
  0.3983629540      0.9443478538    
  0.3998329280      0.9308657889    
  0.4013029020      0.9178118255    
  0.4027728760      0.9064467464    
  0.4042428500      0.8943002793    
  0.4057128240      0.8839180960    
  0.4071827980      0.8742453104    
  0.4086527720      0.8674411960    
  0.4101227460      0.8624493400    
  0.4115927200      0.8618856830    
  0.4130626940      0.8665778688    
  0.4145326680      0.8799636493    
  0.4160026420      0.9009309271    
  0.4174726160      0.9283050867    
  0.4189425900      0.9553226425    
  0.4204125640      0.9775363397    
  0.4218825380      0.9910007818    
  0.4233525120      0.9988542758    
  0.4248224860       1.004676823    
  0.4262924600       1.013666960    
  0.4277624340       1.026440223    
  0.4292324080       1.044665628    
  0.4307023820       1.068036862    
  0.4321723560       1.099992603    
  0.4336423300       1.143636193    
  0.4351123040       1.204131540    
  0.4365822780       1.285337723    
  0.4380522520       1.384878877    
  0.4395222260       1.495520017    
  0.4409922000       1.594103888    
  0.4424621740       1.667605019    
  0.4439321480       1.706423667    
  0.4454021220       1.726779978    
  0.4468720960       1.738101725    
  0.4483420700       1.747970900    
  0.4498120440       1.751911119    
  0.4512820180       1.750008841    
  0.4527519920       1.749405850    
  0.4542219660       1.758857306    
  0.4556919400       1.781694838    
  0.4571619140       1.806373933    
  0.4586318880       1.820637377    
  0.4601018620       1.817040984    
  0.4615718360       1.805471815    
  0.4630418100       1.794841515    
  0.4645117840       1.793942997    
  0.4659817580       1.800911002    
  0.4674517320       1.818137540    
  0.4689217060       1.842965580    
  0.4703916800       1.876682742    
  0.4718616540       1.913267195    
  0.4733316280       1.948877433    
  0.4748016020       1.973446622    
  0.4762715760       1.980722933    
  0.4777415500       1.963835040    
  0.4792115240       1.926219793    
  0.4806814980       1.876119755    
  0.4821514720       1.825724880    
  0.4836214460       1.783512817    
  0.4850914200       1.752300018    
  0.4865613940       1.733672617    
  0.4880313680       1.726209242    
  0.4895013420       1.727972294    
  0.4909713160       1.738516500    
  0.4924412900       1.760620781    
  0.4939112640       1.799113493    
  0.4953812380       1.858271513    
  0.4968512120       1.941203141    
  0.4983211860       2.049812035    
  0.4997911600       2.176196558    
  0.5012611340       2.310507955    
  0.5027311080       2.444424119    
  0.5042010820       2.580290173    
  0.5056710560       2.714382693    
  0.5071410300       2.832564927    
  0.5086110040       2.914700734    
  0.5100809780       2.950782587    
  0.5115509520       2.954788968    
  0.5130209260       2.945033762    
  0.5144909000       2.934849255    
  0.5159608740       2.913233540    
  0.5174308480       2.867326172    
  0.5189008220       2.792214718    
  0.5203707960       2.695775759    
  0.5218407700       2.588338528    
  0.5233107440       2.473537707    
  0.5247807180       2.356981380    
  0.5262506920       2.244045538    
  0.5277206660       2.141629045    
  0.5291906400       2.051589086    
  0.5306606140       1.973501352    
  0.5321305880       1.907727658    
  0.5336005620       1.851092001    
  0.5350705360       1.799444613    
  0.5365405100       1.744492925    
  0.5380104840       1.684288978    
  0.5394804580       1.621320186    
  0.5409504320       1.561208987    
  0.5424204060       1.507988043    
  0.5438903800       1.460812577    
  0.5453603540       1.420656048    
  0.5468303280       1.383629677    
  0.5483003020       1.350800212    
  0.5497702760       1.314943362    
  0.5512402500       1.289343763    
  0.5527102240       1.258405212    
  0.5541801980       1.216809502    
  0.5556501720       1.117291752    
  0.5571201460      0.9834617001    
  0.5585901200      0.8408407288    
  0.5600600940      0.7481460373    
  0.5615300680      0.7005160107    
  0.5630000420      0.6794329201    
  0.5644700160      0.6628365517    
  0.5659399900      0.6446031391    
  0.5674099640      0.6275020547    
  0.5688799380      0.6099902940    
  0.5703499120      0.5920564078    
  0.5718198860      0.5756233951    
  0.5732898600      0.5594786758    
  0.5747598340      0.5504831768    
  0.5762298080      0.5460208873    
  0.5776997820      0.5478051151    
  0.5791697560      0.5358441798    
  0.5806397300      0.4998195982    
  0.5821097040      0.4292546430    
  0.5835796780      0.3423811488    
  0.5850496520      0.2560512838    
  0.5865196260      0.1872025198    
  0.5879896000      0.1353574773    
  0.5894595740      0.9733557609E-01
  0.5909295480      0.6781714243E-01
  0.5923995220      0.4526102542E-01
  0.5938694960      0.2802004185E-01
  0.5953394700      0.1585688407E-01
  0.5968094440      0.7725154064E-02
  0.5982794180      0.3214799532E-02
  0.5997493920      0.1011450971E-02
  0.6012193660      0.2418302531E-03
  0.6026893400      0.2309163350E-04
  0.6041593140       0.000000000    
  0.6056292880      0.4222336115E-05
  0.6070992620      0.1266700835E-04
  0.6085692360      0.4451743515E-04
  0.6100392100      0.1344141487E-03
  0.6115091840      0.3671039060E-03
  0.6129791580      0.8231737226E-03
  0.6144491320      0.1518804661E-02
  0.6159191060      0.2425254221E-02
  0.6173890800      0.3540591422E-02
  0.6188590540      0.5027836807E-02
  0.6203290280      0.7012303596E-02
  0.6217990020      0.9497272459E-02
  0.6232689760      0.1234528119E-01
  0.6247389500      0.1549259870E-01
  0.6262089240      0.1910307666E-01
  0.6276788980      0.2331281252E-01
  0.6291488720      0.2829556833E-01
  0.6306188460      0.3383521077E-01
  0.6320888200      0.3998049919E-01
  0.6335587940      0.4650023322E-01
  0.6350287680      0.5394490316E-01
  0.6364987420      0.6241405131E-01
  0.6379687160      0.7277014678E-01
  0.6394386900      0.8521991456E-01
  0.6409086640      0.1008548452    
  0.6423786380      0.1209323290    
  0.6438486120      0.1454967759    
  0.6453185860      0.1722372251    
  0.6467885600      0.1960938192    
  0.6482585340      0.2146628070    
  0.6497285080      0.2288740795    
  0.6511984820      0.2424104418    
  0.6526684560      0.2576028320    
  0.6541384300      0.2743829509    
  0.6556084040      0.2922933866    
  0.6570783780      0.3105627608    
  0.6585483520      0.3295575539    
  0.6600183260      0.3490623633    
  0.6614883000      0.3692152942    
  0.6629582740      0.3896341713    
  0.6644282480      0.4106818959    
  0.6658982220      0.4328515293    
  0.6673681960      0.4581349631    
  0.6688381700      0.4860493892    
  0.6703081440      0.5148368228    
  0.6717781180      0.5381165528    
  0.6732480920      0.5535645468    
  0.6747180660      0.5609739674    
  0.6761880400      0.5658428613    
  0.6776580140      0.5703431508    
  0.6791279880      0.5762004596    
  0.6805979620      0.5821177871    
  0.6820679360      0.5887083351    
  0.6835379100      0.5959408925    
  0.6850078840      0.6037242213    
  0.6864778580      0.6113619035    
  0.6879478320      0.6181090009    
  0.6894178060      0.6244256140    
  0.6908877800      0.6309424815    
  0.6923577540      0.6377956165    
  0.6938277280      0.6449273721    
  0.6952977020      0.6514407270    
  0.6967676760      0.6578249759    
  0.6982376500      0.6638895477    
  0.6997076240      0.6701007366    
  0.7011775980      0.6760553666    
  0.7026475720      0.6815052364    
  0.7041175460      0.6873159643    
  0.7055875200      0.6935466524    
  0.7070574940      0.7016108493    
  0.7085274680      0.7099147658    
  0.7099974420      0.7192554292    
  0.7114674160      0.7282573593    
  0.7129373900      0.7390046734    
  0.7144073640      0.7512666320    
  0.7158773380      0.7666037508    
  0.7173473120      0.7851597305    
  0.7188172860      0.8093438767    
  0.7202872600      0.8398635397    
  0.7217572340      0.8753595833    
  0.7232272080      0.9103912255    
  0.7246971820      0.9412768786    
  0.7261671560      0.9678496807    
  0.7276371300      0.9942582565    
  0.7291071040       1.023941533    
  0.7305770780       1.058903860    
  0.7320470520       1.099277418    
  0.7335170260       1.143322834    

 -0.7349870000      0.5189003607E-03
 -0.7335170260      0.5354295838E-03
 -0.7320470520      0.5564053977E-03
 -0.7305770780      0.5811132763E-03
 -0.7291071040      0.6076816057E-03
 -0.7276371300      0.6334424021E-03
 -0.7261671560      0.6590567824E-03
 -0.7246971820      0.6838460047E-03
 -0.7232272080      0.7084283263E-03
 -0.7217572340      0.7321189978E-03
 -0.7202872600      0.7557412934E-03
 -0.7188172860      0.7798539927E-03
 -0.7173473120      0.8065555351E-03
 -0.7158773380      0.8346900219E-03
 -0.7144073640      0.8640373032E-03
 -0.7129373900      0.8939555758E-03
 -0.7114674160      0.9255581923E-03
 -0.7099974420      0.9577307308E-03
 -0.7085274680      0.9896886723E-03
 -0.7070574940      0.1021882213E-02
 -0.7055875200      0.1054931149E-02
 -0.7041175460      0.1089634643E-02
 -0.7026475720      0.1125590129E-02
 -0.7011775980      0.1163148884E-02
 -0.6997076240      0.1201795149E-02
 -0.6982376500      0.1240302128E-02
 -0.6967676760      0.1278939752E-02
 -0.6952977020      0.1317776476E-02
 -0.6938277280      0.1360259035E-02
 -0.6923577540      0.1404723939E-02
 -0.6908877800      0.1452002973E-02
 -0.6894178060      0.1497522795E-02
 -0.6879478320      0.1544851972E-02
 -0.6864778580      0.1590837598E-02
 -0.6850078840      0.1637057562E-02
 -0.6835379100      0.1679867354E-02
 -0.6820679360      0.1723134078E-02
 -0.6805979620      0.1767107660E-02
 -0.6791279880      0.1814500130E-02
 -0.6776580140      0.1861899074E-02
 -0.6761880400      0.1911788711E-02
 -0.6747180660      0.1959674999E-02
 -0.6732480920      0.2011726850E-02
 -0.6717781180      0.2061507875E-02
 -0.6703081440      0.2116180410E-02
 -0.6688381700      0.2167021263E-02
 -0.6673681960      0.2221954461E-02
 -0.6658982220      0.2276897534E-02
 -0.6644282480      0.2337657334E-02
 -0.6629582740      0.2401679619E-02
 -0.6614883000      0.2465609246E-02
 -0.6600183260      0.2531538631E-02
 -0.6585483520      0.2595027959E-02
 -0.6570783780      0.2665856423E-02
 -0.6556084040      0.2734585516E-02
 -0.6541384300      0.2809422483E-02
 -0.6526684560      0.2876795390E-02
 -0.6511984820      0.2948207370E-02
 -0.6497285080      0.3016654490E-02
 -0.6482585340      0.3096048421E-02
 -0.6467885600      0.3179770614E-02
 -0.6453185860      0.3270464871E-02
 -0.6438486120      0.3360930480E-02
 -0.6423786380      0.3450293009E-02
 -0.6409086640      0.3540042679E-02
 -0.6394386900      0.3627649843E-02
 -0.6379687160      0.3722708988E-02
 -0.6364987420      0.3818570846E-02
 -0.6350287680      0.3917964506E-02
 -0.6335587940      0.4008159915E-02
 -0.6320888200      0.4099131588E-02
 -0.6306188460      0.4198373484E-02
 -0.6291488720      0.4311323545E-02
 -0.6276788980      0.4433688349E-02
 -0.6262089240      0.4555754951E-02
 -0.6247389500      0.4681357238E-02
 -0.6232689760      0.4808301483E-02
 -0.6217990020      0.4943812023E-02
 -0.6203290280      0.5081550605E-02
 -0.6188590540      0.5231743711E-02
 -0.6173890800      0.5385348571E-02
 -0.6159191060      0.5555744900E-02
 -0.6144491320      0.5731401916E-02
 -0.6129791580      0.5930665187E-02
 -0.6115091840      0.6139620955E-02
 -0.6100392100      0.6373688433E-02
 -0.6085692360      0.6629388842E-02
 -0.6070992620      0.6942036068E-02
 -0.6056292880      0.7322075053E-02
 -0.6041593140      0.7754611411E-02
 -0.6026893400      0.8171420321E-02
 -0.6012193660      0.8494602961E-02
 -0.5997493920      0.8713536683E-02
 -0.5982794180      0.8846354507E-02
 -0.5968094440      0.8972414039E-02
 -0.5953394700      0.9085333372E-02
 -0.5938694960      0.9213299367E-02
 -0.5923995220      0.9286579870E-02
 -0.5909295480      0.9334633260E-02
 -0.5894595740      0.9322051618E-02
 -0.5879896000      0.9318720548E-02
 -0.5865196260      0.9304741577E-02
 -0.5850496520      0.9327592735E-02
 -0.5835796780      0.9355966825E-02
 -0.5821097040      0.9426346252E-02
 -0.5806397300      0.9518815372E-02
 -0.5791697560      0.9642021869E-02
 -0.5776997820      0.9734299145E-02
 -0.5762298080      0.9751741965E-02
 -0.5747598340      0.9674174629E-02
 -0.5732898600      0.9531144864E-02
 -0.5718198860      0.9382937994E-02
 -0.5703499120      0.9236724311E-02
 -0.5688799380      0.9123595174E-02
 -0.5674099640      0.9014772791E-02
 -0.5659399900      0.8940965278E-02
 -0.5644700160      0.8865846100E-02
 -0.5630000420      0.8805745643E-02
 -0.5615300680      0.8737404260E-02
 -0.5600600940      0.8677932556E-02
 -0.5585901200      0.8626901234E-02
 -0.5571201460      0.8587593054E-02
 -0.5556501720      0.8558576520E-02
 -0.5541801980      0.8527929465E-02
 -0.5527102240      0.8494356744E-02
 -0.5512402500      0.8456193953E-02
 -0.5497702760      0.8417765008E-02
 -0.5483003020      0.8387281492E-02
 -0.5468303280      0.8356206005E-02
 -0.5453603540      0.8333080338E-02
 -0.5438903800      0.8303651114E-02
 -0.5424204060      0.8286716484E-02
 -0.5409504320      0.8267741391E-02
 -0.5394804580      0.8257806584E-02
 -0.5380104840      0.8238211640E-02
 -0.5365405100      0.8226273971E-02
 -0.5350705360      0.8221518911E-02
 -0.5336005620      0.8233697768E-02
 -0.5321305880      0.8245269739E-02
 -0.5306606140      0.8250680698E-02
 -0.5291906400      0.8242188121E-02
 -0.5277206660      0.8218848033E-02
 -0.5262506920      0.8168746819E-02
 -0.5247807180      0.8097757383E-02
 -0.5233107440      0.8013755239E-02
 -0.5218407700      0.7943388858E-02
 -0.5203707960      0.7879490266E-02
 -0.5189008220      0.7832260304E-02
 -0.5174308480      0.7781169661E-02
 -0.5159608740      0.7739482733E-02
 -0.5144909000      0.7701725148E-02
 -0.5130209260      0.7692032837E-02
 -0.5115509520      0.7724885109E-02
 -0.5100809780      0.7801588954E-02
 -0.5086110040      0.7903224224E-02
 -0.5071410300      0.7992475877E-02
 -0.5056710560      0.8064246470E-02
 -0.5042010820      0.8113265028E-02
 -0.5027311080      0.8100629141E-02
 -0.5012611340      0.7931099186E-02
 -0.4997911600      0.7508051337E-02
 -0.4983211860      0.6857687543E-02
 -0.4968512120      0.6090466753E-02
 -0.4953812380      0.5357447132E-02
 -0.4939112640      0.4711297348E-02
 -0.4924412900      0.4154598873E-02
 -0.4909713160      0.3664425435E-02
 -0.4895013420      0.3250727409E-02
 -0.4880313680      0.2929324179E-02
 -0.4865613940      0.2709639606E-02
 -0.4850914200      0.2576200437E-02
 -0.4836214460      0.2501895541E-02
 -0.4821514720      0.2441813627E-02
 -0.4806814980      0.2367987824E-02
 -0.4792115240      0.2275480205E-02
 -0.4777415500      0.2189651438E-02
 -0.4762715760      0.2125479776E-02
 -0.4748016020      0.2094841194E-02
 -0.4733316280      0.2085562591E-02
 -0.4718616540      0.2115638480E-02
 -0.4703916800      0.2174349626E-02
 -0.4689217060      0.2280909102E-02
 -0.4674517320      0.2413842318E-02
 -0.4659817580      0.2584045931E-02
 -0.4645117840      0.2781729783E-02
 -0.4630418100      0.3039842367E-02
 -0.4615718360      0.3372410943E-02
 -0.4601018620      0.3809302561E-02
 -0.4586318880      0.4323549923E-02
 -0.4571619140      0.4915050079E-02
 -0.4556919400      0.5548644254E-02
 -0.4542219660      0.6249550709E-02
 -0.4527519920      0.6991676376E-02
 -0.4512820180      0.7799013441E-02
 -0.4498120440      0.8649544593E-02
 -0.4483420700      0.9606912741E-02
 -0.4468720960      0.1075062916E-01
 -0.4454021220      0.1225406031E-01
 -0.4439321480      0.1416559696E-01
 -0.4424621740      0.1629629503E-01
 -0.4409922000      0.1816653423E-01
 -0.4395222260      0.1935980490E-01
 -0.4380522520      0.1981940805E-01
 -0.4365822780      0.1985946030E-01
 -0.4351123040      0.1986335643E-01
 -0.4336423300      0.2001152050E-01
 -0.4321723560      0.2032993869E-01
 -0.4307023820      0.2068143609E-01
 -0.4292324080      0.2090373697E-01
 -0.4277624340      0.2074821032E-01
 -0.4262924600      0.2015218292E-01
 -0.4248224860      0.1919155576E-01
 -0.4233525120      0.1809450975E-01
 -0.4218825380      0.1705622773E-01
 -0.4204125640      0.1616545152E-01
 -0.4189425900      0.1550260924E-01
 -0.4174726160      0.1497986016E-01
 -0.4160026420      0.1461068678E-01
 -0.4145326680      0.1425460930E-01
 -0.4130626940      0.1398947778E-01
 -0.4115927200      0.1372645501E-01
 -0.4101227460      0.1354014878E-01
 -0.4086527720      0.1333698904E-01
 -0.4071827980      0.1318249967E-01
 -0.4057128240      0.1302662831E-01
 -0.4042428500      0.1291701830E-01
 -0.4027728760      0.1279879818E-01
 -0.4013029020      0.1269932400E-01
 -0.3998329280      0.1258499002E-01
 -0.3983629540      0.1249186599E-01
 -0.3968929800      0.1239743060E-01
 -0.3954230060      0.1232711316E-01
 -0.3939530320      0.1227686620E-01
 -0.3924830580      0.1223787571E-01
 -0.3910130840      0.1221780712E-01
 -0.3895431100      0.1216937409E-01
 -0.3880731360      0.1214014005E-01
 -0.3866031620      0.1206941076E-01
 -0.3851331880      0.1203102890E-01
 -0.3836632140      0.1195133159E-01
 -0.3821932400      0.1191302150E-01
 -0.3807232660      0.1182320989E-01
 -0.3792532920      0.1176510275E-01
 -0.3777833180      0.1165297063E-01
 -0.3763133440      0.1159206149E-01
 -0.3748433700      0.1149369895E-01
 -0.3733733960      0.1144692699E-01
 -0.3719034220      0.1135248381E-01
 -0.3704334480      0.1130198060E-01
 -0.3689634740      0.1120730554E-01
 -0.3674935000      0.1115973104E-01
 -0.3660235260      0.1107875173E-01
 -0.3645535520      0.1103396423E-01
 -0.3630835780      0.1095884509E-01
 -0.3616136040      0.1091509476E-01
 -0.3601436300      0.1087660129E-01
 -0.3586736560      0.1086307779E-01
 -0.3572036820      0.1084677882E-01
 -0.3557337080      0.1082136934E-01
 -0.3542637340      0.1081036051E-01
 -0.3527937600      0.1081526980E-01
 -0.3513237860      0.1087438698E-01
 -0.3498538120      0.1097575128E-01
 -0.3483838380      0.1113949321E-01
 -0.3469138640      0.1131924578E-01
 -0.3454438900      0.1153262937E-01
 -0.3439739160      0.1177622530E-01
 -0.3425039420      0.1210111832E-01
 -0.3410339680      0.1248267447E-01
 -0.3395639940      0.1289967475E-01
 -0.3380940200      0.1329974823E-01
 -0.3366240460      0.1365852680E-01
 -0.3351540720      0.1398603817E-01
 -0.3336840980      0.1428253097E-01
 -0.3322141240      0.1458809806E-01
 -0.3307441500      0.1487495363E-01
 -0.3292741760      0.1518257828E-01
 -0.3278042020      0.1546481378E-01
 -0.3263342280      0.1574026307E-01
 -0.3248642540      0.1594263267E-01
 -0.3233942800      0.1609567493E-01
 -0.3219243060      0.1619703756E-01
 -0.3204543320      0.1630337179E-01
 -0.3189843580      0.1643107753E-01
 -0.3175143840      0.1660070331E-01
 -0.3160444100      0.1678760637E-01
 -0.3145744360      0.1698462873E-01
 -0.3131044620      0.1716737705E-01
 -0.3116344880      0.1735435119E-01
 -0.3101645140      0.1750740247E-01
 -0.3086945400      0.1761503609E-01
 -0.3072245660      0.1766829503E-01
 -0.3057545920      0.1770123078E-01
 -0.3042846180      0.1776206006E-01
 -0.3028146440      0.1783657584E-01
 -0.3013446700      0.1796457323E-01
 -0.2998746960      0.1810054940E-01
 -0.2984047220      0.1828704902E-01
 -0.2969347480      0.1847395369E-01
 -0.2954647740      0.1869855752E-01
 -0.2939948000      0.1893005222E-01
 -0.2925248260      0.1917259970E-01
 -0.2910548520      0.1941891580E-01
 -0.2895848780      0.1965360671E-01
 -0.2881149040      0.1988823286E-01
 -0.2866449300      0.2009381123E-01
 -0.2851749560      0.2029132102E-01
 -0.2837049820      0.2047160936E-01
 -0.2822350080      0.2064011542E-01
 -0.2807650340      0.2080661348E-01
 -0.2792950600      0.2095306003E-01
 -0.2778250860      0.2110169282E-01
 -0.2763551120      0.2121572955E-01
 -0.2748851380      0.2135265281E-01
 -0.2734151640      0.2150251783E-01
 -0.2719451900      0.2171932836E-01
 -0.2704752160      0.2195241602E-01
 -0.2690052420      0.2223630093E-01
 -0.2675352680      0.2255315416E-01
 -0.2660652940      0.2294037458E-01
 -0.2645953200      0.2335380509E-01
 -0.2631253460      0.2377513606E-01
 -0.2616553720      0.2419231642E-01
 -0.2601853980      0.2459623798E-01
 -0.2587154240      0.2497251907E-01
 -0.2572454500      0.2529098843E-01
 -0.2557754760      0.2559363505E-01
 -0.2543055020      0.2596582957E-01
 -0.2528355280      0.2642842973E-01
 -0.2513655540      0.2699432442E-01
 -0.2498955800      0.2761012469E-01
 -0.2484256060      0.2833504291E-01
 -0.2469556320      0.2912968500E-01
 -0.2454856580      0.2989287109E-01
 -0.2440156840      0.3049263363E-01
 -0.2425457100      0.3083187992E-01
 -0.2410757360      0.3100693244E-01
 -0.2396057620      0.3105383738E-01
 -0.2381357880      0.3108556723E-01
 -0.2366658140      0.3112185362E-01
 -0.2351958400      0.3122213404E-01
 -0.2337258660      0.3140099605E-01
 -0.2322558920      0.3158669908E-01
 -0.2307859180      0.3175464474E-01
 -0.2293159440      0.3188201164E-01
 -0.2278459700      0.3204799502E-01
 -0.2263759960      0.3226734411E-01
 -0.2249060220      0.3254230258E-01
 -0.2234360480      0.3280926306E-01
 -0.2219660740      0.3306898457E-01
 -0.2204961000      0.3329139113E-01
 -0.2190261260      0.3352336630E-01
 -0.2175561520      0.3370538923E-01
 -0.2160861780      0.3387819750E-01
 -0.2146162040      0.3403057925E-01
 -0.2131462300      0.3420961697E-01
 -0.2116762560      0.3439142567E-01
 -0.2102062820      0.3459184526E-01
 -0.2087363080      0.3481921585E-01
 -0.2072663340      0.3507439186E-01
 -0.2057963600      0.3532870140E-01
 -0.2043263860      0.3556982894E-01
 -0.2028564120      0.3580142620E-01
 -0.2013864380      0.3600218347E-01
 -0.1999164640      0.3620023815E-01
 -0.1984464900      0.3639669645E-01
 -0.1969765160      0.3664921039E-01
 -0.1955065420      0.3689038915E-01
 -0.1940365680      0.3715196532E-01
 -0.1925665940      0.3738675237E-01
 -0.1910966200      0.3767117377E-01
 -0.1896266460      0.3793677370E-01
 -0.1881566720      0.3824880277E-01
 -0.1866866980      0.3855199201E-01
 -0.1852167240      0.3889831298E-01
 -0.1837467500      0.3917369771E-01
 -0.1822767760      0.3939211299E-01
 -0.1808068020      0.3951327901E-01
 -0.1793368280      0.3961095844E-01
 -0.1778668540      0.3969849513E-01
 -0.1763968800      0.3982945290E-01
 -0.1749269060      0.4000281147E-01
 -0.1734569320      0.4019096802E-01
 -0.1719869580      0.4035764590E-01
 -0.1705169840      0.4049476691E-01
 -0.1690470100      0.4063522232E-01
 -0.1675770360      0.4076356418E-01
 -0.1661070620      0.4086790600E-01
 -0.1646370880      0.4092837503E-01
 -0.1631671140      0.4095439753E-01
 -0.1616971400      0.4099346679E-01
 -0.1602271660      0.4103920713E-01
 -0.1587571920      0.4115953661E-01
 -0.1572872180      0.4128797364E-01
 -0.1558172440      0.4145901412E-01
 -0.1543472700      0.4161793078E-01
 -0.1528772960      0.4184612549E-01
 -0.1514073220      0.4220247710E-01
 -0.1499373480      0.4271243180E-01
 -0.1484673740      0.4336279278E-01
 -0.1469974000      0.4398355683E-01
 -0.1455274260      0.4453796518E-01
 -0.1440574520      0.4489962217E-01
 -0.1425874780      0.4515264827E-01
 -0.1411175040      0.4522635059E-01
 -0.1396475300      0.4518325884E-01
 -0.1381775560      0.4498987822E-01
 -0.1367075820      0.4476008266E-01
 -0.1352376080      0.4452154320E-01
 -0.1337676340      0.4432550664E-01
 -0.1322976600      0.4410759792E-01
 -0.1308276860      0.4402028820E-01
 -0.1293577120      0.4409196493E-01
 -0.1278877380      0.4439553407E-01
 -0.1264177640      0.4449357683E-01
 -0.1249477900      0.4418171027E-01
 -0.1234778160      0.4325004314E-01
 -0.1220078420      0.4197447061E-01
 -0.1205378680      0.4050493757E-01
 -0.1190678940      0.3906397926E-01
 -0.1175979200      0.3778249800E-01
 -0.1161279460      0.3677049059E-01
 -0.1146579720      0.3602990538E-01
 -0.1131879980      0.3543695344E-01
 -0.1117180240      0.3491869880E-01
 -0.1102480500      0.3446175860E-01
 -0.1087780760      0.3409698055E-01
 -0.1073081020      0.3376842746E-01
 -0.1058381280      0.3336477011E-01
 -0.1043681540      0.3277625146E-01
 -0.1028981800      0.3202085595E-01
 -0.1014282060      0.3116154907E-01
 -0.9995823200E-01  0.3033768438E-01
 -0.9848825800E-01  0.2959754137E-01
 -0.9701828400E-01  0.2902667304E-01
 -0.9554831000E-01  0.2857156776E-01
 -0.9407833600E-01  0.2820057658E-01
 -0.9260836200E-01  0.2781800321E-01
 -0.9113838800E-01  0.2746096745E-01
 -0.8966841400E-01  0.2715072944E-01
 -0.8819844000E-01  0.2693837506E-01
 -0.8672846600E-01  0.2678332514E-01
 -0.8525849200E-01  0.2672562549E-01
 -0.8378851800E-01  0.2671620631E-01
 -0.8231854400E-01  0.2669806065E-01
 -0.8084857000E-01  0.2641982973E-01
 -0.7937859600E-01  0.2583161639E-01
 -0.7790862200E-01  0.2499355742E-01
 -0.7643864800E-01  0.2421603063E-01
 -0.7496867400E-01  0.2358304483E-01
 -0.7349870000E-01  0.2308217549E-01
 -0.7202872600E-01  0.2253846055E-01
 -0.7055875200E-01  0.2195424189E-01
 -0.6908877800E-01  0.2135948017E-01
 -0.6761880400E-01  0.2084629646E-01
 -0.6614883000E-01  0.2040896405E-01
 -0.6467885600E-01  0.2005725626E-01
 -0.6320888200E-01  0.1977850344E-01
 -0.6173890800E-01  0.1961079656E-01
 -0.6026893400E-01  0.1961301990E-01
 -0.5879896000E-01  0.1989211552E-01
 -0.5732898600E-01  0.2035835199E-01
 -0.5585901200E-01  0.2068302498E-01
 -0.5438903800E-01  0.2035759733E-01
 -0.5291906400E-01  0.1929117500E-01
 -0.5144909000E-01  0.1779253466E-01
 -0.4997911600E-01  0.1641725995E-01
 -0.4850914200E-01  0.1537079370E-01
 -0.4703916800E-01  0.1463088496E-01
 -0.4556919400E-01  0.1405099344E-01
 -0.4409922000E-01  0.1359664971E-01
 -0.4262924600E-01  0.1324857423E-01
 -0.4115927200E-01  0.1296907554E-01
 -0.3968929800E-01  0.1270017977E-01
 -0.3821932400E-01  0.1239585537E-01
 -0.3674935000E-01  0.1200049152E-01
 -0.3527937600E-01  0.1142960068E-01
 -0.3380940200E-01  0.1054325378E-01
 -0.3233942800E-01  0.9323537076E-02
 -0.3086945400E-01  0.7829649265E-02
 -0.2939948000E-01  0.6258446833E-02
 -0.2792950600E-01  0.4742648220E-02
 -0.2645953200E-01  0.3419996245E-02
 -0.2498955800E-01  0.2338976134E-02
 -0.2351958400E-01  0.1522645124E-02
 -0.2204961000E-01  0.9274025050E-03
 -0.2057963600E-01  0.5178447176E-03
 -0.1910966200E-01  0.2517359767E-03
 -0.1763968800E-01  0.1025692356E-03
 -0.1616971400E-01  0.3160146420E-04
 -0.1469974000E-01  0.6614491796E-05
 -0.1322976600E-01  0.7106717215E-06
 -0.1175979200E-01   0.000000000    
 -0.1028981800E-01   0.000000000    
 -0.8819844000E-02   0.000000000    
 -0.7349870000E-02   0.000000000    
 -0.5879896000E-02   0.000000000    
 -0.4409922000E-02   0.000000000    
 -0.2939948000E-02   0.000000000    
 -0.1469974000E-02   0.000000000    
  0.4250072516E-16   0.000000000    
  0.1469974000E-02   0.000000000    
  0.2939948000E-02   0.000000000    
  0.4409922000E-02   0.000000000    
  0.5879896000E-02   0.000000000    
  0.7349870000E-02   0.000000000    
  0.8819844000E-02   0.000000000    
  0.1028981800E-01   0.000000000    
  0.1175979200E-01   0.000000000    
  0.1322976600E-01   0.000000000    
  0.1469974000E-01   0.000000000    
  0.1616971400E-01   0.000000000    
  0.1763968800E-01   0.000000000    
  0.1910966200E-01   0.000000000    
  0.2057963600E-01   0.000000000    
  0.2204961000E-01   0.000000000    
  0.2351958400E-01   0.000000000    
  0.2498955800E-01   0.000000000    
  0.2645953200E-01   0.000000000    
  0.2792950600E-01   0.000000000    
  0.2939948000E-01   0.000000000    
  0.3086945400E-01   0.000000000    
  0.3233942800E-01   0.000000000    
  0.3380940200E-01   0.000000000    
  0.3527937600E-01   0.000000000    
  0.3674935000E-01   0.000000000    
  0.3821932400E-01   0.000000000    
  0.3968929800E-01   0.000000000    
  0.4115927200E-01   0.000000000    
  0.4262924600E-01   0.000000000    
  0.4409922000E-01   0.000000000    
  0.4556919400E-01   0.000000000    
  0.4703916800E-01   0.000000000    
  0.4850914200E-01   0.000000000    
  0.4997911600E-01   0.000000000    
  0.5144909000E-01   0.000000000    
  0.5291906400E-01   0.000000000    
  0.5438903800E-01   0.000000000    
  0.5585901200E-01   0.000000000    
  0.5732898600E-01   0.000000000    
  0.5879896000E-01   0.000000000    
  0.6026893400E-01   0.000000000    
  0.6173890800E-01   0.000000000    
  0.6320888200E-01   0.000000000    
  0.6467885600E-01   0.000000000    
  0.6614883000E-01   0.000000000    
  0.6761880400E-01   0.000000000    
  0.6908877800E-01   0.000000000    
  0.7055875200E-01   0.000000000    
  0.7202872600E-01   0.000000000    
  0.7349870000E-01   0.000000000    
  0.7496867400E-01   0.000000000    
  0.7643864800E-01   0.000000000    
  0.7790862200E-01   0.000000000    
  0.7937859600E-01   0.000000000    
  0.8084857000E-01   0.000000000    
  0.8231854400E-01   0.000000000    
  0.8378851800E-01   0.000000000    
  0.8525849200E-01   0.000000000    
  0.8672846600E-01   0.000000000    
  0.8819844000E-01   0.000000000    
  0.8966841400E-01   0.000000000    
  0.9113838800E-01   0.000000000    
  0.9260836200E-01   0.000000000    
  0.9407833600E-01   0.000000000    
  0.9554831000E-01   0.000000000    
  0.9701828400E-01   0.000000000    
  0.9848825800E-01   0.000000000    
  0.9995823200E-01   0.000000000    
  0.1014282060       0.000000000    
  0.1028981800       0.000000000    
  0.1043681540       0.000000000    
  0.1058381280       0.000000000    
  0.1073081020       0.000000000    
  0.1087780760       0.000000000    
  0.1102480500       0.000000000    
  0.1117180240       0.000000000    
  0.1131879980       0.000000000    
  0.1146579720       0.000000000    
  0.1161279460       0.000000000    
  0.1175979200       0.000000000    
  0.1190678940       0.000000000    
  0.1205378680       0.000000000    
  0.1220078420       0.000000000    
  0.1234778160       0.000000000    
  0.1249477900       0.000000000    
  0.1264177640       0.000000000    
  0.1278877380       0.000000000    
  0.1293577120       0.000000000    
  0.1308276860      0.3316815504E-06
  0.1322976600      0.2982918449E-05
  0.1337676340      0.1755433279E-04
  0.1352376080      0.6920931691E-04
  0.1367075820      0.2088976965E-03
  0.1381775560      0.5063203954E-03
  0.1396475300      0.1058384436E-02
  0.1411175040      0.1960214105E-02
  0.1425874780      0.3289954992E-02
  0.1440574520      0.5032653812E-02
  0.1455274260      0.7095866430E-02
  0.1469974000      0.9389009049E-02
  0.1484673740      0.1185976964E-01
  0.1499373480      0.1452045244E-01
  0.1514073220      0.1726199106E-01
  0.1528772960      0.2003230135E-01
  0.1543472700      0.2286287600E-01
  0.1558172440      0.2597804709E-01
  0.1572872180      0.2945943279E-01
  0.1587571920      0.3301601636E-01
  0.1602271660      0.3618496549E-01
  0.1616971400      0.3862743548E-01
  0.1631671140      0.4046547078E-01
  0.1646370880      0.4196236324E-01
  0.1661070620      0.4345491028E-01
  0.1675770360      0.4500944911E-01
  0.1690470100      0.4670913351E-01
  0.1705169840      0.4840746942E-01
  0.1719869580      0.5015182455E-01
  0.1734569320      0.5177929776E-01
  0.1749269060      0.5329341762E-01
  0.1763968800      0.5459284494E-01
  0.1778668540      0.5586435355E-01
  0.1793368280      0.5732536141E-01
  0.1808068020      0.5914862639E-01
  0.1822767760      0.6138355533E-01
  0.1837467500      0.6394104566E-01
  0.1852167240      0.6676653702E-01
  0.1866866980      0.6967553601E-01
  0.1881566720      0.7268575147E-01
  0.1896266460      0.7588468343E-01
  0.1910966200      0.7943125533E-01
  0.1925665940      0.8324148761E-01
  0.1940365680      0.8702044988E-01
  0.1955065420      0.9032859759E-01
  0.1969765160      0.9269369879E-01
  0.1984464900      0.9397968279E-01
  0.1999164640      0.9449010508E-01
  0.2013864380      0.9470825281E-01
  0.2028564120      0.9473234500E-01
  0.2043263860      0.9452821576E-01
  0.2057963600      0.9421784954E-01
  0.2072663340      0.9422544016E-01
  0.2087363080      0.9473615789E-01
  0.2102062820      0.9572619740E-01
  0.2116762560      0.9703441702E-01
  0.2131462300      0.9847329148E-01
  0.2146162040      0.9987073093E-01
  0.2160861780      0.1010751347    
  0.2175561520      0.1021472911    
  0.2190261260      0.1030984632    
  0.2204961000      0.1039645906    
  0.2219660740      0.1048012228    
  0.2234360480      0.1056557467    
  0.2249060220      0.1066242955    
  0.2263759960      0.1076770546    
  0.2278459700      0.1089028798    
  0.2293159440      0.1104328409    
  0.2307859180      0.1121969289    
  0.2322558920      0.1140461224    
  0.2337258660      0.1154783491    
  0.2351958400      0.1165349016    
  0.2366658140      0.1173442363    
  0.2381357880      0.1183183791    
  0.2396057620      0.1195453714    
  0.2410757360      0.1209113634    
  0.2425457100      0.1223996194    
  0.2440156840      0.1238994201    
  0.2454856580      0.1255473072    
  0.2469556320      0.1273081205    
  0.2484256060      0.1292293881    
  0.2498955800      0.1312263221    
  0.2513655540      0.1332927800    
  0.2528355280      0.1355074162    
  0.2543055020      0.1380441893    
  0.2557754760      0.1409637459    
  0.2572454500      0.1442204210    
  0.2587154240      0.1477527032    
  0.2601853980      0.1516585068    
  0.2616553720      0.1561030242    
  0.2631253460      0.1611768724    
  0.2645953200      0.1670908488    
  0.2660652940      0.1741672818    
  0.2675352680      0.1823284204    
  0.2690052420      0.1908157854    
  0.2704752160      0.1986284450    
  0.2719451900      0.2057215786    
  0.2734151640      0.2128513714    
  0.2748851380      0.2208552634    
  0.2763551120      0.2294273743    
  0.2778250860      0.2372464105    
  0.2792950600      0.2422764097    
  0.2807650340      0.2423215092    
  0.2822350080      0.2355619937    
  0.2837049820      0.2211398350    
  0.2851749560      0.2004682122    
  0.2866449300      0.1767238382    
  0.2881149040      0.1539965052    
  0.2895848780      0.1351385384    
  0.2910548520      0.1214490098    
  0.2925248260      0.1129581549    
  0.2939948000      0.1087900470    
  0.2954647740      0.1080658023    
  0.2969347480      0.1096305684    
  0.2984047220      0.1131893658    
  0.2998746960      0.1180041292    
  0.3013446700      0.1238257095    
  0.3028146440      0.1300096675    
  0.3042846180      0.1367832509    
  0.3057545920      0.1443166127    
  0.3072245660      0.1525789077    
  0.3086945400      0.1607539991    
  0.3101645140      0.1672932765    
  0.3116344880      0.1713386992    
  0.3131044620      0.1730468225    
  0.3145744360      0.1744662514    
  0.3160444100      0.1770674759    
  0.3175143840      0.1808630392    
  0.3189843580      0.1833317572    
  0.3204543320      0.1823841058    
  0.3219243060      0.1779803502    
  0.3233942800      0.1723431082    
  0.3248642540      0.1676203678    
  0.3263342280      0.1640703615    
  0.3278042020      0.1611048984    
  0.3292741760      0.1581001563    
  0.3307441500      0.1557941318    
  0.3322141240      0.1547060477    
  0.3336840980      0.1550809097    
  0.3351540720      0.1564635429    
  0.3366240460      0.1584426819    
  0.3380940200      0.1609197898    
  0.3395639940      0.1636632663    
  0.3410339680      0.1665570177    
  0.3425039420      0.1693085636    
  0.3439739160      0.1720354255    
  0.3454438900      0.1749100360    
  0.3469138640      0.1783938576    
  0.3483838380      0.1823812149    
  0.3498538120      0.1860862731    
  0.3513237860      0.1885721134    
  0.3527937600      0.1888143155    
  0.3542637340      0.1872137105    
  0.3557337080      0.1835866349    
  0.3572036820      0.1790736773    
  0.3586736560      0.1738945267    
  0.3601436300      0.1690804485    
  0.3616136040      0.1644633625    
  0.3630835780      0.1602288798    
  0.3645535520      0.1561797411    
  0.3660235260      0.1527672062    
  0.3674935000      0.1497449962    
  0.3689634740      0.1472145804    
  0.3704334480      0.1447887688    
  0.3719034220      0.1428123417    
  0.3733733960      0.1411129327    
  0.3748433700      0.1396408100    
  0.3763133440      0.1380232326    
  0.3777833180      0.1360292904    
  0.3792532920      0.1332527627    
  0.3807232660      0.1289297706    
  0.3821932400      0.1228975646    
  0.3836632140      0.1157926098    
  0.3851331880      0.1090723725    
  0.3866031620      0.1034643508    
  0.3880731360      0.9887698271E-01
  0.3895431100      0.9470001255E-01
  0.3910130840      0.9087610513E-01
  0.3924830580      0.8738697462E-01
  0.3939530320      0.8455685210E-01
  0.3954230060      0.8204799627E-01
  0.3968929800      0.7995870606E-01
  0.3983629540      0.7797774057E-01
  0.3998329280      0.7629587493E-01
  0.4013029020      0.7467806635E-01
  0.4027728760      0.7321862308E-01
  0.4042428500      0.7171651124E-01
  0.4057128240      0.7036591591E-01
  0.4071827980      0.6909298534E-01
  0.4086527720      0.6803589132E-01
  0.4101227460      0.6713181668E-01
  0.4115927200      0.6654298041E-01
  0.4130626940      0.6638170728E-01
  0.4145326680      0.6688838709E-01
  0.4160026420      0.6798693084E-01
  0.4174726160      0.6956933008E-01
  0.4189425900      0.7110943973E-01
  0.4204125640      0.7229343858E-01
  0.4218825380      0.7282543577E-01
  0.4233525120      0.7295036937E-01
  0.4248224860      0.7292777656E-01
  0.4262924600      0.7312376543E-01
  0.4277624340      0.7357683887E-01
  0.4292324080      0.7437942337E-01
  0.4307023820      0.7549738559E-01
  0.4321723560      0.7712698030E-01
  0.4336423300      0.7945688016E-01
  0.4351123040      0.8280987059E-01
  0.4365822780      0.8742954645E-01
  0.4380522520      0.9315382858E-01
  0.4395222260      0.9948084191E-01
  0.4409922000      0.1049079100    
  0.4424621740      0.1085853774    
  0.4439321480      0.1099289209    
  0.4454021220      0.1100089031    
  0.4468720960      0.1094701611    
  0.4483420700      0.1088459412    
  0.4498120440      0.1078992186    
  0.4512820180      0.1066553369    
  0.4527519920      0.1055249539    
  0.4542219660      0.1050115882    
  0.4556919400      0.1053067978    
  0.4571619140      0.1057659846    
  0.4586318880      0.1056845051    
  0.4601018620      0.1046243831    
  0.4615718360      0.1031091966    
  0.4630418100      0.1016161035    
  0.4645117840      0.1006072077    
  0.4659817580      0.9992512117E-01
  0.4674517320      0.9961385416E-01
  0.4689217060      0.9945687105E-01
  0.4703916800      0.9952437385E-01
  0.4718616540      0.9958336204E-01
  0.4733316280      0.9954522612E-01
  0.4748016020      0.9903377009E-01
  0.4762715760      0.9789129388E-01
  0.4777415500      0.9592765629E-01
  0.4792115240      0.9333581742E-01
  0.4806814980      0.9041029183E-01
  0.4821514720      0.8759133610E-01
  0.4836214460      0.8521040906E-01
  0.4850914200      0.8335098749E-01
  0.4865613940      0.8211193304E-01
  0.4880313680      0.8141508771E-01
  0.4895013420      0.8125044169E-01
  0.4909713160      0.8153004831E-01
  0.4924412900      0.8233140464E-01
  0.4939112640      0.8374690581E-01
  0.4953812380      0.8596942496E-01
  0.4968512120      0.8914031353E-01
  0.4983211860      0.9337625998E-01
  0.4997911600      0.9831595596E-01
  0.5012611340      0.1035181864    
  0.5027311080      0.1085848150    
  0.5042010820      0.1135966356    
  0.5056710560      0.1183467509    
  0.5071410300      0.1222525689    
  0.5086110040      0.1245036310    
  0.5100809780      0.1247727703    
  0.5115509520      0.1236842310    
  0.5130209260      0.1219960108    
  0.5144909000      0.1202340742    
  0.5159608740      0.1179459779    
  0.5174308480      0.1146457554    
  0.5189008220      0.1101976928    
  0.5203707960      0.1049824918    
  0.5218407700      0.9947949447E-01
  0.5233107440      0.9387437113E-01
  0.5247807180      0.8842149752E-01
  0.5262506920      0.8332550646E-01
  0.5277206660      0.7881487259E-01
  0.5291906400      0.7488172769E-01
  0.5306606140      0.7141769832E-01
  0.5321305880      0.6837942652E-01
  0.5336005620      0.6564292598E-01
  0.5350705360      0.6309823683E-01
  0.5365405100      0.6048271459E-01
  0.5380104840      0.5774093759E-01
  0.5394804580      0.5494941647E-01
  0.5409504320      0.5229137413E-01
  0.5424204060      0.4990196859E-01
  0.5438903800      0.4775371182E-01
  0.5453603540      0.4588350714E-01
  0.5468303280      0.4416949242E-01
  0.5483003020      0.4266735639E-01
  0.5497702760      0.4116870939E-01
  0.5512402500      0.4007371659E-01
  0.5527102240      0.3887419645E-01
  0.5541801980      0.3737149385E-01
  0.5556501720      0.3414282426E-01
  0.5571201460      0.2989700940E-01
  0.5585901200      0.2540627636E-01
  0.5600600940      0.2241237248E-01
  0.5615300680      0.2077181104E-01
  0.5630000420      0.1993797402E-01
  0.5644700160      0.1925706753E-01
  0.5659399900      0.1854924688E-01
  0.5674099640      0.1789284202E-01
  0.5688799380      0.1723684156E-01
  0.5703499120      0.1658593225E-01
  0.5718198860      0.1598347740E-01
  0.5732898600      0.1540683900E-01
  0.5747598340      0.1501705848E-01
  0.5762298080      0.1475109995E-01
  0.5776997820      0.1464622700E-01
  0.5791697560      0.1421386393E-01
  0.5806397300      0.1318505394E-01
  0.5821097040      0.1128510334E-01
  0.5835796780      0.8965855395E-02
  0.5850496520      0.6667982552E-02
  0.5865196260      0.4842825878E-02
  0.5879896000      0.3480991879E-02
  0.5894595740      0.2493818698E-02
  0.5909295480      0.1732129185E-02
  0.5923995220      0.1153254348E-02
  0.5938694960      0.7120407299E-03
  0.5953394700      0.4018065490E-03
  0.5968094440      0.1947505350E-03
  0.5982794180      0.8051249482E-04
  0.5997493920      0.2517249513E-04
  0.6012193660      0.6034372840E-05
  0.6026893400      0.6221950127E-06
  0.6041593140       0.000000000    
  0.6056292880      0.1090899277E-05
  0.6070992620      0.3272697830E-05
  0.6085692360      0.1143791754E-04
  0.6100392100      0.3419935458E-04
  0.6115091840      0.9257557195E-04
  0.6129791580      0.2056238260E-03
  0.6144491320      0.3757009212E-03
  0.6159191060      0.5931211947E-03
  0.6173890800      0.8542338037E-03
  0.6188590540      0.1195723689E-02
  0.6203290280      0.1644783543E-02
  0.6217990020      0.2199065693E-02
  0.6232689760      0.2821073097E-02
  0.6247389500      0.3491363537E-02
  0.6262089240      0.4243591831E-02
  0.6276788980      0.5105371922E-02
  0.6291488720      0.6110442611E-02
  0.6306188460      0.7206172910E-02
  0.6320888200      0.8395786247E-02
  0.6335587940      0.9627002560E-02
  0.6350287680      0.1100907898E-01
  0.6364987420      0.1255681766E-01
  0.6379687160      0.1443086267E-01
  0.6394386900      0.1665206563E-01
  0.6409086640      0.1941321620E-01
  0.6423786380      0.2292370110E-01
  0.6438486120      0.2717201375E-01
  0.6453185860      0.3171492612E-01
  0.6467885600      0.3562784235E-01
  0.6482585340      0.3850868269E-01
  0.6497285080      0.4056309959E-01
  0.6511984820      0.4248888201E-01
  0.6526684560      0.4469272537E-01
  0.6541384300      0.4715124384E-01
  0.6556084040      0.4976227040E-01
  0.6570783780      0.5238872417E-01
  0.6585483520      0.5507999512E-01
  0.6600183260      0.5779332857E-01
  0.6614883000      0.6054369442E-01
  0.6629582740      0.6327179972E-01
  0.6644282480      0.6603483867E-01
  0.6658982220      0.6891154277E-01
  0.6673681960      0.7221475110E-01
  0.6688381700      0.7585367462E-01
  0.6703081440      0.7952861384E-01
  0.6717781180      0.8219411353E-01
  0.6732480920      0.8349440123E-01
  0.6747180660      0.8343929198E-01
  0.6761880400      0.8297385626E-01
  0.6776580140      0.8248287305E-01
  0.6791279880      0.8223878767E-01
  0.6805979620      0.8201568149E-01
  0.6820679360      0.8188191355E-01
  0.6835379100      0.8182430788E-01
  0.6850078840      0.8183814989E-01
  0.6864778580      0.8183615698E-01
  0.6879478320      0.8170312330E-01
  0.6894178060      0.8150130964E-01
  0.6908877800      0.8129541651E-01
  0.6923577540      0.8112127171E-01
  0.6938277280      0.8096250182E-01
  0.6952977020      0.8070478634E-01
  0.6967676760      0.8039568395E-01
  0.6982376500      0.7998867441E-01
  0.6997076240      0.7954915680E-01
  0.7011775980      0.7904906490E-01
  0.7026475720      0.7852058446E-01
  0.7041175460      0.7807218854E-01
  0.7055875200      0.7768760184E-01
  0.7070574940      0.7747552002E-01
  0.7085274680      0.7723451649E-01
  0.7099974420      0.7706752505E-01
  0.7114674160      0.7682749986E-01
  0.7129373900      0.7675493807E-01
  0.7144073640      0.7681613222E-01
  0.7158773380      0.7727785625E-01
  0.7173473120      0.7835471223E-01
  0.7188172860      0.8054446387E-01
  0.7202872600      0.8391248776E-01
  0.7217572340      0.8796810089E-01
  0.7232272080      0.9170082609E-01
  0.7246971820      0.9450978592E-01
  0.7261671560      0.9653946158E-01
  0.7276371300      0.9846045603E-01
  0.7291071040      0.1008341231    
  0.7305770780      0.1038888378    
  0.7320470520      0.1076318691    
  0.7335170260      0.1118167528    

 -0.7349870000      0.5270000064E-03
 -0.7335170260      0.5426425228E-03
 -0.7320470520      0.5629985147E-03
 -0.7305770780      0.5873012813E-03
 -0.7291071040      0.6133996500E-03
 -0.7276371300      0.6386280775E-03
 -0.7261671560      0.6637207434E-03
 -0.7246971820      0.6884358143E-03
 -0.7232272080      0.7132812301E-03
 -0.7217572340      0.7376064924E-03
 -0.7202872600      0.7618158962E-03
 -0.7188172860      0.7863658185E-03
 -0.7173473120      0.8134702579E-03
 -0.7158773380      0.8422291761E-03
 -0.7144073640      0.8722406211E-03
 -0.7129373900      0.9026730504E-03
 -0.7114674160      0.9341447439E-03
 -0.7099974420      0.9663859243E-03
 -0.7085274680      0.9984913681E-03
 -0.7070574940      0.1031441756E-02
 -0.7055875200      0.1065131927E-02
 -0.7041175460      0.1100453618E-02
 -0.7026475720      0.1136779997E-02
 -0.7011775980      0.1174662876E-02
 -0.6997076240      0.1213684861E-02
 -0.6982376500      0.1252527207E-02
 -0.6967676760      0.1291498792E-02
 -0.6952977020      0.1330455818E-02
 -0.6938277280      0.1372965964E-02
 -0.6923577540      0.1417110066E-02
 -0.6908877800      0.1463976801E-02
 -0.6894178060      0.1509067355E-02
 -0.6879478320      0.1555943254E-02
 -0.6864778580      0.1601416464E-02
 -0.6850078840      0.1647304132E-02
 -0.6835379100      0.1690224667E-02
 -0.6820679360      0.1733980937E-02
 -0.6805979620      0.1778444927E-02
 -0.6791279880      0.1826189699E-02
 -0.6776580140      0.1874038574E-02
 -0.6761880400      0.1924255777E-02
 -0.6747180660      0.1972784992E-02
 -0.6732480920      0.2025445030E-02
 -0.6717781180      0.2076490956E-02
 -0.6703081440      0.2132441146E-02
 -0.6688381700      0.2184733900E-02
 -0.6673681960      0.2240601339E-02
 -0.6658982220      0.2296486508E-02
 -0.6644282480      0.2357820309E-02
 -0.6629582740      0.2422473690E-02
 -0.6614883000      0.2486478129E-02
 -0.6600183260      0.2552828541E-02
 -0.6585483520      0.2616712767E-02
 -0.6570783780      0.2688942834E-02
 -0.6556084040      0.2758862945E-02
 -0.6541384300      0.2835303485E-02
 -0.6526684560      0.2903426011E-02
 -0.6511984820      0.2975450760E-02
 -0.6497285080      0.3044279443E-02
 -0.6482585340      0.3123903113E-02
 -0.6467885600      0.3208911058E-02
 -0.6453185860      0.3300300755E-02
 -0.6438486120      0.3392569855E-02
 -0.6423786380      0.3481593739E-02
 -0.6409086640      0.3572473923E-02
 -0.6394386900      0.3659646149E-02
 -0.6379687160      0.3756197409E-02
 -0.6364987420      0.3851677753E-02
 -0.6350287680      0.3952690962E-02
 -0.6335587940      0.4044009872E-02
 -0.6320888200      0.4137011866E-02
 -0.6306188460      0.4237205157E-02
 -0.6291488720      0.4351753369E-02
 -0.6276788980      0.4477299111E-02
 -0.6262089240      0.4603228836E-02
 -0.6247389500      0.4732635905E-02
 -0.6232689760      0.4862760014E-02
 -0.6217990020      0.5001958376E-02
 -0.6203290280      0.5144335265E-02
 -0.6188590540      0.5299611822E-02
 -0.6173890800      0.5459767193E-02
 -0.6159191060      0.5637319472E-02
 -0.6144491320      0.5822248889E-02
 -0.6129791580      0.6030620302E-02
 -0.6115091840      0.6250884123E-02
 -0.6100392100      0.6497603106E-02
 -0.6085692360      0.6770859800E-02
 -0.6070992620      0.7107404904E-02
 -0.6056292880      0.7520042390E-02
 -0.6041593140      0.7990654656E-02
 -0.6026893400      0.8438664049E-02
 -0.6012193660      0.8774588960E-02
 -0.5997493920      0.8979705592E-02
 -0.5982794180      0.9078300236E-02
 -0.5968094440      0.9150379144E-02
 -0.5953394700      0.9196568841E-02
 -0.5938694960      0.9246714967E-02
 -0.5923995220      0.9253489368E-02
 -0.5909295480      0.9256797582E-02
 -0.5894595740      0.9231021699E-02
 -0.5879896000      0.9230074801E-02
 -0.5865196260      0.9224544885E-02
 -0.5850496520      0.9253433990E-02
 -0.5835796780      0.9288565499E-02
 -0.5821097040      0.9370374878E-02
 -0.5806397300      0.9479774161E-02
 -0.5791697560      0.9623056529E-02
 -0.5776997820      0.9730705557E-02
 -0.5762298080      0.9752033994E-02
 -0.5747598340      0.9665765031E-02
 -0.5732898600      0.9507306168E-02
 -0.5718198860      0.9344239481E-02
 -0.5703499120      0.9187685291E-02
 -0.5688799380      0.9067052408E-02
 -0.5674099640      0.8955016869E-02
 -0.5659399900      0.8878684848E-02
 -0.5644700160      0.8803649689E-02
 -0.5630000420      0.8740999745E-02
 -0.5615300680      0.8671803411E-02
 -0.5600600940      0.8610793934E-02
 -0.5585901200      0.8561664418E-02
 -0.5571201460      0.8523890610E-02
 -0.5556501720      0.8498194888E-02
 -0.5541801980      0.8469754746E-02
 -0.5527102240      0.8438872332E-02
 -0.5512402500      0.8401807310E-02
 -0.5497702760      0.8364796023E-02
 -0.5483003020      0.8335462394E-02
 -0.5468303280      0.8307168754E-02
 -0.5453603540      0.8286197616E-02
 -0.5438903800      0.8259285968E-02
 -0.5424204060      0.8241950123E-02
 -0.5409504320      0.8223010541E-02
 -0.5394804580      0.8211120486E-02
 -0.5380104840      0.8192089624E-02
 -0.5365405100      0.8178429597E-02
 -0.5350705360      0.8172087400E-02
 -0.5336005620      0.8179114346E-02
 -0.5321305880      0.8185843708E-02
 -0.5306606140      0.8185161459E-02
 -0.5291906400      0.8171386136E-02
 -0.5277206660      0.8142934689E-02
 -0.5262506920      0.8089539038E-02
 -0.5247807180      0.8017155008E-02
 -0.5233107440      0.7933370958E-02
 -0.5218407700      0.7864466385E-02
 -0.5203707960      0.7801264023E-02
 -0.5189008220      0.7754154605E-02
 -0.5174308480      0.7701835780E-02
 -0.5159608740      0.7659872988E-02
 -0.5144909000      0.7622413261E-02
 -0.5130209260      0.7613243815E-02
 -0.5115509520      0.7645596427E-02
 -0.5100809780      0.7720128845E-02
 -0.5086110040      0.7818379584E-02
 -0.5071410300      0.7902812890E-02
 -0.5056710560      0.7968268049E-02
 -0.5042010820      0.8008347794E-02
 -0.5027311080      0.7984582624E-02
 -0.5012611340      0.7804930099E-02
 -0.4997911600      0.7377589414E-02
 -0.4983211860      0.6730187872E-02
 -0.4968512120      0.5969993916E-02
 -0.4953812380      0.5242723559E-02
 -0.4939112640      0.4598826591E-02
 -0.4924412900      0.4042362601E-02
 -0.4909713160      0.3553770726E-02
 -0.4895013420      0.3145393004E-02
 -0.4880313680      0.2833057587E-02
 -0.4865613940      0.2626085286E-02
 -0.4850914200      0.2508749158E-02
 -0.4836214460      0.2453487334E-02
 -0.4821514720      0.2412342233E-02
 -0.4806814980      0.2354275645E-02
 -0.4792115240      0.2273686529E-02
 -0.4777415500      0.2196263872E-02
 -0.4762715760      0.2137771055E-02
 -0.4748016020      0.2109091784E-02
 -0.4733316280      0.2099727925E-02
 -0.4718616540      0.2129000801E-02
 -0.4703916800      0.2187147836E-02
 -0.4689217060      0.2292756887E-02
 -0.4674517320      0.2424128698E-02
 -0.4659817580      0.2593867761E-02
 -0.4645117840      0.2792661156E-02
 -0.4630418100      0.3054876750E-02
 -0.4615718360      0.3393666929E-02
 -0.4601018620      0.3839831741E-02
 -0.4586318880      0.4363711834E-02
 -0.4571619140      0.4964619941E-02
 -0.4556919400      0.5604590724E-02
 -0.4542219660      0.6309680212E-02
 -0.4527519920      0.7053039823E-02
 -0.4512820180      0.7860730221E-02
 -0.4498120440      0.8710057574E-02
 -0.4483420700      0.9665040150E-02
 -0.4468720960      0.1080078780E-01
 -0.4454021220      0.1228861990E-01
 -0.4439321480      0.1417468916E-01
 -0.4424621740      0.1628071844E-01
 -0.4409922000      0.1814059872E-01
 -0.4395222260      0.1935387435E-01
 -0.4380522520      0.1986024185E-01
 -0.4365822780      0.1995963874E-01
 -0.4351123040      0.2001204230E-01
 -0.4336423300      0.2018526441E-01
 -0.4321723560      0.2049936399E-01
 -0.4307023820      0.2081942502E-01
 -0.4292324080      0.2099005075E-01
 -0.4277624340      0.2077980384E-01
 -0.4262924600      0.2014535811E-01
 -0.4248224860      0.1917448528E-01
 -0.4233525120      0.1808548777E-01
 -0.4218825380      0.1706003208E-01
 -0.4204125640      0.1617461663E-01
 -0.4189425900      0.1551369739E-01
 -0.4174726160      0.1498951686E-01
 -0.4160026420      0.1461734425E-01
 -0.4145326680      0.1425633121E-01
 -0.4130626940      0.1398709382E-01
 -0.4115927200      0.1372260700E-01
 -0.4101227460      0.1353614952E-01
 -0.4086527720      0.1333391012E-01
 -0.4071827980      0.1318093746E-01
 -0.4057128240      0.1302380974E-01
 -0.4042428500      0.1291059684E-01
 -0.4027728760      0.1278805688E-01
 -0.4013029020      0.1268906176E-01
 -0.3998329280      0.1257651626E-01
 -0.3983629540      0.1248110777E-01
 -0.3968929800      0.1237892602E-01
 -0.3954230060      0.1230016801E-01
 -0.3939530320      0.1224503601E-01
 -0.3924830580      0.1220246904E-01
 -0.3910130840      0.1217624760E-01
 -0.3895431100      0.1212088425E-01
 -0.3880731360      0.1208588289E-01
 -0.3866031620      0.1201300020E-01
 -0.3851331880      0.1197341347E-01
 -0.3836632140      0.1189394136E-01
 -0.3821932400      0.1185808675E-01
 -0.3807232660      0.1177388830E-01
 -0.3792532920      0.1172408969E-01
 -0.3777833180      0.1162073503E-01
 -0.3763133440      0.1156662518E-01
 -0.3748433700      0.1147168771E-01
 -0.3733733960      0.1142680653E-01
 -0.3719034220      0.1133501963E-01
 -0.3704334480      0.1129042033E-01
 -0.3689634740      0.1120170634E-01
 -0.3674935000      0.1116102901E-01
 -0.3660235260      0.1108254110E-01
 -0.3645535520      0.1103946110E-01
 -0.3630835780      0.1096201686E-01
 -0.3616136040      0.1091932282E-01
 -0.3601436300      0.1088014102E-01
 -0.3586736560      0.1086698731E-01
 -0.3572036820      0.1084701452E-01
 -0.3557337080      0.1081966564E-01
 -0.3542637340      0.1080686991E-01
 -0.3527937600      0.1080917012E-01
 -0.3513237860      0.1086096359E-01
 -0.3498538120      0.1094834320E-01
 -0.3483838380      0.1109688310E-01
 -0.3469138640      0.1126482692E-01
 -0.3454438900      0.1147489901E-01
 -0.3439739160      0.1172089271E-01
 -0.3425039420      0.1204801601E-01
 -0.3410339680      0.1243042700E-01
 -0.3395639940      0.1284618443E-01
 -0.3380940200      0.1324990751E-01
 -0.3366240460      0.1361565493E-01
 -0.3351540720      0.1395493788E-01
 -0.3336840980      0.1426357169E-01
 -0.3322141240      0.1458191723E-01
 -0.3307441500      0.1488166893E-01
 -0.3292741760      0.1520181008E-01
 -0.3278042020      0.1549571544E-01
 -0.3263342280      0.1578184766E-01
 -0.3248642540      0.1599444863E-01
 -0.3233942800      0.1615658589E-01
 -0.3219243060      0.1626685404E-01
 -0.3204543320      0.1637865971E-01
 -0.3189843580      0.1651371379E-01
 -0.3175143840      0.1668624098E-01
 -0.3160444100      0.1688054163E-01
 -0.3145744360      0.1708248683E-01
 -0.3131044620      0.1727506561E-01
 -0.3116344880      0.1746509899E-01
 -0.3101645140      0.1761636564E-01
 -0.3086945400      0.1771578029E-01
 -0.3072245660      0.1776482346E-01
 -0.3057545920      0.1779822541E-01
 -0.3042846180      0.1786203522E-01
 -0.3028146440      0.1793646420E-01
 -0.3013446700      0.1805951491E-01
 -0.2998746960      0.1818727277E-01
 -0.2984047220      0.1836188948E-01
 -0.2969347480      0.1853526716E-01
 -0.2954647740      0.1874389193E-01
 -0.2939948000      0.1896310004E-01
 -0.2925248260      0.1919696970E-01
 -0.2910548520      0.1943972513E-01
 -0.2895848780      0.1966872484E-01
 -0.2881149040      0.1989930976E-01
 -0.2866449300      0.2010122899E-01
 -0.2851749560      0.2029926114E-01
 -0.2837049820      0.2048010025E-01
 -0.2822350080      0.2065076686E-01
 -0.2807650340      0.2082197721E-01
 -0.2792950600      0.2097660905E-01
 -0.2778250860      0.2113476696E-01
 -0.2763551120      0.2125785435E-01
 -0.2748851380      0.2139982064E-01
 -0.2734151640      0.2155658346E-01
 -0.2719451900      0.2177944836E-01
 -0.2704752160      0.2202718167E-01
 -0.2690052420      0.2232903282E-01
 -0.2675352680      0.2266704841E-01
 -0.2660652940      0.2306630086E-01
 -0.2645953200      0.2347091604E-01
 -0.2631253460      0.2386795818E-01
 -0.2616553720      0.2425054936E-01
 -0.2601853980      0.2462806791E-01
 -0.2587154240      0.2498392211E-01
 -0.2572454500      0.2528054954E-01
 -0.2557754760      0.2555311430E-01
 -0.2543055020      0.2588404748E-01
 -0.2528355280      0.2630887513E-01
 -0.2513655540      0.2684171262E-01
 -0.2498955800      0.2742832036E-01
 -0.2484256060      0.2811931922E-01
 -0.2469556320      0.2887629506E-01
 -0.2454856580      0.2962221167E-01
 -0.2440156840      0.3024719414E-01
 -0.2425457100      0.3065639872E-01
 -0.2410757360      0.3090845750E-01
 -0.2396057620      0.3099891519E-01
 -0.2381357880      0.3102981773E-01
 -0.2366658140      0.3104262963E-01
 -0.2351958400      0.3112202316E-01
 -0.2337258660      0.3129025893E-01
 -0.2322558920      0.3146793751E-01
 -0.2307859180      0.3162727706E-01
 -0.2293159440      0.3174786630E-01
 -0.2278459700      0.3191634418E-01
 -0.2263759960      0.3214538444E-01
 -0.2249060220      0.3244272498E-01
 -0.2234360480      0.3274060159E-01
 -0.2219660740      0.3304303606E-01
 -0.2204961000      0.3330012043E-01
 -0.2190261260      0.3355900178E-01
 -0.2175561520      0.3375356307E-01
 -0.2160861780      0.3393603841E-01
 -0.2146162040      0.3408485224E-01
 -0.2131462300      0.3425468987E-01
 -0.2116762560      0.3442323573E-01
 -0.2102062820      0.3462160078E-01
 -0.2087363080      0.3485488381E-01
 -0.2072663340      0.3512062430E-01
 -0.2057963600      0.3538360391E-01
 -0.2043263860      0.3563125564E-01
 -0.2028564120      0.3587036884E-01
 -0.2013864380      0.3608107050E-01
 -0.1999164640      0.3628566100E-01
 -0.1984464900      0.3648548186E-01
 -0.1969765160      0.3673833371E-01
 -0.1955065420      0.3698633999E-01
 -0.1940365680      0.3725554605E-01
 -0.1925665940      0.3749638962E-01
 -0.1910966200      0.3777866330E-01
 -0.1896266460      0.3804350873E-01
 -0.1881566720      0.3836681285E-01
 -0.1866866980      0.3869318948E-01
 -0.1852167240      0.3906361474E-01
 -0.1837467500      0.3935024376E-01
 -0.1822767760      0.3957672971E-01
 -0.1808068020      0.3970834158E-01
 -0.1793368280      0.3982212059E-01
 -0.1778668540      0.3992156822E-01
 -0.1763968800      0.4006032987E-01
 -0.1749269060      0.4024119553E-01
 -0.1734569320      0.4044092821E-01
 -0.1719869580      0.4062417767E-01
 -0.1705169840      0.4077816808E-01
 -0.1690470100      0.4093211028E-01
 -0.1675770360      0.4107122392E-01
 -0.1661070620      0.4118423393E-01
 -0.1646370880      0.4125700695E-01
 -0.1631671140      0.4129136793E-01
 -0.1616971400      0.4134094452E-01
 -0.1602271660      0.4139408409E-01
 -0.1587571920      0.4152521780E-01
 -0.1572872180      0.4166584521E-01
 -0.1558172440      0.4184929356E-01
 -0.1543472700      0.4202262465E-01
 -0.1528772960      0.4226039197E-01
 -0.1514073220      0.4262665137E-01
 -0.1499373480      0.4313742661E-01
 -0.1484673740      0.4379176415E-01
 -0.1469974000      0.4442778715E-01
 -0.1455274260      0.4504181220E-01
 -0.1440574520      0.4550326245E-01
 -0.1425874780      0.4588452286E-01
 -0.1411175040      0.4607345591E-01
 -0.1396475300      0.4611590567E-01
 -0.1381775560      0.4597219771E-01
 -0.1367075820      0.4575639878E-01
 -0.1352376080      0.4551062450E-01
 -0.1337676340      0.4528152576E-01
 -0.1322976600      0.4500961967E-01
 -0.1308276860      0.4482692375E-01
 -0.1293577120      0.4475415506E-01
 -0.1278877380      0.4486759325E-01
 -0.1264177640      0.4474839402E-01
 -0.1249477900      0.4423204363E-01
 -0.1234778160      0.4313805371E-01
 -0.1220078420      0.4176874225E-01
 -0.1205378680      0.4027404763E-01
 -0.1190678940      0.3886131479E-01
 -0.1175979200      0.3763562695E-01
 -0.1161279460      0.3667636235E-01
 -0.1146579720      0.3597294607E-01
 -0.1131879980      0.3539954763E-01
 -0.1117180240      0.3489604590E-01
 -0.1102480500      0.3445439389E-01
 -0.1087780760      0.3410403437E-01
 -0.1073081020      0.3378191828E-01
 -0.1058381280      0.3338224438E-01
 -0.1043681540      0.3280707434E-01
 -0.1028981800      0.3208751981E-01
 -0.1014282060      0.3126647396E-01
 -0.9995823200E-01  0.3046241279E-01
 -0.9848825800E-01  0.2970694058E-01
 -0.9701828400E-01  0.2910359045E-01
 -0.9554831000E-01  0.2861494805E-01
 -0.9407833600E-01  0.2821956027E-01
 -0.9260836200E-01  0.2781828881E-01
 -0.9113838800E-01  0.2744562417E-01
 -0.8966841400E-01  0.2712262306E-01
 -0.8819844000E-01  0.2690098240E-01
 -0.8672846600E-01  0.2674345677E-01
 -0.8525849200E-01  0.2668661155E-01
 -0.8378851800E-01  0.2668292951E-01
 -0.8231854400E-01  0.2666785331E-01
 -0.8084857000E-01  0.2639668482E-01
 -0.7937859600E-01  0.2581934606E-01
 -0.7790862200E-01  0.2500581314E-01
 -0.7643864800E-01  0.2426800185E-01
 -0.7496867400E-01  0.2367895629E-01
 -0.7349870000E-01  0.2321246375E-01
 -0.7202872600E-01  0.2266768900E-01
 -0.7055875200E-01  0.2206033816E-01
 -0.6908877800E-01  0.2142379857E-01
 -0.6761880400E-01  0.2087961020E-01
 -0.6614883000E-01  0.2041248400E-01
 -0.6467885600E-01  0.2003960855E-01
 -0.6320888200E-01  0.1973697284E-01
 -0.6173890800E-01  0.1955066692E-01
 -0.6026893400E-01  0.1953826665E-01
 -0.5879896000E-01  0.1980347908E-01
 -0.5732898600E-01  0.2024627832E-01
 -0.5585901200E-01  0.2052235717E-01
 -0.5438903800E-01  0.2012402334E-01
 -0.5291906400E-01  0.1896614918E-01
 -0.5144909000E-01  0.1738098052E-01
 -0.4997911600E-01  0.1593544885E-01
 -0.4850914200E-01  0.1484355820E-01
 -0.4703916800E-01  0.1406944493E-01
 -0.4556919400E-01  0.1346114313E-01
 -0.4409922000E-01  0.1297587609E-01
 -0.4262924600E-01  0.1260303073E-01
 -0.4115927200E-01  0.1228947603E-01
 -0.3968929800E-01  0.1195345918E-01
 -0.3821932400E-01  0.1150654285E-01
 -0.3674935000E-01  0.1089698809E-01
 -0.3527937600E-01  0.1008117344E-01
 -0.3380940200E-01  0.8996617481E-02
 -0.3233942800E-01  0.7675921314E-02
 -0.3086945400E-01  0.6200418786E-02
 -0.2939948000E-01  0.4765713654E-02
 -0.2792950600E-01  0.3479037305E-02
 -0.2645953200E-01  0.2438726414E-02
 -0.2498955800E-01  0.1633413700E-02
 -0.2351958400E-01  0.1051360081E-02
 -0.2204961000E-01  0.6339465381E-03
 -0.2057963600E-01  0.3514674087E-03
 -0.1910966200E-01  0.1697060104E-03
 -0.1763968800E-01  0.6892387917E-04
 -0.1616971400E-01  0.2132117920E-04
 -0.1469974000E-01  0.4407976166E-05
 -0.1322976600E-01  0.5011229800E-06
 -0.1175979200E-01   0.000000000    
 -0.1028981800E-01   0.000000000    
 -0.8819844000E-02   0.000000000    
 -0.7349870000E-02   0.000000000    
 -0.5879896000E-02   0.000000000    
 -0.4409922000E-02   0.000000000    
 -0.2939948000E-02   0.000000000    
 -0.1469974000E-02   0.000000000    
  0.4250072516E-16   0.000000000    
  0.1469974000E-02   0.000000000    
  0.2939948000E-02   0.000000000    
  0.4409922000E-02   0.000000000    
  0.5879896000E-02   0.000000000    
  0.7349870000E-02   0.000000000    
  0.8819844000E-02   0.000000000    
  0.1028981800E-01   0.000000000    
  0.1175979200E-01   0.000000000    
  0.1322976600E-01   0.000000000    
  0.1469974000E-01   0.000000000    
  0.1616971400E-01   0.000000000    
  0.1763968800E-01   0.000000000    
  0.1910966200E-01   0.000000000    
  0.2057963600E-01   0.000000000    
  0.2204961000E-01   0.000000000    
  0.2351958400E-01   0.000000000    
  0.2498955800E-01   0.000000000    
  0.2645953200E-01   0.000000000    
  0.2792950600E-01   0.000000000    
  0.2939948000E-01   0.000000000    
  0.3086945400E-01   0.000000000    
  0.3233942800E-01   0.000000000    
  0.3380940200E-01   0.000000000    
  0.3527937600E-01   0.000000000    
  0.3674935000E-01   0.000000000    
  0.3821932400E-01   0.000000000    
  0.3968929800E-01   0.000000000    
  0.4115927200E-01   0.000000000    
  0.4262924600E-01   0.000000000    
  0.4409922000E-01   0.000000000    
  0.4556919400E-01   0.000000000    
  0.4703916800E-01   0.000000000    
  0.4850914200E-01   0.000000000    
  0.4997911600E-01   0.000000000    
  0.5144909000E-01   0.000000000    
  0.5291906400E-01   0.000000000    
  0.5438903800E-01   0.000000000    
  0.5585901200E-01   0.000000000    
  0.5732898600E-01   0.000000000    
  0.5879896000E-01   0.000000000    
  0.6026893400E-01   0.000000000    
  0.6173890800E-01   0.000000000    
  0.6320888200E-01   0.000000000    
  0.6467885600E-01   0.000000000    
  0.6614883000E-01   0.000000000    
  0.6761880400E-01   0.000000000    
  0.6908877800E-01   0.000000000    
  0.7055875200E-01   0.000000000    
  0.7202872600E-01   0.000000000    
  0.7349870000E-01   0.000000000    
  0.7496867400E-01   0.000000000    
  0.7643864800E-01   0.000000000    
  0.7790862200E-01   0.000000000    
  0.7937859600E-01   0.000000000    
  0.8084857000E-01   0.000000000    
  0.8231854400E-01   0.000000000    
  0.8378851800E-01   0.000000000    
  0.8525849200E-01   0.000000000    
  0.8672846600E-01   0.000000000    
  0.8819844000E-01   0.000000000    
  0.8966841400E-01   0.000000000    
  0.9113838800E-01   0.000000000    
  0.9260836200E-01   0.000000000    
  0.9407833600E-01   0.000000000    
  0.9554831000E-01   0.000000000    
  0.9701828400E-01   0.000000000    
  0.9848825800E-01   0.000000000    
  0.9995823200E-01   0.000000000    
  0.1014282060       0.000000000    
  0.1028981800       0.000000000    
  0.1043681540       0.000000000    
  0.1058381280       0.000000000    
  0.1073081020       0.000000000    
  0.1087780760       0.000000000    
  0.1102480500       0.000000000    
  0.1117180240       0.000000000    
  0.1131879980       0.000000000    
  0.1146579720       0.000000000    
  0.1161279460       0.000000000    
  0.1175979200       0.000000000    
  0.1190678940       0.000000000    
  0.1205378680       0.000000000    
  0.1220078420       0.000000000    
  0.1234778160       0.000000000    
  0.1249477900       0.000000000    
  0.1264177640       0.000000000    
  0.1278877380       0.000000000    
  0.1293577120       0.000000000    
  0.1308276860      0.3316815140E-06
  0.1322976600      0.2983437841E-05
  0.1337676340      0.1756065357E-04
  0.1352376080      0.6924280690E-04
  0.1367075820      0.2090195905E-03
  0.1381775560      0.5066709525E-03
  0.1396475300      0.1059230071E-02
  0.1411175040      0.1962012281E-02
  0.1425874780      0.3293378739E-02
  0.1440574520      0.5038573783E-02
  0.1455274260      0.7105214720E-02
  0.1469974000      0.9402710755E-02
  0.1484673740      0.1187856268E-01
  0.1499373480      0.1454494184E-01
  0.1514073220      0.1729243525E-01
  0.1528772960      0.2006875131E-01
  0.1543472700      0.2290482063E-01
  0.1558172440      0.2602420846E-01
  0.1572872180      0.2950784915E-01
  0.1587571920      0.3306472213E-01
  0.1602271660      0.3623359979E-01
  0.1616971400      0.3867734520E-01
  0.1631671140      0.4051957091E-01
  0.1646370880      0.4202308755E-01
  0.1661070620      0.4352342861E-01
  0.1675770360      0.4508509020E-01
  0.1690470100      0.4679011208E-01
  0.1705169840      0.4849216701E-01
  0.1719869580      0.5023952632E-01
  0.1734569320      0.5187211879E-01
  0.1749269060      0.5339514699E-01
  0.1763968800      0.5470945890E-01
  0.1778668540      0.5600033429E-01
  0.1793368280      0.5748573594E-01
  0.1808068020      0.5933746487E-01
  0.1822767760      0.6160830715E-01
  0.1837467500      0.6421253138E-01
  0.1852167240      0.6710218223E-01
  0.1866866980      0.7010323028E-01
  0.1881566720      0.7325633341E-01
  0.1896266460      0.7664249298E-01
  0.1910966200      0.8039385859E-01
  0.1925665940      0.8435725388E-01
  0.1940365680      0.8824481713E-01
  0.1955065420      0.9164454348E-01
  0.1969765160      0.9415705934E-01
  0.1984464900      0.9565450452E-01
  0.1999164640      0.9645022197E-01
  0.2013864380      0.9693810619E-01
  0.2028564120      0.9710869384E-01
  0.2043263860      0.9678389386E-01
  0.2057963600      0.9615907638E-01
  0.2072663340      0.9578703926E-01
  0.2087363080      0.9602898720E-01
  0.2102062820      0.9684498140E-01
  0.2116762560      0.9803586139E-01
  0.2131462300      0.9935973190E-01
  0.2146162040      0.1006370127    
  0.2160861780      0.1017126668    
  0.2175561520      0.1026383374    
  0.2190261260      0.1034463713    
  0.2204961000      0.1041937197    
  0.2219660740      0.1049584910    
  0.2234360480      0.1057825702    
  0.2249060220      0.1067465281    
  0.2263759960      0.1078107875    
  0.2278459700      0.1090685574    
  0.2293159440      0.1106855315    
  0.2307859180      0.1126071330    
  0.2322558920      0.1146557542    
  0.2337258660      0.1162168857    
  0.2351958400      0.1172534391    
  0.2366658140      0.1179006105    
  0.2381357880      0.1186852114    
  0.2396057620      0.1197891855    
  0.2410757360      0.1211173835    
  0.2425457100      0.1226122050    
  0.2440156840      0.1241156213    
  0.2454856580      0.1257527164    
  0.2469556320      0.1274901588    
  0.2484256060      0.1293826547    
  0.2498955800      0.1313562723    
  0.2513655540      0.1333964410    
  0.2528355280      0.1355849457    
  0.2543055020      0.1380671987    
  0.2557754760      0.1409178315    
  0.2572454500      0.1441003030    
  0.2587154240      0.1476215284    
  0.2601853980      0.1516247077    
  0.2616553720      0.1562878566    
  0.2631253460      0.1615987144    
  0.2645953200      0.1676259311    
  0.2660652940      0.1746125995    
  0.2675352680      0.1825543595    
  0.2690052420      0.1908473875    
  0.2704752160      0.1985868299    
  0.2719451900      0.2057193645    
  0.2734151640      0.2129053622    
  0.2748851380      0.2209096840    
  0.2763551120      0.2294644758    
  0.2778250860      0.2373950215    
  0.2792950600      0.2428394249    
  0.2807650340      0.2435121474    
  0.2822350080      0.2373841876    
  0.2837049820      0.2233108974    
  0.2851749560      0.2026949598    
  0.2866449300      0.1787225029    
  0.2881149040      0.1555461265    
  0.2895848780      0.1359875450    
  0.2910548520      0.1214171123    
  0.2925248260      0.1120004347    
  0.2939948000      0.1070198748    
  0.2954647740      0.1056711400    
  0.2969347480      0.1067701574    
  0.2984047220      0.1099508485    
  0.2998746960      0.1144332480    
  0.3013446700      0.1199827419    
  0.3028146440      0.1260040464    
  0.3042846180      0.1327553521    
  0.3057545920      0.1403941625    
  0.3072245660      0.1488919125    
  0.3086945400      0.1574105718    
  0.3101645140      0.1644410574    
  0.3116344880      0.1690858720    
  0.3131044620      0.1715338712    
  0.3145744360      0.1737582177    
  0.3160444100      0.1771779639    
  0.3175143840      0.1816416636    
  0.3189843580      0.1845655830    
  0.3204543320      0.1838015576    
  0.3219243060      0.1794010448    
  0.3233942800      0.1736523240    
  0.3248642540      0.1688124390    
  0.3263342280      0.1651097581    
  0.3278042020      0.1619246788    
  0.3292741760      0.1586304580    
  0.3307441500      0.1560411426    
  0.3322141240      0.1547681649    
  0.3336840980      0.1550316718    
  0.3351540720      0.1563630518    
  0.3366240460      0.1582923584    
  0.3380940200      0.1607525010    
  0.3395639940      0.1634818694    
  0.3410339680      0.1663512138    
  0.3425039420      0.1690342330    
  0.3439739160      0.1716434655    
  0.3454438900      0.1743745889    
  0.3469138640      0.1777086473    
  0.3483838380      0.1815973144    
  0.3498538120      0.1852812084    
  0.3513237860      0.1878714964    
  0.3527937600      0.1883144769    
  0.3542637340      0.1869805494    
  0.3557337080      0.1836030948    
  0.3572036820      0.1792773536    
  0.3586736560      0.1741864784    
  0.3601436300      0.1693517925    
  0.3616136040      0.1645998444    
  0.3630835780      0.1601682066    
  0.3645535520      0.1558982755    
  0.3660235260      0.1523241041    
  0.3674935000      0.1491720282    
  0.3689634740      0.1465797755    
  0.3704334480      0.1441233480    
  0.3719034220      0.1421863730    
  0.3733733960      0.1405790545    
  0.3748433700      0.1392567152    
  0.3763133440      0.1378497342    
  0.3777833180      0.1361127354    
  0.3792532920      0.1336072042    
  0.3807232660      0.1294928303    
  0.3821932400      0.1235477981    
  0.3836632140      0.1164114347    
  0.3851331880      0.1095766662    
  0.3866031620      0.1038422463    
  0.3880731360      0.9913793852E-01
  0.3895431100      0.9487900610E-01
  0.3910130840      0.9097967670E-01
  0.3924830580      0.8743226043E-01
  0.3939530320      0.8452739346E-01
  0.3954230060      0.8195903696E-01
  0.3968929800      0.7979502089E-01
  0.3983629540      0.7775824728E-01
  0.3998329280      0.7602415565E-01
  0.4013029020      0.7437492226E-01
  0.4027728760      0.7288657124E-01
  0.4042428500      0.7135686169E-01
  0.4057128240      0.6998007776E-01
  0.4071827980      0.6868756375E-01
  0.4086527720      0.6762310680E-01
  0.4101227460      0.6672979860E-01
  0.4115927200      0.6618172141E-01
  0.4130626940      0.6607755846E-01
  0.4145326680      0.6665488129E-01
  0.4160026420      0.6782446891E-01
  0.4174726160      0.6948839315E-01
  0.4189425900      0.7110731971E-01
  0.4204125640      0.7235396937E-01
  0.4218825380      0.7291583488E-01
  0.4233525120      0.7304122960E-01
  0.4248224860      0.7300422471E-01
  0.4262924600      0.7317612082E-01
  0.4277624340      0.7361197620E-01
  0.4292324080      0.7439984292E-01
  0.4307023820      0.7552924280E-01
  0.4321723560      0.7716851737E-01
  0.4336423300      0.7951259984E-01
  0.4351123040      0.8285416533E-01
  0.4365822780      0.8746986918E-01
  0.4380522520      0.9320023372E-01
  0.4395222260      0.9957144610E-01
  0.4409922000      0.1050593282    
  0.4424621740      0.1087984017    
  0.4439321480      0.1101862739    
  0.4454021220      0.1102881258    
  0.4468720960      0.1097669457    
  0.4483420700      0.1091493601    
  0.4498120440      0.1082212039    
  0.4512820180      0.1069960472    
  0.4527519920      0.1059010738    
  0.4542219660      0.1054173817    
  0.4556919400      0.1057215905    
  0.4571619140      0.1061486527    
  0.4586318880      0.1059835444    
  0.4601018620      0.1048108562    
  0.4615718360      0.1031676877    
  0.4630418100      0.1015711710    
  0.4645117840      0.1004798507    
  0.4659817580      0.9974222526E-01
  0.4674517320      0.9936585501E-01
  0.4689217060      0.9912628728E-01
  0.4703916800      0.9908628171E-01
  0.4718616540      0.9905502467E-01
  0.4733316280      0.9898302108E-01
  0.4748016020      0.9852647984E-01
  0.4762715760      0.9751918264E-01
  0.4777415500      0.9573737169E-01
  0.4792115240      0.9333207223E-01
  0.4806814980      0.9055561820E-01
  0.4821514720      0.8783177210E-01
  0.4836214460      0.8549885733E-01
  0.4850914200      0.8366247967E-01
  0.4865613940      0.8244764839E-01
  0.4880313680      0.8177667473E-01
  0.4895013420      0.8165451821E-01
  0.4909713160      0.8198312672E-01
  0.4924412900      0.8284622500E-01
  0.4939112640      0.8431269154E-01
  0.4953812380      0.8657780392E-01
  0.4968512120      0.8978290785E-01
  0.4983211860      0.9405613591E-01
  0.4997911600      0.9901815214E-01
  0.5012611340      0.1041968820    
  0.5027311080      0.1092057173    
  0.5042010820      0.1141560102    
  0.5056710560      0.1188867895    
  0.5071410300      0.1227512921    
  0.5086110040      0.1248820234    
  0.5100809780      0.1249137426    
  0.5115509520      0.1235504789    
  0.5130209260      0.1216301566    
  0.5144909000      0.1197285485    
  0.5159608740      0.1173702124    
  0.5174308480      0.1140324723    
  0.5189008220      0.1095495069    
  0.5203707960      0.1043192357    
  0.5218407700      0.9884388590E-01
  0.5233107440      0.9330985772E-01
  0.5247807180      0.8793038409E-01
  0.5262506920      0.8285577934E-01
  0.5277206660      0.7830826062E-01
  0.5291906400      0.7429436641E-01
  0.5306606140      0.7075295349E-01
  0.5321305880      0.6763813122E-01
  0.5336005620      0.6485645139E-01
  0.5350705360      0.6229970836E-01
  0.5365405100      0.5977141610E-01
  0.5380104840      0.5719560508E-01
  0.5394804580      0.5463425561E-01
  0.5409504320      0.5218637720E-01
  0.5424204060      0.4997562208E-01
  0.5438903800      0.4796848681E-01
  0.5453603540      0.4621282412E-01
  0.5468303280      0.4455574279E-01
  0.5483003020      0.4299303466E-01
  0.5497702760      0.4129774739E-01
  0.5512402500      0.3991679375E-01
  0.5527102240      0.3847777631E-01
  0.5541801980      0.3687592068E-01
  0.5556501720      0.3371723646E-01
  0.5571201460      0.2961079632E-01
  0.5585901200      0.2524843249E-01
  0.5600600940      0.2230415569E-01
  0.5615300680      0.2066502693E-01
  0.5630000420      0.1979804084E-01
  0.5644700160      0.1907866637E-01
  0.5659399900      0.1832244307E-01
  0.5674099640      0.1761269316E-01
  0.5688799380      0.1691240530E-01
  0.5703499120      0.1621884721E-01
  0.5718198860      0.1559941678E-01
  0.5732898600      0.1500777963E-01
  0.5747598340      0.1465658073E-01
  0.5762298080      0.1444842890E-01
  0.5776997820      0.1442334499E-01
  0.5791697560      0.1399705789E-01
  0.5806397300      0.1292083234E-01
  0.5821097040      0.1095788386E-01
  0.5835796780      0.8636640902E-02
  0.5850496520      0.6387207483E-02
  0.5865196260      0.4611915723E-02
  0.5879896000      0.3280664532E-02
  0.5894595740      0.2309534346E-02
  0.5909295480      0.1572960887E-02
  0.5923995220      0.1024633343E-02
  0.5938694960      0.6199394400E-03
  0.5953394700      0.3434253092E-03
  0.5968094440      0.1646660236E-03
  0.5982794180      0.6778371139E-04
  0.5997493920      0.2107768486E-04
  0.6012193660      0.4925723640E-05
  0.6026893400      0.3812818480E-06
  0.6041593140       0.000000000    
  0.6056292880      0.1090899377E-05
  0.6070992620      0.3272698130E-05
  0.6085692360      0.1133694482E-04
  0.6100392100      0.3350132520E-04
  0.6115091840      0.8974269376E-04
  0.6129791580      0.1976540864E-03
  0.6144491320      0.3599364693E-03
  0.6159191060      0.5684850559E-03
  0.6173890800      0.8217309731E-03
  0.6188590540      0.1152987186E-02
  0.6203290280      0.1585744020E-02
  0.6217990020      0.2116489186E-02
  0.6232689760      0.2711891146E-02
  0.6247389500      0.3356992601E-02
  0.6262089240      0.4083201719E-02
  0.6276788980      0.4915123277E-02
  0.6291488720      0.5881786759E-02
  0.6306188460      0.6933819620E-02
  0.6320888200      0.8077482687E-02
  0.6335587940      0.9262623630E-02
  0.6350287680      0.1059408408E-01
  0.6364987420      0.1208495007E-01
  0.6379687160      0.1389856578E-01
  0.6394386900      0.1606422067E-01
  0.6409086640      0.1876873530E-01
  0.6423786380      0.2221690084E-01
  0.6438486120      0.2641201047E-01
  0.6453185860      0.3094705770E-01
  0.6467885600      0.3492366983E-01
  0.6482585340      0.3789395314E-01
  0.6497285080      0.4000622193E-01
  0.6511984820      0.4190713079E-01
  0.6526684560      0.4402888813E-01
  0.6541384300      0.4637451332E-01
  0.6556084040      0.4887741168E-01
  0.6570783780      0.5140058983E-01
  0.6585483520      0.5400473659E-01
  0.6600183260      0.5663518223E-01
  0.6614883000      0.5932318324E-01
  0.6629582740      0.6200437189E-01
  0.6644282480      0.6475906544E-01
  0.6658982220      0.6765646967E-01
  0.6673681960      0.7100859171E-01
  0.6688381700      0.7473361588E-01
  0.6703081440      0.7856460663E-01
  0.6717781180      0.8150171235E-01
  0.6732480920      0.8314325217E-01
  0.6747180660      0.8341609916E-01
  0.6761880400      0.8316661593E-01
  0.6776580140      0.8277080704E-01
  0.6791279880      0.8254489389E-01
  0.6805979620      0.8228943785E-01
  0.6820679360      0.8211275369E-01
  0.6835379100      0.8199040278E-01
  0.6850078840      0.8196559025E-01
  0.6864778580      0.8193066926E-01
  0.6879478320      0.8179478226E-01
  0.6894178060      0.8158260777E-01
  0.6908877800      0.8137337364E-01
  0.6923577540      0.8118818653E-01
  0.6938277280      0.8103051317E-01
  0.6952977020      0.8077232872E-01
  0.6967676760      0.8046486175E-01
  0.6982376500      0.8005452107E-01
  0.6997076240      0.7961893589E-01
  0.7011775980      0.7913067191E-01
  0.7026475720      0.7861546670E-01
  0.7041175460      0.7818209552E-01
  0.7055875200      0.7780626103E-01
  0.7070574940      0.7760788294E-01
  0.7085274680      0.7736856866E-01
  0.7099974420      0.7720651476E-01
  0.7114674160      0.7697074308E-01
  0.7129373900      0.7691522415E-01
  0.7144073640      0.7699577537E-01
  0.7158773380      0.7747224598E-01
  0.7173473120      0.7855682855E-01
  0.7188172860      0.8074821683E-01
  0.7202872600      0.8412708166E-01
  0.7217572340      0.8820266793E-01
  0.7232272080      0.9197378085E-01
  0.7246971820      0.9481845882E-01
  0.7261671560      0.9688854309E-01
  0.7276371300      0.9882523945E-01
  0.7291071040      0.1012000676    
  0.7305770780      0.1041947699    
  0.7320470520      0.1078122489    
  0.7335170260      0.1118074971    

 -0.7349870000      0.5178317656E-03
 -0.7335170260      0.5344779654E-03
 -0.7320470520      0.5555355453E-03
 -0.7305770780      0.5802968627E-03
 -0.7291071040      0.6069271865E-03
 -0.7276371300      0.6327582093E-03
 -0.7261671560      0.6584414089E-03
 -0.7246971820      0.6832404000E-03
 -0.7232272080      0.7077879968E-03
 -0.7217572340      0.7313949317E-03
 -0.7202872600      0.7549397587E-03
 -0.7188172860      0.7789947679E-03
 -0.7173473120      0.8056431513E-03
 -0.7158773380      0.8336952527E-03
 -0.7144073640      0.8629549088E-03
 -0.7129373900      0.8928053510E-03
 -0.7114674160      0.9244252491E-03
 -0.7099974420      0.9565887403E-03
 -0.7085274680      0.9885272291E-03
 -0.7070574940      0.1020620921E-02
 -0.7055875200      0.1053585262E-02
 -0.7041175460      0.1088207199E-02
 -0.7026475720      0.1124113757E-02
 -0.7011775980      0.1161629754E-02
 -0.6997076240      0.1200226450E-02
 -0.6982376500      0.1238689182E-02
 -0.6967676760      0.1277282743E-02
 -0.6952977020      0.1316103590E-02
 -0.6938277280      0.1358582505E-02
 -0.6923577540      0.1403089728E-02
 -0.6908877800      0.1450423153E-02
 -0.6894178060      0.1495999603E-02
 -0.6879478320      0.1543388573E-02
 -0.6864778580      0.1589441794E-02
 -0.6850078840      0.1635705589E-02
 -0.6835379100      0.1678500760E-02
 -0.6820679360      0.1721702886E-02
 -0.6805979620      0.1765611755E-02
 -0.6791279880      0.1812957733E-02
 -0.6776580140      0.1860297304E-02
 -0.6761880400      0.1910143712E-02
 -0.6747180660      0.1957945168E-02
 -0.6732480920      0.2009916771E-02
 -0.6717781180      0.2059530906E-02
 -0.6703081440      0.2114034869E-02
 -0.6688381700      0.2164684162E-02
 -0.6673681960      0.2219494102E-02
 -0.6658982220      0.2274312884E-02
 -0.6644282480      0.2334996960E-02
 -0.6629582740      0.2398935989E-02
 -0.6614883000      0.2462855755E-02
 -0.6600183260      0.2528729602E-02
 -0.6585483520      0.2592166841E-02
 -0.6570783780      0.2662810395E-02
 -0.6556084040      0.2731382361E-02
 -0.6541384300      0.2806007770E-02
 -0.6526684560      0.2873281785E-02
 -0.6511984820      0.2944612929E-02
 -0.6497285080      0.3013009717E-02
 -0.6482585340      0.3092373346E-02
 -0.6467885600      0.3175925908E-02
 -0.6453185860      0.3266528413E-02
 -0.6438486120      0.3356756079E-02
 -0.6423786380      0.3446163290E-02
 -0.6409086640      0.3535763807E-02
 -0.6394386900      0.3623428356E-02
 -0.6379687160      0.3718290635E-02
 -0.6364987420      0.3814202823E-02
 -0.6350287680      0.3913382799E-02
 -0.6335587940      0.4003429972E-02
 -0.6320888200      0.4094133768E-02
 -0.6306188460      0.4193250136E-02
 -0.6291488720      0.4305989335E-02
 -0.6276788980      0.4427934448E-02
 -0.6262089240      0.4549491355E-02
 -0.6247389500      0.4674591643E-02
 -0.6232689760      0.4801116342E-02
 -0.6217990020      0.4936140320E-02
 -0.6203290280      0.5073266938E-02
 -0.6188590540      0.5222789349E-02
 -0.6173890800      0.5375529957E-02
 -0.6159191060      0.5544982158E-02
 -0.6144491320      0.5719415817E-02
 -0.6129791580      0.5917477404E-02
 -0.6115091840      0.6124941247E-02
 -0.6100392100      0.6357339548E-02
 -0.6085692360      0.6610723665E-02
 -0.6070992620      0.6920217908E-02
 -0.6056292880      0.7295955977E-02
 -0.6041593140      0.7723468743E-02
 -0.6026893400      0.8136161181E-02
 -0.6012193660      0.8457662665E-02
 -0.5997493920      0.8678419386E-02
 -0.5982794180      0.8815752518E-02
 -0.5968094440      0.8948934087E-02
 -0.5953394700      0.9070657486E-02
 -0.5938694960      0.9208890679E-02
 -0.5923995220      0.9290945532E-02
 -0.5909295480      0.9344902050E-02
 -0.5894595740      0.9334060653E-02
 -0.5879896000      0.9330414333E-02
 -0.5865196260      0.9315319769E-02
 -0.5850496520      0.9337373234E-02
 -0.5835796780      0.9364854444E-02
 -0.5821097040      0.9433724191E-02
 -0.5806397300      0.9523957606E-02
 -0.5791697560      0.9644512904E-02
 -0.5776997820      0.9734759037E-02
 -0.5762298080      0.9751685365E-02
 -0.5747598340      0.9675261393E-02
 -0.5732898600      0.9534261643E-02
 -0.5718198860      0.9388008624E-02
 -0.5703499120      0.9243151343E-02
 -0.5688799380      0.9131002883E-02
 -0.5674099640      0.9022593517E-02
 -0.5659399900      0.8949106223E-02
 -0.5644700160      0.8873961194E-02
 -0.5630000420      0.8814180085E-02
 -0.5615300680      0.8745932193E-02
 -0.5600600940      0.8686641390E-02
 -0.5585901200      0.8635334441E-02
 -0.5571201460      0.8595795688E-02
 -0.5556501720      0.8566308853E-02
 -0.5541801980      0.8535333472E-02
 -0.5527102240      0.8501364596E-02
 -0.5512402500      0.8463010641E-02
 -0.5497702760      0.8424344614E-02
 -0.5483003020      0.8393651416E-02
 -0.5468303280      0.8362146174E-02
 -0.5453603540      0.8338664448E-02
 -0.5438903800      0.8308826735E-02
 -0.5424204060      0.8291858544E-02
 -0.5409504320      0.8272783752E-02
 -0.5394804580      0.8263001134E-02
 -0.5380104840      0.8243215896E-02
 -0.5365405100      0.8231381651E-02
 -0.5350705360      0.8226698936E-02
 -0.5336005620      0.8239407390E-02
 -0.5321305880      0.8251448619E-02
 -0.5306606140      0.8257475039E-02
 -0.5291906400      0.8249470733E-02
 -0.5277206660      0.8226574966E-02
 -0.5262506920      0.8176658229E-02
 -0.5247807180      0.8105579146E-02
 -0.5233107440      0.8021248654E-02
 -0.5218407700      0.7950363978E-02
 -0.5203707960      0.7886013378E-02
 -0.5189008220      0.7838370859E-02
 -0.5174308480      0.7786983763E-02
 -0.5159608740      0.7744808598E-02
 -0.5144909000      0.7706396244E-02
 -0.5130209260      0.7695913169E-02
 -0.5115509520      0.7727953750E-02
 -0.5100809780      0.7803903711E-02
 -0.5086110040      0.7904841314E-02
 -0.5071410300      0.7993616601E-02
 -0.5056710560      0.8065226034E-02
 -0.5042010820      0.8114511075E-02
 -0.5027311080      0.8102471456E-02
 -0.5012611340      0.7933463162E-02
 -0.4997911600      0.7510460810E-02
 -0.4983211860      0.6859586482E-02
 -0.4968512120      0.6091844146E-02
 -0.4953812380      0.5358806828E-02
 -0.4939112640      0.4713372227E-02
 -0.4924412900      0.4157691588E-02
 -0.4909713160      0.3668358477E-02
 -0.4895013420      0.3254859776E-02
 -0.4880313680      0.2933038643E-02
 -0.4865613940      0.2712334714E-02
 -0.4850914200      0.2577407397E-02
 -0.4836214460      0.2501273841E-02
 -0.4821514720      0.2439468732E-02
 -0.4806814980      0.2364448148E-02
 -0.4792115240      0.2271300363E-02
 -0.4777415500      0.2185288785E-02
 -0.4762715760      0.2121200151E-02
 -0.4748016020      0.2091047349E-02
 -0.4733316280      0.2082422325E-02
 -0.4718616540      0.2113184216E-02
 -0.4703916800      0.2172462272E-02
 -0.4689217060      0.2279594500E-02
 -0.4674517320      0.2413136155E-02
 -0.4659817580      0.2583812297E-02
 -0.4645117840      0.2781768119E-02
 -0.4630418100      0.3039841547E-02
 -0.4615718360      0.3372233171E-02
 -0.4601018620      0.3808777473E-02
 -0.4586318880      0.4322845934E-02
 -0.4571619140      0.4914413406E-02
 -0.4556919400      0.5548633056E-02
 -0.4542219660      0.6250617589E-02
 -0.4527519920      0.6994294653E-02
 -0.4512820180      0.7803395426E-02
 -0.4498120440      0.8655873195E-02
 -0.4483420700      0.9615262078E-02
 -0.4468720960      0.1076137080E-01
 -0.4454021220      0.1226777107E-01
 -0.4439321480      0.1418300164E-01
 -0.4424621740      0.1631679770E-01
 -0.4409922000      0.1818761144E-01
 -0.4395222260      0.1937693331E-01
 -0.4380522520      0.1982865580E-01
 -0.4365822780      0.1985917841E-01
 -0.4351123040      0.1985511236E-01
 -0.4336423300      0.1999864856E-01
 -0.4321723560      0.2031640678E-01
 -0.4307023820      0.2067093600E-01
 -0.4292324080      0.2089898879E-01
 -0.4277624340      0.2074973313E-01
 -0.4262924600      0.2015792161E-01
 -0.4248224860      0.1919793979E-01
 -0.4233525120      0.1809924295E-01
 -0.4218825380      0.1705879809E-01
 -0.4204125640      0.1616691429E-01
 -0.4189425900      0.1550348395E-01
 -0.4174726160      0.1498061929E-01
 -0.4160026420      0.1461158905E-01
 -0.4145326680      0.1425593013E-01
 -0.4130626940      0.1399115792E-01
 -0.4115927200      0.1372814774E-01
 -0.4101227460      0.1354171336E-01
 -0.4086527720      0.1333827928E-01
 -0.4071827980      0.1318346985E-01
 -0.4057128240      0.1302765131E-01
 -0.4042428500      0.1291843118E-01
 -0.4027728760      0.1280069942E-01
 -0.4013029020      0.1270109576E-01
 -0.3998329280      0.1258646177E-01
 -0.3983629540      0.1249358792E-01
 -0.3968929800      0.1240012673E-01
 -0.3954230060      0.1233088554E-01
 -0.3939530320      0.1228124826E-01
 -0.3924830580      0.1224270179E-01
 -0.3910130840      0.1222341937E-01
 -0.3895431100      0.1217587943E-01
 -0.3880731360      0.1214738734E-01
 -0.3866031620      0.1207692626E-01
 -0.3851331880      0.1203868985E-01
 -0.3836632140      0.1195895162E-01
 -0.3821932400      0.1192030830E-01
 -0.3807232660      0.1182974838E-01
 -0.3792532920      0.1177053880E-01
 -0.3777833180      0.1165724330E-01
 -0.3763133440      0.1159543293E-01
 -0.3748433700      0.1149661495E-01
 -0.3733733960      0.1144959089E-01
 -0.3719034220      0.1135479500E-01
 -0.3704334480      0.1130351125E-01
 -0.3689634740      0.1120804829E-01
 -0.3674935000      0.1115956284E-01
 -0.3660235260      0.1107825394E-01
 -0.3645535520      0.1103324058E-01
 -0.3630835780      0.1095842765E-01
 -0.3616136040      0.1091453762E-01
 -0.3601436300      0.1087613460E-01
 -0.3586736560      0.1086256210E-01
 -0.3572036820      0.1084674761E-01
 -0.3557337080      0.1082159388E-01
 -0.3542637340      0.1081082068E-01
 -0.3527937600      0.1081607438E-01
 -0.3513237860      0.1087615897E-01
 -0.3498538120      0.1097937233E-01
 -0.3483838380      0.1114513056E-01
 -0.3469138640      0.1132646452E-01
 -0.3454438900      0.1154033307E-01
 -0.3439739160      0.1178371183E-01
 -0.3425039420      0.1210852582E-01
 -0.3410339680      0.1249040347E-01
 -0.3395639940      0.1290835065E-01
 -0.3380940200      0.1330917393E-01
 -0.3366240460      0.1366873118E-01
 -0.3351540720      0.1399682167E-01
 -0.3336840980      0.1429416902E-01
 -0.3322141240      0.1460078695E-01
 -0.3307441500      0.1488888388E-01
 -0.3292741760      0.1519805875E-01
 -0.3278042020      0.1548214854E-01
 -0.3263342280      0.1575959880E-01
 -0.3248642540      0.1596373033E-01
 -0.3233942800      0.1611815000E-01
 -0.3219243060      0.1622051372E-01
 -0.3204543320      0.1632804410E-01
 -0.3189843580      0.1645677339E-01
 -0.3175143840      0.1662806866E-01
 -0.3160444100      0.1681625546E-01
 -0.3145744360      0.1701499463E-01
 -0.3131044620      0.1719868744E-01
 -0.3116344880      0.1738705850E-01
 -0.3101645140      0.1754112761E-01
 -0.3086945400      0.1765001754E-01
 -0.3072245660      0.1770361421E-01
 -0.3057545920      0.1773652061E-01
 -0.3042846180      0.1779640192E-01
 -0.3028146440      0.1786932580E-01
 -0.3013446700      0.1799517290E-01
 -0.2998746960      0.1812916723E-01
 -0.2984047220      0.1831466955E-01
 -0.2969347480      0.1850120459E-01
 -0.2954647740      0.1872589629E-01
 -0.2939948000      0.1895650836E-01
 -0.2925248260      0.1919756720E-01
 -0.2910548520      0.1944146995E-01
 -0.2895848780      0.1967465483E-01
 -0.2881149040      0.1990811079E-01
 -0.2866449300      0.2011354780E-01
 -0.2851749560      0.2031060269E-01
 -0.2837049820      0.2049064250E-01
 -0.2822350080      0.2065828887E-01
 -0.2807650340      0.2082367823E-01
 -0.2792950600      0.2096845971E-01
 -0.2778250860      0.2111546714E-01
 -0.2763551120      0.2122820867E-01
 -0.2748851380      0.2136429214E-01
 -0.2734151640      0.2151332111E-01
 -0.2719451900      0.2172848431E-01
 -0.2704752160      0.2196055518E-01
 -0.2690052420      0.2224377104E-01
 -0.2675352680      0.2256105503E-01
 -0.2660652940      0.2294370743E-01
 -0.2645953200      0.2334647174E-01
 -0.2631253460      0.2374886955E-01
 -0.2616553720      0.2414558050E-01
 -0.2601853980      0.2453030074E-01
 -0.2587154240      0.2489130086E-01
 -0.2572454500      0.2519743689E-01
 -0.2557754760      0.2548932984E-01
 -0.2543055020      0.2585314948E-01
 -0.2528355280      0.2630943286E-01
 -0.2513655540      0.2687275749E-01
 -0.2498955800      0.2748844094E-01
 -0.2484256060      0.2821594910E-01
 -0.2469556320      0.2901674317E-01
 -0.2454856580      0.2979265050E-01
 -0.2440156840      0.3041132864E-01
 -0.2425457100      0.3077249316E-01
 -0.2410757360      0.3096780047E-01
 -0.2396057620      0.3103236644E-01
 -0.2381357880      0.3107883219E-01
 -0.2366658140      0.3112669529E-01
 -0.2351958400      0.3123422080E-01
 -0.2337258660      0.3141670264E-01
 -0.2322558920      0.3160419344E-01
 -0.2307859180      0.3177336239E-01
 -0.2293159440      0.3190131663E-01
 -0.2278459700      0.3206670828E-01
 -0.2263759960      0.3228451625E-01
 -0.2249060220      0.3255643678E-01
 -0.2234360480      0.3281929184E-01
 -0.2219660740      0.3307363128E-01
 -0.2204961000      0.3329193489E-01
 -0.2190261260      0.3352115430E-01
 -0.2175561520      0.3370234602E-01
 -0.2160861780      0.3387477009E-01
 -0.2146162040      0.3402827349E-01
 -0.2131462300      0.3420901081E-01
 -0.2116762560      0.3439255425E-01
 -0.2102062820      0.3459285613E-01
 -0.2087363080      0.3481855318E-01
 -0.2072663340      0.3507121422E-01
 -0.2057963600      0.3532301793E-01
 -0.2043263860      0.3556176602E-01
 -0.2028564120      0.3579065868E-01
 -0.2013864380      0.3598827867E-01
 -0.1999164640      0.3618375336E-01
 -0.1984464900      0.3637817586E-01
 -0.1969765160      0.3662924896E-01
 -0.1955065420      0.3686807829E-01
 -0.1940365680      0.3712737182E-01
 -0.1925665940      0.3736017868E-01
 -0.1910966200      0.3764409248E-01
 -0.1896266460      0.3790885699E-01
 -0.1881566720      0.3821822366E-01
 -0.1866866980      0.3851685188E-01
 -0.1852167240      0.3885862544E-01
 -0.1837467500      0.3913148072E-01
 -0.1822767760      0.3934772272E-01
 -0.1808068020      0.3946620071E-01
 -0.1793368280      0.3956062192E-01
 -0.1778668540      0.3964631086E-01
 -0.1763968800      0.3977713088E-01
 -0.1749269060      0.3995077619E-01
 -0.1734569320      0.4013879014E-01
 -0.1719869580      0.4030504476E-01
 -0.1705169840      0.4044289826E-01
 -0.1690470100      0.4058593892E-01
 -0.1675770360      0.4071832632E-01
 -0.1661070620      0.4082802380E-01
 -0.1646370880      0.4089463026E-01
 -0.1631671140      0.4092817165E-01
 -0.1616971400      0.4097564068E-01
 -0.1602271660      0.4103122180E-01
 -0.1587571920      0.4116301452E-01
 -0.1572872180      0.4130389080E-01
 -0.1558172440      0.4148860458E-01
 -0.1543472700      0.4166135699E-01
 -0.1528772960      0.4190576493E-01
 -0.1514073220      0.4228055072E-01
 -0.1499373480      0.4281420822E-01
 -0.1484673740      0.4349333283E-01
 -0.1469974000      0.4414851534E-01
 -0.1455274260      0.4473926704E-01
 -0.1440574520      0.4513803886E-01
 -0.1425874780      0.4542652512E-01
 -0.1411175040      0.4553497943E-01
 -0.1396475300      0.4552338717E-01
 -0.1381775560      0.4535851751E-01
 -0.1367075820      0.4515265628E-01
 -0.1352376080      0.4493204327E-01
 -0.1337676340      0.4474261008E-01
 -0.1322976600      0.4451335112E-01
 -0.1308276860      0.4438951173E-01
 -0.1293577120      0.4439606781E-01
 -0.1278877380      0.4460824757E-01
 -0.1264177640      0.4460607505E-01
 -0.1249477900      0.4420491789E-01
 -0.1234778160      0.4321375498E-01
 -0.1220078420      0.4191351584E-01
 -0.1205378680      0.4045754144E-01
 -0.1190678940      0.3906395523E-01
 -0.1175979200      0.3784793522E-01
 -0.1161279460      0.3689276803E-01
 -0.1146579720      0.3617995486E-01
 -0.1131879980      0.3558350507E-01
 -0.1117180240      0.3504204480E-01
 -0.1102480500      0.3455037928E-01
 -0.1087780760      0.3414257246E-01
 -0.1073081020      0.3376068540E-01
 -0.1058381280      0.3331054844E-01
 -0.1043681540      0.3270492075E-01
 -0.1028981800      0.3198641852E-01
 -0.1014282060      0.3120000205E-01
 -0.9995823200E-01  0.3045217687E-01
 -0.9848825800E-01  0.2975630861E-01
 -0.9701828400E-01  0.2919850593E-01
 -0.9554831000E-01  0.2873840371E-01
 -0.9407833600E-01  0.2835565093E-01
 -0.9260836200E-01  0.2795827817E-01
 -0.9113838800E-01  0.2758183060E-01
 -0.8966841400E-01  0.2724903110E-01
 -0.8819844000E-01  0.2700850030E-01
 -0.8672846600E-01  0.2681547914E-01
 -0.8525849200E-01  0.2669698114E-01
 -0.8378851800E-01  0.2659957670E-01
 -0.8231854400E-01  0.2648698092E-01
 -0.8084857000E-01  0.2616100906E-01
 -0.7937859600E-01  0.2561017308E-01
 -0.7790862200E-01  0.2488342616E-01
 -0.7643864800E-01  0.2423865998E-01
 -0.7496867400E-01  0.2371249299E-01
 -0.7349870000E-01  0.2327982145E-01
 -0.7202872600E-01  0.2276951994E-01
 -0.7055875200E-01  0.2219668621E-01
 -0.6908877800E-01  0.2159850845E-01
 -0.6761880400E-01  0.2107793762E-01
 -0.6614883000E-01  0.2062902859E-01
 -0.6467885600E-01  0.2026238692E-01
 -0.6320888200E-01  0.1995930609E-01
 -0.6173890800E-01  0.1975634469E-01
 -0.6026893400E-01  0.1970152185E-01
 -0.5879896000E-01  0.1987701633E-01
 -0.5732898600E-01  0.2019767916E-01
 -0.5585901200E-01  0.2037437523E-01
 -0.5438903800E-01  0.1999913724E-01
 -0.5291906400E-01  0.1900723412E-01
 -0.5144909000E-01  0.1766866068E-01
 -0.4997911600E-01  0.1643031464E-01
 -0.4850914200E-01  0.1545223447E-01
 -0.4703916800E-01  0.1471523424E-01
 -0.4556919400E-01  0.1410578033E-01
 -0.4409922000E-01  0.1360678204E-01
 -0.4262924600E-01  0.1320676380E-01
 -0.4115927200E-01  0.1286178920E-01
 -0.3968929800E-01  0.1249685010E-01
 -0.3821932400E-01  0.1204398021E-01
 -0.3674935000E-01  0.1146656943E-01
 -0.3527937600E-01  0.1072936762E-01
 -0.3380940200E-01  0.9764151391E-02
 -0.3233942800E-01  0.8574003782E-02
 -0.3086945400E-01  0.7200211746E-02
 -0.2939948000E-01  0.5779602593E-02
 -0.2792950600E-01  0.4401599856E-02
 -0.2645953200E-01  0.3179909032E-02
 -0.2498955800E-01  0.2167751848E-02
 -0.2351958400E-01  0.1399895985E-02
 -0.2204961000E-01  0.8425746222E-03
 -0.2057963600E-01  0.4638502272E-03
 -0.1910966200E-01  0.2212834089E-03
 -0.1763968800E-01  0.8832981033E-04
 -0.1616971400E-01  0.2648313057E-04
 -0.1469974000E-01  0.5471659406E-05
 -0.1322976600E-01  0.5763197111E-06
 -0.1175979200E-01   0.000000000    
 -0.1028981800E-01   0.000000000    
 -0.8819844000E-02   0.000000000    
 -0.7349870000E-02   0.000000000    
 -0.5879896000E-02   0.000000000    
 -0.4409922000E-02   0.000000000    
 -0.2939948000E-02   0.000000000    
 -0.1469974000E-02   0.000000000    
  0.4250072516E-16   0.000000000    
  0.1469974000E-02   0.000000000    
  0.2939948000E-02   0.000000000    
  0.4409922000E-02   0.000000000    
  0.5879896000E-02   0.000000000    
  0.7349870000E-02   0.000000000    
  0.8819844000E-02   0.000000000    
  0.1028981800E-01   0.000000000    
  0.1175979200E-01   0.000000000    
  0.1322976600E-01   0.000000000    
  0.1469974000E-01   0.000000000    
  0.1616971400E-01   0.000000000    
  0.1763968800E-01   0.000000000    
  0.1910966200E-01   0.000000000    
  0.2057963600E-01   0.000000000    
  0.2204961000E-01   0.000000000    
  0.2351958400E-01   0.000000000    
  0.2498955800E-01   0.000000000    
  0.2645953200E-01   0.000000000    
  0.2792950600E-01   0.000000000    
  0.2939948000E-01   0.000000000    
  0.3086945400E-01   0.000000000    
  0.3233942800E-01   0.000000000    
  0.3380940200E-01   0.000000000    
  0.3527937600E-01   0.000000000    
  0.3674935000E-01   0.000000000    
  0.3821932400E-01   0.000000000    
  0.3968929800E-01   0.000000000    
  0.4115927200E-01   0.000000000    
  0.4262924600E-01   0.000000000    
  0.4409922000E-01   0.000000000    
  0.4556919400E-01   0.000000000    
  0.4703916800E-01   0.000000000    
  0.4850914200E-01   0.000000000    
  0.4997911600E-01   0.000000000    
  0.5144909000E-01   0.000000000    
  0.5291906400E-01   0.000000000    
  0.5438903800E-01   0.000000000    
  0.5585901200E-01   0.000000000    
  0.5732898600E-01   0.000000000    
  0.5879896000E-01   0.000000000    
  0.6026893400E-01   0.000000000    
  0.6173890800E-01   0.000000000    
  0.6320888200E-01   0.000000000    
  0.6467885600E-01   0.000000000    
  0.6614883000E-01   0.000000000    
  0.6761880400E-01   0.000000000    
  0.6908877800E-01   0.000000000    
  0.7055875200E-01   0.000000000    
  0.7202872600E-01   0.000000000    
  0.7349870000E-01   0.000000000    
  0.7496867400E-01   0.000000000    
  0.7643864800E-01   0.000000000    
  0.7790862200E-01   0.000000000    
  0.7937859600E-01   0.000000000    
  0.8084857000E-01   0.000000000    
  0.8231854400E-01   0.000000000    
  0.8378851800E-01   0.000000000    
  0.8525849200E-01   0.000000000    
  0.8672846600E-01   0.000000000    
  0.8819844000E-01   0.000000000    
  0.8966841400E-01   0.000000000    
  0.9113838800E-01   0.000000000    
  0.9260836200E-01   0.000000000    
  0.9407833600E-01   0.000000000    
  0.9554831000E-01   0.000000000    
  0.9701828400E-01   0.000000000    
  0.9848825800E-01   0.000000000    
  0.9995823200E-01   0.000000000    
  0.1014282060       0.000000000    
  0.1028981800       0.000000000    
  0.1043681540       0.000000000    
  0.1058381280       0.000000000    
  0.1073081020       0.000000000    
  0.1087780760       0.000000000    
  0.1102480500       0.000000000    
  0.1117180240       0.000000000    
  0.1131879980       0.000000000    
  0.1146579720       0.000000000    
  0.1161279460       0.000000000    
  0.1175979200       0.000000000    
  0.1190678940       0.000000000    
  0.1205378680       0.000000000    
  0.1220078420       0.000000000    
  0.1234778160       0.000000000    
  0.1249477900       0.000000000    
  0.1264177640       0.000000000    
  0.1278877380       0.000000000    
  0.1293577120       0.000000000    
  0.1308276860      0.3316816331E-06
  0.1322976600      0.2982850587E-05
  0.1337676340      0.1755350248E-04
  0.1352376080      0.6920491169E-04
  0.1367075820      0.2088816947E-03
  0.1381775560      0.5062746311E-03
  0.1396475300      0.1058275175E-02
  0.1411175040      0.1959984429E-02
  0.1425874780      0.3289523272E-02
  0.1440574520      0.5031916374E-02
  0.1455274260      0.7094717046E-02
  0.1469974000      0.9387348323E-02
  0.1484673740      0.1185753236E-01
  0.1499373480      0.1451760202E-01
  0.1514073220      0.1725854837E-01
  0.1528772960      0.2002832718E-01
  0.1543472700      0.2285852574E-01
  0.1558172440      0.2597362703E-01
  0.1572872180      0.2945540468E-01
  0.1587571920      0.3301290293E-01
  0.1602271660      0.3618307297E-01
  0.1616971400      0.3862678779E-01
  0.1631671140      0.4046580266E-01
  0.1646370880      0.4196340718E-01
  0.1661070620      0.4345652372E-01
  0.1675770360      0.4501167859E-01
  0.1690470100      0.4671215922E-01
  0.1705169840      0.4841146288E-01
  0.1719869580      0.5015690511E-01
  0.1734569320      0.5178523006E-01
  0.1749269060      0.5329975056E-01
  0.1763968800      0.5459878817E-01
  0.1778668540      0.5586938963E-01
  0.1793368280      0.5732926182E-01
  0.1808068020      0.5915274087E-01
  0.1822767760      0.6139180526E-01
  0.1837467500      0.6396166181E-01
  0.1852167240      0.6681234014E-01
  0.1866866980      0.6976306180E-01
  0.1881566720      0.7283602363E-01
  0.1896266460      0.7609209228E-01
  0.1910966200      0.7966374546E-01
  0.1925665940      0.8343651232E-01
  0.1940365680      0.8717295246E-01
  0.1955065420      0.9049039052E-01
  0.1969765160      0.9297111368E-01
  0.1984464900      0.9444613599E-01
  0.1999164640      0.9518442598E-01
  0.2013864380      0.9560751390E-01
  0.2028564120      0.9576646770E-01
  0.2043263860      0.9556914883E-01
  0.2057963600      0.9516291746E-01
  0.2072663340      0.9502230688E-01
  0.2087363080      0.9540483139E-01
  0.2102062820      0.9628132133E-01
  0.2116762560      0.9747676000E-01
  0.2131462300      0.9878935793E-01
  0.2146162040      0.1000718079    
  0.2160861780      0.1012052170    
  0.2175561520      0.1022597216    
  0.2190261260      0.1032282210    
  0.2204961000      0.1041074819    
  0.2219660740      0.1049374769    
  0.2234360480      0.1057675381    
  0.2249060220      0.1067104731    
  0.2263759960      0.1077412575    
  0.2278459700      0.1089569253    
  0.2293159440      0.1104955481    
  0.2307859180      0.1122975008    
  0.2322558920      0.1142038557    
  0.2337258660      0.1156826678    
  0.2351958400      0.1167452915    
  0.2366658140      0.1175171151    
  0.2381357880      0.1184399369    
  0.2396057620      0.1196306062    
  0.2410757360      0.1209832038    
  0.2425457100      0.1224708416    
  0.2440156840      0.1239670818    
  0.2454856580      0.1256019037    
  0.2469556320      0.1273316231    
  0.2484256060      0.1292128105    
  0.2498955800      0.1311714427    
  0.2513655540      0.1332241583    
  0.2528355280      0.1354480013    
  0.2543055020      0.1380089316    
  0.2557754760      0.1409543132    
  0.2572454500      0.1442383066    
  0.2587154240      0.1478076172    
  0.2601853980      0.1517614374    
  0.2616553720      0.1562748822    
  0.2631253460      0.1614241466    
  0.2645953200      0.1674049218    
  0.2660652940      0.1745065665    
  0.2675352680      0.1826563270    
  0.2690052420      0.1911131037    
  0.2704752160      0.1989033870    
  0.2719451900      0.2059855032    
  0.2734151640      0.2131196113    
  0.2748851380      0.2211552647    
  0.2763551120      0.2298090465    
  0.2778250860      0.2377589192    
  0.2792950600      0.2429488824    
  0.2807650340      0.2431500801    
  0.2822350080      0.2365359796    
  0.2837049820      0.2222512485    
  0.2851749560      0.2016995689    
  0.2866449300      0.1779993377    
  0.2881149040      0.1551525631    
  0.2895848780      0.1359598207    
  0.2910548520      0.1217562090    
  0.2925248260      0.1126977555    
  0.2939948000      0.1080381397    
  0.2954647740      0.1069668192    
  0.2969347480      0.1083091269    
  0.2984047220      0.1117157740    
  0.2998746960      0.1164020683    
  0.3013446700      0.1221070453    
  0.3028146440      0.1281878628    
  0.3042846180      0.1348831844    
  0.3057545920      0.1423703185    
  0.3072245660      0.1506449634    
  0.3086945400      0.1589194331    
  0.3101645140      0.1656596004    
  0.3116344880      0.1699784495    
  0.3131044620      0.1719654943    
  0.3145744360      0.1736189278    
  0.3160444100      0.1763835747    
  0.3175143840      0.1802981346    
  0.3189843580      0.1828532929    
  0.3204543320      0.1819856303    
  0.3219243060      0.1776466153    
  0.3233942800      0.1720662507    
  0.3248642540      0.1673830765    
  0.3263342280      0.1638688452    
  0.3278042020      0.1609430230    
  0.3292741760      0.1579833388    
  0.3307441500      0.1557209863    
  0.3322141240      0.1546609480    
  0.3336840980      0.1550552574    
  0.3351540720      0.1564469367    
  0.3366240460      0.1584348076    
  0.3380940200      0.1609141176    
  0.3395639940      0.1636596970    
  0.3410339680      0.1665568071    
  0.3425039420      0.1693176873    
  0.3439739160      0.1720598042    
  0.3454438900      0.1749525506    
  0.3469138640      0.1784551235    
  0.3483838380      0.1824537692    
  0.3498538120      0.1861595891    
  0.3513237860      0.1886293270    
  0.3527937600      0.1888449587    
  0.3542637340      0.1872107231    
  0.3557337080      0.1835546064    
  0.3572036820      0.1790199658    
  0.3586736560      0.1738319053    
  0.3601436300      0.1690209883    
  0.3616136040      0.1644219160    
  0.3630835780      0.1602118385    
  0.3645535520      0.1561906727    
  0.3660235260      0.1527967567    
  0.3674935000      0.1497898107    
  0.3689634740      0.1472642620    
  0.3704334480      0.1448404415    
  0.3719034220      0.1428555209    
  0.3733733960      0.1411420913    
  0.3748433700      0.1396471687    
  0.3763133440      0.1380003697    
  0.3777833180      0.1359697545    
  0.3792532920      0.1331560183    
  0.3807232660      0.1288026126    
  0.3821932400      0.1227575302    
  0.3836632140      0.1156544049    
  0.3851331880      0.1089478603    
  0.3866031620      0.1033543871    
  0.3880731360      0.9878066237E-01
  0.3895431100      0.9461301231E-01
  0.3910130840      0.9079751210E-01
  0.3924830580      0.8731479482E-01
  0.3939530320      0.8449284286E-01
  0.3954230060      0.8199102068E-01
  0.3968929800      0.7991137461E-01
  0.3983629540      0.7793849382E-01
  0.3998329280      0.7626368879E-01
  0.4013029020      0.7464978533E-01
  0.4027728760      0.7319320697E-01
  0.4042428500      0.7169458344E-01
  0.4057128240      0.7034842305E-01
  0.4071827980      0.6908140551E-01
  0.4086527720      0.6803199846E-01
  0.4101227460      0.6713835841E-01
  0.4115927200      0.6656395183E-01
  0.4130626940      0.6642574897E-01
  0.4145326680      0.6696564586E-01
  0.4160026420      0.6810558558E-01
  0.4174726160      0.6972617276E-01
  0.4189425900      0.7129300173E-01
  0.4204125640      0.7248687046E-01
  0.4218825380      0.7301481657E-01
  0.4233525120      0.7312630337E-01
  0.4248224860      0.7308516018E-01
  0.4262924600      0.7326314903E-01
  0.4277624340      0.7369750026E-01
  0.4292324080      0.7448304546E-01
  0.4307023820      0.7558086739E-01
  0.4321723560      0.7719336618E-01
  0.4336423300      0.7950837744E-01
  0.4351123040      0.8285346299E-01
  0.4365822780      0.8746658259E-01
  0.4380522520      0.9318424449E-01
  0.4395222260      0.9950170269E-01
  0.4409922000      0.1049182982    
  0.4424621740      0.1085879355    
  0.4439321480      0.1099254264    
  0.4454021220      0.1100036141    
  0.4468720960      0.1094619954    
  0.4483420700      0.1088377969    
  0.4498120440      0.1078880823    
  0.4512820180      0.1066423874    
  0.4527519920      0.1055072173    
  0.4542219660      0.1049906905    
  0.4556919400      0.1052854651    
  0.4571619140      0.1057490511    
  0.4586318880      0.1056789383    
  0.4601018620      0.1046321657    
  0.4615718360      0.1031331992    
  0.4630418100      0.1016520565    
  0.4645117840      0.1006547235    
  0.4659817580      0.9998049989E-01
  0.4674517320      0.9967925339E-01
  0.4689217060      0.9953321813E-01
  0.4703916800      0.9961475354E-01
  0.4718616540      0.9968574442E-01
  0.4733316280      0.9965272287E-01
  0.4748016020      0.9913513824E-01
  0.4762715760      0.9797474866E-01
  0.4777415500      0.9598715990E-01
  0.4792115240      0.9336982620E-01
  0.4806814980      0.9042495579E-01
  0.4821514720      0.8759247237E-01
  0.4836214460      0.8520523805E-01
  0.4850914200      0.8334125874E-01
  0.4865613940      0.8209876760E-01
  0.4880313680      0.8139749390E-01
  0.4895013420      0.8122783933E-01
  0.4909713160      0.8150139791E-01
  0.4924412900      0.8229386972E-01
  0.4939112640      0.8370006824E-01
  0.4953812380      0.8591208366E-01
  0.4968512120      0.8907431861E-01
  0.4983211860      0.9330138009E-01
  0.4997911600      0.9823569488E-01
  0.5012611340      0.1034388287    
  0.5027311080      0.1085106062    
  0.5042010820      0.1135281326    
  0.5056710560      0.1182778585    
  0.5071410300      0.1221871200    
  0.5086110040      0.1244518051    
  0.5100809780      0.1247504948    
  0.5115509520      0.1236965196    
  0.5130209260      0.1220385328    
  0.5144909000      0.1202950656    
  0.5159608740      0.1180170459    
  0.5174308480      0.1147222920    
  0.5189008220      0.1102795803    
  0.5203707960      0.1050670070    
  0.5218407700      0.9956046354E-01
  0.5233107440      0.9394699513E-01
  0.5247807180      0.8848483848E-01
  0.5262506920      0.8338758287E-01
  0.5277206660      0.7888188785E-01
  0.5291906400      0.7496068358E-01
  0.5306606140      0.7150688953E-01
  0.5321305880      0.6847991425E-01
  0.5336005620      0.6575001971E-01
  0.5350705360      0.6320890749E-01
  0.5365405100      0.6058354355E-01
  0.5380104840      0.5782184796E-01
  0.5394804580      0.5500225289E-01
  0.5409504320      0.5231909281E-01
  0.5424204060      0.4990855315E-01
  0.5438903800      0.4774373137E-01
  0.5453603540      0.4586076297E-01
  0.5468303280      0.4414130093E-01
  0.5483003020      0.4264861222E-01
  0.5497702760      0.4117604821E-01
  0.5512402500      0.4011916893E-01
  0.5527102240      0.3895086669E-01
  0.5541801980      0.3745979926E-01
  0.5556501720      0.3421890844E-01
  0.5571201460      0.2995007219E-01
  0.5585901200      0.2543887112E-01
  0.5600600940      0.2243276038E-01
  0.5615300680      0.2078753537E-01
  0.5630000420      0.1994977152E-01
  0.5644700160      0.1926629141E-01
  0.5659399900      0.1855412607E-01
  0.5674099640      0.1789418165E-01
  0.5688799380      0.1723382166E-01
  0.5703499120      0.1657833320E-01
  0.5718198860      0.1597089084E-01
  0.5732898600      0.1538710692E-01
  0.5747598340      0.1499345060E-01
  0.5762298080      0.1472731235E-01
  0.5776997820      0.1462909447E-01
  0.5791697560      0.1419892614E-01
  0.5806397300      0.1316472768E-01
  0.5821097040      0.1125171021E-01
  0.5835796780      0.8922266319E-02
  0.5850496520      0.6621667276E-02
  0.5865196260      0.4799640625E-02
  0.5879896000      0.3443329987E-02
  0.5894595740      0.2461668615E-02
  0.5909295480      0.1706182245E-02
  0.5923995220      0.1133424770E-02
  0.5938694960      0.6984008506E-03
  0.5953394700      0.3934502697E-03
  0.5968094440      0.1905570291E-03
  0.5982794180      0.7878073041E-04
  0.5997493920      0.2462983794E-04
  0.6012193660      0.5889518634E-05
  0.6026893400      0.5912219159E-06
  0.6041593140       0.000000000    
  0.6056292880      0.1090899254E-05
  0.6070992620      0.3272697761E-05
  0.6085692360      0.1145123937E-04
  0.6100392100      0.3429144944E-04
  0.6115091840      0.9294932963E-04
  0.6129791580      0.2066753196E-03
  0.6144491320      0.3777808165E-03
  0.6159191060      0.5963715836E-03
  0.6173890800      0.8585220913E-03
  0.6188590540      0.1201362165E-02
  0.6203290280      0.1652572973E-02
  0.6217990020      0.2209960498E-02
  0.6232689760      0.2835478119E-02
  0.6247389500      0.3509091894E-02
  0.6262089240      0.4264753058E-02
  0.6276788980      0.5130472570E-02
  0.6291488720      0.6140610561E-02
  0.6306188460      0.7242106137E-02
  0.6320888200      0.8437781984E-02
  0.6335587940      0.9675077315E-02
  0.6350287680      0.1106383182E-01
  0.6364987420      0.1261907410E-01
  0.6379687160      0.1450109195E-01
  0.6394386900      0.1672962375E-01
  0.6409086640      0.1949824670E-01
  0.6423786380      0.2301695389E-01
  0.6438486120      0.2727228615E-01
  0.6453185860      0.3181623665E-01
  0.6467885600      0.3572074993E-01
  0.6482585340      0.3858979102E-01
  0.6497285080      0.4063657780E-01
  0.6511984820      0.4256564615E-01
  0.6526684560      0.4478032670E-01
  0.6541384300      0.4725375041E-01
  0.6556084040      0.4987905833E-01
  0.6570783780      0.5251915773E-01
  0.6585483520      0.5522195110E-01
  0.6600183260      0.5794625746E-01
  0.6614883000      0.6070490145E-01
  0.6629582740      0.6343925743E-01
  0.6644282480      0.6620347311E-01
  0.6658982220      0.6907754134E-01
  0.6673681960      0.7237441850E-01
  0.6688381700      0.7600212803E-01
  0.6703081440      0.7965664422E-01
  0.6717781180      0.8228649636E-01
  0.6732480920      0.8354198560E-01
  0.6747180660      0.8344388253E-01
  0.6761880400      0.8295029192E-01
  0.6776580140      0.8244714288E-01
  0.6791279880      0.8220111155E-01
  0.6805979620      0.8198278811E-01
  0.6820679360      0.8185527796E-01
  0.6835379100      0.8180688367E-01
  0.6850078840      0.8182656037E-01
  0.6864778580      0.8182968680E-01
  0.6879478320      0.8169788988E-01
  0.6894178060      0.8149849370E-01
  0.6908877800      0.8129438475E-01
  0.6923577540      0.8112340868E-01
  0.6938277280      0.8096639896E-01
  0.6952977020      0.8071080815E-01
  0.6967676760      0.8040361169E-01
  0.6982376500      0.7999951035E-01
  0.6997076240      0.7956253703E-01
  0.7011775980      0.7906457730E-01
  0.7026475720      0.7853875414E-01
  0.7041175460      0.7809312620E-01
  0.7055875200      0.7771268096E-01
  0.7070574940      0.7750431587E-01
  0.7085274680      0.7726901751E-01
  0.7099974420      0.7710769716E-01
  0.7114674160      0.7687371652E-01
  0.7129373900      0.7680587241E-01
  0.7144073640      0.7687139579E-01
  0.7158773380      0.7733838204E-01
  0.7173473120      0.7842162616E-01
  0.7188172860      0.8061891937E-01
  0.7202872600      0.8399335234E-01
  0.7217572340      0.8805388583E-01
  0.7232272080      0.9178913382E-01
  0.7246971820      0.9460059291E-01
  0.7261671560      0.9663285275E-01
  0.7276371300      0.9855973130E-01
  0.7291071040      0.1009425276    
  0.7305770780      0.1040148496    
  0.7320470520      0.1077855360    
  0.7335170260      0.1120070204    

 -0.7349870000      0.1160714043E-03
 -0.7335170260      0.1202285853E-03
 -0.7320470520      0.1256753589E-03
 -0.7305770780      0.1321265684E-03
 -0.7291071040      0.1389658030E-03
 -0.7276371300      0.1454715587E-03
 -0.7261671560      0.1521646882E-03
 -0.7246971820      0.1589706042E-03
 -0.7232272080      0.1661351353E-03
 -0.7217572340      0.1731101789E-03
 -0.7202872600      0.1799174785E-03
 -0.7188172860      0.1864349924E-03
 -0.7173473120      0.1934274071E-03
 -0.7158773380      0.2009525604E-03
 -0.7144073640      0.2090145306E-03
 -0.7129373900      0.2172144269E-03
 -0.7114674160      0.2254468392E-03
 -0.7099974420      0.2335842454E-03
 -0.7085274680      0.2415297318E-03
 -0.7070574940      0.2497136812E-03
 -0.7055875200      0.2581731318E-03
 -0.7041175460      0.2673132908E-03
 -0.7026475720      0.2767000122E-03
 -0.7011775980      0.2866213999E-03
 -0.6997076240      0.2964552995E-03
 -0.6982376500      0.3060680843E-03
 -0.6967676760      0.3151972459E-03
 -0.6952977020      0.3242963306E-03
 -0.6938277280      0.3344103028E-03
 -0.6923577540      0.3455403864E-03
 -0.6908877800      0.3576612665E-03
 -0.6894178060      0.3695108231E-03
 -0.6879478320      0.3813879322E-03
 -0.6864778580      0.3926286620E-03
 -0.6850078840      0.4036128739E-03
 -0.6835379100      0.4139802176E-03
 -0.6820679360      0.4248262630E-03
 -0.6805979620      0.4360070774E-03
 -0.6791279880      0.4479708921E-03
 -0.6776580140      0.4596992775E-03
 -0.6761880400      0.4712883765E-03
 -0.6747180660      0.4824010673E-03
 -0.6732480920      0.4942797531E-03
 -0.6717781180      0.5065187672E-03
 -0.6703081440      0.5192218783E-03
 -0.6688381700      0.5309068512E-03
 -0.6673681960      0.5427476378E-03
 -0.6658982220      0.5545815251E-03
 -0.6644282480      0.5674062131E-03
 -0.6629582740      0.5808049323E-03
 -0.6614883000      0.5943755534E-03
 -0.6600183260      0.6078756848E-03
 -0.6585483520      0.6208766949E-03
 -0.6570783780      0.6346386956E-03
 -0.6556084040      0.6481873168E-03
 -0.6541384300      0.6622022778E-03
 -0.6526684560      0.6750528326E-03
 -0.6511984820      0.6888002735E-03
 -0.6497285080      0.7024415628E-03
 -0.6482585340      0.7172442729E-03
 -0.6467885600      0.7319328328E-03
 -0.6453185860      0.7471489530E-03
 -0.6438486120      0.7632185499E-03
 -0.6423786380      0.7795764802E-03
 -0.6409086640      0.7963367112E-03
 -0.6394386900      0.8114441165E-03
 -0.6379687160      0.8264205130E-03
 -0.6364987420      0.8407900713E-03
 -0.6350287680      0.8558275776E-03
 -0.6335587940      0.8708826524E-03
 -0.6320888200      0.8854528229E-03
 -0.6306188460      0.9010304363E-03
 -0.6291488720      0.9168249789E-03
 -0.6276788980      0.9338335148E-03
 -0.6262089240      0.9501296569E-03
 -0.6247389500      0.9653154079E-03
 -0.6232689760      0.9809054216E-03
 -0.6217990020      0.9957194452E-03
 -0.6203290280      0.1012267112E-02
 -0.6188590540      0.1027207614E-02
 -0.6173890800      0.1043594194E-02
 -0.6159191060      0.1059736425E-02
 -0.6144491320      0.1077136969E-02
 -0.6129791580      0.1094637481E-02
 -0.6115091840      0.1110913187E-02
 -0.6100392100      0.1127344283E-02
 -0.6085692360      0.1142222573E-02
 -0.6070992620      0.1159625879E-02
 -0.6056292880      0.1177225897E-02
 -0.6041593140      0.1198314171E-02
 -0.6026893400      0.1218586495E-02
 -0.6012193660      0.1239551555E-02
 -0.5997493920      0.1258664090E-02
 -0.5982794180      0.1277622328E-02
 -0.5968094440      0.1295993172E-02
 -0.5953394700      0.1313000214E-02
 -0.5938694960      0.1329647950E-02
 -0.5923995220      0.1344294124E-02
 -0.5909295480      0.1361276652E-02
 -0.5894595740      0.1377918012E-02
 -0.5879896000      0.1397451396E-02
 -0.5865196260      0.1413850631E-02
 -0.5850496520      0.1430175165E-02
 -0.5835796780      0.1443280721E-02
 -0.5821097040      0.1458944242E-02
 -0.5806397300      0.1476716669E-02
 -0.5791697560      0.1500179645E-02
 -0.5776997820      0.1525991063E-02
 -0.5762298080      0.1550455772E-02
 -0.5747598340      0.1569340771E-02
 -0.5732898600      0.1580040466E-02
 -0.5718198860      0.1587491922E-02
 -0.5703499120      0.1592623791E-02
 -0.5688799380      0.1602948272E-02
 -0.5674099640      0.1614152900E-02
 -0.5659399900      0.1628295813E-02
 -0.5644700160      0.1638712926E-02
 -0.5630000420      0.1647326611E-02
 -0.5615300680      0.1654049153E-02
 -0.5600600940      0.1659946242E-02
 -0.5585901200      0.1668139205E-02
 -0.5571201460      0.1676059960E-02
 -0.5556501720      0.1687874484E-02
 -0.5541801980      0.1697253997E-02
 -0.5527102240      0.1706228403E-02
 -0.5512402500      0.1711933361E-02
 -0.5497702760      0.1716653876E-02
 -0.5483003020      0.1724064509E-02
 -0.5468303280      0.1729802784E-02
 -0.5453603540      0.1739885514E-02
 -0.5438903800      0.1745165994E-02
 -0.5424204060      0.1755129745E-02
 -0.5409504320      0.1762208454E-02
 -0.5394804580      0.1772983456E-02
 -0.5380104840      0.1781961279E-02
 -0.5365405100      0.1790043820E-02
 -0.5350705360      0.1799601773E-02
 -0.5336005620      0.1808614530E-02
 -0.5321305880      0.1823763904E-02
 -0.5306606140      0.1839261742E-02
 -0.5291906400      0.1861062623E-02
 -0.5277206660      0.1883572163E-02
 -0.5262506920      0.1907293352E-02
 -0.5247807180      0.1930484170E-02
 -0.5233107440      0.1952109648E-02
 -0.5218407700      0.1978800840E-02
 -0.5203707960      0.2004917759E-02
 -0.5189008220      0.2037469769E-02
 -0.5174308480      0.2070162369E-02
 -0.5159608740      0.2115421588E-02
 -0.5144909000      0.2169191435E-02
 -0.5130209260      0.2247319999E-02
 -0.5115509520      0.2350696972E-02
 -0.5100809780      0.2482307129E-02
 -0.5086110040      0.2608218478E-02
 -0.5071410300      0.2693587727E-02
 -0.5056710560      0.2721010324E-02
 -0.5042010820      0.2704235255E-02
 -0.5027311080      0.2653782929E-02
 -0.5012611340      0.2551719683E-02
 -0.4997911600      0.2370193604E-02
 -0.4983211860      0.2115172483E-02
 -0.4968512120      0.1822026306E-02
 -0.4953812380      0.1541746115E-02
 -0.4939112640      0.1295880868E-02
 -0.4924412900      0.1095012192E-02
 -0.4909713160      0.9342662121E-03
 -0.4895013420      0.8127206871E-03
 -0.4880313680      0.7243651934E-03
 -0.4865613940      0.6636657393E-03
 -0.4850914200      0.6236571155E-03
 -0.4836214460      0.5984479596E-03
 -0.4821514720      0.5812615187E-03
 -0.4806814980      0.5689857006E-03
 -0.4792115240      0.5612615344E-03
 -0.4777415500      0.5620127895E-03
 -0.4762715760      0.5701082395E-03
 -0.4748016020      0.5884005435E-03
 -0.4733316280      0.6127327897E-03
 -0.4718616540      0.6512720734E-03
 -0.4703916800      0.6990190685E-03
 -0.4689217060      0.7644110945E-03
 -0.4674517320      0.8396675000E-03
 -0.4659817580      0.9333513009E-03
 -0.4645117840      0.1042216853E-02
 -0.4630418100      0.1187414925E-02
 -0.4615718360      0.1373642889E-02
 -0.4601018620      0.1623148850E-02
 -0.4586318880      0.1917696159E-02
 -0.4571619140      0.2265433023E-02
 -0.4556919400      0.2633954358E-02
 -0.4542219660      0.3033866274E-02
 -0.4527519920      0.3420371448E-02
 -0.4512820180      0.3797919723E-02
 -0.4498120440      0.4129912037E-02
 -0.4483420700      0.4462853129E-02
 -0.4468720960      0.4833218030E-02
 -0.4454021220      0.5344831301E-02
 -0.4439321480      0.6009781641E-02
 -0.4424621740      0.6749740799E-02
 -0.4409922000      0.7350340221E-02
 -0.4395222260      0.7657285341E-02
 -0.4380522520      0.7661783266E-02
 -0.4365822780      0.7506469548E-02
 -0.4351123040      0.7336364560E-02
 -0.4336423300      0.7213102698E-02
 -0.4321723560      0.7141455136E-02
 -0.4307023820      0.7071288886E-02
 -0.4292324080      0.6952411412E-02
 -0.4277624340      0.6704258912E-02
 -0.4262924600      0.6325296581E-02
 -0.4248224860      0.5860916541E-02
 -0.4233525120      0.5394472057E-02
 -0.4218825380      0.4988574314E-02
 -0.4204125640      0.4641164255E-02
 -0.4189425900      0.4381542598E-02
 -0.4174726160      0.4152492685E-02
 -0.4160026420      0.3988995776E-02
 -0.4145326680      0.3814742025E-02
 -0.4130626940      0.3689556136E-02
 -0.4115927200      0.3544607340E-02
 -0.4101227460      0.3442018478E-02
 -0.4086527720      0.3317267322E-02
 -0.4071827980      0.3230348439E-02
 -0.4057128240      0.3126737409E-02
 -0.4042428500      0.3054281591E-02
 -0.4027728760      0.2962253662E-02
 -0.4013029020      0.2892956914E-02
 -0.3998329280      0.2805515238E-02
 -0.3983629540      0.2735406714E-02
 -0.3968929800      0.2656276678E-02
 -0.3954230060      0.2592690114E-02
 -0.3939530320      0.2539168077E-02
 -0.3924830580      0.2489902096E-02
 -0.3910130840      0.2454256403E-02
 -0.3895431100      0.2399583044E-02
 -0.3880731360      0.2364395305E-02
 -0.3866031620      0.2306040288E-02
 -0.3851331880      0.2275503462E-02
 -0.3836632140      0.2216727285E-02
 -0.3821932400      0.2184998069E-02
 -0.3807232660      0.2123488534E-02
 -0.3792532920      0.2091242116E-02
 -0.3777833180      0.2030695158E-02
 -0.3763133440      0.2001824641E-02
 -0.3748433700      0.1945507403E-02
 -0.3733733960      0.1919166745E-02
 -0.3719034220      0.1863768543E-02
 -0.3704334480      0.1837630929E-02
 -0.3689634740      0.1785346429E-02
 -0.3674935000      0.1759169244E-02
 -0.3660235260      0.1708815103E-02
 -0.3645535520      0.1679944289E-02
 -0.3630835780      0.1636921765E-02
 -0.3616136040      0.1613934813E-02
 -0.3601436300      0.1589663901E-02
 -0.3586736560      0.1581399951E-02
 -0.3572036820      0.1583333269E-02
 -0.3557337080      0.1607039397E-02
 -0.3542637340      0.1674444273E-02
 -0.3527937600      0.1815180386E-02
 -0.3513237860      0.2102552672E-02
 -0.3498538120      0.2577261379E-02
 -0.3483838380      0.3250944519E-02
 -0.3469138640      0.4010229359E-02
 -0.3454438900      0.4790854110E-02
 -0.3439739160      0.5603845458E-02
 -0.3425039420      0.6590744883E-02
 -0.3410339680      0.7797395303E-02
 -0.3395639940      0.9105506920E-02
 -0.3380940200      0.1031806158E-01
 -0.3366240460      0.1129609783E-01
 -0.3351540720      0.1207543327E-01
 -0.3336840980      0.1269995833E-01
 -0.3322141240      0.1325224376E-01
 -0.3307441500      0.1372031646E-01
 -0.3292741760      0.1416776511E-01
 -0.3278042020      0.1454103785E-01
 -0.3263342280      0.1480540333E-01
 -0.3248642540      0.1479649781E-01
 -0.3233942800      0.1454858795E-01
 -0.3219243060      0.1415580200E-01
 -0.3204543320      0.1382072368E-01
 -0.3189843580      0.1360111180E-01
 -0.3175143840      0.1347820731E-01
 -0.3160444100      0.1341248859E-01
 -0.3145744360      0.1337390127E-01
 -0.3131044620      0.1336221334E-01
 -0.3116344880      0.1333996532E-01
 -0.3101645140      0.1326149973E-01
 -0.3086945400      0.1308683650E-01
 -0.3072245660      0.1283281955E-01
 -0.3057545920      0.1256020085E-01
 -0.3042846180      0.1231447891E-01
 -0.3028146440      0.1209460478E-01
 -0.3013446700      0.1191164810E-01
 -0.2998746960      0.1178019544E-01
 -0.2984047220      0.1172646927E-01
 -0.2969347480      0.1172478651E-01
 -0.2954647740      0.1176808764E-01
 -0.2939948000      0.1183931763E-01
 -0.2925248260      0.1194151260E-01
 -0.2910548520      0.1204902615E-01
 -0.2895848780      0.1215183499E-01
 -0.2881149040      0.1224538971E-01
 -0.2866449300      0.1233577892E-01
 -0.2851749560      0.1241828305E-01
 -0.2837049820      0.1249311597E-01
 -0.2822350080      0.1255002609E-01
 -0.2807650340      0.1261241422E-01
 -0.2792950600      0.1266840999E-01
 -0.2778250860      0.1274202694E-01
 -0.2763551120      0.1280043669E-01
 -0.2748851380      0.1287217859E-01
 -0.2734151640      0.1294485624E-01
 -0.2719451900      0.1305194554E-01
 -0.2704752160      0.1317985046E-01
 -0.2690052420      0.1333686643E-01
 -0.2675352680      0.1351364069E-01
 -0.2660652940      0.1369516415E-01
 -0.2645953200      0.1389014448E-01
 -0.2631253460      0.1408030074E-01
 -0.2616553720      0.1429055469E-01
 -0.2601853980      0.1446519645E-01
 -0.2587154240      0.1460764744E-01
 -0.2572454500      0.1469902990E-01
 -0.2557754760      0.1479530426E-01
 -0.2543055020      0.1492993050E-01
 -0.2528355280      0.1509740363E-01
 -0.2513655540      0.1530151019E-01
 -0.2498955800      0.1550332819E-01
 -0.2484256060      0.1572477898E-01
 -0.2469556320      0.1592990953E-01
 -0.2454856580      0.1611709202E-01
 -0.2440156840      0.1626239906E-01
 -0.2425457100      0.1635062467E-01
 -0.2410757360      0.1638056826E-01
 -0.2396057620      0.1635058499E-01
 -0.2381357880      0.1629768789E-01
 -0.2366658140      0.1625953091E-01
 -0.2351958400      0.1625852319E-01
 -0.2337258660      0.1629974607E-01
 -0.2322558920      0.1635394523E-01
 -0.2307859180      0.1641672132E-01
 -0.2293159440      0.1646909853E-01
 -0.2278459700      0.1652593557E-01
 -0.2263759960      0.1659034135E-01
 -0.2249060220      0.1669067351E-01
 -0.2234360480      0.1680365098E-01
 -0.2219660740      0.1692401997E-01
 -0.2204961000      0.1699412931E-01
 -0.2190261260      0.1704834851E-01
 -0.2175561520      0.1706114239E-01
 -0.2160861780      0.1708628014E-01
 -0.2146162040      0.1708751229E-01
 -0.2131462300      0.1708995488E-01
 -0.2116762560      0.1707195208E-01
 -0.2102062820      0.1705328018E-01
 -0.2087363080      0.1704333870E-01
 -0.2072663340      0.1704749040E-01
 -0.2057963600      0.1707089298E-01
 -0.2043263860      0.1708736487E-01
 -0.2028564120      0.1709199839E-01
 -0.2013864380      0.1705857140E-01
 -0.1999164640      0.1702292316E-01
 -0.1984464900      0.1698165306E-01
 -0.1969765160      0.1696541243E-01
 -0.1955065420      0.1694336159E-01
 -0.1940365680      0.1692911395E-01
 -0.1925665940      0.1691706030E-01
 -0.1910966200      0.1692010341E-01
 -0.1896266460      0.1694037032E-01
 -0.1881566720      0.1698056235E-01
 -0.1866866980      0.1702796319E-01
 -0.1852167240      0.1706651546E-01
 -0.1837467500      0.1706290805E-01
 -0.1822767760      0.1703330382E-01
 -0.1808068020      0.1697050735E-01
 -0.1793368280      0.1689704512E-01
 -0.1778668540      0.1680081668E-01
 -0.1763968800      0.1670382758E-01
 -0.1749269060      0.1661466799E-01
 -0.1734569320      0.1653138958E-01
 -0.1719869580      0.1644411082E-01
 -0.1705169840      0.1633586218E-01
 -0.1690470100      0.1622458277E-01
 -0.1675770360      0.1610452376E-01
 -0.1661070620      0.1598508265E-01
 -0.1646370880      0.1585324579E-01
 -0.1631671140      0.1571809708E-01
 -0.1616971400      0.1559312678E-01
 -0.1602271660      0.1547625371E-01
 -0.1587571920      0.1537552468E-01
 -0.1572872180      0.1527462496E-01
 -0.1558172440      0.1519216372E-01
 -0.1543472700      0.1513351591E-01
 -0.1528772960      0.1511992877E-01
 -0.1514073220      0.1516746143E-01
 -0.1499373480      0.1527313270E-01
 -0.1484673740      0.1542632726E-01
 -0.1469974000      0.1556882812E-01
 -0.1455274260      0.1566463260E-01
 -0.1440574520      0.1567437087E-01
 -0.1425874780      0.1560692359E-01
 -0.1411175040      0.1547204561E-01
 -0.1396475300      0.1529008493E-01
 -0.1381775560      0.1507645492E-01
 -0.1367075820      0.1484475436E-01
 -0.1352376080      0.1461159443E-01
 -0.1337676340      0.1438117009E-01
 -0.1322976600      0.1415637526E-01
 -0.1308276860      0.1397901117E-01
 -0.1293577120      0.1386824923E-01
 -0.1278877380      0.1381547349E-01
 -0.1264177640      0.1367194486E-01
 -0.1249477900      0.1334794713E-01
 -0.1234778160      0.1280587812E-01
 -0.1220078420      0.1215496406E-01
 -0.1205378680      0.1147773000E-01
 -0.1190678940      0.1083673693E-01
 -0.1175979200      0.1025613995E-01
 -0.1161279460      0.9762364171E-02
 -0.1146579720      0.9364465761E-02
 -0.1131879980      0.9051080755E-02
 -0.1117180240      0.8784400280E-02
 -0.1102480500      0.8543171162E-02
 -0.1087780760      0.8305091280E-02
 -0.1073081020      0.8063081371E-02
 -0.1058381280      0.7792336025E-02
 -0.1043681540      0.7483063571E-02
 -0.1028981800      0.7146396768E-02
 -0.1014282060      0.6813641237E-02
 -0.9995823200E-01  0.6512295592E-02
 -0.9848825800E-01  0.6243132030E-02
 -0.9701828400E-01  0.6005857469E-02
 -0.9554831000E-01  0.5789712550E-02
 -0.9407833600E-01  0.5594780451E-02
 -0.9260836200E-01  0.5405257561E-02
 -0.9113838800E-01  0.5219288916E-02
 -0.8966841400E-01  0.5036061653E-02
 -0.8819844000E-01  0.4867568265E-02
 -0.8672846600E-01  0.4718546210E-02
 -0.8525849200E-01  0.4593348787E-02
 -0.8378851800E-01  0.4481792610E-02
 -0.8231854400E-01  0.4359895442E-02
 -0.8084857000E-01  0.4189989648E-02
 -0.7937859600E-01  0.3962596064E-02
 -0.7790862200E-01  0.3704079829E-02
 -0.7643864800E-01  0.3464163393E-02
 -0.7496867400E-01  0.3263797647E-02
 -0.7349870000E-01  0.3096648604E-02
 -0.7202872600E-01  0.2941153841E-02
 -0.7055875200E-01  0.2791888694E-02
 -0.6908877800E-01  0.2648144406E-02
 -0.6761880400E-01  0.2514369134E-02
 -0.6614883000E-01  0.2389075815E-02
 -0.6467885600E-01  0.2273271048E-02
 -0.6320888200E-01  0.2166142177E-02
 -0.6173890800E-01  0.2068877157E-02
 -0.6026893400E-01  0.1983587455E-02
 -0.5879896000E-01  0.1911917870E-02
 -0.5732898600E-01  0.1843918197E-02
 -0.5585901200E-01  0.1757797346E-02
 -0.5438903800E-01  0.1631004833E-02
 -0.5291906400E-01  0.1468061440E-02
 -0.5144909000E-01  0.1294267074E-02
 -0.4997911600E-01  0.1139947584E-02
 -0.4850914200E-01  0.1013252581E-02
 -0.4703916800E-01  0.9102187335E-03
 -0.4556919400E-01  0.8219113493E-03
 -0.4409922000E-01  0.7443367538E-03
 -0.4262924600E-01  0.6731305252E-03
 -0.4115927200E-01  0.6061985362E-03
 -0.3968929800E-01  0.5431307828E-03
 -0.3821932400E-01  0.4847777011E-03
 -0.3674935000E-01  0.4297697973E-03
 -0.3527937600E-01  0.3744044095E-03
 -0.3380940200E-01  0.3152177010E-03
 -0.3233942800E-01  0.2524572671E-03
 -0.3086945400E-01  0.1896103598E-03
 -0.2939948000E-01  0.1322261875E-03
 -0.2792950600E-01  0.8464906486E-04
 -0.2645953200E-01  0.4948461280E-04
 -0.2498955800E-01  0.2655076200E-04
 -0.2351958400E-01  0.1324030857E-04
 -0.2204961000E-01  0.6202484831E-05
 -0.2057963600E-01  0.2642561797E-05
 -0.1910966200E-01  0.9686211755E-06
 -0.1763968800E-01  0.2939483652E-06
 -0.1616971400E-01  0.6172589756E-07
 -0.1469974000E-01  0.8199852914E-08
 -0.1322976600E-01  0.3453595648E-09
 -0.1175979200E-01   0.000000000    
 -0.1028981800E-01   0.000000000    
 -0.8819844000E-02   0.000000000    
 -0.7349870000E-02   0.000000000    
 -0.5879896000E-02   0.000000000    
 -0.4409922000E-02   0.000000000    
 -0.2939948000E-02   0.000000000    
 -0.1469974000E-02   0.000000000    
  0.4250072516E-16   0.000000000    
  0.1469974000E-02   0.000000000    
  0.2939948000E-02   0.000000000    
  0.4409922000E-02   0.000000000    
  0.5879896000E-02   0.000000000    
  0.7349870000E-02   0.000000000    
  0.8819844000E-02   0.000000000    
  0.1028981800E-01   0.000000000    
  0.1175979200E-01   0.000000000    
  0.1322976600E-01   0.000000000    
  0.1469974000E-01   0.000000000    
  0.1616971400E-01   0.000000000    
  0.1763968800E-01   0.000000000    
  0.1910966200E-01   0.000000000    
  0.2057963600E-01   0.000000000    
  0.2204961000E-01   0.000000000    
  0.2351958400E-01   0.000000000    
  0.2498955800E-01   0.000000000    
  0.2645953200E-01   0.000000000    
  0.2792950600E-01   0.000000000    
  0.2939948000E-01   0.000000000    
  0.3086945400E-01   0.000000000    
  0.3233942800E-01   0.000000000    
  0.3380940200E-01   0.000000000    
  0.3527937600E-01   0.000000000    
  0.3674935000E-01   0.000000000    
  0.3821932400E-01   0.000000000    
  0.3968929800E-01   0.000000000    
  0.4115927200E-01   0.000000000    
  0.4262924600E-01   0.000000000    
  0.4409922000E-01   0.000000000    
  0.4556919400E-01   0.000000000    
  0.4703916800E-01   0.000000000    
  0.4850914200E-01   0.000000000    
  0.4997911600E-01   0.000000000    
  0.5144909000E-01   0.000000000    
  0.5291906400E-01   0.000000000    
  0.5438903800E-01   0.000000000    
  0.5585901200E-01   0.000000000    
  0.5732898600E-01   0.000000000    
  0.5879896000E-01   0.000000000    
  0.6026893400E-01   0.000000000    
  0.6173890800E-01   0.000000000    
  0.6320888200E-01   0.000000000    
  0.6467885600E-01   0.000000000    
  0.6614883000E-01   0.000000000    
  0.6761880400E-01   0.000000000    
  0.6908877800E-01   0.000000000    
  0.7055875200E-01   0.000000000    
  0.7202872600E-01   0.000000000    
  0.7349870000E-01   0.000000000    
  0.7496867400E-01   0.000000000    
  0.7643864800E-01   0.000000000    
  0.7790862200E-01   0.000000000    
  0.7937859600E-01   0.000000000    
  0.8084857000E-01   0.000000000    
  0.8231854400E-01   0.000000000    
  0.8378851800E-01   0.000000000    
  0.8525849200E-01   0.000000000    
  0.8672846600E-01   0.000000000    
  0.8819844000E-01   0.000000000    
  0.8966841400E-01   0.000000000    
  0.9113838800E-01   0.000000000    
  0.9260836200E-01   0.000000000    
  0.9407833600E-01   0.000000000    
  0.9554831000E-01   0.000000000    
  0.9701828400E-01   0.000000000    
  0.9848825800E-01   0.000000000    
  0.9995823200E-01   0.000000000    
  0.1014282060       0.000000000    
  0.1028981800       0.000000000    
  0.1043681540       0.000000000    
  0.1058381280       0.000000000    
  0.1073081020       0.000000000    
  0.1087780760       0.000000000    
  0.1102480500       0.000000000    
  0.1117180240       0.000000000    
  0.1131879980       0.000000000    
  0.1146579720       0.000000000    
  0.1161279460       0.000000000    
  0.1175979200       0.000000000    
  0.1190678940       0.000000000    
  0.1205378680       0.000000000    
  0.1220078420       0.000000000    
  0.1234778160       0.000000000    
  0.1249477900       0.000000000    
  0.1264177640       0.000000000    
  0.1278877380       0.000000000    
  0.1293577120       0.000000000    
  0.1308276860      0.1602116254E-06
  0.1322976600      0.1442312443E-05
  0.1337676340      0.8621375383E-05
  0.1352376080      0.3517978214E-04
  0.1367075820      0.1096002738E-03
  0.1381775560      0.2728144609E-03
  0.1396475300      0.5837865486E-03
  0.1411175040      0.1100928220E-02
  0.1425874780      0.1871781778E-02
  0.1440574520      0.2882166345E-02
  0.1455274260      0.4066697248E-02
  0.1469974000      0.5349926313E-02
  0.1484673740      0.6690074151E-02
  0.1499373480      0.8098269406E-02
  0.1514073220      0.9549493378E-02
  0.1528772960      0.1105442446E-01
  0.1543472700      0.1269553661E-01
  0.1558172440      0.1463853705E-01
  0.1572872180      0.1693684964E-01
  0.1587571920      0.1932101004E-01
  0.1602271660      0.2140699345E-01
  0.1616971400      0.2290403424E-01
  0.1631671140      0.2388277300E-01
  0.1646370880      0.2452810323E-01
  0.1661070620      0.2508095445E-01
  0.1675770360      0.2563762742E-01
  0.1690470100      0.2630205276E-01
  0.1705169840      0.2704224634E-01
  0.1719869580      0.2790396491E-01
  0.1734569320      0.2880562693E-01
  0.1749269060      0.2975215057E-01
  0.1763968800      0.3065421976E-01
  0.1778668540      0.3155840251E-01
  0.1793368280      0.3247853746E-01
  0.1808068020      0.3345054275E-01
  0.1822767760      0.3447288632E-01
  0.1837467500      0.3555683666E-01
  0.1852167240      0.3674246907E-01
  0.1866866980      0.3798797009E-01
  0.1881566720      0.3925584289E-01
  0.1896266460      0.4052017019E-01
  0.1910966200      0.4188080696E-01
  0.1925665940      0.4354718996E-01
  0.1940365680      0.4560259958E-01
  0.1955065420      0.4781022745E-01
  0.1969765160      0.4951891593E-01
  0.1984464900      0.5034765033E-01
  0.1999164640      0.5041061125E-01
  0.2013864380      0.5039006722E-01
  0.2028564120      0.5059778672E-01
  0.2043263860      0.5117346857E-01
  0.2057963600      0.5183129048E-01
  0.2072663340      0.5259365602E-01
  0.2087363080      0.5333458991E-01
  0.2102062820      0.5416871794E-01
  0.2116762560      0.5504350428E-01
  0.2131462300      0.5594820737E-01
  0.2146162040      0.5683713419E-01
  0.2160861780      0.5770581684E-01
  0.2175561520      0.5858512415E-01
  0.2190261260      0.5943781621E-01
  0.2204961000      0.6027985525E-01
  0.2219660740      0.6118352923E-01
  0.2234360480      0.6215635520E-01
  0.2249060220      0.6321694551E-01
  0.2263759960      0.6430310035E-01
  0.2278459700      0.6545380030E-01
  0.2293159440      0.6669028235E-01
  0.2307859180      0.6800744621E-01
  0.2322558920      0.6936936935E-01
  0.2337258660      0.7062506726E-01
  0.2351958400      0.7176362604E-01
  0.2366658140      0.7287762861E-01
  0.2381357880      0.7408326519E-01
  0.2396057620      0.7545446581E-01
  0.2410757360      0.7685381674E-01
  0.2425457100      0.7830832972E-01
  0.2440156840      0.7975626245E-01
  0.2454856580      0.8131525204E-01
  0.2469556320      0.8299599040E-01
  0.2484256060      0.8478288004E-01
  0.2498955800      0.8661368382E-01
  0.2513655540      0.8848668325E-01
  0.2528355280      0.9051350940E-01
  0.2543055020      0.9284854252E-01
  0.2557754760      0.9546846132E-01
  0.2572454500      0.9833845191E-01
  0.2587154240      0.1014117892    
  0.2601853980      0.1048460783    
  0.2616553720      0.1088547763    
  0.2631253460      0.1135683489    
  0.2645953200      0.1193149532    
  0.2660652940      0.1262548067    
  0.2675352680      0.1343477511    
  0.2690052420      0.1426627209    
  0.2704752160      0.1503356930    
  0.2719451900      0.1571060015    
  0.2734151640      0.1637206314    
  0.2748851380      0.1708906659    
  0.2763551120      0.1784282809    
  0.2778250860      0.1851433492    
  0.2792950600      0.1891257037    
  0.2807650340      0.1884115515    
  0.2822350080      0.1813849863    
  0.2837049820      0.1676440444    
  0.2851749560      0.1486674932    
  0.2866449300      0.1272440294    
  0.2881149040      0.1065735299    
  0.2895848780      0.8869230056E-01
  0.2910548520      0.7484903385E-01
  0.2925248260      0.6534458211E-01
  0.2939948000      0.5996782638E-01
  0.2954647740      0.5786729285E-01
  0.2969347480      0.5794729023E-01
  0.2984047220      0.5955515225E-01
  0.2998746960      0.6205957825E-01
  0.3013446700      0.6524001759E-01
  0.3028146440      0.6871761539E-01
  0.3042846180      0.7277821067E-01
  0.3057545920      0.7757686027E-01
  0.3072245660      0.8306962844E-01
  0.3086945400      0.8843192136E-01
  0.3101645140      0.9246236223E-01
  0.3116344880      0.9447085321E-01
  0.3131044620      0.9469868562E-01
  0.3145744360      0.9442320619E-01
  0.3160444100      0.9465027017E-01
  0.3175143840      0.9537791793E-01
  0.3189843580      0.9536035327E-01
  0.3204543320      0.9353197220E-01
  0.3219243060      0.9002432265E-01
  0.3233942800      0.8621024960E-01
  0.3248642540      0.8339441692E-01
  0.3263342280      0.8195361415E-01
  0.3278042020      0.8153504686E-01
  0.3292741760      0.8162462715E-01
  0.3307441500      0.8205595215E-01
  0.3322141240      0.8273093821E-01
  0.3336840980      0.8378653957E-01
  0.3351540720      0.8531785329E-01
  0.3366240460      0.8742544144E-01
  0.3380940200      0.8994490682E-01
  0.3395639940      0.9254067866E-01
  0.3410339680      0.9501541266E-01
  0.3425039420      0.9719893354E-01
  0.3439739160      0.9922469728E-01
  0.3454438900      0.1012249163    
  0.3469138640      0.1035716446    
  0.3483838380      0.1062917870    
  0.3498538120      0.1087762429    
  0.3513237860      0.1104089719    
  0.3527937600      0.1104426818    
  0.3542637340      0.1091543471    
  0.3557337080      0.1063524812    
  0.3572036820      0.1027854960    
  0.3586736560      0.9870904232E-01
  0.3601436300      0.9498756429E-01
  0.3616136040      0.9153343124E-01
  0.3630835780      0.8846785577E-01
  0.3645535520      0.8558483388E-01
  0.3660235260      0.8317225148E-01
  0.3674935000      0.8105534937E-01
  0.3689634740      0.7926709655E-01
  0.3704334480      0.7761641424E-01
  0.3719034220      0.7630511795E-01
  0.3733733960      0.7525054894E-01
  0.3748433700      0.7429004723E-01
  0.3763133440      0.7322168558E-01
  0.3777833180      0.7180702123E-01
  0.3792532920      0.6986385399E-01
  0.3807232660      0.6677808977E-01
  0.3821932400      0.6249090039E-01
  0.3836632140      0.5741137731E-01
  0.3851331880      0.5262567531E-01
  0.3866031620      0.4866808312E-01
  0.3880731360      0.4551176180E-01
  0.3895431100      0.4276330441E-01
  0.3910130840      0.4031229988E-01
  0.3924830580      0.3814736763E-01
  0.3939530320      0.3636619900E-01
  0.3954230060      0.3482157215E-01
  0.3968929800      0.3354139591E-01
  0.3983629540      0.3237547666E-01
  0.3998329280      0.3136773694E-01
  0.4013029020      0.3038672870E-01
  0.4027728760      0.2948745770E-01
  0.4042428500      0.2861924797E-01
  0.4057128240      0.2785328997E-01
  0.4071827980      0.2713209737E-01
  0.4086527720      0.2650179202E-01
  0.4101227460      0.2593983415E-01
  0.4115927200      0.2555987771E-01
  0.4130626940      0.2546393542E-01
  0.4145326680      0.2589585515E-01
  0.4160026420      0.2691815615E-01
  0.4174726160      0.2841672676E-01
  0.4189425900      0.2990936307E-01
  0.4204125640      0.3103114174E-01
  0.4218825380      0.3161033608E-01
  0.4233525120      0.3187892912E-01
  0.4248224860      0.3210443403E-01
  0.4262924600      0.3247611291E-01
  0.4277624340      0.3305392377E-01
  0.4292324080      0.3380475062E-01
  0.4307023820      0.3479960153E-01
  0.4321723560      0.3605840152E-01
  0.4336423300      0.3774680760E-01
  0.4351123040      0.3997667165E-01
  0.4365822780      0.4299669734E-01
  0.4380522520      0.4676496356E-01
  0.4395222260      0.5096574149E-01
  0.4409922000      0.5462724340E-01
  0.4424621740      0.5706892923E-01
  0.4439321480      0.5798119656E-01
  0.4454021220      0.5802154654E-01
  0.4468720960      0.5768228765E-01
  0.4483420700      0.5725698562E-01
  0.4498120440      0.5660580137E-01
  0.4512820180      0.5575157692E-01
  0.4527519920      0.5495147148E-01
  0.4542219660      0.5445840355E-01
  0.4556919400      0.5435599247E-01
  0.4571619140      0.5439653598E-01
  0.4586318880      0.5434231796E-01
  0.4601018620      0.5408477376E-01
  0.4615718360      0.5376995785E-01
  0.4630418100      0.5355078691E-01
  0.4645117840      0.5352886682E-01
  0.4659817580      0.5373072418E-01
  0.4674517320      0.5420737987E-01
  0.4689217060      0.5495606096E-01
  0.4703916800      0.5592838807E-01
  0.4718616540      0.5696269080E-01
  0.4733316280      0.5784348603E-01
  0.4748016020      0.5822218622E-01
  0.4762715760      0.5779213126E-01
  0.4777415500      0.5635791123E-01
  0.4792115240      0.5409372177E-01
  0.4806814980      0.5136423494E-01
  0.4821514720      0.4862902246E-01
  0.4836214460      0.4614923493E-01
  0.4850914200      0.4405159545E-01
  0.4865613940      0.4231937218E-01
  0.4880313680      0.4093394038E-01
  0.4895013420      0.3979609638E-01
  0.4909713160      0.3893046364E-01
  0.4924412900      0.3838395955E-01
  0.4939112640      0.3827583066E-01
  0.4953812380      0.3866240355E-01
  0.4968512120      0.3957706126E-01
  0.4983211860      0.4102831854E-01
  0.4997911600      0.4281025601E-01
  0.5012611340      0.4462376144E-01
  0.5027311080      0.4618895387E-01
  0.5042010820      0.4745139677E-01
  0.5056710560      0.4836357904E-01
  0.5071410300      0.4878281372E-01
  0.5086110040      0.4854332119E-01
  0.5100809780      0.4764445799E-01
  0.5115509520      0.4638070077E-01
  0.5130209260      0.4504295160E-01
  0.5144909000      0.4378126023E-01
  0.5159608740      0.4238601757E-01
  0.5174308480      0.4062634771E-01
  0.5189008220      0.3844544736E-01
  0.5203707960      0.3600384735E-01
  0.5218407700      0.3352071238E-01
  0.5233107440      0.3106820128E-01
  0.5247807180      0.2872907008E-01
  0.5262506920      0.2653135291E-01
  0.5277206660      0.2453488530E-01
  0.5291906400      0.2272410514E-01
  0.5306606140      0.2108925551E-01
  0.5321305880      0.1963359100E-01
  0.5336005620      0.1831458658E-01
  0.5350705360      0.1709234796E-01
  0.5365405100      0.1588107666E-01
  0.5380104840      0.1469432541E-01
  0.5394804580      0.1354088385E-01
  0.5409504320      0.1248108954E-01
  0.5424204060      0.1151706846E-01
  0.5438903800      0.1064239711E-01
  0.5453603540      0.9841256008E-02
  0.5468303280      0.9084941243E-02
  0.5483003020      0.8378506566E-02
  0.5497702760      0.7671137400E-02
  0.5512402500      0.6996927099E-02
  0.5527102240      0.6302320196E-02
  0.5541801980      0.5631207487E-02
  0.5556501720      0.4918190814E-02
  0.5571201460      0.4256299815E-02
  0.5585901200      0.3688589155E-02
  0.5600600940      0.3293887533E-02
  0.5615300680      0.3032726019E-02
  0.5630000420      0.2825968335E-02
  0.5644700160      0.2639782273E-02
  0.5659399900      0.2446142779E-02
  0.5674099640      0.2267336805E-02
  0.5688799380      0.2093593892E-02
  0.5703499120      0.1926613610E-02
  0.5718198860      0.1772937033E-02
  0.5732898600      0.1621397431E-02
  0.5747598340      0.1503016245E-02
  0.5762298080      0.1403306334E-02
  0.5776997820      0.1338548682E-02
  0.5791697560      0.1239128643E-02
  0.5806397300      0.1085445758E-02
  0.5821097040      0.8522058743E-03
  0.5835796780      0.6062064770E-03
  0.5850496520      0.3916455141E-03
  0.5865196260      0.2441406634E-03
  0.5879896000      0.1493675997E-03
  0.5894595740      0.9097668332E-04
  0.5909295480      0.5335329569E-04
  0.5923995220      0.2958755525E-04
  0.5938694960      0.1509493210E-04
  0.5953394700      0.6908028571E-05
  0.5968094440      0.2684045063E-05
  0.5982794180      0.8722344093E-06
  0.5997493920      0.2073220946E-06
  0.6012193660      0.3622577448E-07
  0.6026893400      0.5850396223E-09
  0.6041593140       0.000000000    
  0.6056292880      0.1470015017E-06
  0.6070992620      0.4410045050E-06
  0.6085692360      0.1557274305E-05
  0.6100392100      0.4739938266E-05
  0.6115091840      0.1300230049E-04
  0.6129791580      0.2922516664E-04
  0.6144491320      0.5398326048E-04
  0.6159191060      0.8635045772E-04
  0.6173890800      0.1263827923E-03
  0.6188590540      0.1800545973E-03
  0.6203290280      0.2519809232E-03
  0.6217990020      0.3422843623E-03
  0.6232689760      0.4462146624E-03
  0.6247389500      0.5615117643E-03
  0.6262089240      0.6946340028E-03
  0.6276788980      0.8504537194E-03
  0.6291488720      0.1035447976E-02
  0.6306188460      0.1241249125E-02
  0.6320888200      0.1470086710E-02
  0.6335587940      0.1713663682E-02
  0.6350287680      0.1993196991E-02
  0.6364987420      0.2313407051E-02
  0.6379687160      0.2707785386E-02
  0.6394386900      0.3186088920E-02
  0.6409086640      0.3792838021E-02
  0.6423786380      0.4584684829E-02
  0.6438486120      0.5556341597E-02
  0.6453185860      0.6602242710E-02
  0.6467885600      0.7494505859E-02
  0.6482585340      0.8145164160E-02
  0.6497285080      0.8607910504E-02
  0.6511984820      0.9061894540E-02
  0.6526684560      0.9596657946E-02
  0.6541384300      0.1020897621E-01
  0.6556084040      0.1086762465E-01
  0.6570783780      0.1154858126E-01
  0.6585483520      0.1225873703E-01
  0.6600183260      0.1298793043E-01
  0.6614883000      0.1373512187E-01
  0.6629582740      0.1449377428E-01
  0.6644282480      0.1528698717E-01
  0.6658982220      0.1613956957E-01
  0.6673681960      0.1713534734E-01
  0.6688381700      0.1824077848E-01
  0.6703081440      0.1935903699E-01
  0.6717781180      0.2016256668E-01
  0.6732480920      0.2052986408E-01
  0.6747180660      0.2045604407E-01
  0.6761880400      0.2024154395E-01
  0.6776580140      0.2001535203E-01
  0.6791279880      0.1987569892E-01
  0.6805979620      0.1974711762E-01
  0.6820679360      0.1965399386E-01
  0.6835379100      0.1958068100E-01
  0.6850078840      0.1954185685E-01
  0.6864778580      0.1951454792E-01
  0.6879478320      0.1947389405E-01
  0.6894178060      0.1942628436E-01
  0.6908877800      0.1938037483E-01
  0.6923577540      0.1934941672E-01
  0.6938277280      0.1934031747E-01
  0.6952977020      0.1932455837E-01
  0.6967676760      0.1931643705E-01
  0.6982376500      0.1928919789E-01
  0.6997076240      0.1926836872E-01
  0.7011775980      0.1925226892E-01
  0.7026475720      0.1925089738E-01
  0.7041175460      0.1929329890E-01
  0.7055875200      0.1935655066E-01
  0.7070574940      0.1948266909E-01
  0.7085274680      0.1962305574E-01
  0.7099974420      0.1982889080E-01
  0.7114674160      0.2008043969E-01
  0.7129373900      0.2045803724E-01
  0.7144073640      0.2100990463E-01
  0.7158773380      0.2223482510E-01
  0.7173473120      0.2523797872E-01
  0.7188172860      0.3145111586E-01
  0.7202872600      0.4113232949E-01
  0.7217572340      0.5259141723E-01
  0.7232272080      0.6311338160E-01
  0.7246971820      0.7106998268E-01
  0.7261671560      0.7686092045E-01
  0.7276371300      0.8194462676E-01
  0.7291071040      0.8754102433E-01
  0.7305770780      0.9411331413E-01
  0.7320470520      0.1016539426    
  0.7335170260      0.1097948222    

 -0.7349870000      0.1160714058E-03
 -0.7335170260      0.1202285871E-03
 -0.7320470520      0.1256753609E-03
 -0.7305770780      0.1321265706E-03
 -0.7291071040      0.1389658054E-03
 -0.7276371300      0.1454715614E-03
 -0.7261671560      0.1521646911E-03
 -0.7246971820      0.1589706073E-03
 -0.7232272080      0.1661351386E-03
 -0.7217572340      0.1731101823E-03
 -0.7202872600      0.1799174820E-03
 -0.7188172860      0.1864349959E-03
 -0.7173473120      0.1934274107E-03
 -0.7158773380      0.2009525641E-03
 -0.7144073640      0.2090145344E-03
 -0.7129373900      0.2172144306E-03
 -0.7114674160      0.2254468430E-03
 -0.7099974420      0.2335842491E-03
 -0.7085274680      0.2415297355E-03
 -0.7070574940      0.2497136847E-03
 -0.7055875200      0.2581731353E-03
 -0.7041175460      0.2673132942E-03
 -0.7026475720      0.2767000155E-03
 -0.7011775980      0.2866214031E-03
 -0.6997076240      0.2964553025E-03
 -0.6982376500      0.3060680872E-03
 -0.6967676760      0.3151972486E-03
 -0.6952977020      0.3242963332E-03
 -0.6938277280      0.3344103051E-03
 -0.6923577540      0.3455403886E-03
 -0.6908877800      0.3576612686E-03
 -0.6894178060      0.3695108250E-03
 -0.6879478320      0.3813879340E-03
 -0.6864778580      0.3926286636E-03
 -0.6850078840      0.4036128753E-03
 -0.6835379100      0.4139802189E-03
 -0.6820679360      0.4248262642E-03
 -0.6805979620      0.4360070784E-03
 -0.6791279880      0.4479708930E-03
 -0.6776580140      0.4596992784E-03
 -0.6761880400      0.4712883772E-03
 -0.6747180660      0.4824010679E-03
 -0.6732480920      0.4942797537E-03
 -0.6717781180      0.5065187677E-03
 -0.6703081440      0.5192218788E-03
 -0.6688381700      0.5309068518E-03
 -0.6673681960      0.5427476384E-03
 -0.6658982220      0.5545815257E-03
 -0.6644282480      0.5674062137E-03
 -0.6629582740      0.5808049330E-03
 -0.6614883000      0.5943755542E-03
 -0.6600183260      0.6078756856E-03
 -0.6585483520      0.6208766958E-03
 -0.6570783780      0.6346386965E-03
 -0.6556084040      0.6481873179E-03
 -0.6541384300      0.6622022789E-03
 -0.6526684560      0.6750528339E-03
 -0.6511984820      0.6888002749E-03
 -0.6497285080      0.7024415643E-03
 -0.6482585340      0.7172442745E-03
 -0.6467885600      0.7319328345E-03
 -0.6453185860      0.7471489548E-03
 -0.6438486120      0.7632185518E-03
 -0.6423786380      0.7795764821E-03
 -0.6409086640      0.7963367132E-03
 -0.6394386900      0.8114441186E-03
 -0.6379687160      0.8264205151E-03
 -0.6364987420      0.8407900735E-03
 -0.6350287680      0.8558275797E-03
 -0.6335587940      0.8708826544E-03
 -0.6320888200      0.8854528248E-03
 -0.6306188460      0.9010304380E-03
 -0.6291488720      0.9168249806E-03
 -0.6276788980      0.9338335163E-03
 -0.6262089240      0.9501296582E-03
 -0.6247389500      0.9653154089E-03
 -0.6232689760      0.9809054224E-03
 -0.6217990020      0.9957194457E-03
 -0.6203290280      0.1012267112E-02
 -0.6188590540      0.1027207614E-02
 -0.6173890800      0.1043594193E-02
 -0.6159191060      0.1059736424E-02
 -0.6144491320      0.1077136968E-02
 -0.6129791580      0.1094637480E-02
 -0.6115091840      0.1110913186E-02
 -0.6100392100      0.1127344281E-02
 -0.6085692360      0.1142222571E-02
 -0.6070992620      0.1159625876E-02
 -0.6056292880      0.1177225894E-02
 -0.6041593140      0.1198314167E-02
 -0.6026893400      0.1218586490E-02
 -0.6012193660      0.1239551549E-02
 -0.5997493920      0.1258664085E-02
 -0.5982794180      0.1277622322E-02
 -0.5968094440      0.1295993165E-02
 -0.5953394700      0.1313000207E-02
 -0.5938694960      0.1329647942E-02
 -0.5923995220      0.1344294116E-02
 -0.5909295480      0.1361276644E-02
 -0.5894595740      0.1377918003E-02
 -0.5879896000      0.1397451386E-02
 -0.5865196260      0.1413850621E-02
 -0.5850496520      0.1430175154E-02
 -0.5835796780      0.1443280710E-02
 -0.5821097040      0.1458944230E-02
 -0.5806397300      0.1476716657E-02
 -0.5791697560      0.1500179632E-02
 -0.5776997820      0.1525991051E-02
 -0.5762298080      0.1550455759E-02
 -0.5747598340      0.1569340757E-02
 -0.5732898600      0.1580040452E-02
 -0.5718198860      0.1587491908E-02
 -0.5703499120      0.1592623777E-02
 -0.5688799380      0.1602948257E-02
 -0.5674099640      0.1614152884E-02
 -0.5659399900      0.1628295796E-02
 -0.5644700160      0.1638712909E-02
 -0.5630000420      0.1647326593E-02
 -0.5615300680      0.1654049134E-02
 -0.5600600940      0.1659946223E-02
 -0.5585901200      0.1668139185E-02
 -0.5571201460      0.1676059939E-02
 -0.5556501720      0.1687874463E-02
 -0.5541801980      0.1697253976E-02
 -0.5527102240      0.1706228381E-02
 -0.5512402500      0.1711933339E-02
 -0.5497702760      0.1716653853E-02
 -0.5483003020      0.1724064486E-02
 -0.5468303280      0.1729802761E-02
 -0.5453603540      0.1739885491E-02
 -0.5438903800      0.1745165971E-02
 -0.5424204060      0.1755129722E-02
 -0.5409504320      0.1762208431E-02
 -0.5394804580      0.1772983434E-02
 -0.5380104840      0.1781961257E-02
 -0.5365405100      0.1790043798E-02
 -0.5350705360      0.1799601752E-02
 -0.5336005620      0.1808614510E-02
 -0.5321305880      0.1823763885E-02
 -0.5306606140      0.1839261723E-02
 -0.5291906400      0.1861062606E-02
 -0.5277206660      0.1883572147E-02
 -0.5262506920      0.1907293338E-02
 -0.5247807180      0.1930484157E-02
 -0.5233107440      0.1952109637E-02
 -0.5218407700      0.1978800830E-02
 -0.5203707960      0.2004917750E-02
 -0.5189008220      0.2037469762E-02
 -0.5174308480      0.2070162362E-02
 -0.5159608740      0.2115421583E-02
 -0.5144909000      0.2169191431E-02
 -0.5130209260      0.2247319996E-02
 -0.5115509520      0.2350696970E-02
 -0.5100809780      0.2482307128E-02
 -0.5086110040      0.2608218478E-02
 -0.5071410300      0.2693587728E-02
 -0.5056710560      0.2721010325E-02
 -0.5042010820      0.2704235255E-02
 -0.5027311080      0.2653782929E-02
 -0.5012611340      0.2551719683E-02
 -0.4997911600      0.2370193604E-02
 -0.4983211860      0.2115172483E-02
 -0.4968512120      0.1822026308E-02
 -0.4953812380      0.1541746118E-02
 -0.4939112640      0.1295880872E-02
 -0.4924412900      0.1095012197E-02
 -0.4909713160      0.9342662172E-03
 -0.4895013420      0.8127206919E-03
 -0.4880313680      0.7243651977E-03
 -0.4865613940      0.6636657429E-03
 -0.4850914200      0.6236571183E-03
 -0.4836214460      0.5984479617E-03
 -0.4821514720      0.5812615200E-03
 -0.4806814980      0.5689857010E-03
 -0.4792115240      0.5612615338E-03
 -0.4777415500      0.5620127882E-03
 -0.4762715760      0.5701082374E-03
 -0.4748016020      0.5884005409E-03
 -0.4733316280      0.6127327866E-03
 -0.4718616540      0.6512720698E-03
 -0.4703916800      0.6990190644E-03
 -0.4689217060      0.7644110900E-03
 -0.4674517320      0.8396674952E-03
 -0.4659817580      0.9333512958E-03
 -0.4645117840      0.1042216848E-02
 -0.4630418100      0.1187414920E-02
 -0.4615718360      0.1373642884E-02
 -0.4601018620      0.1623148845E-02
 -0.4586318880      0.1917696154E-02
 -0.4571619140      0.2265433020E-02
 -0.4556919400      0.2633954357E-02
 -0.4542219660      0.3033866275E-02
 -0.4527519920      0.3420371452E-02
 -0.4512820180      0.3797919731E-02
 -0.4498120440      0.4129912048E-02
 -0.4483420700      0.4462853143E-02
 -0.4468720960      0.4833218045E-02
 -0.4454021220      0.5344831318E-02
 -0.4439321480      0.6009781659E-02
 -0.4424621740      0.6749740818E-02
 -0.4409922000      0.7350340238E-02
 -0.4395222260      0.7657285356E-02
 -0.4380522520      0.7661783277E-02
 -0.4365822780      0.7506469558E-02
 -0.4351123040      0.7336364569E-02
 -0.4336423300      0.7213102708E-02
 -0.4321723560      0.7141455146E-02
 -0.4307023820      0.7071288896E-02
 -0.4292324080      0.6952411421E-02
 -0.4277624340      0.6704258918E-02
 -0.4262924600      0.6325296584E-02
 -0.4248224860      0.5860916542E-02
 -0.4233525120      0.5394472057E-02
 -0.4218825380      0.4988574315E-02
 -0.4204125640      0.4641164259E-02
 -0.4189425900      0.4381542604E-02
 -0.4174726160      0.4152492693E-02
 -0.4160026420      0.3988995785E-02
 -0.4145326680      0.3814742035E-02
 -0.4130626940      0.3689556148E-02
 -0.4115927200      0.3544607352E-02
 -0.4101227460      0.3442018491E-02
 -0.4086527720      0.3317267336E-02
 -0.4071827980      0.3230348453E-02
 -0.4057128240      0.3126737423E-02
 -0.4042428500      0.3054281606E-02
 -0.4027728760      0.2962253677E-02
 -0.4013029020      0.2892956929E-02
 -0.3998329280      0.2805515253E-02
 -0.3983629540      0.2735406729E-02
 -0.3968929800      0.2656276693E-02
 -0.3954230060      0.2592690129E-02
 -0.3939530320      0.2539168091E-02
 -0.3924830580      0.2489902110E-02
 -0.3910130840      0.2454256417E-02
 -0.3895431100      0.2399583057E-02
 -0.3880731360      0.2364395318E-02
 -0.3866031620      0.2306040301E-02
 -0.3851331880      0.2275503474E-02
 -0.3836632140      0.2216727296E-02
 -0.3821932400      0.2184998081E-02
 -0.3807232660      0.2123488545E-02
 -0.3792532920      0.2091242126E-02
 -0.3777833180      0.2030695168E-02
 -0.3763133440      0.2001824650E-02
 -0.3748433700      0.1945507412E-02
 -0.3733733960      0.1919166754E-02
 -0.3719034220      0.1863768551E-02
 -0.3704334480      0.1837630936E-02
 -0.3689634740      0.1785346436E-02
 -0.3674935000      0.1759169251E-02
 -0.3660235260      0.1708815109E-02
 -0.3645535520      0.1679944295E-02
 -0.3630835780      0.1636921770E-02
 -0.3616136040      0.1613934818E-02
 -0.3601436300      0.1589663905E-02
 -0.3586736560      0.1581399954E-02
 -0.3572036820      0.1583333272E-02
 -0.3557337080      0.1607039398E-02
 -0.3542637340      0.1674444272E-02
 -0.3527937600      0.1815180381E-02
 -0.3513237860      0.2102552661E-02
 -0.3498538120      0.2577261358E-02
 -0.3483838380      0.3250944487E-02
 -0.3469138640      0.4010229318E-02
 -0.3454438900      0.4790854062E-02
 -0.3439739160      0.5603845408E-02
 -0.3425039420      0.6590744836E-02
 -0.3410339680      0.7797395259E-02
 -0.3395639940      0.9105506881E-02
 -0.3380940200      0.1031806155E-01
 -0.3366240460      0.1129609781E-01
 -0.3351540720      0.1207543326E-01
 -0.3336840980      0.1269995834E-01
 -0.3322141240      0.1325224378E-01
 -0.3307441500      0.1372031650E-01
 -0.3292741760      0.1416776517E-01
 -0.3278042020      0.1454103793E-01
 -0.3263342280      0.1480540343E-01
 -0.3248642540      0.1479649792E-01
 -0.3233942800      0.1454858809E-01
 -0.3219243060      0.1415580215E-01
 -0.3204543320      0.1382072385E-01
 -0.3189843580      0.1360111199E-01
 -0.3175143840      0.1347820751E-01
 -0.3160444100      0.1341248880E-01
 -0.3145744360      0.1337390148E-01
 -0.3131044620      0.1336221356E-01
 -0.3116344880      0.1333996555E-01
 -0.3101645140      0.1326149997E-01
 -0.3086945400      0.1308683672E-01
 -0.3072245660      0.1283281976E-01
 -0.3057545920      0.1256020105E-01
 -0.3042846180      0.1231447909E-01
 -0.3028146440      0.1209460493E-01
 -0.3013446700      0.1191164824E-01
 -0.2998746960      0.1178019556E-01
 -0.2984047220      0.1172646939E-01
 -0.2969347480      0.1172478661E-01
 -0.2954647740      0.1176808774E-01
 -0.2939948000      0.1183931772E-01
 -0.2925248260      0.1194151268E-01
 -0.2910548520      0.1204902623E-01
 -0.2895848780      0.1215183505E-01
 -0.2881149040      0.1224538977E-01
 -0.2866449300      0.1233577897E-01
 -0.2851749560      0.1241828309E-01
 -0.2837049820      0.1249311601E-01
 -0.2822350080      0.1255002612E-01
 -0.2807650340      0.1261241425E-01
 -0.2792950600      0.1266841002E-01
 -0.2778250860      0.1274202696E-01
 -0.2763551120      0.1280043671E-01
 -0.2748851380      0.1287217861E-01
 -0.2734151640      0.1294485626E-01
 -0.2719451900      0.1305194555E-01
 -0.2704752160      0.1317985047E-01
 -0.2690052420      0.1333686644E-01
 -0.2675352680      0.1351364070E-01
 -0.2660652940      0.1369516416E-01
 -0.2645953200      0.1389014449E-01
 -0.2631253460      0.1408030075E-01
 -0.2616553720      0.1429055470E-01
 -0.2601853980      0.1446519645E-01
 -0.2587154240      0.1460764743E-01
 -0.2572454500      0.1469902989E-01
 -0.2557754760      0.1479530424E-01
 -0.2543055020      0.1492993048E-01
 -0.2528355280      0.1509740361E-01
 -0.2513655540      0.1530151017E-01
 -0.2498955800      0.1550332817E-01
 -0.2484256060      0.1572477896E-01
 -0.2469556320      0.1592990951E-01
 -0.2454856580      0.1611709199E-01
 -0.2440156840      0.1626239903E-01
 -0.2425457100      0.1635062465E-01
 -0.2410757360      0.1638056824E-01
 -0.2396057620      0.1635058498E-01
 -0.2381357880      0.1629768789E-01
 -0.2366658140      0.1625953092E-01
 -0.2351958400      0.1625852320E-01
 -0.2337258660      0.1629974609E-01
 -0.2322558920      0.1635394525E-01
 -0.2307859180      0.1641672135E-01
 -0.2293159440      0.1646909856E-01
 -0.2278459700      0.1652593561E-01
 -0.2263759960      0.1659034140E-01
 -0.2249060220      0.1669067356E-01
 -0.2234360480      0.1680365104E-01
 -0.2219660740      0.1692402004E-01
 -0.2204961000      0.1699412939E-01
 -0.2190261260      0.1704834859E-01
 -0.2175561520      0.1706114245E-01
 -0.2160861780      0.1708628015E-01
 -0.2146162040      0.1708751219E-01
 -0.2131462300      0.1708995458E-01
 -0.2116762560      0.1707195143E-01
 -0.2102062820      0.1705327903E-01
 -0.2087363080      0.1704333691E-01
 -0.2072663340      0.1704748803E-01
 -0.2057963600      0.1707088987E-01
 -0.2043263860      0.1708736096E-01
 -0.2028564120      0.1709199335E-01
 -0.2013864380      0.1705856462E-01
 -0.1999164640      0.1702291728E-01
 -0.1984464900      0.1698165114E-01
 -0.1969765160      0.1696541877E-01
 -0.1955065420      0.1694337182E-01
 -0.1940365680      0.1692912604E-01
 -0.1925665940      0.1691707398E-01
 -0.1910966200      0.1692012709E-01
 -0.1896266460      0.1694040883E-01
 -0.1881566720      0.1698062261E-01
 -0.1866866980      0.1702804454E-01
 -0.1852167240      0.1706660871E-01
 -0.1837467500      0.1706298584E-01
 -0.1822767760      0.1703336770E-01
 -0.1808068020      0.1697057717E-01
 -0.1793368280      0.1689715937E-01
 -0.1778668540      0.1680094361E-01
 -0.1763968800      0.1670393412E-01
 -0.1749269060      0.1661470805E-01
 -0.1734569320      0.1653137926E-01
 -0.1719869580      0.1644402946E-01
 -0.1705169840      0.1633567345E-01
 -0.1690470100      0.1622421923E-01
 -0.1675770360      0.1610393085E-01
 -0.1661070620      0.1598429020E-01
 -0.1646370880      0.1585223232E-01
 -0.1631671140      0.1571687234E-01
 -0.1616971400      0.1559148507E-01
 -0.1602271660      0.1547412277E-01
 -0.1587571920      0.1537276735E-01
 -0.1572872180      0.1527138877E-01
 -0.1558172440      0.1518845367E-01
 -0.1543472700      0.1512944090E-01
 -0.1528772960      0.1511535992E-01
 -0.1514073220      0.1516233637E-01
 -0.1499373480      0.1526713573E-01
 -0.1484673740      0.1541923085E-01
 -0.1469974000      0.1556049204E-01
 -0.1455274260      0.1565514951E-01
 -0.1440574520      0.1566389964E-01
 -0.1425874780      0.1559512303E-01
 -0.1411175040      0.1545797595E-01
 -0.1396475300      0.1527153985E-01
 -0.1381775560      0.1505066292E-01
 -0.1367075820      0.1480933342E-01
 -0.1352376080      0.1456617902E-01
 -0.1337676340      0.1432756606E-01
 -0.1322976600      0.1409732776E-01
 -0.1308276860      0.1391561076E-01
 -0.1293577120      0.1380129379E-01
 -0.1278877380      0.1374756320E-01
 -0.1264177640      0.1361238296E-01
 -0.1249477900      0.1330758292E-01
 -0.1234778160      0.1279222699E-01
 -0.1220078420      0.1216495286E-01
 -0.1205378680      0.1150139190E-01
 -0.1190678940      0.1086139558E-01
 -0.1175979200      0.1027330513E-01
 -0.1161279460      0.9769563075E-02
 -0.1146579720      0.9364938650E-02
 -0.1131879980      0.9050113452E-02
 -0.1117180240      0.8786302622E-02
 -0.1102480500      0.8550768135E-02
 -0.1087780760      0.8320473661E-02
 -0.1073081020      0.8088417004E-02
 -0.1058381280      0.7827029490E-02
 -0.1043681540      0.7522458231E-02
 -0.1028981800      0.7181529298E-02
 -0.1014282060      0.6837903608E-02
 -0.9995823200E-01  0.6524167812E-02
 -0.9848825800E-01  0.6246813967E-02
 -0.9701828400E-01  0.6005758346E-02
 -0.9554831000E-01  0.5788597654E-02
 -0.9407833600E-01  0.5593601378E-02
 -0.9260836200E-01  0.5404538692E-02
 -0.9113838800E-01  0.5219600517E-02
 -0.8966841400E-01  0.5037882915E-02
 -0.8819844000E-01  0.4871515485E-02
 -0.8672846600E-01  0.4725524153E-02
 -0.8525849200E-01  0.4605456176E-02
 -0.8378851800E-01  0.4501643502E-02
 -0.8231854400E-01  0.4388680522E-02
 -0.8084857000E-01  0.4224221428E-02
 -0.7937859600E-01  0.3995270947E-02
 -0.7790862200E-01  0.3728827018E-02
 -0.7643864800E-01  0.3479147122E-02
 -0.7496867400E-01  0.3271301359E-02
 -0.7349870000E-01  0.3099800481E-02
 -0.7202872600E-01  0.2942321058E-02
 -0.7055875200E-01  0.2792236270E-02
 -0.6908877800E-01  0.2648428290E-02
 -0.6761880400E-01  0.2514917142E-02
 -0.6614883000E-01  0.2390114434E-02
 -0.6467885600E-01  0.2274947841E-02
 -0.6320888200E-01  0.2168681398E-02
 -0.6173890800E-01  0.2072619151E-02
 -0.6026893400E-01  0.1989224612E-02
 -0.5879896000E-01  0.1921167643E-02
 -0.5732898600E-01  0.1858420134E-02
 -0.5585901200E-01  0.1777954879E-02
 -0.5438903800E-01  0.1653394633E-02
 -0.5291906400E-01  0.1488093857E-02
 -0.5144909000E-01  0.1308346171E-02
 -0.4997911600E-01  0.1148417086E-02
 -0.4850914200E-01  0.1018088021E-02
 -0.4703916800E-01  0.9134352831E-03
 -0.4556919400E-01  0.8243996121E-03
 -0.4409922000E-01  0.7464799015E-03
 -0.4262924600E-01  0.6751612072E-03
 -0.4115927200E-01  0.6083365391E-03
 -0.3968929800E-01  0.5456997974E-03
 -0.3821932400E-01  0.4882788223E-03
 -0.3674935000E-01  0.4345116282E-03
 -0.3527937600E-01  0.3802380909E-03
 -0.3380940200E-01  0.3212937881E-03
 -0.3233942800E-01  0.2577717622E-03
 -0.3086945400E-01  0.1934013384E-03
 -0.2939948000E-01  0.1344241957E-03
 -0.2792950600E-01  0.8563049297E-04
 -0.2645953200E-01  0.4980494291E-04
 -0.2498955800E-01  0.2661472658E-04
 -0.2351958400E-01  0.1324465895E-04
 -0.2204961000E-01  0.6203817322E-05
 -0.2057963600E-01  0.2642860036E-05
 -0.1910966200E-01  0.9687014400E-06
 -0.1763968800E-01  0.2939625293E-06
 -0.1616971400E-01  0.6172589745E-07
 -0.1469974000E-01  0.8199852903E-08
 -0.1322976600E-01  0.3453595648E-09
 -0.1175979200E-01   0.000000000    
 -0.1028981800E-01   0.000000000    
 -0.8819844000E-02   0.000000000    
 -0.7349870000E-02   0.000000000    
 -0.5879896000E-02   0.000000000    
 -0.4409922000E-02   0.000000000    
 -0.2939948000E-02   0.000000000    
 -0.1469974000E-02   0.000000000    
  0.4250072516E-16   0.000000000    
  0.1469974000E-02   0.000000000    
  0.2939948000E-02   0.000000000    
  0.4409922000E-02   0.000000000    
  0.5879896000E-02   0.000000000    
  0.7349870000E-02   0.000000000    
  0.8819844000E-02   0.000000000    
  0.1028981800E-01   0.000000000    
  0.1175979200E-01   0.000000000    
  0.1322976600E-01   0.000000000    
  0.1469974000E-01   0.000000000    
  0.1616971400E-01   0.000000000    
  0.1763968800E-01   0.000000000    
  0.1910966200E-01   0.000000000    
  0.2057963600E-01   0.000000000    
  0.2204961000E-01   0.000000000    
  0.2351958400E-01   0.000000000    
  0.2498955800E-01   0.000000000    
  0.2645953200E-01   0.000000000    
  0.2792950600E-01   0.000000000    
  0.2939948000E-01   0.000000000    
  0.3086945400E-01   0.000000000    
  0.3233942800E-01   0.000000000    
  0.3380940200E-01   0.000000000    
  0.3527937600E-01   0.000000000    
  0.3674935000E-01   0.000000000    
  0.3821932400E-01   0.000000000    
  0.3968929800E-01   0.000000000    
  0.4115927200E-01   0.000000000    
  0.4262924600E-01   0.000000000    
  0.4409922000E-01   0.000000000    
  0.4556919400E-01   0.000000000    
  0.4703916800E-01   0.000000000    
  0.4850914200E-01   0.000000000    
  0.4997911600E-01   0.000000000    
  0.5144909000E-01   0.000000000    
  0.5291906400E-01   0.000000000    
  0.5438903800E-01   0.000000000    
  0.5585901200E-01   0.000000000    
  0.5732898600E-01   0.000000000    
  0.5879896000E-01   0.000000000    
  0.6026893400E-01   0.000000000    
  0.6173890800E-01   0.000000000    
  0.6320888200E-01   0.000000000    
  0.6467885600E-01   0.000000000    
  0.6614883000E-01   0.000000000    
  0.6761880400E-01   0.000000000    
  0.6908877800E-01   0.000000000    
  0.7055875200E-01   0.000000000    
  0.7202872600E-01   0.000000000    
  0.7349870000E-01   0.000000000    
  0.7496867400E-01   0.000000000    
  0.7643864800E-01   0.000000000    
  0.7790862200E-01   0.000000000    
  0.7937859600E-01   0.000000000    
  0.8084857000E-01   0.000000000    
  0.8231854400E-01   0.000000000    
  0.8378851800E-01   0.000000000    
  0.8525849200E-01   0.000000000    
  0.8672846600E-01   0.000000000    
  0.8819844000E-01   0.000000000    
  0.8966841400E-01   0.000000000    
  0.9113838800E-01   0.000000000    
  0.9260836200E-01   0.000000000    
  0.9407833600E-01   0.000000000    
  0.9554831000E-01   0.000000000    
  0.9701828400E-01   0.000000000    
  0.9848825800E-01   0.000000000    
  0.9995823200E-01   0.000000000    
  0.1014282060       0.000000000    
  0.1028981800       0.000000000    
  0.1043681540       0.000000000    
  0.1058381280       0.000000000    
  0.1073081020       0.000000000    
  0.1087780760       0.000000000    
  0.1102480500       0.000000000    
  0.1117180240       0.000000000    
  0.1131879980       0.000000000    
  0.1146579720       0.000000000    
  0.1161279460       0.000000000    
  0.1175979200       0.000000000    
  0.1190678940       0.000000000    
  0.1205378680       0.000000000    
  0.1220078420       0.000000000    
  0.1234778160       0.000000000    
  0.1249477900       0.000000000    
  0.1264177640       0.000000000    
  0.1278877380       0.000000000    
  0.1293577120       0.000000000    
  0.1308276860      0.1602116320E-06
  0.1322976600      0.1442312501E-05
  0.1337676340      0.8621375706E-05
  0.1352376080      0.3517978337E-04
  0.1367075820      0.1096002774E-03
  0.1381775560      0.2728144692E-03
  0.1396475300      0.5837865653E-03
  0.1411175040      0.1100928249E-02
  0.1425874780      0.1871781825E-02
  0.1440574520      0.2882166412E-02
  0.1455274260      0.4066697338E-02
  0.1469974000      0.5349926425E-02
  0.1484673740      0.6690074286E-02
  0.1499373480      0.8098269564E-02
  0.1514073220      0.9549493558E-02
  0.1528772960      0.1105442466E-01
  0.1543472700      0.1269553684E-01
  0.1558172440      0.1463853730E-01
  0.1572872180      0.1693684993E-01
  0.1587571920      0.1932101037E-01
  0.1602271660      0.2140699380E-01
  0.1616971400      0.2290403460E-01
  0.1631671140      0.2388277335E-01
  0.1646370880      0.2452810355E-01
  0.1661070620      0.2508095474E-01
  0.1675770360      0.2563762766E-01
  0.1690470100      0.2630205288E-01
  0.1705169840      0.2704224621E-01
  0.1719869580      0.2790396423E-01
  0.1734569320      0.2880562510E-01
  0.1749269060      0.2975214645E-01
  0.1763968800      0.3065421128E-01
  0.1778668540      0.3155838574E-01
  0.1793368280      0.3247850197E-01
  0.1808068020      0.3345046011E-01
  0.1822767760      0.3447269173E-01
  0.1837467500      0.3555641186E-01
  0.1852167240      0.3674163477E-01
  0.1866866980      0.3798645499E-01
  0.1881566720      0.3925314063E-01
  0.1896266460      0.4051567469E-01
  0.1910966200      0.4187401644E-01
  0.1925665940      0.4353825639E-01
  0.1940365680      0.4559202386E-01
  0.1955065420      0.4779861285E-01
  0.1969765160      0.4950625347E-01
  0.1984464900      0.5033338188E-01
  0.1999164640      0.5039341125E-01
  0.2013864380      0.5036898161E-01
  0.2028564120      0.5057281355E-01
  0.2043263860      0.5114658705E-01
  0.2057963600      0.5180431695E-01
  0.2072663340      0.5256773785E-01
  0.2087363080      0.5330911812E-01
  0.2102062820      0.5414341547E-01
  0.2116762560      0.5501846040E-01
  0.2131462300      0.5592400883E-01
  0.2146162040      0.5681424640E-01
  0.2160861780      0.5768398953E-01
  0.2175561520      0.5856429673E-01
  0.2190261260      0.5941744367E-01
  0.2204961000      0.6026025461E-01
  0.2219660740      0.6116432247E-01
  0.2234360480      0.6213757719E-01
  0.2249060220      0.6319761654E-01
  0.2263759960      0.6428247710E-01
  0.2278459700      0.6542986093E-01
  0.2293159440      0.6665918055E-01
  0.2307859180      0.6796375197E-01
  0.2322558920      0.6930893932E-01
  0.2337258660      0.7055026572E-01
  0.2351958400      0.7168196710E-01
  0.2366658140      0.7279768828E-01
  0.2381357880      0.7400815931E-01
  0.2396057620      0.7538249803E-01
  0.2410757360      0.7678239475E-01
  0.2425457100      0.7823629704E-01
  0.2440156840      0.7968529670E-01
  0.2454856580      0.8124672679E-01
  0.2469556320      0.8293255754E-01
  0.2484256060      0.8472517916E-01
  0.2498955800      0.8656210911E-01
  0.2513655540      0.8843855451E-01
  0.2528355280      0.9046598865E-01
  0.2543055020      0.9279846438E-01
  0.2557754760      0.9541317378E-01
  0.2572454500      0.9827460460E-01
  0.2587154240      0.1013309162    
  0.2601853980      0.1047349896    
  0.2616553720      0.1086980954    
  0.2631253460      0.1133629160    
  0.2645953200      0.1190744332    
  0.2660652940      0.1260055584    
  0.2675352680      0.1341107036    
  0.2690052420      0.1424441921    
  0.2704752160      0.1501282764    
  0.2719451900      0.1568978076    
  0.2734151640      0.1635012563    
  0.2748851380      0.1706497283    
  0.2763551120      0.1781474099    
  0.2778250860      0.1848129294    
  0.2792950600      0.1887770799    
  0.2807650340      0.1881458457    
  0.2822350080      0.1813278876    
  0.2837049820      0.1678422460    
  0.2851749560      0.1490431329    
  0.2866449300      0.1276255316    
  0.2881149040      0.1068480779    
  0.2895848780      0.8884282315E-01
  0.2910548520      0.7495810769E-01
  0.2925248260      0.6548101060E-01
  0.2939948000      0.6016631167E-01
  0.2954647740      0.5812178941E-01
  0.2969347480      0.5824763931E-01
  0.2984047220      0.5989734439E-01
  0.2998746960      0.6244051220E-01
  0.3013446700      0.6565314799E-01
  0.3028146440      0.6914036595E-01
  0.3042846180      0.7317091025E-01
  0.3057545920      0.7789514434E-01
  0.3072245660      0.8328537373E-01
  0.3086945400      0.8855288937E-01
  0.3101645140      0.9251646341E-01
  0.3116344880      0.9449124537E-01
  0.3131044620      0.9470735961E-01
  0.3145744360      0.9443540715E-01
  0.3160444100      0.9467516427E-01
  0.3175143840      0.9541502426E-01
  0.3189843580      0.9540314625E-01
  0.3204543320      0.9357154347E-01
  0.3219243060      0.9005766542E-01
  0.3233942800      0.8623732624E-01
  0.3248642540      0.8341712605E-01
  0.3263342280      0.8197276933E-01
  0.3278042020      0.8155149173E-01
  0.3292741760      0.8163860280E-01
  0.3307441500      0.8206787856E-01
  0.3322141240      0.8274091154E-01
  0.3336840980      0.8379483829E-01
  0.3351540720      0.8532469422E-01
  0.3366240460      0.8743109928E-01
  0.3380940200      0.8994955907E-01
  0.3395639940      0.9254447841E-01
  0.3410339680      0.9501844539E-01
  0.3425039420      0.9720133508E-01
  0.3439739160      0.9922657094E-01
  0.3454438900      0.1012263954    
  0.3469138640      0.1035727983    
  0.3483838380      0.1062926884    
  0.3498538120      0.1087769267    
  0.3513237860      0.1104094909    
  0.3527937600      0.1104430621    
  0.3542637340      0.1091546324    
  0.3557337080      0.1063526850    
  0.3572036820      0.1027856480    
  0.3586736560      0.9870914596E-01
  0.3601436300      0.9498763897E-01
  0.3616136040      0.9153347756E-01
  0.3630835780      0.8846788602E-01
  0.3645535520      0.8558484977E-01
  0.3660235260      0.8317226036E-01
  0.3674935000      0.8105535314E-01
  0.3689634740      0.7926709765E-01
  0.3704334480      0.7761641345E-01
  0.3719034220      0.7630511542E-01
  0.3733733960      0.7525054548E-01
  0.3748433700      0.7429004310E-01
  0.3763133440      0.7322168141E-01
  0.3777833180      0.7180701712E-01
  0.3792532920      0.6986385007E-01
  0.3807232660      0.6677808612E-01
  0.3821932400      0.6249089706E-01
  0.3836632140      0.5741137437E-01
  0.3851331880      0.5262567274E-01
  0.3866031620      0.4866808090E-01
  0.3880731360      0.4551175987E-01
  0.3895431100      0.4276330273E-01
  0.3910130840      0.4031229842E-01
  0.3924830580      0.3814736634E-01
  0.3939530320      0.3636619787E-01
  0.3954230060      0.3482157118E-01
  0.3968929800      0.3354139508E-01
  0.3983629540      0.3237547595E-01
  0.3998329280      0.3136773634E-01
  0.4013029020      0.3038672818E-01
  0.4027728760      0.2948745726E-01
  0.4042428500      0.2861924760E-01
  0.4057128240      0.2785328966E-01
  0.4071827980      0.2713209710E-01
  0.4086527720      0.2650179179E-01
  0.4101227460      0.2593983395E-01
  0.4115927200      0.2555987754E-01
  0.4130626940      0.2546393526E-01
  0.4145326680      0.2589585501E-01
  0.4160026420      0.2691815602E-01
  0.4174726160      0.2841672664E-01
  0.4189425900      0.2990936296E-01
  0.4204125640      0.3103114164E-01
  0.4218825380      0.3161033600E-01
  0.4233525120      0.3187892906E-01
  0.4248224860      0.3210443400E-01
  0.4262924600      0.3247611289E-01
  0.4277624340      0.3305392377E-01
  0.4292324080      0.3380475063E-01
  0.4307023820      0.3479960155E-01
  0.4321723560      0.3605840151E-01
  0.4336423300      0.3774680754E-01
  0.4351123040      0.3997667151E-01
  0.4365822780      0.4299669708E-01
  0.4380522520      0.4676496314E-01
  0.4395222260      0.5096574080E-01
  0.4409922000      0.5462724233E-01
  0.4424621740      0.5706892765E-01
  0.4439321480      0.5798119439E-01
  0.4454021220      0.5802154377E-01
  0.4468720960      0.5768228430E-01
  0.4483420700      0.5725698172E-01
  0.4498120440      0.5660579694E-01
  0.4512820180      0.5575157195E-01
  0.4527519920      0.5495146595E-01
  0.4542219660      0.5445839740E-01
  0.4556919400      0.5435598570E-01
  0.4571619140      0.5439652858E-01
  0.4586318880      0.5434230996E-01
  0.4601018620      0.5408476520E-01
  0.4615718360      0.5376994882E-01
  0.4630418100      0.5355077752E-01
  0.4645117840      0.5352885717E-01
  0.4659817580      0.5373071440E-01
  0.4674517320      0.5420737007E-01
  0.4689217060      0.5495605128E-01
  0.4703916800      0.5592837863E-01
  0.4718616540      0.5696268172E-01
  0.4733316280      0.5784347743E-01
  0.4748016020      0.5822217827E-01
  0.4762715760      0.5779212410E-01
  0.4777415500      0.5635790501E-01
  0.4792115240      0.5409371664E-01
  0.4806814980      0.5136423100E-01
  0.4821514720      0.4862901974E-01
  0.4836214460      0.4614923328E-01
  0.4850914200      0.4405159462E-01
  0.4865613940      0.4231937183E-01
  0.4880313680      0.4093394030E-01
  0.4895013420      0.3979609645E-01
  0.4909713160      0.3893046382E-01
  0.4924412900      0.3838395991E-01
  0.4939112640      0.3827583146E-01
  0.4953812380      0.3866240547E-01
  0.4968512120      0.3957706550E-01
  0.4983211860      0.4102832639E-01
  0.4997911600      0.4281026811E-01
  0.5012611340      0.4462377718E-01
  0.5027311080      0.4618897176E-01
  0.5042010820      0.4745141517E-01
  0.5056710560      0.4836359676E-01
  0.5071410300      0.4878283002E-01
  0.5086110040      0.4854333563E-01
  0.5100809780      0.4764447038E-01
  0.5115509520      0.4638071117E-01
  0.5130209260      0.4504296028E-01
  0.5144909000      0.4378126747E-01
  0.5159608740      0.4238602356E-01
  0.5174308480      0.4062635254E-01
  0.5189008220      0.3844545112E-01
  0.5203707960      0.3600385020E-01
  0.5218407700      0.3352071449E-01
  0.5233107440      0.3106820282E-01
  0.5247807180      0.2872907121E-01
  0.5262506920      0.2653135375E-01
  0.5277206660      0.2453488593E-01
  0.5291906400      0.2272410561E-01
  0.5306606140      0.2108925584E-01
  0.5321305880      0.1963359123E-01
  0.5336005620      0.1831458670E-01
  0.5350705360      0.1709234798E-01
  0.5365405100      0.1588107661E-01
  0.5380104840      0.1469432529E-01
  0.5394804580      0.1354088368E-01
  0.5409504320      0.1248108931E-01
  0.5424204060      0.1151706819E-01
  0.5438903800      0.1064239680E-01
  0.5453603540      0.9841255665E-02
  0.5468303280      0.9084940880E-02
  0.5483003020      0.8378506211E-02
  0.5497702760      0.7671137088E-02
  0.5512402500      0.6996926858E-02
  0.5527102240      0.6302320033E-02
  0.5541801980      0.5631207386E-02
  0.5556501720      0.4918190750E-02
  0.5571201460      0.4256299768E-02
  0.5585901200      0.3688589114E-02
  0.5600600940      0.3293887494E-02
  0.5615300680      0.3032725982E-02
  0.5630000420      0.2825968299E-02
  0.5644700160      0.2639782240E-02
  0.5659399900      0.2446142748E-02
  0.5674099640      0.2267336777E-02
  0.5688799380      0.2093593867E-02
  0.5703499120      0.1926613588E-02
  0.5718198860      0.1772937015E-02
  0.5732898600      0.1621397417E-02
  0.5747598340      0.1503016234E-02
  0.5762298080      0.1403306325E-02
  0.5776997820      0.1338548676E-02
  0.5791697560      0.1239128639E-02
  0.5806397300      0.1085445757E-02
  0.5821097040      0.8522058747E-03
  0.5835796780      0.6062064786E-03
  0.5850496520      0.3916455161E-03
  0.5865196260      0.2441406652E-03
  0.5879896000      0.1493676011E-03
  0.5894595740      0.9097668433E-04
  0.5909295480      0.5335329638E-04
  0.5923995220      0.2958755569E-04
  0.5938694960      0.1509493235E-04
  0.5953394700      0.6908028697E-05
  0.5968094440      0.2684045117E-05
  0.5982794180      0.8722344284E-06
  0.5997493920      0.2073220996E-06
  0.6012193660      0.3622577539E-07
  0.6026893400      0.5850396313E-09
  0.6041593140       0.000000000    
  0.6056292880      0.1470015017E-06
  0.6070992620      0.4410045050E-06
  0.6085692360      0.1557274306E-05
  0.6100392100      0.4739938272E-05
  0.6115091840      0.1300230051E-04
  0.6129791580      0.2922516668E-04
  0.6144491320      0.5398326058E-04
  0.6159191060      0.8635045792E-04
  0.6173890800      0.1263827926E-03
  0.6188590540      0.1800545980E-03
  0.6203290280      0.2519809242E-03
  0.6217990020      0.3422843638E-03
  0.6232689760      0.4462146644E-03
  0.6247389500      0.5615117671E-03
  0.6262089240      0.6946340067E-03
  0.6276788980      0.8504537246E-03
  0.6291488720      0.1035447983E-02
  0.6306188460      0.1241249133E-02
  0.6320888200      0.1470086720E-02
  0.6335587940      0.1713663695E-02
  0.6350287680      0.1993197007E-02
  0.6364987420      0.2313407071E-02
  0.6379687160      0.2707785411E-02
  0.6394386900      0.3186088953E-02
  0.6409086640      0.3792838066E-02
  0.6423786380      0.4584684894E-02
  0.6438486120      0.5556341692E-02
  0.6453185860      0.6602242844E-02
  0.6467885600      0.7494506037E-02
  0.6482585340      0.8145164385E-02
  0.6497285080      0.8607910783E-02
  0.6511984820      0.9061894888E-02
  0.6526684560      0.9596658375E-02
  0.6541384300      0.1020897673E-01
  0.6556084040      0.1086762527E-01
  0.6570783780      0.1154858199E-01
  0.6585483520      0.1225873784E-01
  0.6600183260      0.1298793133E-01
  0.6614883000      0.1373512284E-01
  0.6629582740      0.1449377531E-01
  0.6644282480      0.1528698824E-01
  0.6658982220      0.1613957067E-01
  0.6673681960      0.1713534845E-01
  0.6688381700      0.1824077959E-01
  0.6703081440      0.1935903809E-01
  0.6717781180      0.2016256774E-01
  0.6732480920      0.2052986508E-01
  0.6747180660      0.2045604500E-01
  0.6761880400      0.2024154482E-01
  0.6776580140      0.2001535284E-01
  0.6791279880      0.1987569969E-01
  0.6805979620      0.1974711836E-01
  0.6820679360      0.1965399457E-01
  0.6835379100      0.1958068167E-01
  0.6850078840      0.1954185749E-01
  0.6864778580      0.1951454854E-01
  0.6879478320      0.1947389463E-01
  0.6894178060      0.1942628491E-01
  0.6908877800      0.1938037534E-01
  0.6923577540      0.1934941720E-01
  0.6938277280      0.1934031793E-01
  0.6952977020      0.1932455880E-01
  0.6967676760      0.1931643746E-01
  0.6982376500      0.1928919827E-01
  0.6997076240      0.1926836908E-01
  0.7011775980      0.1925226927E-01
  0.7026475720      0.1925089770E-01
  0.7041175460      0.1929329921E-01
  0.7055875200      0.1935655096E-01
  0.7070574940      0.1948266938E-01
  0.7085274680      0.1962305602E-01
  0.7099974420      0.1982889107E-01
  0.7114674160      0.2008043995E-01
  0.7129373900      0.2045803750E-01
  0.7144073640      0.2100990487E-01
  0.7158773380      0.2223482533E-01
  0.7173473120      0.2523797895E-01
  0.7188172860      0.3145111612E-01
  0.7202872600      0.4113232978E-01
  0.7217572340      0.5259141755E-01
  0.7232272080      0.6311338188E-01
  0.7246971820      0.7106998284E-01
  0.7261671560      0.7686092043E-01
  0.7276371300      0.8194462652E-01
  0.7291071040      0.8754102388E-01
  0.7305770780      0.9411331348E-01
  0.7320470520      0.1016539418    
  0.7335170260      0.1097948212    

 -0.7349870000      0.1946191387E-02
 -0.7335170260      0.1941087021E-02
 -0.7320470520      0.1952104518E-02
 -0.7305770780      0.1975699471E-02
 -0.7291071040      0.2003319989E-02
 -0.7276371300      0.2025253834E-02
 -0.7261671560      0.2045047637E-02
 -0.7246971820      0.2061062842E-02
 -0.7232272080      0.2075449874E-02
 -0.7217572340      0.2085484226E-02
 -0.7202872600      0.2093202736E-02
 -0.7188172860      0.2099524557E-02
 -0.7173473120      0.2110862967E-02
 -0.7158773380      0.2125112722E-02
 -0.7144073640      0.2141505949E-02
 -0.7129373900      0.2157244555E-02
 -0.7114674160      0.2174265993E-02
 -0.7099974420      0.2190764255E-02
 -0.7085274680      0.2205031515E-02
 -0.7070574940      0.2218711399E-02
 -0.7055875200      0.2232805303E-02
 -0.7041175460      0.2249377617E-02
 -0.7026475720      0.2266664182E-02
 -0.7011775980      0.2285832811E-02
 -0.6997076240      0.2304966499E-02
 -0.6982376500      0.2322158337E-02
 -0.6967676760      0.2337380413E-02
 -0.6952977020      0.2351438970E-02
 -0.6938277280      0.2370579520E-02
 -0.6923577540      0.2392356316E-02
 -0.6908877800      0.2417803520E-02
 -0.6894178060      0.2438997989E-02
 -0.6879478320      0.2460976399E-02
 -0.6864778580      0.2478857575E-02
 -0.6850078840      0.2495350461E-02
 -0.6835379100      0.2505385948E-02
 -0.6820679360      0.2515203785E-02
 -0.6805979620      0.2525141404E-02
 -0.6791279880      0.2538894814E-02
 -0.6776580140      0.2551303783E-02
 -0.6761880400      0.2565067924E-02
 -0.6747180660      0.2574922266E-02
 -0.6732480920      0.2588663557E-02
 -0.6717781180      0.2599333826E-02
 -0.6703081440      0.2614445726E-02
 -0.6688381700      0.2623725736E-02
 -0.6673681960      0.2636158376E-02
 -0.6658982220      0.2647315378E-02
 -0.6644282480      0.2663731265E-02
 -0.6629582740      0.2682412939E-02
 -0.6614883000      0.2700058289E-02
 -0.6600183260      0.2718419803E-02
 -0.6585483520      0.2732910739E-02
 -0.6570783780      0.2753268498E-02
 -0.6556084040      0.2770107361E-02
 -0.6541384300      0.2791325876E-02
 -0.6526684560      0.2804163243E-02
 -0.6511984820      0.2820329995E-02
 -0.6497285080      0.2832983363E-02
 -0.6482585340      0.2853789120E-02
 -0.6467885600      0.2876405679E-02
 -0.6453185860      0.2903090166E-02
 -0.6438486120      0.2929236820E-02
 -0.6423786380      0.2953033285E-02
 -0.6409086640      0.2976590734E-02
 -0.6394386900      0.2995682567E-02
 -0.6379687160      0.3018807592E-02
 -0.6364987420      0.3039856458E-02
 -0.6350287680      0.3063134928E-02
 -0.6335587940      0.3079016212E-02
 -0.6320888200      0.3094415797E-02
 -0.6306188460      0.3113741969E-02
 -0.6291488720      0.3140459813E-02
 -0.6276788980      0.3172449465E-02
 -0.6262089240      0.3202412891E-02
 -0.6247389500      0.3232367372E-02
 -0.6232689760      0.3261414209E-02
 -0.6217990020      0.3293613270E-02
 -0.6203290280      0.3326265769E-02
 -0.6188590540      0.3363252749E-02
 -0.6173890800      0.3400795998E-02
 -0.6159191060      0.3445410544E-02
 -0.6144491320      0.3491150382E-02
 -0.6129791580      0.3546818862E-02
 -0.6115091840      0.3603984873E-02
 -0.6100392100      0.3671054101E-02
 -0.6085692360      0.3744368851E-02
 -0.6070992620      0.3841353212E-02
 -0.6056292880      0.3964649923E-02
 -0.6041593140      0.4109124500E-02
 -0.6026893400      0.4244336145E-02
 -0.6012193660      0.4337584548E-02
 -0.5997493920      0.4384746804E-02
 -0.5982794180      0.4393497242E-02
 -0.5968094440      0.4397774641E-02
 -0.5953394700      0.4394167312E-02
 -0.5938694960      0.4396856005E-02
 -0.5923995220      0.4379714881E-02
 -0.5909295480      0.4358999760E-02
 -0.5894595740      0.4319436824E-02
 -0.5879896000      0.4287339106E-02
 -0.5865196260      0.4249922340E-02
 -0.5850496520      0.4226055177E-02
 -0.5835796780      0.4202917654E-02
 -0.5821097040      0.4197573830E-02
 -0.5806397300      0.4202531306E-02
 -0.5791697560      0.4222188753E-02
 -0.5776997820      0.4231912124E-02
 -0.5762298080      0.4212689198E-02
 -0.5747598340      0.4155505608E-02
 -0.5732898600      0.4070309496E-02
 -0.5718198860      0.3982699060E-02
 -0.5703499120      0.3895935658E-02
 -0.5688799380      0.3824250076E-02
 -0.5674099640      0.3755131270E-02
 -0.5659399900      0.3700166162E-02
 -0.5644700160      0.3643902799E-02
 -0.5630000420      0.3592783732E-02
 -0.5615300680      0.3538776248E-02
 -0.5600600940      0.3488212359E-02
 -0.5585901200      0.3442055717E-02
 -0.5571201460      0.3400167454E-02
 -0.5556501720      0.3363566124E-02
 -0.5541801980      0.3325863943E-02
 -0.5527102240      0.3287690425E-02
 -0.5512402500      0.3247142571E-02
 -0.5497702760      0.3206857842E-02
 -0.5483003020      0.3170107203E-02
 -0.5468303280      0.3133408336E-02
 -0.5453603540      0.3100694756E-02
 -0.5438903800      0.3065180942E-02
 -0.5424204060      0.3034922894E-02
 -0.5409504320      0.3003555560E-02
 -0.5394804580      0.2976155617E-02
 -0.5380104840      0.2945718775E-02
 -0.5365405100      0.2917597384E-02
 -0.5350705360      0.2892128541E-02
 -0.5336005620      0.2871713716E-02
 -0.5321305880      0.2852691048E-02
 -0.5306606140      0.2831844284E-02
 -0.5291906400      0.2808114842E-02
 -0.5277206660      0.2780002897E-02
 -0.5262506920      0.2744609188E-02
 -0.5247807180      0.2703398465E-02
 -0.5233107440      0.2658679126E-02
 -0.5218407700      0.2619296157E-02
 -0.5203707960      0.2582064019E-02
 -0.5189008220      0.2550970212E-02
 -0.5174308480      0.2518921690E-02
 -0.5159608740      0.2491941218E-02
 -0.5144909000      0.2467564353E-02
 -0.5130209260      0.2454853341E-02
 -0.5115509520      0.2457270413E-02
 -0.5100809780      0.2475466130E-02
 -0.5086110040      0.2498842534E-02
 -0.5071410300      0.2512116946E-02
 -0.5056710560      0.2511291139E-02
 -0.5042010820      0.2497415708E-02
 -0.5027311080      0.2462973317E-02
 -0.5012611340      0.2382144710E-02
 -0.4997911600      0.2227729758E-02
 -0.4983211860      0.2008226742E-02
 -0.4968512120      0.1757119943E-02
 -0.4953812380      0.1519319431E-02
 -0.4939112640      0.1310376246E-02
 -0.4924412900      0.1131647332E-02
 -0.4909713160      0.9761079047E-03
 -0.4895013420      0.8454061036E-03
 -0.4880313680      0.7418946020E-03
 -0.4865613940      0.6657622138E-03
 -0.4850914200      0.6114033281E-03
 -0.4836214460      0.5711163691E-03
 -0.4821514720      0.5349911224E-03
 -0.4806814980      0.4975314010E-03
 -0.4792115240      0.4582529539E-03
 -0.4777415500      0.4224710142E-03
 -0.4762715760      0.3930599644E-03
 -0.4748016020      0.3723675245E-03
 -0.4733316280      0.3576351668E-03
 -0.4718616540      0.3520260173E-03
 -0.4703916800      0.3526418943E-03
 -0.4689217060      0.3627249097E-03
 -0.4674517320      0.3779872003E-03
 -0.4659817580      0.4008073682E-03
 -0.4645117840      0.4294924529E-03
 -0.4630418100      0.4702689078E-03
 -0.4615718360      0.5250845550E-03
 -0.4601018620      0.6000282281E-03
 -0.4586318880      0.6899394840E-03
 -0.4571619140      0.7967647539E-03
 -0.4556919400      0.9127357873E-03
 -0.4542219660      0.1042534184E-02
 -0.4527519920      0.1176366435E-02
 -0.4512820180      0.1317093529E-02
 -0.4498120440      0.1456386776E-02
 -0.4483420700      0.1607450851E-02
 -0.4468720960      0.1782804688E-02
 -0.4454021220      0.2015067976E-02
 -0.4439321480      0.2309908390E-02
 -0.4424621740      0.2634683020E-02
 -0.4409922000      0.2904476149E-02
 -0.4395222260      0.3050483447E-02
 -0.4380522520      0.3065475860E-02
 -0.4365822780      0.3007633908E-02
 -0.4351123040      0.2942782009E-02
 -0.4336423300      0.2901649503E-02
 -0.4321723560      0.2886581084E-02
 -0.4307023820      0.2876652488E-02
 -0.4292324080      0.2849988168E-02
 -0.4277624340      0.2774490994E-02
 -0.4262924600      0.2643875564E-02
 -0.4248224860      0.2469103804E-02
 -0.4233525120      0.2280040230E-02
 -0.4218825380      0.2103594898E-02
 -0.4204125640      0.1950082438E-02
 -0.4189425900      0.1831671947E-02
 -0.4174726160      0.1732911556E-02
 -0.4160026420      0.1658371171E-02
 -0.4145326680      0.1585947627E-02
 -0.4130626940      0.1529220854E-02
 -0.4115927200      0.1471588012E-02
 -0.4101227460      0.1426233597E-02
 -0.4086527720      0.1377662378E-02
 -0.4071827980      0.1338386431E-02
 -0.4057128240      0.1297935497E-02
 -0.4042428500      0.1265059973E-02
 -0.4027728760      0.1229725548E-02
 -0.4013029020      0.1198769175E-02
 -0.3998329280      0.1165593867E-02
 -0.3983629540      0.1136373459E-02
 -0.3968929800      0.1106642813E-02
 -0.3954230060      0.1080520827E-02
 -0.3939530320      0.1057214872E-02
 -0.3924830580      0.1035288014E-02
 -0.3910130840      0.1016195173E-02
 -0.3895431100      0.9933853513E-03
 -0.3880731360      0.9742203688E-03
 -0.3866031620      0.9504975754E-03
 -0.3851331880      0.9320983672E-03
 -0.3836632140      0.9085631084E-03
 -0.3821932400      0.8905996352E-03
 -0.3807232660      0.8670444786E-03
 -0.3792532920      0.8487713898E-03
 -0.3777833180      0.8250492806E-03
 -0.3763133440      0.8075950471E-03
 -0.3748433700      0.7857648584E-03
 -0.3733733960      0.7698820849E-03
 -0.3719034220      0.7491023086E-03
 -0.3704334480      0.7336072673E-03
 -0.3689634740      0.7137041718E-03
 -0.3674935000      0.6988698710E-03
 -0.3660235260      0.6803732419E-03
 -0.3645535520      0.6659351026E-03
 -0.3630835780      0.6488382573E-03
 -0.3616136040      0.6353142649E-03
 -0.3601436300      0.6216844193E-03
 -0.3586736560      0.6104648070E-03
 -0.3572036820      0.5990653433E-03
 -0.3557337080      0.5879039578E-03
 -0.3542637340      0.5781072287E-03
 -0.3527937600      0.5696935005E-03
 -0.3513237860      0.5651289614E-03
 -0.3498538120      0.5634362856E-03
 -0.3483838380      0.5665842741E-03
 -0.3469138640      0.5709668714E-03
 -0.3454438900      0.5779409417E-03
 -0.3439739160      0.5867077235E-03
 -0.3425039420      0.6014016313E-03
 -0.3410339680      0.6205594865E-03
 -0.3395639940      0.6419291833E-03
 -0.3380940200      0.6611805682E-03
 -0.3366240460      0.6760847633E-03
 -0.3351540720      0.6881082404E-03
 -0.3336840980      0.6974316328E-03
 -0.3322141240      0.7065585970E-03
 -0.3307441500      0.7135678638E-03
 -0.3292741760      0.7204781886E-03
 -0.3278042020      0.7250051573E-03
 -0.3263342280      0.7288685761E-03
 -0.3248642540      0.7297618324E-03
 -0.3233942800      0.7292786178E-03
 -0.3219243060      0.7267011671E-03
 -0.3204543320      0.7235439960E-03
 -0.3189843580      0.7201500862E-03
 -0.3175143840      0.7174391639E-03
 -0.3160444100      0.7153860135E-03
 -0.3145744360      0.7136782632E-03
 -0.3131044620      0.7117862987E-03
 -0.3116344880      0.7097742731E-03
 -0.3101645140      0.7064651764E-03
 -0.3086945400      0.7009654445E-03
 -0.3072245660      0.6933033679E-03
 -0.3057545920      0.6844991892E-03
 -0.3042846180      0.6766148907E-03
 -0.3028146440      0.6691837406E-03
 -0.3013446700      0.6640053336E-03
 -0.2998746960      0.6597875183E-03
 -0.2984047220      0.6575393577E-03
 -0.2969347480      0.6552987312E-03
 -0.2954647740      0.6536607269E-03
 -0.2939948000      0.6519682054E-03
 -0.2925248260      0.6500592823E-03
 -0.2910548520      0.6481095770E-03
 -0.2895848780      0.6454987479E-03
 -0.2881149040      0.6432414422E-03
 -0.2866449300      0.6400759288E-03
 -0.2851749560      0.6369469463E-03
 -0.2837049820      0.6327811565E-03
 -0.2822350080      0.6279452466E-03
 -0.2807650340      0.6222130393E-03
 -0.2792950600      0.6155643008E-03
 -0.2778250860      0.6087266729E-03
 -0.2763551120      0.6007228158E-03
 -0.2748851380      0.5932038033E-03
 -0.2734151640      0.5855170764E-03
 -0.2719451900      0.5797480784E-03
 -0.2704752160      0.5739957629E-03
 -0.2690052420      0.5696125924E-03
 -0.2675352680      0.5653291285E-03
 -0.2660652940      0.5623299317E-03
 -0.2645953200      0.5593059929E-03
 -0.2631253460      0.5559417599E-03
 -0.2616553720      0.5523704459E-03
 -0.2601853980      0.5485080755E-03
 -0.2587154240      0.5445649177E-03
 -0.2572454500      0.5397812106E-03
 -0.2557754760      0.5344793294E-03
 -0.2543055020      0.5300542010E-03
 -0.2528355280      0.5258439580E-03
 -0.2513655540      0.5224863022E-03
 -0.2498955800      0.5180355765E-03
 -0.2484256060      0.5139555530E-03
 -0.2469556320      0.5097472666E-03
 -0.2454856580      0.5053896873E-03
 -0.2440156840      0.5011180095E-03
 -0.2425457100      0.4960716557E-03
 -0.2410757360      0.4919207538E-03
 -0.2396057620      0.4870060682E-03
 -0.2381357880      0.4819652806E-03
 -0.2366658140      0.4757985070E-03
 -0.2351958400      0.4693425667E-03
 -0.2337258660      0.4630438642E-03
 -0.2322558920      0.4563365812E-03
 -0.2307859180      0.4492916730E-03
 -0.2293159440      0.4417664874E-03
 -0.2278459700      0.4349551224E-03
 -0.2263759960      0.4289075302E-03
 -0.2249060220      0.4234771720E-03
 -0.2234360480      0.4178375076E-03
 -0.2219660740      0.4123947911E-03
 -0.2204961000      0.4070197976E-03
 -0.2190261260      0.4023067484E-03
 -0.2175561520      0.3972399501E-03
 -0.2160861780      0.3921719427E-03
 -0.2146162040      0.3867909622E-03
 -0.2131462300      0.3816264283E-03
 -0.2116762560      0.3763106750E-03
 -0.2102062820      0.3710640755E-03
 -0.2087363080      0.3659999550E-03
 -0.2072663340      0.3612304851E-03
 -0.2057963600      0.3565126924E-03
 -0.2043263860      0.3517874961E-03
 -0.2028564120      0.3470008034E-03
 -0.2013864380      0.3419763428E-03
 -0.1999164640      0.3368326284E-03
 -0.1984464900      0.3317119309E-03
 -0.1969765160      0.3270992772E-03
 -0.1955065420      0.3225190098E-03
 -0.1940365680      0.3180857563E-03
 -0.1925665940      0.3132998915E-03
 -0.1910966200      0.3086154946E-03
 -0.1896266460      0.3034000530E-03
 -0.1881566720      0.2981421990E-03
 -0.1866866980      0.2924099450E-03
 -0.1852167240      0.2868178748E-03
 -0.1837467500      0.2805427733E-03
 -0.1822767760      0.2740750104E-03
 -0.1808068020      0.2670150450E-03
 -0.1793368280      0.2601619454E-03
 -0.1778668540      0.2532325179E-03
 -0.1763968800      0.2467909299E-03
 -0.1749269060      0.2406200350E-03
 -0.1734569320      0.2347295089E-03
 -0.1719869580      0.2287970974E-03
 -0.1705169840      0.2227778854E-03
 -0.1690470100      0.2169560679E-03
 -0.1675770360      0.2111739677E-03
 -0.1661070620      0.2055583653E-03
 -0.1646370880      0.1998049692E-03
 -0.1631671140      0.1940356698E-03
 -0.1616971400      0.1883757000E-03
 -0.1602271660      0.1828961941E-03
 -0.1587571920      0.1780452687E-03
 -0.1572872180      0.1733754299E-03
 -0.1558172440      0.1690644044E-03
 -0.1543472700      0.1644980426E-03
 -0.1528772960      0.1601381348E-03
 -0.1514073220      0.1561290247E-03
 -0.1499373480      0.1527561011E-03
 -0.1484673740      0.1499451826E-03
 -0.1469974000      0.1470717687E-03
 -0.1455274260      0.1441803506E-03
 -0.1440574520      0.1409188834E-03
 -0.1425874780      0.1376217767E-03
 -0.1411175040      0.1339042971E-03
 -0.1396475300      0.1298474149E-03
 -0.1381775560      0.1254097213E-03
 -0.1367075820      0.1209782764E-03
 -0.1352376080      0.1167048211E-03
 -0.1337676340      0.1127460728E-03
 -0.1322976600      0.1087627323E-03
 -0.1308276860      0.1049378350E-03
 -0.1293577120      0.1009937632E-03
 -0.1278877380      0.9746841262E-04
 -0.1264177640      0.9400736596E-04
 -0.1249477900      0.9094412508E-04
 -0.1234778160      0.8781809939E-04
 -0.1220078420      0.8478718639E-04
 -0.1205378680      0.8167860086E-04
 -0.1190678940      0.7864642293E-04
 -0.1175979200      0.7579277760E-04
 -0.1161279460      0.7305801575E-04
 -0.1146579720      0.7045940920E-04
 -0.1131879980      0.6780508818E-04
 -0.1117180240      0.6526633825E-04
 -0.1102480500      0.6283610387E-04
 -0.1087780760      0.6065164834E-04
 -0.1073081020      0.5849174836E-04
 -0.1058381280      0.5633843529E-04
 -0.1043681540      0.5406983565E-04
 -0.1028981800      0.5185329034E-04
 -0.1014282060      0.4954313997E-04
 -0.9995823200E-01  0.4723801325E-04
 -0.9848825800E-01  0.4486110559E-04
 -0.9701828400E-01  0.4272334841E-04
 -0.9554831000E-01  0.4075721800E-04
 -0.9407833600E-01  0.3900290374E-04
 -0.9260836200E-01  0.3725338347E-04
 -0.9113838800E-01  0.3563623425E-04
 -0.8966841400E-01  0.3414372959E-04
 -0.8819844000E-01  0.3282729262E-04
 -0.8672846600E-01  0.3155963345E-04
 -0.8525849200E-01  0.3038468364E-04
 -0.8378851800E-01  0.2926582697E-04
 -0.8231854400E-01  0.2827788884E-04
 -0.8084857000E-01  0.2725964866E-04
 -0.7937859600E-01  0.2625930031E-04
 -0.7790862200E-01  0.2515119128E-04
 -0.7643864800E-01  0.2412126406E-04
 -0.7496867400E-01  0.2305074441E-04
 -0.7349870000E-01  0.2200080101E-04
 -0.7202872600E-01  0.2076850743E-04
 -0.7055875200E-01  0.1948811442E-04
 -0.6908877800E-01  0.1819350060E-04
 -0.6761880400E-01  0.1707390992E-04
 -0.6614883000E-01  0.1606711266E-04
 -0.6467885600E-01  0.1519003055E-04
 -0.6320888200E-01  0.1437406054E-04
 -0.6173890800E-01  0.1367890291E-04
 -0.6026893400E-01  0.1311327962E-04
 -0.5879896000E-01  0.1273894230E-04
 -0.5732898600E-01  0.1251805105E-04
 -0.5585901200E-01  0.1231201746E-04
 -0.5438903800E-01  0.1191881427E-04
 -0.5291906400E-01  0.1125256059E-04
 -0.5144909000E-01  0.1042141650E-04
 -0.4997911600E-01  0.9603616841E-05
 -0.4850914200E-01  0.8889360171E-05
 -0.4703916800E-01  0.8263876987E-05
 -0.4556919400E-01  0.7680913845E-05
 -0.4409922000E-01  0.7119992378E-05
 -0.4262924600E-01  0.6575029567E-05
 -0.4115927200E-01  0.6031105009E-05
 -0.3968929800E-01  0.5491807415E-05
 -0.3821932400E-01  0.4955545951E-05
 -0.3674935000E-01  0.4404198453E-05
 -0.3527937600E-01  0.3789234103E-05
 -0.3380940200E-01  0.3063672604E-05
 -0.3233942800E-01  0.2280437081E-05
 -0.3086945400E-01  0.1536705778E-05
 -0.2939948000E-01  0.9558156804E-06
 -0.2792950600E-01  0.5558079659E-06
 -0.2645953200E-01  0.3130646244E-06
 -0.2498955800E-01  0.1666878431E-06
 -0.2351958400E-01  0.8336998278E-07
 -0.2204961000E-01  0.3732158673E-07
 -0.2057963600E-01  0.1479367506E-07
 -0.1910966200E-01  0.4842620652E-08
 -0.1763968800E-01  0.1271527725E-08
 -0.1616971400E-01  0.2120360979E-09
 -0.1469974000E-01  0.1042460068E-10
 -0.1322976600E-01  0.5297339626E-19
 -0.1175979200E-01   0.000000000    
 -0.1028981800E-01   0.000000000    
 -0.8819844000E-02   0.000000000    
 -0.7349870000E-02   0.000000000    
 -0.5879896000E-02   0.000000000    
 -0.4409922000E-02   0.000000000    
 -0.2939948000E-02   0.000000000    
 -0.1469974000E-02   0.000000000    
  0.4250072516E-16   0.000000000    
  0.1469974000E-02   0.000000000    
  0.2939948000E-02   0.000000000    
  0.4409922000E-02   0.000000000    
  0.5879896000E-02   0.000000000    
  0.7349870000E-02   0.000000000    
  0.8819844000E-02   0.000000000    
  0.1028981800E-01   0.000000000    
  0.1175979200E-01   0.000000000    
  0.1322976600E-01   0.000000000    
  0.1469974000E-01   0.000000000    
  0.1616971400E-01   0.000000000    
  0.1763968800E-01   0.000000000    
  0.1910966200E-01   0.000000000    
  0.2057963600E-01   0.000000000    
  0.2204961000E-01   0.000000000    
  0.2351958400E-01   0.000000000    
  0.2498955800E-01   0.000000000    
  0.2645953200E-01   0.000000000    
  0.2792950600E-01   0.000000000    
  0.2939948000E-01   0.000000000    
  0.3086945400E-01   0.000000000    
  0.3233942800E-01   0.000000000    
  0.3380940200E-01   0.000000000    
  0.3527937600E-01   0.000000000    
  0.3674935000E-01   0.000000000    
  0.3821932400E-01   0.000000000    
  0.3968929800E-01   0.000000000    
  0.4115927200E-01   0.000000000    
  0.4262924600E-01   0.000000000    
  0.4409922000E-01   0.000000000    
  0.4556919400E-01   0.000000000    
  0.4703916800E-01   0.000000000    
  0.4850914200E-01   0.000000000    
  0.4997911600E-01   0.000000000    
  0.5144909000E-01   0.000000000    
  0.5291906400E-01   0.000000000    
  0.5438903800E-01   0.000000000    
  0.5585901200E-01   0.000000000    
  0.5732898600E-01   0.000000000    
  0.5879896000E-01   0.000000000    
  0.6026893400E-01   0.000000000    
  0.6173890800E-01   0.000000000    
  0.6320888200E-01   0.000000000    
  0.6467885600E-01   0.000000000    
  0.6614883000E-01   0.000000000    
  0.6761880400E-01   0.000000000    
  0.6908877800E-01   0.000000000    
  0.7055875200E-01   0.000000000    
  0.7202872600E-01   0.000000000    
  0.7349870000E-01   0.000000000    
  0.7496867400E-01   0.000000000    
  0.7643864800E-01   0.000000000    
  0.7790862200E-01   0.000000000    
  0.7937859600E-01   0.000000000    
  0.8084857000E-01   0.000000000    
  0.8231854400E-01   0.000000000    
  0.8378851800E-01   0.000000000    
  0.8525849200E-01   0.000000000    
  0.8672846600E-01   0.000000000    
  0.8819844000E-01   0.000000000    
  0.8966841400E-01   0.000000000    
  0.9113838800E-01   0.000000000    
  0.9260836200E-01   0.000000000    
  0.9407833600E-01   0.000000000    
  0.9554831000E-01   0.000000000    
  0.9701828400E-01   0.000000000    
  0.9848825800E-01   0.000000000    
  0.9995823200E-01   0.000000000    
  0.1014282060       0.000000000    
  0.1028981800       0.000000000    
  0.1043681540       0.000000000    
  0.1058381280       0.000000000    
  0.1073081020       0.000000000    
  0.1087780760       0.000000000    
  0.1102480500       0.000000000    
  0.1117180240       0.000000000    
  0.1131879980       0.000000000    
  0.1146579720       0.000000000    
  0.1161279460       0.000000000    
  0.1175979200       0.000000000    
  0.1190678940       0.000000000    
  0.1205378680       0.000000000    
  0.1220078420       0.000000000    
  0.1234778160       0.000000000    
  0.1249477900       0.000000000    
  0.1264177640       0.000000000    
  0.1278877380       0.000000000    
  0.1293577120       0.000000000    
  0.1308276860      0.3590276928E-08
  0.1322976600      0.3214096772E-07
  0.1337676340      0.1812657593E-06
  0.1352376080      0.6504912935E-06
  0.1367075820      0.1782806861E-05
  0.1381775560      0.3951499861E-05
  0.1396475300      0.7575354872E-05
  0.1411175040      0.1305005756E-04
  0.1425874780      0.2075280933E-04
  0.1440574520      0.3099885531E-04
  0.1455274260      0.4408964183E-04
  0.1469974000      0.6096902074E-04
  0.1484673740      0.8215609391E-04
  0.1499373480      0.1075843134E-03
  0.1514073220      0.1346479838E-03
  0.1528772960      0.1611945171E-03
  0.1543472700      0.1860446950E-03
  0.1558172440      0.2107079763E-03
  0.1572872180      0.2361463318E-03
  0.1587571920      0.2613969936E-03
  0.1602271660      0.2844164013E-03
  0.1616971400      0.3044505919E-03
  0.1631671140      0.3240926311E-03
  0.1646370880      0.3465011388E-03
  0.1661070620      0.3738572414E-03
  0.1675770360      0.4042688962E-03
  0.1690470100      0.4355081848E-03
  0.1705169840      0.4640920989E-03
  0.1719869580      0.4899317817E-03
  0.1734569320      0.5116407182E-03
  0.1749269060      0.5296706448E-03
  0.1763968800      0.5439406009E-03
  0.1778668540      0.5576066231E-03
  0.1793368280      0.5747145465E-03
  0.1808068020      0.5974694717E-03
  0.1822767760      0.6259925254E-03
  0.1837467500      0.6577323957E-03
  0.1852167240      0.6914201384E-03
  0.1866866980      0.7245204995E-03
  0.1881566720      0.7568717708E-03
  0.1896266460      0.7881684336E-03
  0.1910966200      0.8204083001E-03
  0.1925665940      0.8548225436E-03
  0.1940365680      0.8926852160E-03
  0.1955065420      0.9307178807E-03
  0.1969765160      0.9594533732E-03
  0.1984464900      0.9719037996E-03
  0.1999164640      0.9679416894E-03
  0.2013864380      0.9611092953E-03
  0.2028564120      0.9577352576E-03
  0.2043263860      0.9633733528E-03
  0.2057963600      0.9726810171E-03
  0.2072663340      0.9863781184E-03
  0.2087363080      0.1001703711E-02
  0.2102062820      0.1018996078E-02
  0.2116762560      0.1038204129E-02
  0.2131462300      0.1057506143E-02
  0.2146162040      0.1077435299E-02
  0.2160861780      0.1096186013E-02
  0.2175561520      0.1116106635E-02
  0.2190261260      0.1135340823E-02
  0.2204961000      0.1155181928E-02
  0.2219660740      0.1175558114E-02
  0.2234360480      0.1197774591E-02
  0.2249060220      0.1221124614E-02
  0.2263759960      0.1245980102E-02
  0.2278459700      0.1272746842E-02
  0.2293159440      0.1303123736E-02
  0.2307859180      0.1335109096E-02
  0.2322558920      0.1368908666E-02
  0.2337258660      0.1401083710E-02
  0.2351958400      0.1433075511E-02
  0.2366658140      0.1464375427E-02
  0.2381357880      0.1496687662E-02
  0.2396057620      0.1530492317E-02
  0.2410757360      0.1564551259E-02
  0.2425457100      0.1599250959E-02
  0.2440156840      0.1632834520E-02
  0.2454856580      0.1666405143E-02
  0.2469556320      0.1700084574E-02
  0.2484256060      0.1735113244E-02
  0.2498955800      0.1770672727E-02
  0.2513655540      0.1808136131E-02
  0.2528355280      0.1846941144E-02
  0.2543055020      0.1892147715E-02
  0.2557754760      0.1942032170E-02
  0.2572454500      0.1998500677E-02
  0.2587154240      0.2056167693E-02
  0.2601853980      0.2115982585E-02
  0.2616553720      0.2177702699E-02
  0.2631253460      0.2245641124E-02
  0.2645953200      0.2323810422E-02
  0.2660652940      0.2416795760E-02
  0.2675352680      0.2521519936E-02
  0.2690052420      0.2628274589E-02
  0.2704752160      0.2725050624E-02
  0.2719451900      0.2812202703E-02
  0.2734151640      0.2900025847E-02
  0.2748851380      0.2997911621E-02
  0.2763551120      0.3101442628E-02
  0.2778250860      0.3190634841E-02
  0.2792950600      0.3243808391E-02
  0.2807650340      0.3241984816E-02
  0.2822350080      0.3184206954E-02
  0.2837049820      0.3076241552E-02
  0.2851749560      0.2946137449E-02
  0.2866449300      0.2817349257E-02
  0.2881149040      0.2719820663E-02
  0.2895848780      0.2663659039E-02
  0.2910548520      0.2656807494E-02
  0.2925248260      0.2692528161E-02
  0.2939948000      0.2759378518E-02
  0.2954647740      0.2849940538E-02
  0.2969347480      0.2959508779E-02
  0.2984047220      0.3095716965E-02
  0.2998746960      0.3249478462E-02
  0.3013446700      0.3418277866E-02
  0.3028146440      0.3593649124E-02
  0.3042846180      0.3781082717E-02
  0.3057545920      0.3981682256E-02
  0.3072245660      0.4188535745E-02
  0.3086945400      0.4395737240E-02
  0.3101645140      0.4593638863E-02
  0.3116344880      0.4784610041E-02
  0.3131044620      0.4974183947E-02
  0.3145744360      0.5179224692E-02
  0.3160444100      0.5412131556E-02
  0.3175143840      0.5659795688E-02
  0.3189843580      0.5884179832E-02
  0.3204543320      0.6049465101E-02
  0.3219243060      0.6150188665E-02
  0.3233942800      0.6211187865E-02
  0.3248642540      0.6251856568E-02
  0.3263342280      0.6258260701E-02
  0.3278042020      0.6214206530E-02
  0.3292741760      0.6121731218E-02
  0.3307441500      0.6044674166E-02
  0.3322141240      0.6034729139E-02
  0.3336840980      0.6108932402E-02
  0.3351540720      0.6244483174E-02
  0.3366240460      0.6408369949E-02
  0.3380940200      0.6595000753E-02
  0.3395639940      0.6789170185E-02
  0.3410339680      0.6982311788E-02
  0.3425039420      0.7166860641E-02
  0.3439739160      0.7352247503E-02
  0.3454438900      0.7557889215E-02
  0.3469138640      0.7808956605E-02
  0.3483838380      0.8098242692E-02
  0.3498538120      0.8388053107E-02
  0.3513237860      0.8611349730E-02
  0.3527937600      0.8694512918E-02
  0.3542637340      0.8621387823E-02
  0.3557337080      0.8379635391E-02
  0.3572036820      0.8048752589E-02
  0.3586736560      0.7698204372E-02
  0.3601436300      0.7416981932E-02
  0.3616136040      0.7217193020E-02
  0.3630835780      0.7079795722E-02
  0.3645535520      0.6979421453E-02
  0.3660235260      0.6913278497E-02
  0.3674935000      0.6872095478E-02
  0.3689634740      0.6845946091E-02
  0.3704334480      0.6826255456E-02
  0.3719034220      0.6813747992E-02
  0.3733733960      0.6808484471E-02
  0.3748433700      0.6798257572E-02
  0.3763133440      0.6797205287E-02
  0.3777833180      0.6821570566E-02
  0.3792532920      0.6889992553E-02
  0.3807232660      0.6976918276E-02
  0.3821932400      0.7060724533E-02
  0.3836632140      0.7122465300E-02
  0.3851331880      0.7173263811E-02
  0.3866031620      0.7209713037E-02
  0.3880731360      0.7226547117E-02
  0.3895431100      0.7211416472E-02
  0.3910130840      0.7182184932E-02
  0.3924830580      0.7142124955E-02
  0.3939530320      0.7121642487E-02
  0.3954230060      0.7104075282E-02
  0.3968929800      0.7109429016E-02
  0.3983629540      0.7113729718E-02
  0.3998329280      0.7133552329E-02
  0.4013029020      0.7149363357E-02
  0.4027728760      0.7179791705E-02
  0.4042428500      0.7211620418E-02
  0.4057128240      0.7260587616E-02
  0.4071827980      0.7316363576E-02
  0.4086527720      0.7389477782E-02
  0.4101227460      0.7494281472E-02
  0.4115927200      0.7668033592E-02
  0.4130626940      0.7981908409E-02
  0.4145326680      0.8520297558E-02
  0.4160026420      0.9307774270E-02
  0.4174726160      0.1026831670E-01
  0.4189425900      0.1120335941E-01
  0.4204125640      0.1195870303E-01
  0.4218825380      0.1247289415E-01
  0.4233525120      0.1284255008E-01
  0.4248224860      0.1318858396E-01
  0.4262924600      0.1359591480E-01
  0.4277624340      0.1409128952E-01
  0.4292324080      0.1465368322E-01
  0.4307023820      0.1529805020E-01
  0.4321723560      0.1600907517E-01
  0.4336423300      0.1683566428E-01
  0.4351123040      0.1780282782E-01
  0.4365822780      0.1900530644E-01
  0.4380522520      0.2044022981E-01
  0.4395222260      0.2202415749E-01
  0.4409922000      0.2345050309E-01
  0.4424621740      0.2451701291E-01
  0.4439321480      0.2513154645E-01
  0.4454021220      0.2552059809E-01
  0.4468720960      0.2581012023E-01
  0.4483420700      0.2608577207E-01
  0.4498120440      0.2628254757E-01
  0.4512820180      0.2644142803E-01
  0.4527519920      0.2667728624E-01
  0.4542219660      0.2711712153E-01
  0.4556919400      0.2779544902E-01
  0.4571619140      0.2858815885E-01
  0.4586318880      0.2936498449E-01
  0.4601018620      0.3009028372E-01
  0.4615718360      0.3086413276E-01
  0.4630418100      0.3182528364E-01
  0.4645117840      0.3315204082E-01
  0.4659817580      0.3544445908E-01
  0.4674517320      0.3941176732E-01
  0.4689217060      0.4546763189E-01
  0.4703916800      0.5258360515E-01
  0.4718616540      0.5911464848E-01
  0.4733316280      0.6347930020E-01
  0.4748016020      0.6519017219E-01
  0.4762715760      0.6433731017E-01
  0.4777415500      0.6132412908E-01
  0.4792115240      0.5700026653E-01
  0.4806814980      0.5237957269E-01
  0.4821514720      0.4833758308E-01
  0.4836214460      0.4499099069E-01
  0.4850914200      0.4223563422E-01
  0.4865613940      0.3977428738E-01
  0.4880313680      0.3752624653E-01
  0.4895013420      0.3514441891E-01
  0.4909713160      0.3278931539E-01
  0.4924412900      0.3066394061E-01
  0.4939112640      0.2928035251E-01
  0.4953812380      0.2865530295E-01
  0.4968512120      0.2867950688E-01
  0.4983211860      0.2916539739E-01
  0.4997911600      0.2996139220E-01
  0.5012611340      0.3096175266E-01
  0.5027311080      0.3201512904E-01
  0.5042010820      0.3311352018E-01
  0.5056710560      0.3420341833E-01
  0.5071410300      0.3516296837E-01
  0.5086110040      0.3577905628E-01
  0.5100809780      0.3589830187E-01
  0.5115509520      0.3562970452E-01
  0.5130209260      0.3519768767E-01
  0.5144909000      0.3482199258E-01
  0.5159608740      0.3443788254E-01
  0.5174308480      0.3388558788E-01
  0.5189008220      0.3306664201E-01
  0.5203707960      0.3202939677E-01
  0.5218407700      0.3088087054E-01
  0.5233107440      0.2962532877E-01
  0.5247807180      0.2829773972E-01
  0.5262506920      0.2688696141E-01
  0.5277206660      0.2549703831E-01
  0.5291906400      0.2417861082E-01
  0.5306606140      0.2307217900E-01
  0.5321305880      0.2222557104E-01
  0.5336005620      0.2161639027E-01
  0.5350705360      0.2105808370E-01
  0.5365405100      0.2034525272E-01
  0.5380104840      0.1941923517E-01
  0.5394804580      0.1838582544E-01
  0.5409504320      0.1742378184E-01
  0.5424204060      0.1661138601E-01
  0.5438903800      0.1594207179E-01
  0.5453603540      0.1538592087E-01
  0.5468303280      0.1492816398E-01
  0.5483003020      0.1456004181E-01
  0.5497702760      0.1419664601E-01
  0.5512402500      0.1410570576E-01
  0.5527102240      0.1397121043E-01
  0.5541801980      0.1356829482E-01
  0.5556501720      0.1162481534E-01
  0.5571201460      0.8663292212E-02
  0.5585901200      0.5297059713E-02
  0.5600600940      0.3190349189E-02
  0.5615300680      0.2203440450E-02
  0.5630000420      0.1997352847E-02
  0.5644700160      0.1884952985E-02
  0.5659399900      0.1778596477E-02
  0.5674099640      0.1677047605E-02
  0.5688799380      0.1576692296E-02
  0.5703499120      0.1475616498E-02
  0.5718198860      0.1374904761E-02
  0.5732898600      0.1272536203E-02
  0.5747598340      0.1174188548E-02
  0.5762298080      0.1077119755E-02
  0.5776997820      0.9878414126E-03
  0.5791697560      0.8910846691E-03
  0.5806397300      0.7778889102E-03
  0.5821097040      0.6331138846E-03
  0.5835796780      0.4761645322E-03
  0.5850496520      0.3291063208E-03
  0.5865196260      0.2169108331E-03
  0.5879896000      0.1388865326E-03
  0.5894595740      0.8790081777E-04
  0.5909295480      0.5326135776E-04
  0.5923995220      0.3043612255E-04
  0.5938694960      0.1585319477E-04
  0.5953394700      0.7404677109E-05
  0.5968094440      0.2871632016E-05
  0.5982794180      0.9135858689E-06
  0.5997493920      0.1996559281E-06
  0.6012193660      0.3480904385E-07
  0.6026893400      0.1954805083E-08
  0.6041593140       0.000000000    
  0.6056292880      0.2505377596E-09
  0.6070992620      0.7516132789E-09
  0.6085692360      0.1758662599E-07
  0.6100392100      0.1301817440E-06
  0.6115091840      0.5150941588E-06
  0.6129791580      0.1474284586E-05
  0.6144491320      0.3259384390E-05
  0.6159191060      0.6264906917E-05
  0.6173890800      0.1100585122E-04
  0.6188590540      0.1842652375E-04
  0.6203290280      0.2934557038E-04
  0.6217990020      0.4424119458E-04
  0.6232689760      0.6355482146E-04
  0.6247389500      0.8783742266E-04
  0.6262089240      0.1190137084E-03
  0.6276788980      0.1582073047E-03
  0.6291488720      0.2072230336E-03
  0.6306188460      0.2648493372E-03
  0.6320888200      0.3332193394E-03
  0.6335587940      0.4118019792E-03
  0.6350287680      0.5073488974E-03
  0.6364987420      0.6223272983E-03
  0.6379687160      0.7674593327E-03
  0.6394386900      0.9494426563E-03
  0.6409086640      0.1186999997E-02
  0.6423786380      0.1510512137E-02
  0.6438486120      0.1916681690E-02
  0.6453185860      0.2360623364E-02
  0.6467885600      0.2737629232E-02
  0.6482585340      0.3013600654E-02
  0.6497285080      0.3211440170E-02
  0.6511984820      0.3415708550E-02
  0.6526684560      0.3660624681E-02
  0.6541384300      0.3947647498E-02
  0.6556084040      0.4260406696E-02
  0.6570783780      0.4595730540E-02
  0.6585483520      0.4958107764E-02
  0.6600183260      0.5347520109E-02
  0.6614883000      0.5761756112E-02
  0.6629582740      0.6202279773E-02
  0.6644282480      0.6680962880E-02
  0.6658982220      0.7212597104E-02
  0.6673681960      0.7831648972E-02
  0.6688381700      0.8523931809E-02
  0.6703081440      0.9242303792E-02
  0.6717781180      0.9837089904E-02
  0.6732480920      0.1024755010E-01
  0.6747180660      0.1047088446E-01
  0.6761880400      0.1064486713E-01
  0.6776580140      0.1082314526E-01
  0.6791279880      0.1105015767E-01
  0.6805979620      0.1128783770E-01
  0.6820679360      0.1155421222E-01
  0.6835379100      0.1183925529E-01
  0.6850078840      0.1214667938E-01
  0.6864778580      0.1246699750E-01
  0.6879478320      0.1280388548E-01
  0.6894178060      0.1318838494E-01
  0.6908877800      0.1366208760E-01
  0.6923577540      0.1426207292E-01
  0.6938277280      0.1503061077E-01
  0.6952977020      0.1597434081E-01
  0.6967676760      0.1717296551E-01
  0.6982376500      0.1873859254E-01
  0.6997076240      0.2063303581E-01
  0.7011775980      0.2260137416E-01
  0.7026475720      0.2410809091E-01
  0.7041175460      0.2510212323E-01
  0.7055875200      0.2574044691E-01
  0.7070574940      0.2655301713E-01
  0.7085274680      0.2759933283E-01
  0.7099974420      0.2889132472E-01
  0.7114674160      0.3028168396E-01
  0.7129373900      0.3180669847E-01
  0.7144073640      0.3349959496E-01
  0.7158773380      0.3548610380E-01
  0.7173473120      0.3801525823E-01
  0.7188172860      0.4139520594E-01
  0.7202872600      0.4568035135E-01
  0.7217572340      0.5040311565E-01
  0.7232272080      0.5477033319E-01
  0.7246971820      0.5822695720E-01
  0.7261671560      0.6073557613E-01
  0.7276371300      0.6267591507E-01
  0.7291071040      0.6434663601E-01
  0.7305770780      0.6594969933E-01
  0.7320470520      0.6751894507E-01
  0.7335170260      0.6909827034E-01

 -0.7349870000      0.2221530359E-05
 -0.7335170260      0.2334464698E-05
 -0.7320470520      0.2475630208E-05
 -0.7305770780      0.2644470778E-05
 -0.7291071040      0.2830186518E-05
 -0.7276371300      0.3019825093E-05
 -0.7261671560      0.3213073683E-05
 -0.7246971820      0.3413019984E-05
 -0.7232272080      0.3623223380E-05
 -0.7217572340      0.3842150601E-05
 -0.7202872600      0.4072822863E-05
 -0.7188172860      0.4312500532E-05
 -0.7173473120      0.4575652938E-05
 -0.7158773380      0.4851206630E-05
 -0.7144073640      0.5142273171E-05
 -0.7129373900      0.5445913857E-05
 -0.7114674160      0.5764676795E-05
 -0.7099974420      0.6096427091E-05
 -0.7085274680      0.6433936170E-05
 -0.7070574940      0.6788388493E-05
 -0.7055875200      0.7155738467E-05
 -0.7041175460      0.7542538572E-05
 -0.7026475720      0.7948536466E-05
 -0.7011775980      0.8375219322E-05
 -0.6997076240      0.8825438398E-05
 -0.6982376500      0.9276468494E-05
 -0.6967676760      0.9749919165E-05
 -0.6952977020      0.1022620013E-04
 -0.6938277280      0.1074569577E-04
 -0.6923577540      0.1126987323E-04
 -0.6908877800      0.1182698599E-04
 -0.6894178060      0.1238116467E-04
 -0.6879478320      0.1297197153E-04
 -0.6864778580      0.1356965432E-04
 -0.6850078840      0.1417811709E-04
 -0.6835379100      0.1477425814E-04
 -0.6820679360      0.1537769854E-04
 -0.6805979620      0.1600958348E-04
 -0.6791279880      0.1667534174E-04
 -0.6776580140      0.1738040517E-04
 -0.6761880400      0.1811519428E-04
 -0.6747180660      0.1887340416E-04
 -0.6732480920      0.1966192225E-04
 -0.6717781180      0.2046275451E-04
 -0.6703081440      0.2130415127E-04
 -0.6688381700      0.2215637442E-04
 -0.6673681960      0.2304372416E-04
 -0.6658982220      0.2397048342E-04
 -0.6644282480      0.2492689968E-04
 -0.6629582740      0.2595907012E-04
 -0.6614883000      0.2697472302E-04
 -0.6600183260      0.2809060261E-04
 -0.6585483520      0.2916114958E-04
 -0.6570783780      0.3036820175E-04
 -0.6556084040      0.3148496339E-04
 -0.6541384300      0.3272051545E-04
 -0.6526684560      0.3384242678E-04
 -0.6511984820      0.3510501094E-04
 -0.6497285080      0.3634197837E-04
 -0.6482585340      0.3773737000E-04
 -0.6467885600      0.3918756249E-04
 -0.6453185860      0.4071338300E-04
 -0.6438486120      0.4231622557E-04
 -0.6423786380      0.4385946748E-04
 -0.6409086640      0.4552344529E-04
 -0.6394386900      0.4706016659E-04
 -0.6379687160      0.4881535637E-04
 -0.6364987420      0.5040871744E-04
 -0.6350287680      0.5219244018E-04
 -0.6335587940      0.5376714314E-04
 -0.6320888200      0.5552566992E-04
 -0.6306188460      0.5733310534E-04
 -0.6291488720      0.5939852974E-04
 -0.6276788980      0.6162800898E-04
 -0.6262089240      0.6386323688E-04
 -0.6247389500      0.6621341617E-04
 -0.6232689760      0.6846172697E-04
 -0.6217990020      0.7096189343E-04
 -0.6203290280      0.7337360730E-04
 -0.6188590540      0.7610602421E-04
 -0.6173890800      0.7870807228E-04
 -0.6159191060      0.8165277454E-04
 -0.6144491320      0.8452290383E-04
 -0.6129791580      0.8774828874E-04
 -0.6115091840      0.9100866325E-04
 -0.6100392100      0.9454775972E-04
 -0.6085692360      0.9828589522E-04
 -0.6070992620      0.1023286427E-03
 -0.6056292880      0.1069758500E-03
 -0.6041593140      0.1119517707E-03
 -0.6026893400      0.1174772797E-03
 -0.6012193660      0.1226725157E-03
 -0.5997493920      0.1279691904E-03
 -0.5982794180      0.1326952371E-03
 -0.5968094440      0.1377287145E-03
 -0.5953394700      0.1425150715E-03
 -0.5938694960      0.1476160582E-03
 -0.5923995220      0.1524345408E-03
 -0.5909295480      0.1574002714E-03
 -0.5894595740      0.1622032997E-03
 -0.5879896000      0.1670526732E-03
 -0.5865196260      0.1716284126E-03
 -0.5850496520      0.1762253184E-03
 -0.5835796780      0.1808721514E-03
 -0.5821097040      0.1858780766E-03
 -0.5806397300      0.1913069359E-03
 -0.5791697560      0.1972398165E-03
 -0.5776997820      0.2033266215E-03
 -0.5762298080      0.2086495441E-03
 -0.5747598340      0.2127559446E-03
 -0.5732898600      0.2155565518E-03
 -0.5718198860      0.2180352342E-03
 -0.5703499120      0.2202835636E-03
 -0.5688799380      0.2229348618E-03
 -0.5674099640      0.2254879696E-03
 -0.5659399900      0.2284929474E-03
 -0.5644700160      0.2312417855E-03
 -0.5630000420      0.2338857675E-03
 -0.5615300680      0.2360385751E-03
 -0.5600600940      0.2381579326E-03
 -0.5585901200      0.2405843048E-03
 -0.5571201460      0.2433326987E-03
 -0.5556501720      0.2463374948E-03
 -0.5541801980      0.2490369908E-03
 -0.5527102240      0.2514671595E-03
 -0.5512402500      0.2535620805E-03
 -0.5497702760      0.2555902152E-03
 -0.5483003020      0.2576642557E-03
 -0.5468303280      0.2597080534E-03
 -0.5453603540      0.2617730247E-03
 -0.5438903800      0.2637682759E-03
 -0.5424204060      0.2657873222E-03
 -0.5409504320      0.2678010016E-03
 -0.5394804580      0.2696280849E-03
 -0.5380104840      0.2713545018E-03
 -0.5365405100      0.2729663327E-03
 -0.5350705360      0.2748802949E-03
 -0.5336005620      0.2770389420E-03
 -0.5321305880      0.2794040666E-03
 -0.5306606140      0.2816964319E-03
 -0.5291906400      0.2836766868E-03
 -0.5277206660      0.2850494889E-03
 -0.5262506920      0.2853379439E-03
 -0.5247807180      0.2848532123E-03
 -0.5233107440      0.2838477503E-03
 -0.5218407700      0.2833513275E-03
 -0.5203707960      0.2828329188E-03
 -0.5189008220      0.2826337587E-03
 -0.5174308480      0.2818248231E-03
 -0.5159608740      0.2809875904E-03
 -0.5144909000      0.2799836450E-03
 -0.5130209260      0.2793246727E-03
 -0.5115509520      0.2795377549E-03
 -0.5100809780      0.2804654270E-03
 -0.5086110040      0.2825482938E-03
 -0.5071410300      0.2850740443E-03
 -0.5056710560      0.2884760009E-03
 -0.5042010820      0.2918138087E-03
 -0.5027311080      0.2929992627E-03
 -0.5012611340      0.2884417692E-03
 -0.4997911600      0.2751033439E-03
 -0.4983211860      0.2541431047E-03
 -0.4968512120      0.2291047554E-03
 -0.4953812380      0.2047391794E-03
 -0.4939112640      0.1825548001E-03
 -0.4924412900      0.1626780839E-03
 -0.4909713160      0.1446176971E-03
 -0.4895013420      0.1291169264E-03
 -0.4880313680      0.1167653535E-03
 -0.4865613940      0.1076204728E-03
 -0.4850914200      0.1007241999E-03
 -0.4836214460      0.9502883188E-04
 -0.4821514720      0.8939177386E-04
 -0.4806814980      0.8344366826E-04
 -0.4792115240      0.7759264685E-04
 -0.4777415500      0.7271625286E-04
 -0.4762715760      0.6921802849E-04
 -0.4748016020      0.6725014270E-04
 -0.4733316280      0.6651446362E-04
 -0.4718616540      0.6747093994E-04
 -0.4703916800      0.6976329156E-04
 -0.4689217060      0.7365686239E-04
 -0.4674517320      0.7863587866E-04
 -0.4659817580      0.8501819159E-04
 -0.4645117840      0.9289651857E-04
 -0.4630418100      0.1029521180E-03
 -0.4615718360      0.1156076479E-03
 -0.4601018620      0.1312941056E-03
 -0.4586318880      0.1496911244E-03
 -0.4571619140      0.1707462146E-03
 -0.4556919400      0.1943239750E-03
 -0.4542219660      0.2212546744E-03
 -0.4527519920      0.2523525032E-03
 -0.4512820180      0.2886380457E-03
 -0.4498120440      0.3308413478E-03
 -0.4483420700      0.3806842588E-03
 -0.4468720960      0.4424891070E-03
 -0.4454021220      0.5232738943E-03
 -0.4439321480      0.6268169756E-03
 -0.4424621740      0.7452103181E-03
 -0.4409922000      0.8576271308E-03
 -0.4395222260      0.9429760366E-03
 -0.4380522520      0.9954804820E-03
 -0.4365822780      0.1025608258E-02
 -0.4351123040      0.1049186438E-02
 -0.4336423300      0.1073502809E-02
 -0.4321723560      0.1099127357E-02
 -0.4307023820      0.1118394392E-02
 -0.4292324080      0.1123087129E-02
 -0.4277624340      0.1103128262E-02
 -0.4262924600      0.1058426893E-02
 -0.4248224860      0.9954076514E-03
 -0.4233525120      0.9260002675E-03
 -0.4218825380      0.8596842948E-03
 -0.4204125640      0.8023347971E-03
 -0.4189425900      0.7574129809E-03
 -0.4174726160      0.7225106410E-03
 -0.4160026420      0.6951851848E-03
 -0.4145326680      0.6711979822E-03
 -0.4130626940      0.6508200294E-03
 -0.4115927200      0.6327280186E-03
 -0.4101227460      0.6171015333E-03
 -0.4086527720      0.6027099449E-03
 -0.4071827980      0.5902203969E-03
 -0.4057128240      0.5789199967E-03
 -0.4042428500      0.5688408658E-03
 -0.4027728760      0.5590410419E-03
 -0.4013029020      0.5499620490E-03
 -0.3998329280      0.5410674159E-03
 -0.3983629540      0.5328511911E-03
 -0.3968929800      0.5248748291E-03
 -0.3954230060      0.5180078492E-03
 -0.3939530320      0.5118985161E-03
 -0.3924830580      0.5065455733E-03
 -0.3910130840      0.5011089772E-03
 -0.3895431100      0.4952284282E-03
 -0.3880731360      0.4893702028E-03
 -0.3866031620      0.4834078910E-03
 -0.3851331880      0.4780433880E-03
 -0.3836632140      0.4721027160E-03
 -0.3821932400      0.4666439836E-03
 -0.3807232660      0.4605548875E-03
 -0.3792532920      0.4551994263E-03
 -0.3777833180      0.4488932375E-03
 -0.3763133440      0.4431744219E-03
 -0.3748433700      0.4366569064E-03
 -0.3733733960      0.4309915635E-03
 -0.3719034220      0.4245038698E-03
 -0.3704334480      0.4189200796E-03
 -0.3689634740      0.4129525849E-03
 -0.3674935000      0.4083751712E-03
 -0.3660235260      0.4034886806E-03
 -0.3645535520      0.3991744625E-03
 -0.3630835780      0.3940864086E-03
 -0.3616136040      0.3894918621E-03
 -0.3601436300      0.3852643681E-03
 -0.3586736560      0.3815820938E-03
 -0.3572036820      0.3780519582E-03
 -0.3557337080      0.3744899484E-03
 -0.3542637340      0.3721487160E-03
 -0.3527937600      0.3713742586E-03
 -0.3513237860      0.3738023162E-03
 -0.3498538120      0.3801650814E-03
 -0.3483838380      0.3916704157E-03
 -0.3469138640      0.4074379404E-03
 -0.3454438900      0.4269050923E-03
 -0.3439739160      0.4512718959E-03
 -0.3425039420      0.4831619806E-03
 -0.3410339680      0.5239048239E-03
 -0.3395639940      0.5701680077E-03
 -0.3380940200      0.6178245935E-03
 -0.3366240460      0.6621898562E-03
 -0.3351540720      0.7036472059E-03
 -0.3336840980      0.7417965842E-03
 -0.3322141240      0.7796214016E-03
 -0.3307441500      0.8163206375E-03
 -0.3292741760      0.8546272940E-03
 -0.3278042020      0.8918604709E-03
 -0.3263342280      0.9261200473E-03
 -0.3248642540      0.9500230496E-03
 -0.3233942800      0.9636180243E-03
 -0.3219243060      0.9713092342E-03
 -0.3204543320      0.9808825012E-03
 -0.3189843580      0.9966344473E-03
 -0.3175143840      0.1016780214E-02
 -0.3160444100      0.1040526688E-02
 -0.3145744360      0.1065479662E-02
 -0.3131044620      0.1091752498E-02
 -0.3116344880      0.1117528076E-02
 -0.3101645140      0.1138626024E-02
 -0.3086945400      0.1152858587E-02
 -0.3072245660      0.1159698229E-02
 -0.3057545920      0.1163918526E-02
 -0.3042846180      0.1167974546E-02
 -0.3028146440      0.1171850292E-02
 -0.3013446700      0.1177519366E-02
 -0.2998746960      0.1185650409E-02
 -0.2984047220      0.1200507281E-02
 -0.2969347480      0.1218721828E-02
 -0.2954647740      0.1241963354E-02
 -0.2939948000      0.1267592317E-02
 -0.2925248260      0.1297688029E-02
 -0.2910548520      0.1328437231E-02
 -0.2895848780      0.1359595757E-02
 -0.2881149040      0.1390228440E-02
 -0.2866449300      0.1422630664E-02
 -0.2851749560      0.1455658011E-02
 -0.2837049820      0.1489398971E-02
 -0.2822350080      0.1521986872E-02
 -0.2807650340      0.1556357842E-02
 -0.2792950600      0.1591085468E-02
 -0.2778250860      0.1627906361E-02
 -0.2763551120      0.1664928497E-02
 -0.2748851380      0.1704014943E-02
 -0.2734151640      0.1746918912E-02
 -0.2719451900      0.1793957099E-02
 -0.2704752160      0.1853348495E-02
 -0.2690052420      0.1926487624E-02
 -0.2675352680      0.2020306457E-02
 -0.2660652940      0.2121176367E-02
 -0.2645953200      0.2226374833E-02
 -0.2631253460      0.2328204276E-02
 -0.2616553720      0.2431416342E-02
 -0.2601853980      0.2527137894E-02
 -0.2587154240      0.2606170872E-02
 -0.2572454500      0.2664523268E-02
 -0.2557754760      0.2715331032E-02
 -0.2543055020      0.2781249312E-02
 -0.2528355280      0.2877213840E-02
 -0.2513655540      0.3009205504E-02
 -0.2498955800      0.3175654980E-02
 -0.2484256060      0.3376703112E-02
 -0.2469556320      0.3598539978E-02
 -0.2454856580      0.3805816424E-02
 -0.2440156840      0.3952589202E-02
 -0.2425457100      0.4005574160E-02
 -0.2410757360      0.3968003208E-02
 -0.2396057620      0.3866616166E-02
 -0.2381357880      0.3745334921E-02
 -0.2366658140      0.3639003886E-02
 -0.2351958400      0.3565798252E-02
 -0.2337258660      0.3522561331E-02
 -0.2322558920      0.3495198579E-02
 -0.2307859180      0.3475709384E-02
 -0.2293159440      0.3458431524E-02
 -0.2278459700      0.3447867862E-02
 -0.2263759960      0.3448016181E-02
 -0.2249060220      0.3468861225E-02
 -0.2234360480      0.3501324386E-02
 -0.2219660740      0.3534292585E-02
 -0.2204961000      0.3546323855E-02
 -0.2190261260      0.3542465841E-02
 -0.2175561520      0.3520487785E-02
 -0.2160861780      0.3492440509E-02
 -0.2146162040      0.3455323956E-02
 -0.2131462300      0.3420207306E-02
 -0.2116762560      0.3389996062E-02
 -0.2102062820      0.3369874228E-02
 -0.2087363080      0.3356856131E-02
 -0.2072663340      0.3348284581E-02
 -0.2057963600      0.3340491187E-02
 -0.2043263860      0.3331678269E-02
 -0.2028564120      0.3320090046E-02
 -0.2013864380      0.3305974109E-02
 -0.1999164640      0.3292442767E-02
 -0.1984464900      0.3280617400E-02
 -0.1969765160      0.3270843185E-02
 -0.1955065420      0.3259524727E-02
 -0.1940365680      0.3249967360E-02
 -0.1925665940      0.3245037820E-02
 -0.1910966200      0.3249583598E-02
 -0.1896266460      0.3261418304E-02
 -0.1881566720      0.3283361498E-02
 -0.1866866980      0.3307484620E-02
 -0.1852167240      0.3329654110E-02
 -0.1837467500      0.3336270172E-02
 -0.1822767760      0.3332759908E-02
 -0.1808068020      0.3321911407E-02
 -0.1793368280      0.3312408491E-02
 -0.1778668540      0.3302156712E-02
 -0.1763968800      0.3292574104E-02
 -0.1749269060      0.3284739234E-02
 -0.1734569320      0.3278291585E-02
 -0.1719869580      0.3271863795E-02
 -0.1705169840      0.3261055689E-02
 -0.1690470100      0.3248967619E-02
 -0.1675770360      0.3233845227E-02
 -0.1661070620      0.3218234651E-02
 -0.1646370880      0.3199627869E-02
 -0.1631671140      0.3179130472E-02
 -0.1616971400      0.3159335280E-02
 -0.1602271660      0.3139334774E-02
 -0.1587571920      0.3123383273E-02
 -0.1572872180      0.3108436410E-02
 -0.1558172440      0.3098706126E-02
 -0.1543472700      0.3094712428E-02
 -0.1528772960      0.3102369040E-02
 -0.1514073220      0.3128655044E-02
 -0.1499373480      0.3172015659E-02
 -0.1484673740      0.3229757736E-02
 -0.1469974000      0.3284974856E-02
 -0.1455274260      0.3331713219E-02
 -0.1440574520      0.3359027595E-02
 -0.1425874780      0.3369876730E-02
 -0.1411175040      0.3361358935E-02
 -0.1396475300      0.3336283081E-02
 -0.1381775560      0.3293781496E-02
 -0.1367075820      0.3238778306E-02
 -0.1352376080      0.3176871191E-02
 -0.1337676340      0.3113493061E-02
 -0.1322976600      0.3051031867E-02
 -0.1308276860      0.3004737772E-02
 -0.1293577120      0.2979214107E-02
 -0.1278877380      0.2969954272E-02
 -0.1264177640      0.2927359644E-02
 -0.1249477900      0.2826573911E-02
 -0.1234778160      0.2659573234E-02
 -0.1220078420      0.2465438146E-02
 -0.1205378680      0.2268306855E-02
 -0.1190678940      0.2086471564E-02
 -0.1175979200      0.1925609299E-02
 -0.1161279460      0.1791098338E-02
 -0.1146579720      0.1683032464E-02
 -0.1131879980      0.1594419054E-02
 -0.1117180240      0.1517229716E-02
 -0.1102480500      0.1447055827E-02
 -0.1087780760      0.1381859295E-02
 -0.1073081020      0.1320172369E-02
 -0.1058381280      0.1258472853E-02
 -0.1043681540      0.1194576873E-02
 -0.1028981800      0.1130466809E-02
 -0.1014282060      0.1069361708E-02
 -0.9995823200E-01  0.1014442895E-02
 -0.9848825800E-01  0.9648635581E-03
 -0.9701828400E-01  0.9209054953E-03
 -0.9554831000E-01  0.8808994330E-03
 -0.9407833600E-01  0.8441516308E-03
 -0.9260836200E-01  0.8083783382E-03
 -0.9113838800E-01  0.7736994190E-03
 -0.8966841400E-01  0.7407085594E-03
 -0.8819844000E-01  0.7107176737E-03
 -0.8672846600E-01  0.6832542251E-03
 -0.8525849200E-01  0.6580687257E-03
 -0.8378851800E-01  0.6338208115E-03
 -0.8231854400E-01  0.6091305499E-03
 -0.8084857000E-01  0.5807934617E-03
 -0.7937859600E-01  0.5483360450E-03
 -0.7790862200E-01  0.5137562893E-03
 -0.7643864800E-01  0.4820032141E-03
 -0.7496867400E-01  0.4543887489E-03
 -0.7349870000E-01  0.4301342775E-03
 -0.7202872600E-01  0.4061770198E-03
 -0.7055875200E-01  0.3826655547E-03
 -0.6908877800E-01  0.3598460322E-03
 -0.6761880400E-01  0.3390497444E-03
 -0.6614883000E-01  0.3197367528E-03
 -0.6467885600E-01  0.3019607532E-03
 -0.6320888200E-01  0.2853195690E-03
 -0.6173890800E-01  0.2700701607E-03
 -0.6026893400E-01  0.2564792778E-03
 -0.5879896000E-01  0.2447727997E-03
 -0.5732898600E-01  0.2339546806E-03
 -0.5585901200E-01  0.2215112013E-03
 -0.5438903800E-01  0.2049781818E-03
 -0.5291906400E-01  0.1846194019E-03
 -0.5144909000E-01  0.1631158144E-03
 -0.4997911600E-01  0.1436762625E-03
 -0.4850914200E-01  0.1272173129E-03
 -0.4703916800E-01  0.1134067052E-03
 -0.4556919400E-01  0.1013337000E-03
 -0.4409922000E-01  0.9074147777E-04
 -0.4262924600E-01  0.8123571878E-04
 -0.4115927200E-01  0.7255721332E-04
 -0.3968929800E-01  0.6438272724E-04
 -0.3821932400E-01  0.5656854027E-04
 -0.3674935000E-01  0.4905239825E-04
 -0.3527937600E-01  0.4183917408E-04
 -0.3380940200E-01  0.3497600205E-04
 -0.3233942800E-01  0.2843708356E-04
 -0.3086945400E-01  0.2216594037E-04
 -0.2939948000E-01  0.1626000893E-04
 -0.2792950600E-01  0.1101949673E-04
 -0.2645953200E-01  0.6864066186E-05
 -0.2498955800E-01  0.3953396475E-05
 -0.2351958400E-01  0.2142536734E-05
 -0.2204961000E-01  0.1084194696E-05
 -0.2057963600E-01  0.5003440256E-06
 -0.1910966200E-01  0.1972989684E-06
 -0.1763968800E-01  0.6487476295E-07
 -0.1616971400E-01  0.1534055248E-07
 -0.1469974000E-01  0.2082809064E-08
 -0.1322976600E-01  0.9956606451E-10
 -0.1175979200E-01   0.000000000    
 -0.1028981800E-01   0.000000000    
 -0.8819844000E-02   0.000000000    
 -0.7349870000E-02   0.000000000    
 -0.5879896000E-02   0.000000000    
 -0.4409922000E-02   0.000000000    
 -0.2939948000E-02   0.000000000    
 -0.1469974000E-02   0.000000000    
  0.4250072516E-16   0.000000000    
  0.1469974000E-02   0.000000000    
  0.2939948000E-02   0.000000000    
  0.4409922000E-02   0.000000000    
  0.5879896000E-02   0.000000000    
  0.7349870000E-02   0.000000000    
  0.8819844000E-02   0.000000000    
  0.1028981800E-01   0.000000000    
  0.1175979200E-01   0.000000000    
  0.1322976600E-01   0.000000000    
  0.1469974000E-01   0.000000000    
  0.1616971400E-01   0.000000000    
  0.1763968800E-01   0.000000000    
  0.1910966200E-01   0.000000000    
  0.2057963600E-01   0.000000000    
  0.2204961000E-01   0.000000000    
  0.2351958400E-01   0.000000000    
  0.2498955800E-01   0.000000000    
  0.2645953200E-01   0.000000000    
  0.2792950600E-01   0.000000000    
  0.2939948000E-01   0.000000000    
  0.3086945400E-01   0.000000000    
  0.3233942800E-01   0.000000000    
  0.3380940200E-01   0.000000000    
  0.3527937600E-01   0.000000000    
  0.3674935000E-01   0.000000000    
  0.3821932400E-01   0.000000000    
  0.3968929800E-01   0.000000000    
  0.4115927200E-01   0.000000000    
  0.4262924600E-01   0.000000000    
  0.4409922000E-01   0.000000000    
  0.4556919400E-01   0.000000000    
  0.4703916800E-01   0.000000000    
  0.4850914200E-01   0.000000000    
  0.4997911600E-01   0.000000000    
  0.5144909000E-01   0.000000000    
  0.5291906400E-01   0.000000000    
  0.5438903800E-01   0.000000000    
  0.5585901200E-01   0.000000000    
  0.5732898600E-01   0.000000000    
  0.5879896000E-01   0.000000000    
  0.6026893400E-01   0.000000000    
  0.6173890800E-01   0.000000000    
  0.6320888200E-01   0.000000000    
  0.6467885600E-01   0.000000000    
  0.6614883000E-01   0.000000000    
  0.6761880400E-01   0.000000000    
  0.6908877800E-01   0.000000000    
  0.7055875200E-01   0.000000000    
  0.7202872600E-01   0.000000000    
  0.7349870000E-01   0.000000000    
  0.7496867400E-01   0.000000000    
  0.7643864800E-01   0.000000000    
  0.7790862200E-01   0.000000000    
  0.7937859600E-01   0.000000000    
  0.8084857000E-01   0.000000000    
  0.8231854400E-01   0.000000000    
  0.8378851800E-01   0.000000000    
  0.8525849200E-01   0.000000000    
  0.8672846600E-01   0.000000000    
  0.8819844000E-01   0.000000000    
  0.8966841400E-01   0.000000000    
  0.9113838800E-01   0.000000000    
  0.9260836200E-01   0.000000000    
  0.9407833600E-01   0.000000000    
  0.9554831000E-01   0.000000000    
  0.9701828400E-01   0.000000000    
  0.9848825800E-01   0.000000000    
  0.9995823200E-01   0.000000000    
  0.1014282060       0.000000000    
  0.1028981800       0.000000000    
  0.1043681540       0.000000000    
  0.1058381280       0.000000000    
  0.1073081020       0.000000000    
  0.1087780760       0.000000000    
  0.1102480500       0.000000000    
  0.1117180240       0.000000000    
  0.1131879980       0.000000000    
  0.1146579720       0.000000000    
  0.1161279460       0.000000000    
  0.1175979200       0.000000000    
  0.1190678940       0.000000000    
  0.1205378680       0.000000000    
  0.1220078420       0.000000000    
  0.1234778160       0.000000000    
  0.1249477900       0.000000000    
  0.1264177640       0.000000000    
  0.1278877380       0.000000000    
  0.1293577120       0.000000000    
  0.1308276860      0.9240476721E-19
  0.1322976600      0.8251128788E-09
  0.1337676340      0.1124313905E-07
  0.1352376080      0.6409142943E-07
  0.1367075820      0.2544177732E-06
  0.1381775560      0.7690915347E-06
  0.1396475300      0.1985142961E-05
  0.1411175040      0.4462540029E-05
  0.1425874780      0.8835723640E-05
  0.1440574520      0.1547470138E-04
  0.1455274260      0.2432011055E-04
  0.1469974000      0.3524583508E-04
  0.1484673740      0.4813360363E-04
  0.1499373480      0.6316321941E-04
  0.1514073220      0.7990807698E-04
  0.1528772960      0.9815944970E-04
  0.1543472700      0.1176466239E-03
  0.1558172440      0.1390296401E-03
  0.1572872180      0.1625869946E-03
  0.1587571920      0.1880924401E-03
  0.1602271660      0.2143983806E-03
  0.1616971400      0.2400764414E-03
  0.1631671140      0.2642346460E-03
  0.1646370880      0.2865686330E-03
  0.1661070620      0.3082564890E-03
  0.1675770360      0.3302157649E-03
  0.1690470100      0.3538276238E-03
  0.1705169840      0.3785305093E-03
  0.1719869580      0.4045874682E-03
  0.1734569320      0.4306247568E-03
  0.1749269060      0.4564609864E-03
  0.1763968800      0.4812898784E-03
  0.1778668540      0.5064438953E-03
  0.1793368280      0.5333510963E-03
  0.1808068020      0.5628726127E-03
  0.1822767760      0.5953520859E-03
  0.1837467500      0.6303755692E-03
  0.1852167240      0.6685459051E-03
  0.1866866980      0.7087996681E-03
  0.1881566720      0.7511318138E-03
  0.1896266460      0.7952191519E-03
  0.1910966200      0.8425745827E-03
  0.1925665940      0.8949578394E-03
  0.1940365680      0.9528875307E-03
  0.1955065420      0.1011598349E-02
  0.1969765160      0.1063479664E-02
  0.1984464900      0.1103739795E-02
  0.1999164640      0.1137407363E-02
  0.2013864380      0.1169894357E-02
  0.2028564120      0.1202953866E-02
  0.2043263860      0.1233546081E-02
  0.2057963600      0.1262323254E-02
  0.2072663340      0.1293147235E-02
  0.2087363080      0.1327610300E-02
  0.2102062820      0.1366429186E-02
  0.2116762560      0.1407773177E-02
  0.2131462300      0.1450823323E-02
  0.2146162040      0.1493245753E-02
  0.2160861780      0.1533944845E-02
  0.2175561520      0.1573040677E-02
  0.2190261260      0.1610920144E-02
  0.2204961000      0.1648427434E-02
  0.2219660740      0.1687364794E-02
  0.2234360480      0.1727951115E-02
  0.2249060220      0.1771136475E-02
  0.2263759960      0.1816304413E-02
  0.2278459700      0.1863833958E-02
  0.2293159440      0.1915185515E-02
  0.2307859180      0.1968358830E-02
  0.2322558920      0.2023124733E-02
  0.2337258660      0.2071909345E-02
  0.2351958400      0.2116137012E-02
  0.2366658140      0.2156259185E-02
  0.2381357880      0.2198599363E-02
  0.2396057620      0.2244262083E-02
  0.2410757360      0.2292518502E-02
  0.2425457100      0.2342793177E-02
  0.2440156840      0.2390910333E-02
  0.2454856580      0.2437811418E-02
  0.2469556320      0.2484126829E-02
  0.2484256060      0.2534470203E-02
  0.2498955800      0.2586963853E-02
  0.2513655540      0.2640933834E-02
  0.2528355280      0.2695247647E-02
  0.2543055020      0.2754211077E-02
  0.2557754760      0.2816729994E-02
  0.2572454500      0.2884001521E-02
  0.2587154240      0.2956141577E-02
  0.2601853980      0.3039990932E-02
  0.2616553720      0.3137442009E-02
  0.2631253460      0.3248196991E-02
  0.2645953200      0.3372463323E-02
  0.2660652940      0.3513811254E-02
  0.2675352680      0.3671577860E-02
  0.2690052420      0.3832243240E-02
  0.2704752160      0.3982316224E-02
  0.2719451900      0.4119286049E-02
  0.2734151640      0.4256944145E-02
  0.2748851380      0.4407087695E-02
  0.2763551120      0.4564747936E-02
  0.2778250860      0.4705310884E-02
  0.2792950600      0.4794560852E-02
  0.2807650340      0.4799075028E-02
  0.2822350080      0.4690113103E-02
  0.2837049820      0.4453253763E-02
  0.2851749560      0.4112822425E-02
  0.2866449300      0.3724612234E-02
  0.2881149040      0.3354060332E-02
  0.2895848780      0.3035811399E-02
  0.2910548520      0.2787786142E-02
  0.2925248260      0.2616624008E-02
  0.2939948000      0.2520993588E-02
  0.2954647740      0.2485926200E-02
  0.2969347480      0.2492131004E-02
  0.2984047220      0.2539513871E-02
  0.2998746960      0.2620103542E-02
  0.3013446700      0.2725914581E-02
  0.3028146440      0.2837718765E-02
  0.3042846180      0.2966115311E-02
  0.3057545920      0.3123695880E-02
  0.3072245660      0.3315466777E-02
  0.3086945400      0.3520948545E-02
  0.3101645140      0.3705578611E-02
  0.3116344880      0.3847667373E-02
  0.3131044620      0.3945010063E-02
  0.3145744360      0.4045021143E-02
  0.3160444100      0.4188308901E-02
  0.3175143840      0.4383850433E-02
  0.3189843580      0.4560170544E-02
  0.3204543320      0.4654021885E-02
  0.3219243060      0.4650929425E-02
  0.3233942800      0.4609860435E-02
  0.3248642540      0.4586572990E-02
  0.3263342280      0.4597886338E-02
  0.3278042020      0.4632807421E-02
  0.3292741760      0.4680653316E-02
  0.3307441500      0.4745809467E-02
  0.3322141240      0.4827689642E-02
  0.3336840980      0.4925528280E-02
  0.3351540720      0.5044628723E-02
  0.3366240460      0.5190147129E-02
  0.3380940200      0.5359993362E-02
  0.3395639940      0.5538789554E-02
  0.3410339680      0.5722478665E-02
  0.3425039420      0.5907175982E-02
  0.3439739160      0.6092732095E-02
  0.3454438900      0.6281402592E-02
  0.3469138640      0.6486188878E-02
  0.3483838380      0.6717707852E-02
  0.3498538120      0.6940369059E-02
  0.3513237860      0.7131125990E-02
  0.3527937600      0.7251138095E-02
  0.3542637340      0.7325254497E-02
  0.3557337080      0.7333909280E-02
  0.3572036820      0.7305039982E-02
  0.3586736560      0.7242349196E-02
  0.3601436300      0.7183752622E-02
  0.3616136040      0.7124753149E-02
  0.3630835780      0.7072570271E-02
  0.3645535520      0.7021154659E-02
  0.3660235260      0.6997666897E-02
  0.3674935000      0.6986001972E-02
  0.3689634740      0.7001084298E-02
  0.3704334480      0.7019572888E-02
  0.3719034220      0.7074056420E-02
  0.3733733960      0.7146173780E-02
  0.3748433700      0.7239100135E-02
  0.3763133440      0.7315649607E-02
  0.3777833180      0.7355903201E-02
  0.3792532920      0.7320622657E-02
  0.3807232660      0.7164033803E-02
  0.3821932400      0.6875792912E-02
  0.3836632140      0.6505918987E-02
  0.3851331880      0.6147369095E-02
  0.3866031620      0.5858497166E-02
  0.3880731360      0.5633461434E-02
  0.3895431100      0.5443491007E-02
  0.3910130840      0.5277599498E-02
  0.3924830580      0.5137426695E-02
  0.3939530320      0.5030302812E-02
  0.3954230060      0.4939208393E-02
  0.3968929800      0.4866398714E-02
  0.3983629540      0.4800149572E-02
  0.3998329280      0.4748245314E-02
  0.4013029020      0.4695391534E-02
  0.4027728760      0.4645540311E-02
  0.4042428500      0.4590151382E-02
  0.4057128240      0.4543610283E-02
  0.4071827980      0.4500561286E-02
  0.4086527720      0.4469331044E-02
  0.4101227460      0.4442448836E-02
  0.4115927200      0.4430019296E-02
  0.4130626940      0.4427943814E-02
  0.4145326680      0.4448217327E-02
  0.4160026420      0.4485629424E-02
  0.4174726160      0.4549439211E-02
  0.4189425900      0.4622973408E-02
  0.4204125640      0.4697437402E-02
  0.4218825380      0.4754419994E-02
  0.4233525120      0.4799523596E-02
  0.4248224860      0.4840857363E-02
  0.4262924600      0.4893875363E-02
  0.4277624340      0.4965052281E-02
  0.4292324080      0.5062635484E-02
  0.4307023820      0.5195016898E-02
  0.4321723560      0.5382217223E-02
  0.4336423300      0.5649095087E-02
  0.4351123040      0.6023270186E-02
  0.4365822780      0.6532817189E-02
  0.4380522520      0.7176665724E-02
  0.4395222260      0.7918773450E-02
  0.4409922000      0.8615777237E-02
  0.4424621740      0.9141800176E-02
  0.4439321480      0.9408691710E-02
  0.4454021220      0.9494625108E-02
  0.4468720960      0.9495069528E-02
  0.4483420700      0.9486650398E-02
  0.4498120440      0.9469092302E-02
  0.4512820180      0.9436928123E-02
  0.4527519920      0.9425592907E-02
  0.4542219660      0.9473343196E-02
  0.4556919400      0.9592105445E-02
  0.4571619140      0.9705491837E-02
  0.4586318880      0.9740303671E-02
  0.4601018620      0.9660286447E-02
  0.4615718360      0.9530380492E-02
  0.4630418100      0.9412537509E-02
  0.4645117840      0.9352766745E-02
  0.4659817580      0.9331182712E-02
  0.4674517320      0.9343287049E-02
  0.4689217060      0.9364846304E-02
  0.4703916800      0.9407483758E-02
  0.4718616540      0.9457223981E-02
  0.4733316280      0.9516086114E-02
  0.4748016020      0.9554126387E-02
  0.4762715760      0.9552093240E-02
  0.4777415500      0.9477171532E-02
  0.4792115240      0.9317890087E-02
  0.4806814980      0.9077941040E-02
  0.4821514720      0.8796144810E-02
  0.4836214460      0.8528841545E-02
  0.4850914200      0.8323399129E-02
  0.4865613940      0.8211330404E-02
  0.4880313680      0.8198676842E-02
  0.4895013420      0.8282114900E-02
  0.4909713160      0.8454429196E-02
  0.4924412900      0.8710537735E-02
  0.4939112640      0.9044210362E-02
  0.4953812380      0.9467445887E-02
  0.4968512120      0.1000671226E-01
  0.4983211860      0.1069580930E-01
  0.4997911600      0.1150529436E-01
  0.5012611340      0.1237536247E-01
  0.5027311080      0.1326171572E-01
  0.5042010820      0.1416867890E-01
  0.5056710560      0.1507444048E-01
  0.5071410300      0.1584351415E-01
  0.5086110040      0.1632525732E-01
  0.5100809780      0.1643551881E-01
  0.5115509520      0.1629770521E-01
  0.5130209260      0.1605083234E-01
  0.5144909000      0.1579958590E-01
  0.5159608740      0.1548022747E-01
  0.5174308480      0.1503114475E-01
  0.5189008220      0.1443681580E-01
  0.5203707960      0.1376043581E-01
  0.5218407700      0.1306113010E-01
  0.5233107440      0.1235271355E-01
  0.5247807180      0.1164569798E-01
  0.5262506920      0.1095610340E-01
  0.5277206660      0.1031867836E-01
  0.5291906400      0.9750731379E-02
  0.5306606140      0.9257761561E-02
  0.5321305880      0.8836498078E-02
  0.5336005620      0.8473133555E-02
  0.5350705360      0.8151569645E-02
  0.5365405100      0.7852122365E-02
  0.5380104840      0.7562733762E-02
  0.5394804580      0.7286044738E-02
  0.5409504320      0.7020303401E-02
  0.5424204060      0.6776774160E-02
  0.5438903800      0.6545243240E-02
  0.5453603540      0.6333050277E-02
  0.5468303280      0.6115810254E-02
  0.5483003020      0.5894794815E-02
  0.5497702760      0.5643792603E-02
  0.5512402500      0.5394324576E-02
  0.5527102240      0.5128367423E-02
  0.5541801980      0.4865826613E-02
  0.5556501720      0.4567385329E-02
  0.5571201460      0.4270903078E-02
  0.5585901200      0.4007911538E-02
  0.5600600940      0.3815571518E-02
  0.5615300680      0.3687481115E-02
  0.5630000420      0.3574719589E-02
  0.5644700160      0.3468525288E-02
  0.5659399900      0.3350208711E-02
  0.5674099640      0.3235001656E-02
  0.5688799380      0.3121219864E-02
  0.5703499120      0.3006236804E-02
  0.5718198860      0.2907069240E-02
  0.5732898600      0.2811707158E-02
  0.5747598340      0.2766262078E-02
  0.5762298080      0.2751022560E-02
  0.5776997820      0.2776605853E-02
  0.5791697560      0.2725049725E-02
  0.5806397300      0.2544804599E-02
  0.5821097040      0.2184726088E-02
  0.5835796780      0.1745365553E-02
  0.5850496520      0.1309915572E-02
  0.5865196260      0.9585432202E-03
  0.5879896000      0.6892781871E-03
  0.5894595740      0.4891218962E-03
  0.5909295480      0.3356109719E-03
  0.5923995220      0.2202450723E-03
  0.5938694960      0.1342239145E-03
  0.5953394700      0.7483825767E-04
  0.5968094440      0.3607257570E-04
  0.5982794180      0.1490558241E-04
  0.5997493920      0.4652910389E-05
  0.6012193660      0.1094539489E-05
  0.6026893400      0.8926058200E-07
  0.6041593140       0.000000000    
  0.6056292880      0.4987149283E-09
  0.6070992620      0.1496144785E-08
  0.6085692360      0.8918807687E-08
  0.6100392100      0.4481372665E-07
  0.6115091840      0.1577093982E-06
  0.6129791580      0.4226683564E-06
  0.6144491320      0.8934105724E-06
  0.6159191060      0.1639411945E-05
  0.6173890800      0.2768084542E-05
  0.6188590540      0.4499300364E-05
  0.6203290280      0.7019183672E-05
  0.6217990020      0.1041305336E-04
  0.6232689760      0.1470159633E-04
  0.6247389500      0.1994964189E-04
  0.6262089240      0.2648672507E-04
  0.6276788980      0.3455176577E-04
  0.6291488720      0.4456121190E-04
  0.6306188460      0.5630347603E-04
  0.6320888200      0.7016186171E-04
  0.6335587940      0.8572653646E-04
  0.6350287680      0.1041821256E-03
  0.6364987420      0.1258391189E-03
  0.6379687160      0.1530149938E-03
  0.6394386900      0.1868970653E-03
  0.6409086640      0.2302402483E-03
  0.6423786380      0.2873546952E-03
  0.6438486120      0.3584538025E-03
  0.6453185860      0.4377447066E-03
  0.6467885600      0.5089204467E-03
  0.6482585340      0.5633027704E-03
  0.6497285080      0.6016941463E-03
  0.6511984820      0.6358439304E-03
  0.6526684560      0.6737792441E-03
  0.6541384300      0.7172956315E-03
  0.6556084040      0.7651746813E-03
  0.6570783780      0.8154497505E-03
  0.6585483520      0.8682772926E-03
  0.6600183260      0.9227288743E-03
  0.6614883000      0.9791852239E-03
  0.6629582740      0.1037242435E-02
  0.6644282480      0.1098718578E-02
  0.6658982220      0.1164939642E-02
  0.6673681960      0.1241311585E-02
  0.6688381700      0.1325007106E-02
  0.6703081440      0.1409886438E-02
  0.6717781180      0.1474728432E-02
  0.6732480920      0.1512711623E-02
  0.6747180660      0.1523376639E-02
  0.6761880400      0.1526563027E-02
  0.6776580140      0.1529335816E-02
  0.6791279880      0.1538057220E-02
  0.6805979620      0.1546686822E-02
  0.6820679360      0.1557743452E-02
  0.6835379100      0.1569998640E-02
  0.6850078840      0.1584952361E-02
  0.6864778580      0.1599931452E-02
  0.6879478320      0.1613133014E-02
  0.6894178060      0.1624518772E-02
  0.6908877800      0.1635257671E-02
  0.6923577540      0.1645593643E-02
  0.6938277280      0.1656233420E-02
  0.6952977020      0.1664970913E-02
  0.6967676760      0.1673406297E-02
  0.6982376500      0.1679582229E-02
  0.6997076240      0.1684759495E-02
  0.7011775980      0.1688533871E-02
  0.7026475720      0.1691288551E-02
  0.7041175460      0.1696284779E-02
  0.7055875200      0.1702104781E-02
  0.7070574940      0.1712154805E-02
  0.7085274680      0.1720987365E-02
  0.7099974420      0.1731466454E-02
  0.7114674160      0.1740406607E-02
  0.7129373900      0.1753538918E-02
  0.7144073640      0.1770247467E-02
  0.7158773380      0.1793550598E-02
  0.7173473120      0.1821591397E-02
  0.7188172860      0.1858313394E-02
  0.7202872600      0.1907023680E-02
  0.7217572340      0.1971416265E-02
  0.7232272080      0.2047028607E-02
  0.7246971820      0.2128159604E-02
  0.7261671560      0.2213056896E-02
  0.7276371300      0.2306725926E-02
  0.7291071040      0.2416268769E-02
  0.7305770780      0.2543893567E-02
  0.7320470520      0.2688236845E-02
  0.7335170260      0.2842211037E-02

 -0.7349870000      0.2089994742E-05
 -0.7335170260      0.2214292595E-05
 -0.7320470520      0.2361957584E-05
 -0.7305770780      0.2532076077E-05
 -0.7291071040      0.2716034022E-05
 -0.7276371300      0.2900106920E-05
 -0.7261671560      0.3083875495E-05
 -0.7246971820      0.3265450834E-05
 -0.7232272080      0.3451684457E-05
 -0.7217572340      0.3642741425E-05
 -0.7202872600      0.3847320396E-05
 -0.7188172860      0.4065546422E-05
 -0.7173473120      0.4308797614E-05
 -0.7158773380      0.4566534764E-05
 -0.7144073640      0.4841426355E-05
 -0.7129373900      0.5131161143E-05
 -0.7114674160      0.5440168307E-05
 -0.7099974420      0.5762310761E-05
 -0.7085274680      0.6092762313E-05
 -0.7070574940      0.6440241959E-05
 -0.7055875200      0.6802281400E-05
 -0.7041175460      0.7186040911E-05
 -0.7026475720      0.7589153154E-05
 -0.7011775980      0.8015257622E-05
 -0.6997076240      0.8462785557E-05
 -0.6982376500      0.8917819496E-05
 -0.6967676760      0.9388964059E-05
 -0.6952977020      0.9868308227E-05
 -0.6938277280      0.1038517960E-04
 -0.6923577540      0.1091725975E-04
 -0.6908877800      0.1148082986E-04
 -0.6894178060      0.1204021215E-04
 -0.6879478320      0.1263068722E-04
 -0.6864778580      0.1321526261E-04
 -0.6850078840      0.1378904525E-04
 -0.6835379100      0.1432630512E-04
 -0.6820679360      0.1486616645E-04
 -0.6805979620      0.1543795344E-04
 -0.6791279880      0.1606960887E-04
 -0.6776580140      0.1672427910E-04
 -0.6761880400      0.1743596571E-04
 -0.6747180660      0.1813195909E-04
 -0.6732480920      0.1890460924E-04
 -0.6717781180      0.1964713490E-04
 -0.6703081440      0.2048249126E-04
 -0.6688381700      0.2127951943E-04
 -0.6673681960      0.2215348405E-04
 -0.6658982220      0.2302404913E-04
 -0.6644282480      0.2397413766E-04
 -0.6629582740      0.2498571100E-04
 -0.6614883000      0.2601645385E-04
 -0.6600183260      0.2711904590E-04
 -0.6585483520      0.2818120492E-04
 -0.6570783780      0.2937347442E-04
 -0.6556084040      0.3049171306E-04
 -0.6541384300      0.3172952463E-04
 -0.6526684560      0.3285162478E-04
 -0.6511984820      0.3411016453E-04
 -0.6497285080      0.3534373762E-04
 -0.6482585340      0.3674128868E-04
 -0.6467885600      0.3818504279E-04
 -0.6453185860      0.3971523038E-04
 -0.6438486120      0.4129918686E-04
 -0.6423786380      0.4285043541E-04
 -0.6409086640      0.4446363545E-04
 -0.6394386900      0.4598567792E-04
 -0.6379687160      0.4766126634E-04
 -0.6364987420      0.4925041690E-04
 -0.6350287680      0.5094279307E-04
 -0.6335587940      0.5245183816E-04
 -0.6320888200      0.5406631916E-04
 -0.6306188460      0.5576744853E-04
 -0.6291488720      0.5771515848E-04
 -0.6276788980      0.5980241410E-04
 -0.6262089240      0.6192674782E-04
 -0.6247389500      0.6415112507E-04
 -0.6232689760      0.6637266506E-04
 -0.6217990020      0.6877716058E-04
 -0.6203290280      0.7113672773E-04
 -0.6188590540      0.7374531707E-04
 -0.6173890800      0.7627369418E-04
 -0.6159191060      0.7912159804E-04
 -0.6144491320      0.8189610626E-04
 -0.6129791580      0.8506399976E-04
 -0.6115091840      0.8820915942E-04
 -0.6100392100      0.9169300712E-04
 -0.6085692360      0.9522656661E-04
 -0.6070992620      0.9915306156E-04
 -0.6056292880      0.1035220850E-03
 -0.6041593140      0.1082812388E-03
 -0.6026893400      0.1133876014E-03
 -0.6012193660      0.1181529957E-03
 -0.5997493920      0.1229474803E-03
 -0.5982794180      0.1271965984E-03
 -0.5968094440      0.1318840449E-03
 -0.5953394700      0.1363281585E-03
 -0.5938694960      0.1414398310E-03
 -0.5923995220      0.1462487887E-03
 -0.5909295480      0.1515439648E-03
 -0.5894595740      0.1564201483E-03
 -0.5879896000      0.1616207990E-03
 -0.5865196260      0.1663890558E-03
 -0.5850496520      0.1715334085E-03
 -0.5835796780      0.1766915522E-03
 -0.5821097040      0.1827325831E-03
 -0.5806397300      0.1895355982E-03
 -0.5791697560      0.1972251045E-03
 -0.5776997820      0.2046645204E-03
 -0.5762298080      0.2104992544E-03
 -0.5747598340      0.2143151025E-03
 -0.5732898600      0.2162941040E-03
 -0.5718198860      0.2180365196E-03
 -0.5703499120      0.2194120670E-03
 -0.5688799380      0.2214674738E-03
 -0.5674099640      0.2232521607E-03
 -0.5659399900      0.2257663804E-03
 -0.5644700160      0.2279743918E-03
 -0.5630000420      0.2305012369E-03
 -0.5615300680      0.2327053569E-03
 -0.5600600940      0.2350565347E-03
 -0.5585901200      0.2375223942E-03
 -0.5571201460      0.2401460420E-03
 -0.5556501720      0.2429827995E-03
 -0.5541801980      0.2456595639E-03
 -0.5527102240      0.2482586455E-03
 -0.5512402500      0.2506178905E-03
 -0.5497702760      0.2529469002E-03
 -0.5483003020      0.2553497142E-03
 -0.5468303280      0.2577135601E-03
 -0.5453603540      0.2602091954E-03
 -0.5438903800      0.2625281221E-03
 -0.5424204060      0.2651997235E-03
 -0.5409504320      0.2677678817E-03
 -0.5394804580      0.2706044167E-03
 -0.5380104840      0.2730088573E-03
 -0.5365405100      0.2757529336E-03
 -0.5350705360      0.2786696370E-03
 -0.5336005620      0.2822943426E-03
 -0.5321305880      0.2856518830E-03
 -0.5306606140      0.2886047882E-03
 -0.5291906400      0.2905461565E-03
 -0.5277206660      0.2915798792E-03
 -0.5262506920      0.2912690102E-03
 -0.5247807180      0.2899635658E-03
 -0.5233107440      0.2880640401E-03
 -0.5218407700      0.2864935199E-03
 -0.5203707960      0.2851680363E-03
 -0.5189008220      0.2843110571E-03
 -0.5174308480      0.2832379825E-03
 -0.5159608740      0.2820792502E-03
 -0.5144909000      0.2807468543E-03
 -0.5130209260      0.2797863843E-03
 -0.5115509520      0.2798619303E-03
 -0.5100809780      0.2809356079E-03
 -0.5086110040      0.2833461899E-03
 -0.5071410300      0.2866131763E-03
 -0.5056710560      0.2911092355E-03
 -0.5042010820      0.2961313907E-03
 -0.5027311080      0.2994428246E-03
 -0.5012611340      0.2971270627E-03
 -0.4997911600      0.2853383223E-03
 -0.4983211860      0.2648302208E-03
 -0.4968512120      0.2393961719E-03
 -0.4953812380      0.2144546650E-03
 -0.4939112640      0.1919045219E-03
 -0.4924412900      0.1716256099E-03
 -0.4909713160      0.1527488127E-03
 -0.4895013420      0.1358172179E-03
 -0.4880313680      0.1217820045E-03
 -0.4865613940      0.1111322360E-03
 -0.4850914200      0.1031343557E-03
 -0.4836214460      0.9670723920E-04
 -0.4821514720      0.9053788938E-04
 -0.4806814980      0.8422379307E-04
 -0.4792115240      0.7798818069E-04
 -0.4777415500      0.7270352027E-04
 -0.4762715760      0.6874160418E-04
 -0.4748016020      0.6644411705E-04
 -0.4733316280      0.6546180739E-04
 -0.4718616540      0.6625296628E-04
 -0.4703916800      0.6831705516E-04
 -0.4689217060      0.7205077926E-04
 -0.4674517320      0.7688483106E-04
 -0.4659817580      0.8316882184E-04
 -0.4645117840      0.9091887378E-04
 -0.4630418100      0.1012656059E-03
 -0.4615718360      0.1151551932E-03
 -0.4601018620      0.1333189376E-03
 -0.4586318880      0.1546362323E-03
 -0.4571619140      0.1779847171E-03
 -0.4556919400      0.2025162208E-03
 -0.4542219660      0.2294026038E-03
 -0.4527519920      0.2601789026E-03
 -0.4512820180      0.2964183886E-03
 -0.4498120440      0.3393705742E-03
 -0.4483420700      0.3908780815E-03
 -0.4468720960      0.4561213558E-03
 -0.4454021220      0.5423304094E-03
 -0.4439321480      0.6534336863E-03
 -0.4424621740      0.7779967747E-03
 -0.4409922000      0.8907649526E-03
 -0.4395222260      0.9662863045E-03
 -0.4380522520      0.1000553980E-02
 -0.4365822780      0.1009367040E-02
 -0.4351123040      0.1015391623E-02
 -0.4336423300      0.1029764832E-02
 -0.4321723560      0.1054772678E-02
 -0.4307023820      0.1082255835E-02
 -0.4292324080      0.1101025131E-02
 -0.4277624340      0.1095134511E-02
 -0.4262924600      0.1059450124E-02
 -0.4248224860      0.9986350206E-03
 -0.4233525120      0.9274679188E-03
 -0.4218825380      0.8584616011E-03
 -0.4204125640      0.7995649917E-03
 -0.4189425900      0.7541279351E-03
 -0.4174726160      0.7192824821E-03
 -0.4160026420      0.6923330689E-03
 -0.4145326680      0.6686490103E-03
 -0.4130626940      0.6487906835E-03
 -0.4115927200      0.6310667068E-03
 -0.4101227460      0.6158079597E-03
 -0.4086527720      0.6015094507E-03
 -0.4071827980      0.5889453496E-03
 -0.4057128240      0.5778105416E-03
 -0.4042428500      0.5679785153E-03
 -0.4027728760      0.5587240652E-03
 -0.4013029020      0.5498120743E-03
 -0.3998329280      0.5410319578E-03
 -0.3983629540      0.5327640469E-03
 -0.3968929800      0.5252993388E-03
 -0.3954230060      0.5192461472E-03
 -0.3939530320      0.5142690169E-03
 -0.3924830580      0.5096471056E-03
 -0.3910130840      0.5048844966E-03
 -0.3895431100      0.4993198502E-03
 -0.3880731360      0.4938263783E-03
 -0.3866031620      0.4878907335E-03
 -0.3851331880      0.4826174843E-03
 -0.3836632140      0.4766091833E-03
 -0.3821932400      0.4709230694E-03
 -0.3807232660      0.4640121177E-03
 -0.3792532920      0.4574870502E-03
 -0.3777833180      0.4500391697E-03
 -0.3763133440      0.4436856435E-03
 -0.3748433700      0.4369454386E-03
 -0.3733733960      0.4312421261E-03
 -0.3719034220      0.4247098124E-03
 -0.3704334480      0.4189966489E-03
 -0.3689634740      0.4128404401E-03
 -0.3674935000      0.4078862627E-03
 -0.3660235260      0.4026656293E-03
 -0.3645535520      0.3980631938E-03
 -0.3630835780      0.3930644608E-03
 -0.3616136040      0.3886753414E-03
 -0.3601436300      0.3848046941E-03
 -0.3586736560      0.3813838381E-03
 -0.3572036820      0.3781234481E-03
 -0.3557337080      0.3748487989E-03
 -0.3542637340      0.3727625785E-03
 -0.3527937600      0.3725400266E-03
 -0.3513237860      0.3760814244E-03
 -0.3498538120      0.3844667696E-03
 -0.3483838380      0.3982282330E-03
 -0.3469138640      0.4155393076E-03
 -0.3454438900      0.4352068449E-03
 -0.3439739160      0.4585560353E-03
 -0.3425039420      0.4891098838E-03
 -0.3410339680      0.5284938964E-03
 -0.3395639940      0.5734986440E-03
 -0.3380940200      0.6191292205E-03
 -0.3366240460      0.6605409961E-03
 -0.3351540720      0.6981787296E-03
 -0.3336840980      0.7324156629E-03
 -0.3322141240      0.7667679570E-03
 -0.3307441500      0.8009285454E-03
 -0.3292741760      0.8381701277E-03
 -0.3278042020      0.8758655851E-03
 -0.3263342280      0.9118559145E-03
 -0.3248642540      0.9376146255E-03
 -0.3233942800      0.9528976786E-03
 -0.3219243060      0.9614410149E-03
 -0.3204543320      0.9723022598E-03
 -0.3189843580      0.9892680452E-03
 -0.3175143840      0.1011844290E-02
 -0.3160444100      0.1037755164E-02
 -0.3145744360      0.1065889550E-02
 -0.3131044620      0.1095526627E-02
 -0.3116344880      0.1125361819E-02
 -0.3101645140      0.1149425478E-02
 -0.3086945400      0.1164150798E-02
 -0.3072245660      0.1169068522E-02
 -0.3057545920      0.1170090547E-02
 -0.3042846180      0.1171472555E-02
 -0.3028146440      0.1173114700E-02
 -0.3013446700      0.1176789346E-02
 -0.2998746960      0.1182858658E-02
 -0.2984047220      0.1196142790E-02
 -0.2969347480      0.1213312547E-02
 -0.2954647740      0.1236338921E-02
 -0.2939948000      0.1261848004E-02
 -0.2925248260      0.1292007949E-02
 -0.2910548520      0.1322183511E-02
 -0.2895848780      0.1352911820E-02
 -0.2881149040      0.1382532177E-02
 -0.2866449300      0.1413909727E-02
 -0.2851749560      0.1444828304E-02
 -0.2837049820      0.1476597539E-02
 -0.2822350080      0.1506848855E-02
 -0.2807650340      0.1539397932E-02
 -0.2792950600      0.1571443975E-02
 -0.2778250860      0.1605645991E-02
 -0.2763551120      0.1639547588E-02
 -0.2748851380      0.1676796252E-02
 -0.2734151640      0.1717898310E-02
 -0.2719451900      0.1764232760E-02
 -0.2704752160      0.1823253256E-02
 -0.2690052420      0.1897941836E-02
 -0.2675352680      0.1994494659E-02
 -0.2660652940      0.2097962636E-02
 -0.2645953200      0.2204991467E-02
 -0.2631253460      0.2307306342E-02
 -0.2616553720      0.2411699735E-02
 -0.2601853980      0.2507990640E-02
 -0.2587154240      0.2588007869E-02
 -0.2572454500      0.2646855979E-02
 -0.2557754760      0.2698656850E-02
 -0.2543055020      0.2765110339E-02
 -0.2528355280      0.2860147332E-02
 -0.2513655540      0.2990258147E-02
 -0.2498955800      0.3157181074E-02
 -0.2484256060      0.3364090714E-02
 -0.2469556320      0.3597261280E-02
 -0.2454856580      0.3812436695E-02
 -0.2440156840      0.3957772275E-02
 -0.2425457100      0.3998556010E-02
 -0.2410757360      0.3950070669E-02
 -0.2396057620      0.3847047658E-02
 -0.2381357880      0.3736165547E-02
 -0.2366658140      0.3645558151E-02
 -0.2351958400      0.3588894819E-02
 -0.2337258660      0.3560708453E-02
 -0.2322558920      0.3546096865E-02
 -0.2307859180      0.3536265363E-02
 -0.2293159440      0.3525908287E-02
 -0.2278459700      0.3520068663E-02
 -0.2263759960      0.3520021883E-02
 -0.2249060220      0.3529935509E-02
 -0.2234360480      0.3540073007E-02
 -0.2219660740      0.3545130252E-02
 -0.2204961000      0.3533728313E-02
 -0.2190261260      0.3516001637E-02
 -0.2175561520      0.3491083857E-02
 -0.2160861780      0.3469602784E-02
 -0.2146162040      0.3446008076E-02
 -0.2131462300      0.3425657624E-02
 -0.2116762560      0.3407136700E-02
 -0.2102062820      0.3392852574E-02
 -0.2087363080      0.3383360490E-02
 -0.2072663340      0.3377196017E-02
 -0.2057963600      0.3373209988E-02
 -0.2043263860      0.3367823077E-02
 -0.2028564120      0.3359902067E-02
 -0.2013864380      0.3348682377E-02
 -0.1999164640      0.3338386009E-02
 -0.1984464900      0.3329045485E-02
 -0.1969765160      0.3322070247E-02
 -0.1955065420      0.3312524074E-02
 -0.1940365680      0.3303953533E-02
 -0.1925665940      0.3297498233E-02
 -0.1910966200      0.3296762461E-02
 -0.1896266460      0.3299396047E-02
 -0.1881566720      0.3306389165E-02
 -0.1866866980      0.3313498780E-02
 -0.1852167240      0.3319577003E-02
 -0.1837467500      0.3318064747E-02
 -0.1822767760      0.3312978599E-02
 -0.1808068020      0.3304032789E-02
 -0.1793368280      0.3295310672E-02
 -0.1778668540      0.3285043555E-02
 -0.1763968800      0.3275943811E-02
 -0.1749269060      0.3268683744E-02
 -0.1734569320      0.3262688662E-02
 -0.1719869580      0.3256172078E-02
 -0.1705169840      0.3246573363E-02
 -0.1690470100      0.3236925603E-02
 -0.1675770360      0.3225506639E-02
 -0.1661070620      0.3213978159E-02
 -0.1646370880      0.3198886796E-02
 -0.1631671140      0.3181591458E-02
 -0.1616971400      0.3165053362E-02
 -0.1602271660      0.3149595069E-02
 -0.1587571920      0.3138672111E-02
 -0.1572872180      0.3127053039E-02
 -0.1558172440      0.3118009273E-02
 -0.1543472700      0.3110944735E-02
 -0.1528772960      0.3112587091E-02
 -0.1514073220      0.3128464083E-02
 -0.1499373480      0.3159472246E-02
 -0.1484673740      0.3203831282E-02
 -0.1469974000      0.3246066881E-02
 -0.1455274260      0.3278167356E-02
 -0.1440574520      0.3289158968E-02
 -0.1425874780      0.3282984270E-02
 -0.1411175040      0.3258757458E-02
 -0.1396475300      0.3221580226E-02
 -0.1381775560      0.3173509941E-02
 -0.1367075820      0.3121007258E-02
 -0.1352376080      0.3067665856E-02
 -0.1337676340      0.3014836218E-02
 -0.1322976600      0.2962911038E-02
 -0.1308276860      0.2927653978E-02
 -0.1293577120      0.2916880884E-02
 -0.1278877380      0.2927569549E-02
 -0.1264177640      0.2910604204E-02
 -0.1249477900      0.2834813606E-02
 -0.1234778160      0.2686102004E-02
 -0.1220078420      0.2497921746E-02
 -0.1205378680      0.2296078694E-02
 -0.1190678940      0.2102836993E-02
 -0.1175979200      0.1929688290E-02
 -0.1161279460      0.1787182983E-02
 -0.1146579720      0.1677867608E-02
 -0.1131879980      0.1594556155E-02
 -0.1117180240      0.1526675876E-02
 -0.1102480500      0.1467779040E-02
 -0.1087780760      0.1414466908E-02
 -0.1073081020      0.1363449930E-02
 -0.1058381280      0.1308385216E-02
 -0.1043681540      0.1244052721E-02
 -0.1028981800      0.1171357749E-02
 -0.1014282060      0.1097328199E-02
 -0.9995823200E-01  0.1030117672E-02
 -0.9848825800E-01  0.9730702657E-03
 -0.9701828400E-01  0.9257974081E-03
 -0.9554831000E-01  0.8852938666E-03
 -0.9407833600E-01  0.8494068842E-03
 -0.9260836200E-01  0.8155454106E-03
 -0.9113838800E-01  0.7832278856E-03
 -0.8966841400E-01  0.7526676175E-03
 -0.8819844000E-01  0.7250607776E-03
 -0.8672846600E-01  0.7007826983E-03
 -0.8525849200E-01  0.6805122533E-03
 -0.8378851800E-01  0.6630664456E-03
 -0.8231854400E-01  0.6445821657E-03
 -0.8084857000E-01  0.6179069684E-03
 -0.7937859600E-01  0.5806354590E-03
 -0.7790862200E-01  0.5371203995E-03
 -0.7643864800E-01  0.4969389819E-03
 -0.7496867400E-01  0.4644439225E-03
 -0.7349870000E-01  0.4384954605E-03
 -0.7202872600E-01  0.4144256919E-03
 -0.7055875200E-01  0.3908893769E-03
 -0.6908877800E-01  0.3678930815E-03
 -0.6761880400E-01  0.3468003170E-03
 -0.6614883000E-01  0.3274352360E-03
 -0.6467885600E-01  0.3100528281E-03
 -0.6320888200E-01  0.2943029784E-03
 -0.6173890800E-01  0.2804037534E-03
 -0.6026893400E-01  0.2685242708E-03
 -0.5879896000E-01  0.2593062240E-03
 -0.5732898600E-01  0.2514368210E-03
 -0.5585901200E-01  0.2415376061E-03
 -0.5438903800E-01  0.2250076060E-03
 -0.5291906400E-01  0.2018503980E-03
 -0.5144909000E-01  0.1758394419E-03
 -0.4997911600E-01  0.1526314354E-03
 -0.4850914200E-01  0.1339604009E-03
 -0.4703916800E-01  0.1192606155E-03
 -0.4556919400E-01  0.1068369052E-03
 -0.4409922000E-01  0.9605018163E-04
 -0.4262924600E-01  0.8640140070E-04
 -0.4115927200E-01  0.7758201701E-04
 -0.3968929800E-01  0.6934961313E-04
 -0.3821932400E-01  0.6164175853E-04
 -0.3674935000E-01  0.5440366431E-04
 -0.3527937600E-01  0.4745561054E-04
 -0.3380940200E-01  0.4058245675E-04
 -0.3233942800E-01  0.3359546033E-04
 -0.3086945400E-01  0.2650071827E-04
 -0.2939948000E-01  0.1957535452E-04
 -0.2792950600E-01  0.1333395221E-04
 -0.2645953200E-01  0.8307648771E-05
 -0.2498955800E-01  0.4760294629E-05
 -0.2351958400E-01  0.2533180271E-05
 -0.2204961000E-01  0.1253605138E-05
 -0.2057963600E-01  0.5603286103E-06
 -0.1910966200E-01  0.2131626143E-06
 -0.1763968800E-01  0.6660740152E-07
 -0.1616971400E-01  0.1436429397E-07
 -0.1469974000E-01  0.1954161982E-08
 -0.1322976600E-01  0.8202338654E-10
 -0.1175979200E-01   0.000000000    
 -0.1028981800E-01   0.000000000    
 -0.8819844000E-02   0.000000000    
 -0.7349870000E-02   0.000000000    
 -0.5879896000E-02   0.000000000    
 -0.4409922000E-02   0.000000000    
 -0.2939948000E-02   0.000000000    
 -0.1469974000E-02   0.000000000    
  0.4250072516E-16   0.000000000    
  0.1469974000E-02   0.000000000    
  0.2939948000E-02   0.000000000    
  0.4409922000E-02   0.000000000    
  0.5879896000E-02   0.000000000    
  0.7349870000E-02   0.000000000    
  0.8819844000E-02   0.000000000    
  0.1028981800E-01   0.000000000    
  0.1175979200E-01   0.000000000    
  0.1322976600E-01   0.000000000    
  0.1469974000E-01   0.000000000    
  0.1616971400E-01   0.000000000    
  0.1763968800E-01   0.000000000    
  0.1910966200E-01   0.000000000    
  0.2057963600E-01   0.000000000    
  0.2204961000E-01   0.000000000    
  0.2351958400E-01   0.000000000    
  0.2498955800E-01   0.000000000    
  0.2645953200E-01   0.000000000    
  0.2792950600E-01   0.000000000    
  0.2939948000E-01   0.000000000    
  0.3086945400E-01   0.000000000    
  0.3233942800E-01   0.000000000    
  0.3380940200E-01   0.000000000    
  0.3527937600E-01   0.000000000    
  0.3674935000E-01   0.000000000    
  0.3821932400E-01   0.000000000    
  0.3968929800E-01   0.000000000    
  0.4115927200E-01   0.000000000    
  0.4262924600E-01   0.000000000    
  0.4409922000E-01   0.000000000    
  0.4556919400E-01   0.000000000    
  0.4703916800E-01   0.000000000    
  0.4850914200E-01   0.000000000    
  0.4997911600E-01   0.000000000    
  0.5144909000E-01   0.000000000    
  0.5291906400E-01   0.000000000    
  0.5438903800E-01   0.000000000    
  0.5585901200E-01   0.000000000    
  0.5732898600E-01   0.000000000    
  0.5879896000E-01   0.000000000    
  0.6026893400E-01   0.000000000    
  0.6173890800E-01   0.000000000    
  0.6320888200E-01   0.000000000    
  0.6467885600E-01   0.000000000    
  0.6614883000E-01   0.000000000    
  0.6761880400E-01   0.000000000    
  0.6908877800E-01   0.000000000    
  0.7055875200E-01   0.000000000    
  0.7202872600E-01   0.000000000    
  0.7349870000E-01   0.000000000    
  0.7496867400E-01   0.000000000    
  0.7643864800E-01   0.000000000    
  0.7790862200E-01   0.000000000    
  0.7937859600E-01   0.000000000    
  0.8084857000E-01   0.000000000    
  0.8231854400E-01   0.000000000    
  0.8378851800E-01   0.000000000    
  0.8525849200E-01   0.000000000    
  0.8672846600E-01   0.000000000    
  0.8819844000E-01   0.000000000    
  0.8966841400E-01   0.000000000    
  0.9113838800E-01   0.000000000    
  0.9260836200E-01   0.000000000    
  0.9407833600E-01   0.000000000    
  0.9554831000E-01   0.000000000    
  0.9701828400E-01   0.000000000    
  0.9848825800E-01   0.000000000    
  0.9995823200E-01   0.000000000    
  0.1014282060       0.000000000    
  0.1028981800       0.000000000    
  0.1043681540       0.000000000    
  0.1058381280       0.000000000    
  0.1073081020       0.000000000    
  0.1087780760       0.000000000    
  0.1102480500       0.000000000    
  0.1117180240       0.000000000    
  0.1131879980       0.000000000    
  0.1146579720       0.000000000    
  0.1161279460       0.000000000    
  0.1175979200       0.000000000    
  0.1190678940       0.000000000    
  0.1205378680       0.000000000    
  0.1220078420       0.000000000    
  0.1234778160       0.000000000    
  0.1249477900       0.000000000    
  0.1264177640       0.000000000    
  0.1278877380       0.000000000    
  0.1293577120       0.000000000    
  0.1308276860      0.7334542989E-19
  0.1322976600      0.6797329875E-09
  0.1337676340      0.9318758532E-08
  0.1352376080      0.5272192606E-07
  0.1367075820      0.2075004578E-06
  0.1381775560      0.6255394486E-06
  0.1396475300      0.1600518299E-05
  0.1411175040      0.3566285405E-05
  0.1425874780      0.7046219098E-05
  0.1440574520      0.1242828224E-04
  0.1455274260      0.1982136321E-04
  0.1469974000      0.2927450109E-04
  0.1484673740      0.4078498205E-04
  0.1499373480      0.5459612142E-04
  0.1514073220      0.7045021546E-04
  0.1528772960      0.8828113817E-04
  0.1543472700      0.1078673596E-03
  0.1558172440      0.1297700519E-03
  0.1572872180      0.1541706680E-03
  0.1587571920      0.1808113941E-03
  0.1602271660      0.2084639526E-03
  0.1616971400      0.2354896365E-03
  0.1631671140      0.2606435532E-03
  0.1646370880      0.2833319024E-03
  0.1661070620      0.3048408129E-03
  0.1675770360      0.3264471001E-03
  0.1690470100      0.3501019152E-03
  0.1705169840      0.3754117651E-03
  0.1719869580      0.4026487197E-03
  0.1734569320      0.4299365539E-03
  0.1749269060      0.4566580502E-03
  0.1763968800      0.4815993060E-03
  0.1778668540      0.5062222116E-03
  0.1793368280      0.5321682159E-03
  0.1808068020      0.5604333937E-03
  0.1822767760      0.5913149424E-03
  0.1837467500      0.6244737375E-03
  0.1852167240      0.6608145119E-03
  0.1866866980      0.6995599104E-03
  0.1881566720      0.7406626895E-03
  0.1896266460      0.7834219503E-03
  0.1910966200      0.8287336429E-03
  0.1925665940      0.8783795701E-03
  0.1940365680      0.9336517631E-03
  0.1955065420      0.9910436807E-03
  0.1969765160      0.1043124791E-02
  0.1984464900      0.1084602446E-02
  0.1999164640      0.1119614552E-02
  0.2013864380      0.1153555645E-02
  0.2028564120      0.1187620204E-02
  0.2043263860      0.1218543303E-02
  0.2057963600      0.1246779021E-02
  0.2072663340      0.1276881142E-02
  0.2087363080      0.1310956495E-02
  0.2102062820      0.1349554587E-02
  0.2116762560      0.1390613097E-02
  0.2131462300      0.1432814140E-02
  0.2146162040      0.1474184100E-02
  0.2160861780      0.1513717819E-02
  0.2175561520      0.1551392556E-02
  0.2190261260      0.1587726520E-02
  0.2204961000      0.1623493112E-02
  0.2219660740      0.1661739344E-02
  0.2234360480      0.1701639912E-02
  0.2249060220      0.1744373912E-02
  0.2263759960      0.1788292210E-02
  0.2278459700      0.1835341581E-02
  0.2293159440      0.1887589617E-02
  0.2307859180      0.1943687059E-02
  0.2322558920      0.2002046385E-02
  0.2337258660      0.2052543823E-02
  0.2351958400      0.2095028413E-02
  0.2366658140      0.2130374694E-02
  0.2381357880      0.2167264985E-02
  0.2396057620      0.2208653057E-02
  0.2410757360      0.2254336743E-02
  0.2425457100      0.2303358731E-02
  0.2440156840      0.2351184125E-02
  0.2454856580      0.2398101132E-02
  0.2469556320      0.2444553852E-02
  0.2484256060      0.2494370937E-02
  0.2498955800      0.2546381403E-02
  0.2513655540      0.2600115015E-02
  0.2528355280      0.2655083388E-02
  0.2543055020      0.2715361579E-02
  0.2557754760      0.2779734761E-02
  0.2572454500      0.2849560955E-02
  0.2587154240      0.2925152770E-02
  0.2601853980      0.3013460564E-02
  0.2616553720      0.3115525306E-02
  0.2631253460      0.3228389935E-02
  0.2645953200      0.3349543094E-02
  0.2660652940      0.3482610174E-02
  0.2675352680      0.3630858231E-02
  0.2690052420      0.3786525027E-02
  0.2704752160      0.3939844021E-02
  0.2719451900      0.4089775168E-02
  0.2734151640      0.4247392043E-02
  0.2748851380      0.4417673998E-02
  0.2763551120      0.4588556496E-02
  0.2778250860      0.4733035839E-02
  0.2792950600      0.4821063450E-02
  0.2807650340      0.4821271677E-02
  0.2822350080      0.4703527200E-02
  0.2837049820      0.4450533495E-02
  0.2851749560      0.4087959611E-02
  0.2866449300      0.3678558172E-02
  0.2881149040      0.3294914101E-02
  0.2895848780      0.2980970870E-02
  0.2910548520      0.2752159891E-02
  0.2925248260      0.2608927083E-02
  0.2939948000      0.2536079300E-02
  0.2954647740      0.2517940936E-02
  0.2969347480      0.2536581709E-02
  0.2984047220      0.2597774188E-02
  0.2998746960      0.2693066001E-02
  0.3013446700      0.2817238727E-02
  0.3028146440      0.2949721428E-02
  0.3042846180      0.3097402920E-02
  0.3057545920      0.3262758558E-02
  0.3072245660      0.3448576869E-02
  0.3086945400      0.3635831861E-02
  0.3101645140      0.3796953595E-02
  0.3116344880      0.3911879374E-02
  0.3131044620      0.3982920946E-02
  0.3145744360      0.4059443091E-02
  0.3160444100      0.4185604058E-02
  0.3175143840      0.4368074705E-02
  0.3189843580      0.4534954855E-02
  0.3204543320      0.4621706222E-02
  0.3219243060      0.4613952490E-02
  0.3233942800      0.4569305419E-02
  0.3248642540      0.4542574827E-02
  0.3263342280      0.4553000727E-02
  0.3278042020      0.4590441109E-02
  0.3292741760      0.4640758014E-02
  0.3307441500      0.4704085865E-02
  0.3322141240      0.4779748775E-02
  0.3336840980      0.4872884323E-02
  0.3351540720      0.4988097634E-02
  0.3366240460      0.5126941894E-02
  0.3380940200      0.5285941868E-02
  0.3395639940      0.5453989992E-02
  0.3410339680      0.5630763969E-02
  0.3425039420      0.5809281411E-02
  0.3439739160      0.5991082625E-02
  0.3454438900      0.6181235114E-02
  0.3469138640      0.6399380922E-02
  0.3483838380      0.6651529800E-02
  0.3498538120      0.6898411417E-02
  0.3513237860      0.7108056767E-02
  0.3527937600      0.7240301146E-02
  0.3542637340      0.7318379245E-02
  0.3557337080      0.7326703353E-02
  0.3572036820      0.7297790351E-02
  0.3586736560      0.7236450281E-02
  0.3601436300      0.7179267289E-02
  0.3616136040      0.7115354040E-02
  0.3630835780      0.7051863323E-02
  0.3645535520      0.6989080579E-02
  0.3660235260      0.6961506617E-02
  0.3674935000      0.6952832772E-02
  0.3689634740      0.6970129548E-02
  0.3704334480      0.6991666309E-02
  0.3719034220      0.7054201163E-02
  0.3733733960      0.7145212265E-02
  0.3748433700      0.7258850540E-02
  0.3763133440      0.7366505742E-02
  0.3777833180      0.7450768448E-02
  0.3792532920      0.7479828120E-02
  0.3807232660      0.7375176199E-02
  0.3821932400      0.7111634658E-02
  0.3836632140      0.6728366073E-02
  0.3851331880      0.6345479799E-02
  0.3866031620      0.6027494025E-02
  0.3880731360      0.5776113401E-02
  0.3895431100      0.5551764358E-02
  0.3910130840      0.5351109886E-02
  0.3924830580      0.5176535654E-02
  0.3939530320      0.5046605549E-02
  0.3954230060      0.4939204007E-02
  0.3968929800      0.4858745972E-02
  0.3983629540      0.4784923165E-02
  0.3998329280      0.4727671173E-02
  0.4013029020      0.4670276952E-02
  0.4027728760      0.4618810124E-02
  0.4042428500      0.4563961532E-02
  0.4057128240      0.4517764178E-02
  0.4071827980      0.4475064660E-02
  0.4086527720      0.4442005848E-02
  0.4101227460      0.4411290149E-02
  0.4115927200      0.4390571093E-02
  0.4130626940      0.4376977927E-02
  0.4145326680      0.4382457631E-02
  0.4160026420      0.4403459856E-02
  0.4174726160      0.4449721545E-02
  0.4189425900      0.4506612808E-02
  0.4204125640      0.4568271161E-02
  0.4218825380      0.4619150121E-02
  0.4233525120      0.4666395941E-02
  0.4248224860      0.4715583112E-02
  0.4262924600      0.4780538267E-02
  0.4277624340      0.4864571270E-02
  0.4292324080      0.4977590440E-02
  0.4307023820      0.5127042482E-02
  0.4321723560      0.5339433602E-02
  0.4336423300      0.5643868327E-02
  0.4351123040      0.6075894186E-02
  0.4365822780      0.6659515818E-02
  0.4380522520      0.7377915553E-02
  0.4395222260      0.8166174384E-02
  0.4409922000      0.8856223671E-02
  0.4424621740      0.9330724268E-02
  0.4439321480      0.9531872209E-02
  0.4454021220      0.9576048601E-02
  0.4468720960      0.9562165672E-02
  0.4483420700      0.9554740397E-02
  0.4498120440      0.9531558774E-02
  0.4512820180      0.9482650050E-02
  0.4527519920      0.9446450323E-02
  0.4542219660      0.9472917165E-02
  0.4556919400      0.9583017225E-02
  0.4571619140      0.9704423154E-02
  0.4586318880      0.9764320094E-02
  0.4601018620      0.9718923367E-02
  0.4615718360      0.9627369891E-02
  0.4630418100      0.9542500463E-02
  0.4645117840      0.9508228714E-02
  0.4659817580      0.9506969219E-02
  0.4674517320      0.9538793600E-02
  0.4689217060      0.9586928788E-02
  0.4703916800      0.9662339993E-02
  0.4718616540      0.9746231004E-02
  0.4733316280      0.9827889867E-02
  0.4748016020      0.9862838845E-02
  0.4762715760      0.9817989386E-02
  0.4777415500      0.9653438069E-02
  0.4792115240      0.9369537679E-02
  0.4806814980      0.9001859814E-02
  0.4821514720      0.8623820137E-02
  0.4836214460      0.8305955170E-02
  0.4850914200      0.8084846782E-02
  0.4865613940      0.7971408211E-02
  0.4880313680      0.7960053439E-02
  0.4895013420      0.8043142316E-02
  0.4909713160      0.8216616412E-02
  0.4924412900      0.8477776887E-02
  0.4939112640      0.8829184441E-02
  0.4953812380      0.9288311967E-02
  0.4968512120      0.9882451662E-02
  0.4983211860      0.1062930453E-01
  0.4997911600      0.1147401287E-01
  0.5012611340      0.1233624442E-01
  0.5027311080      0.1315420475E-01
  0.5042010820      0.1393756214E-01
  0.5056710560      0.1467526289E-01
  0.5071410300      0.1529398773E-01
  0.5086110040      0.1569396592E-01
  0.5100809780      0.1583288795E-01
  0.5115509520      0.1580560519E-01
  0.5130209260      0.1571628200E-01
  0.5144909000      0.1563059416E-01
  0.5159608740      0.1547231427E-01
  0.5174308480      0.1516347393E-01
  0.5189008220      0.1467832178E-01
  0.5203707960      0.1406619077E-01
  0.5218407700      0.1338747858E-01
  0.5233107440      0.1266373387E-01
  0.5247807180      0.1192771157E-01
  0.5262506920      0.1121444100E-01
  0.5277206660      0.1056605295E-01
  0.5291906400      0.9997223646E-02
  0.5306606140      0.9500931195E-02
  0.5321305880      0.9073071088E-02
  0.5336005620      0.8693227749E-02
  0.5350705360      0.8351649562E-02
  0.5365405100      0.8020682286E-02
  0.5380104840      0.7694772726E-02
  0.5394804580      0.7371428965E-02
  0.5409504320      0.7060983480E-02
  0.5424204060      0.6775268959E-02
  0.5438903800      0.6511864040E-02
  0.5453603540      0.6278638429E-02
  0.5468303280      0.6055253008E-02
  0.5483003020      0.5847161481E-02
  0.5497702760      0.5621692642E-02
  0.5512402500      0.5401147465E-02
  0.5527102240      0.5149497800E-02
  0.5541801980      0.4885036428E-02
  0.5556501720      0.4571183239E-02
  0.5571201460      0.4261935503E-02
  0.5585901200      0.3993921012E-02
  0.5600600940      0.3806467533E-02
  0.5615300680      0.3687039697E-02
  0.5630000420      0.3584508136E-02
  0.5644700160      0.3491581774E-02
  0.5659399900      0.3388227764E-02
  0.5674099640      0.3291636782E-02
  0.5688799380      0.3192474338E-02
  0.5703499120      0.3091377227E-02
  0.5718198860      0.2998128895E-02
  0.5732898600      0.2905705557E-02
  0.5747598340      0.2851515692E-02
  0.5762298080      0.2820330659E-02
  0.5776997820      0.2822323485E-02
  0.5791697560      0.2749174896E-02
  0.5806397300      0.2549506593E-02
  0.5821097040      0.2170990441E-02
  0.5835796780      0.1714751842E-02
  0.5850496520      0.1268758975E-02
  0.5865196260      0.9185803560E-03
  0.5879896000      0.6582704534E-03
  0.5894595740      0.4694801524E-03
  0.5909295480      0.3245971300E-03
  0.5923995220      0.2149899437E-03
  0.5938694960      0.1322365803E-03
  0.5953394700      0.7443417605E-04
  0.5968094440      0.3618511912E-04
  0.5982794180      0.1506291726E-04
  0.5997493920      0.4741209288E-05
  0.6012193660      0.1124908793E-05
  0.6026893400      0.9746560664E-07
  0.6041593140       0.000000000    
  0.6056292880      0.4987228244E-09
  0.6070992620      0.1496168473E-08
  0.6085692360      0.8463615201E-08
  0.6100392100      0.4154941721E-07
  0.6115091840      0.1482490609E-06
  0.6129791580      0.4030063048E-06
  0.6144491320      0.8547872845E-06
  0.6159191060      0.1562145303E-05
  0.6173890800      0.2609727656E-05
  0.6188590540      0.4216619667E-05
  0.6203290280      0.6581519599E-05
  0.6217990020      0.9797942307E-05
  0.6232689760      0.1389357967E-04
  0.6247389500      0.1891991705E-04
  0.6262089240      0.2525054165E-04
  0.6276788980      0.3312885522E-04
  0.6291488720      0.4293990490E-04
  0.6306188460      0.5442926187E-04
  0.6320888200      0.6792511399E-04
  0.6335587940      0.8324041518E-04
  0.6350287680      0.1016846401E-03
  0.6364987420      0.1237482378E-03
  0.6379687160      0.1515535244E-03
  0.6394386900      0.1862974731E-03
  0.6409086640      0.2317652818E-03
  0.6423786380      0.2936831702E-03
  0.6438486120      0.3712213080E-03
  0.6453185860      0.4547497196E-03
  0.6467885600      0.5233764304E-03
  0.6482585340      0.5700356383E-03
  0.6497285080      0.5998120582E-03
  0.6511984820      0.6293881619E-03
  0.6526684560      0.6660352998E-03
  0.6541384300      0.7095561612E-03
  0.6556084040      0.7567746539E-03
  0.6570783780      0.8061020243E-03
  0.6585483520      0.8581686891E-03
  0.6600183260      0.9124091040E-03
  0.6614883000      0.9686495921E-03
  0.6629582740      0.1026596816E-02
  0.6644282480      0.1087958326E-02
  0.6658982220      0.1154450085E-02
  0.6673681960      0.1231633866E-02
  0.6688381700      0.1317283792E-02
  0.6703081440      0.1405505121E-02
  0.6717781180      0.1474748209E-02
  0.6732480920      0.1516782627E-02
  0.6747180660      0.1530450605E-02
  0.6761880400      0.1534874637E-02
  0.6776580140      0.1538341489E-02
  0.6791279880      0.1547335667E-02
  0.6805979620      0.1556971554E-02
  0.6820679360      0.1568572090E-02
  0.6835379100      0.1581044356E-02
  0.6850078840      0.1595242481E-02
  0.6864778580      0.1609431925E-02
  0.6879478320      0.1621992534E-02
  0.6894178060      0.1633135474E-02
  0.6908877800      0.1643900441E-02
  0.6923577540      0.1654623536E-02
  0.6938277280      0.1665659363E-02
  0.6952977020      0.1675012522E-02
  0.6967676760      0.1683625840E-02
  0.6982376500      0.1690101659E-02
  0.6997076240      0.1695443564E-02
  0.7011775980      0.1699787730E-02
  0.7026475720      0.1703320293E-02
  0.7041175460      0.1708912087E-02
  0.7055875200      0.1715112300E-02
  0.7070574940      0.1725550806E-02
  0.7085274680      0.1735604837E-02
  0.7099974420      0.1748168924E-02
  0.7114674160      0.1759669700E-02
  0.7129373900      0.1775444658E-02
  0.7144073640      0.1795226572E-02
  0.7158773380      0.1822411536E-02
  0.7173473120      0.1854830966E-02
  0.7188172860      0.1895186211E-02
  0.7202872600      0.1945772795E-02
  0.7217572340      0.2010759021E-02
  0.7232272080      0.2085999533E-02
  0.7246971820      0.2166528772E-02
  0.7261671560      0.2249817565E-02
  0.7276371300      0.2342206155E-02
  0.7291071040      0.2451324495E-02
  0.7305770780      0.2581522618E-02
  0.7320470520      0.2731698454E-02
  0.7335170260      0.2894223968E-02

 -0.7349870000      0.2015536093E-05
 -0.7335170260      0.2146268526E-05
 -0.7320470520      0.2297614224E-05
 -0.7305770780      0.2468457114E-05
 -0.7291071040      0.2651420633E-05
 -0.7276371300      0.2832342992E-05
 -0.7261671560      0.3010744564E-05
 -0.7246971820      0.3181918811E-05
 -0.7232272080      0.3354581294E-05
 -0.7217572340      0.3529858708E-05
 -0.7202872600      0.3719664230E-05
 -0.7188172860      0.3925744801E-05
 -0.7173473120      0.4157728419E-05
 -0.7158773380      0.4405378307E-05
 -0.7144073640      0.4671112066E-05
 -0.7129373900      0.4952973693E-05
 -0.7114674160      0.5256457335E-05
 -0.7099974420      0.5573160029E-05
 -0.7085274680      0.5899615725E-05
 -0.7070574940      0.6243147604E-05
 -0.7055875200      0.6602180362E-05
 -0.7041175460      0.6984218381E-05
 -0.7026475720      0.7385696905E-05
 -0.7011775980      0.7811473966E-05
 -0.6997076240      0.8257478399E-05
 -0.6982376500      0.8714779299E-05
 -0.6967676760      0.9184618397E-05
 -0.6952977020      0.9665696996E-05
 -0.6938277280      0.1018108281E-04
 -0.6923577540      0.1071763742E-04
 -0.6908877800      0.1128486376E-04
 -0.6894178060      0.1184719244E-04
 -0.6879478320      0.1243747996E-04
 -0.6864778580      0.1301463472E-04
 -0.6850078840      0.1356878297E-04
 -0.6835379100      0.1407270676E-04
 -0.6820679360      0.1457657234E-04
 -0.6805979620      0.1511433487E-04
 -0.6791279880      0.1572668354E-04
 -0.6776580140      0.1635282428E-04
 -0.6761880400      0.1705143255E-04
 -0.6747180660      0.1771220272E-04
 -0.6732480920      0.1847587077E-04
 -0.6717781180      0.1918538696E-04
 -0.6703081440      0.2001732530E-04
 -0.6688381700      0.2078310559E-04
 -0.6673681960      0.2164949373E-04
 -0.6658982220      0.2248824513E-04
 -0.6644282480      0.2343475286E-04
 -0.6629582740      0.2443466669E-04
 -0.6614883000      0.2547395495E-04
 -0.6600183260      0.2656902610E-04
 -0.6585483520      0.2762643797E-04
 -0.6570783780      0.2881033997E-04
 -0.6556084040      0.2992941651E-04
 -0.6541384300      0.3116850931E-04
 -0.6526684560      0.3229071801E-04
 -0.6511984820      0.3354697004E-04
 -0.6497285080      0.3477862314E-04
 -0.6482585340      0.3617739897E-04
 -0.6467885600      0.3761750972E-04
 -0.6453185860      0.3915017202E-04
 -0.6438486120      0.4072343767E-04
 -0.6423786380      0.4227922131E-04
 -0.6409086640      0.4386367417E-04
 -0.6394386900      0.4537740743E-04
 -0.6379687160      0.4700792892E-04
 -0.6364987420      0.4859469587E-04
 -0.6350287680      0.5023535398E-04
 -0.6335587940      0.5170722462E-04
 -0.6320888200      0.5324015037E-04
 -0.6306188460      0.5488109153E-04
 -0.6291488720      0.5676215457E-04
 -0.6276788980      0.5876888683E-04
 -0.6262089240      0.6083043537E-04
 -0.6247389500      0.6298358694E-04
 -0.6232689760      0.6518996987E-04
 -0.6217990020      0.6754029891E-04
 -0.6203290280      0.6987034140E-04
 -0.6188590540      0.7240882256E-04
 -0.6173890800      0.7489548831E-04
 -0.6159191060      0.7768858716E-04
 -0.6144491320      0.8040895650E-04
 -0.6129791580      0.8354429948E-04
 -0.6115091840      0.8662422696E-04
 -0.6100392100      0.9007679372E-04
 -0.6085692360      0.9349452731E-04
 -0.6070992620      0.9735520246E-04
 -0.6056292880      0.1015667253E-03
 -0.6041593140      0.1062031499E-03
 -0.6026893400      0.1110722013E-03
 -0.6012193660      0.1155942264E-03
 -0.5997493920      0.1201043788E-03
 -0.5982794180      0.1240834644E-03
 -0.5968094440      0.1285749876E-03
 -0.5953394700      0.1328253183E-03
 -0.5938694960      0.1379430221E-03
 -0.5923995220      0.1427465611E-03
 -0.5909295480      0.1482282268E-03
 -0.5894595740      0.1531457867E-03
 -0.5879896000      0.1585452659E-03
 -0.5865196260      0.1634224470E-03
 -0.5850496520      0.1688766487E-03
 -0.5835796780      0.1743241496E-03
 -0.5821097040      0.1809510569E-03
 -0.5806397300      0.1885318679E-03
 -0.5791697560      0.1972156628E-03
 -0.5776997820      0.2054205596E-03
 -0.5762298080      0.2115446434E-03
 -0.5747598340      0.2151954519E-03
 -0.5732898600      0.2167086123E-03
 -0.5718198860      0.2180333566E-03
 -0.5703499120      0.2189137922E-03
 -0.5688799380      0.2206306818E-03
 -0.5674099640      0.2219789784E-03
 -0.5659399900      0.2242137434E-03
 -0.5644700160      0.2261136649E-03
 -0.5630000420      0.2285719626E-03
 -0.5615300680      0.2308025792E-03
 -0.5600600940      0.2332820783E-03
 -0.5585901200      0.2357669562E-03
 -0.5571201460      0.2383161141E-03
 -0.5556501720      0.2410532160E-03
 -0.5541801980      0.2437117696E-03
 -0.5527102240      0.2464003779E-03
 -0.5512402500      0.2489022219E-03
 -0.5497702760      0.2513936952E-03
 -0.5483003020      0.2539733169E-03
 -0.5468303280      0.2565078788E-03
 -0.5453603540      0.2592350026E-03
 -0.5438903800      0.2617233459E-03
 -0.5424204060      0.2647481169E-03
 -0.5409504320      0.2676114073E-03
 -0.5394804580      0.2709976397E-03
 -0.5380104840      0.2737611527E-03
 -0.5365405100      0.2771189875E-03
 -0.5350705360      0.2805730116E-03
 -0.5336005620      0.2849935459E-03
 -0.5321305880      0.2888730375E-03
 -0.5306606140      0.2921537159E-03
 -0.5291906400      0.2940203633E-03
 -0.5277206660      0.2948029392E-03
 -0.5262506920      0.2940867956E-03
 -0.5247807180      0.2922428054E-03
 -0.5233107440      0.2897542357E-03
 -0.5218407700      0.2874824211E-03
 -0.5203707960      0.2855929022E-03
 -0.5189008220      0.2842400483E-03
 -0.5174308480      0.2828741724E-03
 -0.5159608740      0.2813715357E-03
 -0.5144909000      0.2796673353E-03
 -0.5130209260      0.2783232568E-03
 -0.5115509520      0.2780714475E-03
 -0.5100809780      0.2789402856E-03
 -0.5086110040      0.2812076557E-03
 -0.5071410300      0.2845312219E-03
 -0.5056710560      0.2892458136E-03
 -0.5042010820      0.2947738635E-03
 -0.5027311080      0.2987799334E-03
 -0.5012611340      0.2971815733E-03
 -0.4997911600      0.2857294214E-03
 -0.4983211860      0.2650166982E-03
 -0.4968512120      0.2390090506E-03
 -0.4953812380      0.2134849123E-03
 -0.4939112640      0.1905271920E-03
 -0.4924412900      0.1698544113E-03
 -0.4909713160      0.1504047200E-03
 -0.4895013420      0.1326122366E-03
 -0.4880313680      0.1176522832E-03
 -0.4865613940      0.1062292850E-03
 -0.4850914200      0.9775976160E-04
 -0.4836214460      0.9115363332E-04
 -0.4821514720      0.8505771126E-04
 -0.4806814980      0.7905432142E-04
 -0.4792115240      0.7323477228E-04
 -0.4777415500      0.6838919587E-04
 -0.4762715760      0.6482157271E-04
 -0.4748016020      0.6293246388E-04
 -0.4733316280      0.6235076588E-04
 -0.4718616540      0.6350916061E-04
 -0.4703916800      0.6584767641E-04
 -0.4689217060      0.6984696995E-04
 -0.4674517320      0.7491625149E-04
 -0.4659817580      0.8143959408E-04
 -0.4645117840      0.8935364383E-04
 -0.4630418100      0.1000969228E-03
 -0.4615718360      0.1149118442E-03
 -0.4601018620      0.1347496821E-03
 -0.4586318880      0.1580068243E-03
 -0.4571619140      0.1829615343E-03
 -0.4556919400      0.2084006396E-03
 -0.4542219660      0.2357548513E-03
 -0.4527519920      0.2670391668E-03
 -0.4512820180      0.3041823152E-03
 -0.4498120440      0.3487468476E-03
 -0.4483420700      0.4026334355E-03
 -0.4468720960      0.4714186698E-03
 -0.4454021220      0.5623365243E-03
 -0.4439321480      0.6792623383E-03
 -0.4424621740      0.8085878060E-03
 -0.4409922000      0.9222863048E-03
 -0.4395222260      0.9921252396E-03
 -0.4380522520      0.1015080078E-02
 -0.4365822780      0.1010277603E-02
 -0.4351123040      0.1004763601E-02
 -0.4336423300      0.1012129285E-02
 -0.4321723560      0.1035659392E-02
 -0.4307023820      0.1066815315E-02
 -0.4292324080      0.1092678789E-02
 -0.4277624340      0.1093980205E-02
 -0.4262924600      0.1062737258E-02
 -0.4248224860      0.1002620878E-02
 -0.4233525120      0.9300173682E-03
 -0.4218825380      0.8591496279E-03
 -0.4204125640      0.7991166333E-03
 -0.4189425900      0.7531864987E-03
 -0.4174726160      0.7182094325E-03
 -0.4160026420      0.6913401680E-03
 -0.4145326680      0.6677172345E-03
 -0.4130626940      0.6480636743E-03
 -0.4115927200      0.6304712495E-03
 -0.4101227460      0.6153569673E-03
 -0.4086527720      0.6010557288E-03
 -0.4071827980      0.5884050938E-03
 -0.4057128240      0.5773272745E-03
 -0.4042428500      0.5676072860E-03
 -0.4027728760      0.5586385512E-03
 -0.4013029020      0.5498032079E-03
 -0.3998329280      0.5410729105E-03
 -0.3983629540      0.5327642518E-03
 -0.3968929800      0.5255798831E-03
 -0.3954230060      0.5199803072E-03
 -0.3939530320      0.5156383396E-03
 -0.3924830580      0.5114256358E-03
 -0.3910130840      0.5070405714E-03
 -0.3895431100      0.5016514042E-03
 -0.3880731360      0.4963615369E-03
 -0.3866031620      0.4904385443E-03
 -0.3851331880      0.4852149198E-03
 -0.3836632140      0.4791666720E-03
 -0.3821932400      0.4733504992E-03
 -0.3807232660      0.4659731699E-03
 -0.3792532920      0.4587850542E-03
 -0.3777833180      0.4506900806E-03
 -0.3763133440      0.4439766600E-03
 -0.3748433700      0.4371099415E-03
 -0.3733733960      0.4313848163E-03
 -0.3719034220      0.4248269868E-03
 -0.3704334480      0.4190403989E-03
 -0.3689634740      0.4127772001E-03
 -0.3674935000      0.4076096147E-03
 -0.3660235260      0.4021997166E-03
 -0.3645535520      0.3974340483E-03
 -0.3630835780      0.3924858363E-03
 -0.3616136040      0.3882129933E-03
 -0.3601436300      0.3845443505E-03
 -0.3586736560      0.3812714839E-03
 -0.3572036820      0.3781637967E-03
 -0.3557337080      0.3750518331E-03
 -0.3542637340      0.3731099811E-03
 -0.3527937600      0.3731997789E-03
 -0.3513237860      0.3773709029E-03
 -0.3498538120      0.3868993580E-03
 -0.3483838380      0.4019328246E-03
 -0.3469138640      0.4201061264E-03
 -0.3454438900      0.4398632200E-03
 -0.3439739160      0.4625873697E-03
 -0.3425039420      0.4922796378E-03
 -0.3410339680      0.5306837996E-03
 -0.3395639940      0.5745985302E-03
 -0.3380940200      0.6184892966E-03
 -0.3366240460      0.6574127944E-03
 -0.3351540720      0.6918615086E-03
 -0.3336840980      0.7227000133E-03
 -0.3322141240      0.7537631155E-03
 -0.3307441500      0.7850627973E-03
 -0.3292741760      0.8201468988E-03
 -0.3278042020      0.8564565709E-03
 -0.3263342280      0.8917693615E-03
 -0.3248642540      0.9170710107E-03
 -0.3233942800      0.9320627265E-03
 -0.3219243060      0.9400254903E-03
 -0.3204543320      0.9506685978E-03
 -0.3189843580      0.9673066971E-03
 -0.3175143840      0.9902012157E-03
 -0.3160444100      0.1016141337E-02
 -0.3145744360      0.1044819687E-02
 -0.3131044620      0.1075143404E-02
 -0.3116344880      0.1106235158E-02
 -0.3101645140      0.1131373746E-02
 -0.3086945400      0.1145967899E-02
 -0.3072245660      0.1149523640E-02
 -0.3057545920      0.1148263184E-02
 -0.3042846180      0.1147936875E-02
 -0.3028146440      0.1148595066E-02
 -0.3013446700      0.1152019971E-02
 -0.2998746960      0.1157941433E-02
 -0.2984047220      0.1171128803E-02
 -0.2969347480      0.1188318183E-02
 -0.2954647740      0.1211737813E-02
 -0.2939948000      0.1237929484E-02
 -0.2925248260      0.1268895099E-02
 -0.2910548520      0.1299679420E-02
 -0.2895848780      0.1330767315E-02
 -0.2881149040      0.1360136788E-02
 -0.2866449300      0.1390599469E-02
 -0.2851749560      0.1419795160E-02
 -0.2837049820      0.1449705923E-02
 -0.2822350080      0.1478013299E-02
 -0.2807650340      0.1508739709E-02
 -0.2792950600      0.1538411852E-02
 -0.2778250860      0.1570014392E-02
 -0.2763551120      0.1600608446E-02
 -0.2748851380      0.1635006160E-02
 -0.2734151640      0.1672743538E-02
 -0.2719451900      0.1716498091E-02
 -0.2704752160      0.1771235605E-02
 -0.2690052420      0.1840733549E-02
 -0.2675352680      0.1929466299E-02
 -0.2660652940      0.2026184473E-02
 -0.2645953200      0.2129243896E-02
 -0.2631253460      0.2231870243E-02
 -0.2616553720      0.2338500050E-02
 -0.2601853980      0.2436379228E-02
 -0.2587154240      0.2518933158E-02
 -0.2572454500      0.2584855252E-02
 -0.2557754760      0.2651699192E-02
 -0.2543055020      0.2738958603E-02
 -0.2528355280      0.2855800849E-02
 -0.2513655540      0.3006061229E-02
 -0.2498955800      0.3196820859E-02
 -0.2484256060      0.3436277581E-02
 -0.2469556320      0.3708915169E-02
 -0.2454856580      0.3950885826E-02
 -0.2440156840      0.4095955884E-02
 -0.2425457100      0.4108431460E-02
 -0.2410757360      0.4025337997E-02
 -0.2396057620      0.3899356447E-02
 -0.2381357880      0.3782630884E-02
 -0.2366658140      0.3695858626E-02
 -0.2351958400      0.3645026425E-02
 -0.2337258660      0.3621813063E-02
 -0.2322558920      0.3610141270E-02
 -0.2307859180      0.3601606857E-02
 -0.2293159440      0.3590964699E-02
 -0.2278459700      0.3584225278E-02
 -0.2263759960      0.3580611797E-02
 -0.2249060220      0.3581459246E-02
 -0.2234360480      0.3576248578E-02
 -0.2219660740      0.3563562321E-02
 -0.2204961000      0.3537497709E-02
 -0.2190261260      0.3511355388E-02
 -0.2175561520      0.3484596512E-02
 -0.2160861780      0.3467052962E-02
 -0.2146162040      0.3451344172E-02
 -0.2131462300      0.3439609339E-02
 -0.2116762560      0.3427698935E-02
 -0.2102062820      0.3416510773E-02
 -0.2087363080      0.3408479783E-02
 -0.2072663340      0.3402977791E-02
 -0.2057963600      0.3400288672E-02
 -0.2043263860      0.3395856571E-02
 -0.2028564120      0.3388897847E-02
 -0.2013864380      0.3378085492E-02
 -0.1999164640      0.3368504746E-02
 -0.1984464900      0.3359583154E-02
 -0.1969765160      0.3353446208E-02
 -0.1955065420      0.3344271320E-02
 -0.1940365680      0.3335872833E-02
 -0.1925665940      0.3328331530E-02
 -0.1910966200      0.3324589147E-02
 -0.1896266460      0.3321865486E-02
 -0.1881566720      0.3320073748E-02
 -0.1866866980      0.3316967015E-02
 -0.1852167240      0.3313364453E-02
 -0.1837467500      0.3306652781E-02
 -0.1822767760      0.3300008106E-02
 -0.1808068020      0.3291302139E-02
 -0.1793368280      0.3282214335E-02
 -0.1778668540      0.3271259962E-02
 -0.1763968800      0.3261975548E-02
 -0.1749269060      0.3254527698E-02
 -0.1734569320      0.3248250283E-02
 -0.1719869580      0.3241090425E-02
 -0.1705169840      0.3231788827E-02
 -0.1690470100      0.3223275663E-02
 -0.1675770360      0.3213860301E-02
 -0.1661070620      0.3204674751E-02
 -0.1646370880      0.3191852195E-02
 -0.1631671140      0.3176771315E-02
 -0.1616971400      0.3162467292E-02
 -0.1602271660      0.3149841395E-02
 -0.1587571920      0.3142073693E-02
 -0.1572872180      0.3132814543E-02
 -0.1558172440      0.3124910609E-02
 -0.1543472700      0.3117003153E-02
 -0.1528772960      0.3116273485E-02
 -0.1514073220      0.3127366682E-02
 -0.1499373480      0.3152897136E-02
 -0.1484673740      0.3191816952E-02
 -0.1469974000      0.3229817698E-02
 -0.1455274260      0.3257469274E-02
 -0.1440574520      0.3263600413E-02
 -0.1425874780      0.3252097216E-02
 -0.1411175040      0.3223221454E-02
 -0.1396475300      0.3182775625E-02
 -0.1381775560      0.3134272176E-02
 -0.1367075820      0.3084491265E-02
 -0.1352376080      0.3036386646E-02
 -0.1337676340      0.2989272219E-02
 -0.1322976600      0.2942250748E-02
 -0.1308276860      0.2909654671E-02
 -0.1293577120      0.2899686868E-02
 -0.1278877380      0.2909973882E-02
 -0.1264177640      0.2894797228E-02
 -0.1249477900      0.2822851645E-02
 -0.1234778160      0.2679927384E-02
 -0.1220078420      0.2496028006E-02
 -0.1205378680      0.2296655159E-02
 -0.1190678940      0.2102763303E-02
 -0.1175979200      0.1926947281E-02
 -0.1161279460      0.1781348428E-02
 -0.1146579720      0.1671215830E-02
 -0.1131879980      0.1590809674E-02
 -0.1117180240      0.1529158393E-02
 -0.1102480500      0.1478770699E-02
 -0.1087780760      0.1435229613E-02
 -0.1073081020      0.1394144106E-02
 -0.1058381280      0.1346572318E-02
 -0.1043681540      0.1284195105E-02
 -0.1028981800      0.1205823471E-02
 -0.1014282060      0.1121299283E-02
 -0.9995823200E-01  0.1043206206E-02
 -0.9848825800E-01  0.9790903497E-03
 -0.9701828400E-01  0.9283211785E-03
 -0.9554831000E-01  0.8867310646E-03
 -0.9407833600E-01  0.8508133682E-03
 -0.9260836200E-01  0.8177503417E-03
 -0.9113838800E-01  0.7866677863E-03
 -0.8966841400E-01  0.7575936888E-03
 -0.8819844000E-01  0.7316769324E-03
 -0.8672846600E-01  0.7098910389E-03
 -0.8525849200E-01  0.6938373625E-03
 -0.8378851800E-01  0.6826216800E-03
 -0.8231854400E-01  0.6705884846E-03
 -0.8084857000E-01  0.6467599605E-03
 -0.7937859600E-01  0.6063510536E-03
 -0.7790862200E-01  0.5551546858E-03
 -0.7643864800E-01  0.5068408561E-03
 -0.7496867400E-01  0.4689745088E-03
 -0.7349870000E-01  0.4405047503E-03
 -0.7202872600E-01  0.4156661801E-03
 -0.7055875200E-01  0.3918380065E-03
 -0.6908877800E-01  0.3688094854E-03
 -0.6761880400E-01  0.3478031910E-03
 -0.6614883000E-01  0.3287793154E-03
 -0.6467885600E-01  0.3119936859E-03
 -0.6320888200E-01  0.2971065926E-03
 -0.6173890800E-01  0.2843558356E-03
 -0.6026893400E-01  0.2739656499E-03
 -0.5879896000E-01  0.2670847612E-03
 -0.5732898600E-01  0.2621935876E-03
 -0.5585901200E-01  0.2552182062E-03
 -0.5438903800E-01  0.2393918259E-03
 -0.5291906400E-01  0.2143166344E-03
 -0.5144909000E-01  0.1845025706E-03
 -0.4997911600E-01  0.1579980322E-03
 -0.4850914200E-01  0.1373576665E-03
 -0.4703916800E-01  0.1219411379E-03
 -0.4556919400E-01  0.1093156262E-03
 -0.4409922000E-01  0.9856088730E-04
 -0.4262924600E-01  0.8911175593E-04
 -0.4115927200E-01  0.8060279542E-04
 -0.3968929800E-01  0.7272647376E-04
 -0.3821932400E-01  0.6537192368E-04
 -0.3674935000E-01  0.5841938784E-04
 -0.3527937600E-01  0.5158197906E-04
 -0.3380940200E-01  0.4446952312E-04
 -0.3233942800E-01  0.3684140189E-04
 -0.3086945400E-01  0.2881707246E-04
 -0.2939948000E-01  0.2095712278E-04
 -0.2792950600E-01  0.1399503727E-04
 -0.2645953200E-01  0.8542530695E-05
 -0.2498955800E-01  0.4805662339E-05
 -0.2351958400E-01  0.2518915540E-05
 -0.2204961000E-01  0.1233574369E-05
 -0.2057963600E-01  0.5451250956E-06
 -0.1910966200E-01  0.2048255140E-06
 -0.1763968800E-01  0.6306435310E-07
 -0.1616971400E-01  0.1327365926E-07
 -0.1469974000E-01  0.1797046425E-08
 -0.1322976600E-01  0.7209152094E-10
 -0.1175979200E-01   0.000000000    
 -0.1028981800E-01   0.000000000    
 -0.8819844000E-02   0.000000000    
 -0.7349870000E-02   0.000000000    
 -0.5879896000E-02   0.000000000    
 -0.4409922000E-02   0.000000000    
 -0.2939948000E-02   0.000000000    
 -0.1469974000E-02   0.000000000    
  0.4250072516E-16   0.000000000    
  0.1469974000E-02   0.000000000    
  0.2939948000E-02   0.000000000    
  0.4409922000E-02   0.000000000    
  0.5879896000E-02   0.000000000    
  0.7349870000E-02   0.000000000    
  0.8819844000E-02   0.000000000    
  0.1028981800E-01   0.000000000    
  0.1175979200E-01   0.000000000    
  0.1322976600E-01   0.000000000    
  0.1469974000E-01   0.000000000    
  0.1616971400E-01   0.000000000    
  0.1763968800E-01   0.000000000    
  0.1910966200E-01   0.000000000    
  0.2057963600E-01   0.000000000    
  0.2204961000E-01   0.000000000    
  0.2351958400E-01   0.000000000    
  0.2498955800E-01   0.000000000    
  0.2645953200E-01   0.000000000    
  0.2792950600E-01   0.000000000    
  0.2939948000E-01   0.000000000    
  0.3086945400E-01   0.000000000    
  0.3233942800E-01   0.000000000    
  0.3380940200E-01   0.000000000    
  0.3527937600E-01   0.000000000    
  0.3674935000E-01   0.000000000    
  0.3821932400E-01   0.000000000    
  0.3968929800E-01   0.000000000    
  0.4115927200E-01   0.000000000    
  0.4262924600E-01   0.000000000    
  0.4409922000E-01   0.000000000    
  0.4556919400E-01   0.000000000    
  0.4703916800E-01   0.000000000    
  0.4850914200E-01   0.000000000    
  0.4997911600E-01   0.000000000    
  0.5144909000E-01   0.000000000    
  0.5291906400E-01   0.000000000    
  0.5438903800E-01   0.000000000    
  0.5585901200E-01   0.000000000    
  0.5732898600E-01   0.000000000    
  0.5879896000E-01   0.000000000    
  0.6026893400E-01   0.000000000    
  0.6173890800E-01   0.000000000    
  0.6320888200E-01   0.000000000    
  0.6467885600E-01   0.000000000    
  0.6614883000E-01   0.000000000    
  0.6761880400E-01   0.000000000    
  0.6908877800E-01   0.000000000    
  0.7055875200E-01   0.000000000    
  0.7202872600E-01   0.000000000    
  0.7349870000E-01   0.000000000    
  0.7496867400E-01   0.000000000    
  0.7643864800E-01   0.000000000    
  0.7790862200E-01   0.000000000    
  0.7937859600E-01   0.000000000    
  0.8084857000E-01   0.000000000    
  0.8231854400E-01   0.000000000    
  0.8378851800E-01   0.000000000    
  0.8525849200E-01   0.000000000    
  0.8672846600E-01   0.000000000    
  0.8819844000E-01   0.000000000    
  0.8966841400E-01   0.000000000    
  0.9113838800E-01   0.000000000    
  0.9260836200E-01   0.000000000    
  0.9407833600E-01   0.000000000    
  0.9554831000E-01   0.000000000    
  0.9701828400E-01   0.000000000    
  0.9848825800E-01   0.000000000    
  0.9995823200E-01   0.000000000    
  0.1014282060       0.000000000    
  0.1028981800       0.000000000    
  0.1043681540       0.000000000    
  0.1058381280       0.000000000    
  0.1073081020       0.000000000    
  0.1087780760       0.000000000    
  0.1102480500       0.000000000    
  0.1117180240       0.000000000    
  0.1131879980       0.000000000    
  0.1146579720       0.000000000    
  0.1161279460       0.000000000    
  0.1175979200       0.000000000    
  0.1190678940       0.000000000    
  0.1205378680       0.000000000    
  0.1220078420       0.000000000    
  0.1234778160       0.000000000    
  0.1249477900       0.000000000    
  0.1264177640       0.000000000    
  0.1278877380       0.000000000    
  0.1293577120       0.000000000    
  0.1308276860      0.1237831645E-18
  0.1322976600      0.5974209740E-09
  0.1337676340      0.8229209143E-08
  0.1352376080      0.4628472202E-07
  0.1367075820      0.1809605967E-06
  0.1381775560      0.5444860655E-06
  0.1396475300      0.1383939856E-05
  0.1411175040      0.3062882820E-05
  0.1425874780      0.6043874644E-05
  0.1440574520      0.1072727510E-04
  0.1455274260      0.1732030280E-04
  0.1469974000      0.2597442990E-04
  0.1484673740      0.3675760935E-04
  0.1499373480      0.4995524760E-04
  0.1514073220      0.6541174089E-04
  0.1528772960      0.8314866165E-04
  0.1543472700      0.1029836028E-03
  0.1558172440      0.1254492441E-03
  0.1572872180      0.1507081084E-03
  0.1587571920      0.1785178985E-03
  0.1602271660      0.2076020347E-03
  0.1616971400      0.2361712671E-03
  0.1631671140      0.2627355661E-03
  0.1646370880      0.2865011465E-03
  0.1661070620      0.3087924564E-03
  0.1675770360      0.3310600072E-03
  0.1690470100      0.3555694284E-03
  0.1705169840      0.3820278186E-03
  0.1719869580      0.4107440642E-03
  0.1734569320      0.4395582331E-03
  0.1749269060      0.4675907444E-03
  0.1763968800      0.4933379644E-03
  0.1778668540      0.5183070287E-03
  0.1793368280      0.5441727876E-03
  0.1808068020      0.5719881044E-03
  0.1822767760      0.6019768686E-03
  0.1837467500      0.6339304517E-03
  0.1852167240      0.6689483646E-03
  0.1866866980      0.7064342779E-03
  0.1881566720      0.7462497968E-03
  0.1896266460      0.7875016139E-03
  0.1910966200      0.8305764536E-03
  0.1925665940      0.8769747056E-03
  0.1940365680      0.9283319426E-03
  0.1955065420      0.9826707613E-03
  0.1969765160      0.1033899065E-02
  0.1984464900      0.1076764471E-02
  0.1999164640      0.1113902883E-02
  0.2013864380      0.1149367138E-02
  0.2028564120      0.1183823573E-02
  0.2043263860      0.1214367333E-02
  0.2057963600      0.1241900974E-02
  0.2072663340      0.1271351243E-02
  0.2087363080      0.1304980592E-02
  0.2102062820      0.1343162314E-02
  0.2116762560      0.1383736929E-02
  0.2131462300      0.1425297684E-02
  0.2146162040      0.1466116453E-02
  0.2160861780      0.1505412695E-02
  0.2175561520      0.1543129850E-02
  0.2190261260      0.1579725737E-02
  0.2204961000      0.1615566719E-02
  0.2219660740      0.1653967837E-02
  0.2234360480      0.1693671228E-02
  0.2249060220      0.1736143386E-02
  0.2263759960      0.1779370388E-02
  0.2278459700      0.1826114925E-02
  0.2293159440      0.1878664434E-02
  0.2307859180      0.1935982318E-02
  0.2322558920      0.1995598932E-02
  0.2337258660      0.2046541795E-02
  0.2351958400      0.2088039188E-02
  0.2366658140      0.2121451423E-02
  0.2381357880      0.2156049628E-02
  0.2396057620      0.2195691789E-02
  0.2410757360      0.2240261657E-02
  0.2425457100      0.2288897849E-02
  0.2440156840      0.2336800654E-02
  0.2454856580      0.2384011826E-02
  0.2469556320      0.2430966833E-02
  0.2484256060      0.2481012570E-02
  0.2498955800      0.2533343825E-02
  0.2513655540      0.2587301733E-02
  0.2528355280      0.2642797519E-02
  0.2543055020      0.2703562869E-02
  0.2557754760      0.2768696604E-02
  0.2572454500      0.2839526659E-02
  0.2587154240      0.2916642015E-02
  0.2601853980      0.3006505643E-02
  0.2616553720      0.3109879728E-02
  0.2631253460      0.3222488266E-02
  0.2645953200      0.3341039140E-02
  0.2660652940      0.3469308696E-02
  0.2675352680      0.3612711832E-02
  0.2690052420      0.3766332499E-02
  0.2704752160      0.3922058674E-02
  0.2719451900      0.4079408783E-02
  0.2734151640      0.4247848929E-02
  0.2748851380      0.4428701923E-02
  0.2763551120      0.4606130159E-02
  0.2778250860      0.4751581418E-02
  0.2792950600      0.4838191728E-02
  0.2807650340      0.4836470529E-02
  0.2822350080      0.4716959034E-02
  0.2837049820      0.4459687119E-02
  0.2851749560      0.4089657518E-02
  0.2866449300      0.3671014433E-02
  0.2881149040      0.3279791067E-02
  0.2895848780      0.2965012246E-02
  0.2910548520      0.2741478556E-02
  0.2925248260      0.2607021232E-02
  0.2939948000      0.2540093197E-02
  0.2954647740      0.2526395512E-02
  0.2969347480      0.2549234362E-02
  0.2984047220      0.2617049824E-02
  0.2998746960      0.2719810648E-02
  0.3013446700      0.2853854972E-02
  0.3028146440      0.2997852906E-02
  0.3042846180      0.3156395631E-02
  0.3057545920      0.3325400112E-02
  0.3072245660      0.3506913079E-02
  0.3086945400      0.3683471355E-02
  0.3101645140      0.3831794031E-02
  0.3116344880      0.3932361355E-02
  0.3131044620      0.3989557271E-02
  0.3145744360      0.4054259726E-02
  0.3160444100      0.4171781857E-02
  0.3175143840      0.4347665197E-02
  0.3189843580      0.4509021517E-02
  0.3204543320      0.4591695235E-02
  0.3219243060      0.4580921782E-02
  0.3233942800      0.4533984030E-02
  0.3248642540      0.4504762455E-02
  0.3263342280      0.4514266670E-02
  0.3278042020      0.4552919712E-02
  0.3292741760      0.4604319747E-02
  0.3307441500      0.4666324750E-02
  0.3322141240      0.4738029722E-02
  0.3336840980      0.4828502383E-02
  0.3351540720      0.4941458524E-02
  0.3366240460      0.5076344851E-02
  0.3380940200      0.5228713401E-02
  0.3395639940      0.5390334954E-02
  0.3410339680      0.5563089345E-02
  0.3425039420      0.5737996343E-02
  0.3439739160      0.5917441948E-02
  0.3454438900      0.6108121585E-02
  0.3469138640      0.6333663961E-02
  0.3483838380      0.6597145817E-02
  0.3498538120      0.6857414884E-02
  0.3513237860      0.7077326495E-02
  0.3527937600      0.7216617080E-02
  0.3542637340      0.7297063456E-02
  0.3557337080      0.7305622379E-02
  0.3572036820      0.7276753487E-02
  0.3586736560      0.7216523724E-02
  0.3601436300      0.7160174409E-02
  0.3616136040      0.7093667463E-02
  0.3630835780      0.7023520438E-02
  0.3645535520      0.6954293485E-02
  0.3660235260      0.6924126108E-02
  0.3674935000      0.6917147148E-02
  0.3689634740      0.6935345957E-02
  0.3704334480      0.6958606785E-02
  0.3719034220      0.7025486185E-02
  0.3733733960      0.7127415337E-02
  0.3748433700      0.7252781777E-02
  0.3763133440      0.7378572896E-02
  0.3777833180      0.7488130610E-02
  0.3792532920      0.7554425599E-02
  0.3807232660      0.7479554381E-02
  0.3821932400      0.7230493980E-02
  0.3836632140      0.6839625523E-02
  0.3851331880      0.6442934142E-02
  0.3866031620      0.6108134686E-02
  0.3880731360      0.5841528734E-02
  0.3895431100      0.5597447259E-02
  0.3910130840      0.5376812511E-02
  0.3924830580      0.5182506661E-02
  0.3939530320      0.5039295457E-02
  0.3954230060      0.4922486526E-02
  0.3968929800      0.4837655668E-02
  0.3983629540      0.4759716719E-02
  0.3998329280      0.4699467299E-02
  0.4013029020      0.4639427291E-02
  0.4027728760      0.4586790726E-02
  0.4042428500      0.4532173387E-02
  0.4057128240      0.4486354199E-02
  0.4071827980      0.4444584934E-02
  0.4086527720      0.4412021649E-02
  0.4101227460      0.4381879647E-02
  0.4115927200      0.4361096605E-02
  0.4130626940      0.4348177773E-02
  0.4145326680      0.4355328086E-02
  0.4160026420      0.4379070480E-02
  0.4174726160      0.4427019575E-02
  0.4189425900      0.4483315345E-02
  0.4204125640      0.4542050282E-02
  0.4218825380      0.4589463052E-02
  0.4233525120      0.4634770312E-02
  0.4248224860      0.4683566257E-02
  0.4262924600      0.4750285723E-02
  0.4277624340      0.4836639602E-02
  0.4292324080      0.4954354857E-02
  0.4307023820      0.5113077663E-02
  0.4321723560      0.5348457957E-02
  0.4336423300      0.5696109874E-02
  0.4351123040      0.6192274092E-02
  0.4365822780      0.6848329545E-02
  0.4380522520      0.7626944216E-02
  0.4395222260      0.8442959605E-02
  0.4409922000      0.9116651624E-02
  0.4424621740      0.9542337472E-02
  0.4439321480      0.9684497555E-02
  0.4454021220      0.9685561348E-02
  0.4468720960      0.9647174988E-02
  0.4483420700      0.9627249836E-02
  0.4498120440      0.9589927554E-02
  0.4512820180      0.9522574873E-02
  0.4527519920      0.9464750085E-02
  0.4542219660      0.9472788677E-02
  0.4556919400      0.9571836641E-02
  0.4571619140      0.9691988065E-02
  0.4586318880      0.9760380282E-02
  0.4601018620      0.9729440868E-02
  0.4615718360      0.9654585259E-02
  0.4630418100      0.9583972139E-02
  0.4645117840      0.9560008369E-02
  0.4659817580      0.9567011621E-02
  0.4674517320      0.9606318003E-02
  0.4689217060      0.9666108932E-02
  0.4703916800      0.9755924170E-02
  0.4718616540      0.9856120137E-02
  0.4733316280      0.9947563169E-02
  0.4748016020      0.9978461051E-02
  0.4762715760      0.9906285326E-02
  0.4777415500      0.9688303362E-02
  0.4792115240      0.9330888143E-02
  0.4806814980      0.8888716792E-02
  0.4821514720      0.8453800497E-02
  0.4836214460      0.8105774283E-02
  0.4850914200      0.7874198208E-02
  0.4865613940      0.7759312249E-02
  0.4880313680      0.7747791960E-02
  0.4895013420      0.7830753588E-02
  0.4909713160      0.8005911589E-02
  0.4924412900      0.8272683352E-02
  0.4939112640      0.8638747400E-02
  0.4953812380      0.9124021036E-02
  0.4968512120      0.9756563274E-02
  0.4983211860      0.1054392098E-01
  0.4997911600      0.1141653611E-01
  0.5012611340      0.1228184943E-01
  0.5027311080      0.1306714365E-01
  0.5042010820      0.1378576301E-01
  0.5056710560      0.1443196344E-01
  0.5071410300      0.1496920514E-01
  0.5086110040      0.1532597115E-01
  0.5100809780      0.1548416204E-01
  0.5115509520      0.1552166548E-01
  0.5130209260      0.1552332483E-01
  0.5144909000      0.1553223135E-01
  0.5159608740      0.1546580947E-01
  0.5174308480      0.1523609255E-01
  0.5189008220      0.1481271893E-01
  0.5203707960      0.1423649075E-01
  0.5218407700      0.1356952972E-01
  0.5233107440      0.1283762153E-01
  0.5247807180      0.1208641534E-01
  0.5262506920      0.1136112750E-01
  0.5277206660      0.1070730029E-01
  0.5291906400      0.1013824545E-01
  0.5306606140      0.9639719911E-02
  0.5321305880      0.9207713908E-02
  0.5336005620      0.8817897933E-02
  0.5350705360      0.8464246072E-02
  0.5365405100      0.8114470802E-02
  0.5380104840      0.7766766472E-02
  0.5394804580      0.7416141643E-02
  0.5409504320      0.7079469152E-02
  0.5424204060      0.6768888052E-02
  0.5438903800      0.6486524486E-02
  0.5453603540      0.6240595383E-02
  0.5468303280      0.6012842702E-02
  0.5483003020      0.5810775088E-02
  0.5497702760      0.5599232161E-02
  0.5512402500      0.5395714570E-02
  0.5527102240      0.5154036227E-02
  0.5541801980      0.4890068658E-02
  0.5556501720      0.4569089051E-02
  0.5571201460      0.4254589567E-02
  0.5585901200      0.3986612981E-02
  0.5600600940      0.3805839204E-02
  0.5615300680      0.3694842952E-02
  0.5630000420      0.3602709211E-02
  0.5644700160      0.3521626020E-02
  0.5659399900      0.3432786428E-02
  0.5674099640      0.3352430966E-02
  0.5688799380      0.3266948959E-02
  0.5703499120      0.3178152969E-02
  0.5718198860      0.3090035566E-02
  0.5732898600      0.3000534469E-02
  0.5747598340      0.2937107553E-02
  0.5762298080      0.2892627664E-02
  0.5776997820      0.2877343529E-02
  0.5791697560      0.2801313672E-02
  0.5806397300      0.2608433999E-02
  0.5821097040      0.2238644422E-02
  0.5835796780      0.1779795396E-02
  0.5850496520      0.1323280314E-02
  0.5865196260      0.9648866282E-03
  0.5879896000      0.7010478760E-03
  0.5894595740      0.5111719391E-03
  0.5909295480      0.3619808045E-03
  0.5923995220      0.2459640037E-03
  0.5938694960      0.1547722860E-03
  0.5953394700      0.8888083672E-04
  0.5968094440      0.4368454218E-04
  0.5982794180      0.1825417956E-04
  0.5997493920      0.5772746396E-05
  0.6012193660      0.1405467652E-05
  0.6026893400      0.1589218126E-06
  0.6041593140       0.000000000    
  0.6056292880      0.4987075838E-09
  0.6070992620      0.1496122751E-08
  0.6085692360      0.8205699459E-08
  0.6100392100      0.3970070421E-07
  0.6115091840      0.1428914576E-06
  0.6129791580      0.3918711696E-06
  0.6144491320      0.8329145790E-06
  0.6159191060      0.1518391297E-05
  0.6173890800      0.2520060184E-05
  0.6188590540      0.4056560869E-05
  0.6203290280      0.6333710476E-05
  0.6217990020      0.9449664433E-05
  0.6232689760      0.1343608145E-04
  0.6247389500      0.1833689252E-04
  0.6262089240      0.2455062581E-04
  0.6276788980      0.3232322038E-04
  0.6291488720      0.4202194529E-04
  0.6306188460      0.5336811654E-04
  0.6320888200      0.6665871788E-04
  0.6335587940      0.8183283853E-04
  0.6350287680      0.1002706398E-03
  0.6364987420      0.1225644585E-03
  0.6379687160      0.1507261175E-03
  0.6394386900      0.1859580596E-03
  0.6409086640      0.2326287989E-03
  0.6423786380      0.2972662920E-03
  0.6438486120      0.3784500635E-03
  0.6453185860      0.4643776767E-03
  0.6467885600      0.5315612485E-03
  0.6482585340      0.5738478915E-03
  0.6497285080      0.5987467983E-03
  0.6511984820      0.6257334295E-03
  0.6526684560      0.6616512455E-03
  0.6541384300      0.7051746390E-03
  0.6556084040      0.7520191330E-03
  0.6570783780      0.8008099178E-03
  0.6585483520      0.8524457508E-03
  0.6600183260      0.9065665409E-03
  0.6614883000      0.9626847092E-03
  0.6629582740      0.1020569515E-02
  0.6644282480      0.1081865913E-02
  0.6658982220      0.1148510656E-02
  0.6673681960      0.1226153701E-02
  0.6688381700      0.1312909685E-02
  0.6703081440      0.1403022560E-02
  0.6717781180      0.1474756715E-02
  0.6732480920      0.1519083958E-02
  0.6747180660      0.1534451101E-02
  0.6761880400      0.1539574636E-02
  0.6776580140      0.1543432885E-02
  0.6791279880      0.1552579649E-02
  0.6805979620      0.1562782974E-02
  0.6820679360      0.1574688979E-02
  0.6835379100      0.1587281169E-02
  0.6850078840      0.1601047959E-02
  0.6864778580      0.1614786193E-02
  0.6879478320      0.1626979123E-02
  0.6894178060      0.1637978997E-02
  0.6908877800      0.1648751275E-02
  0.6923577540      0.1659683868E-02
  0.6938277280      0.1670931676E-02
  0.6952977020      0.1680618311E-02
  0.6967676760      0.1689313713E-02
  0.6982376500      0.1695936014E-02
  0.6997076240      0.1701342136E-02
  0.7011775980      0.1705973715E-02
  0.7026475720      0.1709903300E-02
  0.7041175460      0.1715780867E-02
  0.7055875200      0.1722135851E-02
  0.7070574940      0.1732727484E-02
  0.7085274680      0.1743401651E-02
  0.7099974420      0.1757071907E-02
  0.7114674160      0.1769946324E-02
  0.7129373900      0.1787135610E-02
  0.7144073640      0.1808570601E-02
  0.7158773380      0.1837856882E-02
  0.7173473120      0.1872657351E-02
  0.7188172860      0.1914967282E-02
  0.7202872600      0.1966515622E-02
  0.7217572340      0.2031732357E-02
  0.7232272080      0.2106657212E-02
  0.7246971820      0.2186739595E-02
  0.7261671560      0.2269009780E-02
  0.7276371300      0.2360558592E-02
  0.7291071040      0.2469308887E-02
  0.7305770780      0.2600827649E-02
  0.7320470520      0.2754162664E-02
  0.7335170260      0.2921385629E-02

 -0.7349870000      0.1999555271E-04
 -0.7335170260      0.2051810918E-04
 -0.7320470520      0.2122916040E-04
 -0.7305770780      0.2209125975E-04
 -0.7291071040      0.2301515123E-04
 -0.7276371300      0.2389254230E-04
 -0.7261671560      0.2477336017E-04
 -0.7246971820      0.2564338480E-04
 -0.7232272080      0.2653017592E-04
 -0.7217572340      0.2738460576E-04
 -0.7202872600      0.2822126253E-04
 -0.7188172860      0.2904369261E-04
 -0.7173473120      0.2994813425E-04
 -0.7158773380      0.3091580313E-04
 -0.7144073640      0.3193990729E-04
 -0.7129373900      0.3297843960E-04
 -0.7114674160      0.3404364609E-04
 -0.7099974420      0.3511424889E-04
 -0.7085274680      0.3616575092E-04
 -0.7070574940      0.3724071479E-04
 -0.7055875200      0.3834640388E-04
 -0.7041175460      0.3952567127E-04
 -0.7026475720      0.4074047488E-04
 -0.7011775980      0.4201832513E-04
 -0.6997076240      0.4331170871E-04
 -0.6982376500      0.4458569875E-04
 -0.6967676760      0.4583128731E-04
 -0.6952977020      0.4707424604E-04
 -0.6938277280      0.4845131162E-04
 -0.6923577540      0.4992421459E-04
 -0.6908877800      0.5151225720E-04
 -0.6894178060      0.5304639239E-04
 -0.6879478320      0.5461744447E-04
 -0.6864778580      0.5612268100E-04
 -0.6850078840      0.5762067699E-04
 -0.6835379100      0.5902050742E-04
 -0.6820679360      0.6046391070E-04
 -0.6805979620      0.6194360499E-04
 -0.6791279880      0.6353708847E-04
 -0.6776580140      0.6512131183E-04
 -0.6761880400      0.6674619736E-04
 -0.6747180660      0.6831374916E-04
 -0.6732480920      0.7001152969E-04
 -0.6717781180      0.7170047675E-04
 -0.6703081440      0.7351334830E-04
 -0.6688381700      0.7519586220E-04
 -0.6673681960      0.7696378593E-04
 -0.6658982220      0.7873845984E-04
 -0.6644282480      0.8068632175E-04
 -0.6629582740      0.8274098635E-04
 -0.6614883000      0.8480119670E-04
 -0.6600183260      0.8690793129E-04
 -0.6585483520      0.8893783820E-04
 -0.6570783780      0.9117653266E-04
 -0.6556084040      0.9336024921E-04
 -0.6541384300      0.9570650466E-04
 -0.6526684560      0.9783121879E-04
 -0.6511984820      0.1001018799E-03
 -0.6497285080      0.1023124264E-03
 -0.6482585340      0.1048140277E-03
 -0.6467885600      0.1074096556E-03
 -0.6453185860      0.1101735736E-03
 -0.6438486120      0.1130115967E-03
 -0.6423786380      0.1158289413E-03
 -0.6409086640      0.1187112697E-03
 -0.6394386900      0.1214338325E-03
 -0.6379687160      0.1243322077E-03
 -0.6364987420      0.1271867447E-03
 -0.6350287680      0.1301971899E-03
 -0.6335587940      0.1330328956E-03
 -0.6320888200      0.1358955507E-03
 -0.6306188460      0.1389847573E-03
 -0.6291488720      0.1423894178E-03
 -0.6276788980      0.1460903539E-03
 -0.6262089240      0.1497696532E-03
 -0.6247389500      0.1534679360E-03
 -0.6232689760      0.1572246759E-03
 -0.6217990020      0.1611368404E-03
 -0.6203290280      0.1652283202E-03
 -0.6188590540      0.1695022027E-03
 -0.6173890800      0.1739559847E-03
 -0.6159191060      0.1787647869E-03
 -0.6144491320      0.1837858465E-03
 -0.6129791580      0.1893096861E-03
 -0.6115091840      0.1949783122E-03
 -0.6100392100      0.2011889637E-03
 -0.6085692360      0.2077748750E-03
 -0.6070992620      0.2156737830E-03
 -0.6056292880      0.2249711147E-03
 -0.6041593140      0.2355751892E-03
 -0.6026893400      0.2459031447E-03
 -0.6012193660      0.2544515940E-03
 -0.5997493920      0.2608459794E-03
 -0.5982794180      0.2654706985E-03
 -0.5968094440      0.2698458894E-03
 -0.5953394700      0.2737788201E-03
 -0.5938694960      0.2779839153E-03
 -0.5923995220      0.2812101399E-03
 -0.5909295480      0.2844643249E-03
 -0.5894595740      0.2869046583E-03
 -0.5879896000      0.2899058045E-03
 -0.5865196260      0.2925100476E-03
 -0.5850496520      0.2958045927E-03
 -0.5835796780      0.2990181387E-03
 -0.5821097040      0.3033742211E-03
 -0.5806397300      0.3084852073E-03
 -0.5791697560      0.3147569964E-03
 -0.5776997820      0.3205951052E-03
 -0.5762298080      0.3246623991E-03
 -0.5747598340      0.3262039310E-03
 -0.5732898600      0.3256467865E-03
 -0.5718198860      0.3247495693E-03
 -0.5703499120      0.3237144700E-03
 -0.5688799380      0.3237932284E-03
 -0.5674099640      0.3240198180E-03
 -0.5659399900      0.3252519319E-03
 -0.5644700160      0.3261818098E-03
 -0.5630000420      0.3272884892E-03
 -0.5615300680      0.3280498477E-03
 -0.5600600940      0.3289390114E-03
 -0.5585901200      0.3302135297E-03
 -0.5571201460      0.3317397982E-03
 -0.5556501720      0.3337949857E-03
 -0.5541801980      0.3356129131E-03
 -0.5527102240      0.3373210104E-03
 -0.5512402500      0.3386502602E-03
 -0.5497702760      0.3398905691E-03
 -0.5483003020      0.3414912795E-03
 -0.5468303280      0.3429701383E-03
 -0.5453603540      0.3449276277E-03
 -0.5438903800      0.3463953512E-03
 -0.5424204060      0.3484698605E-03
 -0.5409504320      0.3503003422E-03
 -0.5394804580      0.3525949988E-03
 -0.5380104840      0.3545312327E-03
 -0.5365405100      0.3566031271E-03
 -0.5350705360      0.3589912315E-03
 -0.5336005620      0.3618069094E-03
 -0.5321305880      0.3650277580E-03
 -0.5306606140      0.3680958837E-03
 -0.5291906400      0.3711780926E-03
 -0.5277206660      0.3738578084E-03
 -0.5262506920      0.3758043160E-03
 -0.5247807180      0.3770890674E-03
 -0.5233107440      0.3778639584E-03
 -0.5218407700      0.3793968605E-03
 -0.5203707960      0.3810463606E-03
 -0.5189008220      0.3836102121E-03
 -0.5174308480      0.3859957010E-03
 -0.5159608740      0.3894739229E-03
 -0.5144909000      0.3936095583E-03
 -0.5130209260      0.4002147202E-03
 -0.5115509520      0.4098426618E-03
 -0.5100809780      0.4227290386E-03
 -0.5086110040      0.4361133085E-03
 -0.5071410300      0.4465171085E-03
 -0.5056710560      0.4526766192E-03
 -0.5042010820      0.4552085295E-03
 -0.5027311080      0.4532313635E-03
 -0.5012611340      0.4420405712E-03
 -0.4997911600      0.4163070393E-03
 -0.4983211860      0.3773029208E-03
 -0.4968512120      0.3311982787E-03
 -0.4953812380      0.2865367651E-03
 -0.4939112640      0.2464683920E-03
 -0.4924412900      0.2116945651E-03
 -0.4909713160      0.1812217017E-03
 -0.4895013420      0.1555682132E-03
 -0.4880313680      0.1351430340E-03
 -0.4865613940      0.1198121905E-03
 -0.4850914200      0.1084295923E-03
 -0.4836214460      0.9949906763E-04
 -0.4821514720      0.9143233621E-04
 -0.4806814980      0.8337466053E-04
 -0.4792115240      0.7535902985E-04
 -0.4777415500      0.6828189969E-04
 -0.4762715760      0.6258754549E-04
 -0.4748016020      0.5881203453E-04
 -0.4733316280      0.5640586811E-04
 -0.4718616540      0.5607146972E-04
 -0.4703916800      0.5712128505E-04
 -0.4689217060      0.6030025137E-04
 -0.4674517320      0.6479081771E-04
 -0.4659817580      0.7132104203E-04
 -0.4645117840      0.7963694503E-04
 -0.4630418100      0.9142428643E-04
 -0.4615718360      0.1071147918E-03
 -0.4601018620      0.1288291222E-03
 -0.4586318880      0.1556192985E-03
 -0.4571619140      0.1891755368E-03
 -0.4556919400      0.2272097415E-03
 -0.4542219660      0.2710738278E-03
 -0.4527519920      0.3162282558E-03
 -0.4512820180      0.3630602880E-03
 -0.4498120440      0.4077388758E-03
 -0.4483420700      0.4550109326E-03
 -0.4468720960      0.5083440632E-03
 -0.4454021220      0.5789182241E-03
 -0.4439321480      0.6682030698E-03
 -0.4424621740      0.7674542130E-03
 -0.4409922000      0.8508816740E-03
 -0.4395222260      0.8988141514E-03
 -0.4380522520      0.9088404457E-03
 -0.4365822780      0.8985284967E-03
 -0.4351123040      0.8866584763E-03
 -0.4336423300      0.8819844606E-03
 -0.4321723560      0.8850609535E-03
 -0.4307023820      0.8896197267E-03
 -0.4292324080      0.8893518135E-03
 -0.4277624340      0.8743024779E-03
 -0.4262924600      0.8425575879E-03
 -0.4248224860      0.7971188345E-03
 -0.4233525120      0.7464645090E-03
 -0.4218825380      0.6993620267E-03
 -0.4204125640      0.6580098756E-03
 -0.4189425900      0.6280333959E-03
 -0.4174726160      0.6026119622E-03
 -0.4160026420      0.5858243886E-03
 -0.4145326680      0.5679138095E-03
 -0.4130626940      0.5563973079E-03
 -0.4115927200      0.5426796855E-03
 -0.4101227460      0.5341657615E-03
 -0.4086527720      0.5228076136E-03
 -0.4071827980      0.5158655059E-03
 -0.4057128240      0.5070749061E-03
 -0.4042428500      0.5018732626E-03
 -0.4027728760      0.4943075015E-03
 -0.4013029020      0.4891037204E-03
 -0.3998329280      0.4818694110E-03
 -0.3983629540      0.4765685224E-03
 -0.3968929800      0.4702260960E-03
 -0.3954230060      0.4655436506E-03
 -0.3939530320      0.4621690402E-03
 -0.3924830580      0.4591507750E-03
 -0.3910130840      0.4577722212E-03
 -0.3895431100      0.4537079041E-03
 -0.3880731360      0.4520603206E-03
 -0.3866031620      0.4472104503E-03
 -0.3851331880      0.4458568926E-03
 -0.3836632140      0.4406590078E-03
 -0.3821932400      0.4390612514E-03
 -0.3807232660      0.4333515808E-03
 -0.3792532920      0.4313668228E-03
 -0.3777833180      0.4253267546E-03
 -0.3763133440      0.4235237021E-03
 -0.3748433700      0.4180085709E-03
 -0.3733733960      0.4165828992E-03
 -0.3719034220      0.4111341357E-03
 -0.3704334480      0.4095774092E-03
 -0.3689634740      0.4042725555E-03
 -0.3674935000      0.4026288707E-03
 -0.3660235260      0.3976050521E-03
 -0.3645535520      0.3955639049E-03
 -0.3630835780      0.3911793268E-03
 -0.3616136040      0.3895447252E-03
 -0.3601436300      0.3874481565E-03
 -0.3586736560      0.3870331453E-03
 -0.3572036820      0.3863785083E-03
 -0.3557337080      0.3861289925E-03
 -0.3542637340      0.3873917393E-03
 -0.3527937600      0.3904592735E-03
 -0.3513237860      0.3982611679E-03
 -0.3498538120      0.4105430730E-03
 -0.3483838380      0.4293854989E-03
 -0.3469138640      0.4502989626E-03
 -0.3454438900      0.4736743445E-03
 -0.3439739160      0.4983675441E-03
 -0.3425039420      0.5295926159E-03
 -0.3410339680      0.5667392914E-03
 -0.3395639940      0.6070442944E-03
 -0.3380940200      0.6449291509E-03
 -0.3366240460      0.6769285801E-03
 -0.3351540720      0.7047893138E-03
 -0.3336840980      0.7286949440E-03
 -0.3322141240      0.7519312696E-03
 -0.3307441500      0.7724880424E-03
 -0.3292741760      0.7932521203E-03
 -0.3278042020      0.8111770808E-03
 -0.3263342280      0.8272858791E-03
 -0.3248642540      0.8371463334E-03
 -0.3233942800      0.8425867324E-03
 -0.3219243060      0.8442324382E-03
 -0.3204543320      0.8460688856E-03
 -0.3189843580      0.8494624728E-03
 -0.3175143840      0.8548036256E-03
 -0.3160444100      0.8615919096E-03
 -0.3145744360      0.8688092319E-03
 -0.3131044620      0.8760892080E-03
 -0.3116344880      0.8829421207E-03
 -0.3101645140      0.8879139088E-03
 -0.3086945400      0.8897557152E-03
 -0.3072245660      0.8889629973E-03
 -0.3057545920      0.8872760101E-03
 -0.3042846180      0.8873198312E-03
 -0.3028146440      0.8884642657E-03
 -0.3013446700      0.8925583126E-03
 -0.2998746960      0.8980531561E-03
 -0.2984047220      0.9063561889E-03
 -0.2969347480      0.9149893568E-03
 -0.2954647740      0.9249962980E-03
 -0.2939948000      0.9354001815E-03
 -0.2925248260      0.9462497120E-03
 -0.2910548520      0.9573837366E-03
 -0.2895848780      0.9678162421E-03
 -0.2881149040      0.9787018343E-03
 -0.2866449300      0.9882246178E-03
 -0.2851749560      0.9977400455E-03
 -0.2837049820      0.1006016274E-02
 -0.2822350080      0.1013787095E-02
 -0.2807650340      0.1021243273E-02
 -0.2792950600      0.1028030400E-02
 -0.2778250860      0.1035334872E-02
 -0.2763551120      0.1040959430E-02
 -0.2748851380      0.1047490130E-02
 -0.2734151640      0.1053766513E-02
 -0.2719451900      0.1063233892E-02
 -0.2704752160      0.1073108870E-02
 -0.2690052420      0.1085461847E-02
 -0.2675352680      0.1098505131E-02
 -0.2660652940      0.1114016942E-02
 -0.2645953200      0.1130289255E-02
 -0.2631253460      0.1146650955E-02
 -0.2616553720      0.1163480272E-02
 -0.2601853980      0.1179597791E-02
 -0.2587154240      0.1195379229E-02
 -0.2572454500      0.1208973093E-02
 -0.2557754760      0.1222525717E-02
 -0.2543055020      0.1238859308E-02
 -0.2528355280      0.1257829634E-02
 -0.2513655540      0.1280289732E-02
 -0.2498955800      0.1303187294E-02
 -0.2484256060      0.1329554187E-02
 -0.2469556320      0.1357606151E-02
 -0.2454856580      0.1385300156E-02
 -0.2440156840      0.1409834620E-02
 -0.2425457100      0.1428008605E-02
 -0.2410757360      0.1442656204E-02
 -0.2396057620      0.1452405579E-02
 -0.2381357880      0.1460683802E-02
 -0.2366658140      0.1468555732E-02
 -0.2351958400      0.1478649743E-02
 -0.2337258660      0.1492013350E-02
 -0.2322558920      0.1505208199E-02
 -0.2307859180      0.1518086895E-02
 -0.2293159440      0.1529400986E-02
 -0.2278459700      0.1542827447E-02
 -0.2263759960      0.1558180242E-02
 -0.2249060220      0.1576469176E-02
 -0.2234360480      0.1594505467E-02
 -0.2219660740      0.1613073530E-02
 -0.2204961000      0.1629430947E-02
 -0.2190261260      0.1646295617E-02
 -0.2175561520      0.1660576378E-02
 -0.2160861780      0.1674959775E-02
 -0.2146162040      0.1687875700E-02
 -0.2131462300      0.1701422717E-02
 -0.2116762560      0.1714432368E-02
 -0.2102062820      0.1728015003E-02
 -0.2087363080      0.1742739328E-02
 -0.2072663340      0.1758734695E-02
 -0.2057963600      0.1775528315E-02
 -0.2043263860      0.1791828870E-02
 -0.2028564120      0.1807642527E-02
 -0.2013864380      0.1820946618E-02
 -0.1999164640      0.1834139688E-02
 -0.1984464900      0.1846919984E-02
 -0.1969765160      0.1862825885E-02
 -0.1955065420      0.1878241445E-02
 -0.1940365680      0.1894847085E-02
 -0.1925665940      0.1910175606E-02
 -0.1910966200      0.1927331018E-02
 -0.1896266460      0.1944065796E-02
 -0.1881566720      0.1963132526E-02
 -0.1866866980      0.1982289477E-02
 -0.1852167240      0.2003027655E-02
 -0.1837467500      0.2019813192E-02
 -0.1822767760      0.2034010666E-02
 -0.1808068020      0.2043169813E-02
 -0.1793368280      0.2051299066E-02
 -0.1778668540      0.2057932605E-02
 -0.1763968800      0.2066533371E-02
 -0.1749269060      0.2077085585E-02
 -0.1734569320      0.2088732401E-02
 -0.1719869580      0.2099674760E-02
 -0.1705169840      0.2108802726E-02
 -0.1690470100      0.2118191084E-02
 -0.1675770360      0.2126961767E-02
 -0.1661070620      0.2135326015E-02
 -0.1646370880      0.2141718067E-02
 -0.1631671140      0.2146708948E-02
 -0.1616971400      0.2152586493E-02
 -0.1602271660      0.2159295868E-02
 -0.1587571920      0.2169779542E-02
 -0.1572872180      0.2180893167E-02
 -0.1558172440      0.2194441301E-02
 -0.1543472700      0.2208793098E-02
 -0.1528772960      0.2227565228E-02
 -0.1514073220      0.2254001757E-02
 -0.1499373480      0.2288849689E-02
 -0.1484673740      0.2332045435E-02
 -0.1469974000      0.2374868781E-02
 -0.1455274260      0.2414764041E-02
 -0.1440574520      0.2444413622E-02
 -0.1425874780      0.2466478445E-02
 -0.1411175040      0.2477767322E-02
 -0.1396475300      0.2481081683E-02
 -0.1381775560      0.2476153016E-02
 -0.1367075820      0.2467993484E-02
 -0.1352376080      0.2459186961E-02
 -0.1337676340      0.2451900486E-02
 -0.1322976600      0.2444057960E-02
 -0.1308276860      0.2443056495E-02
 -0.1293577120      0.2450665257E-02
 -0.1278877380      0.2469383831E-02
 -0.1264177640      0.2475463837E-02
 -0.1249477900      0.2456920351E-02
 -0.1234778160      0.2403530143E-02
 -0.1220078420      0.2330473407E-02
 -0.1205378680      0.2247009218E-02
 -0.1190678940      0.2164227900E-02
 -0.1175979200      0.2088949262E-02
 -0.1161279460      0.2027612427E-02
 -0.1146579720      0.1982113286E-02
 -0.1131879980      0.1947786319E-02
 -0.1117180240      0.1919699172E-02
 -0.1102480500      0.1895807007E-02
 -0.1087780760      0.1875483985E-02
 -0.1073081020      0.1855920614E-02
 -0.1058381280      0.1830699996E-02
 -0.1043681540      0.1794364851E-02
 -0.1028981800      0.1747836688E-02
 -0.1014282060      0.1695841759E-02
 -0.9995823200E-01  0.1646422877E-02
 -0.9848825800E-01  0.1602310002E-02
 -0.9701828400E-01  0.1567209782E-02
 -0.9554831000E-01  0.1538226193E-02
 -0.9407833600E-01  0.1514083816E-02
 -0.9260836200E-01  0.1489827059E-02
 -0.9113838800E-01  0.1466783326E-02
 -0.8966841400E-01  0.1445698724E-02
 -0.8819844000E-01  0.1429547784E-02
 -0.8672846600E-01  0.1417323259E-02
 -0.8525849200E-01  0.1411331712E-02
 -0.8378851800E-01  0.1409016640E-02
 -0.8231854400E-01  0.1405538177E-02
 -0.8084857000E-01  0.1386404939E-02
 -0.7937859600E-01  0.1347711267E-02
 -0.7790862200E-01  0.1294386649E-02
 -0.7643864800E-01  0.1244352699E-02
 -0.7496867400E-01  0.1203820973E-02
 -0.7349870000E-01  0.1171883603E-02
 -0.7202872600E-01  0.1139180543E-02
 -0.7055875200E-01  0.1105306427E-02
 -0.6908877800E-01  0.1071276073E-02
 -0.6761880400E-01  0.1041508251E-02
 -0.6614883000E-01  0.1015386399E-02
 -0.6467885600E-01  0.9935302559E-03
 -0.6320888200E-01  0.9751997085E-03
 -0.6173890800E-01  0.9622574758E-03
 -0.6026893400E-01  0.9573501331E-03
 -0.5879896000E-01  0.9652868761E-03
 -0.5732898600E-01  0.9812358047E-03
 -0.5585901200E-01  0.9892374339E-03
 -0.5438903800E-01  0.9649971870E-03
 -0.5291906400E-01  0.9049689004E-03
 -0.5144909000E-01  0.8247709629E-03
 -0.4997911600E-01  0.7517930169E-03
 -0.4850914200E-01  0.6960174438E-03
 -0.4703916800E-01  0.6559782525E-03
 -0.4556919400E-01  0.6242621201E-03
 -0.4409922000E-01  0.5987169444E-03
 -0.4262924600E-01  0.5782723005E-03
 -0.4115927200E-01  0.5609565048E-03
 -0.3968929800E-01  0.5440122890E-03
 -0.3821932400E-01  0.5249849666E-03
 -0.3674935000E-01  0.5013211760E-03
 -0.3527937600E-01  0.4695805504E-03
 -0.3380940200E-01  0.4245449713E-03
 -0.3233942800E-01  0.3663884405E-03
 -0.3086945400E-01  0.2986674512E-03
 -0.2939948000E-01  0.2308754883E-03
 -0.2792950600E-01  0.1689978553E-03
 -0.2645953200E-01  0.1182523944E-03
 -0.2498955800E-01  0.7896174136E-04
 -0.2351958400E-01  0.5058480254E-04
 -0.2204961000E-01  0.3043511539E-04
 -0.2057963600E-01  0.1683293791E-04
 -0.1910966200E-01  0.8115345819E-05
 -0.1763968800E-01  0.3288024281E-05
 -0.1616971400E-01  0.1011055466E-05
 -0.1469974000E-01  0.2097065229E-06
 -0.1322976600E-01  0.2307118470E-07
 -0.1175979200E-01   0.000000000    
 -0.1028981800E-01   0.000000000    
 -0.8819844000E-02   0.000000000    
 -0.7349870000E-02   0.000000000    
 -0.5879896000E-02   0.000000000    
 -0.4409922000E-02   0.000000000    
 -0.2939948000E-02   0.000000000    
 -0.1469974000E-02   0.000000000    
  0.4250072516E-16   0.000000000    
  0.1469974000E-02   0.000000000    
  0.2939948000E-02   0.000000000    
  0.4409922000E-02   0.000000000    
  0.5879896000E-02   0.000000000    
  0.7349870000E-02   0.000000000    
  0.8819844000E-02   0.000000000    
  0.1028981800E-01   0.000000000    
  0.1175979200E-01   0.000000000    
  0.1322976600E-01   0.000000000    
  0.1469974000E-01   0.000000000    
  0.1616971400E-01   0.000000000    
  0.1763968800E-01   0.000000000    
  0.1910966200E-01   0.000000000    
  0.2057963600E-01   0.000000000    
  0.2204961000E-01   0.000000000    
  0.2351958400E-01   0.000000000    
  0.2498955800E-01   0.000000000    
  0.2645953200E-01   0.000000000    
  0.2792950600E-01   0.000000000    
  0.2939948000E-01   0.000000000    
  0.3086945400E-01   0.000000000    
  0.3233942800E-01   0.000000000    
  0.3380940200E-01   0.000000000    
  0.3527937600E-01   0.000000000    
  0.3674935000E-01   0.000000000    
  0.3821932400E-01   0.000000000    
  0.3968929800E-01   0.000000000    
  0.4115927200E-01   0.000000000    
  0.4262924600E-01   0.000000000    
  0.4409922000E-01   0.000000000    
  0.4556919400E-01   0.000000000    
  0.4703916800E-01   0.000000000    
  0.4850914200E-01   0.000000000    
  0.4997911600E-01   0.000000000    
  0.5144909000E-01   0.000000000    
  0.5291906400E-01   0.000000000    
  0.5438903800E-01   0.000000000    
  0.5585901200E-01   0.000000000    
  0.5732898600E-01   0.000000000    
  0.5879896000E-01   0.000000000    
  0.6026893400E-01   0.000000000    
  0.6173890800E-01   0.000000000    
  0.6320888200E-01   0.000000000    
  0.6467885600E-01   0.000000000    
  0.6614883000E-01   0.000000000    
  0.6761880400E-01   0.000000000    
  0.6908877800E-01   0.000000000    
  0.7055875200E-01   0.000000000    
  0.7202872600E-01   0.000000000    
  0.7349870000E-01   0.000000000    
  0.7496867400E-01   0.000000000    
  0.7643864800E-01   0.000000000    
  0.7790862200E-01   0.000000000    
  0.7937859600E-01   0.000000000    
  0.8084857000E-01   0.000000000    
  0.8231854400E-01   0.000000000    
  0.8378851800E-01   0.000000000    
  0.8525849200E-01   0.000000000    
  0.8672846600E-01   0.000000000    
  0.8819844000E-01   0.000000000    
  0.8966841400E-01   0.000000000    
  0.9113838800E-01   0.000000000    
  0.9260836200E-01   0.000000000    
  0.9407833600E-01   0.000000000    
  0.9554831000E-01   0.000000000    
  0.9701828400E-01   0.000000000    
  0.9848825800E-01   0.000000000    
  0.9995823200E-01   0.000000000    
  0.1014282060       0.000000000    
  0.1028981800       0.000000000    
  0.1043681540       0.000000000    
  0.1058381280       0.000000000    
  0.1073081020       0.000000000    
  0.1087780760       0.000000000    
  0.1102480500       0.000000000    
  0.1117180240       0.000000000    
  0.1131879980       0.000000000    
  0.1146579720       0.000000000    
  0.1161279460       0.000000000    
  0.1175979200       0.000000000    
  0.1190678940       0.000000000    
  0.1205378680       0.000000000    
  0.1220078420       0.000000000    
  0.1234778160       0.000000000    
  0.1249477900       0.000000000    
  0.1264177640       0.000000000    
  0.1278877380       0.000000000    
  0.1293577120       0.000000000    
  0.1308276860      0.1066548988E-07
  0.1322976600      0.9597986546E-07
  0.1337676340      0.5540687014E-06
  0.1352376080      0.2082493685E-05
  0.1367075820      0.5995069416E-05
  0.1381775560      0.1393099131E-04
  0.1396475300      0.2801040236E-04
  0.1411175040      0.5031028603E-04
  0.1425874780      0.8263361567E-04
  0.1440574520      0.1252955811E-03
  0.1455274260      0.1773716674E-03
  0.1469974000      0.2390457279E-03
  0.1484673740      0.3103238827E-03
  0.1499373480      0.3912451189E-03
  0.1514073220      0.4756224941E-03
  0.1528772960      0.5585171641E-03
  0.1543472700      0.6357074997E-03
  0.1558172440      0.7104762251E-03
  0.1572872180      0.7848390745E-03
  0.1587571920      0.8590184668E-03
  0.1602271660      0.9299494951E-03
  0.1616971400      0.9964886306E-03
  0.1631671140      0.1063077772E-02
  0.1646370880      0.1135207355E-02
  0.1661070620      0.1218346930E-02
  0.1675770360      0.1308270338E-02
  0.1690470100      0.1401290630E-02
  0.1705169840      0.1488226912E-02
  0.1719869580      0.1569113907E-02
  0.1734569320      0.1638915321E-02
  0.1749269060      0.1697849852E-02
  0.1763968800      0.1745990543E-02
  0.1778668540      0.1794060455E-02
  0.1793368280      0.1858525037E-02
  0.1808068020      0.1950591597E-02
  0.1822767760      0.2075016986E-02
  0.1837467500      0.2223911063E-02
  0.1852167240      0.2388860137E-02
  0.1866866980      0.2558456235E-02
  0.1881566720      0.2739311991E-02
  0.1896266460      0.2944882002E-02
  0.1910966200      0.3181085407E-02
  0.1925665940      0.3418526818E-02
  0.1940365680      0.3616489432E-02
  0.1955065420      0.3753803811E-02
  0.1969765160      0.3847451682E-02
  0.1984464900      0.3924000014E-02
  0.1999164640      0.4000171078E-02
  0.2013864380      0.4056923511E-02
  0.2028564120      0.4071982467E-02
  0.2043263860      0.4029389341E-02
  0.2057963600      0.3968097723E-02
  0.2072663340      0.3927559858E-02
  0.2087363080      0.3940179313E-02
  0.2102062820      0.3992598732E-02
  0.2116762560      0.4074056620E-02
  0.2131462300      0.4166051895E-02
  0.2146162040      0.4257335050E-02
  0.2160861780      0.4334208327E-02
  0.2175561520      0.4399375253E-02
  0.2190261260      0.4456808438E-02
  0.2204961000      0.4509345456E-02
  0.2219660740      0.4555813955E-02
  0.2234360480      0.4601671160E-02
  0.2249060220      0.4653003162E-02
  0.2263759960      0.4712257341E-02
  0.2278459700      0.4782910866E-02
  0.2293159440      0.4877555952E-02
  0.2307859180      0.4992756126E-02
  0.2322558920      0.5115583771E-02
  0.2337258660      0.5207436516E-02
  0.2351958400      0.5267527750E-02
  0.2366658140      0.5304433357E-02
  0.2381357880      0.5351564003E-02
  0.2396057620      0.5416066481E-02
  0.2410757360      0.5494371522E-02
  0.2425457100      0.5581792548E-02
  0.2440156840      0.5674275118E-02
  0.2454856580      0.5778985482E-02
  0.2469556320      0.5891478459E-02
  0.2484256060      0.6011737746E-02
  0.2498955800      0.6136388162E-02
  0.2513655540      0.6265116832E-02
  0.2528355280      0.6402819595E-02
  0.2543055020      0.6553869753E-02
  0.2557754760      0.6727593377E-02
  0.2572454500      0.6920106888E-02
  0.2587154240      0.7132553541E-02
  0.2601853980      0.7366565307E-02
  0.2616553720      0.7630781366E-02
  0.2631253460      0.7925664103E-02
  0.2645953200      0.8252496317E-02
  0.2660652940      0.8630060127E-02
  0.2675352680      0.9054827296E-02
  0.2690052420      0.9503269255E-02
  0.2704752160      0.9923876314E-02
  0.2719451900      0.1032438823E-01
  0.2734151640      0.1074020793E-01
  0.2748851380      0.1121957703E-01
  0.2763551120      0.1174335530E-01
  0.2778250860      0.1224395508E-01
  0.2792950600      0.1261320792E-01
  0.2807650340      0.1272440467E-01
  0.2822350080      0.1246321014E-01
  0.2837049820      0.1175355638E-01
  0.2851749560      0.1065699570E-01
  0.2866449300      0.9353303819E-02
  0.2881149040      0.8097715005E-02
  0.2895848780      0.7079837488E-02
  0.2910548520      0.6371743645E-02
  0.2925248260      0.5961130473E-02
  0.2939948000      0.5778645052E-02
  0.2954647740      0.5782740838E-02
  0.2969347480      0.5914028382E-02
  0.2984047220      0.6159529562E-02
  0.2998746960      0.6474279029E-02
  0.3013446700      0.6846484942E-02
  0.3028146440      0.7243024233E-02
  0.3042846180      0.7668298293E-02
  0.3057545920      0.8128898295E-02
  0.3072245660      0.8630352685E-02
  0.3086945400      0.9140973336E-02
  0.3101645140      0.9573341337E-02
  0.3116344880      0.9866511098E-02
  0.3131044620      0.1002421338E-01
  0.3145744360      0.1016927976E-01
  0.3160444100      0.1038784125E-01
  0.3175143840      0.1066719230E-01
  0.3189843580      0.1083713558E-01
  0.3204543320      0.1076011773E-01
  0.3219243060      0.1044267143E-01
  0.3233942800      0.1003662578E-01
  0.3248642540      0.9694189407E-02
  0.3263342280      0.9427595421E-02
  0.3278042020      0.9194719402E-02
  0.3292741760      0.8949231557E-02
  0.3307441500      0.8748049352E-02
  0.3322141240      0.8631754059E-02
  0.3336840980      0.8615607149E-02
  0.3351540720      0.8656464546E-02
  0.3366240460      0.8724500205E-02
  0.3380940200      0.8818599464E-02
  0.3395639940      0.8937157536E-02
  0.3410339680      0.9069115271E-02
  0.3425039420      0.9195751937E-02
  0.3439739160      0.9323535398E-02
  0.3454438900      0.9464345931E-02
  0.3469138640      0.9637259197E-02
  0.3483838380      0.9830119152E-02
  0.3498538120      0.1000840111E-01
  0.3513237860      0.1012125920E-01
  0.3527937600      0.1010890506E-01
  0.3542637340      0.9981565509E-02
  0.3557337080      0.9736779661E-02
  0.3572036820      0.9444460133E-02
  0.3586736560      0.9117660858E-02
  0.3601436300      0.8807799325E-02
  0.3616136040      0.8508399408E-02
  0.3630835780      0.8233614302E-02
  0.3645535520      0.7969875859E-02
  0.3660235260      0.7730585520E-02
  0.3674935000      0.7506511493E-02
  0.3689634740      0.7301493026E-02
  0.3704334480      0.7096845380E-02
  0.3719034220      0.6889716537E-02
  0.3733733960      0.6673765510E-02
  0.3748433700      0.6456439338E-02
  0.3763133440      0.6240857387E-02
  0.3777833180      0.6032675628E-02
  0.3792532920      0.5827154359E-02
  0.3807232660      0.5621119881E-02
  0.3821932400      0.5411545226E-02
  0.3836632140      0.5209896987E-02
  0.3851331880      0.5030328130E-02
  0.3866031620      0.4880210284E-02
  0.3880731360      0.4751891228E-02
  0.3895431100      0.4629309468E-02
  0.3910130840      0.4513165110E-02
  0.3924830580      0.4400294941E-02
  0.3939530320      0.4307289491E-02
  0.3954230060      0.4221317699E-02
  0.3968929800      0.4148976093E-02
  0.3983629540      0.4077414711E-02
  0.3998329280      0.4018412274E-02
  0.4013029020      0.3963037759E-02
  0.4027728760      0.3916879953E-02
  0.4042428500      0.3866823280E-02
  0.4057128240      0.3823666481E-02
  0.4071827980      0.3783767237E-02
  0.4086527720      0.3757801034E-02
  0.4101227460      0.3745377107E-02
  0.4115927200      0.3759772255E-02
  0.4130626940      0.3814449431E-02
  0.4145326680      0.3927568321E-02
  0.4160026420      0.4093517647E-02
  0.4174726160      0.4293731855E-02
  0.4189425900      0.4481128000E-02
  0.4204125640      0.4623186931E-02
  0.4218825380      0.4698855242E-02
  0.4233525120      0.4730149161E-02
  0.4248224860      0.4743844191E-02
  0.4262924600      0.4771510261E-02
  0.4277624340      0.4815971382E-02
  0.4292324080      0.4880845096E-02
  0.4307023820      0.4958965098E-02
  0.4321723560      0.5056246058E-02
  0.4336423300      0.5179181864E-02
  0.4351123040      0.5343109663E-02
  0.4365822780      0.5563708296E-02
  0.4380522520      0.5831491687E-02
  0.4395222260      0.6128347320E-02
  0.4409922000      0.6383913102E-02
  0.4424621740      0.6574201393E-02
  0.4439321480      0.6671354829E-02
  0.4454021220      0.6728258855E-02
  0.4468720960      0.6756189783E-02
  0.4483420700      0.6771531363E-02
  0.4498120440      0.6755642764E-02
  0.4512820180      0.6717351972E-02
  0.4527519920      0.6683779467E-02
  0.4542219660      0.6687581184E-02
  0.4556919400      0.6738953747E-02
  0.4571619140      0.6802072471E-02
  0.4586318880      0.6833785472E-02
  0.4601018620      0.6809038749E-02
  0.4615718360      0.6757681841E-02
  0.4630418100      0.6709342912E-02
  0.4645117840      0.6693660199E-02
  0.4659817580      0.6708335018E-02
  0.4674517320      0.6765700460E-02
  0.4689217060      0.6859090376E-02
  0.4703916800      0.6989093942E-02
  0.4718616540      0.7128865421E-02
  0.4733316280      0.7257533061E-02
  0.4748016020      0.7335383488E-02
  0.4762715760      0.7342806922E-02
  0.4777415500      0.7266592409E-02
  0.4792115240      0.7136904534E-02
  0.4806814980      0.6989987124E-02
  0.4821514720      0.6858925724E-02
  0.4836214460      0.6750068403E-02
  0.4850914200      0.6653583959E-02
  0.4865613940      0.6567796682E-02
  0.4880313680      0.6484227460E-02
  0.4895013420      0.6394325116E-02
  0.4909713160      0.6298017905E-02
  0.4924412900      0.6218565947E-02
  0.4939112640      0.6189812525E-02
  0.4953812380      0.6231916481E-02
  0.4968512120      0.6346490369E-02
  0.4983211860      0.6530697260E-02
  0.4997911600      0.6764454980E-02
  0.5012611340      0.7030850438E-02
  0.5027311080      0.7311623781E-02
  0.5042010820      0.7611721418E-02
  0.5056710560      0.7915870275E-02
  0.5071410300      0.8186952580E-02
  0.5086110040      0.8370804903E-02
  0.5100809780      0.8438637272E-02
  0.5115509520      0.8419830700E-02
  0.5130209260      0.8360665080E-02
  0.5144909000      0.8300505852E-02
  0.5159608740      0.8217780647E-02
  0.5174308480      0.8082244304E-02
  0.5189008220      0.7880354671E-02
  0.5203707960      0.7633232866E-02
  0.5218407700      0.7370416165E-02
  0.5233107440      0.7102192344E-02
  0.5247807180      0.6841991744E-02
  0.5262506920      0.6595356620E-02
  0.5277206660      0.6376936777E-02
  0.5291906400      0.6185742425E-02
  0.5306606140      0.6028856422E-02
  0.5321305880      0.5909598954E-02
  0.5336005620      0.5821574812E-02
  0.5350705360      0.5735415100E-02
  0.5365405100      0.5613686764E-02
  0.5380104840      0.5446896004E-02
  0.5394804580      0.5259340223E-02
  0.5409504320      0.5085600887E-02
  0.5424204060      0.4944443116E-02
  0.5438903800      0.4832782358E-02
  0.5453603540      0.4750062850E-02
  0.5468303280      0.4690851172E-02
  0.5483003020      0.4655441965E-02
  0.5497702760      0.4616243616E-02
  0.5512402500      0.4679212705E-02
  0.5527102240      0.4733865802E-02
  0.5541801980      0.4691500251E-02
  0.5556501720      0.4083420837E-02
  0.5571201460      0.3079794147E-02
  0.5585901200      0.1902969578E-02
  0.5600600940      0.1153089102E-02
  0.5615300680      0.7985123829E-03
  0.5630000420      0.7219826395E-03
  0.5644700160      0.6825798273E-03
  0.5659399900      0.6453665711E-03
  0.5674099640      0.6105628265E-03
  0.5688799380      0.5766650587E-03
  0.5703499120      0.5438564649E-03
  0.5718198860      0.5136699965E-03
  0.5732898600      0.4856819972E-03
  0.5747598340      0.4643616349E-03
  0.5762298080      0.4474553587E-03
  0.5776997820      0.4349427603E-03
  0.5791697560      0.4131412892E-03
  0.5806397300      0.3752964859E-03
  0.5821097040      0.3155101786E-03
  0.5835796780      0.2466311974E-03
  0.5850496520      0.1804446538E-03
  0.5865196260      0.1283000006E-03
  0.5879896000      0.8972457301E-04
  0.5894595740      0.6216907126E-04
  0.5909295480      0.4163756670E-04
  0.5923995220      0.2666068351E-04
  0.5938694960      0.1582467623E-04
  0.5953394700      0.8592007184E-05
  0.5968094440      0.4013601190E-05
  0.5982794180      0.1604520135E-05
  0.5997493920      0.4837132146E-06
  0.6012193660      0.1122440276E-06
  0.6026893400      0.1037824612E-07
  0.6041593140       0.000000000    
  0.6056292880      0.3602146132E-07
  0.6070992620      0.1080643840E-06
  0.6085692360      0.3736364167E-06
  0.6100392100      0.1098971130E-05
  0.6115091840      0.2936911902E-05
  0.6129791580      0.6456582763E-05
  0.6144491320      0.1172381803E-04
  0.6159191060      0.1841414795E-04
  0.6173890800      0.2640235461E-04
  0.6188590540      0.3673560641E-04
  0.6203290280      0.5015674138E-04
  0.6217990020      0.6652669575E-04
  0.6232689760      0.8464904889E-04
  0.6247389500      0.1039350349E-03
  0.6262089240      0.1252397445E-03
  0.6276788980      0.1493360291E-03
  0.6291488720      0.1770757359E-03
  0.6306188460      0.2069558776E-03
  0.6320888200      0.2389012852E-03
  0.6335587940      0.2712600340E-03
  0.6350287680      0.3068474061E-03
  0.6364987420      0.3458459001E-03
  0.6379687160      0.3925218701E-03
  0.6394386900      0.4469513026E-03
  0.6409086640      0.5132430906E-03
  0.6423786380      0.5944435766E-03
  0.6438486120      0.6914668270E-03
  0.6453185860      0.7967156301E-03
  0.6467885600      0.8942610667E-03
  0.6482585340      0.9737429896E-03
  0.6497285080      0.1037336053E-02
  0.6511984820      0.1095247270E-02
  0.6526684560      0.1157485123E-02
  0.6541384300      0.1223530133E-02
  0.6556084040      0.1293412086E-02
  0.6570783780      0.1362550973E-02
  0.6585483520      0.1432679203E-02
  0.6600183260      0.1502107247E-02
  0.6614883000      0.1572330570E-02
  0.6629582740      0.1640709424E-02
  0.6644282480      0.1708148441E-02
  0.6658982220      0.1775539443E-02
  0.6673681960      0.1850603907E-02
  0.6688381700      0.1932535624E-02
  0.6703081440      0.2016824347E-02
  0.6717781180      0.2084551627E-02
  0.6732480920      0.2128911842E-02
  0.6747180660      0.2149013373E-02
  0.6761880400      0.2160118940E-02
  0.6776580140      0.2168775528E-02
  0.6791279880      0.2179908688E-02
  0.6805979620      0.2190123050E-02
  0.6820679360      0.2200915490E-02
  0.6835379100      0.2213326207E-02
  0.6850078840      0.2227027205E-02
  0.6864778580      0.2239818155E-02
  0.6879478320      0.2248126825E-02
  0.6894178060      0.2253705122E-02
  0.6908877800      0.2259046788E-02
  0.6923577540      0.2264914748E-02
  0.6938277280      0.2270134876E-02
  0.6952977020      0.2271334847E-02
  0.6967676760      0.2270243589E-02
  0.6982376500      0.2266850346E-02
  0.6997076240      0.2262932543E-02
  0.7011775980      0.2255555958E-02
  0.7026475720      0.2246036537E-02
  0.7041175460      0.2237352814E-02
  0.7055875200      0.2233082567E-02
  0.7070574940      0.2235183956E-02
  0.7085274680      0.2238069904E-02
  0.7099974420      0.2243878733E-02
  0.7114674160      0.2249260010E-02
  0.7129373900      0.2263296935E-02
  0.7144073640      0.2285132615E-02
  0.7158773380      0.2339622053E-02
  0.7173473120      0.2473387558E-02
  0.7188172860      0.2751557489E-02
  0.7202872600      0.3182404364E-02
  0.7217572340      0.3683722228E-02
  0.7232272080      0.4130087541E-02
  0.7246971820      0.4448864207E-02
  0.7261671560      0.4666169293E-02
  0.7276371300      0.4849771723E-02
  0.7291071040      0.5057004121E-02
  0.7305770780      0.5306994279E-02
  0.7320470520      0.5605251393E-02
  0.7335170260      0.5934759794E-02

 -0.7349870000      0.1994134752E-04
 -0.7335170260      0.2047195845E-04
 -0.7320470520      0.2118929094E-04
 -0.7305770780      0.2205650462E-04
 -0.7291071040      0.2298617393E-04
 -0.7276371300      0.2386936865E-04
 -0.7261671560      0.2475483859E-04
 -0.7246971820      0.2562460828E-04
 -0.7232272080      0.2650751438E-04
 -0.7217572340      0.2735474274E-04
 -0.7202872600      0.2818470359E-04
 -0.7188172860      0.2900227147E-04
 -0.7173473120      0.2990278075E-04
 -0.7158773380      0.3086579698E-04
 -0.7144073640      0.3188513647E-04
 -0.7129373900      0.3291998823E-04
 -0.7114674160      0.3398599426E-04
 -0.7099974420      0.3505648663E-04
 -0.7085274680      0.3610783232E-04
 -0.7070574940      0.3717891226E-04
 -0.7055875200      0.3828150915E-04
 -0.7041175460      0.3945801790E-04
 -0.7026475720      0.4067179123E-04
 -0.7011775980      0.4194916274E-04
 -0.6997076240      0.4324192162E-04
 -0.6982376500      0.4451592935E-04
 -0.6967676760      0.4576136185E-04
 -0.6952977020      0.4700587996E-04
 -0.6938277280      0.4838507168E-04
 -0.6923577540      0.4986308155E-04
 -0.6908877800      0.5145713106E-04
 -0.6894178060      0.5299733667E-04
 -0.6879478320      0.5457445800E-04
 -0.6864778580      0.5608433550E-04
 -0.6850078840      0.5758362788E-04
 -0.6835379100      0.5897924411E-04
 -0.6820679360      0.6041586064E-04
 -0.6805979620      0.6188942557E-04
 -0.6791279880      0.6348069179E-04
 -0.6776580140      0.6506134012E-04
 -0.6761880400      0.6668533121E-04
 -0.6747180660      0.6824568784E-04
 -0.6732480920      0.6993932665E-04
 -0.6717781180      0.7161701065E-04
 -0.6703081440      0.7342397549E-04
 -0.6688381700      0.7509720061E-04
 -0.6673681960      0.7686214837E-04
 -0.6658982220      0.7863009218E-04
 -0.6644282480      0.8057539655E-04
 -0.6629582740      0.8262584296E-04
 -0.6614883000      0.8468745333E-04
 -0.6600183260      0.8679323114E-04
 -0.6585483520      0.8882336244E-04
 -0.6570783780      0.9105701004E-04
 -0.6556084040      0.9323644594E-04
 -0.6541384300      0.9557589428E-04
 -0.6526684560      0.9769740830E-04
 -0.6511984820      0.9996660156E-04
 -0.6497285080      0.1021769769E-03
 -0.6482585340      0.1046797389E-03
 -0.6467885600      0.1072702894E-03
 -0.6453185860      0.1100329189E-03
 -0.6438486120      0.1128638537E-03
 -0.6423786380      0.1156863715E-03
 -0.6409086640      0.1185643969E-03
 -0.6394386900      0.1212909559E-03
 -0.6379687160      0.1241806655E-03
 -0.6364987420      0.1270381331E-03
 -0.6350287680      0.1300390063E-03
 -0.6335587940      0.1328694255E-03
 -0.6320888200      0.1357193096E-03
 -0.6306188460      0.1388019017E-03
 -0.6291488720      0.1421953504E-03
 -0.6276788980      0.1458769300E-03
 -0.6262089240      0.1495351061E-03
 -0.6247389500      0.1532125537E-03
 -0.6232689760      0.1569555206E-03
 -0.6217990020      0.1608491011E-03
 -0.6203290280      0.1649197830E-03
 -0.6188590540      0.1691676040E-03
 -0.6173890800      0.1735907928E-03
 -0.6159191060      0.1783645206E-03
 -0.6144491320      0.1833415394E-03
 -0.6129791580      0.1888226043E-03
 -0.6115091840      0.1944372259E-03
 -0.6100392100      0.2005891632E-03
 -0.6085692360      0.2070887485E-03
 -0.6070992620      0.2148736717E-03
 -0.6056292880      0.2240107887E-03
 -0.6041593140      0.2344321493E-03
 -0.6026893400      0.2446055481E-03
 -0.6012193660      0.2530889835E-03
 -0.5997493920      0.2595423492E-03
 -0.5982794180      0.2643239120E-03
 -0.5968094440      0.2689533131E-03
 -0.5953394700      0.2732019613E-03
 -0.5938694960      0.2777838172E-03
 -0.5923995220      0.2813294954E-03
 -0.5909295480      0.2848044340E-03
 -0.5894595740      0.2873057020E-03
 -0.5879896000      0.2902995931E-03
 -0.5865196260      0.2928635426E-03
 -0.5850496520      0.2961405321E-03
 -0.5835796780      0.2993346502E-03
 -0.5821097040      0.3036679839E-03
 -0.5806397300      0.3087444558E-03
 -0.5791697560      0.3149823111E-03
 -0.5776997820      0.3207972914E-03
 -0.5762298080      0.3248663830E-03
 -0.5747598340      0.3264376677E-03
 -0.5732898600      0.3259214607E-03
 -0.5718198860      0.3250632393E-03
 -0.5703499120      0.3240443066E-03
 -0.5688799380      0.3241344342E-03
 -0.5674099640      0.3243503409E-03
 -0.5659399900      0.3255762220E-03
 -0.5644700160      0.3264873745E-03
 -0.5630000420      0.3275959569E-03
 -0.5615300680      0.3283553330E-03
 -0.5600600940      0.3292498663E-03
 -0.5585901200      0.3305118398E-03
 -0.5571201460      0.3320246391E-03
 -0.5556501720      0.3340588230E-03
 -0.5541801980      0.3358637193E-03
 -0.5527102240      0.3375605580E-03
 -0.5512402500      0.3388863512E-03
 -0.5497702760      0.3401227810E-03
 -0.5483003020      0.3417216063E-03
 -0.5468303280      0.3431933296E-03
 -0.5453603540      0.3451486391E-03
 -0.5438903800      0.3466111964E-03
 -0.5424204060      0.3486973020E-03
 -0.5409504320      0.3505354425E-03
 -0.5394804580      0.3528537102E-03
 -0.5380104840      0.3547979192E-03
 -0.5365405100      0.3568957109E-03
 -0.5350705360      0.3593064482E-03
 -0.5336005620      0.3621673480E-03
 -0.5321305880      0.3654219981E-03
 -0.5306606140      0.3685213683E-03
 -0.5291906400      0.3716156483E-03
 -0.5277206660      0.3742995282E-03
 -0.5262506920      0.3762374550E-03
 -0.5247807180      0.3775032761E-03
 -0.5233107440      0.3782531877E-03
 -0.5218407700      0.3797545526E-03
 -0.5203707960      0.3813801878E-03
 -0.5189008220      0.3839242098E-03
 -0.5174308480      0.3863007148E-03
 -0.5159608740      0.3897654161E-03
 -0.5144909000      0.3938854374E-03
 -0.5130209260      0.4004744796E-03
 -0.5115509520      0.4100912407E-03
 -0.5100809780      0.4229750134E-03
 -0.5086110040      0.4363619565E-03
 -0.5071410300      0.4467802135E-03
 -0.5056710560      0.4529648079E-03
 -0.5042010820      0.4555399411E-03
 -0.5027311080      0.4536202507E-03
 -0.5012611340      0.4424906443E-03
 -0.4997911600      0.4167973025E-03
 -0.4983211860      0.3778024938E-03
 -0.4968512120      0.3316869786E-03
 -0.4953812380      0.2870191654E-03
 -0.4939112640      0.2469603682E-03
 -0.4924412900      0.2122014155E-03
 -0.4909713160      0.1817288997E-03
 -0.4895013420      0.1560468028E-03
 -0.4880313680      0.1355678111E-03
 -0.4865613940      0.1201627378E-03
 -0.4850914200      0.1086912208E-03
 -0.4836214460      0.9966210612E-04
 -0.4821514720      0.9150533211E-04
 -0.4806814980      0.8338436999E-04
 -0.4792115240      0.7533429605E-04
 -0.4777415500      0.6824652815E-04
 -0.4762715760      0.6255629562E-04
 -0.4748016020      0.5880244497E-04
 -0.4733316280      0.5642682142E-04
 -0.4718616540      0.5612595376E-04
 -0.4703916800      0.5721010128E-04
 -0.4689217060      0.6042894806E-04
 -0.4674517320      0.6496722494E-04
 -0.4659817580      0.7154265357E-04
 -0.4645117840      0.7989531951E-04
 -0.4630418100      0.9169450970E-04
 -0.4615718360      0.1073678677E-03
 -0.4601018620      0.1290249042E-03
 -0.4586318880      0.1557492875E-03
 -0.4571619140      0.1892557825E-03
 -0.4556919400      0.2273005093E-03
 -0.4542219660      0.2712330044E-03
 -0.4527519920      0.3165130455E-03
 -0.4512820180      0.3635074225E-03
 -0.4498120440      0.4083882631E-03
 -0.4483420700      0.4559076670E-03
 -0.4468720960      0.5095679303E-03
 -0.4454021220      0.5805709942E-03
 -0.4439321480      0.6703836300E-03
 -0.4424621740      0.7701105450E-03
 -0.4409922000      0.8537522844E-03
 -0.4395222260      0.9014313773E-03
 -0.4380522520      0.9107695502E-03
 -0.4365822780      0.8995278759E-03
 -0.4351123040      0.8867528457E-03
 -0.4336423300      0.8813179778E-03
 -0.4321723560      0.8837800311E-03
 -0.4307023820      0.8878517474E-03
 -0.4292324080      0.8872791400E-03
 -0.4277624340      0.8721685752E-03
 -0.4262924600      0.8405838561E-03
 -0.4248224860      0.7954078158E-03
 -0.4233525120      0.7450392876E-03
 -0.4218825380      0.6981845013E-03
 -0.4204125640      0.6570466915E-03
 -0.4189425900      0.6272159968E-03
 -0.4174726160      0.6019000364E-03
 -0.4160026420      0.5852021998E-03
 -0.4145326680      0.5673776520E-03
 -0.4130626940      0.5559405156E-03
 -0.4115927200      0.5422697516E-03
 -0.4101227460      0.5337894003E-03
 -0.4086527720      0.5224455822E-03
 -0.4071827980      0.5155216704E-03
 -0.4057128240      0.5067667730E-03
 -0.4042428500      0.5016212694E-03
 -0.4027728760      0.4940967356E-03
 -0.4013029020      0.4889060282E-03
 -0.3998329280      0.4816663501E-03
 -0.3983629540      0.4764112168E-03
 -0.3968929800      0.4701309926E-03
 -0.3954230060      0.4655193658E-03
 -0.3939530320      0.4621612245E-03
 -0.3924830580      0.4591665912E-03
 -0.3910130840      0.4578194846E-03
 -0.3895431100      0.4538096444E-03
 -0.3880731360      0.4521992867E-03
 -0.3866031620      0.4473748188E-03
 -0.3851331880      0.4460344424E-03
 -0.3836632140      0.4408445157E-03
 -0.3821932400      0.4392322551E-03
 -0.3807232660      0.4334921924E-03
 -0.3792532920      0.4314595742E-03
 -0.3777833180      0.4253761572E-03
 -0.3763133440      0.4235407344E-03
 -0.3748433700      0.4180184744E-03
 -0.3733733960      0.4165882762E-03
 -0.3719034220      0.4111315598E-03
 -0.3704334480      0.4095394696E-03
 -0.3689634740      0.4042020120E-03
 -0.3674935000      0.4025140030E-03
 -0.3660235260      0.3974805098E-03
 -0.3645535520      0.3954364373E-03
 -0.3630835780      0.3910782247E-03
 -0.3616136040      0.3894426756E-03
 -0.3601436300      0.3873497326E-03
 -0.3586736560      0.3869313126E-03
 -0.3572036820      0.3862987735E-03
 -0.3557337080      0.3860673672E-03
 -0.3542637340      0.3873490708E-03
 -0.3527937600      0.3904546894E-03
 -0.3513237860      0.3983400895E-03
 -0.3498538120      0.4107803769E-03
 -0.3483838380      0.4298073193E-03
 -0.3469138640      0.4508893333E-03
 -0.3454438900      0.4743648032E-03
 -0.3439739160      0.4991460107E-03
 -0.3425039420      0.5305410107E-03
 -0.3410339680      0.5679932062E-03
 -0.3395639940      0.6087059660E-03
 -0.3380940200      0.6469493749E-03
 -0.3366240460      0.6791510178E-03
 -0.3351540720      0.7069862468E-03
 -0.3336840980      0.7306953865E-03
 -0.3322141240      0.7536275375E-03
 -0.3307441500      0.7738473613E-03
 -0.3292741760      0.7942620855E-03
 -0.3278042020      0.8118571223E-03
 -0.3263342280      0.8276736284E-03
 -0.3248642540      0.8373531155E-03
 -0.3233942800      0.8427472537E-03
 -0.3219243060      0.8444585305E-03
 -0.3204543320      0.8464117940E-03
 -0.3189843580      0.8498715105E-03
 -0.3175143840      0.8552636771E-03
 -0.3160444100      0.8620234869E-03
 -0.3145744360      0.8692081214E-03
 -0.3131044620      0.8763807936E-03
 -0.3116344880      0.8831625558E-03
 -0.3101645140      0.8881058640E-03
 -0.3086945400      0.8900259181E-03
 -0.3072245660      0.8893168584E-03
 -0.3057545920      0.8876567564E-03
 -0.3042846180      0.8876094615E-03
 -0.3028146440      0.8886081679E-03
 -0.3013446700      0.8925686740E-03
 -0.2998746960      0.8980006690E-03
 -0.2984047220      0.9063164053E-03
 -0.2969347480      0.9150220773E-03
 -0.2954647740      0.9251465778E-03
 -0.2939948000      0.9356477646E-03
 -0.2925248260      0.9465771296E-03
 -0.2910548520      0.9577424061E-03
 -0.2895848780      0.9682523833E-03
 -0.2881149040      0.9791949789E-03
 -0.2866449300      0.9888063948E-03
 -0.2851749560      0.9983586500E-03
 -0.2837049820      0.1006690300E-02
 -0.2822350080      0.1014466096E-02
 -0.2807650340      0.1021912669E-02
 -0.2792950600      0.1028632310E-02
 -0.2778250860      0.1035867790E-02
 -0.2763551120      0.1041418144E-02
 -0.2748851380      0.1047928528E-02
 -0.2734151640      0.1054192347E-02
 -0.2719451900      0.1063667257E-02
 -0.2704752160      0.1073512776E-02
 -0.2690052420      0.1085823858E-02
 -0.2675352680      0.1098834681E-02
 -0.2660652940      0.1114284138E-02
 -0.2645953200      0.1130515411E-02
 -0.2631253460      0.1146735767E-02
 -0.2616553720      0.1163438986E-02
 -0.2601853980      0.1179357460E-02
 -0.2587154240      0.1194976801E-02
 -0.2572454500      0.1208442664E-02
 -0.2557754760      0.1221934786E-02
 -0.2543055020      0.1238280392E-02
 -0.2528355280      0.1257229939E-02
 -0.2513655540      0.1279647989E-02
 -0.2498955800      0.1302427317E-02
 -0.2484256060      0.1328683144E-02
 -0.2469556320      0.1356681067E-02
 -0.2454856580      0.1384453847E-02
 -0.2440156840      0.1409132209E-02
 -0.2425457100      0.1427445379E-02
 -0.2410757360      0.1442220152E-02
 -0.2396057620      0.1452190873E-02
 -0.2381357880      0.1460831328E-02
 -0.2366658140      0.1469068361E-02
 -0.2351958400      0.1479440011E-02
 -0.2337258660      0.1492885587E-02
 -0.2322558920      0.1506120283E-02
 -0.2307859180      0.1518947123E-02
 -0.2293159440      0.1530214837E-02
 -0.2278459700      0.1543472205E-02
 -0.2263759960      0.1558647870E-02
 -0.2249060220      0.1576644797E-02
 -0.2234360480      0.1594381289E-02
 -0.2219660740      0.1612575236E-02
 -0.2204961000      0.1628673745E-02
 -0.2190261260      0.1645315399E-02
 -0.2175561520      0.1659465781E-02
 -0.2160861780      0.1673693407E-02
 -0.2146162040      0.1686610291E-02
 -0.2131462300      0.1700241659E-02
 -0.2116762560      0.1713417102E-02
 -0.2102062820      0.1727029922E-02
 -0.2087363080      0.1741687228E-02
 -0.2072663340      0.1757556783E-02
 -0.2057963600      0.1774239289E-02
 -0.2043263860      0.1790463875E-02
 -0.2028564120      0.1806187004E-02
 -0.2013864380      0.1819424490E-02
 -0.1999164640      0.1832564726E-02
 -0.1984464900      0.1845340334E-02
 -0.1969765160      0.1861254483E-02
 -0.1955065420      0.1876658548E-02
 -0.1940365680      0.1893265412E-02
 -0.1925665940      0.1908597922E-02
 -0.1910966200      0.1925817724E-02
 -0.1896266460      0.1942555027E-02
 -0.1881566720      0.1961470563E-02
 -0.1866866980      0.1980314219E-02
 -0.1852167240      0.2000708223E-02
 -0.1837467500      0.2017297966E-02
 -0.1822767760      0.2031329017E-02
 -0.1808068020      0.2040315317E-02
 -0.1793368280      0.2048201608E-02
 -0.1778668540      0.2054677529E-02
 -0.1763968800      0.2063180532E-02
 -0.1749269060      0.2073668986E-02
 -0.1734569320      0.2085214717E-02
 -0.1719869580      0.2096019548E-02
 -0.1705169840      0.2105025220E-02
 -0.1690470100      0.2114344226E-02
 -0.1675770360      0.2123116461E-02
 -0.1661070620      0.2131547995E-02
 -0.1646370880      0.2138014772E-02
 -0.1631671140      0.2143142326E-02
 -0.1616971400      0.2149160672E-02
 -0.1602271660      0.2156070392E-02
 -0.1587571920      0.2166755852E-02
 -0.1572872180      0.2178052623E-02
 -0.1558172440      0.2191782720E-02
 -0.1543472700      0.2206265798E-02
 -0.1528772960      0.2225243949E-02
 -0.1514073220      0.2251907166E-02
 -0.1499373480      0.2287218109E-02
 -0.1484673740      0.2331002639E-02
 -0.1469974000      0.2374447403E-02
 -0.1455274260      0.2414483097E-02
 -0.1440574520      0.2443752070E-02
 -0.1425874780      0.2465106222E-02
 -0.1411175040      0.2475993441E-02
 -0.1396475300      0.2479592968E-02
 -0.1381775560      0.2475774252E-02
 -0.1367075820      0.2469383386E-02
 -0.1352376080      0.2462527380E-02
 -0.1337676340      0.2456963711E-02
 -0.1322976600      0.2450357162E-02
 -0.1308276860      0.2450415413E-02
 -0.1293577120      0.2459050292E-02
 -0.1278877380      0.2478580995E-02
 -0.1264177640      0.2484479228E-02
 -0.1249477900      0.2464483319E-02
 -0.1234778160      0.2408663707E-02
 -0.1220078420      0.2333357245E-02
 -0.1205378680      0.2248676814E-02
 -0.1190678940      0.2166347107E-02
 -0.1175979200      0.2092701745E-02
 -0.1161279460      0.2033311729E-02
 -0.1146579720      0.1988891510E-02
 -0.1131879980      0.1954328276E-02
 -0.1117180240      0.1924869722E-02
 -0.1102480500      0.1898836035E-02
 -0.1087780760      0.1875934543E-02
 -0.1073081020      0.1853399892E-02
 -0.1058381280      0.1825683836E-02
 -0.1043681540      0.1788354998E-02
 -0.1028981800      0.1743434288E-02
 -0.1014282060      0.1694851528E-02
 -0.9995823200E-01  0.1649160840E-02
 -0.9848825800E-01  0.1607512372E-02
 -0.9701828400E-01  0.1573536912E-02
 -0.9554831000E-01  0.1544820519E-02
 -0.9407833600E-01  0.1520538650E-02
 -0.9260836200E-01  0.1495896935E-02
 -0.9113838800E-01  0.1472207378E-02
 -0.8966841400E-01  0.1450261645E-02
 -0.8819844000E-01  0.1432922921E-02
 -0.8672846600E-01  0.1418959172E-02
 -0.8525849200E-01  0.1410062772E-02
 -0.8378851800E-01  0.1403463826E-02
 -0.8231854400E-01  0.1395289094E-02
 -0.8084857000E-01  0.1373621598E-02
 -0.7937859600E-01  0.1336423367E-02
 -0.7790862200E-01  0.1288067482E-02
 -0.7643864800E-01  0.1243899399E-02
 -0.7496867400E-01  0.1207878151E-02
 -0.7349870000E-01  0.1178638136E-02
 -0.7202872600E-01  0.1147224025E-02
 -0.7055875200E-01  0.1113771885E-02
 -0.6908877800E-01  0.1079580628E-02
 -0.6761880400E-01  0.1049320799E-02
 -0.6614883000E-01  0.1022519081E-02
 -0.6467885600E-01  0.9998188879E-03
 -0.6320888200E-01  0.9803878673E-03
 -0.6173890800E-01  0.9659429826E-03
 -0.6026893400E-01  0.9587314379E-03
 -0.5879896000E-01  0.9625753761E-03
 -0.5732898600E-01  0.9728848040E-03
 -0.5585901200E-01  0.9752159183E-03
 -0.5438903800E-01  0.9493495039E-03
 -0.5291906400E-01  0.8927569977E-03
 -0.5144909000E-01  0.8196097790E-03
 -0.4997911600E-01  0.7527967225E-03
 -0.4850914200E-01  0.7004686965E-03
 -0.4703916800E-01  0.6612698921E-03
 -0.4556919400E-01  0.6291340323E-03
 -0.4409922000E-01  0.6025628605E-03
 -0.4262924600E-01  0.5806527556E-03
 -0.4115927200E-01  0.5614113605E-03
 -0.3968929800E-01  0.5418746815E-03
 -0.3821932400E-01  0.5193203619E-03
 -0.3674935000E-01  0.4919009794E-03
 -0.3527937600E-01  0.4574938278E-03
 -0.3380940200E-01  0.4127858991E-03
 -0.3233942800E-01  0.3580887917E-03
 -0.3086945400E-01  0.2958640435E-03
 -0.2939948000E-01  0.2329964481E-03
 -0.2792950600E-01  0.1739666098E-03
 -0.2645953200E-01  0.1235891882E-03
 -0.2498955800E-01  0.8324233271E-04
 -0.2351958400E-01  0.5342675414E-04
 -0.2204961000E-01  0.3209709526E-04
 -0.2057963600E-01  0.1769971540E-04
 -0.1910966200E-01  0.8493385606E-05
 -0.1763968800E-01  0.3420470081E-05
 -0.1616971400E-01  0.1041530481E-05
 -0.1469974000E-01  0.2156792298E-06
 -0.1322976600E-01  0.2330030295E-07
 -0.1175979200E-01   0.000000000    
 -0.1028981800E-01   0.000000000    
 -0.8819844000E-02   0.000000000    
 -0.7349870000E-02   0.000000000    
 -0.5879896000E-02   0.000000000    
 -0.4409922000E-02   0.000000000    
 -0.2939948000E-02   0.000000000    
 -0.1469974000E-02   0.000000000    
  0.4250072516E-16   0.000000000    
  0.1469974000E-02   0.000000000    
  0.2939948000E-02   0.000000000    
  0.4409922000E-02   0.000000000    
  0.5879896000E-02   0.000000000    
  0.7349870000E-02   0.000000000    
  0.8819844000E-02   0.000000000    
  0.1028981800E-01   0.000000000    
  0.1175979200E-01   0.000000000    
  0.1322976600E-01   0.000000000    
  0.1469974000E-01   0.000000000    
  0.1616971400E-01   0.000000000    
  0.1763968800E-01   0.000000000    
  0.1910966200E-01   0.000000000    
  0.2057963600E-01   0.000000000    
  0.2204961000E-01   0.000000000    
  0.2351958400E-01   0.000000000    
  0.2498955800E-01   0.000000000    
  0.2645953200E-01   0.000000000    
  0.2792950600E-01   0.000000000    
  0.2939948000E-01   0.000000000    
  0.3086945400E-01   0.000000000    
  0.3233942800E-01   0.000000000    
  0.3380940200E-01   0.000000000    
  0.3527937600E-01   0.000000000    
  0.3674935000E-01   0.000000000    
  0.3821932400E-01   0.000000000    
  0.3968929800E-01   0.000000000    
  0.4115927200E-01   0.000000000    
  0.4262924600E-01   0.000000000    
  0.4409922000E-01   0.000000000    
  0.4556919400E-01   0.000000000    
  0.4703916800E-01   0.000000000    
  0.4850914200E-01   0.000000000    
  0.4997911600E-01   0.000000000    
  0.5144909000E-01   0.000000000    
  0.5291906400E-01   0.000000000    
  0.5438903800E-01   0.000000000    
  0.5585901200E-01   0.000000000    
  0.5732898600E-01   0.000000000    
  0.5879896000E-01   0.000000000    
  0.6026893400E-01   0.000000000    
  0.6173890800E-01   0.000000000    
  0.6320888200E-01   0.000000000    
  0.6467885600E-01   0.000000000    
  0.6614883000E-01   0.000000000    
  0.6761880400E-01   0.000000000    
  0.6908877800E-01   0.000000000    
  0.7055875200E-01   0.000000000    
  0.7202872600E-01   0.000000000    
  0.7349870000E-01   0.000000000    
  0.7496867400E-01   0.000000000    
  0.7643864800E-01   0.000000000    
  0.7790862200E-01   0.000000000    
  0.7937859600E-01   0.000000000    
  0.8084857000E-01   0.000000000    
  0.8231854400E-01   0.000000000    
  0.8378851800E-01   0.000000000    
  0.8525849200E-01   0.000000000    
  0.8672846600E-01   0.000000000    
  0.8819844000E-01   0.000000000    
  0.8966841400E-01   0.000000000    
  0.9113838800E-01   0.000000000    
  0.9260836200E-01   0.000000000    
  0.9407833600E-01   0.000000000    
  0.9554831000E-01   0.000000000    
  0.9701828400E-01   0.000000000    
  0.9848825800E-01   0.000000000    
  0.9995823200E-01   0.000000000    
  0.1014282060       0.000000000    
  0.1028981800       0.000000000    
  0.1043681540       0.000000000    
  0.1058381280       0.000000000    
  0.1073081020       0.000000000    
  0.1087780760       0.000000000    
  0.1102480500       0.000000000    
  0.1117180240       0.000000000    
  0.1131879980       0.000000000    
  0.1146579720       0.000000000    
  0.1161279460       0.000000000    
  0.1175979200       0.000000000    
  0.1190678940       0.000000000    
  0.1205378680       0.000000000    
  0.1220078420       0.000000000    
  0.1234778160       0.000000000    
  0.1249477900       0.000000000    
  0.1264177640       0.000000000    
  0.1278877380       0.000000000    
  0.1293577120       0.000000000    
  0.1308276860      0.1066549143E-07
  0.1322976600      0.9596943458E-07
  0.1337676340      0.5538754906E-06
  0.1352376080      0.2081534359E-05
  0.1367075820      0.5991845900E-05
  0.1381775560      0.1392232190E-04
  0.1396475300      0.2799108998E-04
  0.1411175040      0.5027210341E-04
  0.1425874780      0.8256614128E-04
  0.1440574520      0.1251846849E-03
  0.1455274260      0.1772026199E-03
  0.1469974000      0.2388007545E-03
  0.1484673740      0.3099872062E-03
  0.1499373480      0.3907947625E-03
  0.1514073220      0.4750366709E-03
  0.1528772960      0.5577667049E-03
  0.1543472700      0.6347789207E-03
  0.1558172440      0.7093821612E-03
  0.1572872180      0.7836334137E-03
  0.1587571920      0.8577620106E-03
  0.1602271660      0.9286647404E-03
  0.1616971400      0.9951327605E-03
  0.1631671140      0.1061565779E-02
  0.1646370880      0.1133464464E-02
  0.1661070620      0.1216344653E-02
  0.1675770360      0.1306022191E-02
  0.1690470100      0.1398837157E-02
  0.1705169840      0.1485589694E-02
  0.1719869580      0.1566316848E-02
  0.1734569320      0.1635931746E-02
  0.1749269060      0.1694664220E-02
  0.1763968800      0.1742537241E-02
  0.1778668540      0.1790308543E-02
  0.1793368280      0.1854430488E-02
  0.1808068020      0.1946187550E-02
  0.1822767760      0.2070463966E-02
  0.1837467500      0.2219560765E-02
  0.1852167240      0.2385265919E-02
  0.1866866980      0.2555872651E-02
  0.1881566720      0.2736735003E-02
  0.1896266460      0.2936182989E-02
  0.1910966200      0.3156954252E-02
  0.1925665940      0.3370229275E-02
  0.1940365680      0.3547643610E-02
  0.1955065420      0.3677821625E-02
  0.1969765160      0.3782748862E-02
  0.1984464900      0.3882048090E-02
  0.1999164640      0.3986527969E-02
  0.2013864380      0.4071194189E-02
  0.2028564120      0.4110337894E-02
  0.2043263860      0.4082919072E-02
  0.2057963600      0.4027259754E-02
  0.2072663340      0.3984759840E-02
  0.2087363080      0.3992777450E-02
  0.2102062820      0.4039494346E-02
  0.2116762560      0.4114487461E-02
  0.2131462300      0.4198594342E-02
  0.2146162040      0.4281800626E-02
  0.2160861780      0.4352210905E-02
  0.2175561520      0.4413397645E-02
  0.2190261260      0.4468742425E-02
  0.2204961000      0.4519696073E-02
  0.2219660740      0.4564737822E-02
  0.2234360480      0.4608996537E-02
  0.2249060220      0.4658784587E-02
  0.2263759960      0.4716167309E-02
  0.2278459700      0.4785410850E-02
  0.2293159440      0.4879347557E-02
  0.2307859180      0.4995131456E-02
  0.2322558920      0.5119323721E-02
  0.2337258660      0.5212541414E-02
  0.2351958400      0.5272707604E-02
  0.2366658140      0.5308017297E-02
  0.2381357880      0.5352828615E-02
  0.2396057620      0.5415553658E-02
  0.2410757360      0.5493192242E-02
  0.2425457100      0.5580537050E-02
  0.2440156840      0.5672820308E-02
  0.2454856580      0.5776565228E-02
  0.2469556320      0.5886956521E-02
  0.2484256060      0.6004533238E-02
  0.2498955800      0.6126797823E-02
  0.2513655540      0.6255009508E-02
  0.2528355280      0.6394014007E-02
  0.2543055020      0.6548048007E-02
  0.2557754760      0.6725140478E-02
  0.2572454500      0.6921311328E-02
  0.2587154240      0.7137023375E-02
  0.2601853980      0.7374011140E-02
  0.2616553720      0.7640867027E-02
  0.2631253460      0.7938532560E-02
  0.2645953200      0.8268345947E-02
  0.2660652940      0.8648861359E-02
  0.2675352680      0.9076655769E-02
  0.2690052420      0.9528051174E-02
  0.2704752160      0.9951148293E-02
  0.2719451900      0.1035186951E-01
  0.2734151640      0.1076428757E-01
  0.2748851380      0.1123606329E-01
  0.2763551120      0.1175076562E-01
  0.2778250860      0.1224397972E-01
  0.2792950600      0.1260940656E-01
  0.2807650340      0.1271834930E-01
  0.2822350080      0.1245461786E-01
  0.2837049820      0.1174271834E-01
  0.2851749560      0.1064608287E-01
  0.2866449300      0.9344249589E-02
  0.2881149040      0.8089654503E-02
  0.2895848780      0.7070032727E-02
  0.2910548520      0.6357848986E-02
  0.2925248260      0.5942509758E-02
  0.2939948000      0.5755957644E-02
  0.2954647740      0.5756884459E-02
  0.2969347480      0.5885970023E-02
  0.2984047220      0.6129837884E-02
  0.2998746960      0.6443720259E-02
  0.3013446700      0.6815793080E-02
  0.3028146440      0.7213537786E-02
  0.3042846180      0.7641378967E-02
  0.3057545920      0.8106578705E-02
  0.3072245660      0.8614170833E-02
  0.3086945400      0.9131829630E-02
  0.3101645140      0.9569359608E-02
  0.3116344880      0.9864068955E-02
  0.3131044620      0.1001829732E-01
  0.3145744360      0.1015650021E-01
  0.3160444100      0.1036605189E-01
  0.3175143840      0.1063731045E-01
  0.3189843580      0.1080204485E-01
  0.3204543320      0.1072582720E-01
  0.3219243060      0.1041393161E-01
  0.3233942800      0.1001542494E-01
  0.3248642540      0.9678712242E-02
  0.3263342280      0.9416502623E-02
  0.3278042020      0.9188868629E-02
  0.3292741760      0.8950438402E-02
  0.3307441500      0.8756715761E-02
  0.3322141240      0.8646047091E-02
  0.3336840980      0.8634069666E-02
  0.3351540720      0.8678481531E-02
  0.3366240460      0.8750829329E-02
  0.3380940200      0.8849376247E-02
  0.3395639940      0.8971987180E-02
  0.3410339680      0.9106887358E-02
  0.3425039420      0.9234877395E-02
  0.3439739160      0.9362507742E-02
  0.3454438900      0.9501367586E-02
  0.3469138640      0.9670714874E-02
  0.3483838380      0.9857730781E-02
  0.3498538120      0.1002801039E-01
  0.3513237860      0.1013152570E-01
  0.3527937600      0.1011022693E-01
  0.3542637340      0.9975587619E-02
  0.3557337080      0.9725022914E-02
  0.3572036820      0.9427942215E-02
  0.3586736560      0.9096972705E-02
  0.3601436300      0.8784316756E-02
  0.3616136040      0.8484023030E-02
  0.3630835780      0.8210105544E-02
  0.3645535520      0.7948084279E-02
  0.3660235260      0.7710148385E-02
  0.3674935000      0.7487072004E-02
  0.3689634740      0.7282620250E-02
  0.3704334480      0.7078609071E-02
  0.3719034220      0.6872392351E-02
  0.3733733960      0.6657740692E-02
  0.3748433700      0.6442495734E-02
  0.3763133440      0.6228772045E-02
  0.3777833180      0.6022304518E-02
  0.3792532920      0.5817732445E-02
  0.3807232660      0.5612789255E-02
  0.3821932400      0.5404479627E-02
  0.3836632140      0.5204352047E-02
  0.3851331880      0.5026322295E-02
  0.3866031620      0.4877498576E-02
  0.3880731360      0.4750329349E-02
  0.3895431100      0.4628628299E-02
  0.3910130840      0.4513702010E-02
  0.3924830580      0.4402011842E-02
  0.3939530320      0.4310583353E-02
  0.3954230060      0.4225564240E-02
  0.3968929800      0.4154283585E-02
  0.3983629540      0.4083272438E-02
  0.3998329280      0.4024864166E-02
  0.4013029020      0.3969787598E-02
  0.4027728760      0.3924001465E-02
  0.4042428500      0.3874397947E-02
  0.4057128240      0.3831731038E-02
  0.4071827980      0.3792265406E-02
  0.4086527720      0.3766524886E-02
  0.4101227460      0.3753991401E-02
  0.4115927200      0.3767641238E-02
  0.4130626940      0.3821172088E-02
  0.4145326680      0.3932641905E-02
  0.4160026420      0.4096598809E-02
  0.4174726160      0.4294208086E-02
  0.4189425900      0.4479065697E-02
  0.4204125640      0.4619298629E-02
  0.4218825380      0.4694645660E-02
  0.4233525120      0.4726734517E-02
  0.4248224860      0.4741863787E-02
  0.4262924600      0.4770986480E-02
  0.4277624340      0.4816719776E-02
  0.4292324080      0.4882833110E-02
  0.4307023820      0.4961789557E-02
  0.4321723560      0.5059946371E-02
  0.4336423300      0.5183085174E-02
  0.4351123040      0.5347020340E-02
  0.4365822780      0.5566559512E-02
  0.4380522520      0.5832782405E-02
  0.4395222260      0.6127354455E-02
  0.4409922000      0.6380907919E-02
  0.4424621740      0.6569672406E-02
  0.4439321480      0.6665862016E-02
  0.4454021220      0.6721741800E-02
  0.4468720960      0.6747987890E-02
  0.4483420700      0.6761339594E-02
  0.4498120440      0.6743705622E-02
  0.4512820180      0.6704717147E-02
  0.4527519920      0.6671297882E-02
  0.4542219660      0.6675946960E-02
  0.4556919400      0.6728858141E-02
  0.4571619140      0.6794564711E-02
  0.4586318880      0.6830012331E-02
  0.4601018620      0.6809445472E-02
  0.4615718360      0.6761895501E-02
  0.4630418100      0.6716398451E-02
  0.4645117840      0.6702922013E-02
  0.4659817580      0.6719635262E-02
  0.4674517320      0.6779493237E-02
  0.4689217060      0.6875948259E-02
  0.4703916800      0.7009423394E-02
  0.4718616540      0.7152690156E-02
  0.4733316280      0.7284436884E-02
  0.4748016020      0.7364141921E-02
  0.4762715760      0.7370607804E-02
  0.4777415500      0.7289185279E-02
  0.4792115240      0.7150521477E-02
  0.4806814980      0.6993392023E-02
  0.4821514720      0.6853871964E-02
  0.4836214460      0.6739806857E-02
  0.4850914200      0.6641862184E-02
  0.4865613940      0.6557424213E-02
  0.4880313680      0.6476746514E-02
  0.4895013420      0.6388225045E-02
  0.4909713160      0.6290970475E-02
  0.4924412900      0.6208256222E-02
  0.4939112640      0.6176369600E-02
  0.4953812380      0.6216278740E-02
  0.4968512120      0.6330035672E-02
  0.4983211860      0.6514210042E-02
  0.4997911600      0.6748366943E-02
  0.5012611340      0.7015579912E-02
  0.5027311080      0.7297213262E-02
  0.5042010820      0.7598428414E-02
  0.5056710560      0.7903713707E-02
  0.5071410300      0.8177302325E-02
  0.5086110040      0.8365104211E-02
  0.5100809780      0.8437841796E-02
  0.5115509520      0.8423146184E-02
  0.5130209260      0.8366833050E-02
  0.5144909000      0.8308983722E-02
  0.5159608740      0.8228382160E-02
  0.5174308480      0.8094399512E-02
  0.5189008220      0.7892677929E-02
  0.5203707960      0.7643741834E-02
  0.5218407700      0.7377270337E-02
  0.5233107440      0.7104110534E-02
  0.5247807180      0.6839928419E-02
  0.5262506920      0.6592225085E-02
  0.5277206660      0.6376776631E-02
  0.5291906400      0.6191490366E-02
  0.5306606140      0.6041932261E-02
  0.5321305880      0.5930956948E-02
  0.5336005620      0.5850656908E-02
  0.5350705360      0.5769279317E-02
  0.5365405100      0.5644357758E-02
  0.5380104840      0.5466795282E-02
  0.5394804580      0.5263963593E-02
  0.5409504320      0.5077111549E-02
  0.5424204060      0.4926568808E-02
  0.5438903800      0.4808637276E-02
  0.5453603540      0.4720831168E-02
  0.5468303280      0.4658783889E-02
  0.5483003020      0.4626090283E-02
  0.5497702760      0.4597960304E-02
  0.5512402500      0.4679461115E-02
  0.5527102240      0.4753228284E-02
  0.5541801980      0.4722743951E-02
  0.5556501720      0.4114597525E-02
  0.5571201460      0.3102917550E-02
  0.5585901200      0.1916271353E-02
  0.5600600940      0.1160336881E-02
  0.5615300680      0.8032621701E-03
  0.5630000420      0.7261845388E-03
  0.5644700160      0.6865496047E-03
  0.5659399900      0.6491475927E-03
  0.5674099640      0.6142800831E-03
  0.5688799380      0.5802909162E-03
  0.5703499120      0.5474206142E-03
  0.5718198860      0.5170706250E-03
  0.5732898600      0.4889237197E-03
  0.5747598340      0.4672957370E-03
  0.5762298080      0.4500125513E-03
  0.5776997820      0.4370260875E-03
  0.5791697560      0.4148349139E-03
  0.5806397300      0.3766785281E-03
  0.5821097040      0.3166326902E-03
  0.5835796780      0.2474531956E-03
  0.5850496520      0.1809473910E-03
  0.5865196260      0.1285321959E-03
  0.5879896000      0.8977617167E-04
  0.5894595740      0.6212561920E-04
  0.5909295480      0.4155273147E-04
  0.5923995220      0.2657038288E-04
  0.5938694960      0.1575008646E-04
  0.5953394700      0.8541782851E-05
  0.5968094440      0.3986916716E-05
  0.5982794180      0.1593172309E-05
  0.5997493920      0.4801057355E-06
  0.6012193660      0.1112417950E-06
  0.6026893400      0.1014656511E-07
  0.6041593140       0.000000000    
  0.6056292880      0.3602146163E-07
  0.6070992620      0.1080643849E-06
  0.6085692360      0.3749244043E-06
  0.6100392100      0.1107848264E-05
  0.6115091840      0.2972767142E-05
  0.6129791580      0.6556815232E-05
  0.6144491320      0.1192031617E-04
  0.6159191060      0.1871774504E-04
  0.6173890800      0.2679548676E-04
  0.6188590540      0.3724073993E-04
  0.6203290280      0.5083993229E-04
  0.6217990020      0.6746624667E-04
  0.6232689760      0.8586951297E-04
  0.6247389500      0.1054012494E-03
  0.6262089240      0.1269426717E-03
  0.6276788980      0.1512992379E-03
  0.6291488720      0.1793769323E-03
  0.6306188460      0.2096266650E-03
  0.6320888200      0.2419317403E-03
  0.6335587940      0.2746192818E-03
  0.6350287680      0.3105514583E-03
  0.6364987420      0.3499343890E-03
  0.6379687160      0.3969842963E-03
  0.6394386900      0.4516916248E-03
  0.6409086640      0.5181991474E-03
  0.6423786380      0.5995785157E-03
  0.6438486120      0.6966380318E-03
  0.6453185860      0.8014940577E-03
  0.6467885600      0.8980819432E-03
  0.6482585340      0.9763612432E-03
  0.6497285080      0.1038977756E-02
  0.6511984820      0.1096470623E-02
  0.6526684560      0.1158707117E-02
  0.6541384300      0.1224906538E-02
  0.6556084040      0.1294859224E-02
  0.6570783780      0.1363990830E-02
  0.6585483520      0.1434073833E-02
  0.6600183260      0.1503534445E-02
  0.6614883000      0.1573744179E-02
  0.6629582740      0.1642042767E-02
  0.6644282480      0.1709196371E-02
  0.6658982220      0.1776193760E-02
  0.6673681960      0.1850763349E-02
  0.6688381700      0.1932056299E-02
  0.6703081440      0.2015544569E-02
  0.6717781180      0.2082285076E-02
  0.6732480920      0.2125828067E-02
  0.6747180660      0.2145461378E-02
  0.6761880400      0.2156599884E-02
  0.6776580140      0.2165653681E-02
  0.6791279880      0.2177348180E-02
  0.6805979620      0.2188305832E-02
  0.6820679360      0.2199786486E-02
  0.6835379100      0.2212934700E-02
  0.6850078840      0.2227140411E-02
  0.6864778580      0.2240301797E-02
  0.6879478320      0.2248745246E-02
  0.6894178060      0.2254363458E-02
  0.6908877800      0.2259701872E-02
  0.6923577540      0.2265539845E-02
  0.6938277280      0.2270691952E-02
  0.6952977020      0.2271821129E-02
  0.6967676760      0.2270613044E-02
  0.6982376500      0.2267111289E-02
  0.6997076240      0.2263047502E-02
  0.7011775980      0.2255538129E-02
  0.7026475720      0.2245917653E-02
  0.7041175460      0.2237088068E-02
  0.7055875200      0.2232745214E-02
  0.7070574940      0.2234722788E-02
  0.7085274680      0.2237595718E-02
  0.7099974420      0.2243272277E-02
  0.7114674160      0.2248498424E-02
  0.7129373900      0.2262254869E-02
  0.7144073640      0.2283878566E-02
  0.7158773380      0.2338202967E-02
  0.7173473120      0.2471869908E-02
  0.7188172860      0.2749897461E-02
  0.7202872600      0.3180634337E-02
  0.7217572340      0.3681899889E-02
  0.7232272080      0.4128340374E-02
  0.7246971820      0.4447145206E-02
  0.7261671560      0.4664474071E-02
  0.7276371300      0.4848323227E-02
  0.7291071040      0.5056405711E-02
  0.7305770780      0.5307976620E-02
  0.7320470520      0.5608356210E-02
  0.7335170260      0.5940246314E-02

 -0.7349870000      0.1988713527E-04
 -0.7335170260      0.2042580022E-04
 -0.7320470520      0.2114941353E-04
 -0.7305770780      0.2202174106E-04
 -0.7291071040      0.2295718770E-04
 -0.7276371300      0.2384618552E-04
 -0.7261671560      0.2473630688E-04
 -0.7246971820      0.2560582086E-04
 -0.7232272080      0.2648484108E-04
 -0.7217572340      0.2732486703E-04
 -0.7202872600      0.2814813109E-04
 -0.7188172860      0.2896083593E-04
 -0.7173473120      0.2985741209E-04
 -0.7158773380      0.3081577497E-04
 -0.7144073640      0.3183034913E-04
 -0.7129373900      0.3286151982E-04
 -0.7114674160      0.3392832497E-04
 -0.7099974420      0.3499870658E-04
 -0.7085274680      0.3604989569E-04
 -0.7070574940      0.3711709156E-04
 -0.7055875200      0.3821659622E-04
 -0.7041175460      0.3939034640E-04
 -0.7026475720      0.4060308962E-04
 -0.7011775980      0.4187998258E-04
 -0.6997076240      0.4317211695E-04
 -0.6982376500      0.4444614249E-04
 -0.6967676760      0.4569141906E-04
 -0.6952977020      0.4693749663E-04
 -0.6938277280      0.4831881454E-04
 -0.6923577540      0.4980193128E-04
 -0.6908877800      0.5140198768E-04
 -0.6894178060      0.5294826363E-04
 -0.6879478320      0.5453145406E-04
 -0.6864778580      0.5604597240E-04
 -0.6850078840      0.5754656094E-04
 -0.6835379100      0.5893796276E-04
 -0.6820679360      0.6036779222E-04
 -0.6805979620      0.6183522749E-04
 -0.6791279880      0.6342427598E-04
 -0.6776580140      0.6500134881E-04
 -0.6761880400      0.6662444485E-04
 -0.6747180660      0.6817760582E-04
 -0.6732480920      0.6986710234E-04
 -0.6717781180      0.7153352265E-04
 -0.6703081440      0.7333457999E-04
 -0.6688381700      0.7499851553E-04
 -0.6673681960      0.7676048662E-04
 -0.6658982220      0.7852169978E-04
 -0.6644282480      0.8046444616E-04
 -0.6629582740      0.8251067395E-04
 -0.6614883000      0.8457368397E-04
 -0.6600183260      0.8667850459E-04
 -0.6585483520      0.8870885990E-04
 -0.6570783780      0.9093746025E-04
 -0.6556084040      0.9311261515E-04
 -0.6541384300      0.9544525612E-04
 -0.6526684560      0.9756356995E-04
 -0.6511984820      0.9983129530E-04
 -0.6497285080      0.1020414996E-03
 -0.6482585340      0.1045454223E-03
 -0.6467885600      0.1071308952E-03
 -0.6453185860      0.1098922362E-03
 -0.6438486120      0.1127160825E-03
 -0.6423786380      0.1155437735E-03
 -0.6409086640      0.1184174957E-03
 -0.6394386900      0.1211480510E-03
 -0.6379687160      0.1240290948E-03
 -0.6364987420      0.1268894928E-03
 -0.6350287680      0.1298807937E-03
 -0.6335587940      0.1327059259E-03
 -0.6320888200      0.1355430390E-03
 -0.6306188460      0.1386190164E-03
 -0.6291488720      0.1420012531E-03
 -0.6276788980      0.1456634757E-03
 -0.6262089240      0.1493005280E-03
 -0.6247389500      0.1529571400E-03
 -0.6232689760      0.1566863334E-03
 -0.6217990020      0.1605613297E-03
 -0.6203290280      0.1646112133E-03
 -0.6188590540      0.1688329722E-03
 -0.6173890800      0.1732255673E-03
 -0.6159191060      0.1779642202E-03
 -0.6144491320      0.1828971976E-03
 -0.6129791580      0.1883354875E-03
 -0.6115091840      0.1938961041E-03
 -0.6100392100      0.1999893268E-03
 -0.6085692360      0.2064025854E-03
 -0.6070992620      0.2140735227E-03
 -0.6056292880      0.2230504236E-03
 -0.6041593140      0.2332890683E-03
 -0.6026893400      0.2433079082E-03
 -0.6012193660      0.2517263281E-03
 -0.5997493920      0.2582386735E-03
 -0.5982794180      0.2631770802E-03
 -0.5968094440      0.2680606926E-03
 -0.5953394700      0.2726250602E-03
 -0.5938694960      0.2775836795E-03
 -0.5923995220      0.2814488138E-03
 -0.5909295480      0.2851445081E-03
 -0.5894595740      0.2877067122E-03
 -0.5879896000      0.2906933491E-03
 -0.5865196260      0.2932170060E-03
 -0.5850496520      0.2964764407E-03
 -0.5835796780      0.2996511319E-03
 -0.5821097040      0.3039617172E-03
 -0.5806397300      0.3090036752E-03
 -0.5791697560      0.3152075966E-03
 -0.5776997820      0.3209994478E-03
 -0.5762298080      0.3250703364E-03
 -0.5747598340      0.3266713731E-03
 -0.5732898600      0.3261961031E-03
 -0.5718198860      0.3253768768E-03
 -0.5703499120      0.3243741103E-03
 -0.5688799380      0.3244756068E-03
 -0.5674099640      0.3246808306E-03
 -0.5659399900      0.3259004791E-03
 -0.5644700160      0.3267929068E-03
 -0.5630000420      0.3279033928E-03
 -0.5615300680      0.3286607874E-03
 -0.5600600940      0.3295606910E-03
 -0.5585901200      0.3308101206E-03
 -0.5571201460      0.3323094515E-03
 -0.5556501720      0.3343226326E-03
 -0.5541801980      0.3361144986E-03
 -0.5527102240      0.3378000796E-03
 -0.5512402500      0.3391224170E-03
 -0.5497702760      0.3403549687E-03
 -0.5483003020      0.3419519097E-03
 -0.5468303280      0.3434164983E-03
 -0.5453603540      0.3453696285E-03
 -0.5438903800      0.3468270204E-03
 -0.5424204060      0.3489247229E-03
 -0.5409504320      0.3507705230E-03
 -0.5394804580      0.3531124024E-03
 -0.5380104840      0.3550645871E-03
 -0.5365405100      0.3571882767E-03
 -0.5350705360      0.3596216478E-03
 -0.5336005620      0.3625277700E-03
 -0.5321305880      0.3658162222E-03
 -0.5306606140      0.3689468372E-03
 -0.5291906400      0.3720531884E-03
 -0.5277206660      0.3747412325E-03
 -0.5262506920      0.3766705790E-03
 -0.5247807180      0.3779174700E-03
 -0.5233107440      0.3786424026E-03
 -0.5218407700      0.3801122304E-03
 -0.5203707960      0.3817140010E-03
 -0.5189008220      0.3842381941E-03
 -0.5174308480      0.3866057159E-03
 -0.5159608740      0.3900568971E-03
 -0.5144909000      0.3941613046E-03
 -0.5130209260      0.4007342272E-03
 -0.5115509520      0.4103398080E-03
 -0.5100809780      0.4232209768E-03
 -0.5086110040      0.4366105939E-03
 -0.5071410300      0.4470433095E-03
 -0.5056710560      0.4532529907E-03
 -0.5042010820      0.4558713510E-03
 -0.5027311080      0.4540091405E-03
 -0.5012611340      0.4429407240E-03
 -0.4997911600      0.4172875748E-03
 -0.4983211860      0.3783020771E-03
 -0.4968512120      0.3321756886E-03
 -0.4953812380      0.2875015751E-03
 -0.4939112640      0.2474523531E-03
 -0.4924412900      0.2127082740E-03
 -0.4909713160      0.1822361053E-03
 -0.4895013420      0.1565253999E-03
 -0.4880313680      0.1359925953E-03
 -0.4865613940      0.1205132918E-03
 -0.4850914200      0.1089528545E-03
 -0.4836214460      0.9982514772E-04
 -0.4821514720      0.9157832827E-04
 -0.4806814980      0.8339407641E-04
 -0.4792115240      0.7530955583E-04
 -0.4777415500      0.6821114712E-04
 -0.4762715760      0.6252503395E-04
 -0.4748016020      0.5879284245E-04
 -0.4733316280      0.5644776191E-04
 -0.4718616540      0.5618042587E-04
 -0.4703916800      0.5729890634E-04
 -0.4689217060      0.6055763372E-04
 -0.4674517320      0.6514362081E-04
 -0.4659817580      0.7176425335E-04
 -0.4645117840      0.8015368187E-04
 -0.4630418100      0.9196472032E-04
 -0.4615718360      0.1076209301E-03
 -0.4601018620      0.1292206707E-03
 -0.4586318880      0.1558792587E-03
 -0.4571619140      0.1893360076E-03
 -0.4556919400      0.2273912533E-03
 -0.4542219660      0.2713921535E-03
 -0.4527519920      0.3167978041E-03
 -0.4512820180      0.3639545226E-03
 -0.4498120440      0.4090376145E-03
 -0.4483420700      0.4568043654E-03
 -0.4468720960      0.5107917644E-03
 -0.4454021220      0.5822237395E-03
 -0.4439321480      0.6725641807E-03
 -0.4424621740      0.7727668875E-03
 -0.4409922000      0.8566229239E-03
 -0.4395222260      0.9040486436E-03
 -0.4380522520      0.9126986978E-03
 -0.4365822780      0.9005272960E-03
 -0.4351123040      0.8868472529E-03
 -0.4336423300      0.8806515311E-03
 -0.4321723560      0.8824991450E-03
 -0.4307023820      0.8860838069E-03
 -0.4292324080      0.8852065099E-03
 -0.4277624340      0.8700347217E-03
 -0.4262924600      0.8386101790E-03
 -0.4248224860      0.7936968552E-03
 -0.4233525120      0.7436141241E-03
 -0.4218825380      0.6970070304E-03
 -0.4204125640      0.6560835569E-03
 -0.4189425900      0.6263986421E-03
 -0.4174726160      0.6011881504E-03
 -0.4160026420      0.5845800466E-03
 -0.4145326680      0.5668415270E-03
 -0.4130626940      0.5554837535E-03
 -0.4115927200      0.5418598463E-03
 -0.4101227460      0.5334130659E-03
 -0.4086527720      0.5220835767E-03
 -0.4071827980      0.5151778598E-03
 -0.4057128240      0.5064586646E-03
 -0.4042428500      0.5013693001E-03
 -0.4027728760      0.4938859934E-03
 -0.4013029020      0.4887083595E-03
 -0.3998329280      0.4814633127E-03
 -0.3983629540      0.4762539344E-03
 -0.3968929800      0.4700359123E-03
 -0.3954230060      0.4654951040E-03
 -0.3939530320      0.4621534314E-03
 -0.3924830580      0.4591824298E-03
 -0.3910130840      0.4578667697E-03
 -0.3895431100      0.4539114060E-03
 -0.3880731360      0.4523382737E-03
 -0.3866031620      0.4475392081E-03
 -0.3851331880      0.4462120126E-03
 -0.3836632140      0.4410300438E-03
 -0.3821932400      0.4394032784E-03
 -0.3807232660      0.4336328235E-03
 -0.3792532920      0.4315523451E-03
 -0.3777833180      0.4254255793E-03
 -0.3763133440      0.4235577857E-03
 -0.3748433700      0.4180283960E-03
 -0.3733733960      0.4165936705E-03
 -0.3719034220      0.4111290008E-03
 -0.3704334480      0.4095015468E-03
 -0.3689634740      0.4041314852E-03
 -0.3674935000      0.4023991518E-03
 -0.3660235260      0.3973559841E-03
 -0.3645535520      0.3953089864E-03
 -0.3630835780      0.3909771394E-03
 -0.3616136040      0.3893406432E-03
 -0.3601436300      0.3872513262E-03
 -0.3586736560      0.3868294979E-03
 -0.3572036820      0.3862190573E-03
 -0.3557337080      0.3860057611E-03
 -0.3542637340      0.3873064220E-03
 -0.3527937600      0.3904501255E-03
 -0.3513237860      0.3984190311E-03
 -0.3498538120      0.4110177000E-03
 -0.3483838380      0.4302291571E-03
 -0.3469138640      0.4514797197E-03
 -0.3454438900      0.4750552759E-03
 -0.3439739160      0.4999244904E-03
 -0.3425039420      0.5314894182E-03
 -0.3410339680      0.5692471351E-03
 -0.3395639940      0.6103676540E-03
 -0.3380940200      0.6489696192E-03
 -0.3366240460      0.6813734809E-03
 -0.3351540720      0.7091832114E-03
 -0.3336840980      0.7326958675E-03
 -0.3322141240      0.7553238507E-03
 -0.3307441500      0.7752067307E-03
 -0.3292741760      0.7952721049E-03
 -0.3278042020      0.8125372207E-03
 -0.3263342280      0.8280614368E-03
 -0.3248642540      0.8375599587E-03
 -0.3233942800      0.8429078383E-03
 -0.3219243060      0.8446846885E-03
 -0.3204543320      0.8467547711E-03
 -0.3189843580      0.8502806195E-03
 -0.3175143840      0.8557238022E-03
 -0.3160444100      0.8624551392E-03
 -0.3145744360      0.8696070868E-03
 -0.3131044620      0.8766724556E-03
 -0.3116344880      0.8833830675E-03
 -0.3101645140      0.8882978948E-03
 -0.3086945400      0.8902961945E-03
 -0.3072245660      0.8896707900E-03
 -0.3057545920      0.8880375693E-03
 -0.3042846180      0.8878991544E-03
 -0.3028146440      0.8887521288E-03
 -0.3013446700      0.8925790913E-03
 -0.2998746960      0.8979482355E-03
 -0.2984047220      0.9062766736E-03
 -0.2969347480      0.9150548483E-03
 -0.2954647740      0.9252969066E-03
 -0.2939948000      0.9358953960E-03
 -0.2925248260      0.9469045947E-03
 -0.2910548520      0.9581011221E-03
 -0.2895848780      0.9686885689E-03
 -0.2881149040      0.9796881659E-03
 -0.2866449300      0.9893882123E-03
 -0.2851749560      0.9989772937E-03
 -0.2837049820      0.1007364364E-02
 -0.2822350080      0.1015145132E-02
 -0.2807650340      0.1022582097E-02
 -0.2792950600      0.1029234251E-02
 -0.2778250860      0.1036400737E-02
 -0.2763551120      0.1041876886E-02
 -0.2748851380      0.1048366951E-02
 -0.2734151640      0.1054618203E-02
 -0.2719451900      0.1064100642E-02
 -0.2704752160      0.1073916700E-02
 -0.2690052420      0.1086185887E-02
 -0.2675352680      0.1099164246E-02
 -0.2660652940      0.1114551351E-02
 -0.2645953200      0.1130741581E-02
 -0.2631253460      0.1146820594E-02
 -0.2616553720      0.1163397715E-02
 -0.2601853980      0.1179117142E-02
 -0.2587154240      0.1194574382E-02
 -0.2572454500      0.1207912237E-02
 -0.2557754760      0.1221343849E-02
 -0.2543055020      0.1237701461E-02
 -0.2528355280      0.1256630221E-02
 -0.2513655540      0.1279006213E-02
 -0.2498955800      0.1301667296E-02
 -0.2484256060      0.1327812046E-02
 -0.2469556320      0.1355755916E-02
 -0.2454856580      0.1383607456E-02
 -0.2440156840      0.1408429702E-02
 -0.2425457100      0.1426882045E-02
 -0.2410757360      0.1441783984E-02
 -0.2396057620      0.1451976042E-02
 -0.2381357880      0.1460978723E-02
 -0.2366658140      0.1469580849E-02
 -0.2351958400      0.1480230128E-02
 -0.2337258660      0.1493757660E-02
 -0.2322558920      0.1507032190E-02
 -0.2307859180      0.1519807156E-02
 -0.2293159440      0.1531028478E-02
 -0.2278459700      0.1544116735E-02
 -0.2263759960      0.1559115253E-02
 -0.2249060220      0.1576820155E-02
 -0.2234360480      0.1594256832E-02
 -0.2219660740      0.1612076649E-02
 -0.2204961000      0.1627916237E-02
 -0.2190261260      0.1644334859E-02
 -0.2175561520      0.1658354845E-02
 -0.2160861780      0.1672426678E-02
 -0.2146162040      0.1685344496E-02
 -0.2131462300      0.1699060179E-02
 -0.2116762560      0.1712401354E-02
 -0.2102062820      0.1726044282E-02
 -0.2087363080      0.1740634460E-02
 -0.2072663340      0.1756378092E-02
 -0.2057963600      0.1772949326E-02
 -0.2043263860      0.1789097742E-02
 -0.2028564120      0.1804730067E-02
 -0.2013864380      0.1817900542E-02
 -0.1999164640      0.1830987839E-02
 -0.1984464900      0.1843758957E-02
 -0.1969765160      0.1859682039E-02
 -0.1955065420      0.1875074527E-02
 -0.1940365680      0.1891682111E-02
 -0.1925665940      0.1907017875E-02
 -0.1910966200      0.1924302235E-02
 -0.1896266460      0.1941042477E-02
 -0.1881566720      0.1959807830E-02
 -0.1866866980      0.1978338754E-02
 -0.1852167240      0.1998387483E-02
 -0.1837467500      0.2014775477E-02
 -0.1822767760      0.2028633630E-02
 -0.1808068020      0.2037442451E-02
 -0.1793368280      0.2045085740E-02
 -0.1778668540      0.2051397465E-02
 -0.1763968800      0.2059789783E-02
 -0.1749269060      0.2070193361E-02
 -0.1734569320      0.2081617353E-02
 -0.1719869580      0.2092257375E-02
 -0.1705169840      0.2101105187E-02
 -0.1690470100      0.2110307081E-02
 -0.1675770360      0.2119023197E-02
 -0.1661070620      0.2127463134E-02
 -0.1646370880      0.2133937940E-02
 -0.1631671140      0.2139133085E-02
 -0.1616971400      0.2145190946E-02
 -0.1602271660      0.2152181872E-02
 -0.1587571920      0.2162919727E-02
 -0.1572872180      0.2174263842E-02
 -0.1558172440      0.2188038002E-02
 -0.1543472700      0.2202528161E-02
 -0.1528772960      0.2221560736E-02
 -0.1514073220      0.2248275054E-02
 -0.1499373480      0.2283817757E-02
 -0.1484673740      0.2327920601E-02
 -0.1469974000      0.2371695804E-02
 -0.1455274260      0.2411581100E-02
 -0.1440574520      0.2440187547E-02
 -0.1425874780      0.2460484905E-02
 -0.1411175040      0.2470493326E-02
 -0.1396475300      0.2473605082E-02
 -0.1381775560      0.2469756980E-02
 -0.1367075820      0.2463687700E-02
 -0.1352376080      0.2457311974E-02
 -0.1337676340      0.2452291695E-02
 -0.1322976600      0.2446172856E-02
 -0.1308276860      0.2446739129E-02
 -0.1293577120      0.2455978733E-02
 -0.1278877380      0.2476207954E-02
 -0.1264177640      0.2482977520E-02
 -0.1249477900      0.2463946372E-02
 -0.1234778160      0.2409112151E-02
 -0.1220078420      0.2334627738E-02
 -0.1205378680      0.2250564641E-02
 -0.1190678940      0.2168852183E-02
 -0.1175979200      0.2095852146E-02
 -0.1161279460      0.2037082141E-02
 -0.1146579720      0.1992899490E-02
 -0.1131879980      0.1958050607E-02
 -0.1117180240      0.1927811636E-02
 -0.1102480500      0.1900675582E-02
 -0.1087780760      0.1876579339E-02
 -0.1073081020      0.1852849421E-02
 -0.1058381280      0.1824230455E-02
 -0.1043681540      0.1786542890E-02
 -0.1028981800      0.1742094899E-02
 -0.1014282060      0.1694619917E-02
 -0.9995823200E-01  0.1650260110E-02
 -0.9848825800E-01  0.1609693733E-02
 -0.9701828400E-01  0.1576406678E-02
 -0.9554831000E-01  0.1548052354E-02
 -0.9407833600E-01  0.1523896377E-02
 -0.9260836200E-01  0.1499236565E-02
 -0.9113838800E-01  0.1475399302E-02
 -0.8966841400E-01  0.1453205904E-02
 -0.8819844000E-01  0.1435464450E-02
 -0.8672846600E-01  0.1420821186E-02
 -0.8525849200E-01  0.1410750167E-02
 -0.8378851800E-01  0.1402420918E-02
 -0.8231854400E-01  0.1392432334E-02
 -0.8084857000E-01  0.1369851861E-02
 -0.7937859600E-01  0.1333316376E-02
 -0.7790862200E-01  0.1286855085E-02
 -0.7643864800E-01  0.1244742273E-02
 -0.7496867400E-01  0.1210149910E-02
 -0.7349870000E-01  0.1181655411E-02
 -0.7202872600E-01  0.1150676048E-02
 -0.7055875200E-01  0.1117489251E-02
 -0.6908877800E-01  0.1083489787E-02
 -0.6761880400E-01  0.1053239244E-02
 -0.6614883000E-01  0.1026367241E-02
 -0.6467885600E-01  0.1003454448E-02
 -0.6320888200E-01  0.9837003863E-03
 -0.6173890800E-01  0.9687112176E-03
 -0.6026893400E-01  0.9606375436E-03
 -0.5879896000E-01  0.9630191346E-03
 -0.5732898600E-01  0.9714858236E-03
 -0.5585901200E-01  0.9722155428E-03
 -0.5438903800E-01  0.9463916033E-03
 -0.5291906400E-01  0.8917070135E-03
 -0.5144909000E-01  0.8216165714E-03
 -0.4997911600E-01  0.7572844900E-03
 -0.4850914200E-01  0.7061883606E-03
 -0.4703916800E-01  0.6671491466E-03
 -0.4556919400E-01  0.6346801057E-03
 -0.4409922000E-01  0.6075711629E-03
 -0.4262924600E-01  0.5849077184E-03
 -0.4115927200E-01  0.5647854010E-03
 -0.3968929800E-01  0.5443540183E-03
 -0.3821932400E-01  0.5211043694E-03
 -0.3674935000E-01  0.4934169039E-03
 -0.3527937600E-01  0.4593649985E-03
 -0.3380940200E-01  0.4158051297E-03
 -0.3233942800E-01  0.3628157756E-03
 -0.3086945400E-01  0.3023782683E-03
 -0.2939948000E-01  0.2405095649E-03
 -0.2792950600E-01  0.1813146581E-03
 -0.2645953200E-01  0.1296655995E-03
 -0.2498955800E-01  0.8763055419E-04
 -0.2351958400E-01  0.5623636361E-04
 -0.2204961000E-01  0.3372981869E-04
 -0.2057963600E-01  0.1854525715E-04
 -0.1910966200E-01  0.8858844822E-05
 -0.1763968800E-01  0.3546880931E-05
 -0.1616971400E-01  0.1069815087E-05
 -0.1469974000E-01  0.2211626209E-06
 -0.1322976600E-01  0.2347329560E-07
 -0.1175979200E-01   0.000000000    
 -0.1028981800E-01   0.000000000    
 -0.8819844000E-02   0.000000000    
 -0.7349870000E-02   0.000000000    
 -0.5879896000E-02   0.000000000    
 -0.4409922000E-02   0.000000000    
 -0.2939948000E-02   0.000000000    
 -0.1469974000E-02   0.000000000    
  0.4250072516E-16   0.000000000    
  0.1469974000E-02   0.000000000    
  0.2939948000E-02   0.000000000    
  0.4409922000E-02   0.000000000    
  0.5879896000E-02   0.000000000    
  0.7349870000E-02   0.000000000    
  0.8819844000E-02   0.000000000    
  0.1028981800E-01   0.000000000    
  0.1175979200E-01   0.000000000    
  0.1322976600E-01   0.000000000    
  0.1469974000E-01   0.000000000    
  0.1616971400E-01   0.000000000    
  0.1763968800E-01   0.000000000    
  0.1910966200E-01   0.000000000    
  0.2057963600E-01   0.000000000    
  0.2204961000E-01   0.000000000    
  0.2351958400E-01   0.000000000    
  0.2498955800E-01   0.000000000    
  0.2645953200E-01   0.000000000    
  0.2792950600E-01   0.000000000    
  0.2939948000E-01   0.000000000    
  0.3086945400E-01   0.000000000    
  0.3233942800E-01   0.000000000    
  0.3380940200E-01   0.000000000    
  0.3527937600E-01   0.000000000    
  0.3674935000E-01   0.000000000    
  0.3821932400E-01   0.000000000    
  0.3968929800E-01   0.000000000    
  0.4115927200E-01   0.000000000    
  0.4262924600E-01   0.000000000    
  0.4409922000E-01   0.000000000    
  0.4556919400E-01   0.000000000    
  0.4703916800E-01   0.000000000    
  0.4850914200E-01   0.000000000    
  0.4997911600E-01   0.000000000    
  0.5144909000E-01   0.000000000    
  0.5291906400E-01   0.000000000    
  0.5438903800E-01   0.000000000    
  0.5585901200E-01   0.000000000    
  0.5732898600E-01   0.000000000    
  0.5879896000E-01   0.000000000    
  0.6026893400E-01   0.000000000    
  0.6173890800E-01   0.000000000    
  0.6320888200E-01   0.000000000    
  0.6467885600E-01   0.000000000    
  0.6614883000E-01   0.000000000    
  0.6761880400E-01   0.000000000    
  0.6908877800E-01   0.000000000    
  0.7055875200E-01   0.000000000    
  0.7202872600E-01   0.000000000    
  0.7349870000E-01   0.000000000    
  0.7496867400E-01   0.000000000    
  0.7643864800E-01   0.000000000    
  0.7790862200E-01   0.000000000    
  0.7937859600E-01   0.000000000    
  0.8084857000E-01   0.000000000    
  0.8231854400E-01   0.000000000    
  0.8378851800E-01   0.000000000    
  0.8525849200E-01   0.000000000    
  0.8672846600E-01   0.000000000    
  0.8819844000E-01   0.000000000    
  0.8966841400E-01   0.000000000    
  0.9113838800E-01   0.000000000    
  0.9260836200E-01   0.000000000    
  0.9407833600E-01   0.000000000    
  0.9554831000E-01   0.000000000    
  0.9701828400E-01   0.000000000    
  0.9848825800E-01   0.000000000    
  0.9995823200E-01   0.000000000    
  0.1014282060       0.000000000    
  0.1028981800       0.000000000    
  0.1043681540       0.000000000    
  0.1058381280       0.000000000    
  0.1073081020       0.000000000    
  0.1087780760       0.000000000    
  0.1102480500       0.000000000    
  0.1117180240       0.000000000    
  0.1131879980       0.000000000    
  0.1146579720       0.000000000    
  0.1161279460       0.000000000    
  0.1175979200       0.000000000    
  0.1190678940       0.000000000    
  0.1205378680       0.000000000    
  0.1220078420       0.000000000    
  0.1234778160       0.000000000    
  0.1249477900       0.000000000    
  0.1264177640       0.000000000    
  0.1278877380       0.000000000    
  0.1293577120       0.000000000    
  0.1308276860      0.1066549347E-07
  0.1322976600      0.9595900817E-07
  0.1337676340      0.5536823085E-06
  0.1352376080      0.2080575151E-05
  0.1367075820      0.5988622764E-05
  0.1381775560      0.1391365348E-04
  0.1396475300      0.2797177991E-04
  0.1411175040      0.5023392558E-04
  0.1425874780      0.8249867577E-04
  0.1440574520      0.1250738034E-03
  0.1455274260      0.1770335939E-03
  0.1469974000      0.2385558098E-03
  0.1484673740      0.3096505657E-03
  0.1499373480      0.3903444490E-03
  0.1514073220      0.4744508978E-03
  0.1528772960      0.5570163036E-03
  0.1543472700      0.6338504084E-03
  0.1558172440      0.7082881746E-03
  0.1572872180      0.7824278423E-03
  0.1587571920      0.8565056556E-03
  0.1602271660      0.9273800959E-03
  0.1616971400      0.9937770055E-03
  0.1631671140      0.1060053903E-02
  0.1646370880      0.1131721685E-02
  0.1661070620      0.1214342465E-02
  0.1675770360      0.1303774041E-02
  0.1690470100      0.1396383384E-02
  0.1705169840      0.1482951407E-02
  0.1719869580      0.1563516902E-02
  0.1734569320      0.1632941366E-02
  0.1749269060      0.1691463935E-02
  0.1763968800      0.1739054311E-02
  0.1778668540      0.1786498515E-02
  0.1793368280      0.1850213864E-02
  0.1808068020      0.1941502225E-02
  0.1822767760      0.2065260056E-02
  0.1837467500      0.2213829483E-02
  0.1852167240      0.2379068867E-02
  0.1866866980      0.2549117969E-02
  0.1881566720      0.2728967957E-02
  0.1896266460      0.2926089743E-02
  0.1910966200      0.3142982288E-02
  0.1925665940      0.3351365053E-02
  0.1940365680      0.3524764245E-02
  0.1955065420      0.3653094823E-02
  0.1969765160      0.3758659090E-02
  0.1984464900      0.3859870096E-02
  0.1999164640      0.3966288576E-02
  0.2013864380      0.4052639349E-02
  0.2028564120      0.4093839059E-02
  0.2043263860      0.4069765539E-02
  0.2057963600      0.4018049295E-02
  0.2072663340      0.3978985696E-02
  0.2087363080      0.3988801218E-02
  0.2102062820      0.4036003779E-02
  0.2116762560      0.4110642279E-02
  0.2131462300      0.4193982970E-02
  0.2146162040      0.4276528692E-02
  0.2160861780      0.4346957012E-02
  0.2175561520      0.4409288785E-02
  0.2190261260      0.4466285732E-02
  0.2204961000      0.4518626118E-02
  0.2219660740      0.4564318554E-02
  0.2234360480      0.4608675944E-02
  0.2249060220      0.4658322516E-02
  0.2263759960      0.4715361422E-02
  0.2278459700      0.4784000601E-02
  0.2293159440      0.4876660004E-02
  0.2307859180      0.4990383874E-02
  0.2322558920      0.5112134823E-02
  0.2337258660      0.5203919779E-02
  0.2351958400      0.5264403479E-02
  0.2366658140      0.5301535437E-02
  0.2381357880      0.5348255705E-02
  0.2396057620      0.5412171800E-02
  0.2410757360      0.5490231705E-02
  0.2425457100      0.5577694555E-02
  0.2440156840      0.5670078456E-02
  0.2454856580      0.5773725239E-02
  0.2469556320      0.5883725777E-02
  0.2484256060      0.6000764102E-02
  0.2498955800      0.6122731917E-02
  0.2513655540      0.6251447564E-02
  0.2528355280      0.6391645428E-02
  0.2543055020      0.6547736614E-02
  0.2557754760      0.6727192573E-02
  0.2572454500      0.6926105019E-02
  0.2587154240      0.7143775266E-02
  0.2601853980      0.7381458652E-02
  0.2616553720      0.7647314226E-02
  0.2631253460      0.7943839483E-02
  0.2645953200      0.8273980322E-02
  0.2660652940      0.8657689464E-02
  0.2675352680      0.9091145274E-02
  0.2690052420      0.9549050550E-02
  0.2704752160      0.9977275178E-02
  0.2719451900      0.1037958273E-01
  0.2734151640      0.1078909767E-01
  0.2748851380      0.1125343455E-01
  0.2763551120      0.1175876162E-01
  0.2778250860      0.1224379548E-01
  0.2792950600      0.1260495301E-01
  0.2807650340      0.1271317705E-01
  0.2822350080      0.1245126382E-01
  0.2837049820      0.1174258559E-01
  0.2851749560      0.1064996404E-01
  0.2866449300      0.9351015812E-02
  0.2881149040      0.8097146307E-02
  0.2895848780      0.7076034042E-02
  0.2910548520      0.6361897934E-02
  0.2925248260      0.5944731963E-02
  0.2939948000      0.5756841088E-02
  0.2954647740      0.5756567121E-02
  0.2969347480      0.5884945192E-02
  0.2984047220      0.6128644636E-02
  0.2998746960      0.6443184268E-02
  0.3013446700      0.6816503849E-02
  0.3028146440      0.7216041376E-02
  0.3042846180      0.7645641430E-02
  0.3057545920      0.8113074168E-02
  0.3072245660      0.8623160155E-02
  0.3086945400      0.9143681985E-02
  0.3101645140      0.9582210139E-02
  0.3116344880      0.9874808382E-02
  0.3131044620      0.1002261528E-01
  0.3145744360      0.1015178131E-01
  0.3160444100      0.1035080410E-01
  0.3175143840      0.1061281332E-01
  0.3189843580      0.1077136844E-01
  0.3204543320      0.1069506154E-01
  0.3219243060      0.1038798465E-01
  0.3233942800      0.9996441288E-02
  0.3248642540      0.9665026143E-02
  0.3263342280      0.9406867658E-02
  0.3278042020      0.9184216300E-02
  0.3292741760      0.8952630926E-02
  0.3307441500      0.8766191228E-02
  0.3322141240      0.8660998214E-02
  0.3336840980      0.8653064836E-02
  0.3351540720      0.8700930688E-02
  0.3366240460      0.8777509892E-02
  0.3380940200      0.8880437108E-02
  0.3395639940      0.9007045377E-02
  0.3410339680      0.9144838939E-02
  0.3425039420      0.9274144376E-02
  0.3439739160      0.9401588153E-02
  0.3454438900      0.9538472913E-02
  0.3469138640      0.9704232504E-02
  0.3483838380      0.9885388133E-02
  0.3498538120      0.1004765026E-01
  0.3513237860      0.1014181143E-01
  0.3527937600      0.1011155801E-01
  0.3542637340      0.9969612905E-02
  0.3557337080      0.9713264906E-02
  0.3572036820      0.9411421568E-02
  0.3586736560      0.9076280641E-02
  0.3601436300      0.8760830245E-02
  0.3616136040      0.8459642187E-02
  0.3630835780      0.8186592398E-02
  0.3645535520      0.7926288305E-02
  0.3660235260      0.7689707296E-02
  0.3674935000      0.7467628920E-02
  0.3689634740      0.7263744291E-02
  0.3704334480      0.7060369981E-02
  0.3719034220      0.6855065944E-02
  0.3733733960      0.6641714390E-02
  0.3748433700      0.6428551619E-02
  0.3763133440      0.6216687349E-02
  0.3777833180      0.6011935557E-02
  0.3792532920      0.5808314456E-02
  0.3807232660      0.5604464553E-02
  0.3821932400      0.5397421776E-02
  0.3836632140      0.5198816237E-02
  0.3851331880      0.5022326288E-02
  0.3866031620      0.4874796790E-02
  0.3880731360      0.4748776972E-02
  0.3895431100      0.4627955928E-02
  0.3910130840      0.4514246827E-02
  0.3924830580      0.4403735763E-02
  0.3939530320      0.4313883299E-02
  0.3954230060      0.4229815921E-02
  0.3968929800      0.4159595219E-02
  0.3983629540      0.4089133352E-02
  0.3998329280      0.4031318317E-02
  0.4013029020      0.3976538812E-02
  0.4027728760      0.3931123439E-02
  0.4042428500      0.3881972173E-02
  0.4057128240      0.3839794265E-02
  0.4071827980      0.3800761413E-02
  0.4086527720      0.3775245759E-02
  0.4101227460      0.3762601976E-02
  0.4115927200      0.3775505874E-02
  0.4130626940      0.3827890056E-02
  0.4145326680      0.3937710824E-02
  0.4160026420      0.4099675831E-02
  0.4174726160      0.4294681127E-02
  0.4189425900      0.4477001508E-02
  0.4204125640      0.4615409991E-02
  0.4218825380      0.4690437401E-02
  0.4233525120      0.4723322922E-02
  0.4248224860      0.4739888074E-02
  0.4262924600      0.4770468973E-02
  0.4277624340      0.4817475749E-02
  0.4292324080      0.4884829524E-02
  0.4307023820      0.4964622560E-02
  0.4321723560      0.5063654769E-02
  0.4336423300      0.5186995873E-02
  0.4351123040      0.5350937696E-02
  0.4365822780      0.5569416843E-02
  0.4380522520      0.5834078720E-02
  0.4395222260      0.6126366773E-02
  0.4409922000      0.6377907573E-02
  0.4424621740      0.6565148041E-02
  0.4439321480      0.6660373554E-02
  0.4454021220      0.6715228841E-02
  0.4468720960      0.6739789744E-02
  0.4483420700      0.6751151353E-02
  0.4498120440      0.6731771716E-02
  0.4512820180      0.6692085349E-02
  0.4527519920      0.6658819110E-02
  0.4542219660      0.6664315464E-02
  0.4556919400      0.6718765345E-02
  0.4571619140      0.6787059900E-02
  0.4586318880      0.6826242503E-02
  0.4601018620      0.6809855675E-02
  0.4615718360      0.6766112892E-02
  0.4630418100      0.6723457701E-02
  0.4645117840      0.6712187843E-02
  0.4659817580      0.6730939736E-02
  0.4674517320      0.6793290626E-02
  0.4689217060      0.6892810754E-02
  0.4703916800      0.7029757491E-02
  0.4718616540      0.7176519446E-02
  0.4733316280      0.7311345404E-02
  0.4748016020      0.7392905114E-02
  0.4762715760      0.7398413459E-02
  0.4777415500      0.7311782779E-02
  0.4792115240      0.7164142866E-02
  0.4806814980      0.6996801248E-02
  0.4821514720      0.6848822445E-02
  0.4836214460      0.6729549593E-02
  0.4850914200      0.6630144695E-02
  0.4865613940      0.6547056060E-02
  0.4880313680      0.6469269779E-02
  0.4895013420      0.6382129082E-02
  0.4909713160      0.6283926996E-02
  0.4924412900      0.6197950270E-02
  0.4939112640      0.6162930245E-02
  0.4953812380      0.6200644307E-02
  0.4968512120      0.6313584059E-02
  0.4983211860      0.6497725646E-02
  0.4997911600      0.6732281476E-02
  0.5012611340      0.7000311704E-02
  0.5027311080      0.7282804828E-02
  0.5042010820      0.7585137337E-02
  0.5056710560      0.7891558951E-02
  0.5071410300      0.8167653796E-02
  0.5086110040      0.8359405166E-02
  0.5100809780      0.8437047913E-02
  0.5115509520      0.8426463251E-02
  0.5130209260      0.8373002595E-02
  0.5144909000      0.8317463124E-02
  0.5159608740      0.8238985152E-02
  0.5174308480      0.8106556137E-02
  0.5189008220      0.7905002556E-02
  0.5203707960      0.7654252106E-02
  0.5218407700      0.7384125756E-02
  0.5233107440      0.7106029922E-02
  0.5247807180      0.6837866250E-02
  0.5262506920      0.6589094618E-02
  0.5277206660      0.6376617450E-02
  0.5291906400      0.6197239144E-02
  0.5306606140      0.6055008888E-02
  0.5321305880      0.5952315698E-02
  0.5336005620      0.5879739817E-02
  0.5350705360      0.5803144383E-02
  0.5365405100      0.5675029684E-02
  0.5380104840      0.5486695511E-02
  0.5394804580      0.5268587965E-02
  0.5409504320      0.5068623215E-02
  0.5424204060      0.4908695530E-02
  0.5438903800      0.4784493218E-02
  0.5453603540      0.4691600519E-02
  0.5468303280      0.4626717625E-02
  0.5483003020      0.4596739577E-02
  0.5497702760      0.4579677920E-02
  0.5512402500      0.4679710386E-02
  0.5527102240      0.4772591584E-02
  0.5541801980      0.4753988418E-02
  0.5556501720      0.4145775023E-02
  0.5571201460      0.3126041849E-02
  0.5585901200      0.1929574150E-02
  0.5600600940      0.1167585717E-02
  0.5615300680      0.8080129861E-03
  0.5630000420      0.7303873848E-03
  0.5644700160      0.6905202406E-03
  0.5659399900      0.6529293852E-03
  0.5674099640      0.6179980198E-03
  0.5688799380      0.5839173679E-03
  0.5703499120      0.5509852706E-03
  0.5718198860      0.5204716796E-03
  0.5732898600      0.4921657885E-03
  0.5747598340      0.4702301123E-03
  0.5762298080      0.4525699487E-03
  0.5776997820      0.4391095593E-03
  0.5791697560      0.4165286311E-03
  0.5806397300      0.3780606217E-03
  0.5821097040      0.3177552249E-03
  0.5835796780      0.2482752009E-03
  0.5850496520      0.1814501286E-03
  0.5865196260      0.1287643899E-03
  0.5879896000      0.8982776888E-04
  0.5894595740      0.6208216597E-04
  0.5909295480      0.4146789543E-04
  0.5923995220      0.2648008174E-04
  0.5938694960      0.1567549642E-04
  0.5953394700      0.8491558383E-05
  0.5968094440      0.3960232194E-05
  0.5982794180      0.1581824472E-05
  0.5997493920      0.4764982574E-06
  0.6012193660      0.1102395627E-06
  0.6026893400      0.9914884114E-08
  0.6041593140       0.000000000    
  0.6056292880      0.3602146101E-07
  0.6070992620      0.1080643830E-06
  0.6085692360      0.3762123820E-06
  0.6100392100      0.1116725368E-05
  0.6115091840      0.3008622302E-05
  0.6129791580      0.6657047525E-05
  0.6144491320      0.1211681400E-04
  0.6159191060      0.1902134163E-04
  0.6173890800      0.2718861820E-04
  0.6188590540      0.3774587247E-04
  0.6203290280      0.5152312184E-04
  0.6217990020      0.6840579578E-04
  0.6232689760      0.8708997473E-04
  0.6247389500      0.1068674610E-03
  0.6262089240      0.1286455955E-03
  0.6276788980      0.1532624425E-03
  0.6291488720      0.1816781239E-03
  0.6306188460      0.2122974468E-03
  0.6320888200      0.2449621890E-03
  0.6335587940      0.2779785225E-03
  0.6350287680      0.3142555024E-03
  0.6364987420      0.3540228689E-03
  0.6379687160      0.4014467126E-03
  0.6394386900      0.4564319362E-03
  0.6409086640      0.5231551930E-03
  0.6423786380      0.6047134441E-03
  0.6438486120      0.7018092279E-03
  0.6453185860      0.8062724806E-03
  0.6467885600      0.9019028205E-03
  0.6482585340      0.9789795051E-03
  0.6497285080      0.1040619477E-02
  0.6511984820      0.1097694006E-02
  0.6526684560      0.1159929157E-02
  0.6541384300      0.1226283008E-02
  0.6556084040      0.1296306449E-02
  0.6570783780      0.1365430794E-02
  0.6585483520      0.1435468591E-02
  0.6600183260      0.1504961789E-02
  0.6614883000      0.1575157951E-02
  0.6629582740      0.1643376286E-02
  0.6644282480      0.1710244487E-02
  0.6658982220      0.1776848272E-02
  0.6673681960      0.1850922992E-02
  0.6688381700      0.1931577178E-02
  0.6703081440      0.2014264996E-02
  0.6717781180      0.2080018727E-02
  0.6732480920      0.2122744485E-02
  0.6747180660      0.2141909566E-02
  0.6761880400      0.2153081003E-02
  0.6776580140      0.2162532003E-02
  0.6791279880      0.2174787838E-02
  0.6805979620      0.2186488777E-02
  0.6820679360      0.2198657639E-02
  0.6835379100      0.2212543347E-02
  0.6850078840      0.2227253767E-02
  0.6864778580      0.2240785587E-02
  0.6879478320      0.2249363812E-02
  0.6894178060      0.2255021935E-02
  0.6908877800      0.2260357091E-02
  0.6923577540      0.2266165069E-02
  0.6938277280      0.2271249149E-02
  0.6952977020      0.2272307523E-02
  0.6967676760      0.2270982603E-02
  0.6982376500      0.2267372327E-02
  0.6997076240      0.2263162545E-02
  0.7011775980      0.2255520368E-02
  0.7026475720      0.2245798821E-02
  0.7041175460      0.2236823356E-02
  0.7055875200      0.2232407878E-02
  0.7070574940      0.2234261620E-02
  0.7085274680      0.2237121514E-02
  0.7099974420      0.2242665783E-02
  0.7114674160      0.2247736780E-02
  0.7129373900      0.2261212723E-02
  0.7144073640      0.2282624414E-02
  0.7158773380      0.2336783751E-02
  0.7173473120      0.2470352095E-02
  0.7188172860      0.2748237223E-02
  0.7202872600      0.3178864040E-02
  0.7217572340      0.3680077215E-02
  0.7232272080      0.4126592813E-02
  0.7246971820      0.4445425763E-02
  0.7261671560      0.4662778366E-02
  0.7276371300      0.4846874203E-02
  0.7291071040      0.5055806723E-02
  0.7305770780      0.5308958329E-02
  0.7320470520      0.5611460336E-02
  0.7335170260      0.5945732085E-02

