# Distance Energies (eV)
0.00000000 -23.76510000
0.00714250 -23.76400000
0.01428499 -23.76090000
0.02142749 -23.75580000
0.02856997 -23.74860000
0.03571247 -23.73930000
0.04285496 -23.72800000
0.04999746 -23.71460000
0.05713994 -23.69910000
0.06428244 -23.68160000
0.07142493 -23.66200000
0.07856743 -23.64040000
0.08570991 -23.61680000
0.09285241 -23.59100000
0.09999490 -23.56320000
0.10713740 -23.53340000
0.11427988 -23.50150000
0.12142238 -23.46750000
0.12856487 -23.43150000
0.13570737 -23.39350000
0.14284985 -23.35350000
0.14999235 -23.31140000
0.15713484 -23.26720000
0.16427734 -23.22100000
0.17141982 -23.17280000
0.17856232 -23.12250000
0.18570481 -23.07020000
0.19284731 -23.01580000
0.19998979 -22.95950000
0.20713229 -22.90110000
0.21427478 -22.84070000
0.22141728 -22.77820000
0.22855977 -22.71380000
0.23570227 -22.64730000
0.24284475 -22.57890000
0.24998725 -22.50840000
0.25712974 -22.43590000
0.26427224 -22.36150000
0.27141472 -22.28500000
0.27855722 -22.20660000
0.28569971 -22.12620000
0.29284221 -22.04380000
0.29998469 -21.95940000
0.30712719 -21.87300000
0.31426968 -21.78470000
0.32141218 -21.69450000
0.32855466 -21.60230000
0.33569716 -21.50810000
0.34283965 -21.41200000
0.34998215 -21.31400000
0.35712463 -21.21410000
0.36426713 -21.11220000
0.37140962 -21.00840000
0.37855212 -20.90270000
0.38569460 -20.79520000
0.39283710 -20.68570000
0.39997959 -20.57440000
0.40712209 -20.46120000
0.41426457 -20.34610000
0.42140707 -20.22920000
0.42854956 -20.11040000
0.43569206 -19.98980000
0.44283455 -19.86740000
0.44997705 -19.74310000
0.45711953 -19.61710000
0.46426203 -19.48930000
0.47140452 -19.35970000
0.47854702 -19.22830000
0.48568950 -19.09520000
0.49283200 -18.96050000
0.49997449 -18.82390000
0.50711699 -18.68560000
0.51425947 -18.54560000
0.52140197 -18.40400000
0.52854446 -18.26070000
0.53568696 -18.11570000
0.54282944 -17.96910000
0.54997194 -17.82090000
0.55711443 -17.67100000
0.56425693 -17.51960000
0.57139941 -17.36670000
0.57854191 -17.21220000
0.58568440 -17.05620000
0.59282690 -16.89870000
0.59996938 -16.73970000
0.60711188 -16.57920000
0.61425437 -16.41750000
0.62139687 -16.25420000
0.62853935 -16.08960000
0.63568185 -15.92360000
0.64282434 -15.75620000
0.64996684 -15.58760000
0.65710933 -15.41760000
0.66425183 -15.24650000
0.67139431 -15.07410000
0.67853681 -14.90050000
0.68567930 -14.72580000
0.69282180 -14.54990000
0.69996428 -14.37300000
0.70710678 -14.19500000
0.70710678 -14.19500000
0.71067802 -14.19480000
0.71424928 -14.19430000
0.71782052 -14.19350000
0.72139177 -14.19230000
0.72496301 -14.19080000
0.72853427 -14.18900000
0.73210551 -14.18690000
0.73567675 -14.18440000
0.73924799 -14.18160000
0.74281925 -14.17840000
0.74639049 -14.17490000
0.74996174 -14.17120000
0.75353298 -14.16700000
0.75710424 -14.16260000
0.76067548 -14.15780000
0.76424672 -14.15280000
0.76781797 -14.14740000
0.77138922 -14.14170000
0.77496047 -14.13570000
0.77853171 -14.12940000
0.78210295 -14.12270000
0.78567421 -14.11580000
0.78924545 -14.10860000
0.79281669 -14.10100000
0.79638794 -14.09320000
0.79995919 -14.08510000
0.80353044 -14.07680000
0.80710168 -14.06810000
0.81067292 -14.05920000
0.81424418 -14.05000000
0.81781542 -14.04050000
0.82138666 -14.03080000
0.82495791 -14.02080000
0.82852916 -14.01060000
0.83210041 -14.00010000
0.83567165 -13.98940000
0.83924289 -13.97850000
0.84281415 -13.96730000
0.84638539 -13.95590000
0.84995663 -13.94430000
0.85352788 -13.93250000
0.85709913 -13.92050000
0.86067038 -13.90840000
0.86424162 -13.89600000
0.86781286 -13.88350000
0.87138412 -13.87080000
0.87495536 -13.85800000
0.87852661 -13.84500000
0.88209785 -13.83190000
0.88566910 -13.81860000
0.88924035 -13.80530000
0.89281159 -13.79190000
0.89638283 -13.77830000
0.89995409 -13.76470000
0.90352533 -13.75110000
0.90709658 -13.73730000
0.91066782 -13.72360000
0.91423908 -13.70980000
0.91781032 -13.69600000
0.92138156 -13.68220000
0.92495280 -13.66850000
0.92852406 -13.65470000
0.93209530 -13.64100000
0.93566655 -13.62740000
0.93923779 -13.61390000
0.94280905 -13.60050000
0.94638029 -13.58710000
0.94995153 -13.57400000
0.95352277 -13.56090000
0.95709403 -13.54810000
0.96066527 -13.53540000
0.96423652 -13.52300000
0.96780776 -13.51070000
0.97137902 -13.49870000
0.97495026 -13.48700000
0.97852150 -13.47560000
0.98209275 -13.46440000
0.98566400 -13.45360000
0.98923525 -13.44320000
0.99280649 -13.43310000
0.99637773 -13.42340000
0.99994899 -13.41400000
1.00352023 -13.40520000
1.00709147 -13.39680000
1.01066272 -13.38880000
1.01423397 -13.38120000
1.01780522 -13.37420000
1.02137646 -13.36760000
1.02494770 -13.36160000
1.02851896 -13.35610000
1.03209020 -13.35120000
1.03566144 -13.34680000
1.03923269 -13.34290000
1.04280394 -13.33970000
1.04637519 -13.33700000
1.04994643 -13.33490000
1.05351767 -13.33340000
1.05708893 -13.33250000
1.06066017 -13.33220000
1.06066017 -13.33220000
1.06244580 -13.35450000
1.06423141 -13.37660000
1.06601704 -13.39840000
1.06780267 -13.42010000
1.06958829 -13.44150000
1.07137391 -13.46270000
1.07315953 -13.48360000
1.07494516 -13.50440000
1.07673079 -13.52490000
1.07851640 -13.54520000
1.08030203 -13.56520000
1.08208766 -13.58510000
1.08387327 -13.60470000
1.08565890 -13.62400000
1.08744451 -13.64320000
1.08923014 -13.66210000
1.09101577 -13.68090000
1.09280139 -13.69930000
1.09458701 -13.71760000
1.09637264 -13.73560000
1.09815826 -13.75340000
1.09994388 -13.77100000
1.10172950 -13.78830000
1.10351513 -13.80550000
1.10530076 -13.82240000
1.10708637 -13.83900000
1.10887200 -13.85550000
1.11065763 -13.87170000
1.11244324 -13.88770000
1.11422887 -13.90350000
1.11601448 -13.91910000
1.11780011 -13.93440000
1.11958574 -13.94950000
1.12137136 -13.96440000
1.12315698 -13.97900000
1.12494261 -13.99340000
1.12672823 -14.00760000
1.12851386 -14.02160000
1.13029947 -14.03530000
1.13208510 -14.04880000
1.13387073 -14.06210000
1.13565634 -14.07520000
1.13744197 -14.08800000
1.13922760 -14.10070000
1.14101321 -14.11310000
1.14279884 -14.12520000
1.14458446 -14.13710000
1.14637008 -14.14880000
1.14815571 -14.16030000
1.14994133 -14.17160000
1.15172696 -14.18260000
1.15351258 -14.19340000
1.15529820 -14.20400000
1.15708383 -14.21430000
1.15886944 -14.22440000
1.16065507 -14.23430000
1.16244070 -14.24400000
1.16422631 -14.25340000
1.16601194 -14.26260000
1.16779757 -14.27160000
1.16958318 -14.28030000
1.17136881 -14.28890000
1.17315443 -14.29720000
1.17494005 -14.30520000
1.17672568 -14.31310000
1.17851130 -14.32070000
1.18029693 -14.32810000
1.18208255 -14.33520000
1.18386817 -14.34220000
1.18565380 -14.34890000
1.18743941 -14.35530000
1.18922504 -14.36150000
1.19101067 -14.36760000
1.19279628 -14.37340000
1.19458191 -14.37890000
1.19636754 -14.38430000
1.19815315 -14.38940000
1.19993878 -14.39430000
1.20172440 -14.39900000
1.20351003 -14.40340000
1.20529565 -14.40760000
1.20708127 -14.41160000
1.20886690 -14.41540000
1.21065252 -14.41890000
1.21243814 -14.42220000
1.21422377 -14.42530000
1.21600938 -14.42810000
1.21779501 -14.43070000
1.21958064 -14.43310000
1.22136625 -14.43530000
1.22315188 -14.43720000
1.22493751 -14.43890000
1.22672312 -14.44040000
1.22850875 -14.44160000
1.23029437 -14.44270000
1.23208000 -14.44350000
1.23386562 -14.44400000
1.23565124 -14.44440000
1.23743687 -14.44450000
1.23743687 -14.44450000
1.24671524 -14.51710000
1.25599361 -14.59760000
1.26527198 -14.68600000
1.27455035 -14.78190000
1.28382872 -14.88500000
1.29310709 -14.99480000
1.30238546 -15.11080000
1.31166383 -15.23250000
1.32094220 -15.35930000
1.33022057 -15.49060000
1.33949894 -15.62580000
1.34877731 -15.76460000
1.35805568 -15.90620000
1.36733405 -16.05040000
1.37661242 -16.19660000
1.38589079 -16.34450000
1.39516916 -16.49370000
1.40444754 -16.64380000
1.41372590 -16.79460000
1.42300427 -16.94590000
1.43228264 -17.09750000
1.44156101 -17.24890000
1.45083938 -17.40020000
1.46011775 -17.55110000
1.46939612 -17.70140000
1.47867450 -17.85110000
1.48795286 -17.99990000
1.49723124 -18.14780000
1.50650960 -18.29460000
1.51578797 -18.44030000
1.52506634 -18.58480000
1.53434471 -18.72790000
1.54362308 -18.86970000
1.55290146 -19.01000000
1.56217983 -19.14880000
1.57145820 -19.28600000
1.58073657 -19.42160000
1.59001493 -19.55550000
1.59929331 -19.68770000
1.60857167 -19.81820000
1.61785005 -19.94680000
1.62712842 -20.07370000
1.63640679 -20.19860000
1.64568516 -20.32170000
1.65496353 -20.44290000
1.66424190 -20.56200000
1.67352027 -20.67920000
1.68279863 -20.79440000
1.69207701 -20.90770000
1.70135538 -21.01890000
1.71063375 -21.12800000
1.71991212 -21.23510000
1.72919049 -21.34010000
1.73846886 -21.44290000
1.74774723 -21.54370000
1.75702560 -21.64230000
1.76630397 -21.73880000
1.77558234 -21.83310000
1.78486071 -21.92530000
1.79413908 -22.01530000
1.80341745 -22.10310000
1.81269582 -22.18880000
1.82197419 -22.27220000
1.83125256 -22.35340000
1.84053093 -22.43240000
1.84980930 -22.50920000
1.85908768 -22.58370000
1.86836605 -22.65600000
1.87764441 -22.72610000
1.88692279 -22.79390000
1.89620115 -22.85950000
1.90547953 -22.92280000
1.91475789 -22.98380000
1.92403626 -23.04250000
1.93331464 -23.09900000
1.94259301 -23.15320000
1.95187138 -23.20520000
1.96114975 -23.25480000
1.97042811 -23.30210000
1.97970649 -23.34720000
1.98898485 -23.39000000
1.99826323 -23.43050000
2.00754160 -23.46860000
2.01681997 -23.50450000
2.02609834 -23.53810000
2.03537671 -23.56930000
2.04465507 -23.59820000
2.05393345 -23.62490000
2.06321181 -23.64920000
2.07249019 -23.67120000
2.08176856 -23.69090000
2.09104693 -23.70820000
2.10032530 -23.72330000
2.10960367 -23.73610000
2.11888204 -23.74650000
2.12816041 -23.75460000
2.13743877 -23.76040000
2.14671715 -23.76390000
2.15599552 -23.76510000
2.15599552 -23.76510000
2.16474326 -23.76430000
2.17349098 -23.76200000
2.18223872 -23.75810000
2.19098645 -23.75270000
2.19973419 -23.74570000
2.20848191 -23.73720000
2.21722965 -23.72720000
2.22597737 -23.71560000
2.23472511 -23.70250000
2.24347283 -23.68780000
2.25222057 -23.67160000
2.26096830 -23.65380000
2.26971604 -23.63450000
2.27846376 -23.61370000
2.28721150 -23.59130000
2.29595922 -23.56730000
2.30470696 -23.54190000
2.31345468 -23.51490000
2.32220242 -23.48630000
2.33095015 -23.45630000
2.33969789 -23.42470000
2.34844561 -23.39150000
2.35719335 -23.35680000
2.36594107 -23.32070000
2.37468881 -23.28300000
2.38343653 -23.24370000
2.39218427 -23.20290000
2.40093200 -23.16060000
2.40967974 -23.11680000
2.41842746 -23.07150000
2.42717520 -23.02460000
2.43592292 -22.97630000
2.44467066 -22.92640000
2.45341838 -22.87500000
2.46216612 -22.82210000
2.47091385 -22.76770000
2.47966159 -22.71180000
2.48840931 -22.65440000
2.49715705 -22.59550000
2.50590477 -22.53520000
2.51465251 -22.47330000
2.52340023 -22.41000000
2.53214797 -22.34510000
2.54089570 -22.27880000
2.54964344 -22.21110000
2.55839116 -22.14190000
2.56713890 -22.07120000
2.57588662 -21.99910000
2.58463436 -21.92550000
2.59338208 -21.85050000
2.60212982 -21.77410000
2.61087755 -21.69630000
2.61962529 -21.61710000
2.62837301 -21.53640000
2.63712075 -21.45430000
2.64586847 -21.37090000
2.65461621 -21.28610000
2.66336393 -21.19990000
2.67211167 -21.11240000
2.68085940 -21.02350000
2.68960714 -20.93330000
2.69835486 -20.84190000
2.70710260 -20.74910000
2.71585032 -20.65510000
2.72459806 -20.55980000
2.73334578 -20.46330000
2.74209352 -20.36560000
2.75084125 -20.26680000
2.75958899 -20.16680000
2.76833671 -20.06570000
2.77708445 -19.96360000
2.78583217 -19.86050000
2.79457991 -19.75640000
2.80332763 -19.65150000
2.81207537 -19.54570000
2.82082310 -19.43910000
2.82957084 -19.33190000
2.83831856 -19.22410000
2.84706630 -19.11590000
2.85581402 -19.00730000
2.86456176 -18.89860000
2.87330948 -18.79000000
2.88205722 -18.68150000
2.89080495 -18.57360000
2.89955269 -18.46650000
2.90830041 -18.36060000
2.91704815 -18.25620000
2.92579587 -18.15410000
2.93454361 -18.05470000
2.94329133 -17.95880000
2.95203907 -17.86740000
2.96078680 -17.78150000
2.96953454 -17.70230000
2.97828226 -17.63140000
2.98703000 -17.57020000
2.99577772 -17.52030000
3.00452546 -17.48340000
3.01327318 -17.46060000
3.02202092 -17.45290000
3.02202092 -17.45290000
3.02511372 -17.45260000
3.02820651 -17.45160000
3.03129930 -17.44980000
3.03439209 -17.44740000
3.03748487 -17.44430000
3.04057767 -17.44050000
3.04367045 -17.43600000
3.04676324 -17.43080000
3.04985604 -17.42500000
3.05294883 -17.41840000
3.05604162 -17.41120000
3.05913441 -17.40320000
3.06222719 -17.39460000
3.06531999 -17.38530000
3.06841277 -17.37530000
3.07150557 -17.36460000
3.07459836 -17.35330000
3.07769115 -17.34120000
3.08078394 -17.32850000
3.08387673 -17.31500000
3.08696951 -17.30090000
3.09006231 -17.28610000
3.09315509 -17.27060000
3.09624789 -17.25440000
3.09934068 -17.23760000
3.10243347 -17.22000000
3.10552626 -17.20180000
3.10861905 -17.18290000
3.11171183 -17.16330000
3.11480463 -17.14300000
3.11789741 -17.12210000
3.12099021 -17.10050000
3.12408300 -17.07820000
3.12717579 -17.05520000
3.13026858 -17.03150000
3.13336137 -17.00720000
3.13645415 -16.98220000
3.13954695 -16.95650000
3.14263974 -16.93020000
3.14573253 -16.90310000
3.14882532 -16.87540000
3.15191811 -16.84710000
3.15501090 -16.81810000
3.15810369 -16.78840000
3.16119647 -16.75800000
3.16428927 -16.72700000
3.16738206 -16.69540000
3.17047485 -16.66300000
3.17356764 -16.63010000
3.17666043 -16.59640000
3.17975322 -16.56220000
3.18284601 -16.52720000
3.18593879 -16.49170000
3.18903159 -16.45550000
3.19212438 -16.41860000
3.19521717 -16.38110000
3.19830996 -16.34300000
3.20140275 -16.30430000
3.20449554 -16.26490000
3.20758833 -16.22490000
3.21068111 -16.18440000
3.21377391 -16.14320000
3.21686670 -16.10140000
3.21995949 -16.05900000
3.22305228 -16.01610000
3.22614507 -15.97250000
3.22923786 -15.92840000
3.23233065 -15.88370000
3.23542343 -15.83850000
3.23851623 -15.79270000
3.24160902 -15.74640000
3.24470181 -15.69960000
3.24779460 -15.65230000
3.25088739 -15.60450000
3.25398018 -15.55630000
3.25707297 -15.50760000
3.26016576 -15.45850000
3.26325855 -15.40900000
3.26635134 -15.35920000
3.26944413 -15.30900000
3.27253692 -15.25860000
3.27562971 -15.20790000
3.27872250 -15.15710000
3.28181529 -15.10610000
3.28490808 -15.05510000
3.28800087 -15.00420000
3.29109366 -14.95350000
3.29418645 -14.90300000
3.29727924 -14.85300000
3.30037203 -14.80360000
3.30346482 -14.75510000
3.30655761 -14.70770000
3.30965040 -14.66170000
3.31274320 -14.61750000
3.31583598 -14.57570000
3.31892877 -14.53670000
3.32202156 -14.50130000
3.32511435 -14.47030000
3.32820714 -14.44450000
3.32820714 -14.44450000
3.32999277 -14.44440000
3.33177839 -14.44400000
3.33356401 -14.44350000
3.33534964 -14.44270000
3.33713526 -14.44160000
3.33892088 -14.44040000
3.34070650 -14.43890000
3.34249213 -14.43720000
3.34427776 -14.43530000
3.34606337 -14.43310000
3.34784900 -14.43070000
3.34963463 -14.42810000
3.35142024 -14.42530000
3.35320587 -14.42220000
3.35499148 -14.41890000
3.35677711 -14.41540000
3.35856274 -14.41160000
3.36034836 -14.40760000
3.36213398 -14.40340000
3.36391961 -14.39900000
3.36570523 -14.39430000
3.36749086 -14.38940000
3.36927647 -14.38430000
3.37106210 -14.37890000
3.37284773 -14.37340000
3.37463334 -14.36760000
3.37641897 -14.36150000
3.37820460 -14.35530000
3.37999021 -14.34890000
3.38177584 -14.34220000
3.38356146 -14.33520000
3.38534708 -14.32810000
3.38713271 -14.32070000
3.38891833 -14.31310000
3.39070395 -14.30520000
3.39248958 -14.29720000
3.39427520 -14.28890000
3.39606083 -14.28030000
3.39784644 -14.27160000
3.39963207 -14.26260000
3.40141770 -14.25340000
3.40320331 -14.24400000
3.40498894 -14.23430000
3.40677457 -14.22440000
3.40856018 -14.21430000
3.41034581 -14.20400000
3.41213143 -14.19340000
3.41391705 -14.18260000
3.41570268 -14.17160000
3.41748830 -14.16030000
3.41927393 -14.14880000
3.42105955 -14.13710000
3.42284517 -14.12520000
3.42463080 -14.11310000
3.42641641 -14.10070000
3.42820204 -14.08800000
3.42998767 -14.07520000
3.43177328 -14.06210000
3.43355891 -14.04880000
3.43534454 -14.03530000
3.43713015 -14.02160000
3.43891578 -14.00760000
3.44070140 -13.99340000
3.44248702 -13.97900000
3.44427265 -13.96440000
3.44605827 -13.94950000
3.44784390 -13.93440000
3.44962952 -13.91910000
3.45141514 -13.90350000
3.45320077 -13.88770000
3.45498638 -13.87170000
3.45677201 -13.85550000
3.45855764 -13.83900000
3.46034325 -13.82240000
3.46212888 -13.80550000
3.46391451 -13.78830000
3.46570012 -13.77100000
3.46748575 -13.75340000
3.46927137 -13.73560000
3.47105700 -13.71760000
3.47284262 -13.69930000
3.47462824 -13.68090000
3.47641387 -13.66210000
3.47819950 -13.64320000
3.47998511 -13.62400000
3.48177074 -13.60470000
3.48355635 -13.58510000
3.48534198 -13.56520000
3.48712761 -13.54520000
3.48891322 -13.52490000
3.49069885 -13.50440000
3.49248448 -13.48360000
3.49427010 -13.46270000
3.49605572 -13.44150000
3.49784134 -13.42010000
3.49962697 -13.39840000
3.50141259 -13.37660000
3.50319821 -13.35450000
3.50498384 -13.33220000
3.50498384 -13.33220000
3.50855508 -13.39620000
3.51212634 -13.46130000
3.51569758 -13.52730000
3.51926882 -13.59400000
3.52284007 -13.66140000
3.52641132 -13.72930000
3.52998257 -13.79750000
3.53355381 -13.86600000
3.53712505 -13.93450000
3.54069631 -14.00330000
3.54426755 -14.07200000
3.54783879 -14.14070000
3.55141004 -14.20920000
3.55498129 -14.27760000
3.55855254 -14.34570000
3.56212378 -14.41350000
3.56569502 -14.48100000
3.56926628 -14.54800000
3.57283752 -14.61470000
3.57640876 -14.68090000
3.57998001 -14.74660000
3.58355126 -14.81180000
3.58712251 -14.87650000
3.59069375 -14.94060000
3.59426499 -15.00410000
3.59783625 -15.06710000
3.60140749 -15.12930000
3.60497873 -15.19100000
3.60854998 -15.25190000
3.61212123 -15.31220000
3.61569248 -15.37180000
3.61926372 -15.43070000
3.62283496 -15.48890000
3.62640622 -15.54630000
3.62997746 -15.60300000
3.63354871 -15.65890000
3.63711995 -15.71410000
3.64069121 -15.76850000
3.64426245 -15.82220000
3.64783369 -15.87500000
3.65140493 -15.92700000
3.65497619 -15.97830000
3.65854743 -16.02870000
3.66211868 -16.07830000
3.66568992 -16.12710000
3.66926118 -16.17500000
3.67283242 -16.22210000
3.67640366 -16.26840000
3.67997490 -16.31390000
3.68354616 -16.35840000
3.68711740 -16.40220000
3.69068865 -16.44510000
3.69425989 -16.48710000
3.69783115 -16.52820000
3.70140239 -16.56850000
3.70497363 -16.60800000
3.70854488 -16.64650000
3.71211613 -16.68420000
3.71568737 -16.72100000
3.71925862 -16.75690000
3.72282986 -16.79190000
3.72640112 -16.82610000
3.72997236 -16.85920000
3.73354360 -16.89160000
3.73711485 -16.92310000
3.74068610 -16.95370000
3.74425735 -16.98340000
3.74782859 -17.01210000
3.75139983 -17.04000000
3.75497109 -17.06700000
3.75854233 -17.09310000
3.76211357 -17.11830000
3.76568482 -17.14260000
3.76925607 -17.16590000
3.77282732 -17.18840000
3.77639856 -17.20990000
3.77996980 -17.23060000
3.78354106 -17.25030000
3.78711230 -17.26910000
3.79068354 -17.28700000
3.79425479 -17.30400000
3.79782604 -17.32010000
3.80139729 -17.33530000
3.80496853 -17.34950000
3.80853977 -17.36280000
3.81211103 -17.37520000
3.81568227 -17.38670000
3.81925351 -17.39730000
3.82282476 -17.40690000
3.82639601 -17.41570000
3.82996726 -17.42350000
3.83353850 -17.43040000
3.83710974 -17.43640000
3.84068100 -17.44140000
3.84425224 -17.44560000
3.84782349 -17.44880000
3.85139473 -17.45110000
3.85496599 -17.45250000
3.85853723 -17.45290000
3.85853723 -17.45290000
3.86163002 -17.45260000
3.86472281 -17.45160000
3.86781560 -17.44980000
3.87090839 -17.44740000
3.87400118 -17.44430000
3.87709397 -17.44050000
3.88018676 -17.43600000
3.88327955 -17.43080000
3.88637234 -17.42500000
3.88946513 -17.41840000
3.89255792 -17.41120000
3.89565071 -17.40320000
3.89874350 -17.39460000
3.90183629 -17.38530000
3.90492908 -17.37530000
3.90802187 -17.36460000
3.91111466 -17.35330000
3.91420745 -17.34120000
3.91730024 -17.32850000
3.92039303 -17.31500000
3.92348582 -17.30090000
3.92657862 -17.28610000
3.92967140 -17.27060000
3.93276419 -17.25440000
3.93585698 -17.23760000
3.93894977 -17.22000000
3.94204256 -17.20180000
3.94513535 -17.18290000
3.94822814 -17.16330000
3.95132094 -17.14300000
3.95441372 -17.12210000
3.95750651 -17.10050000
3.96059930 -17.07820000
3.96369209 -17.05520000
3.96678488 -17.03150000
3.96987767 -17.00720000
3.97297046 -16.98220000
3.97606326 -16.95650000
3.97915604 -16.93020000
3.98224883 -16.90310000
3.98534162 -16.87540000
3.98843441 -16.84710000
3.99152720 -16.81810000
3.99461999 -16.78840000
3.99771278 -16.75800000
4.00080558 -16.72700000
4.00389836 -16.69540000
4.00699115 -16.66300000
4.01008394 -16.63010000
4.01317673 -16.59640000
4.01626952 -16.56220000
4.01936231 -16.52720000
4.02245510 -16.49170000
4.02554790 -16.45550000
4.02864068 -16.41860000
4.03173347 -16.38110000
4.03482626 -16.34300000
4.03791905 -16.30430000
4.04101184 -16.26490000
4.04410464 -16.22490000
4.04719742 -16.18440000
4.05029022 -16.14320000
4.05338300 -16.10140000
4.05647579 -16.05900000
4.05956858 -16.01610000
4.06266137 -15.97250000
4.06575416 -15.92840000
4.06884696 -15.88370000
4.07193974 -15.83850000
4.07503254 -15.79270000
4.07812532 -15.74640000
4.08121811 -15.69960000
4.08431090 -15.65230000
4.08740369 -15.60450000
4.09049648 -15.55630000
4.09358928 -15.50760000
4.09668206 -15.45850000
4.09977486 -15.40900000
4.10286764 -15.35920000
4.10596043 -15.30900000
4.10905322 -15.25860000
4.11214601 -15.20790000
4.11523881 -15.15710000
4.11833160 -15.10610000
4.12142438 -15.05510000
4.12451718 -15.00420000
4.12760996 -14.95350000
4.13070275 -14.90300000
4.13379554 -14.85300000
4.13688833 -14.80360000
4.13998113 -14.75510000
4.14307392 -14.70770000
4.14616670 -14.66170000
4.14925950 -14.61750000
4.15235228 -14.57570000
4.15544507 -14.53670000
4.15853786 -14.50130000
4.16163065 -14.47030000
4.16472345 -14.44450000

0.00000000 0.00000000
0.00714250 -0.00430000
0.01428499 -0.01720000
0.02142749 -0.03850000
0.02856997 -0.06800000
0.03571247 -0.10550000
0.04285496 -0.15060000
0.04999746 -0.20300000
0.05713994 -0.26220000
0.06428244 -0.32780000
0.07142493 -0.39940000
0.07856743 -0.47640000
0.08570991 -0.55850000
0.09285241 -0.64510000
0.09999490 -0.73590000
0.10713740 -0.83030000
0.11427988 -0.92810000
0.12142238 -1.02880000
0.12856487 -1.13210000
0.13570737 -1.23770000
0.14284985 -1.34530000
0.14999235 -1.45450000
0.15713484 -1.56500000
0.16427734 -1.67680000
0.17141982 -1.78940000
0.17856232 -1.90280000
0.18570481 -2.01670000
0.19284731 -2.13090000
0.19998979 -2.24540000
0.20713229 -2.35980000
0.21427478 -2.47420000
0.22141728 -2.58830000
0.22855977 -2.70210000
0.23570227 -2.81540000
0.24284475 -2.92810000
0.24998725 -3.04020000
0.25712974 -3.15150000
0.26427224 -3.26200000
0.27141472 -3.37150000
0.27855722 -3.48010000
0.28569971 -3.58770000
0.29284221 -3.69410000
0.29998469 -3.81010000
0.30712719 -3.96750000
0.31426968 -4.12680000
0.32141218 -4.28800000
0.32855466 -4.45100000
0.33569716 -4.61580000
0.34283965 -4.78230000
0.34998215 -4.95050000
0.35712463 -5.12020000
0.36426713 -5.29150000
0.37140962 -5.46430000
0.37855212 -5.63840000
0.38569460 -5.81390000
0.39283710 -5.99080000
0.39997959 -6.16880000
0.40712209 -6.34810000
0.41426457 -6.52850000
0.42140707 -6.70990000
0.42854956 -6.89240000
0.43569206 -7.07580000
0.44283455 -7.26010000
0.44997705 -7.44520000
0.45711953 -7.63110000
0.46426203 -7.81780000
0.47140452 -8.00510000
0.47854702 -8.19290000
0.48568950 -8.38130000
0.49283200 -8.57030000
0.49997449 -8.75960000
0.50711699 -8.94930000
0.51425947 -9.13940000
0.52140197 -9.32970000
0.52854446 -9.52020000
0.53568696 -9.71080000
0.54282944 -9.90160000
0.54997194 -10.09240000
0.55711443 -10.28310000
0.56425693 -10.47380000
0.57139941 -10.66430000
0.57854191 -10.85470000
0.58568440 -11.04490000
0.59282690 -11.23470000
0.59996938 -11.42420000
0.60711188 -11.61340000
0.61425437 -11.80210000
0.62139687 -11.99030000
0.62853935 -12.17800000
0.63568185 -12.36510000
0.64282434 -12.55160000
0.64996684 -12.73740000
0.65710933 -12.92250000
0.66425183 -13.10690000
0.67139431 -13.29050000
0.67853681 -13.47320000
0.68567930 -13.65510000
0.69282180 -13.83610000
0.69996428 -14.01590000
0.70710678 -14.19500000
0.70710678 -14.19500000
0.71067802 -14.19480000
0.71424928 -14.19430000
0.71782052 -14.19350000
0.72139177 -14.19230000
0.72496301 -14.19080000
0.72853427 -14.18900000
0.73210551 -14.18690000
0.73567675 -14.18440000
0.73924799 -14.18160000
0.74281925 -14.17840000
0.74639049 -14.17490000
0.74996174 -14.17120000
0.75353298 -14.16700000
0.75710424 -14.16260000
0.76067548 -14.15780000
0.76424672 -14.15280000
0.76781797 -14.14740000
0.77138922 -14.14170000
0.77496047 -14.13570000
0.77853171 -14.12940000
0.78210295 -14.12270000
0.78567421 -14.11580000
0.78924545 -14.10860000
0.79281669 -14.10100000
0.79638794 -14.09320000
0.79995919 -14.08510000
0.80353044 -14.07680000
0.80710168 -14.06810000
0.81067292 -14.05920000
0.81424418 -14.05000000
0.81781542 -14.04050000
0.82138666 -14.03080000
0.82495791 -14.02080000
0.82852916 -14.01060000
0.83210041 -14.00010000
0.83567165 -13.98940000
0.83924289 -13.97850000
0.84281415 -13.96730000
0.84638539 -13.95590000
0.84995663 -13.94430000
0.85352788 -13.93250000
0.85709913 -13.92050000
0.86067038 -13.90840000
0.86424162 -13.89600000
0.86781286 -13.88350000
0.87138412 -13.87080000
0.87495536 -13.85800000
0.87852661 -13.84500000
0.88209785 -13.83190000
0.88566910 -13.81860000
0.88924035 -13.80530000
0.89281159 -13.79190000
0.89638283 -13.77830000
0.89995409 -13.76470000
0.90352533 -13.75110000
0.90709658 -13.73730000
0.91066782 -13.72360000
0.91423908 -13.70980000
0.91781032 -13.69600000
0.92138156 -13.68220000
0.92495280 -13.66850000
0.92852406 -13.65470000
0.93209530 -13.64100000
0.93566655 -13.62740000
0.93923779 -13.61390000
0.94280905 -13.60050000
0.94638029 -13.58710000
0.94995153 -13.57400000
0.95352277 -13.56090000
0.95709403 -13.54810000
0.96066527 -13.53540000
0.96423652 -13.52300000
0.96780776 -13.51070000
0.97137902 -13.49870000
0.97495026 -13.48700000
0.97852150 -13.47560000
0.98209275 -13.46440000
0.98566400 -13.45360000
0.98923525 -13.44320000
0.99280649 -13.43310000
0.99637773 -13.42340000
0.99994899 -13.41400000
1.00352023 -13.40520000
1.00709147 -13.39680000
1.01066272 -13.38880000
1.01423397 -13.38120000
1.01780522 -13.37420000
1.02137646 -13.36760000
1.02494770 -13.36160000
1.02851896 -13.35610000
1.03209020 -13.35120000
1.03566144 -13.34680000
1.03923269 -13.34290000
1.04280394 -13.33970000
1.04637519 -13.33700000
1.04994643 -13.33490000
1.05351767 -13.33340000
1.05708893 -13.33250000
1.06066017 -13.33220000
1.06066017 -13.33220000
1.06244580 -13.31020000
1.06423141 -13.28910000
1.06601704 -13.26870000
1.06780267 -13.24920000
1.06958829 -13.23050000
1.07137391 -13.21270000
1.07315953 -13.19560000
1.07494516 -13.17930000
1.07673079 -13.16380000
1.07851640 -13.14910000
1.08030203 -13.13510000
1.08208766 -13.12180000
1.08387327 -13.10920000
1.08565890 -13.09740000
1.08744451 -13.08620000
1.08923014 -13.07570000
1.09101577 -13.06580000
1.09280139 -13.05660000
1.09458701 -13.04790000
1.09637264 -13.03990000
1.09815826 -13.03240000
1.09994388 -13.02550000
1.10172950 -13.01910000
1.10351513 -13.01310000
1.10530076 -13.00770000
1.10708637 -13.00280000
1.10887200 -12.99830000
1.11065763 -12.99420000
1.11244324 -12.99060000
1.11422887 -12.98730000
1.11601448 -12.98440000
1.11780011 -12.98190000
1.11958574 -12.97970000
1.12137136 -12.97790000
1.12315698 -12.97630000
1.12494261 -12.97510000
1.12672823 -12.97410000
1.12851386 -12.97330000
1.13029947 -12.97280000
1.13208510 -12.97260000
1.13387073 -12.97260000
1.13565634 -12.97270000
1.13744197 -12.97310000
1.13922760 -12.97360000
1.14101321 -12.97430000
1.14279884 -12.97520000
1.14458446 -12.97620000
1.14637008 -12.97730000
1.14815571 -12.97860000
1.14994133 -12.98000000
1.15172696 -12.98140000
1.15351258 -12.98300000
1.15529820 -12.98460000
1.15708383 -12.98630000
1.15886944 -12.98810000
1.16065507 -12.99000000
1.16244070 -12.99190000
1.16422631 -12.99380000
1.16601194 -12.99580000
1.16779757 -12.99780000
1.16958318 -12.99980000
1.17136881 -13.00180000
1.17315443 -13.00390000
1.17494005 -13.00590000
1.17672568 -13.00800000
1.17851130 -13.01000000
1.18029693 -13.01200000
1.18208255 -13.01400000
1.18386817 -13.01600000
1.18565380 -13.01800000
1.18743941 -13.01990000
1.18922504 -13.02180000
1.19101067 -13.02360000
1.19279628 -13.02540000
1.19458191 -13.02720000
1.19636754 -13.02890000
1.19815315 -13.03060000
1.19993878 -13.03220000
1.20172440 -13.03380000
1.20351003 -13.03530000
1.20529565 -13.03680000
1.20708127 -13.03810000
1.20886690 -13.03950000
1.21065252 -13.04070000
1.21243814 -13.04190000
1.21422377 -13.04300000
1.21600938 -13.04400000
1.21779501 -13.04490000
1.21958064 -13.04580000
1.22136625 -13.04660000
1.22315188 -13.04730000
1.22493751 -13.04790000
1.22672312 -13.04850000
1.22850875 -13.04890000
1.23029437 -13.04930000
1.23208000 -13.04960000
1.23386562 -13.04980000
1.23565124 -13.04990000
1.23743687 -13.05000000
1.23743687 -13.05000000
1.24671524 -12.97980000
1.25599361 -12.90760000
1.26527198 -12.83340000
1.27455035 -12.75720000
1.28382872 -12.67880000
1.29310709 -12.59840000
1.30238546 -12.51600000
1.31166383 -12.43160000
1.32094220 -12.34510000
1.33022057 -12.25660000
1.33949894 -12.16610000
1.34877731 -12.07350000
1.35805568 -11.97900000
1.36733405 -11.88240000
1.37661242 -11.78390000
1.38589079 -11.68340000
1.39516916 -11.58090000
1.40444754 -11.47640000
1.41372590 -11.37000000
1.42300427 -11.26160000
1.43228264 -11.15120000
1.44156101 -11.03900000
1.45083938 -10.92470000
1.46011775 -10.80860000
1.46939612 -10.69050000
1.47867450 -10.57050000
1.48795286 -10.44860000
1.49723124 -10.32490000
1.50650960 -10.19920000
1.51578797 -10.07180000
1.52506634 -9.94240000
1.53434471 -9.81120000
1.54362308 -9.67810000
1.55290146 -9.54330000
1.56217983 -9.40660000
1.57145820 -9.26820000
1.58073657 -9.12790000
1.59001493 -8.98600000
1.59929331 -8.84230000
1.60857167 -8.69690000
1.61785005 -8.54980000
1.62712842 -8.40090000
1.63640679 -8.25050000
1.64568516 -8.09840000
1.65496353 -7.94460000
1.66424190 -7.78940000
1.67352027 -7.63250000
1.68279863 -7.47410000
1.69207701 -7.31420000
1.70135538 -7.15290000
1.71063375 -6.99010000
1.71991212 -6.82590000
1.72919049 -6.66040000
1.73846886 -6.49360000
1.74774723 -6.32550000
1.75702560 -6.15620000
1.76630397 -5.98570000
1.77558234 -5.81410000
1.78486071 -5.64150000
1.79413908 -5.46780000
1.80341745 -5.29330000
1.81269582 -5.11790000
1.82197419 -4.94180000
1.83125256 -4.76500000
1.84053093 -4.58760000
1.84980930 -4.40980000
1.85908768 -4.23160000
1.86836605 -4.05310000
1.87764441 -3.87460000
1.88692279 -3.69610000
1.89620115 -3.51770000
1.90547953 -3.33980000
1.91475789 -3.16240000
1.92403626 -2.98570000
1.93331464 -2.81000000
1.94259301 -2.63550000
1.95187138 -2.46260000
1.96114975 -2.29140000
1.97042811 -2.12220000
1.97970649 -1.95560000
1.98898485 -1.79170000
1.99826323 -1.63110000
2.00754160 -1.47430000
2.01681997 -1.32180000
2.02609834 -1.17400000
2.03537671 -1.03160000
2.04465507 -0.89520000
2.05393345 -0.76550000
2.06321181 -0.64340000
2.07249019 -0.52930000
2.08176856 -0.42440000
2.09104693 -0.32930000
2.10032530 -0.24490000
2.10960367 -0.17180000
2.11888204 -0.11100000
2.12816041 -0.06290000
2.13743877 -0.02810000
2.14671715 -0.00710000
2.15599552 0.00000000
2.15599552 0.00000000
2.16474326 -0.00560000
2.17349098 -0.02240000
2.18223872 -0.05030000
2.19098645 -0.08900000
2.19973419 -0.13820000
2.20848191 -0.19770000
2.21722965 -0.26700000
2.22597737 -0.34570000
2.23472511 -0.43330000
2.24347283 -0.52950000
2.25222057 -0.63370000
2.26096830 -0.74530000
2.26971604 -0.86390000
2.27846376 -0.98910000
2.28721150 -1.12030000
2.29595922 -1.25730000
2.30470696 -1.39940000
2.31345468 -1.54650000
2.32220242 -1.69800000
2.33095015 -1.85370000
2.33969789 -2.01320000
2.34844561 -2.17630000
2.35719335 -2.34260000
2.36594107 -2.51190000
2.37468881 -2.68390000
2.38343653 -2.85840000
2.39218427 -3.03520000
2.40093200 -3.21400000
2.40967974 -3.39480000
2.41842746 -3.57730000
2.42717520 -3.76140000
2.43592292 -3.94680000
2.44467066 -4.13350000
2.45341838 -4.32140000
2.46216612 -4.51020000
2.47091385 -4.69990000
2.47966159 -4.89040000
2.48840931 -5.08160000
2.49715705 -5.27330000
2.50590477 -5.46540000
2.51465251 -5.65790000
2.52340023 -5.85070000
2.53214797 -6.04370000
2.54089570 -6.23690000
2.54964344 -6.43000000
2.55839116 -6.62320000
2.56713890 -6.81630000
2.57588662 -7.00920000
2.58463436 -7.20190000
2.59338208 -7.39430000
2.60212982 -7.58640000
2.61087755 -7.77810000
2.61962529 -7.96930000
2.62837301 -8.16010000
2.63712075 -8.35030000
2.64586847 -8.53990000
2.65461621 -8.72890000
2.66336393 -8.91710000
2.67211167 -9.10470000
2.68085940 -9.29140000
2.68960714 -9.47730000
2.69835486 -9.66240000
2.70710260 -9.84650000
2.71585032 -10.02970000
2.72459806 -10.21180000
2.73334578 -10.39290000
2.74209352 -10.57280000
2.75084125 -10.75160000
2.75958899 -10.92920000
2.76833671 -11.10550000
2.77708445 -11.28040000
2.78583217 -11.45370000
2.79457991 -11.62580000
2.80332763 -11.79630000
2.81207537 -11.96520000
2.82082310 -12.13240000
2.82957084 -12.29770000
2.83831856 -12.46120000
2.84706630 -12.62250000
2.85581402 -12.78170000
2.86456176 -12.93850000
2.87330948 -13.09270000
2.88205722 -13.24410000
2.89080495 -13.39250000
2.89955269 -13.53740000
2.90830041 -13.67860000
2.91704815 -13.81560000
2.92579587 -13.94790000
2.93454361 -14.07480000
2.94329133 -14.19560000
2.95203907 -14.30930000
2.96078680 -14.41490000
2.96953454 -14.51110000
2.97828226 -14.59650000
2.98703000 -14.66950000
2.99577772 -14.72850000
3.00452546 -14.77200000
3.01327318 -14.79870000
3.02202092 -14.80770000
3.02202092 -14.80770000
3.02511372 -14.80740000
3.02820651 -14.80630000
3.03129930 -14.80450000
3.03439209 -14.80200000
3.03748487 -14.79880000
3.04057767 -14.79480000
3.04367045 -14.79020000
3.04676324 -14.78480000
3.04985604 -14.77870000
3.05294883 -14.77190000
3.05604162 -14.76440000
3.05913441 -14.75610000
3.06222719 -14.74720000
3.06531999 -14.73760000
3.06841277 -14.72720000
3.07150557 -14.71620000
3.07459836 -14.70440000
3.07769115 -14.69190000
3.08078394 -14.67880000
3.08387673 -14.66490000
3.08696951 -14.65040000
3.09006231 -14.63510000
3.09315509 -14.61920000
3.09624789 -14.60260000
3.09934068 -14.58530000
3.10243347 -14.56730000
3.10552626 -14.54860000
3.10861905 -14.52930000
3.11171183 -14.50930000
3.11480463 -14.48860000
3.11789741 -14.46730000
3.12099021 -14.44530000
3.12408300 -14.42270000
3.12717579 -14.39950000
3.13026858 -14.37560000
3.13336137 -14.35100000
3.13645415 -14.32590000
3.13954695 -14.30010000
3.14263974 -14.27370000
3.14573253 -14.24670000
3.14882532 -14.21910000
3.15191811 -14.19100000
3.15501090 -14.16220000
3.15810369 -14.13290000
3.16119647 -14.10310000
3.16428927 -14.07270000
3.16738206 -14.04170000
3.17047485 -14.01030000
3.17356764 -13.97830000
3.17666043 -13.94590000
3.17975322 -13.91290000
3.18284601 -13.87960000
3.18593879 -13.84580000
3.18903159 -13.81160000
3.19212438 -13.77700000
3.19521717 -13.74210000
3.19830996 -13.70680000
3.20140275 -13.67120000
3.20449554 -13.63530000
3.20758833 -13.59920000
3.21068111 -13.56290000
3.21377391 -13.52640000
3.21686670 -13.48980000
3.21995949 -13.45310000
3.22305228 -13.41650000
3.22614507 -13.37980000
3.22923786 -13.34330000
3.23233065 -13.30700000
3.23542343 -13.27100000
3.23851623 -13.23530000
3.24160902 -13.20000000
3.24470181 -13.16540000
3.24779460 -13.13150000
3.25088739 -13.09840000
3.25398018 -13.06620000
3.25707297 -13.03530000
3.26016576 -13.00560000
3.26325855 -12.97760000
3.26635134 -12.95120000
3.26944413 -12.92690000
3.27253692 -12.90480000
3.27562971 -12.88520000
3.27872250 -12.86840000
3.28181529 -12.85460000
3.28490808 -12.84420000
3.28800087 -12.83730000
3.29109366 -12.83420000
3.29418645 -12.83500000
3.29727924 -12.83990000
3.30037203 -12.84880000
3.30346482 -12.86160000
3.30655761 -12.87820000
3.30965040 -12.89810000
3.31274320 -12.92090000
3.31583598 -12.94600000
3.31892877 -12.97240000
3.32202156 -12.99930000
3.32511435 -13.02560000
3.32820714 -13.05000000
3.32820714 -13.05000000
3.32999277 -13.04990000
3.33177839 -13.04980000
3.33356401 -13.04960000
3.33534964 -13.04930000
3.33713526 -13.04890000
3.33892088 -13.04840000
3.34070650 -13.04790000
3.34249213 -13.04730000
3.34427776 -13.04660000
3.34606337 -13.04580000
3.34784900 -13.04490000
3.34963463 -13.04400000
3.35142024 -13.04300000
3.35320587 -13.04190000
3.35499148 -13.04070000
3.35677711 -13.03950000
3.35856274 -13.03810000
3.36034836 -13.03680000
3.36213398 -13.03530000
3.36391961 -13.03380000
3.36570523 -13.03220000
3.36749086 -13.03060000
3.36927647 -13.02890000
3.37106210 -13.02720000
3.37284773 -13.02540000
3.37463334 -13.02360000
3.37641897 -13.02180000
3.37820460 -13.01990000
3.37999021 -13.01800000
3.38177584 -13.01600000
3.38356146 -13.01400000
3.38534708 -13.01200000
3.38713271 -13.01000000
3.38891833 -13.00800000
3.39070395 -13.00590000
3.39248958 -13.00390000
3.39427520 -13.00180000
3.39606083 -12.99980000
3.39784644 -12.99780000
3.39963207 -12.99580000
3.40141770 -12.99380000
3.40320331 -12.99190000
3.40498894 -12.99000000
3.40677457 -12.98810000
3.40856018 -12.98630000
3.41034581 -12.98460000
3.41213143 -12.98300000
3.41391705 -12.98140000
3.41570268 -12.98000000
3.41748830 -12.97860000
3.41927393 -12.97730000
3.42105955 -12.97620000
3.42284517 -12.97520000
3.42463080 -12.97430000
3.42641641 -12.97360000
3.42820204 -12.97310000
3.42998767 -12.97270000
3.43177328 -12.97260000
3.43355891 -12.97260000
3.43534454 -12.97280000
3.43713015 -12.97330000
3.43891578 -12.97410000
3.44070140 -12.97510000
3.44248702 -12.97630000
3.44427265 -12.97790000
3.44605827 -12.97970000
3.44784390 -12.98190000
3.44962952 -12.98440000
3.45141514 -12.98730000
3.45320077 -12.99060000
3.45498638 -12.99420000
3.45677201 -12.99830000
3.45855764 -13.00280000
3.46034325 -13.00770000
3.46212888 -13.01310000
3.46391451 -13.01910000
3.46570012 -13.02550000
3.46748575 -13.03240000
3.46927137 -13.03990000
3.47105700 -13.04790000
3.47284262 -13.05660000
3.47462824 -13.06580000
3.47641387 -13.07570000
3.47819950 -13.08620000
3.47998511 -13.09740000
3.48177074 -13.10920000
3.48355635 -13.12180000
3.48534198 -13.13510000
3.48712761 -13.14910000
3.48891322 -13.16380000
3.49069885 -13.17930000
3.49248448 -13.19560000
3.49427010 -13.21270000
3.49605572 -13.23050000
3.49784134 -13.24920000
3.49962697 -13.26870000
3.50141259 -13.28910000
3.50319821 -13.31020000
3.50498384 -13.33220000
3.50498384 -13.33220000
3.50855508 -13.26950000
3.51212634 -13.20820000
3.51569758 -13.14860000
3.51926882 -13.09100000
3.52284007 -13.03560000
3.52641132 -12.98260000
3.52998257 -12.93230000
3.53355381 -12.88510000
3.53712505 -12.84120000
3.54069631 -12.80090000
3.54426755 -12.76450000
3.54783879 -12.73230000
3.55141004 -12.70440000
3.55498129 -12.68110000
3.55855254 -12.66250000
3.56212378 -12.64880000
3.56569502 -12.63970000
3.56926628 -12.63550000
3.57283752 -12.63590000
3.57640876 -12.64070000
3.57998001 -12.64990000
3.58355126 -12.66310000
3.58712251 -12.68010000
3.59069375 -12.70060000
3.59426499 -12.72420000
3.59783625 -12.75080000
3.60140749 -12.78000000
3.60497873 -12.81150000
3.60854998 -12.84510000
3.61212123 -12.88050000
3.61569248 -12.91750000
3.61926372 -12.95590000
3.62283496 -12.99540000
3.62640622 -13.03590000
3.62997746 -13.07730000
3.63354871 -13.11930000
3.63711995 -13.16180000
3.64069121 -13.20480000
3.64426245 -13.24800000
3.64783369 -13.29150000
3.65140493 -13.33500000
3.65497619 -13.37860000
3.65854743 -13.42210000
3.66211868 -13.46540000
3.66568992 -13.50860000
3.66926118 -13.55150000
3.67283242 -13.59400000
3.67640366 -13.63630000
3.67997490 -13.67810000
3.68354616 -13.71950000
3.68711740 -13.76030000
3.69068865 -13.80070000
3.69425989 -13.84050000
3.69783115 -13.87980000
3.70140239 -13.91840000
3.70497363 -13.95640000
3.70854488 -13.99380000
3.71211613 -14.03040000
3.71568737 -14.06640000
3.71925862 -14.10160000
3.72282986 -14.13620000
3.72640112 -14.16990000
3.72997236 -14.20290000
3.73354360 -14.23510000
3.73711485 -14.26660000
3.74068610 -14.29720000
3.74425735 -14.32700000
3.74782859 -14.35600000
3.75139983 -14.38410000
3.75497109 -14.41140000
3.75854233 -14.43780000
3.76211357 -14.46340000
3.76568482 -14.48810000
3.76925607 -14.51200000
3.77282732 -14.53490000
3.77639856 -14.55690000
3.77996980 -14.57810000
3.78354106 -14.59830000
3.78711230 -14.61760000
3.79068354 -14.63610000
3.79425479 -14.65360000
3.79782604 -14.67010000
3.80139729 -14.68580000
3.80496853 -14.70050000
3.80853977 -14.71420000
3.81211103 -14.72710000
3.81568227 -14.73900000
3.81925351 -14.74990000
3.82282476 -14.76000000
3.82639601 -14.76900000
3.82996726 -14.77710000
3.83353850 -14.78430000
3.83710974 -14.79050000
3.84068100 -14.79580000
3.84425224 -14.80010000
3.84782349 -14.80340000
3.85139473 -14.80580000
3.85496599 -14.80730000
3.85853723 -14.80770000
3.85853723 -14.80770000
3.86163002 -14.80740000
3.86472281 -14.80630000
3.86781560 -14.80450000
3.87090839 -14.80200000
3.87400118 -14.79880000
3.87709397 -14.79480000
3.88018676 -14.79020000
3.88327955 -14.78480000
3.88637234 -14.77870000
3.88946513 -14.77190000
3.89255792 -14.76440000
3.89565071 -14.75610000
3.89874350 -14.74720000
3.90183629 -14.73760000
3.90492908 -14.72720000
3.90802187 -14.71620000
3.91111466 -14.70440000
3.91420745 -14.69190000
3.91730024 -14.67880000
3.92039303 -14.66490000
3.92348582 -14.65040000
3.92657862 -14.63510000
3.92967140 -14.61920000
3.93276419 -14.60260000
3.93585698 -14.58530000
3.93894977 -14.56730000
3.94204256 -14.54860000
3.94513535 -14.52930000
3.94822814 -14.50930000
3.95132094 -14.48860000
3.95441372 -14.46730000
3.95750651 -14.44530000
3.96059930 -14.42270000
3.96369209 -14.39950000
3.96678488 -14.37560000
3.96987767 -14.35100000
3.97297046 -14.32590000
3.97606326 -14.30010000
3.97915604 -14.27370000
3.98224883 -14.24670000
3.98534162 -14.21910000
3.98843441 -14.19100000
3.99152720 -14.16220000
3.99461999 -14.13290000
3.99771278 -14.10310000
4.00080558 -14.07270000
4.00389836 -14.04170000
4.00699115 -14.01030000
4.01008394 -13.97830000
4.01317673 -13.94590000
4.01626952 -13.91290000
4.01936231 -13.87960000
4.02245510 -13.84580000
4.02554790 -13.81160000
4.02864068 -13.77700000
4.03173347 -13.74210000
4.03482626 -13.70680000
4.03791905 -13.67120000
4.04101184 -13.63530000
4.04410464 -13.59920000
4.04719742 -13.56290000
4.05029022 -13.52640000
4.05338300 -13.48980000
4.05647579 -13.45310000
4.05956858 -13.41650000
4.06266137 -13.37980000
4.06575416 -13.34330000
4.06884696 -13.30700000
4.07193974 -13.27100000
4.07503254 -13.23530000
4.07812532 -13.20000000
4.08121811 -13.16540000
4.08431090 -13.13150000
4.08740369 -13.09840000
4.09049648 -13.06620000
4.09358928 -13.03530000
4.09668206 -13.00560000
4.09977486 -12.97760000
4.10286764 -12.95120000
4.10596043 -12.92690000
4.10905322 -12.90480000
4.11214601 -12.88520000
4.11523881 -12.86840000
4.11833160 -12.85460000
4.12142438 -12.84420000
4.12451718 -12.83730000
4.12760996 -12.83420000
4.13070275 -12.83500000
4.13379554 -12.83990000
4.13688833 -12.84880000
4.13998113 -12.86160000
4.14307392 -12.87820000
4.14616670 -12.89810000
4.14925950 -12.92090000
4.15235228 -12.94600000
4.15544507 -12.97240000
4.15853786 -12.99930000
4.16163065 -13.02560000
4.16472345 -13.05000000

0.00000000 0.00000000
0.00714250 -0.00430000
0.01428499 -0.01720000
0.02142749 -0.03850000
0.02856997 -0.06800000
0.03571247 -0.10550000
0.04285496 -0.15060000
0.04999746 -0.20300000
0.05713994 -0.26220000
0.06428244 -0.32780000
0.07142493 -0.39940000
0.07856743 -0.47640000
0.08570991 -0.55850000
0.09285241 -0.64510000
0.09999490 -0.73580000
0.10713740 -0.83030000
0.11427988 -0.92810000
0.12142238 -1.02880000
0.12856487 -1.13210000
0.13570737 -1.23760000
0.14284985 -1.34530000
0.14999235 -1.45440000
0.15713484 -1.56500000
0.16427734 -1.67670000
0.17141982 -1.78940000
0.17856232 -1.90280000
0.18570481 -2.01670000
0.19284731 -2.13090000
0.19998979 -2.24530000
0.20713229 -2.35980000
0.21427478 -2.47420000
0.22141728 -2.58830000
0.22855977 -2.70210000
0.23570227 -2.81540000
0.24284475 -2.92810000
0.24998725 -3.04020000
0.25712974 -3.15150000
0.26427224 -3.26190000
0.27141472 -3.37150000
0.27855722 -3.48010000
0.28569971 -3.58760000
0.29284221 -3.69410000
0.29998469 -3.79940000
0.30712719 -3.90340000
0.31426968 -4.00620000
0.32141218 -4.10760000
0.32855466 -4.20770000
0.33569716 -4.30640000
0.34283965 -4.40370000
0.34998215 -4.49950000
0.35712463 -4.59380000
0.36426713 -4.68650000
0.37140962 -4.77760000
0.37855212 -4.86720000
0.38569460 -4.95510000
0.39283710 -5.04140000
0.39997959 -5.12600000
0.40712209 -5.20880000
0.41426457 -5.29000000
0.42140707 -5.36940000
0.42854956 -5.44710000
0.43569206 -5.52300000
0.44283455 -5.59700000
0.44997705 -5.66930000
0.45711953 -5.73970000
0.46426203 -5.80830000
0.47140452 -5.87500000
0.47854702 -5.93990000
0.48568950 -6.00290000
0.49283200 -6.06390000
0.49997449 -6.12310000
0.50711699 -6.18040000
0.51425947 -6.23570000
0.52140197 -6.28910000
0.52854446 -6.34050000
0.53568696 -6.39000000
0.54282944 -6.43750000
0.54997194 -6.48310000
0.55711443 -6.52660000
0.56425693 -6.56820000
0.57139941 -6.60780000
0.57854191 -6.64540000
0.58568440 -6.68100000
0.59282690 -6.71460000
0.59996938 -6.74620000
0.60711188 -6.77580000
0.61425437 -6.80330000
0.62139687 -6.82880000
0.62853935 -6.85230000
0.63568185 -6.87380000
0.64282434 -6.89320000
0.64996684 -6.91060000
0.65710933 -6.92590000
0.66425183 -6.93920000
0.67139431 -6.95050000
0.67853681 -6.95970000
0.68567930 -6.96690000
0.69282180 -6.97200000
0.69996428 -6.97500000
0.70710678 -6.97610000
0.70710678 -6.97610000
0.71067802 -6.97660000
0.71424928 -6.97840000
0.71782052 -6.98130000
0.72139177 -6.98530000
0.72496301 -6.99050000
0.72853427 -6.99690000
0.73210551 -7.00430000
0.73567675 -7.01290000
0.73924799 -7.02260000
0.74281925 -7.03340000
0.74639049 -7.04530000
0.74996174 -7.05820000
0.75353298 -7.07220000
0.75710424 -7.08720000
0.76067548 -7.10330000
0.76424672 -7.12030000
0.76781797 -7.13830000
0.77138922 -7.15720000
0.77496047 -7.17710000
0.77853171 -7.19790000
0.78210295 -7.21950000
0.78567421 -7.24200000
0.78924545 -7.26530000
0.79281669 -7.28940000
0.79638794 -7.31430000
0.79995919 -7.33990000
0.80353044 -7.36630000
0.80710168 -7.39330000
0.81067292 -7.42090000
0.81424418 -7.44920000
0.81781542 -7.47810000
0.82138666 -7.50750000
0.82495791 -7.53750000
0.82852916 -7.56800000
0.83210041 -7.59890000
0.83567165 -7.63030000
0.83924289 -7.66210000
0.84281415 -7.69430000
0.84638539 -7.72680000
0.84995663 -7.75970000
0.85352788 -7.79280000
0.85709913 -7.82620000
0.86067038 -7.85980000
0.86424162 -7.89360000
0.86781286 -7.92750000
0.87138412 -7.96160000
0.87495536 -7.99580000
0.87852661 -8.03010000
0.88209785 -8.06430000
0.88566910 -8.09870000
0.88924035 -8.13290000
0.89281159 -8.16720000
0.89638283 -8.20130000
0.89995409 -8.23540000
0.90352533 -8.26930000
0.90709658 -8.30300000
0.91066782 -8.33650000
0.91423908 -8.36980000
0.91781032 -8.40290000
0.92138156 -8.43560000
0.92495280 -8.46800000
0.92852406 -8.50010000
0.93209530 -8.53180000
0.93566655 -8.56310000
0.93923779 -8.59390000
0.94280905 -8.62430000
0.94638029 -8.65420000
0.94995153 -8.68350000
0.95352277 -8.71230000
0.95709403 -8.74050000
0.96066527 -8.76810000
0.96423652 -8.79510000
0.96780776 -8.82130000
0.97137902 -8.84690000
0.97495026 -8.87180000
0.97852150 -8.89580000
0.98209275 -8.91910000
0.98566400 -8.94160000
0.98923525 -8.96330000
0.99280649 -8.98410000
0.99637773 -9.00390000
0.99994899 -9.02290000
1.00352023 -9.04100000
1.00709147 -9.05800000
1.01066272 -9.07410000
1.01423397 -9.08920000
1.01780522 -9.10320000
1.02137646 -9.11620000
1.02494770 -9.12820000
1.02851896 -9.13900000
1.03209020 -9.14880000
1.03566144 -9.15740000
1.03923269 -9.16490000
1.04280394 -9.17130000
1.04637519 -9.17660000
1.04994643 -9.18060000
1.05351767 -9.18350000
1.05708893 -9.18530000
1.06066017 -9.18590000
1.06066017 -9.18590000
1.06244580 -9.20700000
1.06423141 -9.22790000
1.06601704 -9.24870000
1.06780267 -9.26930000
1.06958829 -9.28970000
1.07137391 -9.30990000
1.07315953 -9.33000000
1.07494516 -9.34980000
1.07673079 -9.36950000
1.07851640 -9.38900000
1.08030203 -9.40830000
1.08208766 -9.42750000
1.08387327 -9.44640000
1.08565890 -9.46510000
1.08744451 -9.48370000
1.08923014 -9.50210000
1.09101577 -9.52020000
1.09280139 -9.53820000
1.09458701 -9.55600000
1.09637264 -9.57360000
1.09815826 -9.59100000
1.09994388 -9.60820000
1.10172950 -9.62520000
1.10351513 -9.64200000
1.10530076 -9.65860000
1.10708637 -9.67500000
1.10887200 -9.69120000
1.11065763 -9.70720000
1.11244324 -9.72290000
1.11422887 -9.73850000
1.11601448 -9.75390000
1.11780011 -9.76910000
1.11958574 -9.78400000
1.12137136 -9.79880000
1.12315698 -9.81330000
1.12494261 -9.82760000
1.12672823 -9.84180000
1.12851386 -9.85570000
1.13029947 -9.86940000
1.13208510 -9.88290000
1.13387073 -9.89610000
1.13565634 -9.90920000
1.13744197 -9.92200000
1.13922760 -9.93470000
1.14101321 -9.94710000
1.14279884 -9.95930000
1.14458446 -9.97130000
1.14637008 -9.98300000
1.14815571 -9.99460000
1.14994133 -10.00590000
1.15172696 -10.01700000
1.15351258 -10.02790000
1.15529820 -10.03850000
1.15708383 -10.04900000
1.15886944 -10.05920000
1.16065507 -10.06920000
1.16244070 -10.07890000
1.16422631 -10.08850000
1.16601194 -10.09780000
1.16779757 -10.10690000
1.16958318 -10.11580000
1.17136881 -10.12440000
1.17315443 -10.13280000
1.17494005 -10.14100000
1.17672568 -10.14900000
1.17851130 -10.15670000
1.18029693 -10.16430000
1.18208255 -10.17150000
1.18386817 -10.17860000
1.18565380 -10.18540000
1.18743941 -10.19200000
1.18922504 -10.19840000
1.19101067 -10.20450000
1.19279628 -10.21040000
1.19458191 -10.21610000
1.19636754 -10.22160000
1.19815315 -10.22680000
1.19993878 -10.23180000
1.20172440 -10.23660000
1.20351003 -10.24110000
1.20529565 -10.24540000
1.20708127 -10.24950000
1.20886690 -10.25330000
1.21065252 -10.25690000
1.21243814 -10.26030000
1.21422377 -10.26340000
1.21600938 -10.26630000
1.21779501 -10.26900000
1.21958064 -10.27150000
1.22136625 -10.27370000
1.22315188 -10.27570000
1.22493751 -10.27740000
1.22672312 -10.27890000
1.22850875 -10.28020000
1.23029437 -10.28130000
1.23208000 -10.28210000
1.23386562 -10.28260000
1.23565124 -10.28300000
1.23743687 -10.28310000
1.23743687 -10.28310000
1.24671524 -10.33810000
1.25599361 -10.38280000
1.26527198 -10.41720000
1.27455035 -10.44140000
1.28382872 -10.45570000
1.29310709 -10.46040000
1.30238546 -10.45600000
1.31166383 -10.44290000
1.32094220 -10.42160000
1.33022057 -10.39260000
1.33949894 -10.35640000
1.34877731 -10.31350000
1.35805568 -10.26430000
1.36733405 -10.20920000
1.37661242 -10.14860000
1.38589079 -10.08290000
1.39516916 -10.01230000
1.40444754 -9.93720000
1.41372590 -9.85780000
1.42300427 -9.77430000
1.43228264 -9.68710000
1.44156101 -9.59630000
1.45083938 -9.50190000
1.46011775 -9.40440000
1.46939612 -9.30370000
1.47867450 -9.20000000
1.48795286 -9.09340000
1.49723124 -8.98410000
1.50650960 -8.87210000
1.51578797 -8.75760000
1.52506634 -8.64060000
1.53434471 -8.52120000
1.54362308 -8.39960000
1.55290146 -8.27570000
1.56217983 -8.14970000
1.57145820 -8.02160000
1.58073657 -7.89160000
1.59001493 -7.75960000
1.59929331 -7.62570000
1.60857167 -7.49000000
1.61785005 -7.35260000
1.62712842 -7.21360000
1.63640679 -7.07290000
1.64568516 -6.93060000
1.65496353 -6.78690000
1.66424190 -6.64170000
1.67352027 -6.49520000
1.68279863 -6.34730000
1.69207701 -6.19830000
1.70135538 -6.04800000
1.71063375 -5.89670000
1.71991212 -5.74430000
1.72919049 -5.59100000
1.73846886 -5.43680000
1.74774723 -5.28180000
1.75702560 -5.12610000
1.76630397 -4.96970000
1.77558234 -4.81280000
1.78486071 -4.65540000
1.79413908 -4.49770000
1.80341745 -4.33970000
1.81269582 -4.18150000
1.82197419 -4.02330000
1.83125256 -3.86520000
1.84053093 -3.70730000
1.84980930 -3.54960000
1.85908768 -3.39250000
1.86836605 -3.23590000
1.87764441 -3.08010000
1.88692279 -2.92520000
1.89620115 -2.77140000
1.90547953 -2.61880000
1.91475789 -2.46770000
1.92403626 -2.31820000
1.93331464 -2.17070000
1.94259301 -2.02520000
1.95187138 -1.88200000
1.96114975 -1.74150000
1.97042811 -1.60380000
1.97970649 -1.46930000
1.98898485 -1.33830000
1.99826323 -1.21110000
2.00754160 -1.08800000
2.01681997 -0.96940000
2.02609834 -0.85570000
2.03537671 -0.74730000
2.04465507 -0.64450000
2.05393345 -0.54780000
2.06321181 -0.45770000
2.07249019 -0.37440000
2.08176856 -0.29860000
2.09104693 -0.23050000
2.10032530 -0.17060000
2.10960367 -0.11930000
2.11888204 -0.07670000
2.12816041 -0.04340000
2.13743877 -0.01930000
2.14671715 -0.00490000
2.15599552 0.00000000
2.15599552 0.00000000
2.16474326 -0.00140000
2.17349098 -0.00560000
2.18223872 -0.01250000
2.19098645 -0.02220000
2.19973419 -0.03460000
2.20848191 -0.04960000
2.21722965 -0.06720000
2.22597737 -0.08720000
2.23472511 -0.10980000
2.24347283 -0.13460000
2.25222057 -0.16170000
2.26096830 -0.19100000
2.26971604 -0.22230000
2.27846376 -0.25550000
2.28721150 -0.29060000
2.29595922 -0.32740000
2.30470696 -0.36570000
2.31345468 -0.40560000
2.32220242 -0.44690000
2.33095015 -0.48950000
2.33969789 -0.53320000
2.34844561 -0.57800000
2.35719335 -0.62380000
2.36594107 -0.67060000
2.37468881 -0.71800000
2.38343653 -0.76610000
2.39218427 -0.81480000
2.40093200 -0.86400000
2.40967974 -0.91370000
2.41842746 -0.96370000
2.42717520 -1.01390000
2.43592292 -1.06440000
2.44467066 -1.11500000
2.45341838 -1.16570000
2.46216612 -1.21640000
2.47091385 -1.26700000
2.47966159 -1.31750000
2.48840931 -1.36800000
2.49715705 -1.41810000
2.50590477 -1.46800000
2.51465251 -1.51760000
2.52340023 -1.56690000
2.53214797 -1.61580000
2.54089570 -1.66420000
2.54964344 -1.71220000
2.55839116 -1.75970000
2.56713890 -1.80670000
2.57588662 -1.85310000
2.58463436 -1.89890000
2.59338208 -1.94410000
2.60212982 -1.98870000
2.61087755 -2.03260000
2.61962529 -2.07580000
2.62837301 -2.11830000
2.63712075 -2.16010000
2.64586847 -2.20120000
2.65461621 -2.24140000
2.66336393 -2.28090000
2.67211167 -2.31960000
2.68085940 -2.35750000
2.68960714 -2.39460000
2.69835486 -2.43080000
2.70710260 -2.46620000
2.71585032 -2.50070000
2.72459806 -2.53430000
2.73334578 -2.56700000
2.74209352 -2.59890000
2.75084125 -2.62980000
2.75958899 -2.65990000
2.76833671 -2.68900000
2.77708445 -2.71710000
2.78583217 -2.74440000
2.79457991 -2.77070000
2.80332763 -2.79600000
2.81207537 -2.82040000
2.82082310 -2.84390000
2.82957084 -2.86630000
2.83831856 -2.88780000
2.84706630 -2.90840000
2.85581402 -2.92790000
2.86456176 -2.94650000
2.87330948 -2.96410000
2.88205722 -2.98060000
2.89080495 -2.99620000
2.89955269 -3.01080000
2.90830041 -3.02450000
2.91704815 -3.03700000
2.92579587 -3.04870000
2.93454361 -3.05930000
2.94329133 -3.06890000
2.95203907 -3.07750000
2.96078680 -3.08500000
2.96953454 -3.09160000
2.97828226 -3.09720000
2.98703000 -3.10170000
2.99577772 -3.10530000
3.00452546 -3.10780000
3.01327318 -3.10930000
3.02202092 -3.10980000
3.02202092 -3.10980000
3.02511372 -3.11160000
3.02820651 -3.11710000
3.03129930 -3.12610000
3.03439209 -3.13870000
3.03748487 -3.15490000
3.04057767 -3.17470000
3.04367045 -3.19790000
3.04676324 -3.22460000
3.04985604 -3.25480000
3.05294883 -3.28830000
3.05604162 -3.32510000
3.05913441 -3.36530000
3.06222719 -3.40860000
3.06531999 -3.45500000
3.06841277 -3.50450000
3.07150557 -3.55700000
3.07459836 -3.61240000
3.07769115 -3.67060000
3.08078394 -3.73160000
3.08387673 -3.79530000
3.08696951 -3.86160000
3.09006231 -3.93040000
3.09315509 -4.00160000
3.09624789 -4.07520000
3.09934068 -4.15100000
3.10243347 -4.22900000
3.10552626 -4.30920000
3.10861905 -4.39130000
3.11171183 -4.47540000
3.11480463 -4.56140000
3.11789741 -4.64910000
3.12099021 -4.73850000
3.12408300 -4.82960000
3.12717579 -4.92220000
3.13026858 -5.01630000
3.13336137 -5.11170000
3.13645415 -5.20850000
3.13954695 -5.30660000
3.14263974 -5.40590000
3.14573253 -5.50620000
3.14882532 -5.60760000
3.15191811 -5.71000000
3.15501090 -5.81330000
3.15810369 -5.91750000
3.16119647 -6.02240000
3.16428927 -6.12810000
3.16738206 -6.23450000
3.17047485 -6.34140000
3.17356764 -6.44890000
3.17666043 -6.55680000
3.17975322 -6.66520000
3.18284601 -6.77390000
3.18593879 -6.88300000
3.18903159 -6.99220000
3.19212438 -7.10170000
3.19521717 -7.21120000
3.19830996 -7.32080000
3.20140275 -7.43040000
3.20449554 -7.53990000
3.20758833 -7.64920000
3.21068111 -7.75830000
3.21377391 -7.86720000
3.21686670 -7.97560000
3.21995949 -8.08360000
3.22305228 -8.19100000
3.22614507 -8.29780000
3.22923786 -8.40390000
3.23233065 -8.50920000
3.23542343 -8.61350000
3.23851623 -8.71670000
3.24160902 -8.81870000
3.24470181 -8.91940000
3.24779460 -9.01860000
3.25088739 -9.11610000
3.25398018 -9.21170000
3.25707297 -9.30540000
3.26016576 -9.39670000
3.26325855 -9.48550000
3.26635134 -9.57150000
3.26944413 -9.65450000
3.27253692 -9.73410000
3.27562971 -9.81000000
3.27872250 -9.88190000
3.28181529 -9.94950000
3.28490808 -10.01230000
3.28800087 -10.07000000
3.29109366 -10.12240000
3.29418645 -10.16910000
3.29727924 -10.20980000
3.30037203 -10.24440000
3.30346482 -10.27270000
3.30655761 -10.29480000
3.30965040 -10.31050000
3.31274320 -10.32010000
3.31583598 -10.32370000
3.31892877 -10.32140000
3.32202156 -10.31370000
3.32511435 -10.30090000
3.32820714 -10.28310000
3.32820714 -10.28310000
3.32999277 -10.28300000
3.33177839 -10.28260000
3.33356401 -10.28210000
3.33534964 -10.28130000
3.33713526 -10.28020000
3.33892088 -10.27890000
3.34070650 -10.27740000
3.34249213 -10.27570000
3.34427776 -10.27370000
3.34606337 -10.27150000
3.34784900 -10.26900000
3.34963463 -10.26630000
3.35142024 -10.26340000
3.35320587 -10.26030000
3.35499148 -10.25690000
3.35677711 -10.25330000
3.35856274 -10.24950000
3.36034836 -10.24540000
3.36213398 -10.24110000
3.36391961 -10.23660000
3.36570523 -10.23180000
3.36749086 -10.22680000
3.36927647 -10.22160000
3.37106210 -10.21610000
3.37284773 -10.21040000
3.37463334 -10.20450000
3.37641897 -10.19840000
3.37820460 -10.19200000
3.37999021 -10.18540000
3.38177584 -10.17860000
3.38356146 -10.17150000
3.38534708 -10.16430000
3.38713271 -10.15670000
3.38891833 -10.14900000
3.39070395 -10.14100000
3.39248958 -10.13280000
3.39427520 -10.12440000
3.39606083 -10.11580000
3.39784644 -10.10690000
3.39963207 -10.09780000
3.40141770 -10.08850000
3.40320331 -10.07890000
3.40498894 -10.06920000
3.40677457 -10.05920000
3.40856018 -10.04900000
3.41034581 -10.03850000
3.41213143 -10.02790000
3.41391705 -10.01700000
3.41570268 -10.00590000
3.41748830 -9.99460000
3.41927393 -9.98300000
3.42105955 -9.97130000
3.42284517 -9.95930000
3.42463080 -9.94710000
3.42641641 -9.93470000
3.42820204 -9.92200000
3.42998767 -9.90920000
3.43177328 -9.89610000
3.43355891 -9.88290000
3.43534454 -9.86940000
3.43713015 -9.85570000
3.43891578 -9.84180000
3.44070140 -9.82760000
3.44248702 -9.81330000
3.44427265 -9.79880000
3.44605827 -9.78400000
3.44784390 -9.76910000
3.44962952 -9.75390000
3.45141514 -9.73850000
3.45320077 -9.72290000
3.45498638 -9.70720000
3.45677201 -9.69120000
3.45855764 -9.67500000
3.46034325 -9.65860000
3.46212888 -9.64200000
3.46391451 -9.62520000
3.46570012 -9.60820000
3.46748575 -9.59100000
3.46927137 -9.57360000
3.47105700 -9.55600000
3.47284262 -9.53820000
3.47462824 -9.52020000
3.47641387 -9.50210000
3.47819950 -9.48370000
3.47998511 -9.46510000
3.48177074 -9.44640000
3.48355635 -9.42750000
3.48534198 -9.40830000
3.48712761 -9.38900000
3.48891322 -9.36950000
3.49069885 -9.34980000
3.49248448 -9.33000000
3.49427010 -9.30990000
3.49605572 -9.28970000
3.49784134 -9.26930000
3.49962697 -9.24870000
3.50141259 -9.22790000
3.50319821 -9.20700000
3.50498384 -9.18590000
3.50498384 -9.18590000
3.50855508 -9.24450000
3.51212634 -9.30040000
3.51569758 -9.35330000
3.51926882 -9.40290000
3.52284007 -9.44900000
3.52641132 -9.49120000
3.52998257 -9.52940000
3.53355381 -9.56320000
3.53712505 -9.59230000
3.54069631 -9.61650000
3.54426755 -9.63530000
3.54783879 -9.64860000
3.55141004 -9.65620000
3.55498129 -9.65770000
3.55855254 -9.65320000
3.56212378 -9.64250000
3.56569502 -9.62570000
3.56926628 -9.60260000
3.57283752 -9.57350000
3.57640876 -9.53850000
3.57998001 -9.49780000
3.58355126 -9.45170000
3.58712251 -9.40040000
3.59069375 -9.34420000
3.59426499 -9.28350000
3.59783625 -9.21840000
3.60140749 -9.14940000
3.60497873 -9.07660000
3.60854998 -9.00050000
3.61212123 -8.92120000
3.61569248 -8.83890000
3.61926372 -8.75400000
3.62283496 -8.66650000
3.62640622 -8.57680000
3.62997746 -8.48490000
3.63354871 -8.39110000
3.63711995 -8.29560000
3.64069121 -8.19830000
3.64426245 -8.09960000
3.64783369 -7.99950000
3.65140493 -7.89800000
3.65497619 -7.79550000
3.65854743 -7.69180000
3.66211868 -7.58720000
3.66568992 -7.48180000
3.66926118 -7.37550000
3.67283242 -7.26860000
3.67640366 -7.16100000
3.67997490 -7.05290000
3.68354616 -6.94440000
3.68711740 -6.83550000
3.69068865 -6.72630000
3.69425989 -6.61690000
3.69783115 -6.50730000
3.70140239 -6.39770000
3.70497363 -6.28820000
3.70854488 -6.17870000
3.71211613 -6.06940000
3.71568737 -5.96040000
3.71925862 -5.85170000
3.72282986 -5.74350000
3.72640112 -5.63580000
3.72997236 -5.52870000
3.73354360 -5.42240000
3.73711485 -5.31690000
3.74068610 -5.21230000
3.74425735 -5.10870000
3.74782859 -5.00630000
3.75139983 -4.90510000
3.75497109 -4.80530000
3.75854233 -4.70690000
3.76211357 -4.61020000
3.76568482 -4.51520000
3.76925607 -4.42210000
3.77282732 -4.33090000
3.77639856 -4.24190000
3.77996980 -4.15520000
3.78354106 -4.07090000
3.78711230 -3.98910000
3.79068354 -3.91010000
3.79425479 -3.83390000
3.79782604 -3.76080000
3.80139729 -3.69070000
3.80496853 -3.62400000
3.80853977 -3.56080000
3.81211103 -3.50110000
3.81568227 -3.44530000
3.81925351 -3.39320000
3.82282476 -3.34520000
3.82639601 -3.30140000
3.82996726 -3.26190000
3.83353850 -3.22670000
3.83710974 -3.19600000
3.84068100 -3.16980000
3.84425224 -3.14830000
3.84782349 -3.13150000
3.85139473 -3.11950000
3.85496599 -3.11220000
3.85853723 -3.10980000
3.85853723 -3.10980000
3.86163002 -3.11160000
3.86472281 -3.11710000
3.86781560 -3.12610000
3.87090839 -3.13870000
3.87400118 -3.15490000
3.87709397 -3.17470000
3.88018676 -3.19790000
3.88327955 -3.22460000
3.88637234 -3.25480000
3.88946513 -3.28830000
3.89255792 -3.32510000
3.89565071 -3.36530000
3.89874350 -3.40860000
3.90183629 -3.45500000
3.90492908 -3.50450000
3.90802187 -3.55700000
3.91111466 -3.61240000
3.91420745 -3.67060000
3.91730024 -3.73160000
3.92039303 -3.79530000
3.92348582 -3.86160000
3.92657862 -3.93040000
3.92967140 -4.00160000
3.93276419 -4.07520000
3.93585698 -4.15100000
3.93894977 -4.22900000
3.94204256 -4.30920000
3.94513535 -4.39130000
3.94822814 -4.47540000
3.95132094 -4.56140000
3.95441372 -4.64910000
3.95750651 -4.73850000
3.96059930 -4.82960000
3.96369209 -4.92220000
3.96678488 -5.01630000
3.96987767 -5.11170000
3.97297046 -5.20850000
3.97606326 -5.30660000
3.97915604 -5.40590000
3.98224883 -5.50620000
3.98534162 -5.60760000
3.98843441 -5.71000000
3.99152720 -5.81330000
3.99461999 -5.91750000
3.99771278 -6.02240000
4.00080558 -6.12810000
4.00389836 -6.23450000
4.00699115 -6.34140000
4.01008394 -6.44890000
4.01317673 -6.55680000
4.01626952 -6.66520000
4.01936231 -6.77390000
4.02245510 -6.88300000
4.02554790 -6.99220000
4.02864068 -7.10170000
4.03173347 -7.21120000
4.03482626 -7.32080000
4.03791905 -7.43040000
4.04101184 -7.53990000
4.04410464 -7.64920000
4.04719742 -7.75830000
4.05029022 -7.86720000
4.05338300 -7.97560000
4.05647579 -8.08360000
4.05956858 -8.19100000
4.06266137 -8.29780000
4.06575416 -8.40390000
4.06884696 -8.50920000
4.07193974 -8.61350000
4.07503254 -8.71670000
4.07812532 -8.81870000
4.08121811 -8.91940000
4.08431090 -9.01860000
4.08740369 -9.11610000
4.09049648 -9.21170000
4.09358928 -9.30540000
4.09668206 -9.39670000
4.09977486 -9.48550000
4.10286764 -9.57150000
4.10596043 -9.65450000
4.10905322 -9.73410000
4.11214601 -9.81000000
4.11523881 -9.88190000
4.11833160 -9.94950000
4.12142438 -10.01230000
4.12451718 -10.07000000
4.12760996 -10.12240000
4.13070275 -10.16910000
4.13379554 -10.20980000
4.13688833 -10.24440000
4.13998113 -10.27270000
4.14307392 -10.29480000
4.14616670 -10.31050000
4.14925950 -10.32010000
4.15235228 -10.32370000
4.15544507 -10.32140000
4.15853786 -10.31370000
4.16163065 -10.30090000
4.16472345 -10.28310000

0.00000000 0.00000000
0.00714250 -0.00260000
0.01428499 -0.01040000
0.02142749 -0.02340000
0.02856997 -0.04150000
0.03571247 -0.06470000
0.04285496 -0.09300000
0.04999746 -0.12640000
0.05713994 -0.16470000
0.06428244 -0.20790000
0.07142493 -0.25600000
0.07856743 -0.30890000
0.08570991 -0.36650000
0.09285241 -0.42870000
0.09999490 -0.49540000
0.10713740 -0.56650000
0.11427988 -0.64200000
0.12142238 -0.72170000
0.12856487 -0.80550000
0.13570737 -0.89360000
0.14284985 -0.98550000
0.14999235 -1.08110000
0.15713484 -1.18050000
0.16427734 -1.28350000
0.17141982 -1.39000000
0.17856232 -1.50000000
0.18570481 -1.61330000
0.19284731 -1.72990000
0.19998979 -1.84960000
0.20713229 -1.97240000
0.21427478 -2.09820000
0.22141728 -2.22680000
0.22855977 -2.35830000
0.23570227 -2.49240000
0.24284475 -2.62930000
0.24998725 -2.76860000
0.25712974 -2.91050000
0.26427224 -3.05480000
0.27141472 -3.20150000
0.27855722 -3.35040000
0.28569971 -3.50150000
0.29284221 -3.65480000
0.29998469 -3.79930000
0.30712719 -3.90340000
0.31426968 -4.00620000
0.32141218 -4.10760000
0.32855466 -4.20770000
0.33569716 -4.30640000
0.34283965 -4.40370000
0.34998215 -4.49950000
0.35712463 -4.59370000
0.36426713 -4.68650000
0.37140962 -4.77760000
0.37855212 -4.86720000
0.38569460 -4.95510000
0.39283710 -5.04140000
0.39997959 -5.12590000
0.40712209 -5.20880000
0.41426457 -5.29000000
0.42140707 -5.36940000
0.42854956 -5.44710000
0.43569206 -5.52290000
0.44283455 -5.59700000
0.44997705 -5.66930000
0.45711953 -5.73970000
0.46426203 -5.80830000
0.47140452 -5.87500000
0.47854702 -5.93990000
0.48568950 -6.00290000
0.49283200 -6.06390000
0.49997449 -6.12310000
0.50711699 -6.18030000
0.51425947 -6.23570000
0.52140197 -6.28910000
0.52854446 -6.34050000
0.53568696 -6.39000000
0.54282944 -6.43750000
0.54997194 -6.48310000
0.55711443 -6.52660000
0.56425693 -6.56820000
0.57139941 -6.60780000
0.57854191 -6.64540000
0.58568440 -6.68100000
0.59282690 -6.71460000
0.59996938 -6.74620000
0.60711188 -6.77570000
0.61425437 -6.80330000
0.62139687 -6.82880000
0.62853935 -6.85230000
0.63568185 -6.87370000
0.64282434 -6.89320000
0.64996684 -6.91060000
0.65710933 -6.92590000
0.66425183 -6.93920000
0.67139431 -6.95050000
0.67853681 -6.95970000
0.68567930 -6.96680000
0.69282180 -6.97200000
0.69996428 -6.97500000
0.70710678 -6.97610000
0.70710678 -6.97610000
0.71067802 -6.97660000
0.71424928 -6.97840000
0.71782052 -6.98130000
0.72139177 -6.98530000
0.72496301 -6.99050000
0.72853427 -6.99680000
0.73210551 -7.00430000
0.73567675 -7.01290000
0.73924799 -7.02260000
0.74281925 -7.03340000
0.74639049 -7.04530000
0.74996174 -7.05820000
0.75353298 -7.07220000
0.75710424 -7.08720000
0.76067548 -7.10320000
0.76424672 -7.12030000
0.76781797 -7.13830000
0.77138922 -7.15720000
0.77496047 -7.17710000
0.77853171 -7.19780000
0.78210295 -7.21950000
0.78567421 -7.24200000
0.78924545 -7.26530000
0.79281669 -7.28940000
0.79638794 -7.31430000
0.79995919 -7.33990000
0.80353044 -7.36620000
0.80710168 -7.39330000
0.81067292 -7.42090000
0.81424418 -7.44920000
0.81781542 -7.47810000
0.82138666 -7.50750000
0.82495791 -7.53750000
0.82852916 -7.56800000
0.83210041 -7.59890000
0.83567165 -7.63030000
0.83924289 -7.66210000
0.84281415 -7.69430000
0.84638539 -7.72680000
0.84995663 -7.75970000
0.85352788 -7.79280000
0.85709913 -7.82620000
0.86067038 -7.85980000
0.86424162 -7.89360000
0.86781286 -7.92750000
0.87138412 -7.96160000
0.87495536 -7.99580000
0.87852661 -8.03000000
0.88209785 -8.06430000
0.88566910 -8.09860000
0.88924035 -8.13290000
0.89281159 -8.16720000
0.89638283 -8.20130000
0.89995409 -8.23540000
0.90352533 -8.26930000
0.90709658 -8.30300000
0.91066782 -8.33650000
0.91423908 -8.36980000
0.91781032 -8.40290000
0.92138156 -8.43560000
0.92495280 -8.46800000
0.92852406 -8.50010000
0.93209530 -8.53180000
0.93566655 -8.56310000
0.93923779 -8.59390000
0.94280905 -8.62430000
0.94638029 -8.65420000
0.94995153 -8.68350000
0.95352277 -8.71230000
0.95709403 -8.74050000
0.96066527 -8.76810000
0.96423652 -8.79510000
0.96780776 -8.82130000
0.97137902 -8.84690000
0.97495026 -8.87170000
0.97852150 -8.89580000
0.98209275 -8.91910000
0.98566400 -8.94160000
0.98923525 -8.96330000
0.99280649 -8.98400000
0.99637773 -9.00390000
0.99994899 -9.02290000
1.00352023 -9.04100000
1.00709147 -9.05800000
1.01066272 -9.07410000
1.01423397 -9.08920000
1.01780522 -9.10320000
1.02137646 -9.11620000
1.02494770 -9.12820000
1.02851896 -9.13900000
1.03209020 -9.14880000
1.03566144 -9.15740000
1.03923269 -9.16490000
1.04280394 -9.17130000
1.04637519 -9.17650000
1.04994643 -9.18060000
1.05351767 -9.18350000
1.05708893 -9.18530000
1.06066017 -9.18590000
1.06066017 -9.18590000
1.06244580 -9.16420000
1.06423141 -9.14140000
1.06601704 -9.11760000
1.06780267 -9.09280000
1.06958829 -9.06700000
1.07137391 -9.04010000
1.07315953 -9.01230000
1.07494516 -8.98360000
1.07673079 -8.95390000
1.07851640 -8.92330000
1.08030203 -8.89180000
1.08208766 -8.85940000
1.08387327 -8.82620000
1.08565890 -8.79210000
1.08744451 -8.75730000
1.08923014 -8.72170000
1.09101577 -8.68530000
1.09280139 -8.64820000
1.09458701 -8.61040000
1.09637264 -8.57200000
1.09815826 -8.53290000
1.09994388 -8.49320000
1.10172950 -8.45300000
1.10351513 -8.41220000
1.10530076 -8.37090000
1.10708637 -8.32910000
1.10887200 -8.28680000
1.11065763 -8.24410000
1.11244324 -8.20110000
1.11422887 -8.15760000
1.11601448 -8.11390000
1.11780011 -8.06980000
1.11958574 -8.02550000
1.12137136 -7.98090000
1.12315698 -7.93610000
1.12494261 -7.89110000
1.12672823 -7.84590000
1.12851386 -7.80070000
1.13029947 -7.75530000
1.13208510 -7.70990000
1.13387073 -7.66440000
1.13565634 -7.61900000
1.13744197 -7.57360000
1.13922760 -7.52820000
1.14101321 -7.48290000
1.14279884 -7.43770000
1.14458446 -7.39270000
1.14637008 -7.34780000
1.14815571 -7.30310000
1.14994133 -7.25870000
1.15172696 -7.21450000
1.15351258 -7.17060000
1.15529820 -7.12700000
1.15708383 -7.08380000
1.15886944 -7.04090000
1.16065507 -6.99850000
1.16244070 -6.95650000
1.16422631 -6.91490000
1.16601194 -6.87380000
1.16779757 -6.83330000
1.16958318 -6.79330000
1.17136881 -6.75390000
1.17315443 -6.71510000
1.17494005 -6.67690000
1.17672568 -6.63940000
1.17851130 -6.60260000
1.18029693 -6.56660000
1.18208255 -6.53120000
1.18386817 -6.49670000
1.18565380 -6.46290000
1.18743941 -6.43000000
1.18922504 -6.39800000
1.19101067 -6.36690000
1.19279628 -6.33660000
1.19458191 -6.30740000
1.19636754 -6.27900000
1.19815315 -6.25170000
1.19993878 -6.22540000
1.20172440 -6.20020000
1.20351003 -6.17600000
1.20529565 -6.15290000
1.20708127 -6.13090000
1.20886690 -6.11010000
1.21065252 -6.09040000
1.21243814 -6.07190000
1.21422377 -6.05450000
1.21600938 -6.03840000
1.21779501 -6.02350000
1.21958064 -6.00990000
1.22136625 -5.99750000
1.22315188 -5.98640000
1.22493751 -5.97650000
1.22672312 -5.96800000
1.22850875 -5.96070000
1.23029437 -5.95480000
1.23208000 -5.95020000
1.23386562 -5.94690000
1.23565124 -5.94490000
1.23743687 -5.94420000
1.23743687 -5.94420000
1.24671524 -5.88310000
1.25599361 -5.82060000
1.26527198 -5.75650000
1.27455035 -5.69100000
1.28382872 -5.62400000
1.29310709 -5.55570000
1.30238546 -5.48600000
1.31166383 -5.41500000
1.32094220 -5.34270000
1.33022057 -5.26910000
1.33949894 -5.19440000
1.34877731 -5.11850000
1.35805568 -5.04140000
1.36733405 -4.96330000
1.37661242 -4.88410000
1.38589079 -4.80400000
1.39516916 -4.72290000
1.40444754 -4.64080000
1.41372590 -4.55800000
1.42300427 -4.47440000
1.43228264 -4.39000000
1.44156101 -4.30490000
1.45083938 -4.21920000
1.46011775 -4.13300000
1.46939612 -4.04620000
1.47867450 -3.95900000
1.48795286 -3.87140000
1.49723124 -3.78340000
1.50650960 -3.69520000
1.51578797 -3.60670000
1.52506634 -3.51820000
1.53434471 -3.42950000
1.54362308 -3.34090000
1.55290146 -3.25230000
1.56217983 -3.16380000
1.57145820 -3.07560000
1.58073657 -2.98760000
1.59001493 -2.89990000
1.59929331 -2.81270000
1.60857167 -2.72590000
1.61785005 -2.63970000
1.62712842 -2.55410000
1.63640679 -2.46920000
1.64568516 -2.38500000
1.65496353 -2.30160000
1.66424190 -2.21920000
1.67352027 -2.13760000
1.68279863 -2.05710000
1.69207701 -1.97770000
1.70135538 -1.89940000
1.71063375 -1.82230000
1.71991212 -1.74640000
1.72919049 -1.67180000
1.73846886 -1.59860000
1.74774723 -1.52680000
1.75702560 -1.45640000
1.76630397 -1.38750000
1.77558234 -1.32020000
1.78486071 -1.25440000
1.79413908 -1.19020000
1.80341745 -1.12750000
1.81269582 -1.06660000
1.82197419 -1.00740000
1.83125256 -0.94990000
1.84053093 -0.89410000
1.84980930 -0.84000000
1.85908768 -0.78770000
1.86836605 -0.73720000
1.87764441 -0.68840000
1.88692279 -0.64140000
1.89620115 -0.59610000
1.90547953 -0.55260000
1.91475789 -0.51090000
1.92403626 -0.47090000
1.93331464 -0.43270000
1.94259301 -0.39620000
1.95187138 -0.36140000
1.96114975 -0.32830000
1.97042811 -0.29690000
1.97970649 -0.26720000
1.98898485 -0.23910000
1.99826323 -0.21270000
2.00754160 -0.18790000
2.01681997 -0.16470000
2.02609834 -0.14310000
2.03537671 -0.12310000
2.04465507 -0.10470000
2.05393345 -0.08780000
2.06321181 -0.07240000
2.07249019 -0.05860000
2.08176856 -0.04620000
2.09104693 -0.03530000
2.10032530 -0.02590000
2.10960367 -0.01800000
2.11888204 -0.01150000
2.12816041 -0.00650000
2.13743877 -0.00290000
2.14671715 -0.00070000
2.15599552 0.00000000
2.15599552 0.00000000
2.16474326 -0.00140000
2.17349098 -0.00560000
2.18223872 -0.01250000
2.19098645 -0.02220000
2.19973419 -0.03460000
2.20848191 -0.04960000
2.21722965 -0.06720000
2.22597737 -0.08720000
2.23472511 -0.10980000
2.24347283 -0.13460000
2.25222057 -0.16170000
2.26096830 -0.19100000
2.26971604 -0.22230000
2.27846376 -0.25550000
2.28721150 -0.29060000
2.29595922 -0.32740000
2.30470696 -0.36570000
2.31345468 -0.40560000
2.32220242 -0.44690000
2.33095015 -0.48950000
2.33969789 -0.53320000
2.34844561 -0.57800000
2.35719335 -0.62380000
2.36594107 -0.67060000
2.37468881 -0.71800000
2.38343653 -0.76610000
2.39218427 -0.81480000
2.40093200 -0.86400000
2.40967974 -0.91370000
2.41842746 -0.96370000
2.42717520 -1.01390000
2.43592292 -1.06440000
2.44467066 -1.11500000
2.45341838 -1.16570000
2.46216612 -1.21640000
2.47091385 -1.26700000
2.47966159 -1.31750000
2.48840931 -1.36800000
2.49715705 -1.41810000
2.50590477 -1.46800000
2.51465251 -1.51760000
2.52340023 -1.56690000
2.53214797 -1.61580000
2.54089570 -1.66420000
2.54964344 -1.71220000
2.55839116 -1.75970000
2.56713890 -1.80670000
2.57588662 -1.85310000
2.58463436 -1.89890000
2.59338208 -1.94410000
2.60212982 -1.98870000
2.61087755 -2.03260000
2.61962529 -2.07580000
2.62837301 -2.11830000
2.63712075 -2.16010000
2.64586847 -2.20120000
2.65461621 -2.24140000
2.66336393 -2.28090000
2.67211167 -2.31960000
2.68085940 -2.35750000
2.68960714 -2.39460000
2.69835486 -2.43080000
2.70710260 -2.46620000
2.71585032 -2.50070000
2.72459806 -2.53430000
2.73334578 -2.56700000
2.74209352 -2.59890000
2.75084125 -2.62980000
2.75958899 -2.65990000
2.76833671 -2.68900000
2.77708445 -2.71710000
2.78583217 -2.74440000
2.79457991 -2.77070000
2.80332763 -2.79600000
2.81207537 -2.82040000
2.82082310 -2.84390000
2.82957084 -2.86630000
2.83831856 -2.88780000
2.84706630 -2.90840000
2.85581402 -2.92790000
2.86456176 -2.94650000
2.87330948 -2.96410000
2.88205722 -2.98060000
2.89080495 -2.99620000
2.89955269 -3.01080000
2.90830041 -3.02450000
2.91704815 -3.03700000
2.92579587 -3.04870000
2.93454361 -3.05930000
2.94329133 -3.06890000
2.95203907 -3.07750000
2.96078680 -3.08500000
2.96953454 -3.09160000
2.97828226 -3.09720000
2.98703000 -3.10170000
2.99577772 -3.10530000
3.00452546 -3.10780000
3.01327318 -3.10930000
3.02202092 -3.10980000
3.02202092 -3.10980000
3.02511372 -3.11050000
3.02820651 -3.11250000
3.03129930 -3.11590000
3.03439209 -3.12060000
3.03748487 -3.12660000
3.04057767 -3.13390000
3.04367045 -3.14260000
3.04676324 -3.15250000
3.04985604 -3.16380000
3.05294883 -3.17620000
3.05604162 -3.19000000
3.05913441 -3.20490000
3.06222719 -3.22110000
3.06531999 -3.23840000
3.06841277 -3.25680000
3.07150557 -3.27640000
3.07459836 -3.29710000
3.07769115 -3.31890000
3.08078394 -3.34160000
3.08387673 -3.36540000
3.08696951 -3.39020000
3.09006231 -3.41590000
3.09315509 -3.44250000
3.09624789 -3.47000000
3.09934068 -3.49840000
3.10243347 -3.52750000
3.10552626 -3.55740000
3.10861905 -3.58810000
3.11171183 -3.61940000
3.11480463 -3.65140000
3.11789741 -3.68410000
3.12099021 -3.71730000
3.12408300 -3.75110000
3.12717579 -3.78550000
3.13026858 -3.82030000
3.13336137 -3.85560000
3.13645415 -3.89140000
3.13954695 -3.92750000
3.14263974 -3.96400000
3.14573253 -4.00080000
3.14882532 -4.03800000
3.15191811 -4.07540000
3.15501090 -4.11300000
3.15810369 -4.15090000
3.16119647 -4.18900000
3.16428927 -4.22720000
3.16738206 -4.26550000
3.17047485 -4.30400000
3.17356764 -4.34250000
3.17666043 -4.38100000
3.17975322 -4.41960000
3.18284601 -4.45820000
3.18593879 -4.49680000
3.18903159 -4.53530000
3.19212438 -4.57380000
3.19521717 -4.61210000
3.19830996 -4.65040000
3.20140275 -4.68850000
3.20449554 -4.72640000
3.20758833 -4.76420000
3.21068111 -4.80180000
3.21377391 -4.83920000
3.21686670 -4.87630000
3.21995949 -4.91320000
3.22305228 -4.94990000
3.22614507 -4.98620000
3.22923786 -5.02230000
3.23233065 -5.05800000
3.23542343 -5.09340000
3.23851623 -5.12850000
3.24160902 -5.16320000
3.24470181 -5.19760000
3.24779460 -5.23150000
3.25088739 -5.26510000
3.25398018 -5.29820000
3.25707297 -5.33100000
3.26016576 -5.36330000
3.26325855 -5.39510000
3.26635134 -5.42650000
3.26944413 -5.45740000
3.27253692 -5.48790000
3.27562971 -5.51780000
3.27872250 -5.54730000
3.28181529 -5.57630000
3.28490808 -5.60470000
3.28800087 -5.63260000
3.29109366 -5.66000000
3.29418645 -5.68680000
3.29727924 -5.71310000
3.30037203 -5.73880000
3.30346482 -5.76400000
3.30655761 -5.78860000
3.30965040 -5.81260000
3.31274320 -5.83610000
3.31583598 -5.85890000
3.31892877 -5.88110000
3.32202156 -5.90280000
3.32511435 -5.92380000
3.32820714 -5.94420000
3.32820714 -5.94420000
3.32999277 -5.94490000
3.33177839 -5.94690000
3.33356401 -5.95020000
3.33534964 -5.95480000
3.33713526 -5.96070000
3.33892088 -5.96800000
3.34070650 -5.97650000
3.34249213 -5.98640000
3.34427776 -5.99750000
3.34606337 -6.00990000
3.34784900 -6.02350000
3.34963463 -6.03840000
3.35142024 -6.05450000
3.35320587 -6.07190000
3.35499148 -6.09040000
3.35677711 -6.11010000
3.35856274 -6.13090000
3.36034836 -6.15290000
3.36213398 -6.17600000
3.36391961 -6.20020000
3.36570523 -6.22540000
3.36749086 -6.25170000
3.36927647 -6.27900000
3.37106210 -6.30740000
3.37284773 -6.33660000
3.37463334 -6.36690000
3.37641897 -6.39800000
3.37820460 -6.43000000
3.37999021 -6.46290000
3.38177584 -6.49670000
3.38356146 -6.53120000
3.38534708 -6.56660000
3.38713271 -6.60260000
3.38891833 -6.63940000
3.39070395 -6.67690000
3.39248958 -6.71510000
3.39427520 -6.75390000
3.39606083 -6.79330000
3.39784644 -6.83330000
3.39963207 -6.87380000
3.40141770 -6.91490000
3.40320331 -6.95650000
3.40498894 -6.99850000
3.40677457 -7.04090000
3.40856018 -7.08380000
3.41034581 -7.12700000
3.41213143 -7.17060000
3.41391705 -7.21450000
3.41570268 -7.25870000
3.41748830 -7.30310000
3.41927393 -7.34780000
3.42105955 -7.39270000
3.42284517 -7.43770000
3.42463080 -7.48290000
3.42641641 -7.52820000
3.42820204 -7.57360000
3.42998767 -7.61900000
3.43177328 -7.66440000
3.43355891 -7.70990000
3.43534454 -7.75530000
3.43713015 -7.80070000
3.43891578 -7.84590000
3.44070140 -7.89110000
3.44248702 -7.93610000
3.44427265 -7.98090000
3.44605827 -8.02550000
3.44784390 -8.06980000
3.44962952 -8.11390000
3.45141514 -8.15760000
3.45320077 -8.20110000
3.45498638 -8.24410000
3.45677201 -8.28680000
3.45855764 -8.32910000
3.46034325 -8.37090000
3.46212888 -8.41220000
3.46391451 -8.45300000
3.46570012 -8.49320000
3.46748575 -8.53290000
3.46927137 -8.57200000
3.47105700 -8.61040000
3.47284262 -8.64820000
3.47462824 -8.68530000
3.47641387 -8.72170000
3.47819950 -8.75730000
3.47998511 -8.79210000
3.48177074 -8.82620000
3.48355635 -8.85940000
3.48534198 -8.89180000
3.48712761 -8.92330000
3.48891322 -8.95390000
3.49069885 -8.98360000
3.49248448 -9.01230000
3.49427010 -9.04010000
3.49605572 -9.06700000
3.49784134 -9.09280000
3.49962697 -9.11760000
3.50141259 -9.14140000
3.50319821 -9.16420000
3.50498384 -9.18590000
3.50498384 -9.18590000
3.50855508 -9.12470000
3.51212634 -9.06110000
3.51569758 -8.99540000
3.51926882 -8.92760000
3.52284007 -8.85800000
3.52641132 -8.78670000
3.52998257 -8.71380000
3.53355381 -8.63950000
3.53712505 -8.56380000
3.54069631 -8.48690000
3.54426755 -8.40880000
3.54783879 -8.32970000
3.55141004 -8.24970000
3.55498129 -8.16870000
3.55855254 -8.08690000
3.56212378 -8.00440000
3.56569502 -7.92130000
3.56926628 -7.83750000
3.57283752 -7.75320000
3.57640876 -7.66830000
3.57998001 -7.58310000
3.58355126 -7.49750000
3.58712251 -7.41160000
3.59069375 -7.32540000
3.59426499 -7.23890000
3.59783625 -7.15240000
3.60140749 -7.06570000
3.60497873 -6.97890000
3.60854998 -6.89210000
3.61212123 -6.80530000
3.61569248 -6.71860000
3.61926372 -6.63200000
3.62283496 -6.54560000
3.62640622 -6.45940000
3.62997746 -6.37350000
3.63354871 -6.28780000
3.63711995 -6.20250000
3.64069121 -6.11750000
3.64426245 -6.03310000
3.64783369 -5.94900000
3.65140493 -5.86550000
3.65497619 -5.78260000
3.65854743 -5.70030000
3.66211868 -5.61860000
3.66568992 -5.53760000
3.66926118 -5.45740000
3.67283242 -5.37790000
3.67640366 -5.29920000
3.67997490 -5.22150000
3.68354616 -5.14460000
3.68711740 -5.06860000
3.69068865 -4.99370000
3.69425989 -4.91980000
3.69783115 -4.84690000
3.70140239 -4.77520000
3.70497363 -4.70450000
3.70854488 -4.63510000
3.71211613 -4.56690000
3.71568737 -4.49990000
3.71925862 -4.43420000
3.72282986 -4.36980000
3.72640112 -4.30680000
3.72997236 -4.24510000
3.73354360 -4.18490000
3.73711485 -4.12610000
3.74068610 -4.06880000
3.74425735 -4.01290000
3.74782859 -3.95860000
3.75139983 -3.90580000
3.75497109 -3.85460000
3.75854233 -3.80490000
3.76211357 -3.75690000
3.76568482 -3.71050000
3.76925607 -3.66570000
3.77282732 -3.62260000
3.77639856 -3.58110000
3.77996980 -3.54140000
3.78354106 -3.50330000
3.78711230 -3.46700000
3.79068354 -3.43230000
3.79425479 -3.39940000
3.79782604 -3.36830000
3.80139729 -3.33890000
3.80496853 -3.31120000
3.80853977 -3.28530000
3.81211103 -3.26120000
3.81568227 -3.23890000
3.81925351 -3.21830000
3.82282476 -3.19950000
3.82639601 -3.18250000
3.82996726 -3.16720000
3.83353850 -3.15380000
3.83710974 -3.14210000
3.84068100 -3.13230000
3.84425224 -3.12420000
3.84782349 -3.11790000
3.85139473 -3.11340000
3.85496599 -3.11070000
3.85853723 -3.10980000
3.85853723 -3.10980000
3.86163002 -3.11050000
3.86472281 -3.11250000
3.86781560 -3.11590000
3.87090839 -3.12060000
3.87400118 -3.12660000
3.87709397 -3.13390000
3.88018676 -3.14260000
3.88327955 -3.15250000
3.88637234 -3.16380000
3.88946513 -3.17620000
3.89255792 -3.19000000
3.89565071 -3.20490000
3.89874350 -3.22110000
3.90183629 -3.23840000
3.90492908 -3.25680000
3.90802187 -3.27640000
3.91111466 -3.29710000
3.91420745 -3.31890000
3.91730024 -3.34160000
3.92039303 -3.36540000
3.92348582 -3.39020000
3.92657862 -3.41590000
3.92967140 -3.44250000
3.93276419 -3.47000000
3.93585698 -3.49840000
3.93894977 -3.52750000
3.94204256 -3.55740000
3.94513535 -3.58810000
3.94822814 -3.61940000
3.95132094 -3.65140000
3.95441372 -3.68410000
3.95750651 -3.71730000
3.96059930 -3.75110000
3.96369209 -3.78550000
3.96678488 -3.82030000
3.96987767 -3.85560000
3.97297046 -3.89140000
3.97606326 -3.92750000
3.97915604 -3.96400000
3.98224883 -4.00080000
3.98534162 -4.03800000
3.98843441 -4.07540000
3.99152720 -4.11300000
3.99461999 -4.15090000
3.99771278 -4.18900000
4.00080558 -4.22720000
4.00389836 -4.26550000
4.00699115 -4.30400000
4.01008394 -4.34250000
4.01317673 -4.38100000
4.01626952 -4.41960000
4.01936231 -4.45820000
4.02245510 -4.49680000
4.02554790 -4.53530000
4.02864068 -4.57380000
4.03173347 -4.61210000
4.03482626 -4.65040000
4.03791905 -4.68850000
4.04101184 -4.72640000
4.04410464 -4.76420000
4.04719742 -4.80180000
4.05029022 -4.83920000
4.05338300 -4.87630000
4.05647579 -4.91320000
4.05956858 -4.94990000
4.06266137 -4.98620000
4.06575416 -5.02230000
4.06884696 -5.05800000
4.07193974 -5.09340000
4.07503254 -5.12850000
4.07812532 -5.16320000
4.08121811 -5.19760000
4.08431090 -5.23150000
4.08740369 -5.26510000
4.09049648 -5.29820000
4.09358928 -5.33100000
4.09668206 -5.36330000
4.09977486 -5.39510000
4.10286764 -5.42650000
4.10596043 -5.45740000
4.10905322 -5.48790000
4.11214601 -5.51780000
4.11523881 -5.54730000
4.11833160 -5.57630000
4.12142438 -5.60470000
4.12451718 -5.63260000
4.12760996 -5.66000000
4.13070275 -5.68680000
4.13379554 -5.71310000
4.13688833 -5.73880000
4.13998113 -5.76400000
4.14307392 -5.78860000
4.14616670 -5.81260000
4.14925950 -5.83610000
4.15235228 -5.85890000
4.15544507 -5.88110000
4.15853786 -5.90280000
4.16163065 -5.92380000
4.16472345 -5.94420000

0.00000000 7.03940000
0.00714250 7.03850000
0.01428499 7.03580000
0.02142749 7.03140000
0.02856997 7.02520000
0.03571247 7.01730000
0.04285496 7.00760000
0.04999746 6.99630000
0.05713994 6.98330000
0.06428244 6.96870000
0.07142493 6.95250000
0.07856743 6.93480000
0.08570991 6.91530000
0.09285241 6.89460000
0.09999490 6.87260000
0.10713740 6.84920000
0.11427988 6.82500000
0.12142238 6.79910000
0.12856487 6.77210000
0.13570737 6.74400000
0.14284985 6.71460000
0.14999235 6.68460000
0.15713484 6.65370000
0.16427734 6.62200000
0.17141982 6.58960000
0.17856232 6.55650000
0.18570481 6.52280000
0.19284731 6.48860000
0.19998979 6.45390000
0.20713229 6.41880000
0.21427478 6.38350000
0.22141728 6.34780000
0.22855977 6.31200000
0.23570227 6.27610000
0.24284475 6.24010000
0.24998725 6.20410000
0.25712974 6.16810000
0.26427224 6.13230000
0.27141472 6.09670000
0.27855722 6.06130000
0.28569971 6.02620000
0.29284221 5.99150000
0.29998469 5.95720000
0.30712719 5.92340000
0.31426968 5.89000000
0.32141218 5.85720000
0.32855466 5.82500000
0.33569716 5.79350000
0.34283965 5.76270000
0.34998215 5.73260000
0.35712463 5.70330000
0.36426713 5.67490000
0.37140962 5.64730000
0.37855212 5.62070000
0.38569460 5.59500000
0.39283710 5.57030000
0.39997959 5.54670000
0.40712209 5.52410000
0.41426457 5.50260000
0.42140707 5.48230000
0.42854956 5.46320000
0.43569206 5.44530000
0.44283455 5.42860000
0.44997705 5.41320000
0.45711953 5.39930000
0.46426203 5.38650000
0.47140452 5.37520000
0.47854702 5.36530000
0.48568950 5.35680000
0.49283200 5.34970000
0.49997449 5.34420000
0.50711699 5.34020000
0.51425947 5.33780000
0.52140197 5.33690000
0.52854446 5.33770000
0.53568696 5.34010000
0.54282944 5.34420000
0.54997194 5.35000000
0.55711443 5.35760000
0.56425693 5.36680000
0.57139941 5.37790000
0.57854191 5.39080000
0.58568440 5.40550000
0.59282690 5.42210000
0.59996938 5.44060000
0.60711188 5.46110000
0.61425437 5.48340000
0.62139687 5.50770000
0.62853935 5.53410000
0.63568185 5.56250000
0.64282434 5.59290000
0.64996684 5.62550000
0.65710933 5.66010000
0.66425183 5.69700000
0.67139431 5.73600000
0.67853681 5.77720000
0.68567930 5.82060000
0.69282180 5.86630000
0.69996428 5.91430000
0.70710678 5.96460000
0.70710678 5.96460000
0.71067802 5.96570000
0.71424928 5.96890000
0.71782052 5.97420000
0.72139177 5.98160000
0.72496301 5.99120000
0.72853427 6.00290000
0.73210551 6.01660000
0.73567675 6.03250000
0.73924799 6.05040000
0.74281925 6.07040000
0.74639049 6.09250000
0.74996174 6.11660000
0.75353298 6.14270000
0.75710424 6.17080000
0.76067548 6.20090000
0.76424672 6.23290000
0.76781797 6.26690000
0.77138922 6.30280000
0.77496047 6.34060000
0.77853171 6.38030000
0.78210295 6.42190000
0.78567421 6.46530000
0.78924545 6.51040000
0.79281669 6.55730000
0.79638794 6.60590000
0.79995919 6.65630000
0.80353044 6.70830000
0.80710168 6.76200000
0.81067292 6.81730000
0.81424418 6.87420000
0.81781542 6.93270000
0.82138666 6.99270000
0.82495791 7.05420000
0.82852916 7.11720000
0.83210041 7.18170000
0.83567165 7.24750000
0.83924289 7.31470000
0.84281415 7.38330000
0.84638539 7.45320000
0.84995663 7.52440000
0.85352788 7.59690000
0.85709913 7.67060000
0.86067038 7.74540000
0.86424162 7.82150000
0.86781286 7.89860000
0.87138412 7.97690000
0.87495536 8.05630000
0.87852661 8.13670000
0.88209785 8.21810000
0.88566910 8.30050000
0.88924035 8.38380000
0.89281159 8.46810000
0.89638283 8.55320000
0.89995409 8.63910000
0.90352533 8.72600000
0.90709658 8.81360000
0.91066782 8.90190000
0.91423908 8.99100000
0.91781032 9.08080000
0.92138156 9.17120000
0.92495280 9.26220000
0.92852406 9.35390000
0.93209530 9.44600000
0.93566655 9.53870000
0.93923779 9.63180000
0.94280905 9.72540000
0.94638029 9.81930000
0.94995153 9.91350000
0.95352277 10.00810000
0.95709403 10.10280000
0.96066527 10.19770000
0.96423652 10.29270000
0.96780776 10.38780000
0.97137902 10.48330000
0.97495026 10.57830000
0.97852150 10.67300000
0.98209275 10.76740000
0.98566400 10.86170000
0.98923525 10.95520000
0.99280649 11.04810000
0.99637773 11.14020000
0.99994899 11.23130000
1.00352023 11.32120000
1.00709147 11.40970000
1.01066272 11.49660000
1.01423397 11.58150000
1.01780522 11.66410000
1.02137646 11.74390000
1.02494770 11.82060000
1.02851896 11.89350000
1.03209020 11.96200000
1.03566144 12.02550000
1.03923269 12.08300000
1.04280394 12.13390000
1.04637519 12.17710000
1.04994643 12.21190000
1.05351767 12.23730000
1.05708893 12.25290000
1.06066017 12.25820000
1.06066017 12.25820000
1.06244580 12.23680000
1.06423141 12.21000000
1.06601704 12.17800000
1.06780267 12.14100000
1.06958829 12.09940000
1.07137391 12.05340000
1.07315953 12.00350000
1.07494516 11.95000000
1.07673079 11.89320000
1.07851640 11.83340000
1.08030203 11.77100000
1.08208766 11.70630000
1.08387327 11.63960000
1.08565890 11.57100000
1.08744451 11.50080000
1.08923014 11.42920000
1.09101577 11.35630000
1.09280139 11.28240000
1.09458701 11.20760000
1.09637264 11.13200000
1.09815826 11.05580000
1.09994388 10.97900000
1.10172950 10.90180000
1.10351513 10.82420000
1.10530076 10.74630000
1.10708637 10.66830000
1.10887200 10.59000000
1.11065763 10.51180000
1.11244324 10.43340000
1.11422887 10.35520000
1.11601448 10.27700000
1.11780011 10.19900000
1.11958574 10.12060000
1.12137136 10.04310000
1.12315698 9.96570000
1.12494261 9.88870000
1.12672823 9.81200000
1.12851386 9.73580000
1.13029947 9.65990000
1.13208510 9.58450000
1.13387073 9.50950000
1.13565634 9.43510000
1.13744197 9.36130000
1.13922760 9.28780000
1.14101321 9.21510000
1.14279884 9.14310000
1.14458446 9.07180000
1.14637008 9.00110000
1.14815571 8.93120000
1.14994133 8.86200000
1.15172696 8.79360000
1.15351258 8.72610000
1.15529820 8.65940000
1.15708383 8.59350000
1.15886944 8.52850000
1.16065507 8.46450000
1.16244070 8.40140000
1.16422631 8.33930000
1.16601194 8.27820000
1.16779757 8.21820000
1.16958318 8.15920000
1.17136881 8.10130000
1.17315443 8.04450000
1.17494005 7.98890000
1.17672568 7.93440000
1.17851130 7.88120000
1.18029693 7.82910000
1.18208255 7.77840000
1.18386817 7.72890000
1.18565380 7.68070000
1.18743941 7.63380000
1.18922504 7.58840000
1.19101067 7.54430000
1.19279628 7.50160000
1.19458191 7.46040000
1.19636754 7.42060000
1.19815315 7.38230000
1.19993878 7.34550000
1.20172440 7.31030000
1.20351003 7.27660000
1.20529565 7.24450000
1.20708127 7.21400000
1.20886690 7.18510000
1.21065252 7.15790000
1.21243814 7.13230000
1.21422377 7.10850000
1.21600938 7.08630000
1.21779501 7.06580000
1.21958064 7.04710000
1.22136625 7.03010000
1.22315188 7.01490000
1.22493751 7.00140000
1.22672312 6.98970000
1.22850875 6.97980000
1.23029437 6.97170000
1.23208000 6.96530000
1.23386562 6.96080000
1.23565124 6.95810000
1.23743687 6.95720000
1.23743687 6.95720000
1.24671524 7.01670000
1.25599361 7.07780000
1.26527198 7.14040000
1.27455035 7.20440000
1.28382872 7.26990000
1.29310709 7.33690000
1.30238546 7.40530000
1.31166383 7.47500000
1.32094220 7.54610000
1.33022057 7.61840000
1.33949894 7.69190000
1.34877731 7.76660000
1.35805568 7.84250000
1.36733405 7.91930000
1.37661242 7.99720000
1.38589079 8.07600000
1.39516916 8.15570000
1.40444754 8.23620000
1.41372590 8.31730000
1.42300427 8.39910000
1.43228264 8.48130000
1.44156101 8.56390000
1.45083938 8.64680000
1.46011775 8.72990000
1.46939612 8.81300000
1.47867450 8.89600000
1.48795286 8.97880000
1.49723124 9.06120000
1.50650960 9.14320000
1.51578797 9.22430000
1.52506634 9.30450000
1.53434471 9.38350000
1.54362308 9.46130000
1.55290146 9.53750000
1.56217983 9.61200000
1.57145820 9.68450000
1.58073657 9.75470000
1.59001493 9.82240000
1.59929331 9.88740000
1.60857167 9.94910000
1.61785005 10.00770000
1.62712842 10.06280000
1.63640679 10.11400000
1.64568516 10.16120000
1.65496353 10.20400000
1.66424190 10.24230000
1.67352027 10.17780000
1.68279863 10.06350000
1.69207701 9.95110000
1.70135538 9.84050000
1.71063375 9.73180000
1.71991212 9.62490000
1.72919049 9.52000000
1.73846886 9.41750000
1.74774723 9.31640000
1.75702560 9.21730000
1.76630397 9.12010000
1.77558234 9.02500000
1.78486071 8.93190000
1.79413908 8.84090000
1.80341745 8.75190000
1.81269582 8.66500000
1.82197419 8.58020000
1.83125256 8.49750000
1.84053093 8.41700000
1.84980930 8.33860000
1.85908768 8.26260000
1.86836605 8.18860000
1.87764441 8.11680000
1.88692279 8.04720000
1.89620115 7.97940000
1.90547953 7.91430000
1.91475789 7.85140000
1.92403626 7.79080000
1.93331464 7.73250000
1.94259301 7.67640000
1.95187138 7.62270000
1.96114975 7.57130000
1.97042811 7.52220000
1.97970649 7.47520000
1.98898485 7.43080000
1.99826323 7.38870000
2.00754160 7.34900000
2.01681997 7.31160000
2.02609834 7.27670000
2.03537671 7.24410000
2.04465507 7.21390000
2.05393345 7.18610000
2.06321181 7.16070000
2.07249019 7.13770000
2.08176856 7.11710000
2.09104693 7.09890000
2.10032530 7.08320000
2.10960367 7.06980000
2.11888204 7.05890000
2.12816041 7.05050000
2.13743877 7.04450000
2.14671715 7.04090000
2.15599552 7.03940000
2.15599552 7.03940000
2.16474326 7.04140000
2.17349098 7.04690000
2.18223872 7.05600000
2.19098645 7.06880000
2.19973419 7.08510000
2.20848191 7.10490000
2.21722965 7.12810000
2.22597737 7.15470000
2.23472511 7.18450000
2.24347283 7.21750000
2.25222057 7.25340000
2.26096830 7.29220000
2.26971604 7.33370000
2.27846376 7.37790000
2.28721150 7.42450000
2.29595922 7.47340000
2.30470696 7.52440000
2.31345468 7.57750000
2.32220242 7.63230000
2.33095015 7.68890000
2.33969789 7.74700000
2.34844561 7.80650000
2.35719335 7.86740000
2.36594107 7.92890000
2.37468881 7.99160000
2.38343653 8.05500000
2.39218427 8.11900000
2.40093200 8.18350000
2.40967974 8.24830000
2.41842746 8.31330000
2.42717520 8.37830000
2.43592292 8.44320000
2.44467066 8.50790000
2.45341838 8.57230000
2.46216612 8.63610000
2.47091385 8.69930000
2.47966159 8.76180000
2.48840931 8.82340000
2.49715705 8.88410000
2.50590477 8.94380000
2.51465251 9.00240000
2.52340023 9.05980000
2.53214797 9.11640000
2.54089570 9.17100000
2.54964344 9.22420000
2.55839116 9.27590000
2.56713890 9.32600000
2.57588662 9.37450000
2.58463436 9.42130000
2.59338208 9.46640000
2.60212982 9.50980000
2.61087755 9.55140000
2.61962529 9.59120000
2.62837301 9.62930000
2.63712075 9.66550000
2.64586847 9.70010000
2.65461621 9.73280000
2.66336393 9.76370000
2.67211167 9.79300000
2.68085940 9.82050000
2.68960714 9.84640000
2.69835486 9.87060000
2.70710260 9.89330000
2.71585032 9.91440000
2.72459806 9.93400000
2.73334578 9.95220000
2.74209352 9.96890000
2.75084125 9.98440000
2.75958899 9.99860000
2.76833671 10.01160000
2.77708445 10.02340000
2.78583217 10.03430000
2.79457991 10.04400000
2.80332763 10.05270000
2.81207537 10.06060000
2.82082310 10.06760000
2.82957084 10.07380000
2.83831856 10.07930000
2.84706630 10.08410000
2.85581402 10.08830000
2.86456176 10.09200000
2.87330948 10.09510000
2.88205722 10.09780000
2.89080495 10.10010000
2.89955269 10.10210000
2.90830041 10.10370000
2.91704815 10.10510000
2.92579587 10.10610000
2.93454361 10.10700000
2.94329133 10.10770000
2.95203907 10.10820000
2.96078680 10.10860000
2.96953454 10.10890000
2.97828226 10.10910000
2.98703000 10.10930000
2.99577772 10.10940000
3.00452546 10.10950000
3.01327318 10.10950000
3.02202092 10.10960000
3.02202092 10.10960000
3.02511372 10.10980000
3.02820651 10.10810000
3.03129930 10.10520000
3.03439209 10.10130000
3.03748487 10.09610000
3.04057767 10.08960000
3.04367045 10.08150000
3.04676324 10.07170000
3.04985604 10.06010000
3.05294883 10.04680000
3.05604162 10.03160000
3.05913441 10.01450000
3.06222719 9.99560000
3.06531999 9.97490000
3.06841277 9.95250000
3.07150557 9.92840000
3.07459836 9.90270000
3.07769115 9.87550000
3.08078394 9.84680000
3.08387673 9.81680000
3.08696951 9.78540000
3.09006231 9.75280000
3.09315509 9.71900000
3.09624789 9.68410000
3.09934068 9.64830000
3.10243347 9.61150000
3.10552626 9.57390000
3.10861905 9.53540000
3.11171183 9.49610000
3.11480463 9.45620000
3.11789741 9.41560000
3.12099021 9.37440000
3.12408300 9.33270000
3.12717579 9.29050000
3.13026858 9.24790000
3.13336137 9.20500000
3.13645415 9.16160000
3.13954695 9.11800000
3.14263974 9.07420000
3.14573253 9.03020000
3.14882532 8.98610000
3.15191811 8.94170000
3.15501090 8.89740000
3.15810369 8.85300000
3.16119647 8.80870000
3.16428927 8.76430000
3.16738206 8.72000000
3.17047485 8.67580000
3.17356764 8.63170000
3.17666043 8.58790000
3.17975322 8.54410000
3.18284601 8.50050000
3.18593879 8.45720000
3.18903159 8.41410000
3.19212438 8.37130000
3.19521717 8.32880000
3.19830996 8.28660000
3.20140275 8.24470000
3.20449554 8.20320000
3.20758833 8.16200000
3.21068111 8.12110000
3.21377391 8.08070000
3.21686670 8.04080000
3.21995949 8.00130000
3.22305228 7.96220000
3.22614507 7.92350000
3.22923786 7.88540000
3.23233065 7.84770000
3.23542343 7.81050000
3.23851623 7.77390000
3.24160902 7.73770000
3.24470181 7.70210000
3.24779460 7.66700000
3.25088739 7.63240000
3.25398018 7.59830000
3.25707297 7.56490000
3.26016576 7.53200000
3.26325855 7.49950000
3.26635134 7.46780000
3.26944413 7.43660000
3.27253692 7.40600000
3.27562971 7.37590000
3.27872250 7.34650000
3.28181529 7.31770000
3.28490808 7.28940000
3.28800087 7.26180000
3.29109366 7.23470000
3.29418645 7.20830000
3.29727924 7.18250000
3.30037203 7.15730000
3.30346482 7.13260000
3.30655761 7.10860000
3.30965040 7.08520000
3.31274320 7.06240000
3.31583598 7.04020000
3.31892877 7.01860000
3.32202156 6.99750000
3.32511435 6.97710000
3.32820714 6.95720000
3.32820714 6.95720000
3.32999277 6.95810000
3.33177839 6.96080000
3.33356401 6.96530000
3.33534964 6.97170000
3.33713526 6.97980000
3.33892088 6.98970000
3.34070650 7.00140000
3.34249213 7.01490000
3.34427776 7.03010000
3.34606337 7.04710000
3.34784900 7.06580000
3.34963463 7.08630000
3.35142024 7.10850000
3.35320587 7.13240000
3.35499148 7.15790000
3.35677711 7.18510000
3.35856274 7.21400000
3.36034836 7.24460000
3.36213398 7.27660000
3.36391961 7.31030000
3.36570523 7.34550000
3.36749086 7.38230000
3.36927647 7.42060000
3.37106210 7.46040000
3.37284773 7.50160000
3.37463334 7.54430000
3.37641897 7.58840000
3.37820460 7.63390000
3.37999021 7.68070000
3.38177584 7.72890000
3.38356146 7.77840000
3.38534708 7.82910000
3.38713271 7.88120000
3.38891833 7.93440000
3.39070395 7.98890000
3.39248958 8.04450000
3.39427520 8.10130000
3.39606083 8.15920000
3.39784644 8.21820000
3.39963207 8.27820000
3.40141770 8.33930000
3.40320331 8.40140000
3.40498894 8.46450000
3.40677457 8.52850000
3.40856018 8.59350000
3.41034581 8.65940000
3.41213143 8.72610000
3.41391705 8.79360000
3.41570268 8.86200000
3.41748830 8.93120000
3.41927393 9.00110000
3.42105955 9.07180000
3.42284517 9.14310000
3.42463080 9.21510000
3.42641641 9.28780000
3.42820204 9.36130000
3.42998767 9.43510000
3.43177328 9.50950000
3.43355891 9.58450000
3.43534454 9.65990000
3.43713015 9.73580000
3.43891578 9.81200000
3.44070140 9.88870000
3.44248702 9.96570000
3.44427265 10.04310000
3.44605827 10.12060000
3.44784390 10.19900000
3.44962952 10.27700000
3.45141514 10.35520000
3.45320077 10.43350000
3.45498638 10.51180000
3.45677201 10.59010000
3.45855764 10.66830000
3.46034325 10.74640000
3.46212888 10.82430000
3.46391451 10.90190000
3.46570012 10.97920000
3.46748575 11.05600000
3.46927137 11.13230000
3.47105700 11.20810000
3.47284262 11.28300000
3.47462824 11.35790000
3.47641387 11.43110000
3.47819950 11.50340000
3.47998511 11.57590000
3.48177074 11.65010000
3.48355635 11.71510000
3.48534198 11.78640000
3.48712761 11.85710000
3.48891322 11.91560000
3.49069885 11.98170000
3.49248448 12.04160000
3.49427010 12.09140000
3.49605572 12.13830000
3.49784134 12.18830000
3.49962697 12.21870000
3.50141259 12.24320000
3.50319821 12.25500000
3.50498384 12.25820000
3.50498384 12.25820000
3.50855508 12.21450000
3.51212634 12.15970000
3.51569758 12.10040000
3.51926882 12.03860000
3.52284007 11.97390000
3.52641132 11.90700000
3.52998257 11.84050000
3.53355381 11.77350000
3.53712505 11.70630000
3.54069631 11.63910000
3.54426755 11.57190000
3.54783879 11.50460000
3.55141004 11.43820000
3.55498129 11.37230000
3.55855254 11.30690000
3.56212378 11.24220000
3.56569502 11.17830000
3.56926628 11.11510000
3.57283752 11.05300000
3.57640876 10.99190000
3.57998001 10.93170000
3.58355126 10.87270000
3.58712251 10.81480000
3.59069375 10.75800000
3.59426499 10.70260000
3.59783625 10.64830000
3.60140749 10.59540000
3.60497873 10.54380000
3.60854998 10.49320000
3.61212123 10.44440000
3.61569248 10.39700000
3.61926372 10.35100000
3.62283496 10.30650000
3.62640622 10.26360000
3.62997746 10.22210000
3.63354871 10.18220000
3.63711995 10.14390000
3.64069121 10.10720000
3.64426245 10.07190000
3.64783369 10.03840000
3.65140493 10.00640000
3.65497619 9.97620000
3.65854743 9.94760000
3.66211868 9.92060000
3.66568992 9.89530000
3.66926118 9.87170000
3.67283242 9.84970000
3.67640366 9.82940000
3.67997490 9.81080000
3.68354616 9.79370000
3.68711740 9.77830000
3.69068865 9.76470000
3.69425989 9.75270000
3.69783115 9.74230000
3.70140239 9.73350000
3.70497363 9.72630000
3.70854488 9.72060000
3.71211613 9.71650000
3.71568737 9.71390000
3.71925862 9.71280000
3.72282986 9.71310000
3.72640112 9.71460000
3.72997236 9.71810000
3.73354360 9.72250000
3.73711485 9.72810000
3.74068610 9.73490000
3.74425735 9.74290000
3.74782859 9.75190000
3.75139983 9.76200000
3.75497109 9.77300000
3.75854233 9.78490000
3.76211357 9.79760000
3.76568482 9.81090000
3.76925607 9.82490000
3.77282732 9.83950000
3.77639856 9.85450000
3.77996980 9.87000000
3.78354106 9.88560000
3.78711230 9.90150000
3.79068354 9.91740000
3.79425479 9.93320000
3.79782604 9.94900000
3.80139729 9.96450000
3.80496853 9.97970000
3.80853977 9.99450000
3.81211103 10.00870000
3.81568227 10.02230000
3.81925351 10.03530000
3.82282476 10.04750000
3.82639601 10.05870000
3.82996726 10.06890000
3.83353850 10.07820000
3.83710974 10.08630000
3.84068100 10.09330000
3.84425224 10.09920000
3.84782349 10.10370000
3.85139473 10.10700000
3.85496599 10.10900000
3.85853723 10.10960000
3.85853723 10.10960000
3.86163002 10.10910000
3.86472281 10.10760000
3.86781560 10.10500000
3.87090839 10.10120000
3.87400118 10.09610000
3.87709397 10.08960000
3.88018676 10.08150000
3.88327955 10.07170000
3.88637234 10.06010000
3.88946513 10.04680000
3.89255792 10.03160000
3.89565071 10.01450000
3.89874350 9.99560000
3.90183629 9.97490000
3.90492908 9.95250000
3.90802187 9.92840000
3.91111466 9.90270000
3.91420745 9.87550000
3.91730024 9.84680000
3.92039303 9.81680000
3.92348582 9.78540000
3.92657862 9.75280000
3.92967140 9.71900000
3.93276419 9.68410000
3.93585698 9.64830000
3.93894977 9.61150000
3.94204256 9.57380000
3.94513535 9.53530000
3.94822814 9.49610000
3.95132094 9.45610000
3.95441372 9.41550000
3.95750651 9.37440000
3.96059930 9.33270000
3.96369209 9.29050000
3.96678488 9.24800000
3.96987767 9.20500000
3.97297046 9.16160000
3.97606326 9.11800000
3.97915604 9.07420000
3.98224883 9.03030000
3.98534162 8.98610000
3.98843441 8.94170000
3.99152720 8.89740000
3.99461999 8.85300000
3.99771278 8.80870000
4.00080558 8.76430000
4.00389836 8.72000000
4.00699115 8.67580000
4.01008394 8.63170000
4.01317673 8.58790000
4.01626952 8.54410000
4.01936231 8.50050000
4.02245510 8.45720000
4.02554790 8.41410000
4.02864068 8.37130000
4.03173347 8.32880000
4.03482626 8.28660000
4.03791905 8.24470000
4.04101184 8.20320000
4.04410464 8.16200000
4.04719742 8.12110000
4.05029022 8.08070000
4.05338300 8.04080000
4.05647579 8.00130000
4.05956858 7.96220000
4.06266137 7.92350000
4.06575416 7.88540000
4.06884696 7.84770000
4.07193974 7.81050000
4.07503254 7.77390000
4.07812532 7.73770000
4.08121811 7.70210000
4.08431090 7.66700000
4.08740369 7.63240000
4.09049648 7.59830000
4.09358928 7.56490000
4.09668206 7.53200000
4.09977486 7.49950000
4.10286764 7.46780000
4.10596043 7.43660000
4.10905322 7.40600000
4.11214601 7.37590000
4.11523881 7.34650000
4.11833160 7.31770000
4.12142438 7.28940000
4.12451718 7.26180000
4.12760996 7.23470000
4.13070275 7.20830000
4.13379554 7.18250000
4.13688833 7.15720000
4.13998113 7.13260000
4.14307392 7.10860000
4.14616670 7.08520000
4.14925950 7.06240000
4.15235228 7.04020000
4.15544507 7.01860000
4.15853786 6.99750000
4.16163065 6.97710000
4.16472345 6.95720000

0.00000000 7.03940000
0.00714250 7.04460000
0.01428499 7.06010000
0.02142749 7.08590000
0.02856997 7.12180000
0.03571247 7.16730000
0.04285496 7.22230000
0.04999746 7.28640000
0.05713994 7.35900000
0.06428244 7.43990000
0.07142493 7.52840000
0.07856743 7.62420000
0.08570991 7.72670000
0.09285241 7.83560000
0.09999490 7.95040000
0.10713740 8.07060000
0.11427988 8.19590000
0.12142238 8.32580000
0.12856487 8.46000000
0.13570737 8.59820000
0.14284985 8.73980000
0.14999235 8.88500000
0.15713484 9.03320000
0.16427734 9.18430000
0.17141982 9.33790000
0.17856232 9.49380000
0.18570481 9.65190000
0.19284731 9.81200000
0.19998979 9.97380000
0.20713229 10.13730000
0.21427478 10.30220000
0.22141728 10.46840000
0.22855977 10.63590000
0.23570227 10.80430000
0.24284475 10.97370000
0.24998725 11.14400000
0.25712974 11.31490000
0.26427224 11.48650000
0.27141472 11.65860000
0.27855722 11.83120000
0.28569971 12.00410000
0.29284221 12.17720000
0.29998469 12.35100000
0.30712719 12.52450000
0.31426968 12.69800000
0.32141218 12.65920000
0.32855466 12.47470000
0.33569716 12.29050000
0.34283965 12.10650000
0.34998215 11.92340000
0.35712463 11.74120000
0.36426713 11.56040000
0.37140962 11.38110000
0.37855212 11.20350000
0.38569460 11.02780000
0.39283710 10.85420000
0.39997959 10.68280000
0.40712209 10.51370000
0.41426457 10.34700000
0.42140707 10.18290000
0.42854956 10.02140000
0.43569206 9.86270000
0.44283455 9.70660000
0.44997705 9.55340000
0.45711953 9.40320000
0.46426203 9.25570000
0.47140452 9.11120000
0.47854702 8.96980000
0.48568950 8.83120000
0.49283200 8.69550000
0.49997449 8.56290000
0.50711699 8.43330000
0.51425947 8.30670000
0.52140197 8.18310000
0.52854446 8.06260000
0.53568696 7.94490000
0.54282944 7.83030000
0.54997194 7.71870000
0.55711443 7.60990000
0.56425693 7.50410000
0.57139941 7.40120000
0.57854191 7.30120000
0.58568440 7.20410000
0.59282690 7.10980000
0.59996938 7.01830000
0.60711188 6.92960000
0.61425437 6.84360000
0.62139687 6.76040000
0.62853935 6.67990000
0.63568185 6.60210000
0.64282434 6.52690000
0.64996684 6.45430000
0.65710933 6.38430000
0.66425183 6.31690000
0.67139431 6.25200000
0.67853681 6.18970000
0.68567930 6.12970000
0.69282180 6.07230000
0.69996428 6.01730000
0.70710678 5.96470000
0.70710678 5.96470000
0.71067802 5.96570000
0.71424928 5.96890000
0.71782052 5.97420000
0.72139177 5.98160000
0.72496301 5.99120000
0.72853427 6.00290000
0.73210551 6.01660000
0.73567675 6.03250000
0.73924799 6.05040000
0.74281925 6.07040000
0.74639049 6.09250000
0.74996174 6.11660000
0.75353298 6.14270000
0.75710424 6.17080000
0.76067548 6.20090000
0.76424672 6.23290000
0.76781797 6.26690000
0.77138922 6.30280000
0.77496047 6.34060000
0.77853171 6.38030000
0.78210295 6.42190000
0.78567421 6.46530000
0.78924545 6.51040000
0.79281669 6.55730000
0.79638794 6.60590000
0.79995919 6.65630000
0.80353044 6.70830000
0.80710168 6.76200000
0.81067292 6.81730000
0.81424418 6.87430000
0.81781542 6.93270000
0.82138666 6.99270000
0.82495791 7.05420000
0.82852916 7.11720000
0.83210041 7.18170000
0.83567165 7.24750000
0.83924289 7.31470000
0.84281415 7.38330000
0.84638539 7.45320000
0.84995663 7.52440000
0.85352788 7.59690000
0.85709913 7.67060000
0.86067038 7.74540000
0.86424162 7.82150000
0.86781286 7.89860000
0.87138412 7.97690000
0.87495536 8.05630000
0.87852661 8.13670000
0.88209785 8.21810000
0.88566910 8.30050000
0.88924035 8.38380000
0.89281159 8.46810000
0.89638283 8.55320000
0.89995409 8.63910000
0.90352533 8.72600000
0.90709658 8.81360000
0.91066782 8.90190000
0.91423908 8.99100000
0.91781032 9.08080000
0.92138156 9.17120000
0.92495280 9.26220000
0.92852406 9.35390000
0.93209530 9.44600000
0.93566655 9.53870000
0.93923779 9.63180000
0.94280905 9.72540000
0.94638029 9.81930000
0.94995153 9.91350000
0.95352277 10.00810000
0.95709403 10.10280000
0.96066527 10.19770000
0.96423652 10.29270000
0.96780776 10.38780000
0.97137902 10.48330000
0.97495026 10.57830000
0.97852150 10.67300000
0.98209275 10.76740000
0.98566400 10.86170000
0.98923525 10.95530000
0.99280649 11.04810000
0.99637773 11.14020000
0.99994899 11.23140000
1.00352023 11.32130000
1.00709147 11.41010000
1.01066272 11.49740000
1.01423397 11.58580000
1.01780522 11.67250000
1.02137646 11.75450000
1.02494770 11.84000000
1.02851896 11.91980000
1.03209020 11.99350000
1.03566144 12.06780000
1.03923269 12.13700000
1.04280394 12.23170000
1.04637519 12.32950000
1.04994643 12.39710000
1.05351767 12.46170000
1.05708893 12.52130000
1.06066017 12.57610000
1.06066017 12.57610000
1.06244580 12.61400000
1.06423141 12.65240000
1.06601704 12.69130000
1.06780267 12.73060000
1.06958829 12.77050000
1.07137391 12.81090000
1.07315953 12.85190000
1.07494516 12.89360000
1.07673079 12.93590000
1.07851640 12.97890000
1.08030203 13.02280000
1.08208766 13.06750000
1.08387327 13.11300000
1.08565890 13.15940000
1.08744451 13.20660000
1.08923014 13.25470000
1.09101577 13.30380000
1.09280139 13.44950000
1.09458701 13.50460000
1.09637264 13.38520000
1.09815826 13.43800000
1.09994388 13.49230000
1.10172950 13.54760000
1.10351513 13.60420000
1.10530076 13.66220000
1.10708637 13.72200000
1.10887200 13.78320000
1.11065763 13.84610000
1.11244324 13.91340000
1.11422887 13.98150000
1.11601448 14.05130000
1.11780011 14.12580000
1.11958574 14.20040000
1.12137136 14.28060000
1.12315698 14.35910000
1.12494261 14.43960000
1.12672823 14.52180000
1.12851386 14.60640000
1.13029947 14.69300000
1.13208510 14.78130000
1.13387073 14.87110000
1.13565634 14.96210000
1.13744197 14.72080000
1.13922760 14.84830000
1.14101321 14.95510000
1.14279884 15.06420000
1.14458446 15.17510000
1.14637008 15.28730000
1.14815571 15.40070000
1.14994133 15.57820000
1.15172696 15.65640000
1.15351258 15.71340000
1.15529820 15.76310000
1.15708383 15.81670000
1.15886944 15.81590000
1.16065507 15.78230000
1.16244070 15.71170000
1.16422631 15.56220000
1.16601194 15.54470000
1.16779757 15.42480000
1.16958318 15.29130000
1.17136881 15.14880000
1.17315443 15.02670000
1.17494005 14.90300000
1.17672568 14.80110000
1.17851130 15.19680000
1.18029693 15.09230000
1.18208255 14.98350000
1.18386817 14.57330000
1.18565380 14.44120000
1.18743941 14.32090000
1.18922504 14.18450000
1.19101067 14.10990000
1.19279628 14.04980000
1.19458191 14.30340000
1.19636754 14.23660000
1.19815315 14.16710000
1.19993878 14.09800000
1.20172440 14.07390000
1.20351003 14.02580000
1.20529565 13.97350000
1.20708127 13.91790000
1.20886690 13.86270000
1.21065252 13.82580000
1.21243814 13.76620000
1.21422377 13.70520000
1.21600938 13.64310000
1.21779501 13.58010000
1.21958064 13.51640000
1.22136625 13.45160000
1.22315188 13.43610000
1.22493751 13.39690000
1.22672312 13.35730000
1.22850875 13.31930000
1.23029437 13.28280000
1.23208000 13.24780000
1.23386562 13.21670000
1.23565124 13.18470000
1.23743687 13.15410000
1.23743687 13.15410000
1.24671524 13.71120000
1.25599361 14.35120000
1.26527198 14.63140000
1.27455035 15.11090000
1.28382872 15.55390000
1.29310709 15.67090000
1.30238546 15.65200000
1.31166383 15.57250000
1.32094220 15.45050000
1.33022057 15.31060000
1.33949894 15.16310000
1.34877731 15.01500000
1.35805568 14.86450000
1.36733405 14.71320000
1.37661242 14.56210000
1.38589079 14.41120000
1.39516916 14.26050000
1.40444754 14.11050000
1.41372590 13.96120000
1.42300427 13.81250000
1.43228264 13.66420000
1.44156101 13.51650000
1.45083938 13.36950000
1.46011775 13.22320000
1.46939612 13.07770000
1.47867450 12.93300000
1.48795286 12.78920000
1.49723124 12.64650000
1.50650960 12.50470000
1.51578797 12.36370000
1.52506634 12.22410000
1.53434471 12.08560000
1.54362308 11.94820000
1.55290146 11.81230000
1.56217983 11.67760000
1.57145820 11.54430000
1.58073657 11.41240000
1.59001493 11.28180000
1.59929331 11.15280000
1.60857167 11.02520000
1.61785005 10.89920000
1.62712842 10.77480000
1.63640679 10.65210000
1.64568516 10.53090000
1.65496353 10.41150000
1.66424190 10.29380000
1.67352027 10.27580000
1.68279863 10.30390000
1.69207701 10.32720000
1.70135538 10.34510000
1.71063375 10.35760000
1.71991212 10.36460000
1.72919049 10.36570000
1.73846886 10.36150000
1.74774723 10.35140000
1.75702560 10.33550000
1.76630397 10.31400000
1.77558234 10.28680000
1.78486071 10.25400000
1.79413908 10.21570000
1.80341745 10.17210000
1.81269582 10.12300000
1.82197419 10.02620000
1.83125256 9.90220000
1.84053093 9.78050000
1.84980930 9.65920000
1.85908768 9.54620000
1.86836605 9.42800000
1.87764441 9.31120000
1.88692279 9.19500000
1.89620115 9.08010000
1.90547953 8.96650000
1.91475789 8.85430000
1.92403626 8.74360000
1.93331464 8.63450000
1.94259301 8.52710000
1.95187138 8.42250000
1.96114975 8.31940000
1.97042811 8.21890000
1.97970649 8.12090000
1.98898485 8.02560000
1.99826323 7.93300000
2.00754160 7.84300000
2.01681997 7.75620000
2.02609834 7.67290000
2.03537671 7.59380000
2.04465507 7.51830000
2.05393345 7.44700000
2.06321181 7.38040000
2.07249019 7.31890000
2.08176856 7.26250000
2.09104693 7.21190000
2.10032530 7.16720000
2.10960367 7.12870000
2.11888204 7.09690000
2.12816041 7.07180000
2.13743877 7.05360000
2.14671715 7.04270000
2.15599552 7.03940000
2.15599552 7.03940000
2.16474326 7.04140000
2.17349098 7.04680000
2.18223872 7.05600000
2.19098645 7.06870000
2.19973419 7.08500000
2.20848191 7.10490000
2.21722965 7.12810000
2.22597737 7.15470000
2.23472511 7.18450000
2.24347283 7.21750000
2.25222057 7.25340000
2.26096830 7.29220000
2.26971604 7.33370000
2.27846376 7.37790000
2.28721150 7.42450000
2.29595922 7.47330000
2.30470696 7.52440000
2.31345468 7.57740000
2.32220242 7.63230000
2.33095015 7.68890000
2.33969789 7.74700000
2.34844561 7.80650000
2.35719335 7.86740000
2.36594107 7.92890000
2.37468881 7.99160000
2.38343653 8.05500000
2.39218427 8.11900000
2.40093200 8.18350000
2.40967974 8.24830000
2.41842746 8.31330000
2.42717520 8.37830000
2.43592292 8.44320000
2.44467066 8.50790000
2.45341838 8.57220000
2.46216612 8.63610000
2.47091385 8.69930000
2.47966159 8.76180000
2.48840931 8.82340000
2.49715705 8.88410000
2.50590477 8.94380000
2.51465251 9.00240000
2.52340023 9.05980000
2.53214797 9.11630000
2.54089570 9.17100000
2.54964344 9.22420000
2.55839116 9.27590000
2.56713890 9.32600000
2.57588662 9.37450000
2.58463436 9.42130000
2.59338208 9.46640000
2.60212982 9.50980000
2.61087755 9.55140000
2.61962529 9.59120000
2.62837301 9.62930000
2.63712075 9.66550000
2.64586847 9.70010000
2.65461621 9.73280000
2.66336393 9.76370000
2.67211167 9.79300000
2.68085940 9.82050000
2.68960714 9.84640000
2.69835486 9.87060000
2.70710260 9.89330000
2.71585032 9.91440000
2.72459806 9.93400000
2.73334578 9.95220000
2.74209352 9.96890000
2.75084125 9.98440000
2.75958899 9.99860000
2.76833671 10.01160000
2.77708445 10.02340000
2.78583217 10.03430000
2.79457991 10.04400000
2.80332763 10.05270000
2.81207537 10.06060000
2.82082310 10.06760000
2.82957084 10.07380000
2.83831856 10.07930000
2.84706630 10.08410000
2.85581402 10.08830000
2.86456176 10.09200000
2.87330948 10.09510000
2.88205722 10.09780000
2.89080495 10.10010000
2.89955269 10.10200000
2.90830041 10.10370000
2.91704815 10.10510000
2.92579587 10.10600000
2.93454361 10.10700000
2.94329133 10.10760000
2.95203907 10.10820000
2.96078680 10.10860000
2.96953454 10.10890000
2.97828226 10.10910000
2.98703000 10.10930000
2.99577772 10.10940000
3.00452546 10.10950000
3.01327318 10.10950000
3.02202092 10.10950000
3.02202092 10.10950000
3.02511372 10.11010000
3.02820651 10.11420000
3.03129930 10.12100000
3.03439209 10.13020000
3.03748487 10.14200000
3.04057767 10.15630000
3.04367045 10.17310000
3.04676324 10.19250000
3.04985604 10.21440000
3.05294883 10.23880000
3.05604162 10.26560000
3.05913441 10.29490000
3.06222719 10.32670000
3.06531999 10.36090000
3.06841277 10.39730000
3.07150557 10.43620000
3.07459836 10.47720000
3.07769115 10.52060000
3.08078394 10.56620000
3.08387673 10.61400000
3.08696951 10.66390000
3.09006231 10.71590000
3.09315509 10.76990000
3.09624789 10.82590000
3.09934068 10.88400000
3.10243347 10.94390000
3.10552626 11.00580000
3.10861905 11.06940000
3.11171183 11.13480000
3.11480463 11.20200000
3.11789741 11.27070000
3.12099021 11.34120000
3.12408300 11.41320000
3.12717579 11.48680000
3.13026858 11.56180000
3.13336137 11.63820000
3.13645415 11.71650000
3.13954695 11.79560000
3.14263974 11.87600000
3.14573253 11.95760000
3.14882532 12.04130000
3.15191811 12.12420000
3.15501090 12.20910000
3.15810369 12.29580000
3.16119647 12.38290000
3.16428927 12.47080000
3.16738206 12.55950000
3.17047485 12.64860000
3.17356764 12.73890000
3.17666043 12.83010000
3.17975322 12.92160000
3.18284601 13.01360000
3.18593879 13.10900000
3.18903159 13.20160000
3.19212438 13.29450000
3.19521717 13.38570000
3.19830996 13.47950000
3.20140275 13.57350000
3.20449554 13.66800000
3.20758833 13.76220000
3.21068111 13.85150000
3.21377391 13.94420000
3.21686670 14.03790000
3.21995949 14.13140000
3.22305228 14.22470000
3.22614507 14.31760000
3.22923786 14.40900000
3.23233065 14.50310000
3.23542343 14.59310000
3.23851623 14.68380000
3.24160902 14.77410000
3.24470181 14.86380000
3.24779460 14.95240000
3.25088739 15.03870000
3.25398018 15.00600000
3.25707297 14.90250000
3.26016576 14.79870000
3.26325855 14.69450000
3.26635134 14.59000000
3.26944413 14.48520000
3.27253692 14.38020000
3.27562971 14.27500000
3.27872250 14.16980000
3.28181529 14.06460000
3.28490808 13.95940000
3.28800087 13.85420000
3.29109366 13.74930000
3.29418645 13.64450000
3.29727924 13.53990000
3.30037203 13.43570000
3.30346482 13.33170000
3.30655761 13.22820000
3.30965040 13.12500000
3.31274320 13.02230000
3.31583598 12.92030000
3.31892877 12.81860000
3.32202156 12.71750000
3.32511435 12.61700000
3.32820714 12.51720000
3.32820714 12.51720000
3.32999277 12.51720000
3.33177839 12.51730000
3.33356401 12.51750000
3.33534964 12.51770000
3.33713526 12.51810000
3.33892088 12.51840000
3.34070650 12.51890000
3.34249213 12.51940000
3.34427776 12.52000000
3.34606337 12.52050000
3.34784900 12.52120000
3.34963463 12.52200000
3.35142024 12.52280000
3.35320587 12.52370000
3.35499148 12.52470000
3.35677711 12.52570000
3.35856274 12.52680000
3.36034836 12.52800000
3.36213398 12.52920000
3.36391961 12.53040000
3.36570523 12.53170000
3.36749086 12.53300000
3.36927647 12.53440000
3.37106210 12.53580000
3.37284773 12.53730000
3.37463334 12.53880000
3.37641897 12.54030000
3.37820460 12.54190000
3.37999021 12.54290000
3.38177584 12.54460000
3.38356146 12.54620000
3.38534708 12.54790000
3.38713271 12.54950000
3.38891833 12.55120000
3.39070395 12.55290000
3.39248958 12.55460000
3.39427520 12.55630000
3.39606083 12.55800000
3.39784644 12.55960000
3.39963207 12.56130000
3.40141770 12.56290000
3.40320331 12.56450000
3.40498894 12.56600000
3.40677457 12.56750000
3.40856018 12.56900000
3.41034581 12.57040000
3.41213143 12.57170000
3.41391705 12.57300000
3.41570268 12.57410000
3.41748830 12.57520000
3.41927393 12.57620000
3.42105955 12.57700000
3.42284517 12.57780000
3.42463080 12.57840000
3.42641641 12.57890000
3.42820204 12.57960000
3.42998767 12.57980000
3.43177328 12.57980000
3.43355891 12.57960000
3.43534454 12.57930000
3.43713015 12.57890000
3.43891578 12.57810000
3.44070140 12.57710000
3.44248702 12.57590000
3.44427265 12.57440000
3.44605827 12.57260000
3.44784390 12.57080000
3.44962952 12.56850000
3.45141514 12.56590000
3.45320077 12.56290000
3.45498638 12.55960000
3.45677201 12.55600000
3.45855764 12.55390000
3.46034325 12.54970000
3.46212888 12.54510000
3.46391451 12.54160000
3.46570012 12.53630000
3.46748575 12.53050000
3.46927137 12.52430000
3.47105700 12.51770000
3.47284262 12.51340000
3.47462824 12.51920000
3.47641387 12.51230000
3.47819950 12.50540000
3.47998511 12.49800000
3.48177074 12.49000000
3.48355635 12.47510000
3.48534198 12.47650000
3.48712761 12.47010000
3.48891322 12.46180000
3.49069885 12.47060000
3.49248448 12.46390000
3.49427010 12.45960000
3.49605572 12.45660000
3.49784134 12.50250000
3.49962697 12.51400000
3.50141259 12.52900000
3.50319821 12.55080000
3.50498384 12.57610000
3.50498384 12.57610000
3.50855508 12.60200000
3.51212634 12.63060000
3.51569758 12.65760000
3.51926882 12.68090000
3.52284007 12.69990000
3.52641132 12.67210000
3.52998257 12.68490000
3.53355381 12.69110000
3.53712505 12.69110000
3.54069631 12.68530000
3.54426755 12.67380000
3.54783879 12.63400000
3.55141004 12.61840000
3.55498129 12.59600000
3.55855254 12.56750000
3.56212378 12.53590000
3.56569502 12.50180000
3.56926628 12.45650000
3.57283752 12.42010000
3.57640876 12.38240000
3.57998001 12.34350000
3.58355126 12.30370000
3.58712251 12.26340000
3.59069375 12.22260000
3.59426499 12.18400000
3.59783625 12.13630000
3.60140749 12.09510000
3.60497873 12.05370000
3.60854998 12.01200000
3.61212123 11.97050000
3.61569248 11.92910000
3.61926372 11.88780000
3.62283496 11.84400000
3.62640622 11.80310000
3.62997746 11.76250000
3.63354871 11.72200000
3.63711995 11.68180000
3.64069121 11.64190000
3.64426245 11.60270000
3.64783369 11.56350000
3.65140493 11.52470000
3.65497619 11.48670000
3.65854743 11.44880000
3.66211868 11.41120000
3.66568992 11.37420000
3.66926118 11.33780000
3.67283242 11.30190000
3.67640366 11.26650000
3.67997490 11.23190000
3.68354616 11.19760000
3.68711740 11.16360000
3.69068865 11.13060000
3.69425989 11.09790000
3.69783115 11.06570000
3.70140239 11.03400000
3.70497363 11.00270000
3.70854488 10.97220000
3.71211613 10.94240000
3.71568737 10.91320000
3.71925862 10.88440000
3.72282986 10.85640000
3.72640112 10.82900000
3.72997236 10.80220000
3.73354360 10.77590000
3.73711485 10.75020000
3.74068610 10.72510000
3.74425735 10.70050000
3.74782859 10.67660000
3.75139983 10.65310000
3.75497109 10.63020000
3.75854233 10.60790000
3.76211357 10.58600000
3.76568482 10.56470000
3.76925607 10.54370000
3.77282732 10.52320000
3.77639856 10.50310000
3.77996980 10.48330000
3.78354106 10.46380000
3.78711230 10.44450000
3.79068354 10.42530000
3.79425479 10.40630000
3.79782604 10.38710000
3.80139729 10.36790000
3.80496853 10.34840000
3.80853977 10.32860000
3.81211103 10.30850000
3.81568227 10.28800000
3.81925351 10.26710000
3.82282476 10.24610000
3.82639601 10.22520000
3.82996726 10.20470000
3.83353850 10.18510000
3.83710974 10.16680000
3.84068100 10.15040000
3.84425224 10.13620000
3.84782349 10.12480000
3.85139473 10.11630000
3.85496599 10.11110000
3.85853723 10.10950000
3.85853723 10.10950000
3.86163002 10.11080000
3.86472281 10.11470000
3.86781560 10.12120000
3.87090839 10.13030000
3.87400118 10.14200000
3.87709397 10.15630000
3.88018676 10.17310000
3.88327955 10.19240000
3.88637234 10.21430000
3.88946513 10.23870000
3.89255792 10.26550000
3.89565071 10.29480000
3.89874350 10.32650000
3.90183629 10.36070000
3.90492908 10.39710000
3.90802187 10.43590000
3.91111466 10.47710000
3.91420745 10.52040000
3.91730024 10.56600000
3.92039303 10.61380000
3.92348582 10.66370000
3.92657862 10.71570000
3.92967140 10.76970000
3.93276419 10.82570000
3.93585698 10.88380000
3.93894977 10.94370000
3.94204256 11.00550000
3.94513535 11.06920000
3.94822814 11.13460000
3.95132094 11.20180000
3.95441372 11.27050000
3.95750651 11.34090000
3.96059930 11.41290000
3.96369209 11.48650000
3.96678488 11.56150000
3.96987767 11.63790000
3.97297046 11.71570000
3.97606326 11.79480000
3.97915604 11.87520000
3.98224883 11.95680000
3.98534162 12.03950000
3.98843441 12.12330000
3.99152720 12.20810000
3.99461999 12.29400000
3.99771278 12.38080000
4.00080558 12.46840000
4.00389836 12.55690000
4.00699115 12.64620000
4.01008394 12.73610000
4.01317673 12.82700000
4.01626952 12.91820000
4.01936231 13.00990000
4.02245510 13.10230000
4.02554790 13.19500000
4.02864068 13.28810000
4.03173347 13.38140000
4.03482626 13.47500000
4.03791905 13.56880000
4.04101184 13.66360000
4.04410464 13.75770000
4.04719742 13.85080000
4.05029022 13.94480000
4.05338300 14.03860000
4.05647579 14.13230000
4.05956858 14.22750000
4.06266137 14.32080000
4.06575416 14.41360000
4.06884696 14.50600000
4.07193974 14.59770000
4.07503254 14.68860000
4.07812532 14.77840000
4.08121811 14.86520000
4.08431090 14.95270000
4.08740369 15.03780000
4.09049648 15.11970000
4.09358928 15.19710000
4.09668206 15.26940000
4.09977486 15.33270000
4.10286764 15.38520000
4.10596043 15.43540000
4.10905322 15.46090000
4.11214601 15.43240000
4.11523881 15.37430000
4.11833160 15.30010000
4.12142438 15.29200000
4.12451718 15.17380000
4.12760996 15.02130000
4.13070275 14.83320000
4.13379554 14.63460000
4.13688833 14.53930000
4.13998113 14.55680000
4.14307392 14.38530000
4.14616670 14.20340000
4.14925950 14.03970000
4.15235228 13.79390000
4.15544507 13.59860000
4.15853786 13.43800000
4.16163065 13.29540000
4.16472345 13.15410000

0.00000000 7.03940000
0.00714250 7.04460000
0.01428499 7.06010000
0.02142749 7.08590000
0.02856997 7.12180000
0.03571247 7.16730000
0.04285496 7.22230000
0.04999746 7.28640000
0.05713994 7.35900000
0.06428244 7.43990000
0.07142493 7.52840000
0.07856743 7.62420000
0.08570991 7.72670000
0.09285241 7.83560000
0.09999490 7.95040000
0.10713740 8.07060000
0.11427988 8.19590000
0.12142238 8.32580000
0.12856487 8.46000000
0.13570737 8.59820000
0.14284985 8.73980000
0.14999235 8.88500000
0.15713484 9.03320000
0.16427734 9.18430000
0.17141982 9.33790000
0.17856232 9.49380000
0.18570481 9.65280000
0.19284731 9.81320000
0.19998979 9.97540000
0.20713229 10.13920000
0.21427478 10.30470000
0.22141728 10.47140000
0.22855977 10.63940000
0.23570227 10.80840000
0.24284475 10.97850000
0.24998725 11.14950000
0.25712974 11.32120000
0.26427224 11.49370000
0.27141472 11.66680000
0.27855722 11.84050000
0.28569971 12.01450000
0.29284221 12.18890000
0.29998469 12.36410000
0.30712719 12.53920000
0.31426968 12.70650000
0.32141218 12.87150000
0.32855466 13.04490000
0.33569716 13.21810000
0.34283965 13.39110000
0.34998215 13.56380000
0.35712463 13.73620000
0.36426713 13.90800000
0.37140962 14.07940000
0.37855212 14.25020000
0.38569460 14.42040000
0.39283710 14.58980000
0.39997959 14.75840000
0.40712209 14.92620000
0.41426457 15.09300000
0.42140707 15.25880000
0.42854956 15.42350000
0.43569206 15.58700000
0.44283455 15.74920000
0.44997705 15.91000000
0.45711953 16.06770000
0.46426203 16.22530000
0.47140452 16.38130000
0.47854702 16.53840000
0.48568950 16.69090000
0.49283200 16.84350000
0.49997449 16.99140000
0.50711699 17.13570000
0.51425947 17.27850000
0.52140197 17.42190000
0.52854446 17.55970000
0.53568696 17.69460000
0.54282944 17.82650000
0.54997194 17.95510000
0.55711443 18.08020000
0.56425693 18.20160000
0.57139941 18.32670000
0.57854191 18.44060000
0.58568440 18.55020000
0.59282690 18.65520000
0.59996938 18.75550000
0.60711188 18.85070000
0.61425437 18.93970000
0.62139687 19.02410000
0.62853935 19.10280000
0.63568185 19.17560000
0.64282434 19.24220000
0.64996684 19.30100000
0.65710933 19.35470000
0.66425183 19.40160000
0.67139431 19.44170000
0.67853681 19.49800000
0.68567930 19.52460000
0.69282180 19.54420000
0.69996428 19.55770000
0.70710678 19.56170000
0.70710678 19.56170000
0.71067802 19.56200000
0.71424928 19.56130000
0.71782052 19.55880000
0.72139177 19.55590000
0.72496301 19.55190000
0.72853427 19.54680000
0.73210551 19.54060000
0.73567675 19.53340000
0.73924799 19.52500000
0.74281925 19.51550000
0.74639049 19.50490000
0.74996174 19.49580000
0.75353298 19.48290000
0.75710424 19.47030000
0.76067548 19.45510000
0.76424672 19.43780000
0.76781797 19.42010000
0.77138922 19.40110000
0.77496047 19.35260000
0.77853171 19.33130000
0.78210295 19.31030000
0.78567421 19.28650000
0.78924545 19.26140000
0.79281669 19.23500000
0.79638794 19.20740000
0.79995919 19.17840000
0.80353044 19.14810000
0.80710168 19.11640000
0.81067292 19.08330000
0.81424418 19.04890000
0.81781542 19.01300000
0.82138666 18.97580000
0.82495791 18.93710000
0.82852916 18.89690000
0.83210041 18.85530000
0.83567165 18.81230000
0.83924289 18.76780000
0.84281415 18.75750000
0.84638539 18.70910000
0.84995663 18.63640000
0.85352788 18.58660000
0.85709913 18.53430000
0.86067038 18.48050000
0.86424162 18.42520000
0.86781286 18.36850000
0.87138412 18.31030000
0.87495536 18.25070000
0.87852661 18.18970000
0.88209785 18.12720000
0.88566910 18.06330000
0.88924035 17.99800000
0.89281159 17.93130000
0.89638283 17.86330000
0.89995409 17.79380000
0.90352533 17.72320000
0.90709658 17.65130000
0.91066782 17.57810000
0.91423908 17.50380000
0.91781032 17.42830000
0.92138156 17.35160000
0.92495280 17.27370000
0.92852406 17.19490000
0.93209530 17.10670000
0.93566655 17.02620000
0.93923779 16.94470000
0.94280905 16.86230000
0.94638029 16.77910000
0.94995153 16.69500000
0.95352277 16.61030000
0.95709403 16.52340000
0.96066527 16.43760000
0.96423652 16.35130000
0.96780776 16.26450000
0.97137902 16.17740000
0.97495026 16.08960000
0.97852150 16.00200000
0.98209275 15.91420000
0.98566400 15.82660000
0.98923525 15.73900000
0.99280649 15.65160000
0.99637773 15.56470000
0.99994899 15.47850000
1.00352023 15.39220000
1.00709147 15.30780000
1.01066272 15.22480000
1.01423397 15.14350000
1.01780522 15.06420000
1.02137646 14.98730000
1.02494770 14.91330000
1.02851896 14.84280000
1.03209020 14.77650000
1.03566144 14.71490000
1.03923269 14.65900000
1.04280394 14.60950000
1.04637519 14.56740000
1.04994643 14.53350000
1.05351767 14.50870000
1.05708893 14.49350000
1.06066017 14.48840000
1.06066017 14.48840000
1.06244580 14.48220000
1.06423141 14.48150000
1.06601704 14.48600000
1.06780267 14.49550000
1.06958829 14.50970000
1.07137391 14.52830000
1.07315953 14.55100000
1.07494516 14.57730000
1.07673079 14.60700000
1.07851640 14.63980000
1.08030203 14.67530000
1.08208766 14.71320000
1.08387327 14.75340000
1.08565890 14.79550000
1.08744451 14.83930000
1.08923014 14.88470000
1.09101577 14.93150000
1.09280139 14.97860000
1.09458701 15.02740000
1.09637264 15.07690000
1.09815826 15.12710000
1.09994388 15.17830000
1.10172950 15.22940000
1.10351513 15.28060000
1.10530076 15.33130000
1.10708637 15.38220000
1.10887200 15.43290000
1.11065763 15.48190000
1.11244324 15.53290000
1.11422887 15.57980000
1.11601448 15.62510000
1.11780011 15.67660000
1.11958574 15.71870000
1.12137136 15.77290000
1.12315698 15.81210000
1.12494261 15.84720000
1.12672823 15.87740000
1.12851386 15.90230000
1.13029947 15.92090000
1.13208510 15.93250000
1.13387073 15.93640000
1.13565634 15.93240000
1.13744197 15.78350000
1.13922760 15.82960000
1.14101321 15.77850000
1.14279884 15.71680000
1.14458446 15.64420000
1.14637008 15.56020000
1.14815571 15.46430000
1.14994133 16.08470000
1.15172696 16.02730000
1.15351258 15.99950000
1.15529820 15.94730000
1.15708383 15.90560000
1.15886944 15.90190000
1.16065507 15.93540000
1.16244070 16.00190000
1.16422631 16.12730000
1.16601194 16.16440000
1.16779757 16.27040000
1.16958318 16.38270000
1.17136881 16.49960000
1.17315443 16.60030000
1.17494005 16.59650000
1.17672568 16.68840000
1.17851130 16.94780000
1.18029693 17.01740000
1.18208255 17.08570000
1.18386817 17.15930000
1.18565380 17.23360000
1.18743941 17.30290000
1.18922504 17.37360000
1.19101067 17.42500000
1.19279628 17.47000000
1.19458191 17.43590000
1.19636754 17.47840000
1.19815315 17.50180000
1.19993878 17.53970000
1.20172440 17.66850000
1.20351003 17.69720000
1.20529565 17.72440000
1.20708127 17.74920000
1.20886690 17.77280000
1.21065252 17.88010000
1.21243814 17.90100000
1.21422377 17.92030000
1.21600938 17.93800000
1.21779501 17.95420000
1.21958064 17.96890000
1.22136625 17.98270000
1.22315188 18.05780000
1.22493751 18.08540000
1.22672312 18.09160000
1.22850875 18.09570000
1.23029437 18.09740000
1.23208000 18.09610000
1.23386562 18.12580000
1.23565124 18.12160000
1.23743687 18.11370000
1.23743687 18.11370000
1.24671524 17.95000000
1.25599361 17.79360000
1.26527198 17.71460000
1.27455035 17.62500000
1.28382872 17.62280000
1.29310709 17.62030000
1.30238546 17.61030000
1.31166383 17.59380000
1.32094220 17.53410000
1.33022057 17.47890000
1.33949894 17.42480000
1.34877731 17.35900000
1.35805568 17.29300000
1.36733405 17.22970000
1.37661242 17.16510000
1.38589079 17.10100000
1.39516916 17.03750000
1.40444754 16.93940000
1.41372590 16.77540000
1.42300427 16.60150000
1.43228264 16.42550000
1.44156101 16.24830000
1.45083938 16.06890000
1.46011775 15.86860000
1.46939612 15.71720000
1.47867450 15.54390000
1.48795286 15.37060000
1.49723124 15.21700000
1.50650960 15.04480000
1.51578797 14.87240000
1.52506634 14.70290000
1.53434471 14.53480000
1.54362308 14.36770000
1.55290146 14.20250000
1.56217983 14.03640000
1.57145820 13.87410000
1.58073657 13.71310000
1.59001493 13.55360000
1.59929331 13.39560000
1.60857167 13.23730000
1.61785005 13.08230000
1.62712842 12.92870000
1.63640679 12.77660000
1.64568516 12.62590000
1.65496353 12.47660000
1.66424190 12.32880000
1.67352027 12.18230000
1.68279863 12.03710000
1.69207701 11.89320000
1.70135538 11.75030000
1.71063375 11.60840000
1.71991212 11.46830000
1.72919049 11.33030000
1.73846886 11.19410000
1.74774723 11.05960000
1.75702560 10.92630000
1.76630397 10.79420000
1.77558234 10.66320000
1.78486071 10.53340000
1.79413908 10.40480000
1.80341745 10.27770000
1.81269582 10.15150000
1.82197419 10.06880000
1.83125256 10.00960000
1.84053093 9.94540000
1.84980930 9.87650000
1.85908768 9.80300000
1.86836605 9.72500000
1.87764441 9.64280000
1.88692279 9.55660000
1.89620115 9.46650000
1.90547953 9.37280000
1.91475789 9.27570000
1.92403626 9.17550000
1.93331464 9.07250000
1.94259301 8.96690000
1.95187138 8.85910000
1.96114975 8.74950000
1.97042811 8.63840000
1.97970649 8.52610000
1.98898485 8.41360000
1.99826323 8.30080000
2.00754160 8.18840000
2.01681997 8.07710000
2.02609834 7.96750000
2.03537671 7.86030000
2.04465507 7.75620000
2.05393345 7.65590000
2.06321181 7.56020000
2.07249019 7.47000000
2.08176856 7.38610000
2.09104693 7.30950000
2.10032530 7.24090000
2.10960367 7.18120000
2.11888204 7.13120000
2.12816041 7.09150000
2.13743877 7.06270000
2.14671715 7.04520000
2.15599552 7.03940000
2.15599552 7.03940000
2.16474326 7.04250000
2.17349098 7.05290000
2.18223872 7.07010000
2.19098645 7.09370000
2.19973419 7.12360000
2.20848191 7.15940000
2.21722965 7.20080000
2.22597737 7.24740000
2.23472511 7.29860000
2.24347283 7.35420000
2.25222057 7.41320000
2.26096830 7.47590000
2.26971604 7.54150000
2.27846376 7.60950000
2.28721150 7.67960000
2.29595922 7.75130000
2.30470696 7.82440000
2.31345468 7.89840000
2.32220242 7.97310000
2.33095015 8.04820000
2.33969789 8.12340000
2.34844561 8.19830000
2.35719335 8.27340000
2.36594107 8.34720000
2.37468881 8.42060000
2.38343653 8.49310000
2.39218427 8.56470000
2.40093200 8.63520000
2.40967974 8.70440000
2.41842746 8.77240000
2.42717520 8.83900000
2.43592292 8.90420000
2.44467066 8.96790000
2.45341838 9.03010000
2.46216612 9.09080000
2.47091385 9.14990000
2.47966159 9.20740000
2.48840931 9.26320000
2.49715705 9.31760000
2.50590477 9.37040000
2.51465251 9.42160000
2.52340023 9.47130000
2.53214797 9.51950000
2.54089570 9.56620000
2.54964344 9.61150000
2.55839116 9.65530000
2.56713890 9.69750000
2.57588662 9.73840000
2.58463436 9.77790000
2.59338208 9.81610000
2.60212982 9.85300000
2.61087755 9.88870000
2.61962529 9.92300000
2.62837301 9.95620000
2.63712075 9.98820000
2.64586847 10.01920000
2.65461621 10.04900000
2.66336393 10.07760000
2.67211167 10.10530000
2.68085940 10.13190000
2.68960714 10.15750000
2.69835486 10.18220000
2.70710260 10.20590000
2.71585032 10.22870000
2.72459806 10.25060000
2.73334578 10.27170000
2.74209352 10.29200000
2.75084125 10.31140000
2.75958899 10.33000000
2.76833671 10.34790000
2.77708445 10.36500000
2.78583217 10.38140000
2.79457991 10.39700000
2.80332763 10.41190000
2.81207537 10.42620000
2.82082310 10.43970000
2.82957084 10.45270000
2.83831856 10.46490000
2.84706630 10.47650000
2.85581402 10.48750000
2.86456176 10.49790000
2.87330948 10.50760000
2.88205722 10.51680000
2.89080495 10.52540000
2.89955269 10.53330000
2.90830041 10.54080000
2.91704815 10.54760000
2.92579587 10.55380000
2.93454361 10.55960000
2.94329133 10.56470000
2.95203907 10.56930000
2.96078680 10.57330000
2.96953454 10.57680000
2.97828226 10.57980000
2.98703000 10.58220000
2.99577772 10.58400000
3.00452546 10.58540000
3.01327318 10.58620000
3.02202092 10.58650000
3.02202092 10.58650000
3.02511372 10.58770000
3.02820651 10.59150000
3.03129930 10.59790000
3.03439209 10.60690000
3.03748487 10.61880000
3.04057767 10.63360000
3.04367045 10.65150000
3.04676324 10.67260000
3.04985604 10.69690000
3.05294883 10.72450000
3.05604162 10.75540000
3.05913441 10.78960000
3.06222719 10.82700000
3.06531999 10.86770000
3.06841277 10.91150000
3.07150557 10.95840000
3.07459836 11.00830000
3.07769115 11.06110000
3.08078394 11.11660000
3.08387673 11.17490000
3.08696951 11.23590000
3.09006231 11.29940000
3.09315509 11.36530000
3.09624789 11.43360000
3.09934068 11.50420000
3.10243347 11.57700000
3.10552626 11.65190000
3.10861905 11.72890000
3.11171183 11.80780000
3.11480463 11.88860000
3.11789741 11.97110000
3.12099021 12.05550000
3.12408300 12.14140000
3.12717579 12.22900000
3.13026858 12.31810000
3.13336137 12.40860000
3.13645415 12.50050000
3.13954695 12.59380000
3.14263974 12.68830000
3.14573253 12.78400000
3.14882532 12.88090000
3.15191811 12.97880000
3.15501090 13.07840000
3.15810369 13.17840000
3.16119647 13.27930000
3.16428927 13.38120000
3.16738206 13.48380000
3.17047485 13.58720000
3.17356764 13.69140000
3.17666043 13.79680000
3.17975322 13.90220000
3.18284601 14.00820000
3.18593879 14.11480000
3.18903159 14.22180000
3.19212438 14.32930000
3.19521717 14.43710000
3.19830996 14.54530000
3.20140275 14.65370000
3.20449554 14.76260000
3.20758833 14.87140000
3.21068111 14.98000000
3.21377391 15.08880000
3.21686670 15.19730000
3.21995949 15.30610000
3.22305228 15.41410000
3.22614507 15.52070000
3.22923786 15.62180000
3.23233065 15.67380000
3.23542343 15.60750000
3.23851623 15.51200000
3.24160902 15.41440000
3.24470181 15.31350000
3.24779460 15.21160000
3.25088739 15.10860000
3.25398018 15.12560000
3.25707297 15.21120000
3.26016576 15.29570000
3.26325855 15.37850000
3.26635134 15.46120000
3.26944413 15.54490000
3.27253692 15.62390000
3.27562971 15.70390000
3.27872250 15.78090000
3.28181529 15.85670000
3.28490808 15.93100000
3.28800087 16.00380000
3.29109366 16.07520000
3.29418645 16.14500000
3.29727924 16.21080000
3.30037203 16.27630000
3.30346482 16.34310000
3.30655761 16.40510000
3.30965040 16.46530000
3.31274320 16.52360000
3.31583598 16.58040000
3.31892877 16.63490000
3.32202156 16.68740000
3.32511435 16.73770000
3.32820714 16.78580000
3.32820714 16.78580000
3.32999277 16.78740000
3.33177839 16.78780000
3.33356401 16.78720000
3.33534964 16.78550000
3.33713526 16.78260000
3.33892088 16.77870000
3.34070650 16.77370000
3.34249213 16.76760000
3.34427776 16.77140000
3.34606337 16.76360000
3.34784900 16.75490000
3.34963463 16.74530000
3.35142024 16.73470000
3.35320587 16.72310000
3.35499148 16.70070000
3.35677711 16.69830000
3.35856274 16.68350000
3.36034836 16.66900000
3.36213398 16.65290000
3.36391961 16.63590000
3.36570523 16.61810000
3.36749086 16.59940000
3.36927647 16.58000000
3.37106210 16.55980000
3.37284773 16.53900000
3.37463334 16.51760000
3.37641897 16.49550000
3.37820460 16.45820000
3.37999021 16.43430000
3.38177584 16.41010000
3.38356146 16.38540000
3.38534708 16.35960000
3.38713271 16.33380000
3.38891833 16.30760000
3.39070395 16.28080000
3.39248958 16.25360000
3.39427520 16.22600000
3.39606083 16.19790000
3.39784644 16.16950000
3.39963207 16.14080000
3.40141770 16.11160000
3.40320331 16.08220000
3.40498894 16.05250000
3.40677457 16.02250000
3.40856018 15.99230000
3.41034581 15.96180000
3.41213143 15.91640000
3.41391705 15.88580000
3.41570268 15.85490000
3.41748830 15.82390000
3.41927393 15.79280000
3.42105955 15.76160000
3.42284517 15.73020000
3.42463080 15.69880000
3.42641641 15.66730000
3.42820204 15.63590000
3.42998767 15.60430000
3.43177328 15.56130000
3.43355891 15.53000000
3.43534454 15.49870000
3.43713015 15.46960000
3.43891578 15.43830000
3.44070140 15.40690000
3.44248702 15.37560000
3.44427265 15.34430000
3.44605827 15.31310000
3.44784390 15.28210000
3.44962952 15.25090000
3.45141514 15.21350000
3.45320077 15.18280000
3.45498638 15.15220000
3.45677201 15.12160000
3.45855764 15.09180000
3.46034325 15.06120000
3.46212888 15.03060000
3.46391451 15.00010000
3.46570012 14.96710000
3.46748575 14.93650000
3.46927137 14.90660000
3.47105700 14.87680000
3.47284262 14.84610000
3.47462824 14.81820000
3.47641387 14.78910000
3.47819950 14.76050000
3.47998511 14.73190000
3.48177074 14.70430000
3.48355635 14.67760000
3.48534198 14.65160000
3.48712761 14.62660000
3.48891322 14.60290000
3.49069885 14.58080000
3.49248448 14.56040000
3.49427010 14.54210000
3.49605572 14.52610000
3.49784134 14.51280000
3.49962697 14.50220000
3.50141259 14.49450000
3.50319821 14.48980000
3.50498384 14.48840000
3.50498384 14.48840000
3.50855508 14.47270000
3.51212634 14.46200000
3.51569758 14.45670000
3.51926882 14.45780000
3.52284007 14.46520000
3.52641132 14.47860000
3.52998257 14.50170000
3.53355381 14.53030000
3.53712505 14.56590000
3.54069631 14.61030000
3.54426755 14.65830000
3.54783879 14.71090000
3.55141004 14.76940000
3.55498129 14.83340000
3.55855254 14.89770000
3.56212378 14.96440000
3.56569502 15.03340000
3.56926628 15.10770000
3.57283752 15.18010000
3.57640876 15.25390000
3.57998001 15.32780000
3.58355126 15.40660000
3.58712251 15.48040000
3.59069375 15.55360000
3.59426499 15.62800000
3.59783625 15.69820000
3.60140749 15.76770000
3.60497873 15.83410000
3.60854998 15.90050000
3.61212123 15.96210000
3.61569248 16.01990000
3.61926372 16.07450000
3.62283496 16.12130000
3.62640622 16.16410000
3.62997746 16.19860000
3.63354871 16.22480000
3.63711995 16.23580000
3.64069121 16.23340000
3.64426245 16.21640000
3.64783369 16.18480000
3.65140493 16.13880000
3.65497619 16.07790000
3.65854743 16.00680000
3.66211868 15.92010000
3.66568992 15.83340000
3.66926118 15.73750000
3.67283242 15.63070000
3.67640366 15.50880000
3.67997490 15.39280000
3.68354616 15.27010000
3.68711740 15.14280000
3.69068865 15.01490000
3.69425989 14.88210000
3.69783115 14.74710000
3.70140239 14.61040000
3.70497363 14.47250000
3.70854488 14.33370000
3.71211613 14.19430000
3.71568737 14.05420000
3.71925862 13.91440000
3.72282986 13.77450000
3.72640112 13.63410000
3.72997236 13.49510000
3.73354360 13.35670000
3.73711485 13.21940000
3.74068610 13.08320000
3.74425735 12.94850000
3.74782859 12.81540000
3.75139983 12.68410000
3.75497109 12.55490000
3.75854233 12.42790000
3.76211357 12.30340000
3.76568482 12.18150000
3.76925607 12.06250000
3.77282732 11.94660000
3.77639856 11.83400000
3.77996980 11.72510000
3.78354106 11.61980000
3.78711230 11.51860000
3.79068354 11.42160000
3.79425479 11.32920000
3.79782604 11.24160000
3.80139729 11.15910000
3.80496853 11.08200000
3.80853977 11.01050000
3.81211103 10.94470000
3.81568227 10.88500000
3.81925351 10.83140000
3.82282476 10.78380000
3.82639601 10.74230000
3.82996726 10.70650000
3.83353850 10.67610000
3.83710974 10.65080000
3.84068100 10.63030000
3.84425224 10.61400000
3.84782349 10.60170000
3.85139473 10.59320000
3.85496599 10.58810000
3.85853723 10.58650000
3.85853723 10.58650000
3.86163002 10.58770000
3.86472281 10.59150000
3.86781560 10.59790000
3.87090839 10.60690000
3.87400118 10.61880000
3.87709397 10.63360000
3.88018676 10.65150000
3.88327955 10.67260000
3.88637234 10.69690000
3.88946513 10.72450000
3.89255792 10.75540000
3.89565071 10.78960000
3.89874350 10.82700000
3.90183629 10.86770000
3.90492908 10.91150000
3.90802187 10.95840000
3.91111466 11.00830000
3.91420745 11.06110000
3.91730024 11.11660000
3.92039303 11.17490000
3.92348582 11.23590000
3.92657862 11.29940000
3.92967140 11.36530000
3.93276419 11.43360000
3.93585698 11.50420000
3.93894977 11.57700000
3.94204256 11.65190000
3.94513535 11.72890000
3.94822814 11.80780000
3.95132094 11.88850000
3.95441372 11.97110000
3.95750651 12.05540000
3.96059930 12.14140000
3.96369209 12.22890000
3.96678488 12.31800000
3.96987767 12.40850000
3.97297046 12.50040000
3.97606326 12.59370000
3.97915604 12.68820000
3.98224883 12.78400000
3.98534162 12.88090000
3.98843441 12.97880000
3.99152720 13.07840000
3.99461999 13.17840000
3.99771278 13.27940000
4.00080558 13.38120000
4.00389836 13.48390000
4.00699115 13.58730000
4.01008394 13.69150000
4.01317673 13.79690000
4.01626952 13.90240000
4.01936231 14.00840000
4.02245510 14.11500000
4.02554790 14.22210000
4.02864068 14.32960000
4.03173347 14.43750000
4.03482626 14.54570000
4.03791905 14.65410000
4.04101184 14.76300000
4.04410464 14.87180000
4.04719742 14.98030000
4.05029022 15.08900000
4.05338300 15.19730000
4.05647579 15.30550000
4.05956858 15.41320000
4.06266137 15.52000000
4.06575416 15.62550000
4.06884696 15.73010000
4.07193974 15.83240000
4.07503254 15.93270000
4.07812532 16.03630000
4.08121811 16.13500000
4.08431090 16.23120000
4.08740369 16.33530000
4.09049648 16.42230000
4.09358928 16.49460000
4.09668206 16.56020000
4.09977486 16.66980000
4.10286764 16.73190000
4.10596043 16.78230000
4.10905322 16.82280000
4.11214601 16.84680000
4.11523881 16.88320000
4.11833160 16.91850000
4.12142438 16.92140000
4.12451718 16.95950000
4.12760996 17.01070000
4.13070275 17.07990000
4.13379554 17.15660000
4.13688833 17.39620000
4.13998113 17.38380000
4.14307392 17.45250000
4.14616670 17.52890000
4.14925950 17.60360000
4.15235228 17.52000000
4.15544507 17.64290000
4.15853786 17.77400000
4.16163065 17.94740000
4.16472345 18.11370000

0.00000000 15.66330000
0.00714250 15.66410000
0.01428499 15.66660000
0.02142749 15.67060000
0.02856997 15.67610000
0.03571247 15.68300000
0.04285496 15.69100000
0.04999746 15.69990000
0.05713994 15.70960000
0.06428244 15.71960000
0.07142493 15.72970000
0.07856743 15.73940000
0.08570991 15.74830000
0.09285241 15.75600000
0.09999490 15.76190000
0.10713740 15.76530000
0.11427988 15.76580000
0.12142238 15.76250000
0.12856487 15.75490000
0.13570737 15.74170000
0.14284985 15.72310000
0.14999235 15.69780000
0.15713484 15.66510000
0.16427734 15.62440000
0.17141982 15.57500000
0.17856232 15.51640000
0.18570481 15.44820000
0.19284731 15.37000000
0.19998979 15.28180000
0.20713229 15.18350000
0.21427478 15.07540000
0.22141728 14.95770000
0.22855977 14.83090000
0.23570227 14.69550000
0.24284475 14.55220000
0.24998725 14.40180000
0.25712974 14.24490000
0.26427224 14.08230000
0.27141472 13.91470000
0.27855722 13.74300000
0.28569971 13.56760000
0.29284221 13.38940000
0.29998469 13.20890000
0.30712719 13.02670000
0.31426968 12.84330000
0.32141218 12.88090000
0.32855466 13.05530000
0.33569716 13.23000000
0.34283965 13.40400000
0.34998215 13.56930000
0.35712463 13.74200000
0.36426713 13.91530000
0.37140962 14.08560000
0.37855212 14.25580000
0.38569460 14.42960000
0.39283710 14.60000000
0.39997959 14.76800000
0.40712209 14.93410000
0.41426457 15.10930000
0.42140707 15.27670000
0.42854956 15.44230000
0.43569206 15.60440000
0.44283455 15.76860000
0.44997705 15.93300000
0.45711953 16.09350000
0.46426203 16.25530000
0.47140452 16.41530000
0.47854702 16.57280000
0.48568950 16.72410000
0.49283200 16.88190000
0.49997449 17.03260000
0.50711699 17.17790000
0.51425947 17.32750000
0.52140197 17.47350000
0.52854446 17.61610000
0.53568696 17.75580000
0.54282944 17.89280000
0.54997194 18.02650000
0.55711443 18.15680000
0.56425693 18.28370000
0.57139941 18.40710000
0.57854191 18.52650000
0.58568440 18.64180000
0.59282690 18.75270000
0.59996938 18.85900000
0.60711188 18.96040000
0.61425437 19.05590000
0.62139687 19.14700000
0.62853935 19.17290000
0.63568185 19.25040000
0.64282434 19.32190000
0.64996684 19.38670000
0.65710933 19.44580000
0.66425183 19.49840000
0.67139431 19.54430000
0.67853681 19.58330000
0.68567930 19.61560000
0.69282180 19.64250000
0.69996428 19.66210000
0.70710678 19.66900000
0.70710678 19.66900000
0.71067802 19.67560000
0.71424928 19.68150000
0.71782052 19.68600000
0.72139177 19.69020000
0.72496301 19.69360000
0.72853427 19.69620000
0.73210551 19.69800000
0.73567675 19.69890000
0.73924799 19.69900000
0.74281925 19.69830000
0.74639049 19.69670000
0.74996174 19.70020000
0.75353298 19.69700000
0.75710424 19.69430000
0.76067548 19.68910000
0.76424672 19.68210000
0.76781797 19.67500000
0.77138922 19.66690000
0.77496047 19.65780000
0.77853171 19.64790000
0.78210295 19.63860000
0.78567421 19.62710000
0.78924545 19.61480000
0.79281669 19.60160000
0.79638794 19.58760000
0.79995919 19.57260000
0.80353044 19.55680000
0.80710168 19.54000000
0.81067292 19.52230000
0.81424418 19.50370000
0.81781542 19.48400000
0.82138666 19.46330000
0.82495791 19.44170000
0.82852916 19.41900000
0.83210041 19.39530000
0.83567165 19.37060000
0.83924289 19.34510000
0.84281415 19.32030000
0.84638539 19.29580000
0.84995663 19.26670000
0.85352788 19.23540000
0.85709913 19.20310000
0.86067038 19.17040000
0.86424162 19.13700000
0.86781286 19.10400000
0.87138412 19.07010000
0.87495536 19.03520000
0.87852661 18.99920000
0.88209785 18.96210000
0.88566910 18.92390000
0.88924035 18.88460000
0.89281159 18.84420000
0.89638283 18.80270000
0.89995409 18.75970000
0.90352533 18.71580000
0.90709658 18.67070000
0.91066782 18.62430000
0.91423908 18.57660000
0.91781032 18.52750000
0.92138156 18.47730000
0.92495280 18.42690000
0.92852406 18.37260000
0.93209530 18.31610000
0.93566655 18.25920000
0.93923779 18.20360000
0.94280905 18.14670000
0.94638029 18.08870000
0.94995153 18.02940000
0.95352277 17.96890000
0.95709403 17.90730000
0.96066527 17.84430000
0.96423652 17.78020000
0.96780776 17.71490000
0.97137902 17.64820000
0.97495026 17.58060000
0.97852150 17.51190000
0.98209275 17.44360000
0.98566400 17.37440000
0.98923525 17.30420000
0.99280649 17.23340000
0.99637773 17.16210000
0.99994899 17.09040000
1.00352023 17.01840000
1.00709147 16.96790000
1.01066272 16.89950000
1.01423397 16.81100000
1.01780522 16.72830000
1.02137646 16.65760000
1.02494770 16.57360000
1.02851896 16.49730000
1.03209020 16.42810000
1.03566144 16.35410000
1.03923269 16.28350000
1.04280394 16.21950000
1.04637519 16.09540000
1.04994643 16.02260000
1.05351767 15.96240000
1.05708893 15.88990000
1.06066017 15.81870000
1.06066017 15.81870000
1.06244580 15.83660000
1.06423141 15.85460000
1.06601704 15.87280000
1.06780267 15.89120000
1.06958829 15.90970000
1.07137391 15.92830000
1.07315953 15.94690000
1.07494516 15.96560000
1.07673079 15.98420000
1.07851640 16.00280000
1.08030203 16.02270000
1.08208766 16.04230000
1.08387327 16.06170000
1.08565890 16.08070000
1.08744451 16.09930000
1.08923014 16.11760000
1.09101577 16.13520000
1.09280139 16.62650000
1.09458701 16.65210000
1.09637264 15.79000000
1.09815826 15.80800000
1.09994388 15.82650000
1.10172950 15.84300000
1.10351513 15.85880000
1.10530076 15.87470000
1.10708637 15.88940000
1.10887200 15.90310000
1.11065763 15.91890000
1.11244324 15.93530000
1.11422887 15.95480000
1.11601448 15.97450000
1.11780011 15.98500000
1.11958574 16.00440000
1.12137136 16.00790000
1.12315698 16.02610000
1.12494261 16.04610000
1.12672823 16.06870000
1.12851386 16.09470000
1.13029947 16.12460000
1.13208510 16.15900000
1.13387073 16.19820000
1.13565634 16.24230000
1.13744197 16.22190000
1.13922760 16.19060000
1.14101321 16.25630000
1.14279884 16.32540000
1.14458446 16.39690000
1.14637008 16.47040000
1.14815571 16.54520000
1.14994133 16.87450000
1.15172696 16.92800000
1.15351258 16.98160000
1.15529820 17.02010000
1.15708383 17.07670000
1.15886944 17.13870000
1.16065507 17.20300000
1.16244070 17.26910000
1.16422631 17.34310000
1.16601194 17.39830000
1.16779757 17.46430000
1.16958318 17.53120000
1.17136881 17.60130000
1.17315443 17.66780000
1.17494005 17.66150000
1.17672568 17.71950000
1.17851130 18.29090000
1.18029693 18.34430000
1.18208255 18.39680000
1.18386817 18.33200000
1.18565380 18.40020000
1.18743941 18.47050000
1.18922504 18.54900000
1.19101067 18.59980000
1.19279628 18.63810000
1.19458191 18.56620000
1.19636754 18.59210000
1.19815315 18.64580000
1.19993878 18.66250000
1.20172440 18.61060000
1.20351003 18.62160000
1.20529565 18.62860000
1.20708127 18.63090000
1.20886690 18.63170000
1.21065252 18.58280000
1.21243814 18.57950000
1.21422377 18.57430000
1.21600938 18.56770000
1.21779501 18.55990000
1.21958064 18.55110000
1.22136625 18.54260000
1.22315188 18.57560000
1.22493751 18.53900000
1.22672312 18.51130000
1.22850875 18.48240000
1.23029437 18.45270000
1.23208000 18.42250000
1.23386562 18.37670000
1.23565124 18.34440000
1.23743687 18.31270000
1.23743687 18.31270000
1.24671524 18.20300000
1.25599361 18.09500000
1.26527198 18.06720000
1.27455035 17.97380000
1.28382872 17.98270000
1.29310709 17.99740000
1.30238546 18.02880000
1.31166383 18.01790000
1.32094220 18.01390000
1.33022057 17.79180000
1.33949894 17.75720000
1.34877731 17.72260000
1.35805568 17.54770000
1.36733405 17.53150000
1.37661242 17.43290000
1.38589079 17.27550000
1.39516916 17.11220000
1.40444754 16.97190000
1.41372590 16.91300000
1.42300427 16.85160000
1.43228264 16.79100000
1.44156101 16.73130000
1.45083938 16.67260000
1.46011775 16.61500000
1.46939612 16.55860000
1.47867450 16.50340000
1.48795286 16.44950000
1.49723124 16.39710000
1.50650960 16.34680000
1.51578797 16.29670000
1.52506634 16.24910000
1.53434471 16.20340000
1.54362308 16.15970000
1.55290146 16.11810000
1.56217983 16.07860000
1.57145820 16.04180000
1.58073657 16.00720000
1.59001493 15.97510000
1.59929331 15.94570000
1.60857167 15.91790000
1.61785005 15.89410000
1.62712842 15.87340000
1.63640679 15.85560000
1.64568516 15.84100000
1.65496353 15.82950000
1.66424190 15.82060000
1.67352027 15.81520000
1.68279863 15.81290000
1.69207701 15.81360000
1.70135538 15.81710000
1.71063375 15.82330000
1.71991212 15.83200000
1.72919049 15.84240000
1.73846886 15.85530000
1.74774723 15.86970000
1.75702560 15.88550000
1.76630397 15.90220000
1.77558234 15.91960000
1.78486071 15.93710000
1.79413908 15.95440000
1.80341745 15.97160000
1.81269582 15.98750000
1.82197419 16.00220000
1.83125256 16.01530000
1.84053093 16.02650000
1.84980930 16.03570000
1.85908768 16.04260000
1.86836605 16.04720000
1.87764441 16.04920000
1.88692279 16.04870000
1.89620115 16.04570000
1.90547953 16.04020000
1.91475789 16.03230000
1.92403626 16.02210000
1.93331464 16.00990000
1.94259301 15.99590000
1.95187138 15.98010000
1.96114975 15.96300000
1.97042811 15.94470000
1.97970649 15.92540000
1.98898485 15.90590000
1.99826323 15.88550000
2.00754160 15.86500000
2.01681997 15.84460000
2.02609834 15.82450000
2.03537671 15.80490000
2.04465507 15.78590000
2.05393345 15.76790000
2.06321181 15.75090000
2.07249019 15.73510000
2.08176856 15.72060000
2.09104693 15.70760000
2.10032530 15.69610000
2.10960367 15.68620000
2.11888204 15.67800000
2.12816041 15.67160000
2.13743877 15.66700000
2.14671715 15.66420000
2.15599552 15.66330000
2.15599552 15.66330000
2.16474326 15.66390000
2.17349098 15.66580000
2.18223872 15.66890000
2.19098645 15.67320000
2.19973419 15.67880000
2.20848191 15.68560000
2.21722965 15.69370000
2.22597737 15.70300000
2.23472511 15.71360000
2.24347283 15.72580000
2.25222057 15.73900000
2.26096830 15.75340000
2.26971604 15.76920000
2.27846376 15.78620000
2.28721150 15.80830000
2.29595922 15.82870000
2.30470696 15.84610000
2.31345468 15.86450000
2.32220242 15.88760000
2.33095015 15.91180000
2.33969789 15.93690000
2.34844561 15.97680000
2.35719335 16.01640000
2.36594107 16.04570000
2.37468881 16.07660000
2.38343653 16.10030000
2.39218427 16.13330000
2.40093200 16.16740000
2.40967974 16.20240000
2.41842746 16.23860000
2.42717520 16.27580000
2.43592292 16.31360000
2.44467066 16.35160000
2.45341838 16.38980000
2.46216612 16.42890000
2.47091385 16.46840000
2.47966159 16.50850000
2.48840931 16.54860000
2.49715705 16.58980000
2.50590477 16.63150000
2.51465251 16.67370000
2.52340023 16.71630000
2.53214797 16.75930000
2.54089570 16.80240000
2.54964344 16.84540000
2.55839116 16.88770000
2.56713890 16.92820000
2.57588662 16.96690000
2.58463436 17.00650000
2.59338208 17.04570000
2.60212982 17.08470000
2.61087755 17.12320000
2.61962529 17.14770000
2.62837301 17.19080000
2.63712075 17.22690000
2.64586847 17.26390000
2.65461621 17.29840000
2.66336393 17.33200000
2.67211167 17.36450000
2.68085940 17.39600000
2.68960714 17.42160000
2.69835486 17.45100000
2.70710260 17.47930000
2.71585032 17.50640000
2.72459806 17.53230000
2.73334578 17.55700000
2.74209352 17.58060000
2.75084125 17.60320000
2.75958899 17.67110000
2.76833671 17.69200000
2.77708445 17.75140000
2.78583217 17.76750000
2.79457991 17.78170000
2.80332763 17.79670000
2.81207537 17.81300000
2.82082310 17.83090000
2.82957084 17.84780000
2.83831856 17.86320000
2.84706630 17.94720000
2.85581402 17.96150000
2.86456176 17.97430000
2.87330948 17.98660000
2.88205722 17.99840000
2.89080495 18.00970000
2.89955269 18.02080000
2.90830041 18.03160000
2.91704815 18.04420000
2.92579587 18.05430000
2.93454361 18.06610000
2.94329133 18.07620000
2.95203907 18.13990000
2.96078680 18.06380000
2.96953454 18.07260000
2.97828226 18.08070000
2.98703000 18.08710000
2.99577772 18.09110000
3.00452546 18.09160000
3.01327318 18.08900000
3.02202092 18.08750000
3.02202092 18.08750000
3.02511372 18.10890000
3.02820651 18.12060000
3.03129930 18.13520000
3.03439209 18.14830000
3.03748487 18.16060000
3.04057767 18.17270000
3.04367045 18.18490000
3.04676324 18.19730000
3.04985604 18.20990000
3.05294883 18.34720000
3.05604162 18.36350000
3.05913441 18.38000000
3.06222719 18.39670000
3.06531999 18.41300000
3.06841277 18.34390000
3.07150557 18.35940000
3.07459836 18.37520000
3.07769115 18.39000000
3.08078394 18.40400000
3.08387673 18.41740000
3.08696951 18.42960000
3.09006231 18.44040000
3.09315509 18.44900000
3.09624789 18.45660000
3.09934068 18.46230000
3.10243347 18.46590000
3.10552626 18.46760000
3.10861905 18.46640000
3.11171183 18.46250000
3.11480463 18.45570000
3.11789741 18.49800000
3.12099021 18.48150000
3.12408300 18.46510000
3.12717579 18.44520000
3.13026858 18.42170000
3.13336137 18.39450000
3.13645415 18.36240000
3.13954695 18.32760000
3.14263974 18.28900000
3.14573253 18.24670000
3.14882532 18.19920000
3.15191811 17.84290000
3.15501090 17.79610000
3.15810369 17.74320000
3.16119647 17.63410000
3.16428927 17.57920000
3.16738206 17.52130000
3.17047485 17.40310000
3.17356764 17.34170000
3.17666043 17.27820000
3.17975322 17.21100000
3.18284601 17.14120000
3.18593879 17.06740000
3.18903159 16.98970000
3.19212438 16.90910000
3.19521717 16.79400000
3.19830996 16.71480000
3.20140275 16.63350000
3.20449554 16.55010000
3.20758833 16.46470000
3.21068111 16.37360000
3.21377391 16.28540000
3.21686670 16.19520000
3.21995949 16.10400000
3.22305228 16.01160000
3.22614507 15.91940000
3.22923786 15.83170000
3.23233065 15.79400000
3.23542343 15.87070000
3.23851623 15.97330000
3.24160902 16.07990000
3.24470181 16.19290000
3.24779460 16.30200000
3.25088739 16.40880000
3.25398018 16.50520000
3.25707297 16.62210000
3.26016576 16.72820000
3.26325855 16.83260000
3.26635134 16.93400000
3.26944413 17.03230000
3.27253692 17.13180000
3.27562971 17.23870000
3.27872250 17.34030000
3.28181529 17.43860000
3.28490808 17.53400000
3.28800087 17.62590000
3.29109366 17.71370000
3.29418645 17.79880000
3.29727924 17.87510000
3.30037203 17.96610000
3.30346482 18.07380000
3.30655761 18.16060000
3.30965040 18.24410000
3.31274320 18.32430000
3.31583598 18.40150000
3.31892877 18.47660000
3.32202156 18.54750000
3.32511435 18.61550000
3.32820714 18.68020000
3.32820714 18.68020000
3.32999277 18.68290000
3.33177839 18.68460000
3.33356401 18.68510000
3.33534964 18.68440000
3.33713526 18.68270000
3.33892088 18.67980000
3.34070650 18.67580000
3.34249213 18.67060000
3.34427776 18.71430000
3.34606337 18.71050000
3.34784900 18.70580000
3.34963463 18.70000000
3.35142024 18.69320000
3.35320587 18.68540000
3.35499148 18.63570000
3.35677711 18.62620000
3.35856274 18.61420000
3.36034836 18.59900000
3.36213398 18.58550000
3.36391961 18.57080000
3.36570523 18.55500000
3.36749086 18.53800000
3.36927647 18.51980000
3.37106210 18.50050000
3.37284773 18.48110000
3.37463334 18.46060000
3.37641897 18.43900000
3.37820460 18.41990000
3.37999021 18.39570000
3.38177584 18.37090000
3.38356146 18.34500000
3.38534708 18.31750000
3.38713271 18.28930000
3.38891833 18.25990000
3.39070395 18.22930000
3.39248958 18.19760000
3.39427520 18.16470000
3.39606083 18.13070000
3.39784644 18.09560000
3.39963207 18.05930000
3.40141770 18.02190000
3.40320331 17.98340000
3.40498894 17.94380000
3.40677457 17.90310000
3.40856018 17.86150000
3.41034581 17.81880000
3.41213143 17.78400000
3.41391705 17.73930000
3.41570268 17.69370000
3.41748830 17.64710000
3.41927393 17.59970000
3.42105955 17.55150000
3.42284517 17.50250000
3.42463080 17.45270000
3.42641641 17.40230000
3.42820204 17.35150000
3.42998767 17.29970000
3.43177328 17.25550000
3.43355891 17.20240000
3.43534454 17.14890000
3.43713015 17.08700000
3.43891578 17.03250000
3.44070140 16.97760000
3.44248702 16.92250000
3.44427265 16.86730000
3.44605827 16.81150000
3.44784390 16.75560000
3.44962952 16.70000000
3.45141514 16.65180000
3.45320077 16.59840000
3.45498638 16.54510000
3.45677201 16.49180000
3.45855764 16.42920000
3.46034325 16.37600000
3.46212888 16.32300000
3.46391451 16.26720000
3.46570012 16.21690000
3.46748575 16.16380000
3.46927137 16.11240000
3.47105700 16.06120000
3.47284262 16.00680000
3.47462824 16.06710000
3.47641387 16.01950000
3.47819950 15.97050000
3.47998511 15.91830000
3.48177074 15.86250000
3.48355635 15.70900000
3.48534198 15.62780000
3.48712761 15.60380000
3.48891322 15.56930000
3.49069885 15.48600000
3.49248448 15.44280000
3.49427010 15.40730000
3.49605572 15.37130000
3.49784134 15.96160000
3.49962697 15.92590000
3.50141259 15.88900000
3.50319821 15.85390000
3.50498384 15.81870000
3.50498384 15.81870000
3.50855508 15.92430000
3.51212634 16.02880000
3.51569758 16.13410000
3.51926882 16.24300000
3.52284007 16.35690000
3.52641132 15.77320000
3.52998257 15.88650000
3.53355381 16.00370000
3.53712505 16.12360000
3.54069631 16.24180000
3.54426755 16.36350000
3.54783879 16.52070000
3.55141004 16.78520000
3.55498129 16.90710000
3.55855254 17.00060000
3.56212378 17.08410000
3.56569502 17.15900000
3.56926628 16.64960000
3.57283752 16.72890000
3.57640876 16.80280000
3.57998001 16.87230000
3.58355126 17.00900000
3.58712251 17.06860000
3.59069375 17.12140000
3.59426499 17.28650000
3.59783625 17.25040000
3.60140749 17.28690000
3.60497873 17.31660000
3.60854998 17.34210000
3.61212123 17.35730000
3.61569248 17.36570000
3.61926372 17.36960000
3.62283496 17.37220000
3.62640622 17.36420000
3.62997746 17.35280000
3.63354871 17.34060000
3.63711995 17.32920000
3.64069121 17.32140000
3.64426245 17.36960000
3.64783369 17.37230000
3.65140493 17.38220000
3.65497619 17.54200000
3.65854743 17.56110000
3.66211868 17.70030000
3.66568992 17.78370000
3.66926118 17.81350000
3.67283242 17.84690000
3.67640366 17.88140000
3.67997490 18.10830000
3.68354616 18.14860000
3.68711740 18.15120000
3.69068865 18.18770000
3.69425989 18.22560000
3.69783115 18.26210000
3.70140239 18.29670000
3.70497363 18.33060000
3.70854488 18.36090000
3.71211613 18.38880000
3.71568737 18.41410000
3.71925862 18.44440000
3.72282986 18.46470000
3.72640112 18.48030000
3.72997236 18.49570000
3.73354360 18.50770000
3.73711485 18.51700000
3.74068610 18.52360000
3.74425735 18.52740000
3.74782859 18.52870000
3.75139983 18.52740000
3.75497109 18.52350000
3.75854233 18.51730000
3.76211357 18.50920000
3.76568482 18.49880000
3.76925607 18.48780000
3.77282732 18.54400000
3.77639856 18.52920000
3.77996980 18.51330000
3.78354106 18.49600000
3.78711230 18.47690000
3.79068354 18.45690000
3.79425479 18.43630000
3.79782604 18.41530000
3.80139729 18.39390000
3.80496853 18.37420000
3.80853977 18.35230000
3.81211103 18.33040000
3.81568227 18.30880000
3.81925351 18.28750000
3.82282476 18.26660000
3.82639601 18.24630000
3.82996726 18.22650000
3.83353850 18.20760000
3.83710974 18.18940000
3.84068100 18.17170000
3.84425224 18.15460000
3.84782349 18.13760000
3.85139473 18.12040000
3.85496599 18.10260000
3.85853723 18.08750000
3.85853723 18.08750000
3.86163002 18.09250000
3.86472281 18.10150000
3.86781560 18.11170000
3.87090839 18.12310000
3.87400118 18.13550000
3.87709397 18.14890000
3.88018676 18.16340000
3.88327955 18.17890000
3.88637234 18.19530000
3.88946513 18.21260000
3.89255792 18.23090000
3.89565071 18.25010000
3.89874350 18.27010000
3.90183629 18.29090000
3.90492908 18.31250000
3.90802187 18.33400000
3.91111466 18.35690000
3.91420745 18.38040000
3.91730024 18.40400000
3.92039303 18.42860000
3.92348582 18.45360000
3.92657862 18.47900000
3.92967140 18.54490000
3.93276419 18.57130000
3.93585698 18.59800000
3.93894977 18.62480000
3.94204256 18.65180000
3.94513535 18.67860000
3.94822814 18.70520000
3.95132094 18.73160000
3.95441372 18.62210000
3.95750651 18.64190000
3.96059930 18.66190000
3.96369209 18.68120000
3.96678488 18.69990000
3.96987767 18.71800000
3.97297046 18.73530000
3.97606326 18.75220000
3.97915604 18.76850000
3.98224883 18.78430000
3.98534162 18.79980000
3.98843441 18.81460000
3.99152720 18.83030000
3.99461999 18.84450000
3.99771278 18.85820000
4.00080558 18.87150000
4.00389836 18.88370000
4.00699115 18.89560000
4.01008394 18.82930000
4.01317673 18.73420000
4.01626952 18.74240000
4.01936231 18.75030000
4.02245510 18.75680000
4.02554790 18.76260000
4.02864068 18.76760000
4.03173347 18.77150000
4.03482626 18.77400000
4.03791905 18.77520000
4.04101184 18.77460000
4.04410464 18.77230000
4.04719742 18.63200000
4.05029022 18.62480000
4.05338300 18.61470000
4.05647579 18.60260000
4.05956858 18.57150000
4.06266137 18.55210000
4.06575416 18.52940000
4.06884696 18.50540000
4.07193974 18.47700000
4.07503254 18.44620000
4.07812532 18.41440000
4.08121811 18.17120000
4.08431090 18.14650000
4.08740369 18.10710000
4.09049648 18.06590000
4.09358928 18.17280000
4.09668206 18.12600000
4.09977486 18.08290000
4.10286764 18.04770000
4.10596043 18.01560000
4.10905322 17.99680000
4.11214601 17.98450000
4.11523881 18.00330000
4.11833160 18.02960000
4.12142438 18.03890000
4.12451718 18.07720000
4.12760996 18.12030000
4.13070275 18.16750000
4.13379554 18.21150000
4.13688833 18.20480000
4.13998113 18.20280000
4.14307392 18.23050000
4.14616670 18.25440000
4.14925950 18.27260000
4.15235228 18.31820000
4.15544507 18.32810000
4.15853786 18.33050000
4.16163065 18.32170000
4.16472345 18.31270000

