#  E (eV)   dos(E)     Int dos(E) EFermi =   13.312 eV
 -50.000  0.1312E-84  0.2623E-86
 -49.980  0.1312E-84  0.5247E-86
 -49.960  0.1312E-84  0.7870E-86
 -49.940  0.1312E-84  0.1049E-85
 -49.920  0.1312E-84  0.1312E-85
 -49.900  0.1312E-84  0.1574E-85
 -49.880  0.1312E-84  0.1836E-85
 -49.860  0.1312E-84  0.2099E-85
 -49.840  0.1312E-84  0.2361E-85
 -49.820  0.1312E-84  0.2623E-85
 -49.800  0.1312E-84  0.2886E-85
 -49.780  0.1312E-84  0.3148E-85
 -49.760  0.1312E-84  0.3410E-85
 -49.740  0.1312E-84  0.3673E-85
 -49.720  0.1312E-84  0.3935E-85
 -49.700  0.1312E-84  0.4197E-85
 -49.680  0.1312E-84  0.4460E-85
 -49.660  0.1312E-84  0.4722E-85
 -49.640  0.1312E-84  0.4984E-85
 -49.620  0.1312E-84  0.5247E-85
 -49.600  0.1312E-84  0.5509E-85
 -49.580  0.1312E-84  0.5771E-85
 -49.560  0.1312E-84  0.6034E-85
 -49.540  0.1312E-84  0.6296E-85
 -49.520  0.1312E-84  0.6558E-85
 -49.500  0.1312E-84  0.6821E-85
 -49.480  0.1312E-84  0.7083E-85
 -49.460  0.1312E-84  0.7345E-85
 -49.440  0.1312E-84  0.7608E-85
 -49.420  0.1312E-84  0.7870E-85
 -49.400  0.1312E-84  0.8132E-85
 -49.380  0.1312E-84  0.8395E-85
 -49.360  0.1312E-84  0.8657E-85
 -49.340  0.1312E-84  0.8919E-85
 -49.320  0.1312E-84  0.9182E-85
 -49.300  0.1312E-84  0.9444E-85
 -49.280  0.1312E-84  0.9706E-85
 -49.260  0.1312E-84  0.9969E-85
 -49.240  0.1312E-84  0.1023E-84
 -49.220  0.1312E-84  0.1049E-84
 -49.200  0.1312E-84  0.1076E-84
 -49.180  0.1312E-84  0.1102E-84
 -49.160  0.1312E-84  0.1128E-84
 -49.140  0.1312E-84  0.1154E-84
 -49.120  0.1312E-84  0.1181E-84
 -49.100  0.1312E-84  0.1207E-84
 -49.080  0.1312E-84  0.1233E-84
 -49.060  0.1312E-84  0.1259E-84
 -49.040  0.1312E-84  0.1285E-84
 -49.020  0.1312E-84  0.1312E-84
 -49.000  0.1312E-84  0.1338E-84
 -48.980  0.1312E-84  0.1364E-84
 -48.960  0.1312E-84  0.1390E-84
 -48.940  0.1312E-84  0.1417E-84
 -48.920  0.1312E-84  0.1443E-84
 -48.900  0.1312E-84  0.1469E-84
 -48.880  0.1312E-84  0.1495E-84
 -48.860  0.1312E-84  0.1522E-84
 -48.840  0.1312E-84  0.1548E-84
 -48.820  0.1312E-84  0.1574E-84
 -48.800  0.1312E-84  0.1600E-84
 -48.780  0.1312E-84  0.1626E-84
 -48.760  0.1312E-84  0.1653E-84
 -48.740  0.1312E-84  0.1679E-84
 -48.720  0.1312E-84  0.1705E-84
 -48.700  0.1312E-84  0.1731E-84
 -48.680  0.1312E-84  0.1758E-84
 -48.660  0.1312E-84  0.1784E-84
 -48.640  0.1312E-84  0.1810E-84
 -48.620  0.1312E-84  0.1836E-84
 -48.600  0.1312E-84  0.1863E-84
 -48.580  0.1312E-84  0.1889E-84
 -48.560  0.1312E-84  0.1915E-84
 -48.540  0.1312E-84  0.1941E-84
 -48.520  0.1312E-84  0.1968E-84
 -48.500  0.1312E-84  0.1994E-84
 -48.480  0.1312E-84  0.2020E-84
 -48.460  0.1312E-84  0.2046E-84
 -48.440  0.1312E-84  0.2072E-84
 -48.420  0.1312E-84  0.2099E-84
 -48.400  0.1312E-84  0.2125E-84
 -48.380  0.1312E-84  0.2151E-84
 -48.360  0.1312E-84  0.2177E-84
 -48.340  0.1312E-84  0.2204E-84
 -48.320  0.1312E-84  0.2230E-84
 -48.300  0.1312E-84  0.2256E-84
 -48.280  0.1312E-84  0.2282E-84
 -48.260  0.1312E-84  0.2309E-84
 -48.240  0.1312E-84  0.2335E-84
 -48.220  0.1312E-84  0.2361E-84
 -48.200  0.1312E-84  0.2387E-84
 -48.180  0.1312E-84  0.2414E-84
 -48.160  0.1312E-84  0.2440E-84
 -48.140  0.1312E-84  0.2466E-84
 -48.120  0.1312E-84  0.2492E-84
 -48.100  0.1312E-84  0.2518E-84
 -48.080  0.1312E-84  0.2545E-84
 -48.060  0.1312E-84  0.2571E-84
 -48.040  0.1312E-84  0.2597E-84
 -48.020  0.1312E-84  0.2623E-84
 -48.000  0.1312E-84  0.2650E-84
 -47.980  0.1312E-84  0.2676E-84
 -47.960  0.1312E-84  0.2702E-84
 -47.940  0.1312E-84  0.2728E-84
 -47.920  0.1312E-84  0.2755E-84
 -47.900  0.1312E-84  0.2781E-84
 -47.880  0.1312E-84  0.2807E-84
 -47.860  0.1312E-84  0.2833E-84
 -47.840  0.1312E-84  0.2859E-84
 -47.820  0.1312E-84  0.2886E-84
 -47.800  0.1312E-84  0.2912E-84
 -47.780  0.1312E-84  0.2938E-84
 -47.760  0.1312E-84  0.2964E-84
 -47.740  0.1312E-84  0.2991E-84
 -47.720  0.1312E-84  0.3017E-84
 -47.700  0.1312E-84  0.3043E-84
 -47.680  0.1312E-84  0.3069E-84
 -47.660  0.1312E-84  0.3096E-84
 -47.640  0.1312E-84  0.3122E-84
 -47.620  0.1312E-84  0.3148E-84
 -47.600  0.1312E-84  0.3174E-84
 -47.580  0.1312E-84  0.3201E-84
 -47.560  0.1312E-84  0.3227E-84
 -47.540  0.1312E-84  0.3253E-84
 -47.520  0.1312E-84  0.3279E-84
 -47.500  0.1312E-84  0.3305E-84
 -47.480  0.1312E-84  0.3332E-84
 -47.460  0.1312E-84  0.3358E-84
 -47.440  0.1312E-84  0.3384E-84
 -47.420  0.1312E-84  0.3410E-84
 -47.400  0.1312E-84  0.3437E-84
 -47.380  0.1312E-84  0.3463E-84
 -47.360  0.1312E-84  0.3489E-84
 -47.340  0.1312E-84  0.3515E-84
 -47.320  0.1312E-84  0.3542E-84
 -47.300  0.1312E-84  0.3568E-84
 -47.280  0.1312E-84  0.3594E-84
 -47.260  0.1312E-84  0.3620E-84
 -47.240  0.1312E-84  0.3646E-84
 -47.220  0.1312E-84  0.3673E-84
 -47.200  0.1312E-84  0.3699E-84
 -47.180  0.1312E-84  0.3725E-84
 -47.160  0.1312E-84  0.3751E-84
 -47.140  0.1312E-84  0.3778E-84
 -47.120  0.1312E-84  0.3804E-84
 -47.100  0.1312E-84  0.3830E-84
 -47.080  0.1312E-84  0.3856E-84
 -47.060  0.1312E-84  0.3883E-84
 -47.040  0.1312E-84  0.3909E-84
 -47.020  0.1312E-84  0.3935E-84
 -47.000  0.1312E-84  0.3961E-84
 -46.980  0.1312E-84  0.3988E-84
 -46.960  0.1312E-84  0.4014E-84
 -46.940  0.1312E-84  0.4040E-84
 -46.920  0.1312E-84  0.4066E-84
 -46.900  0.1312E-84  0.4092E-84
 -46.880  0.1312E-84  0.4119E-84
 -46.860  0.1312E-84  0.4145E-84
 -46.840  0.1312E-84  0.4171E-84
 -46.820  0.1312E-84  0.4197E-84
 -46.800  0.1312E-84  0.4224E-84
 -46.780  0.1312E-84  0.4250E-84
 -46.760  0.1312E-84  0.4276E-84
 -46.740  0.1312E-84  0.4302E-84
 -46.720  0.1312E-84  0.4329E-84
 -46.700  0.1312E-84  0.4355E-84
 -46.680  0.1312E-84  0.4381E-84
 -46.660  0.1312E-84  0.4407E-84
 -46.640  0.1312E-84  0.4433E-84
 -46.620  0.1312E-84  0.4460E-84
 -46.600  0.1312E-84  0.4486E-84
 -46.580  0.1312E-84  0.4512E-84
 -46.560  0.1312E-84  0.4538E-84
 -46.540  0.1312E-84  0.4565E-84
 -46.520  0.1312E-84  0.4591E-84
 -46.500  0.1312E-84  0.4617E-84
 -46.480  0.1312E-84  0.4643E-84
 -46.460  0.1312E-84  0.4670E-84
 -46.440  0.1312E-84  0.4696E-84
 -46.420  0.1312E-84  0.4722E-84
 -46.400  0.1312E-84  0.4748E-84
 -46.380  0.1312E-84  0.4775E-84
 -46.360  0.1312E-84  0.4801E-84
 -46.340  0.1312E-84  0.4827E-84
 -46.320  0.1312E-84  0.4853E-84
 -46.300  0.1312E-84  0.4879E-84
 -46.280  0.1312E-84  0.4906E-84
 -46.260  0.1312E-84  0.4932E-84
 -46.240  0.1312E-84  0.4958E-84
 -46.220  0.1312E-84  0.4984E-84
 -46.200  0.1312E-84  0.5011E-84
 -46.180  0.1312E-84  0.5037E-84
 -46.160  0.1312E-84  0.5063E-84
 -46.140  0.1312E-84  0.5089E-84
 -46.120  0.1312E-84  0.5116E-84
 -46.100  0.1312E-84  0.5142E-84
 -46.080  0.1312E-84  0.5168E-84
 -46.060  0.1312E-84  0.5194E-84
 -46.040  0.1312E-84  0.5221E-84
 -46.020  0.1312E-84  0.5247E-84
 -46.000  0.1312E-84  0.5273E-84
 -45.980  0.1312E-84  0.5299E-84
 -45.960  0.1312E-84  0.5325E-84
 -45.940  0.1312E-84  0.5352E-84
 -45.920  0.1312E-84  0.5378E-84
 -45.900  0.1312E-84  0.5404E-84
 -45.880  0.1312E-84  0.5430E-84
 -45.860  0.1312E-84  0.5457E-84
 -45.840  0.1312E-84  0.5483E-84
 -45.820  0.1312E-84  0.5509E-84
 -45.800  0.1312E-84  0.5535E-84
 -45.780  0.1312E-84  0.5562E-84
 -45.760  0.1312E-84  0.5588E-84
 -45.740  0.1312E-84  0.5614E-84
 -45.720  0.1312E-84  0.5640E-84
 -45.700  0.1312E-84  0.5666E-84
 -45.680  0.1312E-84  0.5693E-84
 -45.660  0.1312E-84  0.5719E-84
 -45.640  0.1312E-84  0.5745E-84
 -45.620  0.1312E-84  0.5771E-84
 -45.600  0.1312E-84  0.5798E-84
 -45.580  0.1312E-84  0.5824E-84
 -45.560  0.1312E-84  0.5850E-84
 -45.540  0.1312E-84  0.5876E-84
 -45.520  0.1312E-84  0.5903E-84
 -45.500  0.1312E-84  0.5929E-84
 -45.480  0.1312E-84  0.5955E-84
 -45.460  0.1312E-84  0.5981E-84
 -45.440  0.1312E-84  0.6008E-84
 -45.420  0.1312E-84  0.6034E-84
 -45.400  0.1312E-84  0.6060E-84
 -45.380  0.1312E-84  0.6086E-84
 -45.360  0.1312E-84  0.6112E-84
 -45.340  0.1312E-84  0.6139E-84
 -45.320  0.1312E-84  0.6165E-84
 -45.300  0.1312E-84  0.6191E-84
 -45.280  0.1312E-84  0.6217E-84
 -45.260  0.1312E-84  0.6244E-84
 -45.240  0.1312E-84  0.6270E-84
 -45.220  0.1312E-84  0.6296E-84
 -45.200  0.1312E-84  0.6322E-84
 -45.180  0.1312E-84  0.6349E-84
 -45.160  0.1312E-84  0.6375E-84
 -45.140  0.1312E-84  0.6401E-84
 -45.120  0.1312E-84  0.6427E-84
 -45.100  0.1312E-84  0.6453E-84
 -45.080  0.1312E-84  0.6480E-84
 -45.060  0.1312E-84  0.6506E-84
 -45.040  0.1312E-84  0.6532E-84
 -45.020  0.1312E-84  0.6558E-84
 -45.000  0.1312E-84  0.6585E-84
 -44.980  0.1312E-84  0.6611E-84
 -44.960  0.1312E-84  0.6637E-84
 -44.940  0.1312E-84  0.6663E-84
 -44.920  0.1312E-84  0.6690E-84
 -44.900  0.1312E-84  0.6716E-84
 -44.880  0.1312E-84  0.6742E-84
 -44.860  0.1312E-84  0.6768E-84
 -44.840  0.1312E-84  0.6795E-84
 -44.820  0.1312E-84  0.6821E-84
 -44.800  0.1312E-84  0.6847E-84
 -44.780  0.1312E-84  0.6873E-84
 -44.760  0.1312E-84  0.6899E-84
 -44.740  0.1312E-84  0.6926E-84
 -44.720  0.1312E-84  0.6952E-84
 -44.700  0.1312E-84  0.6978E-84
 -44.680  0.1312E-84  0.7004E-84
 -44.660  0.1312E-84  0.7031E-84
 -44.640  0.1312E-84  0.7057E-84
 -44.620  0.1312E-84  0.7083E-84
 -44.600  0.1312E-84  0.7109E-84
 -44.580  0.1312E-84  0.7136E-84
 -44.560  0.1312E-84  0.7162E-84
 -44.540  0.1312E-84  0.7188E-84
 -44.520  0.1312E-84  0.7214E-84
 -44.500  0.1312E-84  0.7241E-84
 -44.480  0.1312E-84  0.7267E-84
 -44.460  0.1312E-84  0.7293E-84
 -44.440  0.1312E-84  0.7319E-84
 -44.420  0.1312E-84  0.7345E-84
 -44.400  0.1312E-84  0.7372E-84
 -44.380  0.1312E-84  0.7398E-84
 -44.360  0.1312E-84  0.7424E-84
 -44.340  0.1312E-84  0.7450E-84
 -44.320  0.1312E-84  0.7477E-84
 -44.300  0.1312E-84  0.7503E-84
 -44.280  0.1312E-84  0.7529E-84
 -44.260  0.1312E-84  0.7555E-84
 -44.240  0.1312E-84  0.7582E-84
 -44.220  0.1312E-84  0.7608E-84
 -44.200  0.1312E-84  0.7634E-84
 -44.180  0.1312E-84  0.7660E-84
 -44.160  0.1312E-84  0.7686E-84
 -44.140  0.1312E-84  0.7713E-84
 -44.120  0.1312E-84  0.7739E-84
 -44.100  0.1312E-84  0.7765E-84
 -44.080  0.1312E-84  0.7791E-84
 -44.060  0.1312E-84  0.7818E-84
 -44.040  0.1312E-84  0.7844E-84
 -44.020  0.1312E-84  0.7870E-84
 -44.000  0.1312E-84  0.7896E-84
 -43.980  0.1312E-84  0.7923E-84
 -43.960  0.1312E-84  0.7949E-84
 -43.940  0.1312E-84  0.7975E-84
 -43.920  0.1312E-84  0.8001E-84
 -43.900  0.1312E-84  0.8028E-84
 -43.880  0.1312E-84  0.8054E-84
 -43.860  0.1312E-84  0.8080E-84
 -43.840  0.1312E-84  0.8106E-84
 -43.820  0.1312E-84  0.8132E-84
 -43.800  0.1312E-84  0.8159E-84
 -43.780  0.1312E-84  0.8185E-84
 -43.760  0.1312E-84  0.8211E-84
 -43.740  0.1312E-84  0.8237E-84
 -43.720  0.1312E-84  0.8264E-84
 -43.700  0.1312E-84  0.8290E-84
 -43.680  0.1312E-84  0.8316E-84
 -43.660  0.1312E-84  0.8342E-84
 -43.640  0.1312E-84  0.8369E-84
 -43.620  0.1312E-84  0.8395E-84
 -43.600  0.1312E-84  0.8421E-84
 -43.580  0.1312E-84  0.8447E-84
 -43.560  0.1312E-84  0.8473E-84
 -43.540  0.1312E-84  0.8500E-84
 -43.520  0.1312E-84  0.8526E-84
 -43.500  0.1312E-84  0.8552E-84
 -43.480  0.1312E-84  0.8578E-84
 -43.460  0.1312E-84  0.8605E-84
 -43.440  0.1312E-84  0.8631E-84
 -43.420  0.1312E-84  0.8657E-84
 -43.400  0.1312E-84  0.8683E-84
 -43.380  0.1312E-84  0.8710E-84
 -43.360  0.1312E-84  0.8736E-84
 -43.340  0.1312E-84  0.8762E-84
 -43.320  0.1312E-84  0.8788E-84
 -43.300  0.1312E-84  0.8815E-84
 -43.280  0.1312E-84  0.8841E-84
 -43.260  0.1312E-84  0.8867E-84
 -43.240  0.1312E-84  0.8893E-84
 -43.220  0.1312E-84  0.8919E-84
 -43.200  0.1312E-84  0.8946E-84
 -43.180  0.1312E-84  0.8972E-84
 -43.160  0.1312E-84  0.8998E-84
 -43.140  0.1312E-84  0.9024E-84
 -43.120  0.1312E-84  0.9051E-84
 -43.100  0.1312E-84  0.9077E-84
 -43.080  0.1312E-84  0.9103E-84
 -43.060  0.1312E-84  0.9129E-84
 -43.040  0.1312E-84  0.9156E-84
 -43.020  0.1312E-84  0.9182E-84
 -43.000  0.1312E-84  0.9208E-84
 -42.980  0.1312E-84  0.9234E-84
 -42.960  0.1312E-84  0.9261E-84
 -42.940  0.1312E-84  0.9287E-84
 -42.920  0.1312E-84  0.9313E-84
 -42.900  0.1312E-84  0.9339E-84
 -42.880  0.1312E-84  0.9365E-84
 -42.860  0.1312E-84  0.9392E-84
 -42.840  0.1312E-84  0.9418E-84
 -42.820  0.1312E-84  0.9444E-84
 -42.800  0.1312E-84  0.9470E-84
 -42.780  0.1312E-84  0.9497E-84
 -42.760  0.1312E-84  0.9523E-84
 -42.740  0.1312E-84  0.9549E-84
 -42.720  0.1312E-84  0.9575E-84
 -42.700  0.1312E-84  0.9602E-84
 -42.680  0.1312E-84  0.9628E-84
 -42.660  0.1312E-84  0.9654E-84
 -42.640  0.1312E-84  0.9680E-84
 -42.620  0.1312E-84  0.9706E-84
 -42.600  0.1312E-84  0.9733E-84
 -42.580  0.1312E-84  0.9759E-84
 -42.560  0.1312E-84  0.9785E-84
 -42.540  0.1312E-84  0.9811E-84
 -42.520  0.1312E-84  0.9838E-84
 -42.500  0.1312E-84  0.9864E-84
 -42.480  0.1312E-84  0.9890E-84
 -42.460  0.1312E-84  0.9916E-84
 -42.440  0.1312E-84  0.9943E-84
 -42.420  0.1312E-84  0.9969E-84
 -42.400  0.1312E-84  0.9995E-84
 -42.380  0.1312E-84  0.1002E-83
 -42.360  0.1312E-84  0.1005E-83
 -42.340  0.1312E-84  0.1007E-83
 -42.320  0.1312E-84  0.1010E-83
 -42.300  0.1312E-84  0.1013E-83
 -42.280  0.1312E-84  0.1015E-83
 -42.260  0.1312E-84  0.1018E-83
 -42.240  0.1312E-84  0.1020E-83
 -42.220  0.1312E-84  0.1023E-83
 -42.200  0.1312E-84  0.1026E-83
 -42.180  0.1312E-84  0.1028E-83
 -42.160  0.1312E-84  0.1031E-83
 -42.140  0.1312E-84  0.1034E-83
 -42.120  0.1312E-84  0.1036E-83
 -42.100  0.1312E-84  0.1039E-83
 -42.080  0.1312E-84  0.1041E-83
 -42.060  0.1312E-84  0.1044E-83
 -42.040  0.1312E-84  0.1047E-83
 -42.020  0.1312E-84  0.1049E-83
 -42.000  0.1312E-84  0.1052E-83
 -41.980  0.1312E-84  0.1055E-83
 -41.960  0.1312E-84  0.1057E-83
 -41.940  0.1312E-84  0.1060E-83
 -41.920  0.1312E-84  0.1062E-83
 -41.900  0.1312E-84  0.1065E-83
 -41.880  0.1312E-84  0.1068E-83
 -41.860  0.1312E-84  0.1070E-83
 -41.840  0.1312E-84  0.1073E-83
 -41.820  0.1312E-84  0.1076E-83
 -41.800  0.1312E-84  0.1078E-83
 -41.780  0.1312E-84  0.1081E-83
 -41.760  0.1312E-84  0.1083E-83
 -41.740  0.1312E-84  0.1086E-83
 -41.720  0.1312E-84  0.1089E-83
 -41.700  0.1312E-84  0.1091E-83
 -41.680  0.1312E-84  0.1094E-83
 -41.660  0.1312E-84  0.1097E-83
 -41.640  0.1312E-84  0.1099E-83
 -41.620  0.1312E-84  0.1102E-83
 -41.600  0.1312E-84  0.1104E-83
 -41.580  0.1312E-84  0.1107E-83
 -41.560  0.1312E-84  0.1110E-83
 -41.540  0.1312E-84  0.1112E-83
 -41.520  0.1312E-84  0.1115E-83
 -41.500  0.1312E-84  0.1118E-83
 -41.480  0.1312E-84  0.1120E-83
 -41.460  0.1312E-84  0.1123E-83
 -41.440  0.1312E-84  0.1125E-83
 -41.420  0.1312E-84  0.1128E-83
 -41.400  0.1312E-84  0.1131E-83
 -41.380  0.1312E-84  0.1133E-83
 -41.360  0.1312E-84  0.1136E-83
 -41.340  0.1312E-84  0.1139E-83
 -41.320  0.1312E-84  0.1141E-83
 -41.300  0.1312E-84  0.1144E-83
 -41.280  0.1312E-84  0.1146E-83
 -41.260  0.1312E-84  0.1149E-83
 -41.240  0.1312E-84  0.1152E-83
 -41.220  0.1312E-84  0.1154E-83
 -41.200  0.1312E-84  0.1157E-83
 -41.180  0.1312E-84  0.1160E-83
 -41.160  0.1312E-84  0.1162E-83
 -41.140  0.1312E-84  0.1165E-83
 -41.120  0.1312E-84  0.1167E-83
 -41.100  0.1312E-84  0.1170E-83
 -41.080  0.1312E-84  0.1173E-83
 -41.060  0.1312E-84  0.1175E-83
 -41.040  0.1312E-84  0.1178E-83
 -41.020  0.1312E-84  0.1181E-83
 -41.000  0.1312E-84  0.1183E-83
 -40.980  0.1312E-84  0.1186E-83
 -40.960  0.1312E-84  0.1188E-83
 -40.940  0.1312E-84  0.1191E-83
 -40.920  0.1312E-84  0.1194E-83
 -40.900  0.1312E-84  0.1196E-83
 -40.880  0.1312E-84  0.1199E-83
 -40.860  0.1312E-84  0.1202E-83
 -40.840  0.1312E-84  0.1204E-83
 -40.820  0.1312E-84  0.1207E-83
 -40.800  0.1312E-84  0.1209E-83
 -40.780  0.1312E-84  0.1212E-83
 -40.760  0.1312E-84  0.1215E-83
 -40.740  0.1312E-84  0.1217E-83
 -40.720  0.1312E-84  0.1220E-83
 -40.700  0.1312E-84  0.1222E-83
 -40.680  0.1312E-84  0.1225E-83
 -40.660  0.1312E-84  0.1228E-83
 -40.640  0.1312E-84  0.1230E-83
 -40.620  0.1312E-84  0.1233E-83
 -40.600  0.1312E-84  0.1236E-83
 -40.580  0.1312E-84  0.1238E-83
 -40.560  0.1312E-84  0.1241E-83
 -40.540  0.1312E-84  0.1243E-83
 -40.520  0.1312E-84  0.1246E-83
 -40.500  0.1312E-84  0.1249E-83
 -40.480  0.1312E-84  0.1251E-83
 -40.460  0.1312E-84  0.1254E-83
 -40.440  0.1312E-84  0.1257E-83
 -40.420  0.1312E-84  0.1259E-83
 -40.400  0.1312E-84  0.1262E-83
 -40.380  0.1312E-84  0.1264E-83
 -40.360  0.1312E-84  0.1267E-83
 -40.340  0.1312E-84  0.1270E-83
 -40.320  0.1312E-84  0.1272E-83
 -40.300  0.1312E-84  0.1275E-83
 -40.280  0.1312E-84  0.1278E-83
 -40.260  0.1312E-84  0.1280E-83
 -40.240  0.1312E-84  0.1283E-83
 -40.220  0.1312E-84  0.1285E-83
 -40.200  0.1312E-84  0.1288E-83
 -40.180  0.1312E-84  0.1291E-83
 -40.160  0.1312E-84  0.1293E-83
 -40.140  0.1312E-84  0.1296E-83
 -40.120  0.1312E-84  0.1299E-83
 -40.100  0.1312E-84  0.1301E-83
 -40.080  0.1312E-84  0.1304E-83
 -40.060  0.1312E-84  0.1306E-83
 -40.040  0.1312E-84  0.1309E-83
 -40.020  0.1312E-84  0.1312E-83
 -40.000  0.1312E-84  0.1314E-83
 -39.980  0.1312E-84  0.1317E-83
 -39.960  0.1312E-84  0.1320E-83
 -39.940  0.1312E-84  0.1322E-83
 -39.920  0.1312E-84  0.1325E-83
 -39.900  0.1312E-84  0.1327E-83
 -39.880  0.1312E-84  0.1330E-83
 -39.860  0.1312E-84  0.1333E-83
 -39.840  0.1312E-84  0.1335E-83
 -39.820  0.1312E-84  0.1338E-83
 -39.800  0.1312E-84  0.1341E-83
 -39.780  0.1312E-84  0.1343E-83
 -39.760  0.1312E-84  0.1346E-83
 -39.740  0.1312E-84  0.1348E-83
 -39.720  0.1312E-84  0.1351E-83
 -39.700  0.1312E-84  0.1354E-83
 -39.680  0.1312E-84  0.1356E-83
 -39.660  0.1312E-84  0.1359E-83
 -39.640  0.1312E-84  0.1362E-83
 -39.620  0.1312E-84  0.1364E-83
 -39.600  0.1312E-84  0.1367E-83
 -39.580  0.1312E-84  0.1369E-83
 -39.560  0.1312E-84  0.1372E-83
 -39.540  0.1312E-84  0.1375E-83
 -39.520  0.1312E-84  0.1377E-83
 -39.500  0.1312E-84  0.1380E-83
 -39.480  0.1312E-84  0.1383E-83
 -39.460  0.1312E-84  0.1385E-83
 -39.440  0.1312E-84  0.1388E-83
 -39.420  0.1312E-84  0.1390E-83
 -39.400  0.1312E-84  0.1393E-83
 -39.380  0.1312E-84  0.1396E-83
 -39.360  0.1312E-84  0.1398E-83
 -39.340  0.1312E-84  0.1401E-83
 -39.320  0.1312E-84  0.1404E-83
 -39.300  0.1312E-84  0.1406E-83
 -39.280  0.1312E-84  0.1409E-83
 -39.260  0.1312E-84  0.1411E-83
 -39.240  0.1312E-84  0.1414E-83
 -39.220  0.1312E-84  0.1417E-83
 -39.200  0.1312E-84  0.1419E-83
 -39.180  0.1312E-84  0.1422E-83
 -39.160  0.1312E-84  0.1424E-83
 -39.140  0.1312E-84  0.1427E-83
 -39.120  0.1312E-84  0.1430E-83
 -39.100  0.1312E-84  0.1432E-83
 -39.080  0.1312E-84  0.1435E-83
 -39.060  0.1312E-84  0.1438E-83
 -39.040  0.1312E-84  0.1440E-83
 -39.020  0.1312E-84  0.1443E-83
 -39.000  0.1312E-84  0.1445E-83
 -38.980  0.1312E-84  0.1448E-83
 -38.960  0.1312E-84  0.1451E-83
 -38.940  0.1312E-84  0.1453E-83
 -38.920  0.1312E-84  0.1456E-83
 -38.900  0.1312E-84  0.1459E-83
 -38.880  0.1312E-84  0.1461E-83
 -38.860  0.1312E-84  0.1464E-83
 -38.840  0.1312E-84  0.1466E-83
 -38.820  0.1312E-84  0.1469E-83
 -38.800  0.1312E-84  0.1472E-83
 -38.780  0.1312E-84  0.1474E-83
 -38.760  0.1312E-84  0.1477E-83
 -38.740  0.1312E-84  0.1480E-83
 -38.720  0.1312E-84  0.1482E-83
 -38.700  0.1312E-84  0.1485E-83
 -38.680  0.1312E-84  0.1487E-83
 -38.660  0.1312E-84  0.1490E-83
 -38.640  0.1312E-84  0.1493E-83
 -38.620  0.1312E-84  0.1495E-83
 -38.600  0.1312E-84  0.1498E-83
 -38.580  0.1312E-84  0.1501E-83
 -38.560  0.1312E-84  0.1503E-83
 -38.540  0.1312E-84  0.1506E-83
 -38.520  0.1312E-84  0.1508E-83
 -38.500  0.1312E-84  0.1511E-83
 -38.480  0.1312E-84  0.1514E-83
 -38.460  0.1312E-84  0.1516E-83
 -38.440  0.1312E-84  0.1519E-83
 -38.420  0.1312E-84  0.1522E-83
 -38.400  0.1312E-84  0.1524E-83
 -38.380  0.1312E-84  0.1527E-83
 -38.360  0.1312E-84  0.1529E-83
 -38.340  0.1312E-84  0.1532E-83
 -38.320  0.1312E-84  0.1535E-83
 -38.300  0.1312E-84  0.1537E-83
 -38.280  0.1312E-84  0.1540E-83
 -38.260  0.1312E-84  0.1543E-83
 -38.240  0.1312E-84  0.1545E-83
 -38.220  0.1312E-84  0.1548E-83
 -38.200  0.1312E-84  0.1550E-83
 -38.180  0.1312E-84  0.1553E-83
 -38.160  0.1312E-84  0.1556E-83
 -38.140  0.1312E-84  0.1558E-83
 -38.120  0.1312E-84  0.1561E-83
 -38.100  0.1312E-84  0.1564E-83
 -38.080  0.1312E-84  0.1566E-83
 -38.060  0.1312E-84  0.1569E-83
 -38.040  0.1312E-84  0.1571E-83
 -38.020  0.1312E-84  0.1574E-83
 -38.000  0.1312E-84  0.1577E-83
 -37.980  0.1312E-84  0.1579E-83
 -37.960  0.1312E-84  0.1582E-83
 -37.940  0.1312E-84  0.1585E-83
 -37.920  0.1312E-84  0.1587E-83
 -37.900  0.1312E-84  0.1590E-83
 -37.880  0.1312E-84  0.1592E-83
 -37.860  0.1312E-84  0.1595E-83
 -37.840  0.1312E-84  0.1598E-83
 -37.820  0.1312E-84  0.1600E-83
 -37.800  0.1312E-84  0.1603E-83
 -37.780  0.1312E-84  0.1606E-83
 -37.760  0.1312E-84  0.1608E-83
 -37.740  0.1312E-84  0.1611E-83
 -37.720  0.1312E-84  0.1613E-83
 -37.700  0.1312E-84  0.1616E-83
 -37.680  0.1312E-84  0.1619E-83
 -37.660  0.1312E-84  0.1621E-83
 -37.640  0.1312E-84  0.1624E-83
 -37.620  0.1312E-84  0.1626E-83
 -37.600  0.1312E-84  0.1629E-83
 -37.580  0.1312E-84  0.1632E-83
 -37.560  0.1312E-84  0.1634E-83
 -37.540  0.1312E-84  0.1637E-83
 -37.520  0.1312E-84  0.1640E-83
 -37.500  0.1312E-84  0.1642E-83
 -37.480  0.1312E-84  0.1645E-83
 -37.460  0.1312E-84  0.1647E-83
 -37.440  0.1312E-84  0.1650E-83
 -37.420  0.1312E-84  0.1653E-83
 -37.400  0.1312E-84  0.1655E-83
 -37.380  0.1312E-84  0.1658E-83
 -37.360  0.1312E-84  0.1661E-83
 -37.340  0.1312E-84  0.1663E-83
 -37.320  0.1312E-84  0.1666E-83
 -37.300  0.1312E-84  0.1668E-83
 -37.280  0.1312E-84  0.1671E-83
 -37.260  0.1312E-84  0.1674E-83
 -37.240  0.1312E-84  0.1676E-83
 -37.220  0.1312E-84  0.1679E-83
 -37.200  0.1312E-84  0.1682E-83
 -37.180  0.1312E-84  0.1684E-83
 -37.160  0.1312E-84  0.1687E-83
 -37.140  0.1312E-84  0.1689E-83
 -37.120  0.1312E-84  0.1692E-83
 -37.100  0.1312E-84  0.1695E-83
 -37.080  0.1312E-84  0.1697E-83
 -37.060  0.1312E-84  0.1700E-83
 -37.040  0.1312E-84  0.1703E-83
 -37.020  0.1312E-84  0.1705E-83
 -37.000  0.1312E-84  0.1708E-83
 -36.980  0.1312E-84  0.1710E-83
 -36.960  0.1312E-84  0.1713E-83
 -36.940  0.1312E-84  0.1716E-83
 -36.920  0.1312E-84  0.1718E-83
 -36.900  0.1312E-84  0.1721E-83
 -36.880  0.1312E-84  0.1724E-83
 -36.860  0.1312E-84  0.1726E-83
 -36.840  0.1312E-84  0.1729E-83
 -36.820  0.1312E-84  0.1731E-83
 -36.800  0.1312E-84  0.1734E-83
 -36.780  0.1312E-84  0.1737E-83
 -36.760  0.1312E-84  0.1739E-83
 -36.740  0.1312E-84  0.1742E-83
 -36.720  0.1312E-84  0.1745E-83
 -36.700  0.1312E-84  0.1747E-83
 -36.680  0.1312E-84  0.1750E-83
 -36.660  0.1312E-84  0.1752E-83
 -36.640  0.1312E-84  0.1755E-83
 -36.620  0.1312E-84  0.1758E-83
 -36.600  0.1312E-84  0.1760E-83
 -36.580  0.1312E-84  0.1763E-83
 -36.560  0.1312E-84  0.1766E-83
 -36.540  0.1312E-84  0.1768E-83
 -36.520  0.1312E-84  0.1771E-83
 -36.500  0.1312E-84  0.1773E-83
 -36.480  0.1312E-84  0.1776E-83
 -36.460  0.1312E-84  0.1779E-83
 -36.440  0.1312E-84  0.1781E-83
 -36.420  0.1312E-84  0.1784E-83
 -36.400  0.1312E-84  0.1787E-83
 -36.380  0.1312E-84  0.1789E-83
 -36.360  0.1312E-84  0.1792E-83
 -36.340  0.1312E-84  0.1794E-83
 -36.320  0.1312E-84  0.1797E-83
 -36.300  0.1312E-84  0.1800E-83
 -36.280  0.1312E-84  0.1802E-83
 -36.260  0.1312E-84  0.1805E-83
 -36.240  0.1312E-84  0.1808E-83
 -36.220  0.1312E-84  0.1810E-83
 -36.200  0.1312E-84  0.1813E-83
 -36.180  0.1312E-84  0.1815E-83
 -36.160  0.1312E-84  0.1818E-83
 -36.140  0.1312E-84  0.1821E-83
 -36.120  0.1312E-84  0.1823E-83
 -36.100  0.1312E-84  0.1826E-83
 -36.080  0.1312E-84  0.1828E-83
 -36.060  0.1312E-84  0.1831E-83
 -36.040  0.1312E-84  0.1834E-83
 -36.020  0.1312E-84  0.1836E-83
 -36.000  0.1312E-84  0.1839E-83
 -35.980  0.1312E-84  0.1842E-83
 -35.960  0.1312E-84  0.1844E-83
 -35.940  0.1312E-84  0.1847E-83
 -35.920  0.1312E-84  0.1849E-83
 -35.900  0.1312E-84  0.1852E-83
 -35.880  0.1312E-84  0.1855E-83
 -35.860  0.1312E-84  0.1857E-83
 -35.840  0.1312E-84  0.1860E-83
 -35.820  0.1312E-84  0.1863E-83
 -35.800  0.1312E-84  0.1865E-83
 -35.780  0.1312E-84  0.1868E-83
 -35.760  0.1312E-84  0.1870E-83
 -35.740  0.1312E-84  0.1873E-83
 -35.720  0.1312E-84  0.1876E-83
 -35.700  0.1312E-84  0.1878E-83
 -35.680  0.1312E-84  0.1881E-83
 -35.660  0.1312E-84  0.1884E-83
 -35.640  0.1312E-84  0.1886E-83
 -35.620  0.1312E-84  0.1889E-83
 -35.600  0.1312E-84  0.1891E-83
 -35.580  0.1312E-84  0.1894E-83
 -35.560  0.1312E-84  0.1897E-83
 -35.540  0.1312E-84  0.1899E-83
 -35.520  0.1312E-84  0.1902E-83
 -35.500  0.1312E-84  0.1905E-83
 -35.480  0.1312E-84  0.1907E-83
 -35.460  0.1312E-84  0.1910E-83
 -35.440  0.1312E-84  0.1912E-83
 -35.420  0.1312E-84  0.1915E-83
 -35.400  0.1312E-84  0.1918E-83
 -35.380  0.1312E-84  0.1920E-83
 -35.360  0.1312E-84  0.1923E-83
 -35.340  0.1312E-84  0.1926E-83
 -35.320  0.1312E-84  0.1928E-83
 -35.300  0.1312E-84  0.1931E-83
 -35.280  0.1312E-84  0.1933E-83
 -35.260  0.1312E-84  0.1936E-83
 -35.240  0.1312E-84  0.1939E-83
 -35.220  0.1312E-84  0.1941E-83
 -35.200  0.1312E-84  0.1944E-83
 -35.180  0.1312E-84  0.1947E-83
 -35.160  0.1312E-84  0.1949E-83
 -35.140  0.1312E-84  0.1952E-83
 -35.120  0.1312E-84  0.1954E-83
 -35.100  0.1312E-84  0.1957E-83
 -35.080  0.1312E-84  0.1960E-83
 -35.060  0.1312E-84  0.1962E-83
 -35.040  0.1312E-84  0.1965E-83
 -35.020  0.1312E-84  0.1968E-83
 -35.000  0.1312E-84  0.1970E-83
 -34.980  0.1312E-84  0.1973E-83
 -34.960  0.1312E-84  0.1975E-83
 -34.940  0.1312E-84  0.1978E-83
 -34.920  0.1312E-84  0.1981E-83
 -34.900  0.1312E-84  0.1983E-83
 -34.880  0.1312E-84  0.1986E-83
 -34.860  0.1312E-84  0.1989E-83
 -34.840  0.1312E-84  0.1991E-83
 -34.820  0.1312E-84  0.1994E-83
 -34.800  0.1312E-84  0.1996E-83
 -34.780  0.1312E-84  0.1999E-83
 -34.760  0.1312E-84  0.2002E-83
 -34.740  0.1312E-84  0.2004E-83
 -34.720  0.1312E-84  0.2007E-83
 -34.700  0.1312E-84  0.2010E-83
 -34.680  0.1312E-84  0.2012E-83
 -34.660  0.1312E-84  0.2015E-83
 -34.640  0.1312E-84  0.2017E-83
 -34.620  0.1312E-84  0.2020E-83
 -34.600  0.1312E-84  0.2023E-83
 -34.580  0.1312E-84  0.2025E-83
 -34.560  0.1312E-84  0.2028E-83
 -34.540  0.1312E-84  0.2030E-83
 -34.520  0.1312E-84  0.2033E-83
 -34.500  0.1312E-84  0.2036E-83
 -34.480  0.1312E-84  0.2038E-83
 -34.460  0.1312E-84  0.2041E-83
 -34.440  0.1312E-84  0.2044E-83
 -34.420  0.1312E-84  0.2046E-83
 -34.400  0.1312E-84  0.2049E-83
 -34.380  0.1312E-84  0.2051E-83
 -34.360  0.1312E-84  0.2054E-83
 -34.340  0.1312E-84  0.2057E-83
 -34.320  0.1312E-84  0.2059E-83
 -34.300  0.1312E-84  0.2062E-83
 -34.280  0.1312E-84  0.2065E-83
 -34.260  0.1312E-84  0.2067E-83
 -34.240  0.1312E-84  0.2070E-83
 -34.220  0.1312E-84  0.2072E-83
 -34.200  0.1312E-84  0.2075E-83
 -34.180  0.1312E-84  0.2078E-83
 -34.160  0.1312E-84  0.2080E-83
 -34.140  0.1312E-84  0.2083E-83
 -34.120  0.1312E-84  0.2086E-83
 -34.100  0.1312E-84  0.2088E-83
 -34.080  0.1312E-84  0.2091E-83
 -34.060  0.1312E-84  0.2093E-83
 -34.040  0.1312E-84  0.2096E-83
 -34.020  0.1312E-84  0.2099E-83
 -34.000  0.1312E-84  0.2101E-83
 -33.980  0.1312E-84  0.2104E-83
 -33.960  0.1312E-84  0.2107E-83
 -33.940  0.1312E-84  0.2109E-83
 -33.920  0.1312E-84  0.2112E-83
 -33.900  0.1312E-84  0.2114E-83
 -33.880  0.1312E-84  0.2117E-83
 -33.860  0.1312E-84  0.2120E-83
 -33.840  0.1312E-84  0.2122E-83
 -33.820  0.1312E-84  0.2125E-83
 -33.800  0.1312E-84  0.2128E-83
 -33.780  0.1312E-84  0.2130E-83
 -33.760  0.1312E-84  0.2133E-83
 -33.740  0.1312E-84  0.2135E-83
 -33.720  0.1312E-84  0.2138E-83
 -33.700  0.1312E-84  0.2141E-83
 -33.680  0.1312E-84  0.2143E-83
 -33.660  0.1312E-84  0.2146E-83
 -33.640  0.1312E-84  0.2149E-83
 -33.620  0.1312E-84  0.2151E-83
 -33.600  0.1312E-84  0.2154E-83
 -33.580  0.1312E-84  0.2156E-83
 -33.560  0.1312E-84  0.2159E-83
 -33.540  0.1312E-84  0.2162E-83
 -33.520  0.1312E-84  0.2164E-83
 -33.500  0.1312E-84  0.2167E-83
 -33.480  0.1312E-84  0.2170E-83
 -33.460  0.1312E-84  0.2172E-83
 -33.440  0.1312E-84  0.2175E-83
 -33.420  0.1312E-84  0.2177E-83
 -33.400  0.1312E-84  0.2180E-83
 -33.380  0.1312E-84  0.2183E-83
 -33.360  0.1312E-84  0.2185E-83
 -33.340  0.1312E-84  0.2188E-83
 -33.320  0.1312E-84  0.2191E-83
 -33.300  0.1312E-84  0.2193E-83
 -33.280  0.1312E-84  0.2196E-83
 -33.260  0.1312E-84  0.2198E-83
 -33.240  0.1312E-84  0.2201E-83
 -33.220  0.1312E-84  0.2204E-83
 -33.200  0.1312E-84  0.2206E-83
 -33.180  0.1312E-84  0.2209E-83
 -33.160  0.1312E-84  0.2212E-83
 -33.140  0.1312E-84  0.2214E-83
 -33.120  0.1312E-84  0.2217E-83
 -33.100  0.1312E-84  0.2219E-83
 -33.080  0.1312E-84  0.2222E-83
 -33.060  0.1312E-84  0.2225E-83
 -33.040  0.1312E-84  0.2227E-83
 -33.020  0.1312E-84  0.2230E-83
 -33.000  0.1312E-84  0.2232E-83
 -32.980  0.1312E-84  0.2235E-83
 -32.960  0.1312E-84  0.2238E-83
 -32.940  0.1312E-84  0.2240E-83
 -32.920  0.1312E-84  0.2243E-83
 -32.900  0.1312E-84  0.2246E-83
 -32.880  0.1312E-84  0.2248E-83
 -32.860  0.1312E-84  0.2251E-83
 -32.840  0.1312E-84  0.2253E-83
 -32.820  0.1312E-84  0.2256E-83
 -32.800  0.1312E-84  0.2259E-83
 -32.780  0.1312E-84  0.2261E-83
 -32.760  0.1312E-84  0.2264E-83
 -32.740  0.1312E-84  0.2267E-83
 -32.720  0.1312E-84  0.2269E-83
 -32.700  0.1312E-84  0.2272E-83
 -32.680  0.1312E-84  0.2274E-83
 -32.660  0.1312E-84  0.2277E-83
 -32.640  0.1312E-84  0.2280E-83
 -32.620  0.1312E-84  0.2282E-83
 -32.600  0.1312E-84  0.2285E-83
 -32.580  0.1312E-84  0.2288E-83
 -32.560  0.1312E-84  0.2290E-83
 -32.540  0.1312E-84  0.2293E-83
 -32.520  0.1312E-84  0.2295E-83
 -32.500  0.1312E-84  0.2298E-83
 -32.480  0.1312E-84  0.2301E-83
 -32.460  0.1312E-84  0.2303E-83
 -32.440  0.1312E-84  0.2306E-83
 -32.420  0.1312E-84  0.2309E-83
 -32.400  0.1312E-84  0.2311E-83
 -32.380  0.1312E-84  0.2314E-83
 -32.360  0.1312E-84  0.2316E-83
 -32.340  0.1312E-84  0.2319E-83
 -32.320  0.1312E-84  0.2322E-83
 -32.300  0.1312E-84  0.2324E-83
 -32.280  0.1312E-84  0.2327E-83
 -32.260  0.1312E-84  0.2330E-83
 -32.240  0.1312E-84  0.2332E-83
 -32.220  0.1312E-84  0.2335E-83
 -32.200  0.1312E-84  0.2337E-83
 -32.180  0.1312E-84  0.2340E-83
 -32.160  0.1312E-84  0.2343E-83
 -32.140  0.1312E-84  0.2345E-83
 -32.120  0.1312E-84  0.2348E-83
 -32.100  0.1312E-84  0.2351E-83
 -32.080  0.1312E-84  0.2353E-83
 -32.060  0.1312E-84  0.2356E-83
 -32.040  0.1312E-84  0.2358E-83
 -32.020  0.1312E-84  0.2361E-83
 -32.000  0.1312E-84  0.2364E-83
 -31.980  0.1312E-84  0.2366E-83
 -31.960  0.1312E-84  0.2369E-83
 -31.940  0.1312E-84  0.2372E-83
 -31.920  0.1312E-84  0.2374E-83
 -31.900  0.1312E-84  0.2377E-83
 -31.880  0.1312E-84  0.2379E-83
 -31.860  0.1312E-84  0.2382E-83
 -31.840  0.1312E-84  0.2385E-83
 -31.820  0.1312E-84  0.2387E-83
 -31.800  0.1312E-84  0.2390E-83
 -31.780  0.1312E-84  0.2393E-83
 -31.760  0.1312E-84  0.2395E-83
 -31.740  0.1312E-84  0.2398E-83
 -31.720  0.1312E-84  0.2400E-83
 -31.700  0.1312E-84  0.2403E-83
 -31.680  0.1312E-84  0.2406E-83
 -31.660  0.1312E-84  0.2408E-83
 -31.640  0.1312E-84  0.2411E-83
 -31.620  0.1312E-84  0.2414E-83
 -31.600  0.1312E-84  0.2416E-83
 -31.580  0.1312E-84  0.2419E-83
 -31.560  0.1312E-84  0.2421E-83
 -31.540  0.1312E-84  0.2424E-83
 -31.520  0.1312E-84  0.2427E-83
 -31.500  0.1312E-84  0.2429E-83
 -31.480  0.1312E-84  0.2432E-83
 -31.460  0.1312E-84  0.2434E-83
 -31.440  0.1312E-84  0.2437E-83
 -31.420  0.1312E-84  0.2440E-83
 -31.400  0.1312E-84  0.2442E-83
 -31.380  0.1312E-84  0.2445E-83
 -31.360  0.1312E-84  0.2448E-83
 -31.340  0.1312E-84  0.2450E-83
 -31.320  0.1312E-84  0.2453E-83
 -31.300  0.1312E-84  0.2455E-83
 -31.280  0.1312E-84  0.2458E-83
 -31.260  0.1312E-84  0.2461E-83
 -31.240  0.1312E-84  0.2463E-83
 -31.220  0.1312E-84  0.2466E-83
 -31.200  0.1312E-84  0.2469E-83
 -31.180  0.1312E-84  0.2471E-83
 -31.160  0.1312E-84  0.2474E-83
 -31.140  0.1312E-84  0.2476E-83
 -31.120  0.1312E-84  0.2479E-83
 -31.100  0.1312E-84  0.2482E-83
 -31.080  0.1312E-84  0.2484E-83
 -31.060  0.1312E-84  0.2487E-83
 -31.040  0.1312E-84  0.2490E-83
 -31.020  0.1312E-84  0.2492E-83
 -31.000  0.1312E-84  0.2495E-83
 -30.980  0.1312E-84  0.2497E-83
 -30.960  0.1312E-84  0.2500E-83
 -30.940  0.1312E-84  0.2503E-83
 -30.920  0.1312E-84  0.2505E-83
 -30.900  0.1312E-84  0.2508E-83
 -30.880  0.1312E-84  0.2511E-83
 -30.860  0.1312E-84  0.2513E-83
 -30.840  0.1312E-84  0.2516E-83
 -30.820  0.1312E-84  0.2518E-83
 -30.800  0.1312E-84  0.2521E-83
 -30.780  0.1312E-84  0.2524E-83
 -30.760  0.1312E-84  0.2526E-83
 -30.740  0.1312E-84  0.2529E-83
 -30.720  0.1312E-84  0.2532E-83
 -30.700  0.1312E-84  0.2534E-83
 -30.680  0.1312E-84  0.2537E-83
 -30.660  0.1312E-84  0.2539E-83
 -30.640  0.1312E-84  0.2542E-83
 -30.620  0.1312E-84  0.2545E-83
 -30.600  0.1312E-84  0.2547E-83
 -30.580  0.1312E-84  0.2550E-83
 -30.560  0.1312E-84  0.2553E-83
 -30.540  0.1312E-84  0.2555E-83
 -30.520  0.1312E-84  0.2558E-83
 -30.500  0.1312E-84  0.2560E-83
 -30.480  0.1312E-84  0.2563E-83
 -30.460  0.1312E-84  0.2566E-83
 -30.440  0.1312E-84  0.2568E-83
 -30.420  0.1312E-84  0.2571E-83
 -30.400  0.1312E-84  0.2574E-83
 -30.380  0.1312E-84  0.2576E-83
 -30.360  0.1312E-84  0.2579E-83
 -30.340  0.1312E-84  0.2581E-83
 -30.320  0.1312E-84  0.2584E-83
 -30.300  0.1312E-84  0.2587E-83
 -30.280  0.1312E-84  0.2589E-83
 -30.260  0.1312E-84  0.2592E-83
 -30.240  0.1312E-84  0.2595E-83
 -30.220  0.1312E-84  0.2597E-83
 -30.200  0.1312E-84  0.2600E-83
 -30.180  0.1312E-84  0.2602E-83
 -30.160  0.1312E-84  0.2605E-83
 -30.140  0.1312E-84  0.2608E-83
 -30.120  0.1312E-84  0.2610E-83
 -30.100  0.1312E-84  0.2613E-83
 -30.080  0.1312E-84  0.2616E-83
 -30.060  0.1312E-84  0.2618E-83
 -30.040  0.1312E-84  0.2621E-83
 -30.020  0.1312E-84  0.2623E-83
 -30.000  0.1312E-84  0.2626E-83
 -29.980  0.1312E-84  0.2629E-83
 -29.960  0.1312E-84  0.2631E-83
 -29.940  0.1312E-84  0.2634E-83
 -29.920  0.1312E-84  0.2636E-83
 -29.900  0.1312E-84  0.2639E-83
 -29.880  0.1312E-84  0.2642E-83
 -29.860  0.1312E-84  0.2644E-83
 -29.840  0.1312E-84  0.2647E-83
 -29.820  0.1312E-84  0.2650E-83
 -29.800  0.1312E-84  0.2652E-83
 -29.780  0.1312E-84  0.2655E-83
 -29.760  0.1312E-84  0.2657E-83
 -29.740  0.1312E-84  0.2660E-83
 -29.720  0.1312E-84  0.2663E-83
 -29.700  0.1312E-84  0.2665E-83
 -29.680  0.1312E-84  0.2668E-83
 -29.660  0.1312E-84  0.2671E-83
 -29.640  0.1312E-84  0.2673E-83
 -29.620  0.1312E-84  0.2676E-83
 -29.600  0.1312E-84  0.2678E-83
 -29.580  0.1312E-84  0.2681E-83
 -29.560  0.1312E-84  0.2684E-83
 -29.540  0.1312E-84  0.2686E-83
 -29.520  0.1312E-84  0.2689E-83
 -29.500  0.1312E-84  0.2692E-83
 -29.480  0.1312E-84  0.2694E-83
 -29.460  0.1312E-84  0.2697E-83
 -29.440  0.1312E-84  0.2699E-83
 -29.420  0.1312E-84  0.2702E-83
 -29.400  0.1312E-84  0.2705E-83
 -29.380  0.1312E-84  0.2707E-83
 -29.360  0.1312E-84  0.2710E-83
 -29.340  0.1312E-84  0.2713E-83
 -29.320  0.1312E-84  0.2715E-83
 -29.300  0.1312E-84  0.2718E-83
 -29.280  0.1312E-84  0.2720E-83
 -29.260  0.1312E-84  0.2723E-83
 -29.240  0.1312E-84  0.2726E-83
 -29.220  0.1312E-84  0.2728E-83
 -29.200  0.1312E-84  0.2731E-83
 -29.180  0.1312E-84  0.2734E-83
 -29.160  0.1312E-84  0.2736E-83
 -29.140  0.1312E-84  0.2739E-83
 -29.120  0.1312E-84  0.2741E-83
 -29.100  0.1312E-84  0.2744E-83
 -29.080  0.1312E-84  0.2747E-83
 -29.060  0.1312E-84  0.2749E-83
 -29.040  0.1312E-84  0.2752E-83
 -29.020  0.1312E-84  0.2755E-83
 -29.000  0.1312E-84  0.2757E-83
 -28.980  0.1312E-84  0.2760E-83
 -28.960  0.1312E-84  0.2762E-83
 -28.940  0.1312E-84  0.2765E-83
 -28.920  0.1312E-84  0.2768E-83
 -28.900  0.1312E-84  0.2770E-83
 -28.880  0.1312E-84  0.2773E-83
 -28.860  0.1312E-84  0.2776E-83
 -28.840  0.1312E-84  0.2778E-83
 -28.820  0.1312E-84  0.2781E-83
 -28.800  0.1312E-84  0.2783E-83
 -28.780  0.1312E-84  0.2786E-83
 -28.760  0.1312E-84  0.2789E-83
 -28.740  0.1312E-84  0.2791E-83
 -28.720  0.1312E-84  0.2794E-83
 -28.700  0.1312E-84  0.2797E-83
 -28.680  0.1312E-84  0.2799E-83
 -28.660  0.1312E-84  0.2802E-83
 -28.640  0.1312E-84  0.2804E-83
 -28.620  0.1312E-84  0.2807E-83
 -28.600  0.1312E-84  0.2810E-83
 -28.580  0.1312E-84  0.2812E-83
 -28.560  0.1312E-84  0.2815E-83
 -28.540  0.1312E-84  0.2818E-83
 -28.520  0.1312E-84  0.2820E-83
 -28.500  0.1312E-84  0.2823E-83
 -28.480  0.1312E-84  0.2825E-83
 -28.460  0.1312E-84  0.2828E-83
 -28.440  0.1312E-84  0.2831E-83
 -28.420  0.1312E-84  0.2833E-83
 -28.400  0.1312E-84  0.2836E-83
 -28.380  0.1312E-84  0.2838E-83
 -28.360  0.1312E-84  0.2841E-83
 -28.340  0.1312E-84  0.2844E-83
 -28.320  0.1312E-84  0.2846E-83
 -28.300  0.1312E-84  0.2849E-83
 -28.280  0.1312E-84  0.2852E-83
 -28.260  0.1312E-84  0.2854E-83
 -28.240  0.1312E-84  0.2857E-83
 -28.220  0.1312E-84  0.2859E-83
 -28.200  0.1312E-84  0.2862E-83
 -28.180  0.1312E-84  0.2865E-83
 -28.160  0.1312E-84  0.2867E-83
 -28.140  0.1312E-84  0.2870E-83
 -28.120  0.1312E-84  0.2873E-83
 -28.100  0.1312E-84  0.2875E-83
 -28.080  0.1312E-84  0.2878E-83
 -28.060  0.1312E-84  0.2880E-83
 -28.040  0.1312E-84  0.2883E-83
 -28.020  0.1312E-84  0.2886E-83
 -28.000  0.1312E-84  0.2888E-83
 -27.980  0.1312E-84  0.2891E-83
 -27.960  0.1312E-84  0.2894E-83
 -27.940  0.1312E-84  0.2896E-83
 -27.920  0.1312E-84  0.2899E-83
 -27.900  0.1312E-84  0.2901E-83
 -27.880  0.1312E-84  0.2904E-83
 -27.860  0.1312E-84  0.2907E-83
 -27.840  0.1312E-84  0.2909E-83
 -27.820  0.1312E-84  0.2912E-83
 -27.800  0.1312E-84  0.2915E-83
 -27.780  0.1312E-84  0.2917E-83
 -27.760  0.1312E-84  0.2920E-83
 -27.740  0.1312E-84  0.2922E-83
 -27.720  0.1312E-84  0.2925E-83
 -27.700  0.1312E-84  0.2928E-83
 -27.680  0.1312E-84  0.2930E-83
 -27.660  0.1312E-84  0.2933E-83
 -27.640  0.1312E-84  0.2936E-83
 -27.620  0.1312E-84  0.2938E-83
 -27.600  0.1312E-84  0.2941E-83
 -27.580  0.1312E-84  0.2943E-83
 -27.560  0.1312E-84  0.2946E-83
 -27.540  0.1312E-84  0.2949E-83
 -27.520  0.1312E-84  0.2951E-83
 -27.500  0.1312E-84  0.2954E-83
 -27.480  0.1312E-84  0.2957E-83
 -27.460  0.1312E-84  0.2959E-83
 -27.440  0.1312E-84  0.2962E-83
 -27.420  0.1312E-84  0.2964E-83
 -27.400  0.1312E-84  0.2967E-83
 -27.380  0.1312E-84  0.2970E-83
 -27.360  0.1312E-84  0.2972E-83
 -27.340  0.1312E-84  0.2975E-83
 -27.320  0.1312E-84  0.2978E-83
 -27.300  0.1312E-84  0.2980E-83
 -27.280  0.1312E-84  0.2983E-83
 -27.260  0.1312E-84  0.2985E-83
 -27.240  0.1312E-84  0.2988E-83
 -27.220  0.1312E-84  0.2991E-83
 -27.200  0.1312E-84  0.2993E-83
 -27.180  0.1312E-84  0.2996E-83
 -27.160  0.1312E-84  0.2999E-83
 -27.140  0.1312E-84  0.3001E-83
 -27.120  0.1312E-84  0.3004E-83
 -27.100  0.1312E-84  0.3006E-83
 -27.080  0.1312E-84  0.3009E-83
 -27.060  0.1312E-84  0.3012E-83
 -27.040  0.1312E-84  0.3014E-83
 -27.020  0.1312E-84  0.3017E-83
 -27.000  0.1312E-84  0.3020E-83
 -26.980  0.1312E-84  0.3022E-83
 -26.960  0.1312E-84  0.3025E-83
 -26.940  0.1312E-84  0.3027E-83
 -26.920  0.1312E-84  0.3030E-83
 -26.900  0.1312E-84  0.3033E-83
 -26.880  0.1312E-84  0.3035E-83
 -26.860  0.1312E-84  0.3038E-83
 -26.840  0.1312E-84  0.3040E-83
 -26.820  0.1312E-84  0.3043E-83
 -26.800  0.1312E-84  0.3046E-83
 -26.780  0.1312E-84  0.3048E-83
 -26.760  0.1312E-84  0.3051E-83
 -26.740  0.1312E-84  0.3054E-83
 -26.720  0.1312E-84  0.3056E-83
 -26.700  0.1312E-84  0.3059E-83
 -26.680  0.1312E-84  0.3061E-83
 -26.660  0.1312E-84  0.3064E-83
 -26.640  0.1312E-84  0.3067E-83
 -26.620  0.1312E-84  0.3069E-83
 -26.600  0.1312E-84  0.3072E-83
 -26.580  0.1312E-84  0.3075E-83
 -26.560  0.1312E-84  0.3077E-83
 -26.540  0.1312E-84  0.3080E-83
 -26.520  0.1312E-84  0.3082E-83
 -26.500  0.1312E-84  0.3085E-83
 -26.480  0.1312E-84  0.3088E-83
 -26.460  0.1312E-84  0.3090E-83
 -26.440  0.1312E-84  0.3093E-83
 -26.420  0.1312E-84  0.3096E-83
 -26.400  0.1312E-84  0.3098E-83
 -26.380  0.1312E-84  0.3101E-83
 -26.360  0.1312E-84  0.3103E-83
 -26.340  0.1312E-84  0.3106E-83
 -26.320  0.1312E-84  0.3109E-83
 -26.300  0.1312E-84  0.3111E-83
 -26.280  0.1312E-84  0.3114E-83
 -26.260  0.1312E-84  0.3117E-83
 -26.240  0.1312E-84  0.3119E-83
 -26.220  0.1312E-84  0.3122E-83
 -26.200  0.1312E-84  0.3124E-83
 -26.180  0.1312E-84  0.3127E-83
 -26.160  0.1312E-84  0.3130E-83
 -26.140  0.1312E-84  0.3132E-83
 -26.120  0.1312E-84  0.3135E-83
 -26.100  0.1312E-84  0.3138E-83
 -26.080  0.1312E-84  0.3140E-83
 -26.060  0.1312E-84  0.3143E-83
 -26.040  0.1312E-84  0.3145E-83
 -26.020  0.1312E-84  0.3148E-83
 -26.000  0.1312E-84  0.3151E-83
 -25.980  0.1312E-84  0.3153E-83
 -25.960  0.1312E-84  0.3156E-83
 -25.940  0.1312E-84  0.3159E-83
 -25.920  0.1312E-84  0.3161E-83
 -25.900  0.1312E-84  0.3164E-83
 -25.880  0.1312E-84  0.3166E-83
 -25.860  0.1312E-84  0.3169E-83
 -25.840  0.1312E-84  0.3172E-83
 -25.820  0.1312E-84  0.3174E-83
 -25.800  0.1312E-84  0.3177E-83
 -25.780  0.1312E-84  0.3180E-83
 -25.760  0.1312E-84  0.3182E-83
 -25.740  0.1312E-84  0.3185E-83
 -25.720  0.1312E-84  0.3187E-83
 -25.700  0.1312E-84  0.3190E-83
 -25.680  0.1312E-84  0.3193E-83
 -25.660  0.1312E-84  0.3195E-83
 -25.640  0.1312E-84  0.3198E-83
 -25.620  0.1312E-84  0.3201E-83
 -25.600  0.1312E-84  0.3203E-83
 -25.580  0.1312E-84  0.3206E-83
 -25.560  0.1312E-84  0.3208E-83
 -25.540  0.1312E-84  0.3211E-83
 -25.520  0.1312E-84  0.3214E-83
 -25.500  0.1312E-84  0.3216E-83
 -25.480  0.1312E-84  0.3219E-83
 -25.460  0.1312E-84  0.3222E-83
 -25.440  0.1312E-84  0.3224E-83
 -25.420  0.1312E-84  0.3227E-83
 -25.400  0.1312E-84  0.3229E-83
 -25.380  0.1312E-84  0.3232E-83
 -25.360  0.1312E-84  0.3235E-83
 -25.340  0.1312E-84  0.3237E-83
 -25.320  0.1312E-84  0.3240E-83
 -25.300  0.1312E-84  0.3242E-83
 -25.280  0.1312E-84  0.3245E-83
 -25.260  0.1312E-84  0.3248E-83
 -25.240  0.1312E-84  0.3250E-83
 -25.220  0.1312E-84  0.3253E-83
 -25.200  0.1312E-84  0.3256E-83
 -25.180  0.1312E-84  0.3258E-83
 -25.160  0.1312E-84  0.3261E-83
 -25.140  0.1312E-84  0.3263E-83
 -25.120  0.1312E-84  0.3266E-83
 -25.100  0.1312E-84  0.3269E-83
 -25.080  0.1312E-84  0.3271E-83
 -25.060  0.1312E-84  0.3274E-83
 -25.040  0.1312E-84  0.3277E-83
 -25.020  0.1312E-84  0.3279E-83
 -25.000  0.1312E-84  0.3282E-83
 -24.980  0.1312E-84  0.3284E-83
 -24.960  0.1312E-84  0.3287E-83
 -24.940  0.1312E-84  0.3290E-83
 -24.920  0.1312E-84  0.3292E-83
 -24.900  0.1312E-84  0.3295E-83
 -24.880  0.1312E-84  0.3298E-83
 -24.860  0.1312E-84  0.3300E-83
 -24.840  0.1312E-84  0.3303E-83
 -24.820  0.1312E-84  0.3305E-83
 -24.800  0.1312E-84  0.3308E-83
 -24.780  0.1312E-84  0.3311E-83
 -24.760  0.1312E-84  0.3313E-83
 -24.740  0.1312E-84  0.3316E-83
 -24.720  0.1312E-84  0.3319E-83
 -24.700  0.1312E-84  0.3321E-83
 -24.680  0.1312E-84  0.3324E-83
 -24.660  0.1312E-84  0.3326E-83
 -24.640  0.1312E-84  0.3329E-83
 -24.620  0.1312E-84  0.3332E-83
 -24.600  0.1312E-84  0.3334E-83
 -24.580  0.1312E-84  0.3337E-83
 -24.560  0.1312E-84  0.3340E-83
 -24.540  0.1312E-84  0.3342E-83
 -24.520  0.1312E-84  0.3345E-83
 -24.500  0.1312E-84  0.3347E-83
 -24.480  0.1312E-84  0.3350E-83
 -24.460  0.1312E-84  0.3353E-83
 -24.440  0.1312E-84  0.3355E-83
 -24.420  0.1312E-84  0.3358E-83
 -24.400  0.1312E-84  0.3361E-83
 -24.380  0.1312E-84  0.3363E-83
 -24.360  0.1312E-84  0.3366E-83
 -24.340  0.1312E-84  0.3368E-83
 -24.320  0.1312E-84  0.3371E-83
 -24.300  0.1312E-84  0.3374E-83
 -24.280  0.1312E-84  0.3376E-83
 -24.260  0.1312E-84  0.3379E-83
 -24.240  0.1312E-84  0.3382E-83
 -24.220  0.1312E-84  0.3384E-83
 -24.200  0.1312E-84  0.3387E-83
 -24.180  0.1312E-84  0.3389E-83
 -24.160  0.1312E-84  0.3392E-83
 -24.140  0.1312E-84  0.3395E-83
 -24.120  0.1312E-84  0.3397E-83
 -24.100  0.1312E-84  0.3400E-83
 -24.080  0.1312E-84  0.3403E-83
 -24.060  0.1312E-84  0.3405E-83
 -24.040  0.1312E-84  0.3408E-83
 -24.020  0.1312E-84  0.3410E-83
 -24.000  0.1312E-84  0.3413E-83
 -23.980  0.1312E-84  0.3416E-83
 -23.960  0.1312E-84  0.3418E-83
 -23.940  0.1312E-84  0.3421E-83
 -23.920  0.1312E-84  0.3424E-83
 -23.900  0.1312E-84  0.3426E-83
 -23.880  0.1312E-84  0.3429E-83
 -23.860  0.1312E-84  0.3431E-83
 -23.840  0.1312E-84  0.3434E-83
 -23.820  0.1312E-84  0.3437E-83
 -23.800  0.1312E-84  0.3439E-83
 -23.780  0.1312E-84  0.3442E-83
 -23.760  0.1312E-84  0.3444E-83
 -23.740  0.1312E-84  0.3447E-83
 -23.720  0.1312E-84  0.3450E-83
 -23.700  0.1312E-84  0.3452E-83
 -23.680  0.1312E-84  0.3455E-83
 -23.660  0.1312E-84  0.3458E-83
 -23.640  0.1312E-84  0.3460E-83
 -23.620  0.1312E-84  0.3463E-83
 -23.600  0.1312E-84  0.3465E-83
 -23.580  0.1312E-84  0.3468E-83
 -23.560  0.1312E-84  0.3471E-83
 -23.540  0.1312E-84  0.3473E-83
 -23.520  0.1312E-84  0.3476E-83
 -23.500  0.1312E-84  0.3479E-83
 -23.480  0.1312E-84  0.3481E-83
 -23.460  0.1312E-84  0.3484E-83
 -23.440  0.1312E-84  0.3486E-83
 -23.420  0.1312E-84  0.3489E-83
 -23.400  0.1312E-84  0.3492E-83
 -23.380  0.1312E-84  0.3494E-83
 -23.360  0.1312E-84  0.3497E-83
 -23.340  0.1312E-84  0.3500E-83
 -23.320  0.1312E-84  0.3502E-83
 -23.300  0.1312E-84  0.3505E-83
 -23.280  0.1312E-84  0.3507E-83
 -23.260  0.1312E-84  0.3510E-83
 -23.240  0.1312E-84  0.3513E-83
 -23.220  0.1312E-84  0.3515E-83
 -23.200  0.1312E-84  0.3518E-83
 -23.180  0.1312E-84  0.3521E-83
 -23.160  0.1312E-84  0.3523E-83
 -23.140  0.1312E-84  0.3526E-83
 -23.120  0.1312E-84  0.3528E-83
 -23.100  0.1312E-84  0.3531E-83
 -23.080  0.1312E-84  0.3534E-83
 -23.060  0.1312E-84  0.3536E-83
 -23.040  0.1312E-84  0.3539E-83
 -23.020  0.1312E-84  0.3542E-83
 -23.000  0.1312E-84  0.3544E-83
 -22.980  0.1312E-84  0.3547E-83
 -22.960  0.1312E-84  0.3549E-83
 -22.940  0.1312E-84  0.3552E-83
 -22.920  0.1312E-84  0.3555E-83
 -22.900  0.1312E-84  0.3557E-83
 -22.880  0.1312E-84  0.3560E-83
 -22.860  0.1312E-84  0.3563E-83
 -22.840  0.1312E-84  0.3565E-83
 -22.820  0.1312E-84  0.3568E-83
 -22.800  0.1312E-84  0.3570E-83
 -22.780  0.1312E-84  0.3573E-83
 -22.760  0.1312E-84  0.3576E-83
 -22.740  0.1312E-84  0.3578E-83
 -22.720  0.1312E-84  0.3581E-83
 -22.700  0.1312E-84  0.3584E-83
 -22.680  0.1312E-84  0.3586E-83
 -22.660  0.1312E-84  0.3589E-83
 -22.640  0.1312E-84  0.3591E-83
 -22.620  0.1312E-84  0.3594E-83
 -22.600  0.1312E-84  0.3597E-83
 -22.580  0.1312E-84  0.3599E-83
 -22.560  0.1312E-84  0.3602E-83
 -22.540  0.1312E-84  0.3605E-83
 -22.520  0.1312E-84  0.3607E-83
 -22.500  0.1312E-84  0.3610E-83
 -22.480  0.1312E-84  0.3612E-83
 -22.460  0.1312E-84  0.3615E-83
 -22.440  0.1312E-84  0.3618E-83
 -22.420  0.1312E-84  0.3620E-83
 -22.400  0.1312E-84  0.3623E-83
 -22.380  0.1312E-84  0.3626E-83
 -22.360  0.1312E-84  0.3628E-83
 -22.340  0.1312E-84  0.3631E-83
 -22.320  0.1312E-84  0.3633E-83
 -22.300  0.1312E-84  0.3636E-83
 -22.280  0.1312E-84  0.3639E-83
 -22.260  0.1312E-84  0.3641E-83
 -22.240  0.1312E-84  0.3644E-83
 -22.220  0.1312E-84  0.3646E-83
 -22.200  0.1312E-84  0.3649E-83
 -22.180  0.1312E-84  0.3652E-83
 -22.160  0.1312E-84  0.3654E-83
 -22.140  0.1312E-84  0.3657E-83
 -22.120  0.1312E-84  0.3660E-83
 -22.100  0.1312E-84  0.3662E-83
 -22.080  0.1312E-84  0.3665E-83
 -22.060  0.1312E-84  0.3667E-83
 -22.040  0.1312E-84  0.3670E-83
 -22.020  0.1312E-84  0.3673E-83
 -22.000  0.1312E-84  0.3675E-83
 -21.980  0.1312E-84  0.3678E-83
 -21.960  0.1312E-84  0.3681E-83
 -21.940  0.1312E-84  0.3683E-83
 -21.920  0.1312E-84  0.3686E-83
 -21.900  0.1312E-84  0.3688E-83
 -21.880  0.1312E-84  0.3691E-83
 -21.860  0.1312E-84  0.3694E-83
 -21.840  0.1312E-84  0.3696E-83
 -21.820  0.1312E-84  0.3699E-83
 -21.800  0.1312E-84  0.3702E-83
 -21.780  0.1312E-84  0.3704E-83
 -21.760  0.1312E-84  0.3707E-83
 -21.740  0.1312E-84  0.3709E-83
 -21.720  0.1312E-84  0.3712E-83
 -21.700  0.1312E-84  0.3715E-83
 -21.680  0.1312E-84  0.3717E-83
 -21.660  0.1312E-84  0.3720E-83
 -21.640  0.1312E-84  0.3723E-83
 -21.620  0.1312E-84  0.3725E-83
 -21.600  0.1312E-84  0.3728E-83
 -21.580  0.1312E-84  0.3730E-83
 -21.560  0.1312E-84  0.3733E-83
 -21.540  0.1312E-84  0.3736E-83
 -21.520  0.1312E-84  0.3738E-83
 -21.500  0.1312E-84  0.3741E-83
 -21.480  0.1312E-84  0.3744E-83
 -21.460  0.1312E-84  0.3746E-83
 -21.440  0.1312E-84  0.3749E-83
 -21.420  0.1312E-84  0.3751E-83
 -21.400  0.1312E-84  0.3754E-83
 -21.380  0.1312E-84  0.3757E-83
 -21.360  0.1312E-84  0.3759E-83
 -21.340  0.1312E-84  0.3762E-83
 -21.320  0.1312E-84  0.3765E-83
 -21.300  0.1312E-84  0.3767E-83
 -21.280  0.1312E-84  0.3770E-83
 -21.260  0.1312E-84  0.3772E-83
 -21.240  0.1312E-84  0.3775E-83
 -21.220  0.1312E-84  0.3778E-83
 -21.200  0.1312E-84  0.3780E-83
 -21.180  0.1312E-84  0.3783E-83
 -21.160  0.1312E-84  0.3786E-83
 -21.140  0.1312E-84  0.3788E-83
 -21.120  0.1312E-84  0.3791E-83
 -21.100  0.1312E-84  0.3793E-83
 -21.080  0.1312E-84  0.3796E-83
 -21.060  0.1312E-84  0.3799E-83
 -21.040  0.1312E-84  0.3801E-83
 -21.020  0.1312E-84  0.3804E-83
 -21.000  0.1312E-84  0.3807E-83
 -20.980  0.1312E-84  0.3809E-83
 -20.960  0.1312E-84  0.3812E-83
 -20.940  0.1312E-84  0.3814E-83
 -20.920  0.1312E-84  0.3817E-83
 -20.900  0.1312E-84  0.3820E-83
 -20.880  0.1312E-84  0.3822E-83
 -20.860  0.1312E-84  0.3825E-83
 -20.840  0.1312E-84  0.3828E-83
 -20.820  0.1312E-84  0.3830E-83
 -20.800  0.1312E-84  0.3833E-83
 -20.780  0.1312E-84  0.3835E-83
 -20.760  0.1312E-84  0.3838E-83
 -20.740  0.1312E-84  0.3841E-83
 -20.720  0.1312E-84  0.3843E-83
 -20.700  0.1312E-84  0.3846E-83
 -20.680  0.1312E-84  0.3848E-83
 -20.660  0.1312E-84  0.3851E-83
 -20.640  0.1312E-84  0.3854E-83
 -20.620  0.1312E-84  0.3856E-83
 -20.600  0.1312E-84  0.3859E-83
 -20.580  0.1312E-84  0.3862E-83
 -20.560  0.1312E-84  0.3864E-83
 -20.540  0.1312E-84  0.3867E-83
 -20.520  0.1312E-84  0.3869E-83
 -20.500  0.1312E-84  0.3872E-83
 -20.480  0.1312E-84  0.3875E-83
 -20.460  0.1312E-84  0.3877E-83
 -20.440  0.1312E-84  0.3880E-83
 -20.420  0.1312E-84  0.3883E-83
 -20.400  0.1312E-84  0.3885E-83
 -20.380  0.1312E-84  0.3888E-83
 -20.360  0.1312E-84  0.3890E-83
 -20.340  0.1312E-84  0.3893E-83
 -20.320  0.1312E-84  0.3896E-83
 -20.300  0.1312E-84  0.3898E-83
 -20.280  0.1312E-84  0.3901E-83
 -20.260  0.1312E-84  0.3904E-83
 -20.240  0.1312E-84  0.3906E-83
 -20.220  0.1312E-84  0.3909E-83
 -20.200  0.1312E-84  0.3911E-83
 -20.180  0.1312E-84  0.3914E-83
 -20.160  0.1312E-84  0.3917E-83
 -20.140  0.1312E-84  0.3919E-83
 -20.120  0.1312E-84  0.3922E-83
 -20.100  0.1312E-84  0.3925E-83
 -20.080  0.1312E-84  0.3927E-83
 -20.060  0.1312E-84  0.3930E-83
 -20.040  0.1312E-84  0.3932E-83
 -20.020  0.1312E-84  0.3935E-83
 -20.000  0.1312E-84  0.3938E-83
 -19.980  0.1312E-84  0.3940E-83
 -19.960  0.1312E-84  0.3943E-83
 -19.940  0.1312E-84  0.3946E-83
 -19.920  0.1312E-84  0.3948E-83
 -19.900  0.1312E-84  0.3951E-83
 -19.880  0.1312E-84  0.3953E-83
 -19.860  0.1312E-84  0.3956E-83
 -19.840  0.1312E-84  0.3959E-83
 -19.820  0.1312E-84  0.3961E-83
 -19.800  0.1312E-84  0.3964E-83
 -19.780  0.1312E-84  0.3967E-83
 -19.760  0.1312E-84  0.3969E-83
 -19.740  0.1312E-84  0.3972E-83
 -19.720  0.1312E-84  0.3974E-83
 -19.700  0.1312E-84  0.3977E-83
 -19.680  0.1312E-84  0.3980E-83
 -19.660  0.1312E-84  0.3982E-83
 -19.640  0.1312E-84  0.3985E-83
 -19.620  0.1312E-84  0.3988E-83
 -19.600  0.1312E-84  0.3990E-83
 -19.580  0.1312E-84  0.3993E-83
 -19.560  0.1312E-84  0.3995E-83
 -19.540  0.1312E-84  0.3998E-83
 -19.520  0.1312E-84  0.4001E-83
 -19.500  0.1312E-84  0.4003E-83
 -19.480  0.1312E-84  0.4006E-83
 -19.460  0.1312E-84  0.4009E-83
 -19.440  0.1312E-84  0.4011E-83
 -19.420  0.1312E-84  0.4014E-83
 -19.400  0.1312E-84  0.4016E-83
 -19.380  0.1312E-84  0.4019E-83
 -19.360  0.1312E-84  0.4022E-83
 -19.340  0.1312E-84  0.4024E-83
 -19.320  0.1312E-84  0.4027E-83
 -19.300  0.1312E-84  0.4030E-83
 -19.280  0.1312E-84  0.4032E-83
 -19.260  0.1312E-84  0.4035E-83
 -19.240  0.1312E-84  0.4037E-83
 -19.220  0.1312E-84  0.4040E-83
 -19.200  0.1312E-84  0.4043E-83
 -19.180  0.1312E-84  0.4045E-83
 -19.160  0.1312E-84  0.4048E-83
 -19.140  0.1312E-84  0.4050E-83
 -19.120  0.1312E-84  0.4053E-83
 -19.100  0.1312E-84  0.4056E-83
 -19.080  0.1312E-84  0.4058E-83
 -19.060  0.1312E-84  0.4061E-83
 -19.040  0.1312E-84  0.4064E-83
 -19.020  0.1312E-84  0.4066E-83
 -19.000  0.1312E-84  0.4069E-83
 -18.980  0.1312E-84  0.4071E-83
 -18.960  0.1312E-84  0.4074E-83
 -18.940  0.1312E-84  0.4077E-83
 -18.920  0.1312E-84  0.4079E-83
 -18.900  0.1312E-84  0.4082E-83
 -18.880  0.1312E-84  0.4085E-83
 -18.860  0.1312E-84  0.4087E-83
 -18.840  0.1312E-84  0.4090E-83
 -18.820  0.1312E-84  0.4092E-83
 -18.800  0.1312E-84  0.4095E-83
 -18.780  0.1312E-84  0.4098E-83
 -18.760  0.1312E-84  0.4100E-83
 -18.740  0.1312E-84  0.4103E-83
 -18.720  0.1312E-84  0.4106E-83
 -18.700  0.1312E-84  0.4108E-83
 -18.680  0.1312E-84  0.4111E-83
 -18.660  0.1312E-84  0.4113E-83
 -18.640  0.1312E-84  0.4116E-83
 -18.620  0.1312E-84  0.4119E-83
 -18.600  0.1312E-84  0.4121E-83
 -18.580  0.1312E-84  0.4124E-83
 -18.560  0.1312E-84  0.4127E-83
 -18.540  0.1312E-84  0.4129E-83
 -18.520  0.1312E-84  0.4132E-83
 -18.500  0.1312E-84  0.4134E-83
 -18.480  0.1312E-84  0.4137E-83
 -18.460  0.1312E-84  0.4140E-83
 -18.440  0.1312E-84  0.4142E-83
 -18.420  0.1312E-84  0.4145E-83
 -18.400  0.1312E-84  0.4148E-83
 -18.380  0.1312E-84  0.4150E-83
 -18.360  0.1312E-84  0.4153E-83
 -18.340  0.1312E-84  0.4155E-83
 -18.320  0.1312E-84  0.4158E-83
 -18.300  0.1312E-84  0.4161E-83
 -18.280  0.1312E-84  0.4163E-83
 -18.260  0.1312E-84  0.4166E-83
 -18.240  0.1312E-84  0.4169E-83
 -18.220  0.1312E-84  0.4171E-83
 -18.200  0.1312E-84  0.4174E-83
 -18.180  0.1312E-84  0.4176E-83
 -18.160  0.1312E-84  0.4179E-83
 -18.140  0.1312E-84  0.4182E-83
 -18.120  0.1312E-84  0.4184E-83
 -18.100  0.1312E-84  0.4187E-83
 -18.080  0.1312E-84  0.4190E-83
 -18.060  0.1312E-84  0.4192E-83
 -18.040  0.1312E-84  0.4195E-83
 -18.020  0.1312E-84  0.4197E-83
 -18.000  0.1312E-84  0.4200E-83
 -17.980  0.1312E-84  0.4203E-83
 -17.960  0.1312E-84  0.4205E-83
 -17.940  0.1312E-84  0.4208E-83
 -17.920  0.1312E-84  0.4211E-83
 -17.900  0.1312E-84  0.4213E-83
 -17.880  0.1312E-84  0.4216E-83
 -17.860  0.1312E-84  0.4218E-83
 -17.840  0.1312E-84  0.4221E-83
 -17.820  0.1312E-84  0.4224E-83
 -17.800  0.1312E-84  0.4226E-83
 -17.780  0.1312E-84  0.4229E-83
 -17.760  0.1312E-84  0.4231E-83
 -17.740  0.1312E-84  0.4234E-83
 -17.720  0.1312E-84  0.4237E-83
 -17.700  0.1312E-84  0.4239E-83
 -17.680  0.1312E-84  0.4242E-83
 -17.660  0.1312E-84  0.4245E-83
 -17.640  0.1312E-84  0.4247E-83
 -17.620  0.1312E-84  0.4250E-83
 -17.600  0.1312E-84  0.4252E-83
 -17.580  0.1312E-84  0.4255E-83
 -17.560  0.1312E-84  0.4258E-83
 -17.540  0.1312E-84  0.4260E-83
 -17.520  0.1312E-84  0.4263E-83
 -17.500  0.1312E-84  0.4266E-83
 -17.480  0.1312E-84  0.4268E-83
 -17.460  0.1312E-84  0.4271E-83
 -17.440  0.1312E-84  0.4273E-83
 -17.420  0.1312E-84  0.4276E-83
 -17.400  0.1312E-84  0.4279E-83
 -17.380  0.1312E-84  0.4281E-83
 -17.360  0.1312E-84  0.4284E-83
 -17.340  0.1312E-84  0.4287E-83
 -17.320  0.1312E-84  0.4289E-83
 -17.300  0.1312E-84  0.4292E-83
 -17.280  0.1312E-84  0.4294E-83
 -17.260  0.1312E-84  0.4297E-83
 -17.240  0.1312E-84  0.4300E-83
 -17.220  0.1312E-84  0.4302E-83
 -17.200  0.1312E-84  0.4305E-83
 -17.180  0.1312E-84  0.4308E-83
 -17.160  0.1312E-84  0.4310E-83
 -17.140  0.1312E-84  0.4313E-83
 -17.120  0.1312E-84  0.4315E-83
 -17.100  0.1312E-84  0.4318E-83
 -17.080  0.1312E-84  0.4321E-83
 -17.060  0.1312E-84  0.4323E-83
 -17.040  0.1312E-84  0.4326E-83
 -17.020  0.1312E-84  0.4329E-83
 -17.000  0.1312E-84  0.4331E-83
 -16.980  0.1312E-84  0.4334E-83
 -16.960  0.1312E-84  0.4336E-83
 -16.940  0.1312E-84  0.4339E-83
 -16.920  0.1312E-84  0.4342E-83
 -16.900  0.1312E-84  0.4344E-83
 -16.880  0.1312E-84  0.4347E-83
 -16.860  0.1312E-84  0.4350E-83
 -16.840  0.1312E-84  0.4352E-83
 -16.820  0.1312E-84  0.4355E-83
 -16.800  0.1312E-84  0.4357E-83
 -16.780  0.1312E-84  0.4360E-83
 -16.760  0.1312E-84  0.4363E-83
 -16.740  0.1312E-84  0.4365E-83
 -16.720  0.1312E-84  0.4368E-83
 -16.700  0.1312E-84  0.4371E-83
 -16.680  0.1312E-84  0.4373E-83
 -16.660  0.1312E-84  0.4376E-83
 -16.640  0.1312E-84  0.4378E-83
 -16.620  0.1312E-84  0.4381E-83
 -16.600  0.1312E-84  0.4384E-83
 -16.580  0.1312E-84  0.4386E-83
 -16.560  0.1312E-84  0.4389E-83
 -16.540  0.1312E-84  0.4392E-83
 -16.520  0.1312E-84  0.4394E-83
 -16.500  0.1312E-84  0.4397E-83
 -16.480  0.1312E-84  0.4399E-83
 -16.460  0.1312E-84  0.4402E-83
 -16.440  0.1312E-84  0.4405E-83
 -16.420  0.1312E-84  0.4407E-83
 -16.400  0.1312E-84  0.4410E-83
 -16.380  0.1312E-84  0.4413E-83
 -16.360  0.1312E-84  0.4415E-83
 -16.340  0.1312E-84  0.4418E-83
 -16.320  0.1312E-84  0.4420E-83
 -16.300  0.1312E-84  0.4423E-83
 -16.280  0.1312E-84  0.4426E-83
 -16.260  0.1312E-84  0.4428E-83
 -16.240  0.1312E-84  0.4431E-83
 -16.220  0.1312E-84  0.4433E-83
 -16.200  0.1312E-84  0.4436E-83
 -16.180  0.1312E-84  0.4439E-83
 -16.160  0.1312E-84  0.4441E-83
 -16.140  0.1312E-84  0.4444E-83
 -16.120  0.1312E-84  0.4447E-83
 -16.100  0.1312E-84  0.4449E-83
 -16.080  0.1312E-84  0.4452E-83
 -16.060  0.1312E-84  0.4454E-83
 -16.040  0.1312E-84  0.4457E-83
 -16.020  0.1312E-84  0.4460E-83
 -16.000  0.1312E-84  0.4462E-83
 -15.980  0.1312E-84  0.4465E-83
 -15.960  0.1312E-84  0.4468E-83
 -15.940  0.1312E-84  0.4470E-83
 -15.920  0.1312E-84  0.4473E-83
 -15.900  0.1312E-84  0.4475E-83
 -15.880  0.1312E-84  0.4478E-83
 -15.860  0.1312E-84  0.4481E-83
 -15.840  0.1312E-84  0.4483E-83
 -15.820  0.1312E-84  0.4486E-83
 -15.800  0.1312E-84  0.4489E-83
 -15.780  0.1312E-84  0.4491E-83
 -15.760  0.1312E-84  0.4494E-83
 -15.740  0.1312E-84  0.4496E-83
 -15.720  0.1312E-84  0.4499E-83
 -15.700  0.1312E-84  0.4502E-83
 -15.680  0.1312E-84  0.4504E-83
 -15.660  0.1312E-84  0.4507E-83
 -15.640  0.1312E-84  0.4510E-83
 -15.620  0.1312E-84  0.4512E-83
 -15.600  0.1312E-84  0.4515E-83
 -15.580  0.1312E-84  0.4517E-83
 -15.560  0.1312E-84  0.4520E-83
 -15.540  0.1312E-84  0.4523E-83
 -15.520  0.1312E-84  0.4525E-83
 -15.500  0.1312E-84  0.4528E-83
 -15.480  0.1312E-84  0.4531E-83
 -15.460  0.1312E-84  0.4533E-83
 -15.440  0.1312E-84  0.4536E-83
 -15.420  0.1312E-84  0.4538E-83
 -15.400  0.1312E-84  0.4541E-83
 -15.380  0.1312E-84  0.4544E-83
 -15.360  0.1312E-84  0.4546E-83
 -15.340  0.1312E-84  0.4549E-83
 -15.320  0.1312E-84  0.4552E-83
 -15.300  0.1312E-84  0.4554E-83
 -15.280  0.1312E-84  0.4557E-83
 -15.260  0.1312E-84  0.4559E-83
 -15.240  0.1312E-84  0.4562E-83
 -15.220  0.1312E-84  0.4565E-83
 -15.200  0.1312E-84  0.4567E-83
 -15.180  0.1312E-84  0.4570E-83
 -15.160  0.1312E-84  0.4573E-83
 -15.140  0.1312E-84  0.4575E-83
 -15.120  0.1312E-84  0.4578E-83
 -15.100  0.1312E-84  0.4580E-83
 -15.080  0.1312E-84  0.4583E-83
 -15.060  0.1312E-84  0.4586E-83
 -15.040  0.1312E-84  0.4588E-83
 -15.020  0.1312E-84  0.4591E-83
 -15.000  0.1312E-84  0.4594E-83
 -14.980  0.1312E-84  0.4596E-83
 -14.960  0.1312E-84  0.4599E-83
 -14.940  0.1312E-84  0.4601E-83
 -14.920  0.1312E-84  0.4604E-83
 -14.900  0.1312E-84  0.4607E-83
 -14.880  0.1312E-84  0.4609E-83
 -14.860  0.1312E-84  0.4612E-83
 -14.840  0.1312E-84  0.4615E-83
 -14.820  0.1312E-84  0.4617E-83
 -14.800  0.1312E-84  0.4620E-83
 -14.780  0.1312E-84  0.4622E-83
 -14.760  0.1312E-84  0.4625E-83
 -14.740  0.1312E-84  0.4628E-83
 -14.720  0.1312E-84  0.4630E-83
 -14.700  0.1312E-84  0.4633E-83
 -14.680  0.1312E-84  0.4635E-83
 -14.660  0.1312E-84  0.4638E-83
 -14.640  0.1312E-84  0.4641E-83
 -14.620  0.1312E-84  0.4643E-83
 -14.600  0.1312E-84  0.4646E-83
 -14.580  0.1312E-84  0.4649E-83
 -14.560  0.1312E-84  0.4651E-83
 -14.540  0.1312E-84  0.4654E-83
 -14.520  0.1312E-84  0.4656E-83
 -14.500  0.1312E-84  0.4659E-83
 -14.480  0.1312E-84  0.4662E-83
 -14.460  0.1312E-84  0.4664E-83
 -14.440  0.1312E-84  0.4667E-83
 -14.420  0.1312E-84  0.4670E-83
 -14.400  0.1312E-84  0.4672E-83
 -14.380  0.1312E-84  0.4675E-83
 -14.360  0.1312E-84  0.4677E-83
 -14.340  0.1312E-84  0.4680E-83
 -14.320  0.1312E-84  0.4683E-83
 -14.300  0.1312E-84  0.4685E-83
 -14.280  0.1312E-84  0.4688E-83
 -14.260  0.1312E-84  0.4691E-83
 -14.240  0.1312E-84  0.4693E-83
 -14.220  0.1312E-84  0.4696E-83
 -14.200  0.1312E-84  0.4698E-83
 -14.180  0.1312E-84  0.4701E-83
 -14.160  0.1312E-84  0.4704E-83
 -14.140  0.1312E-84  0.4706E-83
 -14.120  0.1312E-84  0.4709E-83
 -14.100  0.1312E-84  0.4712E-83
 -14.080  0.1312E-84  0.4714E-83
 -14.060  0.1312E-84  0.4717E-83
 -14.040  0.1312E-84  0.4719E-83
 -14.020  0.1312E-84  0.4722E-83
 -14.000  0.1312E-84  0.4725E-83
 -13.980  0.1312E-84  0.4727E-83
 -13.960  0.1312E-84  0.4730E-83
 -13.940  0.1312E-84  0.4733E-83
 -13.920  0.1312E-84  0.4735E-83
 -13.900  0.1312E-84  0.4738E-83
 -13.880  0.1312E-84  0.4740E-83
 -13.860  0.1312E-84  0.4743E-83
 -13.840  0.1312E-84  0.4746E-83
 -13.820  0.1312E-84  0.4748E-83
 -13.800  0.1312E-84  0.4751E-83
 -13.780  0.1312E-84  0.4754E-83
 -13.760  0.1312E-84  0.4756E-83
 -13.740  0.1312E-84  0.4759E-83
 -13.720  0.1312E-84  0.4761E-83
 -13.700  0.1312E-84  0.4764E-83
 -13.680  0.1312E-84  0.4767E-83
 -13.660  0.1312E-84  0.4769E-83
 -13.640  0.1312E-84  0.4772E-83
 -13.620  0.1312E-84  0.4775E-83
 -13.600  0.1312E-84  0.4777E-83
 -13.580  0.1312E-84  0.4780E-83
 -13.560  0.1312E-84  0.4782E-83
 -13.540  0.1312E-84  0.4785E-83
 -13.520  0.1312E-84  0.4788E-83
 -13.500  0.1312E-84  0.4790E-83
 -13.480  0.1312E-84  0.4793E-83
 -13.460  0.1312E-84  0.4796E-83
 -13.440  0.1312E-84  0.4798E-83
 -13.420  0.1312E-84  0.4801E-83
 -13.400  0.1312E-84  0.4803E-83
 -13.380  0.1312E-84  0.4806E-83
 -13.360  0.1312E-84  0.4809E-83
 -13.340  0.1312E-84  0.4811E-83
 -13.320  0.1312E-84  0.4814E-83
 -13.300  0.1312E-84  0.4817E-83
 -13.280  0.1312E-84  0.4819E-83
 -13.260  0.1312E-84  0.4822E-83
 -13.240  0.1312E-84  0.4824E-83
 -13.220  0.1312E-84  0.4827E-83
 -13.200  0.1312E-84  0.4830E-83
 -13.180  0.1312E-84  0.4832E-83
 -13.160  0.1312E-84  0.4835E-83
 -13.140  0.1312E-84  0.4837E-83
 -13.120  0.1312E-84  0.4840E-83
 -13.100  0.1312E-84  0.4843E-83
 -13.080  0.1312E-84  0.4845E-83
 -13.060  0.1312E-84  0.4848E-83
 -13.040  0.1312E-84  0.4851E-83
 -13.020  0.1312E-84  0.4853E-83
 -13.000  0.1312E-84  0.4856E-83
 -12.980  0.1312E-84  0.4858E-83
 -12.960  0.1312E-84  0.4861E-83
 -12.940  0.1312E-84  0.4864E-83
 -12.920  0.1312E-84  0.4866E-83
 -12.900  0.1312E-84  0.4869E-83
 -12.880  0.1312E-84  0.4872E-83
 -12.860  0.1312E-84  0.4874E-83
 -12.840  0.1312E-84  0.4877E-83
 -12.820  0.1312E-84  0.4879E-83
 -12.800  0.1312E-84  0.4882E-83
 -12.780  0.1312E-84  0.4885E-83
 -12.760  0.1312E-84  0.4887E-83
 -12.740  0.1312E-84  0.4890E-83
 -12.720  0.1312E-84  0.4893E-83
 -12.700  0.1312E-84  0.4895E-83
 -12.680  0.1312E-84  0.4898E-83
 -12.660  0.1312E-84  0.4900E-83
 -12.640  0.1312E-84  0.4903E-83
 -12.620  0.1312E-84  0.4906E-83
 -12.600  0.1312E-84  0.4908E-83
 -12.580  0.1312E-84  0.4911E-83
 -12.560  0.1312E-84  0.4914E-83
 -12.540  0.1312E-84  0.4916E-83
 -12.520  0.1312E-84  0.4919E-83
 -12.500  0.1312E-84  0.4921E-83
 -12.480  0.1312E-84  0.4924E-83
 -12.460  0.1312E-84  0.4927E-83
 -12.440  0.1312E-84  0.4929E-83
 -12.420  0.1312E-84  0.4932E-83
 -12.400  0.1312E-84  0.4935E-83
 -12.380  0.1312E-84  0.4937E-83
 -12.360  0.1312E-84  0.4940E-83
 -12.340  0.1312E-84  0.4942E-83
 -12.320  0.1312E-84  0.4945E-83
 -12.300  0.1312E-84  0.4948E-83
 -12.280  0.1312E-84  0.4950E-83
 -12.260  0.1312E-84  0.4953E-83
 -12.240  0.1312E-84  0.4956E-83
 -12.220  0.1312E-84  0.4958E-83
 -12.200  0.1312E-84  0.4961E-83
 -12.180  0.1312E-84  0.4963E-83
 -12.160  0.1312E-84  0.4966E-83
 -12.140  0.1312E-84  0.4969E-83
 -12.120  0.1312E-84  0.4971E-83
 -12.100  0.1312E-84  0.4974E-83
 -12.080  0.1312E-84  0.4977E-83
 -12.060  0.1312E-84  0.4979E-83
 -12.040  0.1312E-84  0.4982E-83
 -12.020  0.1312E-84  0.4984E-83
 -12.000  0.1312E-84  0.4987E-83
 -11.980  0.1312E-84  0.4990E-83
 -11.960  0.1312E-84  0.4992E-83
 -11.940  0.1312E-84  0.4995E-83
 -11.920  0.1312E-84  0.4998E-83
 -11.900  0.1312E-84  0.5000E-83
 -11.880  0.1312E-84  0.5003E-83
 -11.860  0.1312E-84  0.5005E-83
 -11.840  0.1312E-84  0.5008E-83
 -11.820  0.1312E-84  0.5011E-83
 -11.800  0.1312E-84  0.5013E-83
 -11.780  0.1312E-84  0.5016E-83
 -11.760  0.1312E-84  0.5019E-83
 -11.740  0.1312E-84  0.5021E-83
 -11.720  0.1312E-84  0.5024E-83
 -11.700  0.1312E-84  0.5026E-83
 -11.680  0.1312E-84  0.5029E-83
 -11.660  0.1312E-84  0.5032E-83
 -11.640  0.1312E-84  0.5034E-83
 -11.620  0.1312E-84  0.5037E-83
 -11.600  0.1312E-84  0.5039E-83
 -11.580  0.1312E-84  0.5042E-83
 -11.560  0.1312E-84  0.5045E-83
 -11.540  0.1312E-84  0.5047E-83
 -11.520  0.1312E-84  0.5050E-83
 -11.500  0.1312E-84  0.5053E-83
 -11.480  0.1312E-84  0.5055E-83
 -11.460  0.1312E-84  0.5058E-83
 -11.440  0.1312E-84  0.5060E-83
 -11.420  0.1312E-84  0.5063E-83
 -11.400  0.1312E-84  0.5066E-83
 -11.380  0.1312E-84  0.5068E-83
 -11.360  0.1312E-84  0.5071E-83
 -11.340  0.1312E-84  0.5074E-83
 -11.320  0.1312E-84  0.5076E-83
 -11.300  0.1312E-84  0.5079E-83
 -11.280  0.1312E-84  0.5081E-83
 -11.260  0.1312E-84  0.5084E-83
 -11.240  0.1312E-84  0.5087E-83
 -11.220  0.1312E-84  0.5089E-83
 -11.200  0.1312E-84  0.5092E-83
 -11.180  0.1312E-84  0.5095E-83
 -11.160  0.1312E-84  0.5097E-83
 -11.140  0.1312E-84  0.5100E-83
 -11.120  0.1312E-84  0.5102E-83
 -11.100  0.1312E-84  0.5105E-83
 -11.080  0.1312E-84  0.5108E-83
 -11.060  0.1312E-84  0.5110E-83
 -11.040  0.1312E-84  0.5113E-83
 -11.020  0.1312E-84  0.5116E-83
 -11.000  0.1312E-84  0.5118E-83
 -10.980  0.1312E-84  0.5121E-83
 -10.960  0.1312E-84  0.5123E-83
 -10.940  0.1312E-84  0.5126E-83
 -10.920  0.1312E-84  0.5129E-83
 -10.900  0.1312E-84  0.5131E-83
 -10.880  0.1312E-84  0.5134E-83
 -10.860  0.1312E-84  0.5137E-83
 -10.840  0.1312E-84  0.5139E-83
 -10.820  0.1312E-84  0.5142E-83
 -10.800  0.1312E-84  0.5144E-83
 -10.780  0.1312E-84  0.5147E-83
 -10.760  0.1312E-84  0.5150E-83
 -10.740  0.1312E-84  0.5152E-83
 -10.720  0.1312E-84  0.5155E-83
 -10.700  0.1312E-84  0.5158E-83
 -10.680  0.1312E-84  0.5160E-83
 -10.660  0.1312E-84  0.5163E-83
 -10.640  0.1312E-84  0.5165E-83
 -10.620  0.1312E-84  0.5168E-83
 -10.600  0.1312E-84  0.5171E-83
 -10.580  0.1312E-84  0.5173E-83
 -10.560  0.1312E-84  0.5176E-83
 -10.540  0.1312E-84  0.5179E-83
 -10.520  0.1312E-84  0.5181E-83
 -10.500  0.1312E-84  0.5184E-83
 -10.480  0.1312E-84  0.5186E-83
 -10.460  0.1312E-84  0.5189E-83
 -10.440  0.1312E-84  0.5192E-83
 -10.420  0.1312E-84  0.5194E-83
 -10.400  0.1312E-84  0.5197E-83
 -10.380  0.1312E-84  0.5200E-83
 -10.360  0.1312E-84  0.5202E-83
 -10.340  0.1312E-84  0.5205E-83
 -10.320  0.1312E-84  0.5207E-83
 -10.300  0.1312E-84  0.5210E-83
 -10.280  0.1312E-84  0.5213E-83
 -10.260  0.1312E-84  0.5215E-83
 -10.240  0.1312E-84  0.5218E-83
 -10.220  0.1312E-84  0.5221E-83
 -10.200  0.1312E-84  0.5223E-83
 -10.180  0.1312E-84  0.5226E-83
 -10.160  0.1312E-84  0.5228E-83
 -10.140  0.1312E-84  0.5231E-83
 -10.120  0.1312E-84  0.5234E-83
 -10.100  0.1312E-84  0.5236E-83
 -10.080  0.1312E-84  0.5239E-83
 -10.060  0.1312E-84  0.5241E-83
 -10.040  0.1312E-84  0.5244E-83
 -10.020  0.1312E-84  0.5247E-83
 -10.000  0.1312E-84  0.5249E-83
  -9.980  0.1312E-84  0.5252E-83
  -9.960  0.1312E-84  0.5255E-83
  -9.940  0.1312E-84  0.5257E-83
  -9.920  0.1312E-84  0.5260E-83
  -9.900  0.1312E-84  0.5262E-83
  -9.880  0.1312E-84  0.5265E-83
  -9.860  0.1312E-84  0.5268E-83
  -9.840  0.1312E-84  0.5270E-83
  -9.820  0.1312E-84  0.5273E-83
  -9.800  0.1312E-84  0.5276E-83
  -9.780  0.1312E-84  0.5278E-83
  -9.760  0.1312E-84  0.5281E-83
  -9.740  0.1312E-84  0.5283E-83
  -9.720  0.1312E-84  0.5286E-83
  -9.700  0.1312E-84  0.5289E-83
  -9.680  0.1312E-84  0.5291E-83
  -9.660  0.1312E-84  0.5294E-83
  -9.640  0.1312E-84  0.5297E-83
  -9.620  0.1312E-84  0.5299E-83
  -9.600  0.1312E-84  0.5302E-83
  -9.580  0.1312E-84  0.5304E-83
  -9.560  0.1312E-84  0.5307E-83
  -9.540  0.1312E-84  0.5310E-83
  -9.520  0.1312E-84  0.5312E-83
  -9.500  0.1312E-84  0.5315E-83
  -9.480  0.1388E-84  0.5318E-83
  -9.460  0.2832E-83  0.5374E-83
  -9.440  0.8483E-81  0.2234E-82
  -9.420  0.2439E-78  0.4900E-80
  -9.400  0.6422E-76  0.1289E-77
  -9.380  0.1548E-73  0.3110E-75
  -9.360  0.3419E-71  0.6868E-73
  -9.340  0.6911E-69  0.1389E-70
  -9.320  0.1280E-66  0.2573E-68
  -9.300  0.2169E-64  0.4364E-66
  -9.280  0.3367E-62  0.6778E-64
  -9.260  0.4787E-60  0.9641E-62
  -9.240  0.6231E-58  0.1256E-59
  -9.220  0.7427E-56  0.1498E-57
  -9.200  0.8108E-54  0.1637E-55
  -9.180  0.8105E-52  0.1637E-53
  -9.160  0.7419E-50  0.1500E-51
  -9.140  0.6219E-48  0.1259E-49
  -9.120  0.4774E-46  0.9674E-48
  -9.100  0.3356E-44  0.6809E-46
  -9.080  0.2161E-42  0.4389E-44
  -9.060  0.1274E-40  0.2591E-42
  -9.040  0.6877E-39  0.1401E-40
  -9.020  0.3401E-37  0.6941E-39
  -9.000  0.1540E-35  0.3149E-37
  -8.980  0.6386E-34  0.1309E-35
  -8.960  0.2425E-32  0.4982E-34
  -8.940  0.8437E-31  0.1737E-32
  -8.920  0.2688E-29  0.5549E-31
  -8.900  0.7842E-28  0.1624E-29
  -8.880  0.2096E-26  0.4354E-28
  -8.860  0.5129E-25  0.1069E-26
  -8.840  0.1150E-23  0.2407E-25
  -8.820  0.2361E-22  0.4963E-24
  -8.800  0.4441E-21  0.9378E-23
  -8.780  0.7651E-20  0.1624E-21
  -8.760  0.1207E-18  0.2577E-20
  -8.740  0.1745E-17  0.3748E-19
  -8.720  0.2311E-16  0.4997E-18
  -8.700  0.2804E-15  0.6108E-17
  -8.680  0.3116E-14  0.6844E-16
  -8.660  0.3173E-13  0.7031E-15
  -8.640  0.2960E-12  0.6624E-14
  -8.620  0.2531E-11  0.5724E-13
  -8.600  0.1982E-10  0.4537E-12
  -8.580  0.1423E-09  0.3300E-11
  -8.560  0.9361E-09  0.2202E-10
  -8.540  0.5644E-08  0.1349E-09
  -8.520  0.3119E-07  0.7587E-09
  -8.500  0.1580E-06  0.3919E-08
  -8.480  0.7341E-06  0.1860E-07
  -8.460  0.3127E-05  0.8114E-07
  -8.440  0.1222E-04  0.3255E-06
  -8.420  0.4378E-04  0.1201E-05
  -8.400  0.1439E-03  0.4080E-05
  -8.380  0.4344E-03  0.1277E-04
  -8.360  0.1204E-02  0.3684E-04
  -8.340  0.3063E-02  0.9810E-04
  -8.320  0.7163E-02  0.2414E-03
  -8.300  0.1540E-01  0.5494E-03
  -8.280  0.3048E-01  0.1159E-02
  -8.260  0.5554E-01  0.2270E-02
  -8.240  0.9334E-01  0.4137E-02
  -8.220  0.1449E+00  0.7034E-02
  -8.200  0.2081E+00  0.1120E-01
  -8.180  0.2772E+00  0.1674E-01
  -8.160  0.3438E+00  0.2362E-01
  -8.140  0.3986E+00  0.3159E-01
  -8.120  0.4344E+00  0.4027E-01
  -8.100  0.4483E+00  0.4924E-01
  -8.080  0.4420E+00  0.5808E-01
  -8.060  0.4207E+00  0.6649E-01
  -8.040  0.3910E+00  0.7431E-01
  -8.020  0.3590E+00  0.8149E-01
  -8.000  0.3288E+00  0.8807E-01
  -7.980  0.3026E+00  0.9412E-01
  -7.960  0.2807E+00  0.9974E-01
  -7.940  0.2629E+00  0.1050E+00
  -7.920  0.2482E+00  0.1100E+00
  -7.900  0.2361E+00  0.1147E+00
  -7.880  0.2257E+00  0.1192E+00
  -7.860  0.2168E+00  0.1235E+00
  -7.840  0.2089E+00  0.1277E+00
  -7.820  0.2020E+00  0.1317E+00
  -7.800  0.1957E+00  0.1357E+00
  -7.780  0.1900E+00  0.1395E+00
  -7.760  0.1848E+00  0.1432E+00
  -7.740  0.1800E+00  0.1468E+00
  -7.720  0.1756E+00  0.1503E+00
  -7.700  0.1715E+00  0.1537E+00
  -7.680  0.1677E+00  0.1571E+00
  -7.660  0.1641E+00  0.1603E+00
  -7.640  0.1608E+00  0.1635E+00
  -7.620  0.1576E+00  0.1667E+00
  -7.600  0.1547E+00  0.1698E+00
  -7.580  0.1519E+00  0.1728E+00
  -7.560  0.1493E+00  0.1758E+00
  -7.540  0.1468E+00  0.1788E+00
  -7.520  0.1444E+00  0.1816E+00
  -7.500  0.1421E+00  0.1845E+00
  -7.480  0.1400E+00  0.1873E+00
  -7.460  0.1379E+00  0.1900E+00
  -7.440  0.1360E+00  0.1928E+00
  -7.420  0.1341E+00  0.1954E+00
  -7.400  0.1323E+00  0.1981E+00
  -7.380  0.1306E+00  0.2007E+00
  -7.360  0.1289E+00  0.2033E+00
  -7.340  0.1273E+00  0.2058E+00
  -7.320  0.1258E+00  0.2083E+00
  -7.300  0.1243E+00  0.2108E+00
  -7.280  0.1228E+00  0.2133E+00
  -7.260  0.1215E+00  0.2157E+00
  -7.240  0.1201E+00  0.2181E+00
  -7.220  0.1188E+00  0.2205E+00
  -7.200  0.1176E+00  0.2228E+00
  -7.180  0.1163E+00  0.2252E+00
  -7.160  0.1152E+00  0.2275E+00
  -7.140  0.1140E+00  0.2298E+00
  -7.120  0.1129E+00  0.2320E+00
  -7.100  0.1119E+00  0.2343E+00
  -7.080  0.1108E+00  0.2365E+00
  -7.060  0.1098E+00  0.2387E+00
  -7.040  0.1089E+00  0.2408E+00
  -7.020  0.1079E+00  0.2430E+00
  -7.000  0.1070E+00  0.2451E+00
  -6.980  0.1061E+00  0.2473E+00
  -6.960  0.1052E+00  0.2494E+00
  -6.940  0.1043E+00  0.2515E+00
  -6.920  0.1035E+00  0.2535E+00
  -6.900  0.1027E+00  0.2556E+00
  -6.880  0.1019E+00  0.2576E+00
  -6.860  0.1011E+00  0.2596E+00
  -6.840  0.1003E+00  0.2616E+00
  -6.820  0.9958E-01  0.2636E+00
  -6.800  0.9885E-01  0.2656E+00
  -6.780  0.9814E-01  0.2676E+00
  -6.760  0.9744E-01  0.2695E+00
  -6.740  0.9676E-01  0.2715E+00
  -6.720  0.9610E-01  0.2734E+00
  -6.700  0.9545E-01  0.2753E+00
  -6.680  0.9482E-01  0.2772E+00
  -6.660  0.9420E-01  0.2791E+00
  -6.640  0.9359E-01  0.2809E+00
  -6.620  0.9300E-01  0.2828E+00
  -6.600  0.9241E-01  0.2846E+00
  -6.580  0.9184E-01  0.2865E+00
  -6.560  0.9128E-01  0.2883E+00
  -6.540  0.9073E-01  0.2901E+00
  -6.520  0.9019E-01  0.2919E+00
  -6.500  0.8966E-01  0.2937E+00
  -6.480  0.8914E-01  0.2955E+00
  -6.460  0.8863E-01  0.2973E+00
  -6.440  0.8812E-01  0.2990E+00
  -6.420  0.8763E-01  0.3008E+00
  -6.400  0.8715E-01  0.3025E+00
  -6.380  0.8667E-01  0.3043E+00
  -6.360  0.8621E-01  0.3060E+00
  -6.340  0.8575E-01  0.3077E+00
  -6.320  0.8530E-01  0.3094E+00
  -6.300  0.8486E-01  0.3111E+00
  -6.280  0.8443E-01  0.3128E+00
  -6.260  0.8400E-01  0.3145E+00
  -6.240  0.8358E-01  0.3162E+00
  -6.220  0.8317E-01  0.3178E+00
  -6.200  0.8276E-01  0.3195E+00
  -6.180  0.8235E-01  0.3211E+00
  -6.160  0.8195E-01  0.3228E+00
  -6.140  0.8156E-01  0.3244E+00
  -6.120  0.8117E-01  0.3260E+00
  -6.100  0.8079E-01  0.3276E+00
  -6.080  0.8042E-01  0.3292E+00
  -6.060  0.8006E-01  0.3308E+00
  -6.040  0.7970E-01  0.3324E+00
  -6.020  0.7934E-01  0.3340E+00
  -6.000  0.7899E-01  0.3356E+00
  -5.980  0.7865E-01  0.3372E+00
  -5.960  0.7831E-01  0.3387E+00
  -5.940  0.7797E-01  0.3403E+00
  -5.920  0.7764E-01  0.3418E+00
  -5.900  0.7732E-01  0.3434E+00
  -5.880  0.7700E-01  0.3449E+00
  -5.860  0.7669E-01  0.3465E+00
  -5.840  0.7638E-01  0.3480E+00
  -5.820  0.7607E-01  0.3495E+00
  -5.800  0.7577E-01  0.3510E+00
  -5.780  0.7547E-01  0.3525E+00
  -5.760  0.7518E-01  0.3540E+00
  -5.740  0.7489E-01  0.3555E+00
  -5.720  0.7461E-01  0.3570E+00
  -5.700  0.7432E-01  0.3585E+00
  -5.680  0.7404E-01  0.3600E+00
  -5.660  0.7376E-01  0.3615E+00
  -5.640  0.7349E-01  0.3629E+00
  -5.620  0.7321E-01  0.3644E+00
  -5.600  0.7295E-01  0.3659E+00
  -5.580  0.7268E-01  0.3673E+00
  -5.560  0.7242E-01  0.3688E+00
  -5.540  0.7217E-01  0.3702E+00
  -5.520  0.7192E-01  0.3717E+00
  -5.500  0.7167E-01  0.3731E+00
  -5.480  0.7142E-01  0.3745E+00
  -5.460  0.7118E-01  0.3759E+00
  -5.440  0.7094E-01  0.3774E+00
  -5.420  0.7070E-01  0.3788E+00
  -5.400  0.7046E-01  0.3802E+00
  -5.380  0.7022E-01  0.3816E+00
  -5.360  0.6999E-01  0.3830E+00
  -5.340  0.6977E-01  0.3844E+00
  -5.320  0.6954E-01  0.3858E+00
  -5.300  0.6932E-01  0.3872E+00
  -5.280  0.6910E-01  0.3885E+00
  -5.260  0.6889E-01  0.3899E+00
  -5.240  0.6868E-01  0.3913E+00
  -5.220  0.6847E-01  0.3927E+00
  -5.200  0.6826E-01  0.3940E+00
  -5.180  0.6806E-01  0.3954E+00
  -5.160  0.6786E-01  0.3967E+00
  -5.140  0.6766E-01  0.3981E+00
  -5.120  0.6747E-01  0.3994E+00
  -5.100  0.6727E-01  0.4008E+00
  -5.080  0.6708E-01  0.4021E+00
  -5.060  0.6689E-01  0.4035E+00
  -5.040  0.6670E-01  0.4048E+00
  -5.020  0.6651E-01  0.4061E+00
  -5.000  0.6632E-01  0.4075E+00
  -4.980  0.6614E-01  0.4088E+00
  -4.960  0.6596E-01  0.4101E+00
  -4.940  0.6578E-01  0.4114E+00
  -4.920  0.6560E-01  0.4127E+00
  -4.900  0.6543E-01  0.4140E+00
  -4.880  0.6525E-01  0.4153E+00
  -4.860  0.6509E-01  0.4166E+00
  -4.840  0.6492E-01  0.4179E+00
  -4.820  0.6475E-01  0.4192E+00
  -4.800  0.6459E-01  0.4205E+00
  -4.780  0.6443E-01  0.4218E+00
  -4.760  0.6427E-01  0.4231E+00
  -4.740  0.6411E-01  0.4244E+00
  -4.720  0.6395E-01  0.4257E+00
  -4.700  0.6380E-01  0.4269E+00
  -4.680  0.6365E-01  0.4282E+00
  -4.660  0.6349E-01  0.4295E+00
  -4.640  0.6335E-01  0.4308E+00
  -4.620  0.6320E-01  0.4320E+00
  -4.600  0.6305E-01  0.4333E+00
  -4.580  0.6291E-01  0.4345E+00
  -4.560  0.6277E-01  0.4358E+00
  -4.540  0.6263E-01  0.4370E+00
  -4.520  0.6249E-01  0.4383E+00
  -4.500  0.6235E-01  0.4395E+00
  -4.480  0.6222E-01  0.4408E+00
  -4.460  0.6209E-01  0.4420E+00
  -4.440  0.6196E-01  0.4433E+00
  -4.420  0.6183E-01  0.4445E+00
  -4.400  0.6170E-01  0.4457E+00
  -4.380  0.6157E-01  0.4470E+00
  -4.360  0.6145E-01  0.4482E+00
  -4.340  0.6133E-01  0.4494E+00
  -4.320  0.6121E-01  0.4506E+00
  -4.300  0.6109E-01  0.4519E+00
  -4.280  0.6098E-01  0.4531E+00
  -4.260  0.6086E-01  0.4543E+00
  -4.240  0.6075E-01  0.4555E+00
  -4.220  0.6064E-01  0.4567E+00
  -4.200  0.6052E-01  0.4579E+00
  -4.180  0.6041E-01  0.4592E+00
  -4.160  0.6030E-01  0.4604E+00
  -4.140  0.6020E-01  0.4616E+00
  -4.120  0.6009E-01  0.4628E+00
  -4.100  0.5999E-01  0.4640E+00
  -4.080  0.5989E-01  0.4652E+00
  -4.060  0.5979E-01  0.4664E+00
  -4.040  0.5969E-01  0.4676E+00
  -4.020  0.5960E-01  0.4687E+00
  -4.000  0.5951E-01  0.4699E+00
  -3.980  0.5942E-01  0.4711E+00
  -3.960  0.5933E-01  0.4723E+00
  -3.940  0.5924E-01  0.4735E+00
  -3.920  0.5915E-01  0.4747E+00
  -3.900  0.5907E-01  0.4759E+00
  -3.880  0.5899E-01  0.4770E+00
  -3.860  0.5891E-01  0.4782E+00
  -3.840  0.5883E-01  0.4794E+00
  -3.820  0.5876E-01  0.4806E+00
  -3.800  0.5868E-01  0.4817E+00
  -3.780  0.5861E-01  0.4829E+00
  -3.760  0.5854E-01  0.4841E+00
  -3.740  0.5848E-01  0.4853E+00
  -3.720  0.5841E-01  0.4864E+00
  -3.700  0.5835E-01  0.4876E+00
  -3.680  0.5829E-01  0.4888E+00
  -3.660  0.5823E-01  0.4899E+00
  -3.640  0.5818E-01  0.4911E+00
  -3.620  0.5813E-01  0.4922E+00
  -3.600  0.5808E-01  0.4934E+00
  -3.580  0.5803E-01  0.4946E+00
  -3.560  0.5799E-01  0.4957E+00
  -3.540  0.5795E-01  0.4969E+00
  -3.520  0.5791E-01  0.4980E+00
  -3.500  0.5788E-01  0.4992E+00
  -3.480  0.5784E-01  0.5004E+00
  -3.460  0.5781E-01  0.5015E+00
  -3.440  0.5779E-01  0.5027E+00
  -3.420  0.5776E-01  0.5038E+00
  -3.400  0.5774E-01  0.5050E+00
  -3.380  0.5773E-01  0.5061E+00
  -3.360  0.5772E-01  0.5073E+00
  -3.340  0.5771E-01  0.5084E+00
  -3.320  0.5771E-01  0.5096E+00
  -3.300  0.5772E-01  0.5108E+00
  -3.280  0.5773E-01  0.5119E+00
  -3.260  0.5774E-01  0.5131E+00
  -3.240  0.5776E-01  0.5142E+00
  -3.220  0.5779E-01  0.5154E+00
  -3.200  0.5782E-01  0.5165E+00
  -3.180  0.5786E-01  0.5177E+00
  -3.160  0.5791E-01  0.5188E+00
  -3.140  0.5796E-01  0.5200E+00
  -3.120  0.5802E-01  0.5212E+00
  -3.100  0.5809E-01  0.5223E+00
  -3.080  0.5817E-01  0.5235E+00
  -3.060  0.5826E-01  0.5247E+00
  -3.040  0.5836E-01  0.5258E+00
  -3.020  0.5848E-01  0.5270E+00
  -3.000  0.5860E-01  0.5282E+00
  -2.980  0.5874E-01  0.5293E+00
  -2.960  0.5890E-01  0.5305E+00
  -2.940  0.5907E-01  0.5317E+00
  -2.920  0.5926E-01  0.5329E+00
  -2.900  0.5947E-01  0.5341E+00
  -2.880  0.5971E-01  0.5353E+00
  -2.860  0.5997E-01  0.5365E+00
  -2.840  0.6026E-01  0.5377E+00
  -2.820  0.6058E-01  0.5389E+00
  -2.800  0.6094E-01  0.5401E+00
  -2.780  0.6135E-01  0.5413E+00
  -2.760  0.6181E-01  0.5426E+00
  -2.740  0.6233E-01  0.5438E+00
  -2.720  0.6292E-01  0.5451E+00
  -2.700  0.6362E-01  0.5463E+00
  -2.680  0.6447E-01  0.5476E+00
  -2.660  0.6556E-01  0.5489E+00
  -2.640  0.6713E-01  0.5503E+00
  -2.620  0.6968E-01  0.5517E+00
  -2.600  0.7424E-01  0.5532E+00
  -2.580  0.8265E-01  0.5548E+00
  -2.560  0.9792E-01  0.5568E+00
  -2.540  0.1243E+00  0.5593E+00
  -2.520  0.1665E+00  0.5626E+00
  -2.500  0.2286E+00  0.5672E+00
  -2.480  0.3119E+00  0.5734E+00
  -2.460  0.4126E+00  0.5817E+00
  -2.440  0.5214E+00  0.5921E+00
  -2.420  0.6244E+00  0.6046E+00
  -2.400  0.7074E+00  0.6187E+00
  -2.380  0.7592E+00  0.6339E+00
  -2.360  0.7756E+00  0.6494E+00
  -2.340  0.7599E+00  0.6646E+00
  -2.320  0.7210E+00  0.6790E+00
  -2.300  0.6696E+00  0.6924E+00
  -2.280  0.6155E+00  0.7047E+00
  -2.260  0.5651E+00  0.7160E+00
  -2.240  0.5216E+00  0.7265E+00
  -2.220  0.4857E+00  0.7362E+00
  -2.200  0.4565E+00  0.7453E+00
  -2.180  0.4327E+00  0.7540E+00
  -2.160  0.4129E+00  0.7622E+00
  -2.140  0.3962E+00  0.7702E+00
  -2.120  0.3817E+00  0.7778E+00
  -2.100  0.3691E+00  0.7852E+00
  -2.080  0.3578E+00  0.7923E+00
  -2.060  0.3477E+00  0.7993E+00
  -2.040  0.3385E+00  0.8060E+00
  -2.020  0.3301E+00  0.8126E+00
  -2.000  0.3224E+00  0.8191E+00
  -1.980  0.3153E+00  0.8254E+00
  -1.960  0.3087E+00  0.8316E+00
  -1.940  0.3026E+00  0.8376E+00
  -1.920  0.2969E+00  0.8436E+00
  -1.900  0.2915E+00  0.8494E+00
  -1.880  0.2865E+00  0.8551E+00
  -1.860  0.2817E+00  0.8608E+00
  -1.840  0.2773E+00  0.8663E+00
  -1.820  0.2730E+00  0.8718E+00
  -1.800  0.2690E+00  0.8771E+00
  -1.780  0.2652E+00  0.8825E+00
  -1.760  0.2616E+00  0.8877E+00
  -1.740  0.2582E+00  0.8928E+00
  -1.720  0.2549E+00  0.8979E+00
  -1.700  0.2518E+00  0.9030E+00
  -1.680  0.2488E+00  0.9080E+00
  -1.660  0.2459E+00  0.9129E+00
  -1.640  0.2431E+00  0.9177E+00
  -1.620  0.2405E+00  0.9225E+00
  -1.600  0.2380E+00  0.9273E+00
  -1.580  0.2355E+00  0.9320E+00
  -1.560  0.2332E+00  0.9367E+00
  -1.540  0.2309E+00  0.9413E+00
  -1.520  0.2287E+00  0.9459E+00
  -1.500  0.2266E+00  0.9504E+00
  -1.480  0.2246E+00  0.9549E+00
  -1.460  0.2226E+00  0.9593E+00
  -1.440  0.2207E+00  0.9638E+00
  -1.420  0.2189E+00  0.9681E+00
  -1.400  0.2171E+00  0.9725E+00
  -1.380  0.2154E+00  0.9768E+00
  -1.360  0.2137E+00  0.9811E+00
  -1.340  0.2121E+00  0.9853E+00
  -1.320  0.2105E+00  0.9895E+00
  -1.300  0.2090E+00  0.9937E+00
  -1.280  0.2075E+00  0.9978E+00
  -1.260  0.2061E+00  0.1002E+01
  -1.240  0.2047E+00  0.1006E+01
  -1.220  0.2034E+00  0.1010E+01
  -1.200  0.2021E+00  0.1014E+01
  -1.180  0.2009E+00  0.1018E+01
  -1.160  0.1996E+00  0.1022E+01
  -1.140  0.1984E+00  0.1026E+01
  -1.120  0.1973E+00  0.1030E+01
  -1.100  0.1962E+00  0.1034E+01
  -1.080  0.1951E+00  0.1038E+01
  -1.060  0.1940E+00  0.1042E+01
  -1.040  0.1930E+00  0.1046E+01
  -1.020  0.1920E+00  0.1050E+01
  -1.000  0.1910E+00  0.1053E+01
  -0.980  0.1901E+00  0.1057E+01
  -0.960  0.1891E+00  0.1061E+01
  -0.940  0.1883E+00  0.1065E+01
  -0.920  0.1874E+00  0.1068E+01
  -0.900  0.1866E+00  0.1072E+01
  -0.880  0.1857E+00  0.1076E+01
  -0.860  0.1850E+00  0.1080E+01
  -0.840  0.1842E+00  0.1083E+01
  -0.820  0.1834E+00  0.1087E+01
  -0.800  0.1827E+00  0.1091E+01
  -0.780  0.1820E+00  0.1094E+01
  -0.760  0.1813E+00  0.1098E+01
  -0.740  0.1807E+00  0.1101E+01
  -0.720  0.1801E+00  0.1105E+01
  -0.700  0.1795E+00  0.1109E+01
  -0.680  0.1789E+00  0.1112E+01
  -0.660  0.1783E+00  0.1116E+01
  -0.640  0.1778E+00  0.1119E+01
  -0.620  0.1773E+00  0.1123E+01
  -0.600  0.1768E+00  0.1126E+01
  -0.580  0.1764E+00  0.1130E+01
  -0.560  0.1760E+00  0.1133E+01
  -0.540  0.1756E+00  0.1137E+01
  -0.520  0.1752E+00  0.1140E+01
  -0.500  0.1748E+00  0.1144E+01
  -0.480  0.1745E+00  0.1147E+01
  -0.460  0.1742E+00  0.1151E+01
  -0.440  0.1739E+00  0.1154E+01
  -0.420  0.1737E+00  0.1158E+01
  -0.400  0.1735E+00  0.1161E+01
  -0.380  0.1733E+00  0.1165E+01
  -0.360  0.1731E+00  0.1168E+01
  -0.340  0.1730E+00  0.1172E+01
  -0.320  0.1730E+00  0.1175E+01
  -0.300  0.1731E+00  0.1179E+01
  -0.280  0.1734E+00  0.1182E+01
  -0.260  0.1743E+00  0.1186E+01
  -0.240  0.1765E+00  0.1189E+01
  -0.220  0.1816E+00  0.1193E+01
  -0.200  0.1921E+00  0.1197E+01
  -0.180  0.2120E+00  0.1201E+01
  -0.160  0.2463E+00  0.1206E+01
  -0.140  0.3003E+00  0.1212E+01
  -0.120  0.3771E+00  0.1219E+01
  -0.100  0.4758E+00  0.1229E+01
  -0.080  0.5896E+00  0.1241E+01
  -0.060  0.7058E+00  0.1255E+01
  -0.040  0.8092E+00  0.1271E+01
  -0.020  0.8857E+00  0.1289E+01
   0.000  0.9271E+00  0.1307E+01
   0.020  0.9329E+00  0.1326E+01
   0.040  0.9095E+00  0.1344E+01
   0.060  0.8677E+00  0.1361E+01
   0.080  0.8185E+00  0.1378E+01
   0.100  0.7709E+00  0.1393E+01
   0.120  0.7310E+00  0.1408E+01
   0.140  0.7031E+00  0.1422E+01
   0.160  0.6903E+00  0.1436E+01
   0.180  0.6963E+00  0.1450E+01
   0.200  0.7253E+00  0.1464E+01
   0.220  0.7804E+00  0.1480E+01
   0.240  0.8613E+00  0.1497E+01
   0.260  0.9624E+00  0.1516E+01
   0.280  0.1072E+01  0.1538E+01
   0.300  0.1174E+01  0.1561E+01
   0.320  0.1251E+01  0.1586E+01
   0.340  0.1294E+01  0.1612E+01
   0.360  0.1300E+01  0.1638E+01
   0.380  0.1276E+01  0.1664E+01
   0.400  0.1238E+01  0.1688E+01
   0.420  0.1204E+01  0.1712E+01
   0.440  0.1188E+01  0.1736E+01
   0.460  0.1201E+01  0.1760E+01
   0.480  0.1243E+01  0.1785E+01
   0.500  0.1306E+01  0.1811E+01
   0.520  0.1376E+01  0.1839E+01
   0.540  0.1436E+01  0.1867E+01
   0.560  0.1473E+01  0.1897E+01
   0.580  0.1480E+01  0.1926E+01
   0.600  0.1457E+01  0.1956E+01
   0.620  0.1410E+01  0.1984E+01
   0.640  0.1351E+01  0.2011E+01
   0.660  0.1288E+01  0.2037E+01
   0.680  0.1228E+01  0.2061E+01
   0.700  0.1175E+01  0.2085E+01
   0.720  0.1130E+01  0.2107E+01
   0.740  0.1093E+01  0.2129E+01
   0.760  0.1061E+01  0.2150E+01
   0.780  0.1035E+01  0.2171E+01
   0.800  0.1012E+01  0.2191E+01
   0.820  0.9923E+00  0.2211E+01
   0.840  0.9752E+00  0.2231E+01
   0.860  0.9601E+00  0.2250E+01
   0.880  0.9469E+00  0.2269E+01
   0.900  0.9353E+00  0.2287E+01
   0.920  0.9253E+00  0.2306E+01
   0.940  0.9167E+00  0.2324E+01
   0.960  0.9094E+00  0.2342E+01
   0.980  0.9036E+00  0.2361E+01
   1.000  0.8992E+00  0.2379E+01
   1.020  0.8963E+00  0.2396E+01
   1.040  0.8951E+00  0.2414E+01
   1.060  0.8959E+00  0.2432E+01
   1.080  0.8989E+00  0.2450E+01
   1.100  0.9049E+00  0.2468E+01
   1.120  0.9144E+00  0.2487E+01
   1.140  0.9283E+00  0.2505E+01
   1.160  0.9470E+00  0.2524E+01
   1.180  0.9702E+00  0.2544E+01
   1.200  0.9964E+00  0.2563E+01
   1.220  0.1022E+01  0.2584E+01
   1.240  0.1040E+01  0.2605E+01
   1.260  0.1045E+01  0.2626E+01
   1.280  0.1031E+01  0.2646E+01
   1.300  0.9951E+00  0.2666E+01
   1.320  0.9389E+00  0.2685E+01
   1.340  0.8700E+00  0.2702E+01
   1.360  0.7997E+00  0.2718E+01
   1.380  0.7405E+00  0.2733E+01
   1.400  0.7051E+00  0.2747E+01
   1.420  0.7051E+00  0.2761E+01
   1.440  0.7523E+00  0.2776E+01
   1.460  0.8580E+00  0.2794E+01
   1.480  0.1031E+01  0.2814E+01
   1.500  0.1274E+01  0.2840E+01
   1.520  0.1576E+01  0.2871E+01
   1.540  0.1908E+01  0.2909E+01
   1.560  0.2225E+01  0.2954E+01
   1.580  0.2473E+01  0.3003E+01
   1.600  0.2605E+01  0.3055E+01
   1.620  0.2595E+01  0.3107E+01
   1.640  0.2446E+01  0.3156E+01
   1.660  0.2190E+01  0.3200E+01
   1.680  0.1875E+01  0.3238E+01
   1.700  0.1550E+01  0.3269E+01
   1.720  0.1253E+01  0.3294E+01
   1.740  0.1004E+01  0.3314E+01
   1.760  0.8059E+00  0.3330E+01
   1.780  0.6525E+00  0.3343E+01
   1.800  0.5354E+00  0.3354E+01
   1.820  0.4478E+00  0.3363E+01
   1.840  0.3843E+00  0.3370E+01
   1.860  0.3403E+00  0.3377E+01
   1.880  0.3104E+00  0.3383E+01
   1.900  0.2883E+00  0.3389E+01
   1.920  0.2679E+00  0.3394E+01
   1.940  0.2448E+00  0.3399E+01
   1.960  0.2173E+00  0.3404E+01
   1.980  0.1864E+00  0.3407E+01
   2.000  0.1551E+00  0.3410E+01
   2.020  0.1263E+00  0.3413E+01
   2.040  0.1027E+00  0.3415E+01
   2.060  0.8500E-01  0.3417E+01
   2.080  0.7305E-01  0.3418E+01
   2.100  0.6567E-01  0.3419E+01
   2.120  0.6148E-01  0.3421E+01
   2.140  0.5926E-01  0.3422E+01
   2.160  0.5813E-01  0.3423E+01
   2.180  0.5753E-01  0.3424E+01
   2.200  0.5718E-01  0.3425E+01
   2.220  0.5693E-01  0.3426E+01
   2.240  0.5672E-01  0.3428E+01
   2.260  0.5653E-01  0.3429E+01
   2.280  0.5634E-01  0.3430E+01
   2.300  0.5616E-01  0.3431E+01
   2.320  0.5598E-01  0.3432E+01
   2.340  0.5580E-01  0.3433E+01
   2.360  0.5563E-01  0.3434E+01
   2.380  0.5546E-01  0.3435E+01
   2.400  0.5529E-01  0.3437E+01
   2.420  0.5512E-01  0.3438E+01
   2.440  0.5496E-01  0.3439E+01
   2.460  0.5480E-01  0.3440E+01
   2.480  0.5464E-01  0.3441E+01
   2.500  0.5449E-01  0.3442E+01
   2.520  0.5433E-01  0.3443E+01
   2.540  0.5418E-01  0.3444E+01
   2.560  0.5403E-01  0.3445E+01
   2.580  0.5389E-01  0.3446E+01
   2.600  0.5374E-01  0.3447E+01
   2.620  0.5360E-01  0.3449E+01
   2.640  0.5346E-01  0.3450E+01
   2.660  0.5332E-01  0.3451E+01
   2.680  0.5318E-01  0.3452E+01
   2.700  0.5305E-01  0.3453E+01
   2.720  0.5292E-01  0.3454E+01
   2.740  0.5278E-01  0.3455E+01
   2.760  0.5266E-01  0.3456E+01
   2.780  0.5253E-01  0.3457E+01
   2.800  0.5240E-01  0.3458E+01
   2.820  0.5228E-01  0.3459E+01
   2.840  0.5215E-01  0.3460E+01
   2.860  0.5203E-01  0.3461E+01
   2.880  0.5191E-01  0.3462E+01
   2.900  0.5180E-01  0.3463E+01
   2.920  0.5168E-01  0.3464E+01
   2.940  0.5156E-01  0.3465E+01
   2.960  0.5145E-01  0.3466E+01
   2.980  0.5134E-01  0.3467E+01
   3.000  0.5123E-01  0.3468E+01
   3.020  0.5112E-01  0.3469E+01
   3.040  0.5101E-01  0.3470E+01
   3.060  0.5090E-01  0.3471E+01
   3.080  0.5080E-01  0.3472E+01
   3.100  0.5069E-01  0.3473E+01
   3.120  0.5059E-01  0.3474E+01
   3.140  0.5049E-01  0.3475E+01
   3.160  0.5039E-01  0.3476E+01
   3.180  0.5029E-01  0.3478E+01
   3.200  0.5019E-01  0.3479E+01
   3.220  0.5009E-01  0.3480E+01
   3.240  0.4999E-01  0.3481E+01
   3.260  0.4990E-01  0.3482E+01
   3.280  0.4981E-01  0.3483E+01
   3.300  0.4971E-01  0.3483E+01
   3.320  0.4962E-01  0.3484E+01
   3.340  0.4953E-01  0.3485E+01
   3.360  0.4944E-01  0.3486E+01
   3.380  0.4935E-01  0.3487E+01
   3.400  0.4926E-01  0.3488E+01
   3.420  0.4918E-01  0.3489E+01
   3.440  0.4909E-01  0.3490E+01
   3.460  0.4901E-01  0.3491E+01
   3.480  0.4892E-01  0.3492E+01
   3.500  0.4884E-01  0.3493E+01
   3.520  0.4876E-01  0.3494E+01
   3.540  0.4868E-01  0.3495E+01
   3.560  0.4860E-01  0.3496E+01
   3.580  0.4854E-01  0.3497E+01
   3.600  0.4851E-01  0.3498E+01
   3.620  0.4859E-01  0.3499E+01
   3.640  0.4889E-01  0.3500E+01
   3.660  0.4970E-01  0.3501E+01
   3.680  0.5149E-01  0.3502E+01
   3.700  0.5500E-01  0.3503E+01
   3.720  0.6125E-01  0.3505E+01
   3.740  0.7137E-01  0.3506E+01
   3.760  0.8648E-01  0.3508E+01
   3.780  0.1075E+00  0.3510E+01
   3.800  0.1350E+00  0.3513E+01
   3.820  0.1704E+00  0.3516E+01
   3.840  0.2156E+00  0.3520E+01
   3.860  0.2747E+00  0.3526E+01
   3.880  0.3526E+00  0.3533E+01
   3.900  0.4540E+00  0.3542E+01
   3.920  0.5797E+00  0.3553E+01
   3.940  0.7244E+00  0.3568E+01
   3.960  0.8749E+00  0.3585E+01
   3.980  0.1013E+01  0.3606E+01
   4.000  0.1120E+01  0.3628E+01
   4.020  0.1182E+01  0.3652E+01
   4.040  0.1194E+01  0.3676E+01
   4.060  0.1162E+01  0.3699E+01
   4.080  0.1099E+01  0.3721E+01
   4.100  0.1019E+01  0.3741E+01
   4.120  0.9369E+00  0.3760E+01
   4.140  0.8611E+00  0.3777E+01
   4.160  0.7961E+00  0.3793E+01
   4.180  0.7425E+00  0.3808E+01
   4.200  0.6991E+00  0.3822E+01
   4.220  0.6639E+00  0.3835E+01
   4.240  0.6347E+00  0.3848E+01
   4.260  0.6102E+00  0.3860E+01
   4.280  0.5891E+00  0.3872E+01
   4.300  0.5707E+00  0.3883E+01
   4.320  0.5543E+00  0.3894E+01
   4.340  0.5398E+00  0.3905E+01
   4.360  0.5270E+00  0.3916E+01
   4.380  0.5159E+00  0.3926E+01
   4.400  0.5069E+00  0.3936E+01
   4.420  0.5008E+00  0.3946E+01
   4.440  0.4986E+00  0.3956E+01
   4.460  0.5014E+00  0.3966E+01
   4.480  0.5098E+00  0.3976E+01
   4.500  0.5238E+00  0.3987E+01
   4.520  0.5418E+00  0.3998E+01
   4.540  0.5613E+00  0.4009E+01
   4.560  0.5787E+00  0.4020E+01
   4.580  0.5907E+00  0.4032E+01
   4.600  0.5954E+00  0.4044E+01
   4.620  0.5923E+00  0.4056E+01
   4.640  0.5828E+00  0.4068E+01
   4.660  0.5690E+00  0.4079E+01
   4.680  0.5534E+00  0.4090E+01
   4.700  0.5379E+00  0.4101E+01
   4.720  0.5237E+00  0.4111E+01
   4.740  0.5114E+00  0.4122E+01
   4.760  0.5010E+00  0.4132E+01
   4.780  0.4928E+00  0.4141E+01
   4.800  0.4873E+00  0.4151E+01
   4.820  0.4856E+00  0.4161E+01
   4.840  0.4894E+00  0.4171E+01
   4.860  0.5013E+00  0.4181E+01
   4.880  0.5237E+00  0.4191E+01
   4.900  0.5583E+00  0.4202E+01
   4.920  0.6043E+00  0.4214E+01
   4.940  0.6581E+00  0.4228E+01
   4.960  0.7131E+00  0.4242E+01
   4.980  0.7611E+00  0.4257E+01
   5.000  0.7947E+00  0.4273E+01
   5.020  0.8093E+00  0.4289E+01
   5.040  0.8046E+00  0.4305E+01
   5.060  0.7841E+00  0.4321E+01
   5.080  0.7533E+00  0.4336E+01
   5.100  0.7185E+00  0.4350E+01
   5.120  0.6841E+00  0.4364E+01
   5.140  0.6531E+00  0.4377E+01
   5.160  0.6265E+00  0.4390E+01
   5.180  0.6044E+00  0.4402E+01
   5.200  0.5859E+00  0.4414E+01
   5.220  0.5704E+00  0.4425E+01
   5.240  0.5571E+00  0.4436E+01
   5.260  0.5456E+00  0.4447E+01
   5.280  0.5354E+00  0.4458E+01
   5.300  0.5263E+00  0.4468E+01
   5.320  0.5181E+00  0.4479E+01
   5.340  0.5106E+00  0.4489E+01
   5.360  0.5037E+00  0.4499E+01
   5.380  0.4974E+00  0.4509E+01
   5.400  0.4916E+00  0.4519E+01
   5.420  0.4862E+00  0.4528E+01
   5.440  0.4813E+00  0.4538E+01
   5.460  0.4766E+00  0.4548E+01
   5.480  0.4723E+00  0.4557E+01
   5.500  0.4682E+00  0.4566E+01
   5.520  0.4644E+00  0.4576E+01
   5.540  0.4609E+00  0.4585E+01
   5.560  0.4575E+00  0.4594E+01
   5.580  0.4544E+00  0.4603E+01
   5.600  0.4515E+00  0.4612E+01
   5.620  0.4487E+00  0.4621E+01
   5.640  0.4461E+00  0.4630E+01
   5.660  0.4437E+00  0.4639E+01
   5.680  0.4414E+00  0.4648E+01
   5.700  0.4392E+00  0.4656E+01
   5.720  0.4372E+00  0.4665E+01
   5.740  0.4353E+00  0.4674E+01
   5.760  0.4335E+00  0.4683E+01
   5.780  0.4319E+00  0.4691E+01
   5.800  0.4303E+00  0.4700E+01
   5.820  0.4288E+00  0.4708E+01
   5.840  0.4275E+00  0.4717E+01
   5.860  0.4262E+00  0.4725E+01
   5.880  0.4251E+00  0.4734E+01
   5.900  0.4240E+00  0.4742E+01
   5.920  0.4230E+00  0.4751E+01
   5.940  0.4221E+00  0.4759E+01
   5.960  0.4213E+00  0.4768E+01
   5.980  0.4206E+00  0.4776E+01
   6.000  0.4200E+00  0.4785E+01
   6.020  0.4194E+00  0.4793E+01
   6.040  0.4189E+00  0.4801E+01
   6.060  0.4185E+00  0.4810E+01
   6.080  0.4182E+00  0.4818E+01
   6.100  0.4180E+00  0.4826E+01
   6.120  0.4178E+00  0.4835E+01
   6.140  0.4177E+00  0.4843E+01
   6.160  0.4178E+00  0.4852E+01
   6.180  0.4179E+00  0.4860E+01
   6.200  0.4180E+00  0.4868E+01
   6.220  0.4183E+00  0.4877E+01
   6.240  0.4187E+00  0.4885E+01
   6.260  0.4191E+00  0.4893E+01
   6.280  0.4197E+00  0.4902E+01
   6.300  0.4204E+00  0.4910E+01
   6.320  0.4211E+00  0.4919E+01
   6.340  0.4220E+00  0.4927E+01
   6.360  0.4230E+00  0.4936E+01
   6.380  0.4241E+00  0.4944E+01
   6.400  0.4254E+00  0.4953E+01
   6.420  0.4267E+00  0.4961E+01
   6.440  0.4283E+00  0.4970E+01
   6.460  0.4300E+00  0.4978E+01
   6.480  0.4318E+00  0.4987E+01
   6.500  0.4339E+00  0.4996E+01
   6.520  0.4362E+00  0.5004E+01
   6.540  0.4386E+00  0.5013E+01
   6.560  0.4414E+00  0.5022E+01
   6.580  0.4444E+00  0.5031E+01
   6.600  0.4478E+00  0.5040E+01
   6.620  0.4515E+00  0.5049E+01
   6.640  0.4556E+00  0.5058E+01
   6.660  0.4602E+00  0.5067E+01
   6.680  0.4655E+00  0.5076E+01
   6.700  0.4714E+00  0.5086E+01
   6.720  0.4782E+00  0.5095E+01
   6.740  0.4861E+00  0.5105E+01
   6.760  0.4956E+00  0.5115E+01
   6.780  0.5074E+00  0.5125E+01
   6.800  0.5223E+00  0.5136E+01
   6.820  0.5417E+00  0.5146E+01
   6.840  0.5672E+00  0.5158E+01
   6.860  0.6004E+00  0.5170E+01
   6.880  0.6419E+00  0.5183E+01
   6.900  0.6905E+00  0.5196E+01
   6.920  0.7425E+00  0.5211E+01
   6.940  0.7912E+00  0.5227E+01
   6.960  0.8284E+00  0.5244E+01
   6.980  0.8466E+00  0.5261E+01
   7.000  0.8410E+00  0.5277E+01
   7.020  0.8119E+00  0.5294E+01
   7.040  0.7644E+00  0.5309E+01
   7.060  0.7068E+00  0.5323E+01
   7.080  0.6477E+00  0.5336E+01
   7.100  0.5940E+00  0.5348E+01
   7.120  0.5496E+00  0.5359E+01
   7.140  0.5154E+00  0.5369E+01
   7.160  0.4903E+00  0.5379E+01
   7.180  0.4723E+00  0.5388E+01
   7.200  0.4593E+00  0.5398E+01
   7.220  0.4498E+00  0.5407E+01
   7.240  0.4426E+00  0.5415E+01
   7.260  0.4370E+00  0.5424E+01
   7.280  0.4324E+00  0.5433E+01
   7.300  0.4288E+00  0.5441E+01
   7.320  0.4258E+00  0.5450E+01
   7.340  0.4233E+00  0.5458E+01
   7.360  0.4214E+00  0.5467E+01
   7.380  0.4200E+00  0.5475E+01
   7.400  0.4190E+00  0.5484E+01
   7.420  0.4183E+00  0.5492E+01
   7.440  0.4181E+00  0.5500E+01
   7.460  0.4182E+00  0.5509E+01
   7.480  0.4187E+00  0.5517E+01
   7.500  0.4196E+00  0.5525E+01
   7.520  0.4209E+00  0.5534E+01
   7.540  0.4227E+00  0.5542E+01
   7.560  0.4249E+00  0.5551E+01
   7.580  0.4276E+00  0.5559E+01
   7.600  0.4310E+00  0.5568E+01
   7.620  0.4350E+00  0.5577E+01
   7.640  0.4399E+00  0.5586E+01
   7.660  0.4458E+00  0.5594E+01
   7.680  0.4531E+00  0.5604E+01
   7.700  0.4623E+00  0.5613E+01
   7.720  0.4739E+00  0.5622E+01
   7.740  0.4889E+00  0.5632E+01
   7.760  0.5082E+00  0.5642E+01
   7.780  0.5324E+00  0.5653E+01
   7.800  0.5617E+00  0.5664E+01
   7.820  0.5946E+00  0.5676E+01
   7.840  0.6282E+00  0.5689E+01
   7.860  0.6578E+00  0.5702E+01
   7.880  0.6784E+00  0.5715E+01
   7.900  0.6857E+00  0.5729E+01
   7.920  0.6779E+00  0.5742E+01
   7.940  0.6565E+00  0.5756E+01
   7.960  0.6257E+00  0.5768E+01
   7.980  0.5911E+00  0.5780E+01
   8.000  0.5578E+00  0.5791E+01
   8.020  0.5294E+00  0.5802E+01
   8.040  0.5072E+00  0.5812E+01
   8.060  0.4910E+00  0.5822E+01
   8.080  0.4794E+00  0.5831E+01
   8.100  0.4712E+00  0.5841E+01
   8.120  0.4650E+00  0.5850E+01
   8.140  0.4600E+00  0.5859E+01
   8.160  0.4557E+00  0.5868E+01
   8.180  0.4518E+00  0.5877E+01
   8.200  0.4482E+00  0.5886E+01
   8.220  0.4448E+00  0.5895E+01
   8.240  0.4417E+00  0.5904E+01
   8.260  0.4387E+00  0.5913E+01
   8.280  0.4358E+00  0.5922E+01
   8.300  0.4331E+00  0.5930E+01
   8.320  0.4306E+00  0.5939E+01
   8.340  0.4281E+00  0.5947E+01
   8.360  0.4258E+00  0.5956E+01
   8.380  0.4236E+00  0.5964E+01
   8.400  0.4215E+00  0.5973E+01
   8.420  0.4196E+00  0.5981E+01
   8.440  0.4177E+00  0.5990E+01
   8.460  0.4159E+00  0.5998E+01
   8.480  0.4142E+00  0.6006E+01
   8.500  0.4125E+00  0.6014E+01
   8.520  0.4110E+00  0.6023E+01
   8.540  0.4095E+00  0.6031E+01
   8.560  0.4081E+00  0.6039E+01
   8.580  0.4068E+00  0.6047E+01
   8.600  0.4055E+00  0.6055E+01
   8.620  0.4043E+00  0.6063E+01
   8.640  0.4032E+00  0.6071E+01
   8.660  0.4021E+00  0.6079E+01
   8.680  0.4011E+00  0.6087E+01
   8.700  0.4001E+00  0.6095E+01
   8.720  0.3992E+00  0.6103E+01
   8.740  0.3984E+00  0.6111E+01
   8.760  0.3976E+00  0.6119E+01
   8.780  0.3968E+00  0.6127E+01
   8.800  0.3962E+00  0.6135E+01
   8.820  0.3955E+00  0.6143E+01
   8.840  0.3949E+00  0.6151E+01
   8.860  0.3944E+00  0.6159E+01
   8.880  0.3939E+00  0.6167E+01
   8.900  0.3935E+00  0.6175E+01
   8.920  0.3931E+00  0.6182E+01
   8.940  0.3927E+00  0.6190E+01
   8.960  0.3924E+00  0.6198E+01
   8.980  0.3922E+00  0.6206E+01
   9.000  0.3920E+00  0.6214E+01
   9.020  0.3918E+00  0.6222E+01
   9.040  0.3917E+00  0.6230E+01
   9.060  0.3917E+00  0.6237E+01
   9.080  0.3916E+00  0.6245E+01
   9.100  0.3917E+00  0.6253E+01
   9.120  0.3917E+00  0.6261E+01
   9.140  0.3919E+00  0.6269E+01
   9.160  0.3920E+00  0.6277E+01
   9.180  0.3923E+00  0.6284E+01
   9.200  0.3925E+00  0.6292E+01
   9.220  0.3929E+00  0.6300E+01
   9.240  0.3932E+00  0.6308E+01
   9.260  0.3937E+00  0.6316E+01
   9.280  0.3941E+00  0.6324E+01
   9.300  0.3947E+00  0.6332E+01
   9.320  0.3953E+00  0.6340E+01
   9.340  0.3959E+00  0.6347E+01
   9.360  0.3966E+00  0.6355E+01
   9.380  0.3974E+00  0.6363E+01
   9.400  0.3982E+00  0.6371E+01
   9.420  0.3991E+00  0.6379E+01
   9.440  0.4001E+00  0.6387E+01
   9.460  0.4011E+00  0.6395E+01
   9.480  0.4022E+00  0.6403E+01
   9.500  0.4034E+00  0.6411E+01
   9.520  0.4046E+00  0.6419E+01
   9.540  0.4060E+00  0.6428E+01
   9.560  0.4074E+00  0.6436E+01
   9.580  0.4089E+00  0.6444E+01
   9.600  0.4105E+00  0.6452E+01
   9.620  0.4122E+00  0.6460E+01
   9.640  0.4140E+00  0.6469E+01
   9.660  0.4159E+00  0.6477E+01
   9.680  0.4179E+00  0.6485E+01
   9.700  0.4201E+00  0.6494E+01
   9.720  0.4223E+00  0.6502E+01
   9.740  0.4247E+00  0.6511E+01
   9.760  0.4273E+00  0.6519E+01
   9.780  0.4300E+00  0.6528E+01
   9.800  0.4329E+00  0.6536E+01
   9.820  0.4360E+00  0.6545E+01
   9.840  0.4392E+00  0.6554E+01
   9.860  0.4427E+00  0.6563E+01
   9.880  0.4464E+00  0.6572E+01
   9.900  0.4503E+00  0.6581E+01
   9.920  0.4545E+00  0.6590E+01
   9.940  0.4590E+00  0.6599E+01
   9.960  0.4638E+00  0.6608E+01
   9.980  0.4690E+00  0.6618E+01
  10.000  0.4746E+00  0.6627E+01
  10.020  0.4806E+00  0.6637E+01
  10.040  0.4871E+00  0.6647E+01
  10.060  0.4942E+00  0.6656E+01
  10.080  0.5020E+00  0.6666E+01
  10.100  0.5104E+00  0.6677E+01
  10.120  0.5198E+00  0.6687E+01
  10.140  0.5301E+00  0.6698E+01
  10.160  0.5417E+00  0.6709E+01
  10.180  0.5548E+00  0.6720E+01
  10.200  0.5697E+00  0.6731E+01
  10.220  0.5871E+00  0.6743E+01
  10.240  0.6077E+00  0.6755E+01
  10.260  0.6330E+00  0.6768E+01
  10.280  0.6646E+00  0.6781E+01
  10.300  0.7051E+00  0.6795E+01
  10.320  0.7571E+00  0.6810E+01
  10.340  0.8228E+00  0.6827E+01
  10.360  0.9020E+00  0.6845E+01
  10.380  0.9907E+00  0.6864E+01
  10.400  0.1080E+01  0.6886E+01
  10.420  0.1156E+01  0.6909E+01
  10.440  0.1203E+01  0.6933E+01
  10.460  0.1209E+01  0.6957E+01
  10.480  0.1167E+01  0.6981E+01
  10.500  0.1083E+01  0.7002E+01
  10.520  0.9700E+00  0.7022E+01
  10.540  0.8452E+00  0.7039E+01
  10.560  0.7254E+00  0.7053E+01
  10.580  0.6222E+00  0.7066E+01
  10.600  0.5408E+00  0.7076E+01
  10.620  0.4807E+00  0.7086E+01
  10.640  0.4382E+00  0.7095E+01
  10.660  0.4086E+00  0.7103E+01
  10.680  0.3876E+00  0.7111E+01
  10.700  0.3721E+00  0.7118E+01
  10.720  0.3600E+00  0.7125E+01
  10.740  0.3502E+00  0.7132E+01
  10.760  0.3419E+00  0.7139E+01
  10.780  0.3346E+00  0.7146E+01
  10.800  0.3283E+00  0.7152E+01
  10.820  0.3225E+00  0.7159E+01
  10.840  0.3174E+00  0.7165E+01
  10.860  0.3127E+00  0.7172E+01
  10.880  0.3085E+00  0.7178E+01
  10.900  0.3046E+00  0.7184E+01
  10.920  0.3010E+00  0.7190E+01
  10.940  0.2976E+00  0.7196E+01
  10.960  0.2946E+00  0.7202E+01
  10.980  0.2917E+00  0.7208E+01
  11.000  0.2891E+00  0.7213E+01
  11.020  0.2866E+00  0.7219E+01
  11.040  0.2842E+00  0.7225E+01
  11.060  0.2821E+00  0.7230E+01
  11.080  0.2800E+00  0.7236E+01
  11.100  0.2781E+00  0.7242E+01
  11.120  0.2763E+00  0.7247E+01
  11.140  0.2746E+00  0.7253E+01
  11.160  0.2730E+00  0.7258E+01
  11.180  0.2715E+00  0.7263E+01
  11.200  0.2701E+00  0.7269E+01
  11.220  0.2688E+00  0.7274E+01
  11.240  0.2676E+00  0.7280E+01
  11.260  0.2664E+00  0.7285E+01
  11.280  0.2653E+00  0.7290E+01
  11.300  0.2643E+00  0.7295E+01
  11.320  0.2633E+00  0.7301E+01
  11.340  0.2624E+00  0.7306E+01
  11.360  0.2615E+00  0.7311E+01
  11.380  0.2607E+00  0.7316E+01
  11.400  0.2600E+00  0.7322E+01
  11.420  0.2593E+00  0.7327E+01
  11.440  0.2587E+00  0.7332E+01
  11.460  0.2581E+00  0.7337E+01
  11.480  0.2576E+00  0.7342E+01
  11.500  0.2571E+00  0.7347E+01
  11.520  0.2566E+00  0.7353E+01
  11.540  0.2562E+00  0.7358E+01
  11.560  0.2559E+00  0.7363E+01
  11.580  0.2556E+00  0.7368E+01
  11.600  0.2553E+00  0.7373E+01
  11.620  0.2550E+00  0.7378E+01
  11.640  0.2548E+00  0.7383E+01
  11.660  0.2547E+00  0.7388E+01
  11.680  0.2545E+00  0.7393E+01
  11.700  0.2545E+00  0.7399E+01
  11.720  0.2544E+00  0.7404E+01
  11.740  0.2544E+00  0.7409E+01
  11.760  0.2544E+00  0.7414E+01
  11.780  0.2545E+00  0.7419E+01
  11.800  0.2546E+00  0.7424E+01
  11.820  0.2548E+00  0.7429E+01
  11.840  0.2550E+00  0.7434E+01
  11.860  0.2552E+00  0.7439E+01
  11.880  0.2554E+00  0.7444E+01
  11.900  0.2557E+00  0.7449E+01
  11.920  0.2561E+00  0.7455E+01
  11.940  0.2565E+00  0.7460E+01
  11.960  0.2569E+00  0.7465E+01
  11.980  0.2574E+00  0.7470E+01
  12.000  0.2579E+00  0.7475E+01
  12.020  0.2584E+00  0.7480E+01
  12.040  0.2590E+00  0.7486E+01
  12.060  0.2597E+00  0.7491E+01
  12.080  0.2604E+00  0.7496E+01
  12.100  0.2611E+00  0.7501E+01
  12.120  0.2619E+00  0.7506E+01
  12.140  0.2628E+00  0.7512E+01
  12.160  0.2637E+00  0.7517E+01
  12.180  0.2646E+00  0.7522E+01
  12.200  0.2657E+00  0.7528E+01
  12.220  0.2667E+00  0.7533E+01
  12.240  0.2679E+00  0.7538E+01
  12.260  0.2691E+00  0.7544E+01
  12.280  0.2703E+00  0.7549E+01
  12.300  0.2717E+00  0.7554E+01
  12.320  0.2731E+00  0.7560E+01
  12.340  0.2746E+00  0.7565E+01
  12.360  0.2762E+00  0.7571E+01
  12.380  0.2778E+00  0.7576E+01
  12.400  0.2796E+00  0.7582E+01
  12.420  0.2814E+00  0.7588E+01
  12.440  0.2834E+00  0.7593E+01
  12.460  0.2854E+00  0.7599E+01
  12.480  0.2876E+00  0.7605E+01
  12.500  0.2899E+00  0.7611E+01
  12.520  0.2923E+00  0.7616E+01
  12.540  0.2949E+00  0.7622E+01
  12.560  0.2976E+00  0.7628E+01
  12.580  0.3004E+00  0.7634E+01
  12.600  0.3035E+00  0.7640E+01
  12.620  0.3067E+00  0.7647E+01
  12.640  0.3101E+00  0.7653E+01
  12.660  0.3137E+00  0.7659E+01
  12.680  0.3176E+00  0.7665E+01
  12.700  0.3217E+00  0.7672E+01
  12.720  0.3261E+00  0.7678E+01
  12.740  0.3308E+00  0.7685E+01
  12.760  0.3359E+00  0.7692E+01
  12.780  0.3413E+00  0.7698E+01
  12.800  0.3472E+00  0.7705E+01
  12.820  0.3535E+00  0.7712E+01
  12.840  0.3604E+00  0.7720E+01
  12.860  0.3679E+00  0.7727E+01
  12.880  0.3761E+00  0.7735E+01
  12.900  0.3852E+00  0.7742E+01
  12.920  0.3952E+00  0.7750E+01
  12.940  0.4063E+00  0.7758E+01
  12.960  0.4189E+00  0.7767E+01
  12.980  0.4332E+00  0.7775E+01
  13.000  0.4498E+00  0.7784E+01
  13.020  0.4693E+00  0.7794E+01
  13.040  0.4928E+00  0.7804E+01
  13.060  0.5213E+00  0.7814E+01
  13.080  0.5562E+00  0.7825E+01
  13.100  0.5984E+00  0.7837E+01
  13.120  0.6475E+00  0.7850E+01
  13.140  0.7009E+00  0.7864E+01
  13.160  0.7532E+00  0.7879E+01
  13.180  0.7956E+00  0.7895E+01
  13.200  0.8181E+00  0.7911E+01
  13.220  0.8113E+00  0.7928E+01
  13.240  0.7703E+00  0.7943E+01
  13.260  0.6961E+00  0.7957E+01
  13.280  0.5963E+00  0.7969E+01
  13.300  0.4829E+00  0.7979E+01
  13.320  0.3689E+00  0.7986E+01
  13.340  0.2656E+00  0.7991E+01
  13.360  0.1800E+00  0.7995E+01
  13.380  0.1147E+00  0.7997E+01
  13.400  0.6853E-01  0.7998E+01
  13.420  0.3836E-01  0.7999E+01
  13.440  0.2007E-01  0.8000E+01
  13.460  0.9786E-02  0.8000E+01
  13.480  0.4438E-02  0.8000E+01
  13.500  0.1867E-02  0.8000E+01
  13.520  0.7275E-03  0.8000E+01
  13.540  0.2619E-03  0.8000E+01
  13.560  0.8701E-04  0.8000E+01
  13.580  0.2663E-04  0.8000E+01
  13.600  0.7503E-05  0.8000E+01
  13.620  0.1943E-05  0.8000E+01
  13.640  0.4626E-06  0.8000E+01
  13.660  0.1011E-06  0.8000E+01
  13.680  0.2029E-07  0.8000E+01
  13.700  0.3734E-08  0.8000E+01
  13.720  0.6305E-09  0.8000E+01
  13.740  0.9762E-10  0.8000E+01
  13.760  0.1386E-10  0.8000E+01
  13.780  0.1803E-11  0.8000E+01
  13.800  0.2150E-12  0.8000E+01
  13.820  0.2350E-13  0.8000E+01
  13.840  0.2354E-14  0.8000E+01
  13.860  0.2160E-15  0.8000E+01
  13.880  0.1816E-16  0.8000E+01
  13.900  0.1399E-17  0.8000E+01
  13.920  0.9870E-19  0.8000E+01
  13.940  0.6380E-20  0.8000E+01
  13.960  0.3778E-21  0.8000E+01
  13.980  0.2049E-22  0.8000E+01
  14.000  0.1018E-23  0.8000E+01
  14.020  0.4633E-25  0.8000E+01
  14.040  0.1931E-26  0.8000E+01
  14.060  0.7373E-28  0.8000E+01
  14.080  0.2578E-29  0.8000E+01
  14.100  0.8256E-31  0.8000E+01
  14.120  0.2421E-32  0.8000E+01
  14.140  0.6504E-34  0.8000E+01
  14.160  0.1600E-35  0.8000E+01
  14.180  0.3605E-37  0.8000E+01
  14.200  0.7439E-39  0.8000E+01
  14.220  0.1406E-40  0.8000E+01
  14.240  0.2432E-42  0.8000E+01
  14.260  0.3855E-44  0.8000E+01
  14.280  0.5594E-46  0.8000E+01
  14.300  0.7435E-48  0.8000E+01
  14.320  0.9049E-50  0.8000E+01
  14.340  0.1009E-51  0.8000E+01
  14.360  0.1029E-53  0.8000E+01
  14.380  0.9621E-56  0.8000E+01
  14.400  0.8234E-58  0.8000E+01
  14.420  0.6454E-60  0.8000E+01
  14.440  0.4632E-62  0.8000E+01
  14.460  0.3044E-64  0.8000E+01
  14.480  0.1832E-66  0.8000E+01
  14.500  0.1010E-68  0.8000E+01
  14.520  0.5095E-71  0.8000E+01
  14.540  0.2354E-73  0.8000E+01
  14.560  0.9961E-76  0.8000E+01
  14.580  0.3860E-78  0.8000E+01
  14.600  0.1370E-80  0.8000E+01
  14.620  0.4580E-83  0.8000E+01
  14.640  0.1443E-84  0.8000E+01
  14.660  0.1312E-84  0.8000E+01
  14.680  0.1312E-84  0.8000E+01
  14.700  0.1312E-84  0.8000E+01
  14.720  0.1312E-84  0.8000E+01
  14.740  0.1312E-84  0.8000E+01
  14.760  0.1312E-84  0.8000E+01
  14.780  0.1312E-84  0.8000E+01
  14.800  0.1312E-84  0.8000E+01
  14.820  0.1312E-84  0.8000E+01
  14.840  0.1312E-84  0.8000E+01
  14.860  0.1312E-84  0.8000E+01
  14.880  0.1312E-84  0.8000E+01
  14.900  0.1312E-84  0.8000E+01
  14.920  0.1312E-84  0.8000E+01
  14.940  0.1312E-84  0.8000E+01
  14.960  0.1312E-84  0.8000E+01
  14.980  0.1312E-84  0.8000E+01
  15.000  0.1312E-84  0.8000E+01
  15.020  0.1312E-84  0.8000E+01
  15.040  0.1312E-84  0.8000E+01
  15.060  0.1312E-84  0.8000E+01
  15.080  0.1312E-84  0.8000E+01
  15.100  0.1312E-84  0.8000E+01
  15.120  0.1312E-84  0.8000E+01
  15.140  0.1312E-84  0.8000E+01
  15.160  0.1312E-84  0.8000E+01
  15.180  0.1312E-84  0.8000E+01
  15.200  0.1312E-84  0.8000E+01
  15.220  0.1312E-84  0.8000E+01
  15.240  0.1312E-84  0.8000E+01
  15.260  0.1312E-84  0.8000E+01
  15.280  0.1312E-84  0.8000E+01
  15.300  0.1312E-84  0.8000E+01
  15.320  0.1312E-84  0.8000E+01
  15.340  0.1312E-84  0.8000E+01
  15.360  0.1312E-84  0.8000E+01
  15.380  0.1312E-84  0.8000E+01
  15.400  0.1312E-84  0.8000E+01
  15.420  0.1312E-84  0.8000E+01
  15.440  0.1312E-84  0.8000E+01
  15.460  0.1312E-84  0.8000E+01
  15.480  0.1312E-84  0.8000E+01
  15.500  0.1312E-84  0.8000E+01
  15.520  0.1312E-84  0.8000E+01
  15.540  0.1312E-84  0.8000E+01
  15.560  0.1312E-84  0.8000E+01
  15.580  0.1312E-84  0.8000E+01
  15.600  0.1312E-84  0.8000E+01
  15.620  0.1312E-84  0.8000E+01
  15.640  0.1312E-84  0.8000E+01
  15.660  0.1312E-84  0.8000E+01
  15.680  0.1312E-84  0.8000E+01
  15.700  0.1312E-84  0.8000E+01
  15.720  0.1312E-84  0.8000E+01
  15.740  0.1312E-84  0.8000E+01
  15.760  0.1312E-84  0.8000E+01
  15.780  0.1312E-84  0.8000E+01
  15.800  0.1312E-84  0.8000E+01
  15.820  0.1312E-84  0.8000E+01
  15.840  0.1312E-84  0.8000E+01
  15.860  0.1312E-84  0.8000E+01
  15.880  0.1312E-84  0.8000E+01
  15.900  0.1312E-84  0.8000E+01
  15.920  0.1312E-84  0.8000E+01
  15.940  0.1312E-84  0.8000E+01
  15.960  0.1312E-84  0.8000E+01
  15.980  0.1312E-84  0.8000E+01
  16.000  0.1312E-84  0.8000E+01
  16.020  0.1312E-84  0.8000E+01
  16.040  0.1312E-84  0.8000E+01
  16.060  0.1312E-84  0.8000E+01
  16.080  0.1852E-84  0.8000E+01
  16.100  0.1812E-82  0.8000E+01
  16.120  0.5459E-80  0.8000E+01
  16.140  0.1517E-77  0.8000E+01
  16.160  0.3861E-75  0.8000E+01
  16.180  0.8998E-73  0.8000E+01
  16.200  0.1920E-70  0.8000E+01
  16.220  0.3752E-68  0.8000E+01
  16.240  0.6714E-66  0.8000E+01
  16.260  0.1100E-63  0.8000E+01
  16.280  0.1651E-61  0.8000E+01
  16.300  0.2268E-59  0.8000E+01
  16.320  0.2853E-57  0.8000E+01
  16.340  0.3288E-55  0.8000E+01
  16.360  0.3469E-53  0.8000E+01
  16.380  0.3351E-51  0.8000E+01
  16.400  0.2965E-49  0.8000E+01
  16.420  0.2403E-47  0.8000E+01
  16.440  0.1783E-45  0.8000E+01
  16.460  0.1211E-43  0.8000E+01
  16.480  0.7539E-42  0.8000E+01
  16.500  0.4296E-40  0.8000E+01
  16.520  0.2242E-38  0.8000E+01
  16.540  0.1072E-36  0.8000E+01
  16.560  0.4691E-35  0.8000E+01
  16.580  0.1880E-33  0.8000E+01
  16.600  0.6904E-32  0.8000E+01
  16.620  0.2321E-30  0.8000E+01
  16.640  0.7149E-29  0.8000E+01
  16.660  0.2016E-27  0.8000E+01
  16.680  0.5209E-26  0.8000E+01
  16.700  0.1233E-24  0.8000E+01
  16.720  0.2671E-23  0.8000E+01
  16.740  0.5303E-22  0.8000E+01
  16.760  0.9642E-21  0.8000E+01
  16.780  0.1606E-19  0.8000E+01
  16.800  0.2450E-18  0.8000E+01
  16.820  0.3425E-17  0.8000E+01
  16.840  0.4385E-16  0.8000E+01
  16.860  0.5143E-15  0.8000E+01
  16.880  0.5527E-14  0.8000E+01
  16.900  0.5442E-13  0.8000E+01
  16.920  0.4909E-12  0.8000E+01
  16.940  0.4058E-11  0.8000E+01
  16.960  0.3074E-10  0.8000E+01
  16.980  0.2134E-09  0.8000E+01
  17.000  0.1358E-08  0.8000E+01
  17.020  0.7916E-08  0.8000E+01
  17.040  0.4232E-07  0.8000E+01
  17.060  0.2074E-06  0.8000E+01
  17.080  0.9319E-06  0.8000E+01
  17.100  0.3840E-05  0.8000E+01
  17.120  0.1452E-04  0.8000E+01
  17.140  0.5034E-04  0.8000E+01
  17.160  0.1602E-03  0.8000E+01
  17.180  0.4680E-03  0.8000E+01
  17.200  0.1255E-02  0.8000E+01
  17.220  0.3093E-02  0.8000E+01
  17.240  0.7007E-02  0.8000E+01
  17.260  0.1460E-01  0.8001E+01
  17.280  0.2800E-01  0.8001E+01
  17.300  0.4949E-01  0.8002E+01
  17.320  0.8071E-01  0.8004E+01
  17.340  0.1217E+00  0.8006E+01
  17.360  0.1699E+00  0.8010E+01
  17.380  0.2203E+00  0.8014E+01
  17.400  0.2665E+00  0.8019E+01
  17.420  0.3020E+00  0.8025E+01
  17.440  0.3226E+00  0.8032E+01
  17.460  0.3275E+00  0.8038E+01
  17.480  0.3189E+00  0.8045E+01
  17.500  0.3012E+00  0.8051E+01
  17.520  0.2792E+00  0.8056E+01
  17.540  0.2567E+00  0.8061E+01
  17.560  0.2362E+00  0.8066E+01
  17.580  0.2187E+00  0.8071E+01
  17.600  0.2043E+00  0.8075E+01
  17.620  0.1926E+00  0.8078E+01
  17.640  0.1831E+00  0.8082E+01
  17.660  0.1751E+00  0.8086E+01
  17.680  0.1684E+00  0.8089E+01
  17.700  0.1625E+00  0.8092E+01
  17.720  0.1574E+00  0.8095E+01
  17.740  0.1529E+00  0.8098E+01
  17.760  0.1489E+00  0.8101E+01
  17.780  0.1453E+00  0.8104E+01
  17.800  0.1422E+00  0.8107E+01
  17.820  0.1396E+00  0.8110E+01
  17.840  0.1378E+00  0.8113E+01
  17.860  0.1374E+00  0.8115E+01
  17.880  0.1395E+00  0.8118E+01
  17.900  0.1456E+00  0.8121E+01
  17.920  0.1576E+00  0.8124E+01
  17.940  0.1773E+00  0.8128E+01
  17.960  0.2056E+00  0.8132E+01
  17.980  0.2419E+00  0.8137E+01
  18.000  0.2832E+00  0.8142E+01
  18.020  0.3245E+00  0.8149E+01
  18.040  0.3602E+00  0.8156E+01
  18.060  0.3854E+00  0.8164E+01
  18.080  0.3973E+00  0.8172E+01
  18.100  0.3963E+00  0.8180E+01
  18.120  0.3849E+00  0.8187E+01
  18.140  0.3672E+00  0.8195E+01
  18.160  0.3470E+00  0.8202E+01
  18.180  0.3273E+00  0.8208E+01
  18.200  0.3098E+00  0.8214E+01
  18.220  0.2950E+00  0.8220E+01
  18.240  0.2830E+00  0.8226E+01
  18.260  0.2731E+00  0.8232E+01
  18.280  0.2649E+00  0.8237E+01
  18.300  0.2581E+00  0.8242E+01
  18.320  0.2524E+00  0.8247E+01
  18.340  0.2474E+00  0.8252E+01
  18.360  0.2431E+00  0.8257E+01
  18.380  0.2394E+00  0.8262E+01
  18.400  0.2362E+00  0.8266E+01
  18.420  0.2334E+00  0.8271E+01
  18.440  0.2310E+00  0.8276E+01
  18.460  0.2289E+00  0.8280E+01
  18.480  0.2273E+00  0.8285E+01
  18.500  0.2260E+00  0.8289E+01
  18.520  0.2251E+00  0.8294E+01
  18.540  0.2245E+00  0.8298E+01
  18.560  0.2244E+00  0.8303E+01
  18.580  0.2249E+00  0.8307E+01
  18.600  0.2261E+00  0.8312E+01
  18.620  0.2283E+00  0.8316E+01
  18.640  0.2324E+00  0.8321E+01
  18.660  0.2394E+00  0.8326E+01
  18.680  0.2512E+00  0.8331E+01
  18.700  0.2703E+00  0.8336E+01
  18.720  0.3000E+00  0.8342E+01
  18.740  0.3435E+00  0.8349E+01
  18.760  0.4033E+00  0.8357E+01
  18.780  0.4805E+00  0.8367E+01
  18.800  0.5738E+00  0.8378E+01
  18.820  0.6796E+00  0.8392E+01
  18.840  0.7920E+00  0.8408E+01
  18.860  0.9036E+00  0.8426E+01
  18.880  0.1007E+01  0.8446E+01
  18.900  0.1095E+01  0.8468E+01
  18.920  0.1162E+01  0.8491E+01
  18.940  0.1204E+01  0.8515E+01
  18.960  0.1222E+01  0.8540E+01
  18.980  0.1216E+01  0.8564E+01
  19.000  0.1190E+01  0.8588E+01
  19.020  0.1151E+01  0.8611E+01
  19.040  0.1104E+01  0.8633E+01
  19.060  0.1055E+01  0.8654E+01
  19.080  0.1008E+01  0.8674E+01
  19.100  0.9657E+00  0.8693E+01
  19.120  0.9281E+00  0.8712E+01
  19.140  0.8956E+00  0.8730E+01
  19.160  0.8675E+00  0.8747E+01
  19.180  0.8430E+00  0.8764E+01
  19.200  0.8215E+00  0.8780E+01
  19.220  0.8022E+00  0.8796E+01
  19.240  0.7848E+00  0.8812E+01
  19.260  0.7691E+00  0.8828E+01
  19.280  0.7547E+00  0.8843E+01
  19.300  0.7414E+00  0.8857E+01
  19.320  0.7292E+00  0.8872E+01
  19.340  0.7178E+00  0.8886E+01
  19.360  0.7072E+00  0.8901E+01
  19.380  0.6973E+00  0.8915E+01
  19.400  0.6880E+00  0.8928E+01
  19.420  0.6793E+00  0.8942E+01
  19.440  0.6710E+00  0.8955E+01
  19.460  0.6633E+00  0.8969E+01
  19.480  0.6559E+00  0.8982E+01
  19.500  0.6489E+00  0.8995E+01
  19.520  0.6422E+00  0.9008E+01
  19.540  0.6359E+00  0.9020E+01
  19.560  0.6299E+00  0.9033E+01
  19.580  0.6242E+00  0.9045E+01
  19.600  0.6188E+00  0.9058E+01
  19.620  0.6136E+00  0.9070E+01
  19.640  0.6086E+00  0.9082E+01
  19.660  0.6039E+00  0.9094E+01
  19.680  0.5994E+00  0.9106E+01
  19.700  0.5951E+00  0.9118E+01
  19.720  0.5910E+00  0.9130E+01
  19.740  0.5870E+00  0.9142E+01
  19.760  0.5832E+00  0.9153E+01
  19.780  0.5796E+00  0.9165E+01
  19.800  0.5761E+00  0.9176E+01
  19.820  0.5728E+00  0.9188E+01
  19.840  0.5696E+00  0.9199E+01
  19.860  0.5666E+00  0.9211E+01
  19.880  0.5636E+00  0.9222E+01
  19.900  0.5608E+00  0.9233E+01
  19.920  0.5581E+00  0.9244E+01
  19.940  0.5556E+00  0.9255E+01
  19.960  0.5531E+00  0.9266E+01
  19.980  0.5508E+00  0.9277E+01
  20.000  0.5486E+00  0.9288E+01
  20.020  0.5465E+00  0.9299E+01
  20.040  0.5445E+00  0.9310E+01
  20.060  0.5425E+00  0.9321E+01
  20.080  0.5407E+00  0.9332E+01
  20.100  0.5389E+00  0.9343E+01
  20.120  0.5373E+00  0.9353E+01
  20.140  0.5357E+00  0.9364E+01
  20.160  0.5342E+00  0.9375E+01
  20.180  0.5328E+00  0.9385E+01
  20.200  0.5314E+00  0.9396E+01
  20.220  0.5302E+00  0.9407E+01
  20.240  0.5290E+00  0.9417E+01
  20.260  0.5279E+00  0.9428E+01
  20.280  0.5269E+00  0.9438E+01
  20.300  0.5260E+00  0.9449E+01
  20.320  0.5252E+00  0.9459E+01
  20.340  0.5244E+00  0.9470E+01
  20.360  0.5237E+00  0.9480E+01
  20.380  0.5231E+00  0.9491E+01
  20.400  0.5226E+00  0.9501E+01
  20.420  0.5221E+00  0.9512E+01
  20.440  0.5217E+00  0.9522E+01
  20.460  0.5214E+00  0.9533E+01
  20.480  0.5211E+00  0.9543E+01
  20.500  0.5210E+00  0.9553E+01
  20.520  0.5209E+00  0.9564E+01
  20.540  0.5209E+00  0.9574E+01
  20.560  0.5210E+00  0.9585E+01
  20.580  0.5212E+00  0.9595E+01
  20.600  0.5215E+00  0.9606E+01
  20.620  0.5218E+00  0.9616E+01
  20.640  0.5222E+00  0.9626E+01
  20.660  0.5228E+00  0.9637E+01
  20.680  0.5234E+00  0.9647E+01
  20.700  0.5241E+00  0.9658E+01
  20.720  0.5249E+00  0.9668E+01
  20.740  0.5258E+00  0.9679E+01
  20.760  0.5268E+00  0.9689E+01
  20.780  0.5280E+00  0.9700E+01
  20.800  0.5292E+00  0.9711E+01
  20.820  0.5306E+00  0.9721E+01
  20.840  0.5320E+00  0.9732E+01
  20.860  0.5337E+00  0.9742E+01
  20.880  0.5354E+00  0.9753E+01
  20.900  0.5373E+00  0.9764E+01
  20.920  0.5393E+00  0.9775E+01
  20.940  0.5415E+00  0.9786E+01
  20.960  0.5439E+00  0.9796E+01
  20.980  0.5464E+00  0.9807E+01
  21.000  0.5492E+00  0.9818E+01
  21.020  0.5521E+00  0.9829E+01
  21.040  0.5552E+00  0.9840E+01
  21.060  0.5586E+00  0.9852E+01
  21.080  0.5622E+00  0.9863E+01
  21.100  0.5661E+00  0.9874E+01
  21.120  0.5702E+00  0.9886E+01
  21.140  0.5747E+00  0.9897E+01
  21.160  0.5795E+00  0.9909E+01
  21.180  0.5847E+00  0.9920E+01
  21.200  0.5904E+00  0.9932E+01
  21.220  0.5966E+00  0.9944E+01
  21.240  0.6037E+00  0.9956E+01
  21.260  0.6123E+00  0.9968E+01
  21.280  0.6233E+00  0.9981E+01
  21.300  0.6383E+00  0.9994E+01
  21.320  0.6597E+00  0.1001E+02
  21.340  0.6903E+00  0.1002E+02
  21.360  0.7326E+00  0.1004E+02
  21.380  0.7879E+00  0.1005E+02
  21.400  0.8550E+00  0.1007E+02
  21.420  0.9299E+00  0.1009E+02
  21.440  0.1006E+01  0.1011E+02
  21.460  0.1078E+01  0.1013E+02
  21.480  0.1140E+01  0.1015E+02
  21.500  0.1191E+01  0.1018E+02
  21.520  0.1236E+01  0.1020E+02
  21.540  0.1283E+01  0.1023E+02
  21.560  0.1343E+01  0.1025E+02
  21.580  0.1424E+01  0.1028E+02
  21.600  0.1532E+01  0.1031E+02
  21.620  0.1663E+01  0.1034E+02
  21.640  0.1803E+01  0.1038E+02
  21.660  0.1930E+01  0.1042E+02
  21.680  0.2017E+01  0.1046E+02
  21.700  0.2041E+01  0.1050E+02
  21.720  0.1989E+01  0.1054E+02
  21.740  0.1870E+01  0.1058E+02
  21.760  0.1703E+01  0.1061E+02
  21.780  0.1520E+01  0.1064E+02
  21.800  0.1347E+01  0.1067E+02
  21.820  0.1203E+01  0.1069E+02
  21.840  0.1095E+01  0.1072E+02
  21.860  0.1020E+01  0.1074E+02
  21.880  0.9692E+00  0.1075E+02
  21.900  0.9358E+00  0.1077E+02
  21.920  0.9157E+00  0.1079E+02
  21.940  0.9083E+00  0.1081E+02
  21.960  0.9149E+00  0.1083E+02
  21.980  0.9353E+00  0.1085E+02
  22.000  0.9662E+00  0.1087E+02
  22.020  0.1000E+01  0.1089E+02
  22.040  0.1028E+01  0.1091E+02
  22.060  0.1040E+01  0.1093E+02
  22.080  0.1031E+01  0.1095E+02
  22.100  0.9992E+00  0.1097E+02
  22.120  0.9501E+00  0.1099E+02
  22.140  0.8912E+00  0.1101E+02
  22.160  0.8308E+00  0.1102E+02
  22.180  0.7752E+00  0.1104E+02
  22.200  0.7280E+00  0.1105E+02
  22.220  0.6900E+00  0.1107E+02
  22.240  0.6603E+00  0.1108E+02
  22.260  0.6371E+00  0.1109E+02
  22.280  0.6187E+00  0.1110E+02
  22.300  0.6036E+00  0.1112E+02
  22.320  0.5910E+00  0.1113E+02
  22.340  0.5800E+00  0.1114E+02
  22.360  0.5703E+00  0.1115E+02
  22.380  0.5617E+00  0.1116E+02
  22.400  0.5538E+00  0.1117E+02
  22.420  0.5467E+00  0.1118E+02
  22.440  0.5401E+00  0.1119E+02
  22.460  0.5340E+00  0.1121E+02
  22.480  0.5283E+00  0.1122E+02
  22.500  0.5230E+00  0.1123E+02
  22.520  0.5181E+00  0.1124E+02
  22.540  0.5134E+00  0.1125E+02
  22.560  0.5090E+00  0.1126E+02
  22.580  0.5049E+00  0.1127E+02
  22.600  0.5010E+00  0.1128E+02
  22.620  0.4973E+00  0.1129E+02
  22.640  0.4938E+00  0.1130E+02
  22.660  0.4905E+00  0.1131E+02
  22.680  0.4874E+00  0.1132E+02
  22.700  0.4844E+00  0.1133E+02
  22.720  0.4815E+00  0.1134E+02
  22.740  0.4788E+00  0.1135E+02
  22.760  0.4763E+00  0.1136E+02
  22.780  0.4738E+00  0.1136E+02
  22.800  0.4715E+00  0.1137E+02
  22.820  0.4692E+00  0.1138E+02
  22.840  0.4671E+00  0.1139E+02
  22.860  0.4651E+00  0.1140E+02
  22.880  0.4632E+00  0.1141E+02
  22.900  0.4614E+00  0.1142E+02
  22.920  0.4597E+00  0.1143E+02
  22.940  0.4581E+00  0.1144E+02
  22.960  0.4565E+00  0.1145E+02
  22.980  0.4551E+00  0.1146E+02
  23.000  0.4537E+00  0.1147E+02
  23.020  0.4525E+00  0.1148E+02
  23.040  0.4513E+00  0.1148E+02
  23.060  0.4501E+00  0.1149E+02
  23.080  0.4491E+00  0.1150E+02
  23.100  0.4482E+00  0.1151E+02
  23.120  0.4473E+00  0.1152E+02
  23.140  0.4465E+00  0.1153E+02
  23.160  0.4458E+00  0.1154E+02
  23.180  0.4452E+00  0.1155E+02
  23.200  0.4447E+00  0.1156E+02
  23.220  0.4443E+00  0.1156E+02
  23.240  0.4440E+00  0.1157E+02
  23.260  0.4438E+00  0.1158E+02
  23.280  0.4437E+00  0.1159E+02
  23.300  0.4437E+00  0.1160E+02
  23.320  0.4438E+00  0.1161E+02
  23.340  0.4441E+00  0.1162E+02
  23.360  0.4445E+00  0.1163E+02
  23.380  0.4450E+00  0.1164E+02
  23.400  0.4457E+00  0.1164E+02
  23.420  0.4465E+00  0.1165E+02
  23.440  0.4476E+00  0.1166E+02
  23.460  0.4488E+00  0.1167E+02
  23.480  0.4503E+00  0.1168E+02
  23.500  0.4520E+00  0.1169E+02
  23.520  0.4541E+00  0.1170E+02
  23.540  0.4565E+00  0.1171E+02
  23.560  0.4593E+00  0.1172E+02
  23.580  0.4626E+00  0.1173E+02
  23.600  0.4664E+00  0.1174E+02
  23.620  0.4710E+00  0.1175E+02
  23.640  0.4765E+00  0.1175E+02
  23.660  0.4831E+00  0.1176E+02
  23.680  0.4911E+00  0.1177E+02
  23.700  0.5007E+00  0.1178E+02
  23.720  0.5119E+00  0.1179E+02
  23.740  0.5249E+00  0.1181E+02
  23.760  0.5393E+00  0.1182E+02
  23.780  0.5549E+00  0.1183E+02
  23.800  0.5723E+00  0.1184E+02
  23.820  0.5936E+00  0.1185E+02
  23.840  0.6238E+00  0.1186E+02
  23.860  0.6714E+00  0.1188E+02
  23.880  0.7481E+00  0.1189E+02
  23.900  0.8670E+00  0.1191E+02
  23.920  0.1038E+01  0.1193E+02
  23.940  0.1263E+01  0.1195E+02
  23.960  0.1532E+01  0.1199E+02
  23.980  0.1823E+01  0.1202E+02
  24.000  0.2102E+01  0.1206E+02
  24.020  0.2331E+01  0.1211E+02
  24.040  0.2476E+01  0.1216E+02
  24.060  0.2513E+01  0.1221E+02
  24.080  0.2431E+01  0.1226E+02
  24.100  0.2239E+01  0.1230E+02
  24.120  0.1962E+01  0.1234E+02
  24.140  0.1636E+01  0.1238E+02
  24.160  0.1301E+01  0.1240E+02
  24.180  0.9959E+00  0.1242E+02
  24.200  0.7438E+00  0.1244E+02
  24.220  0.5551E+00  0.1245E+02
  24.240  0.4265E+00  0.1246E+02
  24.260  0.3466E+00  0.1246E+02
  24.280  0.3011E+00  0.1247E+02
  24.300  0.2774E+00  0.1247E+02
  24.320  0.2659E+00  0.1248E+02
  24.340  0.2608E+00  0.1248E+02
  24.360  0.2587E+00  0.1249E+02
  24.380  0.2578E+00  0.1250E+02
  24.400  0.2573E+00  0.1250E+02
  24.420  0.2570E+00  0.1251E+02
  24.440  0.2566E+00  0.1251E+02
  24.460  0.2563E+00  0.1252E+02
  24.480  0.2562E+00  0.1252E+02
  24.500  0.2561E+00  0.1253E+02
  24.520  0.2560E+00  0.1253E+02
  24.540  0.2558E+00  0.1254E+02
  24.560  0.2555E+00  0.1254E+02
  24.580  0.2553E+00  0.1255E+02
  24.600  0.2551E+00  0.1255E+02
  24.620  0.2550E+00  0.1256E+02
  24.640  0.2550E+00  0.1256E+02
  24.660  0.2549E+00  0.1257E+02
  24.680  0.2548E+00  0.1257E+02
  24.700  0.2546E+00  0.1258E+02
  24.720  0.2544E+00  0.1258E+02
  24.740  0.2543E+00  0.1259E+02
  24.760  0.2543E+00  0.1259E+02
  24.780  0.2543E+00  0.1260E+02
  24.800  0.2543E+00  0.1260E+02
  24.820  0.2542E+00  0.1261E+02
  24.840  0.2540E+00  0.1261E+02
  24.860  0.2539E+00  0.1262E+02
  24.880  0.2539E+00  0.1262E+02
  24.900  0.2540E+00  0.1263E+02
  24.920  0.2540E+00  0.1263E+02
  24.940  0.2540E+00  0.1264E+02
  24.960  0.2539E+00  0.1264E+02
  24.980  0.2538E+00  0.1265E+02
  25.000  0.2538E+00  0.1265E+02
  25.020  0.2539E+00  0.1266E+02
  25.040  0.2540E+00  0.1266E+02
  25.060  0.2541E+00  0.1267E+02
  25.080  0.2541E+00  0.1267E+02
  25.100  0.2541E+00  0.1268E+02
  25.120  0.2541E+00  0.1268E+02
  25.140  0.2543E+00  0.1269E+02
  25.160  0.2544E+00  0.1269E+02
  25.180  0.2546E+00  0.1270E+02
  25.200  0.2547E+00  0.1270E+02
  25.220  0.2547E+00  0.1271E+02
  25.240  0.2548E+00  0.1271E+02
  25.260  0.2550E+00  0.1272E+02
  25.280  0.2554E+00  0.1272E+02
  25.300  0.2562E+00  0.1273E+02
  25.320  0.2578E+00  0.1273E+02
  25.340  0.2613E+00  0.1274E+02
  25.360  0.2686E+00  0.1275E+02
  25.380  0.2829E+00  0.1275E+02
  25.400  0.3084E+00  0.1276E+02
  25.420  0.3500E+00  0.1276E+02
  25.440  0.4117E+00  0.1277E+02
  25.460  0.4952E+00  0.1278E+02
  25.480  0.5975E+00  0.1279E+02
  25.500  0.7104E+00  0.1281E+02
  25.520  0.8214E+00  0.1282E+02
  25.540  0.9169E+00  0.1284E+02
  25.560  0.9858E+00  0.1286E+02
  25.580  0.1023E+01  0.1288E+02
  25.600  0.1029E+01  0.1290E+02
  25.620  0.1011E+01  0.1292E+02
  25.640  0.9778E+00  0.1294E+02
  25.660  0.9386E+00  0.1296E+02
  25.680  0.8995E+00  0.1298E+02
  25.700  0.8642E+00  0.1300E+02
  25.720  0.8341E+00  0.1301E+02
  25.740  0.8090E+00  0.1303E+02
  25.760  0.7885E+00  0.1305E+02
  25.780  0.7714E+00  0.1306E+02
  25.800  0.7572E+00  0.1308E+02
  25.820  0.7451E+00  0.1309E+02
  25.840  0.7346E+00  0.1311E+02
  25.860  0.7254E+00  0.1312E+02
  25.880  0.7175E+00  0.1314E+02
  25.900  0.7105E+00  0.1315E+02
  25.920  0.7044E+00  0.1316E+02
  25.940  0.6990E+00  0.1318E+02
  25.960  0.6942E+00  0.1319E+02
  25.980  0.6899E+00  0.1321E+02
  26.000  0.6862E+00  0.1322E+02
  26.020  0.6829E+00  0.1323E+02
  26.040  0.6801E+00  0.1325E+02
  26.060  0.6778E+00  0.1326E+02
  26.080  0.6757E+00  0.1327E+02
  26.100  0.6740E+00  0.1329E+02
  26.120  0.6726E+00  0.1330E+02
  26.140  0.6716E+00  0.1331E+02
  26.160  0.6709E+00  0.1333E+02
  26.180  0.6705E+00  0.1334E+02
  26.200  0.6704E+00  0.1335E+02
  26.220  0.6707E+00  0.1337E+02
  26.240  0.6714E+00  0.1338E+02
  26.260  0.6727E+00  0.1339E+02
  26.280  0.6748E+00  0.1341E+02
  26.300  0.6785E+00  0.1342E+02
  26.320  0.6848E+00  0.1344E+02
  26.340  0.6958E+00  0.1345E+02
  26.360  0.7145E+00  0.1346E+02
  26.380  0.7447E+00  0.1348E+02
  26.400  0.7899E+00  0.1349E+02
  26.420  0.8523E+00  0.1351E+02
  26.440  0.9310E+00  0.1353E+02
  26.460  0.1021E+01  0.1355E+02
  26.480  0.1112E+01  0.1357E+02
  26.500  0.1193E+01  0.1360E+02
  26.520  0.1252E+01  0.1362E+02
  26.540  0.1282E+01  0.1365E+02
  26.560  0.1279E+01  0.1367E+02
  26.580  0.1245E+01  0.1370E+02
  26.600  0.1187E+01  0.1372E+02
  26.620  0.1115E+01  0.1374E+02
  26.640  0.1038E+01  0.1376E+02
  26.660  0.9646E+00  0.1378E+02
  26.680  0.9015E+00  0.1380E+02
  26.700  0.8530E+00  0.1382E+02
  26.720  0.8216E+00  0.1384E+02
  26.740  0.8078E+00  0.1385E+02
  26.760  0.8116E+00  0.1387E+02
  26.780  0.8325E+00  0.1388E+02
  26.800  0.8691E+00  0.1390E+02
  26.820  0.9187E+00  0.1392E+02
  26.840  0.9769E+00  0.1394E+02
  26.860  0.1038E+01  0.1396E+02
  26.880  0.1094E+01  0.1398E+02
  26.900  0.1140E+01  0.1400E+02
  26.920  0.1171E+01  0.1403E+02
  26.940  0.1183E+01  0.1405E+02
  26.960  0.1178E+01  0.1408E+02
  26.980  0.1156E+01  0.1410E+02
  27.000  0.1121E+01  0.1412E+02
  27.020  0.1076E+01  0.1414E+02
  27.040  0.1027E+01  0.1416E+02
  27.060  0.9783E+00  0.1418E+02
  27.080  0.9330E+00  0.1420E+02
  27.100  0.8938E+00  0.1422E+02
  27.120  0.8623E+00  0.1424E+02
  27.140  0.8387E+00  0.1425E+02
  27.160  0.8224E+00  0.1427E+02
  27.180  0.8124E+00  0.1429E+02
  27.200  0.8073E+00  0.1430E+02
  27.220  0.8061E+00  0.1432E+02
  27.240  0.8078E+00  0.1433E+02
  27.260  0.8120E+00  0.1435E+02
  27.280  0.8184E+00  0.1437E+02
  27.300  0.8267E+00  0.1438E+02
  27.320  0.8366E+00  0.1440E+02
  27.340  0.8476E+00  0.1442E+02
  27.360  0.8593E+00  0.1443E+02
  27.380  0.8709E+00  0.1445E+02
  27.400  0.8822E+00  0.1447E+02
  27.420  0.8934E+00  0.1449E+02
  27.440  0.9053E+00  0.1451E+02
  27.460  0.9187E+00  0.1452E+02
  27.480  0.9340E+00  0.1454E+02
  27.500  0.9495E+00  0.1456E+02
  27.520  0.9617E+00  0.1458E+02
  27.540  0.9648E+00  0.1460E+02
  27.560  0.9528E+00  0.1462E+02
  27.580  0.9216E+00  0.1464E+02
  27.600  0.8709E+00  0.1465E+02
  27.620  0.8048E+00  0.1467E+02
  27.640  0.7313E+00  0.1469E+02
  27.660  0.6594E+00  0.1470E+02
  27.680  0.5967E+00  0.1471E+02
  27.700  0.5478E+00  0.1472E+02
  27.720  0.5136E+00  0.1473E+02
  27.740  0.4922E+00  0.1474E+02
  27.760  0.4804E+00  0.1475E+02
  27.780  0.4751E+00  0.1476E+02
  27.800  0.4736E+00  0.1477E+02
  27.820  0.4742E+00  0.1478E+02
  27.840  0.4758E+00  0.1479E+02
  27.860  0.4779E+00  0.1480E+02
  27.880  0.4804E+00  0.1481E+02
  27.900  0.4830E+00  0.1482E+02
  27.920  0.4858E+00  0.1483E+02
  27.940  0.4887E+00  0.1484E+02
  27.960  0.4918E+00  0.1485E+02
  27.980  0.4950E+00  0.1486E+02
  28.000  0.4984E+00  0.1487E+02
  28.020  0.5020E+00  0.1488E+02
  28.040  0.5058E+00  0.1489E+02
  28.060  0.5097E+00  0.1490E+02
  28.080  0.5138E+00  0.1491E+02
  28.100  0.5182E+00  0.1492E+02
  28.120  0.5228E+00  0.1493E+02
  28.140  0.5276E+00  0.1494E+02
  28.160  0.5327E+00  0.1495E+02
  28.180  0.5380E+00  0.1496E+02
  28.200  0.5437E+00  0.1497E+02
  28.220  0.5497E+00  0.1498E+02
  28.240  0.5560E+00  0.1499E+02
  28.260  0.5627E+00  0.1500E+02
  28.280  0.5698E+00  0.1502E+02
  28.300  0.5774E+00  0.1503E+02
  28.320  0.5854E+00  0.1504E+02
  28.340  0.5940E+00  0.1505E+02
  28.360  0.6032E+00  0.1506E+02
  28.380  0.6130E+00  0.1508E+02
  28.400  0.6236E+00  0.1509E+02
  28.420  0.6350E+00  0.1510E+02
  28.440  0.6473E+00  0.1511E+02
  28.460  0.6607E+00  0.1513E+02
  28.480  0.6753E+00  0.1514E+02
  28.500  0.6913E+00  0.1515E+02
  28.520  0.7090E+00  0.1517E+02
  28.540  0.7286E+00  0.1518E+02
  28.560  0.7505E+00  0.1520E+02
  28.580  0.7754E+00  0.1521E+02
  28.600  0.8039E+00  0.1523E+02
  28.620  0.8370E+00  0.1525E+02
  28.640  0.8760E+00  0.1526E+02
  28.660  0.9224E+00  0.1528E+02
  28.680  0.9777E+00  0.1530E+02
  28.700  0.1043E+01  0.1532E+02
  28.720  0.1120E+01  0.1535E+02
  28.740  0.1208E+01  0.1537E+02
  28.760  0.1306E+01  0.1540E+02
  28.780  0.1410E+01  0.1542E+02
  28.800  0.1514E+01  0.1545E+02
  28.820  0.1606E+01  0.1549E+02
  28.840  0.1671E+01  0.1552E+02
  28.860  0.1689E+01  0.1555E+02
  28.880  0.1644E+01  0.1559E+02
  28.900  0.1528E+01  0.1562E+02
  28.920  0.1347E+01  0.1564E+02
  28.940  0.1123E+01  0.1567E+02
  28.960  0.8863E+00  0.1568E+02
  28.980  0.6654E+00  0.1570E+02
  29.000  0.4825E+00  0.1571E+02
  29.020  0.3465E+00  0.1571E+02
  29.040  0.2557E+00  0.1572E+02
  29.060  0.2011E+00  0.1572E+02
  29.080  0.1717E+00  0.1573E+02
  29.100  0.1578E+00  0.1573E+02
  29.120  0.1523E+00  0.1573E+02
  29.140  0.1511E+00  0.1574E+02
  29.160  0.1518E+00  0.1574E+02
  29.180  0.1533E+00  0.1574E+02
  29.200  0.1552E+00  0.1574E+02
  29.220  0.1572E+00  0.1575E+02
  29.240  0.1593E+00  0.1575E+02
  29.260  0.1615E+00  0.1575E+02
  29.280  0.1638E+00  0.1576E+02
  29.300  0.1662E+00  0.1576E+02
  29.320  0.1687E+00  0.1576E+02
  29.340  0.1714E+00  0.1577E+02
  29.360  0.1742E+00  0.1577E+02
  29.380  0.1771E+00  0.1577E+02
  29.400  0.1801E+00  0.1578E+02
  29.420  0.1834E+00  0.1578E+02
  29.440  0.1868E+00  0.1579E+02
  29.460  0.1904E+00  0.1579E+02
  29.480  0.1942E+00  0.1579E+02
  29.500  0.1983E+00  0.1580E+02
  29.520  0.2026E+00  0.1580E+02
  29.540  0.2072E+00  0.1581E+02
  29.560  0.2122E+00  0.1581E+02
  29.580  0.2176E+00  0.1581E+02
  29.600  0.2233E+00  0.1582E+02
  29.620  0.2296E+00  0.1582E+02
  29.640  0.2364E+00  0.1583E+02
  29.660  0.2439E+00  0.1583E+02
  29.680  0.2522E+00  0.1584E+02
  29.700  0.2614E+00  0.1584E+02
  29.720  0.2717E+00  0.1585E+02
  29.740  0.2835E+00  0.1585E+02
  29.760  0.2971E+00  0.1586E+02
  29.780  0.3132E+00  0.1587E+02
  29.800  0.3325E+00  0.1587E+02
  29.820  0.3560E+00  0.1588E+02
  29.840  0.3846E+00  0.1589E+02
  29.860  0.4185E+00  0.1590E+02
  29.880  0.4569E+00  0.1591E+02
  29.900  0.4971E+00  0.1592E+02
  29.920  0.5336E+00  0.1593E+02
  29.940  0.5591E+00  0.1594E+02
  29.960  0.5657E+00  0.1595E+02
  29.980  0.5474E+00  0.1596E+02
  30.000  0.5025E+00  0.1597E+02
  30.020  0.4346E+00  0.1598E+02
  30.040  0.3523E+00  0.1599E+02
  30.060  0.2666E+00  0.1599E+02
  30.080  0.1877E+00  0.1599E+02
  30.100  0.1226E+00  0.1600E+02
  30.120  0.7424E-01  0.1600E+02
  30.140  0.4157E-01  0.1600E+02
  30.160  0.2150E-01  0.1600E+02
  30.180  0.1026E-01  0.1600E+02
  30.200  0.4513E-02  0.1600E+02
  30.220  0.1829E-02  0.1600E+02
  30.240  0.6826E-03  0.1600E+02
  30.260  0.2344E-03  0.1600E+02
  30.280  0.7402E-04  0.1600E+02
  30.300  0.2149E-04  0.1600E+02
  30.320  0.5733E-05  0.1600E+02
  30.340  0.1405E-05  0.1600E+02
  30.360  0.3163E-06  0.1600E+02
  30.380  0.6537E-07  0.1600E+02
  30.400  0.1240E-07  0.1600E+02
  30.420  0.2159E-08  0.1600E+02
  30.440  0.3448E-09  0.1600E+02
  30.460  0.5052E-10  0.1600E+02
  30.480  0.6788E-11  0.1600E+02
  30.500  0.8366E-12  0.1600E+02
  30.520  0.9453E-13  0.1600E+02
  30.540  0.9793E-14  0.1600E+02
  30.560  0.9300E-15  0.1600E+02
  30.580  0.8095E-16  0.1600E+02
  30.600  0.6458E-17  0.1600E+02
  30.620  0.4722E-18  0.1600E+02
  30.640  0.3164E-19  0.1600E+02
  30.660  0.1942E-20  0.1600E+02
  30.680  0.1093E-21  0.1600E+02
  30.700  0.5631E-23  0.1600E+02
  30.720  0.2659E-24  0.1600E+02
  30.740  0.1150E-25  0.1600E+02
  30.760  0.4558E-27  0.1600E+02
  30.780  0.1655E-28  0.1600E+02
  30.800  0.5502E-30  0.1600E+02
  30.820  0.1676E-31  0.1600E+02
  30.840  0.4676E-33  0.1600E+02
  30.860  0.1195E-34  0.1600E+02
  30.880  0.2796E-36  0.1600E+02
  30.900  0.5995E-38  0.1600E+02
  30.920  0.1177E-39  0.1600E+02
  30.940  0.2116E-41  0.1600E+02
  30.960  0.3485E-43  0.1600E+02
  30.980  0.5256E-45  0.1600E+02
  31.000  0.7260E-47  0.1600E+02
  31.020  0.9183E-49  0.1600E+02
  31.040  0.1064E-50  0.1600E+02
  31.060  0.1129E-52  0.1600E+02
  31.080  0.1096E-54  0.1600E+02
  31.100  0.9754E-57  0.1600E+02
  31.120  0.7947E-59  0.1600E+02
  31.140  0.5929E-61  0.1600E+02
  31.160  0.4051E-63  0.1600E+02
  31.180  0.2534E-65  0.1600E+02
  31.200  0.1452E-67  0.1600E+02
  31.220  0.7617E-70  0.1600E+02
  31.240  0.3659E-72  0.1600E+02
  31.260  0.1610E-74  0.1600E+02
  31.280  0.6485E-77  0.1600E+02
  31.300  0.2392E-79  0.1600E+02
  31.320  0.8093E-82  0.1600E+02
  31.340  0.3808E-84  0.1600E+02
  31.360  0.1317E-84  0.1600E+02
  31.380  0.1312E-84  0.1600E+02
  31.400  0.1312E-84  0.1600E+02
  31.420  0.1312E-84  0.1600E+02
  31.440  0.1312E-84  0.1600E+02
  31.460  0.1312E-84  0.1600E+02
  31.480  0.1312E-84  0.1600E+02
  31.500  0.1312E-84  0.1600E+02
  31.520  0.1312E-84  0.1600E+02
  31.540  0.1312E-84  0.1600E+02
  31.560  0.1312E-84  0.1600E+02
  31.580  0.1312E-84  0.1600E+02
  31.600  0.1312E-84  0.1600E+02
  31.620  0.1312E-84  0.1600E+02
  31.640  0.1312E-84  0.1600E+02
  31.660  0.1312E-84  0.1600E+02
  31.680  0.1312E-84  0.1600E+02
  31.700  0.1312E-84  0.1600E+02
  31.720  0.1312E-84  0.1600E+02
  31.740  0.1312E-84  0.1600E+02
  31.760  0.1312E-84  0.1600E+02
  31.780  0.1312E-84  0.1600E+02
  31.800  0.1312E-84  0.1600E+02
  31.820  0.1312E-84  0.1600E+02
  31.840  0.1312E-84  0.1600E+02
  31.860  0.1312E-84  0.1600E+02
  31.880  0.1312E-84  0.1600E+02
  31.900  0.1312E-84  0.1600E+02
  31.920  0.1312E-84  0.1600E+02
  31.940  0.1312E-84  0.1600E+02
  31.960  0.1312E-84  0.1600E+02
  31.980  0.1312E-84  0.1600E+02
  32.000  0.1312E-84  0.1600E+02
  32.020  0.1312E-84  0.1600E+02
  32.040  0.1312E-84  0.1600E+02
  32.060  0.1312E-84  0.1600E+02
  32.080  0.1312E-84  0.1600E+02
  32.100  0.1312E-84  0.1600E+02
  32.120  0.1312E-84  0.1600E+02
  32.140  0.1312E-84  0.1600E+02
  32.160  0.1312E-84  0.1600E+02
  32.180  0.1312E-84  0.1600E+02
  32.200  0.1312E-84  0.1600E+02
  32.220  0.1312E-84  0.1600E+02
  32.240  0.1312E-84  0.1600E+02
  32.260  0.1312E-84  0.1600E+02
  32.280  0.1312E-84  0.1600E+02
  32.300  0.1312E-84  0.1600E+02
  32.320  0.1312E-84  0.1600E+02
  32.340  0.1312E-84  0.1600E+02
  32.360  0.1312E-84  0.1600E+02
  32.380  0.1312E-84  0.1600E+02
  32.400  0.1312E-84  0.1600E+02
  32.420  0.1312E-84  0.1600E+02
  32.440  0.1312E-84  0.1600E+02
  32.460  0.1312E-84  0.1600E+02
  32.480  0.1312E-84  0.1600E+02
  32.500  0.1312E-84  0.1600E+02
  32.520  0.1312E-84  0.1600E+02
  32.540  0.1312E-84  0.1600E+02
  32.560  0.1312E-84  0.1600E+02
  32.580  0.1312E-84  0.1600E+02
  32.600  0.1312E-84  0.1600E+02
  32.620  0.1312E-84  0.1600E+02
  32.640  0.1312E-84  0.1600E+02
  32.660  0.1312E-84  0.1600E+02
  32.680  0.1312E-84  0.1600E+02
  32.700  0.1312E-84  0.1600E+02
  32.720  0.1312E-84  0.1600E+02
  32.740  0.1312E-84  0.1600E+02
  32.760  0.1312E-84  0.1600E+02
  32.780  0.1312E-84  0.1600E+02
  32.800  0.1312E-84  0.1600E+02
  32.820  0.1312E-84  0.1600E+02
  32.840  0.1312E-84  0.1600E+02
  32.860  0.1312E-84  0.1600E+02
  32.880  0.1312E-84  0.1600E+02
  32.900  0.1312E-84  0.1600E+02
  32.920  0.1312E-84  0.1600E+02
  32.940  0.1312E-84  0.1600E+02
  32.960  0.1312E-84  0.1600E+02
  32.980  0.1312E-84  0.1600E+02
  33.000  0.1312E-84  0.1600E+02
  33.020  0.1312E-84  0.1600E+02
  33.040  0.1312E-84  0.1600E+02
  33.060  0.1312E-84  0.1600E+02
  33.080  0.1312E-84  0.1600E+02
  33.100  0.1312E-84  0.1600E+02
  33.120  0.1312E-84  0.1600E+02
  33.140  0.1312E-84  0.1600E+02
  33.160  0.1312E-84  0.1600E+02
  33.180  0.1312E-84  0.1600E+02
  33.200  0.1312E-84  0.1600E+02
  33.220  0.1312E-84  0.1600E+02
  33.240  0.1312E-84  0.1600E+02
  33.260  0.1312E-84  0.1600E+02
  33.280  0.1312E-84  0.1600E+02
  33.300  0.1312E-84  0.1600E+02
  33.320  0.1312E-84  0.1600E+02
  33.340  0.1312E-84  0.1600E+02
  33.360  0.1312E-84  0.1600E+02
  33.380  0.1312E-84  0.1600E+02
  33.400  0.1312E-84  0.1600E+02
  33.420  0.1312E-84  0.1600E+02
  33.440  0.1312E-84  0.1600E+02
  33.460  0.1312E-84  0.1600E+02
  33.480  0.1312E-84  0.1600E+02
  33.500  0.1312E-84  0.1600E+02
  33.520  0.1312E-84  0.1600E+02
  33.540  0.1312E-84  0.1600E+02
  33.560  0.1312E-84  0.1600E+02
  33.580  0.1312E-84  0.1600E+02
  33.600  0.1312E-84  0.1600E+02
  33.620  0.1312E-84  0.1600E+02
  33.640  0.1312E-84  0.1600E+02
  33.660  0.1312E-84  0.1600E+02
  33.680  0.1312E-84  0.1600E+02
  33.700  0.1312E-84  0.1600E+02
  33.720  0.1312E-84  0.1600E+02
  33.740  0.1312E-84  0.1600E+02
  33.760  0.1312E-84  0.1600E+02
  33.780  0.1312E-84  0.1600E+02
  33.800  0.1312E-84  0.1600E+02
  33.820  0.1312E-84  0.1600E+02
  33.840  0.1312E-84  0.1600E+02
  33.860  0.1312E-84  0.1600E+02
  33.880  0.1312E-84  0.1600E+02
  33.900  0.1312E-84  0.1600E+02
  33.920  0.1312E-84  0.1600E+02
  33.940  0.1312E-84  0.1600E+02
  33.960  0.1312E-84  0.1600E+02
  33.980  0.1312E-84  0.1600E+02
  34.000  0.1312E-84  0.1600E+02
  34.020  0.1312E-84  0.1600E+02
  34.040  0.1312E-84  0.1600E+02
  34.060  0.1312E-84  0.1600E+02
  34.080  0.1312E-84  0.1600E+02
  34.100  0.1312E-84  0.1600E+02
  34.120  0.1312E-84  0.1600E+02
  34.140  0.1312E-84  0.1600E+02
  34.160  0.1312E-84  0.1600E+02
  34.180  0.1312E-84  0.1600E+02
  34.200  0.1312E-84  0.1600E+02
  34.220  0.1312E-84  0.1600E+02
  34.240  0.1312E-84  0.1600E+02
  34.260  0.1312E-84  0.1600E+02
  34.280  0.1312E-84  0.1600E+02
  34.300  0.1312E-84  0.1600E+02
  34.320  0.1312E-84  0.1600E+02
  34.340  0.1312E-84  0.1600E+02
  34.360  0.1312E-84  0.1600E+02
  34.380  0.1312E-84  0.1600E+02
  34.400  0.1312E-84  0.1600E+02
  34.420  0.1312E-84  0.1600E+02
  34.440  0.1312E-84  0.1600E+02
  34.460  0.1312E-84  0.1600E+02
  34.480  0.1312E-84  0.1600E+02
  34.500  0.1312E-84  0.1600E+02
  34.520  0.1312E-84  0.1600E+02
  34.540  0.1312E-84  0.1600E+02
  34.560  0.1312E-84  0.1600E+02
  34.580  0.1312E-84  0.1600E+02
  34.600  0.1312E-84  0.1600E+02
  34.620  0.1312E-84  0.1600E+02
  34.640  0.1312E-84  0.1600E+02
  34.660  0.1312E-84  0.1600E+02
  34.680  0.1312E-84  0.1600E+02
  34.700  0.1312E-84  0.1600E+02
  34.720  0.1312E-84  0.1600E+02
  34.740  0.1312E-84  0.1600E+02
  34.760  0.1312E-84  0.1600E+02
  34.780  0.1312E-84  0.1600E+02
  34.800  0.1312E-84  0.1600E+02
  34.820  0.1312E-84  0.1600E+02
  34.840  0.1312E-84  0.1600E+02
  34.860  0.1312E-84  0.1600E+02
  34.880  0.1312E-84  0.1600E+02
  34.900  0.1312E-84  0.1600E+02
  34.920  0.1312E-84  0.1600E+02
  34.940  0.1312E-84  0.1600E+02
  34.960  0.1312E-84  0.1600E+02
  34.980  0.1312E-84  0.1600E+02
  35.000  0.1312E-84  0.1600E+02
  35.020  0.1312E-84  0.1600E+02
  35.040  0.1312E-84  0.1600E+02
  35.060  0.1312E-84  0.1600E+02
  35.080  0.1312E-84  0.1600E+02
  35.100  0.1312E-84  0.1600E+02
  35.120  0.1312E-84  0.1600E+02
  35.140  0.1312E-84  0.1600E+02
  35.160  0.1312E-84  0.1600E+02
  35.180  0.1312E-84  0.1600E+02
  35.200  0.1312E-84  0.1600E+02
  35.220  0.1312E-84  0.1600E+02
  35.240  0.1312E-84  0.1600E+02
  35.260  0.1312E-84  0.1600E+02
  35.280  0.1312E-84  0.1600E+02
  35.300  0.1312E-84  0.1600E+02
  35.320  0.1312E-84  0.1600E+02
  35.340  0.1312E-84  0.1600E+02
  35.360  0.1312E-84  0.1600E+02
  35.380  0.1312E-84  0.1600E+02
  35.400  0.1312E-84  0.1600E+02
  35.420  0.1312E-84  0.1600E+02
  35.440  0.1312E-84  0.1600E+02
  35.460  0.1312E-84  0.1600E+02
  35.480  0.1312E-84  0.1600E+02
  35.500  0.1312E-84  0.1600E+02
  35.520  0.1312E-84  0.1600E+02
  35.540  0.1312E-84  0.1600E+02
  35.560  0.1312E-84  0.1600E+02
  35.580  0.1312E-84  0.1600E+02
  35.600  0.1312E-84  0.1600E+02
  35.620  0.1312E-84  0.1600E+02
  35.640  0.1312E-84  0.1600E+02
  35.660  0.1312E-84  0.1600E+02
  35.680  0.1312E-84  0.1600E+02
  35.700  0.1312E-84  0.1600E+02
  35.720  0.1312E-84  0.1600E+02
  35.740  0.1312E-84  0.1600E+02
  35.760  0.1312E-84  0.1600E+02
  35.780  0.1312E-84  0.1600E+02
  35.800  0.1312E-84  0.1600E+02
  35.820  0.1312E-84  0.1600E+02
  35.840  0.1312E-84  0.1600E+02
  35.860  0.1312E-84  0.1600E+02
  35.880  0.1312E-84  0.1600E+02
  35.900  0.1312E-84  0.1600E+02
  35.920  0.1312E-84  0.1600E+02
  35.940  0.1312E-84  0.1600E+02
  35.960  0.1312E-84  0.1600E+02
  35.980  0.1312E-84  0.1600E+02
  36.000  0.1312E-84  0.1600E+02
  36.020  0.1312E-84  0.1600E+02
  36.040  0.1312E-84  0.1600E+02
  36.060  0.1312E-84  0.1600E+02
  36.080  0.1312E-84  0.1600E+02
  36.100  0.1312E-84  0.1600E+02
  36.120  0.1312E-84  0.1600E+02
  36.140  0.1312E-84  0.1600E+02
  36.160  0.1312E-84  0.1600E+02
  36.180  0.1312E-84  0.1600E+02
  36.200  0.1312E-84  0.1600E+02
  36.220  0.1312E-84  0.1600E+02
  36.240  0.1312E-84  0.1600E+02
  36.260  0.1312E-84  0.1600E+02
  36.280  0.1312E-84  0.1600E+02
  36.300  0.1312E-84  0.1600E+02
  36.320  0.1312E-84  0.1600E+02
  36.340  0.1312E-84  0.1600E+02
  36.360  0.1312E-84  0.1600E+02
  36.380  0.1312E-84  0.1600E+02
  36.400  0.1312E-84  0.1600E+02
  36.420  0.1312E-84  0.1600E+02
  36.440  0.1312E-84  0.1600E+02
  36.460  0.1312E-84  0.1600E+02
  36.480  0.1312E-84  0.1600E+02
  36.500  0.1312E-84  0.1600E+02
  36.520  0.1312E-84  0.1600E+02
  36.540  0.1312E-84  0.1600E+02
  36.560  0.1312E-84  0.1600E+02
  36.580  0.1312E-84  0.1600E+02
  36.600  0.1312E-84  0.1600E+02
  36.620  0.1312E-84  0.1600E+02
  36.640  0.1312E-84  0.1600E+02
  36.660  0.1312E-84  0.1600E+02
  36.680  0.1312E-84  0.1600E+02
  36.700  0.1312E-84  0.1600E+02
  36.720  0.1312E-84  0.1600E+02
  36.740  0.1312E-84  0.1600E+02
  36.760  0.1312E-84  0.1600E+02
  36.780  0.1312E-84  0.1600E+02
  36.800  0.1312E-84  0.1600E+02
  36.820  0.1312E-84  0.1600E+02
  36.840  0.1312E-84  0.1600E+02
  36.860  0.1312E-84  0.1600E+02
  36.880  0.1312E-84  0.1600E+02
  36.900  0.1312E-84  0.1600E+02
  36.920  0.1312E-84  0.1600E+02
  36.940  0.1312E-84  0.1600E+02
  36.960  0.1312E-84  0.1600E+02
  36.980  0.1312E-84  0.1600E+02
  37.000  0.1312E-84  0.1600E+02
  37.020  0.1312E-84  0.1600E+02
  37.040  0.1312E-84  0.1600E+02
  37.060  0.1312E-84  0.1600E+02
  37.080  0.1312E-84  0.1600E+02
  37.100  0.1312E-84  0.1600E+02
  37.120  0.1312E-84  0.1600E+02
  37.140  0.1312E-84  0.1600E+02
  37.160  0.1312E-84  0.1600E+02
  37.180  0.1312E-84  0.1600E+02
  37.200  0.1312E-84  0.1600E+02
  37.220  0.1312E-84  0.1600E+02
  37.240  0.1312E-84  0.1600E+02
  37.260  0.1312E-84  0.1600E+02
  37.280  0.1312E-84  0.1600E+02
  37.300  0.1312E-84  0.1600E+02
  37.320  0.1312E-84  0.1600E+02
  37.340  0.1312E-84  0.1600E+02
  37.360  0.1312E-84  0.1600E+02
  37.380  0.1312E-84  0.1600E+02
  37.400  0.1312E-84  0.1600E+02
  37.420  0.1312E-84  0.1600E+02
  37.440  0.1312E-84  0.1600E+02
  37.460  0.1312E-84  0.1600E+02
  37.480  0.1312E-84  0.1600E+02
  37.500  0.1312E-84  0.1600E+02
  37.520  0.1312E-84  0.1600E+02
  37.540  0.1312E-84  0.1600E+02
  37.560  0.1312E-84  0.1600E+02
  37.580  0.1312E-84  0.1600E+02
  37.600  0.1312E-84  0.1600E+02
  37.620  0.1312E-84  0.1600E+02
  37.640  0.1312E-84  0.1600E+02
  37.660  0.1312E-84  0.1600E+02
  37.680  0.1312E-84  0.1600E+02
  37.700  0.1312E-84  0.1600E+02
  37.720  0.1312E-84  0.1600E+02
  37.740  0.1312E-84  0.1600E+02
  37.760  0.1312E-84  0.1600E+02
  37.780  0.1312E-84  0.1600E+02
  37.800  0.1312E-84  0.1600E+02
  37.820  0.1312E-84  0.1600E+02
  37.840  0.1312E-84  0.1600E+02
  37.860  0.1312E-84  0.1600E+02
  37.880  0.1312E-84  0.1600E+02
  37.900  0.1312E-84  0.1600E+02
  37.920  0.1312E-84  0.1600E+02
  37.940  0.1312E-84  0.1600E+02
  37.960  0.1312E-84  0.1600E+02
  37.980  0.1312E-84  0.1600E+02
  38.000  0.1312E-84  0.1600E+02
  38.020  0.1312E-84  0.1600E+02
  38.040  0.1312E-84  0.1600E+02
  38.060  0.1312E-84  0.1600E+02
  38.080  0.1312E-84  0.1600E+02
  38.100  0.1312E-84  0.1600E+02
  38.120  0.1312E-84  0.1600E+02
  38.140  0.1312E-84  0.1600E+02
  38.160  0.1312E-84  0.1600E+02
  38.180  0.1312E-84  0.1600E+02
  38.200  0.1312E-84  0.1600E+02
  38.220  0.1312E-84  0.1600E+02
  38.240  0.1312E-84  0.1600E+02
  38.260  0.1312E-84  0.1600E+02
  38.280  0.1312E-84  0.1600E+02
  38.300  0.1312E-84  0.1600E+02
  38.320  0.1312E-84  0.1600E+02
  38.340  0.1312E-84  0.1600E+02
  38.360  0.1312E-84  0.1600E+02
  38.380  0.1312E-84  0.1600E+02
  38.400  0.1312E-84  0.1600E+02
  38.420  0.1312E-84  0.1600E+02
  38.440  0.1312E-84  0.1600E+02
  38.460  0.1312E-84  0.1600E+02
  38.480  0.1312E-84  0.1600E+02
  38.500  0.1312E-84  0.1600E+02
  38.520  0.1312E-84  0.1600E+02
  38.540  0.1312E-84  0.1600E+02
  38.560  0.1312E-84  0.1600E+02
  38.580  0.1312E-84  0.1600E+02
  38.600  0.1312E-84  0.1600E+02
  38.620  0.1312E-84  0.1600E+02
  38.640  0.1312E-84  0.1600E+02
  38.660  0.1312E-84  0.1600E+02
  38.680  0.1312E-84  0.1600E+02
  38.700  0.1312E-84  0.1600E+02
  38.720  0.1312E-84  0.1600E+02
  38.740  0.1312E-84  0.1600E+02
  38.760  0.1312E-84  0.1600E+02
  38.780  0.1312E-84  0.1600E+02
  38.800  0.1312E-84  0.1600E+02
  38.820  0.1312E-84  0.1600E+02
  38.840  0.1312E-84  0.1600E+02
  38.860  0.1312E-84  0.1600E+02
  38.880  0.1312E-84  0.1600E+02
  38.900  0.1312E-84  0.1600E+02
  38.920  0.1312E-84  0.1600E+02
  38.940  0.1312E-84  0.1600E+02
  38.960  0.1312E-84  0.1600E+02
  38.980  0.1312E-84  0.1600E+02
  39.000  0.1312E-84  0.1600E+02
  39.020  0.1312E-84  0.1600E+02
  39.040  0.1312E-84  0.1600E+02
  39.060  0.1312E-84  0.1600E+02
  39.080  0.1312E-84  0.1600E+02
  39.100  0.1312E-84  0.1600E+02
  39.120  0.1312E-84  0.1600E+02
  39.140  0.1312E-84  0.1600E+02
  39.160  0.1312E-84  0.1600E+02
  39.180  0.1312E-84  0.1600E+02
  39.200  0.1312E-84  0.1600E+02
  39.220  0.1312E-84  0.1600E+02
  39.240  0.1312E-84  0.1600E+02
  39.260  0.1312E-84  0.1600E+02
  39.280  0.1312E-84  0.1600E+02
  39.300  0.1312E-84  0.1600E+02
  39.320  0.1312E-84  0.1600E+02
  39.340  0.1312E-84  0.1600E+02
  39.360  0.1312E-84  0.1600E+02
  39.380  0.1312E-84  0.1600E+02
  39.400  0.1312E-84  0.1600E+02
  39.420  0.1312E-84  0.1600E+02
  39.440  0.1312E-84  0.1600E+02
  39.460  0.1312E-84  0.1600E+02
  39.480  0.1312E-84  0.1600E+02
  39.500  0.1312E-84  0.1600E+02
  39.520  0.1312E-84  0.1600E+02
  39.540  0.1312E-84  0.1600E+02
  39.560  0.1312E-84  0.1600E+02
  39.580  0.1312E-84  0.1600E+02
  39.600  0.1312E-84  0.1600E+02
  39.620  0.1312E-84  0.1600E+02
  39.640  0.1312E-84  0.1600E+02
  39.660  0.1312E-84  0.1600E+02
  39.680  0.1312E-84  0.1600E+02
  39.700  0.1312E-84  0.1600E+02
  39.720  0.1312E-84  0.1600E+02
  39.740  0.1312E-84  0.1600E+02
  39.760  0.1312E-84  0.1600E+02
  39.780  0.1312E-84  0.1600E+02
  39.800  0.1312E-84  0.1600E+02
  39.820  0.1312E-84  0.1600E+02
  39.840  0.1312E-84  0.1600E+02
  39.860  0.1312E-84  0.1600E+02
  39.880  0.1312E-84  0.1600E+02
  39.900  0.1312E-84  0.1600E+02
  39.920  0.1312E-84  0.1600E+02
  39.940  0.1312E-84  0.1600E+02
  39.960  0.1312E-84  0.1600E+02
  39.980  0.1312E-84  0.1600E+02
  40.000  0.1312E-84  0.1600E+02
  40.020  0.1312E-84  0.1600E+02
  40.040  0.1312E-84  0.1600E+02
  40.060  0.1312E-84  0.1600E+02
  40.080  0.1312E-84  0.1600E+02
  40.100  0.1312E-84  0.1600E+02
  40.120  0.1312E-84  0.1600E+02
  40.140  0.1312E-84  0.1600E+02
  40.160  0.1312E-84  0.1600E+02
  40.180  0.1312E-84  0.1600E+02
  40.200  0.1312E-84  0.1600E+02
  40.220  0.1312E-84  0.1600E+02
  40.240  0.1312E-84  0.1600E+02
  40.260  0.1312E-84  0.1600E+02
  40.280  0.1312E-84  0.1600E+02
  40.300  0.1312E-84  0.1600E+02
  40.320  0.1312E-84  0.1600E+02
  40.340  0.1312E-84  0.1600E+02
  40.360  0.1312E-84  0.1600E+02
  40.380  0.1312E-84  0.1600E+02
  40.400  0.1312E-84  0.1600E+02
  40.420  0.1312E-84  0.1600E+02
  40.440  0.1312E-84  0.1600E+02
  40.460  0.1312E-84  0.1600E+02
  40.480  0.1312E-84  0.1600E+02
  40.500  0.1312E-84  0.1600E+02
  40.520  0.1312E-84  0.1600E+02
  40.540  0.1312E-84  0.1600E+02
  40.560  0.1312E-84  0.1600E+02
  40.580  0.1312E-84  0.1600E+02
  40.600  0.1312E-84  0.1600E+02
  40.620  0.1312E-84  0.1600E+02
  40.640  0.1312E-84  0.1600E+02
  40.660  0.1312E-84  0.1600E+02
  40.680  0.1312E-84  0.1600E+02
  40.700  0.1312E-84  0.1600E+02
  40.720  0.1312E-84  0.1600E+02
  40.740  0.1312E-84  0.1600E+02
  40.760  0.1312E-84  0.1600E+02
  40.780  0.1312E-84  0.1600E+02
  40.800  0.1312E-84  0.1600E+02
  40.820  0.1312E-84  0.1600E+02
  40.840  0.1312E-84  0.1600E+02
  40.860  0.1312E-84  0.1600E+02
  40.880  0.1312E-84  0.1600E+02
  40.900  0.1312E-84  0.1600E+02
  40.920  0.1312E-84  0.1600E+02
  40.940  0.1312E-84  0.1600E+02
  40.960  0.1312E-84  0.1600E+02
  40.980  0.1312E-84  0.1600E+02
  41.000  0.1312E-84  0.1600E+02
  41.020  0.1312E-84  0.1600E+02
  41.040  0.1312E-84  0.1600E+02
  41.060  0.1312E-84  0.1600E+02
  41.080  0.1312E-84  0.1600E+02
  41.100  0.1312E-84  0.1600E+02
  41.120  0.1312E-84  0.1600E+02
  41.140  0.1312E-84  0.1600E+02
  41.160  0.1312E-84  0.1600E+02
  41.180  0.1312E-84  0.1600E+02
  41.200  0.1312E-84  0.1600E+02
  41.220  0.1312E-84  0.1600E+02
  41.240  0.1312E-84  0.1600E+02
  41.260  0.1312E-84  0.1600E+02
  41.280  0.1312E-84  0.1600E+02
  41.300  0.1312E-84  0.1600E+02
  41.320  0.1312E-84  0.1600E+02
  41.340  0.1312E-84  0.1600E+02
  41.360  0.1312E-84  0.1600E+02
  41.380  0.1312E-84  0.1600E+02
  41.400  0.1312E-84  0.1600E+02
  41.420  0.1312E-84  0.1600E+02
  41.440  0.1312E-84  0.1600E+02
  41.460  0.1312E-84  0.1600E+02
  41.480  0.1312E-84  0.1600E+02
  41.500  0.1312E-84  0.1600E+02
  41.520  0.1312E-84  0.1600E+02
  41.540  0.1312E-84  0.1600E+02
  41.560  0.1312E-84  0.1600E+02
  41.580  0.1312E-84  0.1600E+02
  41.600  0.1312E-84  0.1600E+02
  41.620  0.1312E-84  0.1600E+02
  41.640  0.1312E-84  0.1600E+02
  41.660  0.1312E-84  0.1600E+02
  41.680  0.1312E-84  0.1600E+02
  41.700  0.1312E-84  0.1600E+02
  41.720  0.1312E-84  0.1600E+02
  41.740  0.1312E-84  0.1600E+02
  41.760  0.1312E-84  0.1600E+02
  41.780  0.1312E-84  0.1600E+02
  41.800  0.1312E-84  0.1600E+02
  41.820  0.1312E-84  0.1600E+02
  41.840  0.1312E-84  0.1600E+02
  41.860  0.1312E-84  0.1600E+02
  41.880  0.1312E-84  0.1600E+02
  41.900  0.1312E-84  0.1600E+02
  41.920  0.1312E-84  0.1600E+02
  41.940  0.1312E-84  0.1600E+02
  41.960  0.1312E-84  0.1600E+02
  41.980  0.1312E-84  0.1600E+02
  42.000  0.1312E-84  0.1600E+02
  42.020  0.1312E-84  0.1600E+02
  42.040  0.1312E-84  0.1600E+02
  42.060  0.1312E-84  0.1600E+02
  42.080  0.1312E-84  0.1600E+02
  42.100  0.1312E-84  0.1600E+02
  42.120  0.1312E-84  0.1600E+02
  42.140  0.1312E-84  0.1600E+02
  42.160  0.1312E-84  0.1600E+02
  42.180  0.1312E-84  0.1600E+02
  42.200  0.1312E-84  0.1600E+02
  42.220  0.1312E-84  0.1600E+02
  42.240  0.1312E-84  0.1600E+02
  42.260  0.1312E-84  0.1600E+02
  42.280  0.1312E-84  0.1600E+02
  42.300  0.1312E-84  0.1600E+02
  42.320  0.1312E-84  0.1600E+02
  42.340  0.1312E-84  0.1600E+02
  42.360  0.1312E-84  0.1600E+02
  42.380  0.1312E-84  0.1600E+02
  42.400  0.1312E-84  0.1600E+02
  42.420  0.1312E-84  0.1600E+02
  42.440  0.1312E-84  0.1600E+02
  42.460  0.1312E-84  0.1600E+02
  42.480  0.1312E-84  0.1600E+02
  42.500  0.1312E-84  0.1600E+02
  42.520  0.1312E-84  0.1600E+02
  42.540  0.1312E-84  0.1600E+02
  42.560  0.1312E-84  0.1600E+02
  42.580  0.1312E-84  0.1600E+02
  42.600  0.1312E-84  0.1600E+02
  42.620  0.1312E-84  0.1600E+02
  42.640  0.1312E-84  0.1600E+02
  42.660  0.1312E-84  0.1600E+02
  42.680  0.1312E-84  0.1600E+02
  42.700  0.1312E-84  0.1600E+02
  42.720  0.1312E-84  0.1600E+02
  42.740  0.1312E-84  0.1600E+02
  42.760  0.1312E-84  0.1600E+02
  42.780  0.1312E-84  0.1600E+02
  42.800  0.1312E-84  0.1600E+02
  42.820  0.1312E-84  0.1600E+02
  42.840  0.1312E-84  0.1600E+02
  42.860  0.1312E-84  0.1600E+02
  42.880  0.1312E-84  0.1600E+02
  42.900  0.1312E-84  0.1600E+02
  42.920  0.1312E-84  0.1600E+02
  42.940  0.1312E-84  0.1600E+02
  42.960  0.1312E-84  0.1600E+02
  42.980  0.1312E-84  0.1600E+02
  43.000  0.1312E-84  0.1600E+02
  43.020  0.1312E-84  0.1600E+02
  43.040  0.1312E-84  0.1600E+02
  43.060  0.1312E-84  0.1600E+02
  43.080  0.1312E-84  0.1600E+02
  43.100  0.1312E-84  0.1600E+02
  43.120  0.1312E-84  0.1600E+02
  43.140  0.1312E-84  0.1600E+02
  43.160  0.1312E-84  0.1600E+02
  43.180  0.1312E-84  0.1600E+02
  43.200  0.1312E-84  0.1600E+02
  43.220  0.1312E-84  0.1600E+02
  43.240  0.1312E-84  0.1600E+02
  43.260  0.1312E-84  0.1600E+02
  43.280  0.1312E-84  0.1600E+02
  43.300  0.1312E-84  0.1600E+02
  43.320  0.1312E-84  0.1600E+02
  43.340  0.1312E-84  0.1600E+02
  43.360  0.1312E-84  0.1600E+02
  43.380  0.1312E-84  0.1600E+02
  43.400  0.1312E-84  0.1600E+02
  43.420  0.1312E-84  0.1600E+02
  43.440  0.1312E-84  0.1600E+02
  43.460  0.1312E-84  0.1600E+02
  43.480  0.1312E-84  0.1600E+02
  43.500  0.1312E-84  0.1600E+02
  43.520  0.1312E-84  0.1600E+02
  43.540  0.1312E-84  0.1600E+02
  43.560  0.1312E-84  0.1600E+02
  43.580  0.1312E-84  0.1600E+02
  43.600  0.1312E-84  0.1600E+02
  43.620  0.1312E-84  0.1600E+02
  43.640  0.1312E-84  0.1600E+02
  43.660  0.1312E-84  0.1600E+02
  43.680  0.1312E-84  0.1600E+02
  43.700  0.1312E-84  0.1600E+02
  43.720  0.1312E-84  0.1600E+02
  43.740  0.1312E-84  0.1600E+02
  43.760  0.1312E-84  0.1600E+02
  43.780  0.1312E-84  0.1600E+02
  43.800  0.1312E-84  0.1600E+02
  43.820  0.1312E-84  0.1600E+02
  43.840  0.1312E-84  0.1600E+02
  43.860  0.1312E-84  0.1600E+02
  43.880  0.1312E-84  0.1600E+02
  43.900  0.1312E-84  0.1600E+02
  43.920  0.1312E-84  0.1600E+02
  43.940  0.1312E-84  0.1600E+02
  43.960  0.1312E-84  0.1600E+02
  43.980  0.1312E-84  0.1600E+02
  44.000  0.1312E-84  0.1600E+02
  44.020  0.1312E-84  0.1600E+02
  44.040  0.1312E-84  0.1600E+02
  44.060  0.1312E-84  0.1600E+02
  44.080  0.1312E-84  0.1600E+02
  44.100  0.1312E-84  0.1600E+02
  44.120  0.1312E-84  0.1600E+02
  44.140  0.1312E-84  0.1600E+02
  44.160  0.1312E-84  0.1600E+02
  44.180  0.1312E-84  0.1600E+02
  44.200  0.1312E-84  0.1600E+02
  44.220  0.1312E-84  0.1600E+02
  44.240  0.1312E-84  0.1600E+02
  44.260  0.1312E-84  0.1600E+02
  44.280  0.1312E-84  0.1600E+02
  44.300  0.1312E-84  0.1600E+02
  44.320  0.1312E-84  0.1600E+02
  44.340  0.1312E-84  0.1600E+02
  44.360  0.1312E-84  0.1600E+02
  44.380  0.1312E-84  0.1600E+02
  44.400  0.1312E-84  0.1600E+02
  44.420  0.1312E-84  0.1600E+02
  44.440  0.1312E-84  0.1600E+02
  44.460  0.1312E-84  0.1600E+02
  44.480  0.1312E-84  0.1600E+02
  44.500  0.1312E-84  0.1600E+02
  44.520  0.1312E-84  0.1600E+02
  44.540  0.1312E-84  0.1600E+02
  44.560  0.1312E-84  0.1600E+02
  44.580  0.1312E-84  0.1600E+02
  44.600  0.1312E-84  0.1600E+02
  44.620  0.1312E-84  0.1600E+02
  44.640  0.1312E-84  0.1600E+02
  44.660  0.1312E-84  0.1600E+02
  44.680  0.1312E-84  0.1600E+02
  44.700  0.1312E-84  0.1600E+02
  44.720  0.1312E-84  0.1600E+02
  44.740  0.1312E-84  0.1600E+02
  44.760  0.1312E-84  0.1600E+02
  44.780  0.1312E-84  0.1600E+02
  44.800  0.1312E-84  0.1600E+02
  44.820  0.1312E-84  0.1600E+02
  44.840  0.1312E-84  0.1600E+02
  44.860  0.1312E-84  0.1600E+02
  44.880  0.1312E-84  0.1600E+02
  44.900  0.1312E-84  0.1600E+02
  44.920  0.1312E-84  0.1600E+02
  44.940  0.1312E-84  0.1600E+02
  44.960  0.1312E-84  0.1600E+02
  44.980  0.1312E-84  0.1600E+02
  45.000  0.1312E-84  0.1600E+02
  45.020  0.1312E-84  0.1600E+02
  45.040  0.1312E-84  0.1600E+02
  45.060  0.1312E-84  0.1600E+02
  45.080  0.1312E-84  0.1600E+02
  45.100  0.1312E-84  0.1600E+02
  45.120  0.1312E-84  0.1600E+02
  45.140  0.1312E-84  0.1600E+02
  45.160  0.1312E-84  0.1600E+02
  45.180  0.1312E-84  0.1600E+02
  45.200  0.1312E-84  0.1600E+02
  45.220  0.1312E-84  0.1600E+02
  45.240  0.1312E-84  0.1600E+02
  45.260  0.1312E-84  0.1600E+02
  45.280  0.1312E-84  0.1600E+02
  45.300  0.1312E-84  0.1600E+02
  45.320  0.1312E-84  0.1600E+02
  45.340  0.1312E-84  0.1600E+02
  45.360  0.1312E-84  0.1600E+02
  45.380  0.1312E-84  0.1600E+02
  45.400  0.1312E-84  0.1600E+02
  45.420  0.1312E-84  0.1600E+02
  45.440  0.1312E-84  0.1600E+02
  45.460  0.1312E-84  0.1600E+02
  45.480  0.1312E-84  0.1600E+02
  45.500  0.1312E-84  0.1600E+02
  45.520  0.1312E-84  0.1600E+02
  45.540  0.1312E-84  0.1600E+02
  45.560  0.1312E-84  0.1600E+02
  45.580  0.1312E-84  0.1600E+02
  45.600  0.1312E-84  0.1600E+02
  45.620  0.1312E-84  0.1600E+02
  45.640  0.1312E-84  0.1600E+02
  45.660  0.1312E-84  0.1600E+02
  45.680  0.1312E-84  0.1600E+02
  45.700  0.1312E-84  0.1600E+02
  45.720  0.1312E-84  0.1600E+02
  45.740  0.1312E-84  0.1600E+02
  45.760  0.1312E-84  0.1600E+02
  45.780  0.1312E-84  0.1600E+02
  45.800  0.1312E-84  0.1600E+02
  45.820  0.1312E-84  0.1600E+02
  45.840  0.1312E-84  0.1600E+02
  45.860  0.1312E-84  0.1600E+02
  45.880  0.1312E-84  0.1600E+02
  45.900  0.1312E-84  0.1600E+02
  45.920  0.1312E-84  0.1600E+02
  45.940  0.1312E-84  0.1600E+02
  45.960  0.1312E-84  0.1600E+02
  45.980  0.1312E-84  0.1600E+02
  46.000  0.1312E-84  0.1600E+02
  46.020  0.1312E-84  0.1600E+02
  46.040  0.1312E-84  0.1600E+02
  46.060  0.1312E-84  0.1600E+02
  46.080  0.1312E-84  0.1600E+02
  46.100  0.1312E-84  0.1600E+02
  46.120  0.1312E-84  0.1600E+02
  46.140  0.1312E-84  0.1600E+02
  46.160  0.1312E-84  0.1600E+02
  46.180  0.1312E-84  0.1600E+02
  46.200  0.1312E-84  0.1600E+02
  46.220  0.1312E-84  0.1600E+02
  46.240  0.1312E-84  0.1600E+02
  46.260  0.1312E-84  0.1600E+02
  46.280  0.1312E-84  0.1600E+02
  46.300  0.1312E-84  0.1600E+02
  46.320  0.1312E-84  0.1600E+02
  46.340  0.1312E-84  0.1600E+02
  46.360  0.1312E-84  0.1600E+02
  46.380  0.1312E-84  0.1600E+02
  46.400  0.1312E-84  0.1600E+02
  46.420  0.1312E-84  0.1600E+02
  46.440  0.1312E-84  0.1600E+02
  46.460  0.1312E-84  0.1600E+02
  46.480  0.1312E-84  0.1600E+02
  46.500  0.1312E-84  0.1600E+02
  46.520  0.1312E-84  0.1600E+02
  46.540  0.1312E-84  0.1600E+02
  46.560  0.1312E-84  0.1600E+02
  46.580  0.1312E-84  0.1600E+02
  46.600  0.1312E-84  0.1600E+02
  46.620  0.1312E-84  0.1600E+02
  46.640  0.1312E-84  0.1600E+02
  46.660  0.1312E-84  0.1600E+02
  46.680  0.1312E-84  0.1600E+02
  46.700  0.1312E-84  0.1600E+02
  46.720  0.1312E-84  0.1600E+02
  46.740  0.1312E-84  0.1600E+02
  46.760  0.1312E-84  0.1600E+02
  46.780  0.1312E-84  0.1600E+02
  46.800  0.1312E-84  0.1600E+02
  46.820  0.1312E-84  0.1600E+02
  46.840  0.1312E-84  0.1600E+02
  46.860  0.1312E-84  0.1600E+02
  46.880  0.1312E-84  0.1600E+02
  46.900  0.1312E-84  0.1600E+02
  46.920  0.1312E-84  0.1600E+02
  46.940  0.1312E-84  0.1600E+02
  46.960  0.1312E-84  0.1600E+02
  46.980  0.1312E-84  0.1600E+02
  47.000  0.1312E-84  0.1600E+02
  47.020  0.1312E-84  0.1600E+02
  47.040  0.1312E-84  0.1600E+02
  47.060  0.1312E-84  0.1600E+02
  47.080  0.1312E-84  0.1600E+02
  47.100  0.1312E-84  0.1600E+02
  47.120  0.1312E-84  0.1600E+02
  47.140  0.1312E-84  0.1600E+02
  47.160  0.1312E-84  0.1600E+02
  47.180  0.1312E-84  0.1600E+02
  47.200  0.1312E-84  0.1600E+02
  47.220  0.1312E-84  0.1600E+02
  47.240  0.1312E-84  0.1600E+02
  47.260  0.1312E-84  0.1600E+02
  47.280  0.1312E-84  0.1600E+02
  47.300  0.1312E-84  0.1600E+02
  47.320  0.1312E-84  0.1600E+02
  47.340  0.1312E-84  0.1600E+02
  47.360  0.1312E-84  0.1600E+02
  47.380  0.1312E-84  0.1600E+02
  47.400  0.1312E-84  0.1600E+02
  47.420  0.1312E-84  0.1600E+02
  47.440  0.1312E-84  0.1600E+02
  47.460  0.1312E-84  0.1600E+02
  47.480  0.1312E-84  0.1600E+02
  47.500  0.1312E-84  0.1600E+02
  47.520  0.1312E-84  0.1600E+02
  47.540  0.1312E-84  0.1600E+02
  47.560  0.1312E-84  0.1600E+02
  47.580  0.1312E-84  0.1600E+02
  47.600  0.1312E-84  0.1600E+02
  47.620  0.1312E-84  0.1600E+02
  47.640  0.1312E-84  0.1600E+02
  47.660  0.1312E-84  0.1600E+02
  47.680  0.1312E-84  0.1600E+02
  47.700  0.1312E-84  0.1600E+02
  47.720  0.1312E-84  0.1600E+02
  47.740  0.1312E-84  0.1600E+02
  47.760  0.1312E-84  0.1600E+02
  47.780  0.1312E-84  0.1600E+02
  47.800  0.1312E-84  0.1600E+02
  47.820  0.1312E-84  0.1600E+02
  47.840  0.1312E-84  0.1600E+02
  47.860  0.1312E-84  0.1600E+02
  47.880  0.1312E-84  0.1600E+02
  47.900  0.1312E-84  0.1600E+02
  47.920  0.1312E-84  0.1600E+02
  47.940  0.1312E-84  0.1600E+02
  47.960  0.1312E-84  0.1600E+02
  47.980  0.1312E-84  0.1600E+02
  48.000  0.1312E-84  0.1600E+02
  48.020  0.1312E-84  0.1600E+02
  48.040  0.1312E-84  0.1600E+02
  48.060  0.1312E-84  0.1600E+02
  48.080  0.1312E-84  0.1600E+02
  48.100  0.1312E-84  0.1600E+02
  48.120  0.1312E-84  0.1600E+02
  48.140  0.1312E-84  0.1600E+02
  48.160  0.1312E-84  0.1600E+02
  48.180  0.1312E-84  0.1600E+02
  48.200  0.1312E-84  0.1600E+02
  48.220  0.1312E-84  0.1600E+02
  48.240  0.1312E-84  0.1600E+02
  48.260  0.1312E-84  0.1600E+02
  48.280  0.1312E-84  0.1600E+02
  48.300  0.1312E-84  0.1600E+02
  48.320  0.1312E-84  0.1600E+02
  48.340  0.1312E-84  0.1600E+02
  48.360  0.1312E-84  0.1600E+02
  48.380  0.1312E-84  0.1600E+02
  48.400  0.1312E-84  0.1600E+02
  48.420  0.1312E-84  0.1600E+02
  48.440  0.1312E-84  0.1600E+02
  48.460  0.1312E-84  0.1600E+02
  48.480  0.1312E-84  0.1600E+02
  48.500  0.1312E-84  0.1600E+02
  48.520  0.1312E-84  0.1600E+02
  48.540  0.1312E-84  0.1600E+02
  48.560  0.1312E-84  0.1600E+02
  48.580  0.1312E-84  0.1600E+02
  48.600  0.1312E-84  0.1600E+02
  48.620  0.1312E-84  0.1600E+02
  48.640  0.1312E-84  0.1600E+02
  48.660  0.1312E-84  0.1600E+02
  48.680  0.1312E-84  0.1600E+02
  48.700  0.1312E-84  0.1600E+02
  48.720  0.1312E-84  0.1600E+02
  48.740  0.1312E-84  0.1600E+02
  48.760  0.1312E-84  0.1600E+02
  48.780  0.1312E-84  0.1600E+02
  48.800  0.1312E-84  0.1600E+02
  48.820  0.1312E-84  0.1600E+02
  48.840  0.1312E-84  0.1600E+02
  48.860  0.1312E-84  0.1600E+02
  48.880  0.1312E-84  0.1600E+02
  48.900  0.1312E-84  0.1600E+02
  48.920  0.1312E-84  0.1600E+02
  48.940  0.1312E-84  0.1600E+02
  48.960  0.1312E-84  0.1600E+02
  48.980  0.1312E-84  0.1600E+02
  49.000  0.1312E-84  0.1600E+02
  49.020  0.1312E-84  0.1600E+02
  49.040  0.1312E-84  0.1600E+02
  49.060  0.1312E-84  0.1600E+02
  49.080  0.1312E-84  0.1600E+02
  49.100  0.1312E-84  0.1600E+02
  49.120  0.1312E-84  0.1600E+02
  49.140  0.1312E-84  0.1600E+02
  49.160  0.1312E-84  0.1600E+02
  49.180  0.1312E-84  0.1600E+02
  49.200  0.1312E-84  0.1600E+02
  49.220  0.1312E-84  0.1600E+02
  49.240  0.1312E-84  0.1600E+02
  49.260  0.1312E-84  0.1600E+02
  49.280  0.1312E-84  0.1600E+02
  49.300  0.1312E-84  0.1600E+02
  49.320  0.1312E-84  0.1600E+02
  49.340  0.1312E-84  0.1600E+02
  49.360  0.1312E-84  0.1600E+02
  49.380  0.1312E-84  0.1600E+02
  49.400  0.1312E-84  0.1600E+02
  49.420  0.1312E-84  0.1600E+02
  49.440  0.1312E-84  0.1600E+02
  49.460  0.1312E-84  0.1600E+02
  49.480  0.1312E-84  0.1600E+02
  49.500  0.1312E-84  0.1600E+02
  49.520  0.1312E-84  0.1600E+02
  49.540  0.1312E-84  0.1600E+02
  49.560  0.1312E-84  0.1600E+02
  49.580  0.1312E-84  0.1600E+02
  49.600  0.1312E-84  0.1600E+02
  49.620  0.1312E-84  0.1600E+02
  49.640  0.1312E-84  0.1600E+02
  49.660  0.1312E-84  0.1600E+02
  49.680  0.1312E-84  0.1600E+02
  49.700  0.1312E-84  0.1600E+02
  49.720  0.1312E-84  0.1600E+02
  49.740  0.1312E-84  0.1600E+02
  49.760  0.1312E-84  0.1600E+02
  49.780  0.1312E-84  0.1600E+02
  49.800  0.1312E-84  0.1600E+02
  49.820  0.1312E-84  0.1600E+02
  49.840  0.1312E-84  0.1600E+02
  49.860  0.1312E-84  0.1600E+02
  49.880  0.1312E-84  0.1600E+02
  49.900  0.1312E-84  0.1600E+02
  49.920  0.1312E-84  0.1600E+02
  49.940  0.1312E-84  0.1600E+02
  49.960  0.1312E-84  0.1600E+02
  49.980  0.1312E-84  0.1600E+02
  50.000  0.1312E-84  0.1600E+02
