   0.000000000     -0.8039522668    
  0.1430141280E-01 -0.8038724010    
  0.2860282561E-01 -0.8036328295    
  0.4290423841E-01 -0.8032335457    
  0.5720565122E-01 -0.8026746399    
  0.7150706402E-01 -0.8019561211    
  0.8580847683E-01 -0.8010780920    
  0.1001098896     -0.8000406697    
  0.1144113024     -0.7988439643    
  0.1287127152     -0.7974881082    
  0.1430141280     -0.7959732759    
  0.1573155409     -0.7942996384    
  0.1716169537     -0.7924673955    
  0.1859183665     -0.7904767680    
  0.2002197793     -0.7883279985    
  0.2145211921     -0.7860213517    
  0.2288226049     -0.7835571154    
  0.2431240177     -0.7809356010    
  0.2574254305     -0.7781571443    
  0.2717268433     -0.7752221066    
  0.2860282561     -0.7721308754    
  0.3003296689     -0.7688838654    
  0.3146310817     -0.7654815196    
  0.3289324945     -0.7619243104    
  0.3432339073     -0.7582130283    
  0.3575353201     -0.7543476672    
  0.3718367329     -0.7503290517    
  0.3861381457     -0.7461577845    
  0.4004395585     -0.7418345049    
  0.4147409713     -0.7373598895    
  0.4290423841     -0.7327345006    
  0.4433437969     -0.7279593950    
  0.4576452097     -0.7230352277    
  0.4719466226     -0.7179628441    
  0.4862480354     -0.7127431369    
  0.5005494482     -0.7073770478    
  0.5148508610     -0.7018655702    
  0.5291522738     -0.6962097512    
  0.5434536866     -0.6904106947    
  0.5577550994     -0.6844695632    
  0.5720565122     -0.6783875814    
  0.5863579250     -0.6721660387    
  0.6006593378     -0.6658062918    
  0.6149607506     -0.6593097688    
  0.6292621634     -0.6526779716    
  0.6435635762     -0.6459124797    
  0.6578649890     -0.6390149536    
  0.6721664018     -0.6319871386    
  0.6864678146     -0.6248309485    
  0.7007692274     -0.6175481537    
  0.7150706402     -0.6101408528    
  0.7293720530     -0.6026117257    
  0.7436734658     -0.5949619240    
  0.7579748786     -0.5871934725    
  0.7722762915     -0.5793104804    
  0.7865777043     -0.5713146933    
  0.8008791171     -0.5632088028    
  0.8151805299     -0.5549956273    
  0.8294819427     -0.5466781167    
  0.8437833555     -0.5382593568    
  0.8580847683     -0.5297425735    
  0.8723861811     -0.5211311372    
  0.8866875939     -0.5124285661    
  0.9009890067     -0.5036385309    
  0.9152904195     -0.4947648571    
  0.9295918323     -0.4858115852    
  0.9436765570     -0.4857620681    
  0.9577612818     -0.4856137004    
  0.9718460065     -0.4853670351    
  0.9859307312     -0.4850230009    
   1.000015456     -0.4845829135    
   1.014100181     -0.4840484910    
   1.028184905     -0.4834219465    
   1.042269630     -0.4827057318    
   1.056354355     -0.4819029796    
   1.070439080     -0.4810172721    
   1.084523804     -0.4800527474    
   1.098608529     -0.4790141162    
   1.112693254     -0.4779068433    
   1.126777979     -0.4767370071    
   1.140862703     -0.4755115543    
   1.154947428     -0.4742381184    
   1.169032153     -0.4729254043    
   1.183116877     -0.4715830469    
   1.197201602     -0.4702209279    
   1.211286327     -0.4688524397    
   1.225371052     -0.4674896423    
   1.239455776     -0.4661465384    
   1.253540501     -0.4648381879    
   1.267625226     -0.4635806338    
   1.281709951     -0.4623906551    
   1.295794675     -0.4612857929    
   1.309879400     -0.4602829348    
   1.323964125     -0.4593993093    
   1.338048850     -0.4586509393    
   1.352133574     -0.4580524338    
   1.366218299     -0.4576154976    
   1.380303024     -0.4573495030    
   1.394387748     -0.4572601874    
   1.408081929     -0.4602485177    
   1.421776110     -0.4631112530    
   1.435470291     -0.4658481095    
   1.449164472     -0.4684587589    
   1.462858653     -0.4709432647    
   1.476552835     -0.4733013146    
   1.490247016     -0.4755327443    
   1.503941197     -0.4776372931    
   1.517635378     -0.4796150405    
   1.531329559     -0.4814657464    
   1.545023740     -0.4831897981    
   1.558717921     -0.4847860900    
   1.572412102     -0.4862550195    
   1.586106283     -0.4875964982    
   1.599800464     -0.4888104466    
   1.613494645     -0.4898967787    
   1.627188826     -0.4908554626    
   1.640883007     -0.4916864277    
   1.654577188     -0.4923896269    
   1.668271369     -0.4929651411    
   1.681965550     -0.4934127145    
   1.695659731     -0.4937324274    
   1.709353912     -0.4939242621    
   1.723048093     -0.4939882082    
   1.737337673     -0.4975243625    
   1.751627253     -0.5016016036    
   1.765916833     -0.5061975785    
   1.780206413     -0.5112748895    
   1.794495994     -0.5167854775    
   1.808785574     -0.5226753439    
   1.823075154     -0.5288887207    
   1.837364734     -0.5353713457    
   1.851654314     -0.5420732616    
   1.865943894     -0.5489466023    
   1.880233475     -0.5559511023    
   1.894523055     -0.5630502979    
   1.908812635     -0.5702134947    
   1.923102215     -0.5774130993    
   1.937391795     -0.5846255977    
   1.951681376     -0.5918306911    
   1.965970956     -0.5990108441    
   1.980260536     -0.6061508814    
   1.994550116     -0.6132375562    
   2.008839696     -0.6202595869    
   2.023129276     -0.6272068866    
   2.037418857     -0.6340707008    
   2.051708437     -0.6408433364    
   2.065998017     -0.6475180095    
   2.080287597     -0.6540884020    
   2.094577177     -0.6605498357    
   2.108866758     -0.6668972299    
   2.123156338     -0.6731263452    
   2.137445918     -0.6792333829    
   2.151735498     -0.6852150962    
   2.166025078     -0.6910680697    
   2.180314658     -0.6967897008    
   2.194604239     -0.7023774752    
   2.208893819     -0.7078291121    
   2.223183399     -0.7131422606    
   2.237472979     -0.7183156056    
   2.251762559     -0.7233471254    
   2.266052140     -0.7282352444    
   2.280341720     -0.7329785203    
   2.294631300     -0.7375756310    
   2.308920880     -0.7420253635    
   2.323210460     -0.7463266030    
   2.337500040     -0.7504783249    
   2.351789621     -0.7544794998    
   2.366079201     -0.7583294412    
   2.380368781     -0.7620272527    
   2.394658361     -0.7655721973    
   2.408947941     -0.7689636328    
   2.423237522     -0.7722008573    
   2.437527102     -0.7752833339    
   2.451816682     -0.7782105320    
   2.466106262     -0.7809819639    
   2.480395842     -0.7835971898    
   2.494685422     -0.7860557831    
   2.508975003     -0.7883573748    
   2.523264583     -0.7905016214    
   2.537554163     -0.7924882102    
   2.551843743     -0.7943168578    
   2.566133323     -0.7959873082    
   2.580422904     -0.7974993321    
   2.594712484     -0.7988527346    
   2.609002064     -0.8000473181    
   2.623291644     -0.8010829377    
   2.637581224     -0.8019594519    
   2.651870804     -0.8026767541    
   2.666160385     -0.8032347486    
   2.680449965     -0.8036333661    
   2.694739545     -0.8038725331    
   2.709029125     -0.8039522668    
   2.723152812     -0.8038743737    
   2.737276499     -0.8036407200    
   2.751400185     -0.8032513042    
   2.765523872     -0.8027061912    
   2.779647559     -0.8020054508    
   2.793771245     -0.8011491696    
   2.807894932     -0.8001374938    
   2.822018619     -0.7989704989    
   2.836142305     -0.7976483646    
   2.850265992     -0.7961712688    
   2.864389679     -0.7945394136    
   2.878513366     -0.7927530260    
   2.892637052     -0.7908123595    
   2.906760739     -0.7887176958    
   2.920884426     -0.7864693441    
   2.935008112     -0.7840676521    
   2.949131799     -0.7815129938    
   2.963255486     -0.7788057830    
   2.977379172     -0.7759464729    
   2.991502859     -0.7729355601    
   3.005626546     -0.7697735884    
   3.019750233     -0.7664611535    
   3.033873919     -0.7629989088    
   3.047997606     -0.7593875712    
   3.062121293     -0.7556279291    
   3.076244979     -0.7517207440    
   3.090368666     -0.7476671828    
   3.104492353     -0.7434682074    
   3.118616039     -0.7391249983    
   3.132739726     -0.7346388719    
   3.146863413     -0.7300113023    
   3.160987100     -0.7252442557    
   3.175110786     -0.7203390197    
   3.189234473     -0.7152980076    
   3.203358160     -0.7101236592    
   3.217481846     -0.7048187848    
   3.231605533     -0.6993866459    
   3.245729220     -0.6938310572    
   3.259852906     -0.6881565200    
   3.273976593     -0.6823685782    
   3.288100280     -0.6764733259    
   3.302223967     -0.6704787825    
   3.316347653     -0.6643946042    
   3.330471340     -0.6582328256    
   3.344595027     -0.6520086474    
   3.358718713     -0.6457415431    
   3.372842400     -0.6394568319    
   3.386966087     -0.6331879365    
   3.401089773     -0.6269796412    
   3.415213460     -0.6208927847    
   3.429337147     -0.6150111106    
   3.443460834     -0.6094493520    
   3.457584520     -0.6043654280    
   3.471708207     -0.5999683838    
   3.485831894     -0.5965171334    
   3.499955580     -0.5942907629    
   3.514079267     -0.5935184233    
   3.528310677     -0.5934484209    
   3.542542088     -0.5932384272    
   3.556773498     -0.5928884833    
   3.571004909     -0.5923986580    
   3.585236319     -0.5917690489    
   3.599467729     -0.5909998878    
   3.613699140     -0.5900911393    
   3.627930550     -0.5890432200    
   3.642161960     -0.5878560904    
   3.656393371     -0.5865301551    
   3.670624781     -0.5850654741    
   3.684856191     -0.5834628698    
   3.699087602     -0.5817225072    
   3.713319012     -0.5798448436    
   3.727550423     -0.5778303996    
   3.741781833     -0.5756797688    
   3.756013243     -0.5733936283    
   3.770244654     -0.5709728303    
   3.784476064     -0.5684181154    
   3.798707474     -0.5657301029    
   3.812938885     -0.5629109422    
   3.827170295     -0.5599617950    
   3.841401705     -0.5568837753    
   3.855633116     -0.5536790753    
   3.869864526     -0.5503501606    
   3.884095937     -0.5468995835    
   3.898327347     -0.5433309272    
   3.912558757     -0.5396485013    
   3.926790168     -0.5358577318    
   3.941021578     -0.5319657116    
   3.955252988     -0.5279816716    
   3.969484399     -0.5239180621    
   3.983715809     -0.5197918272    
   3.997947219     -0.5156277337    
   4.012178630     -0.5114610550    
   4.026410040     -0.5073452634    
   4.040641451     -0.5033634948    
   4.054872861     -0.4996482718    
   4.069104271     -0.4964128568    
   4.083335682     -0.4939882082    
   4.097029863     -0.4939242621    
   4.110724044     -0.4937324274    
   4.124418225     -0.4934127145    
   4.138112406     -0.4929651411    
   4.151806587     -0.4923896269    
   4.165500768     -0.4916864277    
   4.179194949     -0.4908554626    
   4.192889130     -0.4898967787    
   4.206583311     -0.4888104466    
   4.220277492     -0.4875964982    
   4.233971673     -0.4862550195    
   4.247665854     -0.4847860900    
   4.261360035     -0.4831897981    
   4.275054216     -0.4814657464    
   4.288748397     -0.4796150405    
   4.302442578     -0.4776372931    
   4.316136759     -0.4755327443    
   4.329830940     -0.4733013146    
   4.343525121     -0.4709432647    
   4.357219302     -0.4684587589    
   4.370913483     -0.4658481095    
   4.384607664     -0.4631112530    
   4.398301845     -0.4602485177    
   4.411996026     -0.4572601874    
   4.425981572     -0.4617513897    
   4.439967119     -0.4663762598    
   4.453952666     -0.4710889403    
   4.467938212     -0.4758521393    
   4.481923759     -0.4806356108    
   4.495909305     -0.4854147053    
   4.509894852     -0.4901693215    
   4.523880398     -0.4948829719    
   4.537865945     -0.4995419821    
   4.551851491     -0.5041357242    
   4.565837038     -0.5086536701    
   4.579822585     -0.5130883915    
   4.593808131     -0.5174331785    
   4.607793678     -0.5216823201    
   4.621779224     -0.5258309733    
   4.635764771     -0.5298748338    
   4.649750317     -0.5338103117    
   4.663735864     -0.5376342424    
   4.677721410     -0.5413438627    
   4.691706957     -0.5449367497    
   4.705692504     -0.5484107709    
   4.719678050     -0.5517638755    
   4.733663597     -0.5549946979    
   4.747649143     -0.5581016562    
   4.761634690     -0.5610834160    
   4.775620236     -0.5639387508    
   4.789605783     -0.5666666319    
   4.803591330     -0.5692661144    
   4.817576876     -0.5717363513    
   4.831562423     -0.5740765022    
   4.845547969     -0.5762860503    
   4.859533516     -0.5783642953    
   4.873519062     -0.5803106869    
   4.887504609     -0.5821247315    
   4.901490155     -0.5838059874    
   4.915475702     -0.5853545507    
   4.929461249     -0.5867690886    
   4.943446795     -0.5880497816    
   4.957432342     -0.5891963607    
   4.971417888     -0.5902084067    
   4.985403435     -0.5910860873    
   4.999388981     -0.5918289468    
   5.013374528     -0.5924370043    
   5.027360075     -0.5929100580    
   5.041345621     -0.5932480175    
   5.055331168     -0.5934508187    
   5.069316714     -0.5935184233    
   5.083548125     -0.5934484209    
   5.097779535     -0.5932384272    
   5.112010945     -0.5928884833    
   5.126242356     -0.5923986580    
   5.140473766     -0.5917690489    
   5.154705176     -0.5909998878    
   5.168936587     -0.5900911393    
   5.183167997     -0.5890432200    
   5.197399407     -0.5878560904    
   5.211630818     -0.5865301551    
   5.225862228     -0.5850654741    
   5.240093639     -0.5834628698    
   5.254325049     -0.5817225072    
   5.268556459     -0.5798448436    
   5.282787870     -0.5778303996    
   5.297019280     -0.5756797688    
   5.311250690     -0.5733936283    
   5.325482101     -0.5709728303    
   5.339713511     -0.5684181154    
   5.353944921     -0.5657301029    
   5.368176332     -0.5629109422    
   5.382407742     -0.5599617950    
   5.396639153     -0.5568837753    
   5.410870563     -0.5536790753    
   5.425101973     -0.5503501606    
   5.439333384     -0.5468995835    
   5.453564794     -0.5433309272    
   5.467796204     -0.5396485013    
   5.482027615     -0.5358577318    
   5.496259025     -0.5319657116    
   5.510490435     -0.5279816716    
   5.524721846     -0.5239180621    
   5.538953256     -0.5197918272    
   5.553184667     -0.5156277337    
   5.567416077     -0.5114610550    
   5.581647487     -0.5073452634    
   5.595878898     -0.5033634948    
   5.610110308     -0.4996482718    
   5.624341718     -0.4964128568    
   5.638573129     -0.4939882082    

   0.000000000     -0.1857938227E-01
  0.1430141280E-01 -0.1892500340E-01
  0.2860282561E-01 -0.1995516727E-01
  0.4290423841E-01 -0.2163993262E-01
  0.5720565122E-01 -0.2394549513E-01
  0.7150706402E-01 -0.2681324908E-01
  0.8580847683E-01 -0.3019006717E-01
  0.1001098896     -0.3401669609E-01
  0.1144113024     -0.3823361720E-01
  0.1287127152     -0.4278316615E-01
  0.1430141280     -0.4761446036E-01
  0.1573155409     -0.5267845249E-01
  0.1716169537     -0.5793196942E-01
  0.1859183665     -0.6333664935E-01
  0.2002197793     -0.6885863941E-01
  0.2145211921     -0.7446819073E-01
  0.2288226049     -0.8013921663E-01
  0.2431240177     -0.8584885437E-01
  0.2574254305     -0.9157705390E-01
  0.2717268433     -0.9730620479E-01
  0.2860282561     -0.1030208055    
  0.3003296689     -0.1087071746    
  0.3146310817     -0.1143532009    
  0.3289324945     -0.1199448944    
  0.3432339073     -0.1254795527    
  0.3575353201     -0.1309446036    
  0.3718367329     -0.1363327299    
  0.3861381457     -0.1416370181    
  0.4004395585     -0.1476440550    
  0.4147409713     -0.1555928080    
  0.4290423841     -0.1636825797    
  0.4433437969     -0.1719066972    
  0.4576452097     -0.1802586188    
  0.4719466226     -0.1887319002    
  0.4862480354     -0.1973201631    
  0.5005494482     -0.2060170678    
  0.5148508610     -0.2148162901    
  0.5291522738     -0.2237115018    
  0.5434536866     -0.2326963568    
  0.5577550994     -0.2417644798    
  0.5720565122     -0.2509094606    
  0.5863579250     -0.2601248511    
  0.6006593378     -0.2694041670    
  0.6149607506     -0.2787408915    
  0.6292621634     -0.2881284828    
  0.6435635762     -0.2975603831    
  0.6578649890     -0.3070300300    
  0.6721664018     -0.3165308693    
  0.6864678146     -0.3260590944    
  0.7007692274     -0.3356027684    
  0.7150706402     -0.3451581569    
  0.7293720530     -0.3547204422    
  0.7436734658     -0.3642801662    
  0.7579748786     -0.3738304805    
  0.7722762915     -0.3833699041    
  0.7865777043     -0.3928900338    
  0.8008791171     -0.4023850045    
  0.8151805299     -0.4118490856    
  0.8294819427     -0.4212766889    
  0.8437833555     -0.4306623753    
  0.8580847683     -0.4400008600    
  0.8723861811     -0.4492870167    
  0.8866875939     -0.4585158808    
  0.9009890067     -0.4676826511    
  0.9152904195     -0.4767826910    
  0.9295918323     -0.4858114726    
  0.9436765570     -0.4857619556    
  0.9577612818     -0.4856135880    
  0.9718460065     -0.4853669229    
  0.9859307312     -0.4850228889    
   1.000015456     -0.4845828019    
   1.014100181     -0.4840483799    
   1.028184905     -0.4834218360    
   1.042269630     -0.4827056219    
   1.056354355     -0.4819028705    
   1.070439080     -0.4810171638    
   1.084523804     -0.4800526400    
   1.098608529     -0.4790140097    
   1.112693254     -0.4779067379    
   1.126777979     -0.4767369029    
   1.140862703     -0.4755114516    
   1.154947428     -0.4742380171    
   1.169032153     -0.4729253046    
   1.183116877     -0.4715829489    
   1.197201602     -0.4702208317    
   1.211286327     -0.4688523455    
   1.225371052     -0.4674895501    
   1.239455776     -0.4661464484    
   1.253540501     -0.4648381003    
   1.267625226     -0.4635805485    
   1.281709951     -0.4623905720    
   1.295794675     -0.4612857119    
   1.309879400     -0.4602828560    
   1.323964125     -0.4593992325    
   1.338048850     -0.4586508643    
   1.352133574     -0.4580523601    
   1.366218299     -0.4576154250    
   1.380303024     -0.4573494312    
   1.394387748     -0.4572601158    
   1.408081929     -0.4544450472    
   1.421776110     -0.4520908614    
   1.435470291     -0.4501718037    
   1.449164472     -0.4486517934    
   1.462858653     -0.4474892807    
   1.476552835     -0.4466384167    
   1.490247016     -0.4460534544    
   1.503941197     -0.4456902871    
   1.517635378     -0.4455086577    
   1.531329559     -0.4454715858    
   1.545023740     -0.4455468098    
   1.558717921     -0.4457054767    
   1.572412102     -0.4459233335    
   1.586106283     -0.4461794236    
   1.599800464     -0.4464559435    
   1.613494645     -0.4467378676    
   1.627188826     -0.4470126132    
   1.640883007     -0.4472697267    
   1.654577188     -0.4475006309    
   1.668271369     -0.4476984076    
   1.681965550     -0.4478576212    
   1.695659731     -0.4479741811    
   1.709353912     -0.4480452373    
   1.723048093     -0.4480691079    
   1.737337673     -0.4447321493    
   1.751627253     -0.4412561429    
   1.765916833     -0.4376414913    
   1.780206413     -0.4338886216    
   1.794495994     -0.4299979860    
   1.808785574     -0.4259700636    
   1.823075154     -0.4218043429    
   1.837364734     -0.4175033878    
   1.851654314     -0.4130685983    
   1.865943894     -0.4084970372    
   1.880233475     -0.4037910489    
   1.894523055     -0.3989513079    
   1.908812635     -0.3939785289    
   1.923102215     -0.3888734692    
   1.937391795     -0.3836369312    
   1.951681376     -0.3782697665    
   1.965970956     -0.3727728785    
   1.980260536     -0.3671472267    
   1.994550116     -0.3613932476    
   2.008839696     -0.3555131551    
   2.023129276     -0.3495075572    
   2.037418857     -0.3433776839    
   2.051708437     -0.3371248472    
   2.065998017     -0.3307504474    
   2.080287597     -0.3242547754    
   2.094577177     -0.3176418578    
   2.108866758     -0.3109121910    
   2.123156338     -0.3040676152    
   2.137445918     -0.2971101065    
   2.151735498     -0.2900421820    
   2.166025078     -0.2828653578    
   2.180314658     -0.2755824866    
   2.194604239     -0.2681962377    
   2.208893819     -0.2607095008    
   2.223183399     -0.2531247412    
   2.237472979     -0.2454467194    
   2.251762559     -0.2376784541    
   2.266052140     -0.2298239886    
   2.280341720     -0.2218877441    
   2.294631300     -0.2138745658    
   2.308920880     -0.2057897764    
   2.323210460     -0.1976392390    
   2.337500040     -0.1894294292    
   2.351789621     -0.1811675192    
   2.366079201     -0.1728614774    
   2.380368781     -0.1645201838    
   2.394658361     -0.1561535673    
   2.408947941     -0.1477727672    
   2.423237522     -0.1393903244    
   2.437527102     -0.1310204080    
   2.451816682     -0.1226790852    
   2.466106262     -0.1143846397    
   2.480395842     -0.1061581198    
   2.494685422     -0.9802310301E-01
   2.508975003     -0.9000723362E-01
   2.523264583     -0.8214214289E-01
   2.537554163     -0.7446429199E-01
   2.551843743     -0.6701570688E-01
   2.566133323     -0.5984473604E-01
   2.580422904     -0.5300675758E-01
   2.594712484     -0.4656532268E-01
   2.609002064     -0.4058991649E-01
   2.623291644     -0.3515907611E-01
   2.637581224     -0.3035611821E-01
   2.651870804     -0.2626585256E-01
   2.666160385     -0.2297623373E-01
   2.680449965     -0.2056255706E-01
   2.694739545     -0.1907562813E-01
   2.709029125     -0.1857938227E-01
   2.723152812     -0.1916063507E-01
   2.737276499     -0.2090278160E-01
   2.751400185     -0.2373575245E-01
   2.765523872     -0.2760451842E-01
   2.779647559     -0.3242565198E-01
   2.793771245     -0.3810689351E-01
   2.807894932     -0.4455694310E-01
   2.822018619     -0.5168330930E-01
   2.836142305     -0.5940284273E-01
   2.850265992     -0.6763912861E-01
   2.864389679     -0.7632385344E-01
   2.878513366     -0.8539658344E-01
   2.892637052     -0.9480416869E-01
   2.906760739     -0.1044999805    
   2.920884426     -0.1144429191    
   2.935008112     -0.1245974163    
   2.949131799     -0.1349315887    
   2.963255486     -0.1454173935    
   2.977379172     -0.1560299087    
   2.991502859     -0.1667468818    
   3.005626546     -0.1775483476    
   3.019750233     -0.1884163047    
   3.033873919     -0.1993344419    
   3.047997606     -0.2102879059    
   3.062121293     -0.2212631033    
   3.076244979     -0.2322466189    
   3.090368666     -0.2432287287    
   3.104492353     -0.2541977651    
   3.118616039     -0.2651436826    
   3.132739726     -0.2760570327    
   3.146863413     -0.2869288688    
   3.160987100     -0.2977513718    
   3.175110786     -0.3085148854    
   3.189234473     -0.3192121653    
   3.203358160     -0.3298353803    
   3.217481846     -0.3403767424    
   3.231605533     -0.3508283939    
   3.245729220     -0.3611822764    
   3.259852906     -0.3714299724    
   3.273976593     -0.3815655198    
   3.288100280     -0.3915731532    
   3.302223967     -0.4014449449    
   3.316347653     -0.4111684301    
   3.330471340     -0.4207290025    
   3.344595027     -0.4301091143    
   3.358718713     -0.4392871582    
   3.372842400     -0.4482358842    
   3.386966087     -0.4569201339    
   3.401089773     -0.4652935738    
   3.415213460     -0.4732939961    
   3.429337147     -0.4808372519    
   3.443460834     -0.4878046580    
   3.457584520     -0.4940409569    
   3.471708207     -0.4993350124    
   3.485831894     -0.5034273698    
   3.499955580     -0.5060385581    
   3.514079267     -0.5069391957    
   3.528310677     -0.5068664629    
   3.542542088     -0.5066483323    
   3.556773498     -0.5062850077    
   3.571004909     -0.5057768320    
   3.585236319     -0.5051242920    
   3.599467729     -0.5043281155    
   3.613699140     -0.5033889273    
   3.627930550     -0.5023078213    
   3.642161960     -0.5010858204    
   3.656393371     -0.4997244147    
   3.670624781     -0.4982250921    
   3.684856191     -0.4965898032    
   3.699087602     -0.4948206275    
   3.713319012     -0.4929200343    
   3.727550423     -0.4908908821    
   3.741781833     -0.4887364873    
   3.756013243     -0.4864607092    
   3.770244654     -0.4840681740    
   3.784476064     -0.4815639590    
   3.798707474     -0.4789540843    
   3.812938885     -0.4762469253    
   3.827170295     -0.4734509129    
   3.841401705     -0.4705768089    
   3.855633116     -0.4676371150    
   3.869864526     -0.4646503375    
   3.884095937     -0.4616360110    
   3.898327347     -0.4586202500    
   3.912558757     -0.4556363203    
   3.926790168     -0.4527259841    
   3.941021578     -0.4499466809    
   3.955252988     -0.4473687448    
   3.969484399     -0.4450832825    
   3.983715809     -0.4432031255    
   3.997947219     -0.4418598784    
   4.012178630     -0.4411899221    
   4.026410040     -0.4413032359    
   4.040641451     -0.4422344110    
   4.054872861     -0.4438855870    
   4.069104271     -0.4459848951    
   4.083335682     -0.4480691079    
   4.097029863     -0.4480452373    
   4.110724044     -0.4479741811    
   4.124418225     -0.4478576212    
   4.138112406     -0.4476984076    
   4.151806587     -0.4475006309    
   4.165500768     -0.4472697267    
   4.179194949     -0.4470126132    
   4.192889130     -0.4467378676    
   4.206583311     -0.4464559435    
   4.220277492     -0.4461794236    
   4.233971673     -0.4459233335    
   4.247665854     -0.4457054767    
   4.261360035     -0.4455468098    
   4.275054216     -0.4454715858    
   4.288748397     -0.4455086577    
   4.302442578     -0.4456902871    
   4.316136759     -0.4460534544    
   4.329830940     -0.4466384167    
   4.343525121     -0.4474892807    
   4.357219302     -0.4486517934    
   4.370913483     -0.4501718037    
   4.384607664     -0.4520908614    
   4.398301845     -0.4544450472    
   4.411996026     -0.4572601158    
   4.425981572     -0.4529583291    
   4.439967119     -0.4489128940    
   4.453952666     -0.4452022137    
   4.467938212     -0.4419134774    
   4.481923759     -0.4391394228    
   4.495909305     -0.4369657243    
   4.509894852     -0.4354602013    
   4.523880398     -0.4346592855    
   4.537865945     -0.4345597010    
   4.551851491     -0.4351201575    
   4.565837038     -0.4362687270    
   4.579822585     -0.4379173123    
   4.593808131     -0.4399738293    
   4.607793678     -0.4423511697    
   4.621779224     -0.4449729607    
   4.635764771     -0.4477713699    
   4.649750317     -0.4506924491    
   4.663735864     -0.4536911523    
   4.677721410     -0.4567307320    
   4.691706957     -0.4597812475    
   4.705692504     -0.4628182544    
   4.719678050     -0.4658216092    
   4.733663597     -0.4687749204    
   4.747649143     -0.4716645437    
   4.761634690     -0.4744803327    
   4.775620236     -0.4772099888    
   4.789605783     -0.4798467122    
   4.803591330     -0.4823835933    
   4.817576876     -0.4848147222    
   4.831562423     -0.4871350210    
   4.845547969     -0.4893401129    
   4.859533516     -0.4914261838    
   4.873519062     -0.4933899285    
   4.887504609     -0.4952284668    
   4.901490155     -0.4969392856    
   4.915475702     -0.4985202947    
   4.929461249     -0.4999693759    
   4.943446795     -0.5012849662    
   4.957432342     -0.5024656529    
   4.971417888     -0.5035099806    
   4.985403435     -0.5044172825    
   4.999388981     -0.5051863377    
   5.013374528     -0.5058165984    
   5.027360075     -0.5063074008    
   5.041345621     -0.5066582925    
   5.055331168     -0.5068689541    
   5.069316714     -0.5069391957    
   5.083548125     -0.5068664629    
   5.097779535     -0.5066483323    
   5.112010945     -0.5062850077    
   5.126242356     -0.5057768320    
   5.140473766     -0.5051242920    
   5.154705176     -0.5043281155    
   5.168936587     -0.5033889273    
   5.183167997     -0.5023078213    
   5.197399407     -0.5010858204    
   5.211630818     -0.4997244147    
   5.225862228     -0.4982250921    
   5.240093639     -0.4965898032    
   5.254325049     -0.4948206275    
   5.268556459     -0.4929200343    
   5.282787870     -0.4908908821    
   5.297019280     -0.4887364873    
   5.311250690     -0.4864607092    
   5.325482101     -0.4840681740    
   5.339713511     -0.4815639590    
   5.353944921     -0.4789540843    
   5.368176332     -0.4762469253    
   5.382407742     -0.4734509129    
   5.396639153     -0.4705768089    
   5.410870563     -0.4676371150    
   5.425101973     -0.4646503375    
   5.439333384     -0.4616360110    
   5.453564794     -0.4586202500    
   5.467796204     -0.4556363203    
   5.482027615     -0.4527259841    
   5.496259025     -0.4499466809    
   5.510490435     -0.4473687448    
   5.524721846     -0.4450832825    
   5.538953256     -0.4432031255    
   5.553184667     -0.4418598784    
   5.567416077     -0.4411899221    
   5.581647487     -0.4413032359    
   5.595878898     -0.4422344110    
   5.610110308     -0.4438855870    
   5.624341718     -0.4459848951    
   5.638573129     -0.4480691079    

   0.000000000     -0.1857938227E-01
  0.1430141280E-01 -0.1892478873E-01
  0.2860282561E-01 -0.1995495728E-01
  0.4290423841E-01 -0.2163972237E-01
  0.5720565122E-01 -0.2394530365E-01
  0.7150706402E-01 -0.2681305688E-01
  0.8580847683E-01 -0.3018987425E-01
  0.1001098896     -0.3401650216E-01
  0.1144113024     -0.3823342216E-01
  0.1287127152     -0.4278296708E-01
  0.1430141280     -0.4761426000E-01
  0.1573155409     -0.5267825085E-01
  0.1716169537     -0.5793176651E-01
  0.1859183665     -0.6333644521E-01
  0.2002197793     -0.6885843406E-01
  0.2145211921     -0.7446798421E-01
  0.2288226049     -0.8013900897E-01
  0.2431240177     -0.8584864561E-01
  0.2574254305     -0.9157684408E-01
  0.2717268433     -0.9730599394E-01
  0.2860282561     -0.1030205937    
  0.3003296689     -0.1087069618    
  0.3146310817     -0.1143529872    
  0.3289324945     -0.1199446641    
  0.3432339073     -0.1254793216    
  0.3575353201     -0.1309443717    
  0.3718367329     -0.1363324973    
  0.3861381457     -0.1416367847    
  0.4004395585     -0.1468512273    
  0.4147409713     -0.1519697072    
  0.4290423841     -0.1569872747    
  0.4433437969     -0.1618993619    
  0.4576452097     -0.1667016519    
  0.4719466226     -0.1713902419    
  0.4862480354     -0.1759615524    
  0.5005494482     -0.1804122940    
  0.5148508610     -0.1847394379    
  0.5291522738     -0.1889401912    
  0.5434536866     -0.1930119744    
  0.5577550994     -0.1969524021    
  0.5720565122     -0.2007592661    
  0.5863579250     -0.2044305208    
  0.6006593378     -0.2079642696    
  0.6149607506     -0.2113587535    
  0.6292621634     -0.2146123408    
  0.6435635762     -0.2177235181    
  0.6578649890     -0.2206908823    
  0.6721664018     -0.2235131329    
  0.6864678146     -0.2261891245    
  0.7007692274     -0.2287176299    
  0.7150706402     -0.2310976778    
  0.7293720530     -0.2333303759    
  0.7436734658     -0.2354108331    
  0.7579748786     -0.2373401912    
  0.7722762915     -0.2391177958    
  0.7865777043     -0.2407429525    
  0.8008791171     -0.2422150687    
  0.8151805299     -0.2435336142    
  0.8294819427     -0.2446981196    
  0.8437833555     -0.2457081748    
  0.8580847683     -0.2465634268    
  0.8723861811     -0.2472635792    
  0.8866875939     -0.2478083908    
  0.9009890067     -0.2481976748    
  0.9152904195     -0.2484312982    
  0.9295918323     -0.2485091815    
  0.9436765570     -0.2486848197    
  0.9577612818     -0.2492094822    
  0.9718460065     -0.2500764909    
  0.9859307312     -0.2512749670    
   1.000015456     -0.2527901844    
   1.014100181     -0.2546040224    
   1.028184905     -0.2566963251    
   1.042269630     -0.2590420940    
   1.056354355     -0.2616169998    
   1.070439080     -0.2643945919    
   1.084523804     -0.2673475543    
   1.098608529     -0.2704478865    
   1.112693254     -0.2736679670    
   1.126777979     -0.2769796192    
   1.140862703     -0.2803567063    
   1.154947428     -0.2837683767    
   1.169032153     -0.2871890069    
   1.183116877     -0.2905916323    
   1.197201602     -0.2939470676    
   1.211286327     -0.2972338228    
   1.225371052     -0.3004230156    
   1.239455776     -0.3034884356    
   1.253540501     -0.3064023732    
   1.267625226     -0.3091423132    
   1.281709951     -0.3116810220    
   1.295794675     -0.3139952682    
   1.309879400     -0.3160575631    
   1.323964125     -0.3178469878    
   1.338048850     -0.3193427883    
   1.352133574     -0.3205278774    
   1.366218299     -0.3213849565    
   1.380303024     -0.3219038680    
   1.394387748     -0.3220776275    
   1.408081929     -0.3249161044    
   1.421776110     -0.3276543570    
   1.435470291     -0.3302892800    
   1.449164472     -0.3328177664    
   1.462858653     -0.3352380587    
   1.476552835     -0.3375473727    
   1.490247016     -0.3397434961    
   1.503941197     -0.3418237197    
   1.517635378     -0.3437875435    
   1.531329559     -0.3456323835    
   1.545023740     -0.3473579904    
   1.558717921     -0.3489603383    
   1.572412102     -0.3504393108    
   1.586106283     -0.3517936743    
   1.599800464     -0.3530223158    
   1.613494645     -0.3541241043    
   1.627188826     -0.3550984346    
   1.640883007     -0.3559443918    
   1.654577188     -0.3566613118    
   1.668271369     -0.3572486897    
   1.681965550     -0.3577059672    
   1.695659731     -0.3580328441    
   1.709353912     -0.3582290701    
   1.723048093     -0.3582944954    
   1.737337673     -0.3607804462    
   1.751627253     -0.3625626334    
   1.765916833     -0.3636516279    
   1.780206413     -0.3640744037    
   1.794495994     -0.3638698029    
   1.808785574     -0.3630836804    
   1.823075154     -0.3617630650    
   1.837364734     -0.3599590088    
   1.851654314     -0.3577174989    
   1.865943894     -0.3550752673    
   1.880233475     -0.3520714528    
   1.894523055     -0.3487384674    
   1.908812635     -0.3451046258    
   1.923102215     -0.3411944574    
   1.937391795     -0.3370292428    
   1.951681376     -0.3326274551    
   1.965970956     -0.3280051862    
   1.980260536     -0.3231765259    
   1.994550116     -0.3181536716    
   2.008839696     -0.3129481014    
   2.023129276     -0.3075694715    
   2.037418857     -0.3020267230    
   2.051708437     -0.2963280274    
   2.065998017     -0.2904809336    
   2.080287597     -0.2844902070    
   2.094577177     -0.2783671331    
   2.108866758     -0.2721157281    
   2.123156338     -0.2657421312    
   2.137445918     -0.2592523318    
   2.151735498     -0.2526536653    
   2.166025078     -0.2459491524    
   2.180314658     -0.2391460989    
   2.194604239     -0.2322504642    
   2.208893819     -0.2252683218    
   2.223183399     -0.2182054111    
   2.237472979     -0.2110691515    
   2.251762559     -0.2038657355    
   2.266052140     -0.1966021384    
   2.280341720     -0.1892856747    
   2.294631300     -0.1819240487    
   2.308920880     -0.1745254077    
   2.323210460     -0.1670984005    
   2.337500040     -0.1596522407    
   2.351789621     -0.1521960252    
   2.366079201     -0.1447418516    
   2.380368781     -0.1373003042    
   2.394658361     -0.1298836506    
   2.408947941     -0.1225054083    
   2.423237522     -0.1151795215    
   2.437527102     -0.1079219385    
   2.451816682     -0.1007498122    
   2.466106262     -0.9368192171E-01
   2.480395842     -0.8673993689E-01
   2.494685422     -0.7994442742E-01
   2.508975003     -0.7332132798E-01
   2.523264583     -0.6689806186E-01
   2.537554163     -0.6070477882E-01
   2.551843743     -0.5477454136E-01
   2.566133323     -0.4914343992E-01
   2.580422904     -0.4385058741E-01
   2.594712484     -0.3893890659E-01
   2.609002064     -0.3445075073E-01
   2.623291644     -0.3043341849E-01
   2.637581224     -0.2693231700E-01
   2.651870804     -0.2399024296E-01
   2.666160385     -0.2165412358E-01
   2.680449965     -0.1995714008E-01
   2.694739545     -0.1892456553E-01
   2.709029125     -0.1857938227E-01
   2.723152812     -0.1872359983E-01
   2.737276499     -0.1915841455E-01
   2.751400185     -0.1986933646E-01
   2.765523872     -0.2085036366E-01
   2.779647559     -0.2208816936E-01
   2.793771245     -0.2356623374E-01
   2.807894932     -0.2527361461E-01
   2.822018619     -0.2717805557E-01
   2.836142305     -0.2926527060E-01
   2.850265992     -0.3151470599E-01
   2.864389679     -0.3390601565E-01
   2.878513366     -0.3641941824E-01
   2.892637052     -0.3903596169E-01
   2.906760739     -0.4173770487E-01
   2.920884426     -0.4450541217E-01
   2.935008112     -0.4732827105E-01
   2.949131799     -0.5018942155E-01
   2.963255486     -0.5307557695E-01
   2.977379172     -0.5597457430E-01
   2.991502859     -0.5887531631E-01
   3.005626546     -0.6176770453E-01
   3.019750233     -0.6464256841E-01
   3.033873919     -0.6749159347E-01
   3.047997606     -0.7030725087E-01
   3.062121293     -0.7308272977E-01
   3.076244979     -0.7581186218E-01
   3.090368666     -0.7848911056E-01
   3.104492353     -0.8110944012E-01
   3.118616039     -0.8366831842E-01
   3.132739726     -0.8616165632E-01
   3.146863413     -0.8858576606E-01
   3.160987100     -0.9093722495E-01
   3.175110786     -0.9321328482E-01
   3.189234473     -0.9541109841E-01
   3.203358160     -0.9752823747E-01
   3.217481846     -0.9956251774E-01
   3.231605533     -0.1015119760    
   3.245729220     -0.1033748493    
   3.259852906     -0.1051495562    
   3.273976593     -0.1068346835    
   3.288100280     -0.1084289558    
   3.302223967     -0.1099312445    
   3.316347653     -0.1113405399    
   3.330471340     -0.1126559442    
   3.344595027     -0.1138766607    
   3.358718713     -0.1150019853    
   3.372842400     -0.1160312977    
   3.386966087     -0.1169640546    
   3.401089773     -0.1177997829    
   3.415213460     -0.1185380741    
   3.429337147     -0.1191802503    
   3.443460834     -0.1197227628    
   3.457584520     -0.1201669565    
   3.471708207     -0.1205126372    
   3.485831894     -0.1207596564    
   3.499955580     -0.1209079094    
   3.514079267     -0.1209573339    
   3.528310677     -0.1213276503    
   3.542542088     -0.1224343766    
   3.556773498     -0.1242650510    
   3.571004909     -0.1267995705    
   3.585236319     -0.1300111091    
   3.599467729     -0.1338643735    
   3.613699140     -0.1383285700    
   3.627930550     -0.1433611520    
   3.642161960     -0.1489183063    
   3.656393371     -0.1549609466    
   3.670624781     -0.1614440995    
   3.684856191     -0.1683277057    
   3.699087602     -0.1755702496    
   3.713319012     -0.1831325952    
   3.727550423     -0.1909772743    
   3.741781833     -0.1990685336    
   3.756013243     -0.2073722777    
   3.770244654     -0.2158576443    
   3.784476064     -0.2244899422    
   3.798707474     -0.2332385194    
   3.812938885     -0.2420803064    
   3.827170295     -0.2509786694    
   3.841401705     -0.2599062353    
   3.855633116     -0.2688315655    
   3.869864526     -0.2777234952    
   3.884095937     -0.2865431309    
   3.898327347     -0.2952504839    
   3.912558757     -0.3037976354    
   3.926790168     -0.3121271068    
   3.941021578     -0.3201683837    
   3.955252988     -0.3278336191    
   3.969484399     -0.3350130085    
   3.983715809     -0.3415695447    
   3.997947219     -0.3473461311    
   4.012178630     -0.3521653990    
   4.026410040     -0.3558609026    
   4.040641451     -0.3583139193    
   4.054872861     -0.3594856853    
   4.069104271     -0.3594351924    
   4.083335682     -0.3582944954    
   4.097029863     -0.3582290701    
   4.110724044     -0.3580328441    
   4.124418225     -0.3577059672    
   4.138112406     -0.3572486897    
   4.151806587     -0.3566613118    
   4.165500768     -0.3559443918    
   4.179194949     -0.3550984346    
   4.192889130     -0.3541241043    
   4.206583311     -0.3530223158    
   4.220277492     -0.3517936743    
   4.233971673     -0.3504393108    
   4.247665854     -0.3489603383    
   4.261360035     -0.3473579904    
   4.275054216     -0.3456323835    
   4.288748397     -0.3437875435    
   4.302442578     -0.3418237197    
   4.316136759     -0.3397434961    
   4.329830940     -0.3375473727    
   4.343525121     -0.3352380587    
   4.357219302     -0.3328177664    
   4.370913483     -0.3302892800    
   4.384607664     -0.3276543570    
   4.398301845     -0.3249161044    
   4.411996026     -0.3220776275    
   4.425981572     -0.3260487854    
   4.439967119     -0.3295722424    
   4.453952666     -0.3325664504    
   4.467938212     -0.3349404795    
   4.481923759     -0.3366017749    
   4.495909305     -0.3374617812    
   4.509894852     -0.3374513859    
   4.523880398     -0.3365333020    
   4.537865945     -0.3347097403    
   4.551851491     -0.3320264443    
   4.565837038     -0.3285491932    
   4.579822585     -0.3243700794    
   4.593808131     -0.3195827551    
   4.607793678     -0.3142764547    
   4.621779224     -0.3085319059    
   4.635764771     -0.3024170640    
   4.649750317     -0.2959915151    
   4.663735864     -0.2893050841    
   4.677721410     -0.2824001002    
   4.691706957     -0.2753129612    
   4.705692504     -0.2680755265    
   4.719678050     -0.2607156915    
   4.733663597     -0.2532596816    
   4.747649143     -0.2457337609    
   4.761634690     -0.2381612506    
   4.775620236     -0.2305641680    
   4.789605783     -0.2229668901    
   4.803591330     -0.2153937494    
   4.817576876     -0.2078701319    
   4.831562423     -0.2004199726    
   4.845547969     -0.1930775677    
   4.859533516     -0.1858705561    
   4.873519062     -0.1788317418    
   4.887504609     -0.1719963764    
   4.901490155     -0.1654022712    
   4.915475702     -0.1590913968    
   4.929461249     -0.1531033955    
   4.943446795     -0.1474848259    
   4.957432342     -0.1422833466    
   4.971417888     -0.1375443755    
   4.985403435     -0.1333196910    
   4.999388981     -0.1296484948    
   5.013374528     -0.1265773901    
   5.027360075     -0.1241446237    
   5.041345621     -0.1223823535    
   5.055331168     -0.1213148755    
   5.069316714     -0.1209573339    
   5.083548125     -0.1213276503    
   5.097779535     -0.1224343766    
   5.112010945     -0.1242650510    
   5.126242356     -0.1267995705    
   5.140473766     -0.1300111091    
   5.154705176     -0.1338643735    
   5.168936587     -0.1383285700    
   5.183167997     -0.1433611520    
   5.197399407     -0.1489183063    
   5.211630818     -0.1549609466    
   5.225862228     -0.1614440995    
   5.240093639     -0.1683277057    
   5.254325049     -0.1755702496    
   5.268556459     -0.1831325952    
   5.282787870     -0.1909772743    
   5.297019280     -0.1990685336    
   5.311250690     -0.2073722777    
   5.325482101     -0.2158576443    
   5.339713511     -0.2244899422    
   5.353944921     -0.2332385194    
   5.368176332     -0.2420803064    
   5.382407742     -0.2509786694    
   5.396639153     -0.2599062353    
   5.410870563     -0.2688315655    
   5.425101973     -0.2777234952    
   5.439333384     -0.2865431309    
   5.453564794     -0.2952504839    
   5.467796204     -0.3037976354    
   5.482027615     -0.3121271068    
   5.496259025     -0.3201683837    
   5.510490435     -0.3278336191    
   5.524721846     -0.3350130085    
   5.538953256     -0.3415695447    
   5.553184667     -0.3473461311    
   5.567416077     -0.3521653990    
   5.581647487     -0.3558609026    
   5.595878898     -0.3583139193    
   5.610110308     -0.3594856853    
   5.624341718     -0.3594351924    
   5.638573129     -0.3582944954    

   0.000000000     -0.1857906013E-01
  0.1430141280E-01 -0.1878020288E-01
  0.2860282561E-01 -0.1939345415E-01
  0.4290423841E-01 -0.2039409763E-01
  0.5720565122E-01 -0.2179139108E-01
  0.7150706402E-01 -0.2357412423E-01
  0.8580847683E-01 -0.2573641614E-01
  0.1001098896     -0.2827228580E-01
  0.1144113024     -0.3117068428E-01
  0.1287127152     -0.3442096509E-01
  0.1430141280     -0.3801192083E-01
  0.1573155409     -0.4193169344E-01
  0.1716169537     -0.4616813338E-01
  0.1859183665     -0.5070892431E-01
  0.2002197793     -0.5554173183E-01
  0.2145211921     -0.6065433193E-01
  0.2288226049     -0.6603471829E-01
  0.2431240177     -0.7167118833E-01
  0.2574254305     -0.7755240879E-01
  0.2717268433     -0.8366746216E-01
  0.2860282561     -0.9000587572E-01
  0.3003296689     -0.9655763508E-01
  0.3146310817     -0.1033131843    
  0.3289324945     -0.1102631787    
  0.3432339073     -0.1173994375    
  0.3575353201     -0.1247134108    
  0.3718367329     -0.1321971819    
  0.3861381457     -0.1398431629    
  0.4004395585     -0.1468509933    
  0.4147409713     -0.1519694725    
  0.4290423841     -0.1569870392    
  0.4433437969     -0.1618991258    
  0.4576452097     -0.1667014152    
  0.4719466226     -0.1713900047    
  0.4862480354     -0.1759613147    
  0.5005494482     -0.1804120557    
  0.5148508610     -0.1847391992    
  0.5291522738     -0.1889399520    
  0.5434536866     -0.1930117347    
  0.5577550994     -0.1969521620    
  0.5720565122     -0.2007590256    
  0.5863579250     -0.2044302799    
  0.6006593378     -0.2079640283    
  0.6149607506     -0.2113585118    
  0.6292621634     -0.2146120988    
  0.6435635762     -0.2177232758    
  0.6578649890     -0.2206906396    
  0.6721664018     -0.2235128899    
  0.6864678146     -0.2261888814    
  0.7007692274     -0.2287173866    
  0.7150706402     -0.2310974342    
  0.7293720530     -0.2333301357    
  0.7436734658     -0.2354105926    
  0.7579748786     -0.2373399506    
  0.7722762915     -0.2391175551    
  0.7865777043     -0.2407427116    
  0.8008791171     -0.2422148277    
  0.8151805299     -0.2435333730    
  0.8294819427     -0.2446978784    
  0.8437833555     -0.2457079335    
  0.8580847683     -0.2465631854    
  0.8723861811     -0.2472633378    
  0.8866875939     -0.2478081493    
  0.9009890067     -0.2481974333    
  0.9152904195     -0.2484310567    
  0.9295918323     -0.2485089400    
  0.9436765570     -0.2486845783    
  0.9577612818     -0.2492092411    
  0.9718460065     -0.2500762504    
  0.9859307312     -0.2512747272    
   1.000015456     -0.2527899456    
   1.014100181     -0.2546037847    
   1.028184905     -0.2566960899    
   1.042269630     -0.2590418601    
   1.056354355     -0.2616167671    
   1.070439080     -0.2643943604    
   1.084523804     -0.2673473241    
   1.098608529     -0.2704476568    
   1.112693254     -0.2736677384    
   1.126777979     -0.2769793914    
   1.140862703     -0.2803564843    
   1.154947428     -0.2837681553    
   1.169032153     -0.2871887859    
   1.183116877     -0.2905914116    
   1.197201602     -0.2939468410    
   1.211286327     -0.2972335962    
   1.225371052     -0.3004227889    
   1.239455776     -0.3034882087    
   1.253540501     -0.3064021409    
   1.267625226     -0.3091420806    
   1.281709951     -0.3116807890    
   1.295794675     -0.3139950387    
   1.309879400     -0.3160573330    
   1.323964125     -0.3178467572    
   1.338048850     -0.3193425573    
   1.352133574     -0.3205276497    
   1.366218299     -0.3213847285    
   1.380303024     -0.3219036398    
   1.394387748     -0.3220773992    
   1.408081929     -0.3188970768    
   1.421776110     -0.3151509633    
   1.435470291     -0.3108792941    
   1.449164472     -0.3061313842    
   1.462858653     -0.3009725946    
   1.476552835     -0.2954663437    
   1.490247016     -0.2896813245    
   1.503941197     -0.2836869436    
   1.517635378     -0.2775549053    
   1.531329559     -0.2713503908    
   1.545023740     -0.2651463653    
   1.558717921     -0.2590043759    
   1.572412102     -0.2529950327    
   1.586106283     -0.2471861259    
   1.599800464     -0.2416457601    
   1.613494645     -0.2364402512    
   1.627188826     -0.2316415240    
   1.640883007     -0.2273143141    
   1.654577188     -0.2235227795    
   1.668271369     -0.2203267340    
   1.681965550     -0.2177795525    
   1.695659731     -0.2159259163    
   1.709353912     -0.2147996348    
   1.723048093     -0.2144218146    
   1.737337673     -0.2115145415    
   1.751627253     -0.2085055395    
   1.765916833     -0.2053977781    
   1.780206413     -0.2021943910    
   1.794495994     -0.1988986798    
   1.808785574     -0.1955141179    
   1.823075154     -0.1920443546    
   1.837364734     -0.1884932188    
   1.851654314     -0.1848657840    
   1.865943894     -0.1811641987    
   1.880233475     -0.1773938375    
   1.894523055     -0.1735592735    
   1.908812635     -0.1696652691    
   1.923102215     -0.1657167763    
   1.937391795     -0.1617189349    
   1.951681376     -0.1576770706    
   1.965970956     -0.1535966904    
   1.980260536     -0.1494834779    
   1.994550116     -0.1453393359    
   2.008839696     -0.1411783414    
   2.023129276     -0.1370025379    
   2.037418857     -0.1328182242    
   2.051708437     -0.1286318199    
   2.065998017     -0.1244498479    
   2.080287597     -0.1202787760    
   2.094577177     -0.1161255542    
   2.108866758     -0.1119967405    
   2.123156338     -0.1078990461    
   2.137445918     -0.1038391614    
   2.151735498     -0.9982418759E-01
   2.166025078     -0.9585977240E-01
   2.180314658     -0.9195279099E-01
   2.194604239     -0.8810952062E-01
   2.208893819     -0.8433604730E-01
   2.223183399     -0.8063801130E-01
   2.237472979     -0.7702144588E-01
   2.251762559     -0.7349143441E-01
   2.266052140     -0.7005295049E-01
   2.280341720     -0.6671061125E-01
   2.294631300     -0.6346865179E-01
   2.308920880     -0.6033090340E-01
   2.323210460     -0.5730077643E-01
   2.337500040     -0.5438124793E-01
   2.351789621     -0.5157485467E-01
   2.366079201     -0.4888369164E-01
   2.380368781     -0.4630941612E-01
   2.394658361     -0.4385325736E-01
   2.408947941     -0.4151603160E-01
   2.423237522     -0.3929816227E-01
   2.437527102     -0.3719970481E-01
   2.451816682     -0.3522037580E-01
   2.466106262     -0.3335958556E-01
   2.480395842     -0.3161692031E-01
   2.494685422     -0.2999041841E-01
   2.508975003     -0.2847921674E-01
   2.523264583     -0.2708187664E-01
   2.537554163     -0.2579684745E-01
   2.551843743     -0.2462250683E-01
   2.566133323     -0.2355720001E-01
   2.580422904     -0.2259927760E-01
   2.594712484     -0.2174737665E-01
   2.609002064     -0.2099948203E-01
   2.623291644     -0.2035538517E-01
   2.637581224     -0.1981187604E-01
   2.651870804     -0.1936705083E-01
   2.666160385     -0.1902347091E-01
   2.680449965     -0.1877854879E-01
   2.694739545     -0.1862820116E-01
   2.709029125     -0.1857906013E-01
   2.723152812     -0.1872359983E-01
   2.737276499     -0.1915841455E-01
   2.751400185     -0.1986933646E-01
   2.765523872     -0.2085036366E-01
   2.779647559     -0.2208816936E-01
   2.793771245     -0.2356623374E-01
   2.807894932     -0.2527361461E-01
   2.822018619     -0.2717805557E-01
   2.836142305     -0.2926527060E-01
   2.850265992     -0.3151470599E-01
   2.864389679     -0.3390601565E-01
   2.878513366     -0.3641941824E-01
   2.892637052     -0.3903596169E-01
   2.906760739     -0.4173770487E-01
   2.920884426     -0.4450541217E-01
   2.935008112     -0.4732827105E-01
   2.949131799     -0.5018942155E-01
   2.963255486     -0.5307557695E-01
   2.977379172     -0.5597457430E-01
   2.991502859     -0.5887531631E-01
   3.005626546     -0.6176770453E-01
   3.019750233     -0.6464256841E-01
   3.033873919     -0.6749159347E-01
   3.047997606     -0.7030725087E-01
   3.062121293     -0.7308272977E-01
   3.076244979     -0.7581186218E-01
   3.090368666     -0.7848911056E-01
   3.104492353     -0.8110944012E-01
   3.118616039     -0.8366831842E-01
   3.132739726     -0.8616165632E-01
   3.146863413     -0.8858576606E-01
   3.160987100     -0.9093722495E-01
   3.175110786     -0.9321328482E-01
   3.189234473     -0.9541109841E-01
   3.203358160     -0.9752823747E-01
   3.217481846     -0.9956251774E-01
   3.231605533     -0.1015119760    
   3.245729220     -0.1033748493    
   3.259852906     -0.1051495562    
   3.273976593     -0.1068346835    
   3.288100280     -0.1084289558    
   3.302223967     -0.1099312445    
   3.316347653     -0.1113405399    
   3.330471340     -0.1126559442    
   3.344595027     -0.1138766607    
   3.358718713     -0.1150019853    
   3.372842400     -0.1160312977    
   3.386966087     -0.1169640546    
   3.401089773     -0.1177997829    
   3.415213460     -0.1185380741    
   3.429337147     -0.1191802503    
   3.443460834     -0.1197227628    
   3.457584520     -0.1201669565    
   3.471708207     -0.1205126372    
   3.485831894     -0.1207596564    
   3.499955580     -0.1209079094    
   3.514079267     -0.1209573339    
   3.528310677     -0.1210939727    
   3.542542088     -0.1215025167    
   3.556773498     -0.1221788909    
   3.571004909     -0.1231164385    
   3.585236319     -0.1243061148    
   3.599467729     -0.1257365503    
   3.613699140     -0.1273951412    
   3.627930550     -0.1292671182    
   3.642161960     -0.1313353010    
   3.656393371     -0.1335860819    
   3.670624781     -0.1360007753    
   3.684856191     -0.1385619619    
   3.699087602     -0.1412521978    
   3.713319012     -0.1440542255    
   3.727550423     -0.1469511492    
   3.741781833     -0.1499265741    
   3.756013243     -0.1529647119    
   3.770244654     -0.1560505230    
   3.784476064     -0.1591695105    
   3.798707474     -0.1623046824    
   3.812938885     -0.1654521483    
   3.827170295     -0.1685925629    
   3.841401705     -0.1717163878    
   3.855633116     -0.1748130205    
   3.869864526     -0.1778748692    
   3.884095937     -0.1808885888    
   3.898327347     -0.1838476571    
   3.912558757     -0.1867441578    
   3.926790168     -0.1895703274    
   3.941021578     -0.1923202133    
   3.955252988     -0.1949870776    
   3.969484399     -0.1975650864    
   3.983715809     -0.2000488435    
   3.997947219     -0.2024333608    
   4.012178630     -0.2047140302    
   4.026410040     -0.2068865971    
   4.040641451     -0.2089471365    
   4.054872861     -0.2108920297    
   4.069104271     -0.2127179444    
   4.083335682     -0.2144218146    
   4.097029863     -0.2147996348    
   4.110724044     -0.2159259163    
   4.124418225     -0.2177795525    
   4.138112406     -0.2203267340    
   4.151806587     -0.2235227795    
   4.165500768     -0.2273143141    
   4.179194949     -0.2316415240    
   4.192889130     -0.2364402512    
   4.206583311     -0.2416457601    
   4.220277492     -0.2471861259    
   4.233971673     -0.2529950327    
   4.247665854     -0.2590043759    
   4.261360035     -0.2651463653    
   4.275054216     -0.2713503908    
   4.288748397     -0.2775549053    
   4.302442578     -0.2836869436    
   4.316136759     -0.2896813245    
   4.329830940     -0.2954663437    
   4.343525121     -0.3009725946    
   4.357219302     -0.3061313842    
   4.370913483     -0.3108792941    
   4.384607664     -0.3151509633    
   4.398301845     -0.3188970768    
   4.411996026     -0.3220773992    
   4.425981572     -0.3177287313    
   4.439967119     -0.3130619721    
   4.453952666     -0.3081273914    
   4.467938212     -0.3029655710    
   4.481923759     -0.2976147076    
   4.495909305     -0.2921035700    
   4.509894852     -0.2864582598    
   4.523880398     -0.2807017126    
   4.537865945     -0.2748518955    
   4.551851491     -0.2689331226    
   4.565837038     -0.2629589439    
   4.579822585     -0.2569461001    
   4.593808131     -0.2509099980    
   4.607793678     -0.2448654787    
   4.621779224     -0.2388292072    
   4.635764771     -0.2328109379    
   4.649750317     -0.2268267974    
   4.663735864     -0.2208906014    
   4.677721410     -0.2150160593    
   4.691706957     -0.2092167859    
   4.705692504     -0.2035062940    
   4.719678050     -0.1978978505    
   4.733663597     -0.1924038385    
   4.747649143     -0.1870393372    
   4.761634690     -0.1818181007    
   4.775620236     -0.1767483240    
   4.789605783     -0.1718440129    
   4.803591330     -0.1671166253    
   4.817576876     -0.1625770436    
   4.831562423     -0.1582346873    
   4.845547969     -0.1541007703    
   4.859533516     -0.1501831746    
   4.873519062     -0.1464898526    
   4.887504609     -0.1430279269    
   4.901490155     -0.1398036822    
   4.915475702     -0.1368228252    
   4.929461249     -0.1340895352    
   4.943446795     -0.1316079413    
   4.957432342     -0.1293829753    
   4.971417888     -0.1274136892    
   4.985403435     -0.1257042566    
   4.999388981     -0.1242555189    
   5.013374528     -0.1230690440    
   5.027360075     -0.1221455285    
   5.041345621     -0.1214855282    
   5.055331168     -0.1210893981    
   5.069316714     -0.1209573339    
   5.083548125     -0.1210939727    
   5.097779535     -0.1215025167    
   5.112010945     -0.1221788909    
   5.126242356     -0.1231164385    
   5.140473766     -0.1243061148    
   5.154705176     -0.1257365503    
   5.168936587     -0.1273951412    
   5.183167997     -0.1292671182    
   5.197399407     -0.1313353010    
   5.211630818     -0.1335860819    
   5.225862228     -0.1360007753    
   5.240093639     -0.1385619619    
   5.254325049     -0.1412521978    
   5.268556459     -0.1440542255    
   5.282787870     -0.1469511492    
   5.297019280     -0.1499265741    
   5.311250690     -0.1529647119    
   5.325482101     -0.1560505230    
   5.339713511     -0.1591695105    
   5.353944921     -0.1623046824    
   5.368176332     -0.1654521483    
   5.382407742     -0.1685925629    
   5.396639153     -0.1717163878    
   5.410870563     -0.1748130205    
   5.425101973     -0.1778748692    
   5.439333384     -0.1808885888    
   5.453564794     -0.1838476571    
   5.467796204     -0.1867441578    
   5.482027615     -0.1895703274    
   5.496259025     -0.1923202133    
   5.510490435     -0.1949870776    
   5.524721846     -0.1975650864    
   5.538953256     -0.2000488435    
   5.553184667     -0.2024333608    
   5.567416077     -0.2047140302    
   5.581647487     -0.2068865971    
   5.595878898     -0.2089471365    
   5.610110308     -0.2108920297    
   5.624341718     -0.2127179444    
   5.638573129     -0.2144218146    

   0.000000000      0.1869683380    
  0.1430141280E-01  0.1869031571    
  0.2860282561E-01  0.1867075143    
  0.4290423841E-01  0.1863831255    
  0.5720565122E-01  0.1859314722    
  0.7150706402E-01  0.1853562623    
  0.8580847683E-01  0.1846690757    
  0.1001098896      0.1838572075    
  0.1144113024      0.1829342542    
  0.1287127152      0.1819071250    
  0.1430141280      0.1807791737    
  0.1573155409      0.1795582499    
  0.1716169537      0.1782512422    
  0.1859183665      0.1768653498    
  0.2002197793      0.1754080156    
  0.2145211921      0.1738868638    
  0.2288226049      0.1723096402    
  0.2431240177      0.1706841582    
  0.2574254305      0.1690182490    
  0.2717268433      0.1673197186    
  0.2860282561      0.1655963083    
  0.3003296689      0.1638556626    
  0.3146310817      0.1621053009    
  0.3289324945      0.1603526590    
  0.3432339073      0.1586017498    
  0.3575353201      0.1568657945    
  0.3718367329      0.1551485619    
  0.3861381457      0.1534566877    
  0.4004395585      0.1517966057    
  0.4147409713      0.1501745464    
  0.4290423841      0.1486016260    
  0.4433437969      0.1470732752    
  0.4576452097      0.1456004438    
  0.4719466226      0.1441885744    
  0.4862480354      0.1428429267    
  0.5005494482      0.1415685843    
  0.5148508610      0.1403704639    
  0.5291522738      0.1392533231    
  0.5434536866      0.1382217702    
  0.5577550994      0.1372802728    
  0.5720565122      0.1364331681    
  0.5863579250      0.1356846715    
  0.6006593378      0.1350388868    
  0.6149607506      0.1344998152    
  0.6292621634      0.1340713647    
  0.6435635762      0.1337573590    
  0.6578649890      0.1335615466    
  0.6721664018      0.1334876093    
  0.6864678146      0.1335391114    
  0.7007692274      0.1337197461    
  0.7150706402      0.1340329829    
  0.7293720530      0.1344814150    
  0.7436734658      0.1350703321    
  0.7579748786      0.1358048553    
  0.7722762915      0.1366830678    
  0.7865777043      0.1377111487    
  0.8008791171      0.1388925118    
  0.8151805299      0.1402305710    
  0.8294819427      0.1417287434    
  0.8437833555      0.1433904530    
  0.8580847683      0.1452191326    
  0.8723861811      0.1472182256    
  0.8866875939      0.1493911863    
  0.9009890067      0.1517414793    
  0.9152904195      0.1542725778    
  0.9295918323      0.1569877671    
  0.9436765570      0.1573127683    
  0.9577612818      0.1582855166    
  0.9718460065      0.1598993239    
  0.9859307312      0.1621432968    
   1.000015456      0.1650026928    
   1.014100181      0.1684593762    
   1.028184905      0.1724923181    
   1.042269630      0.1770782077    
   1.056354355      0.1821919109    
   1.070439080      0.1878070181    
   1.084523804      0.1938962796    
   1.098608529      0.2004319814    
   1.112693254      0.2073862282    
   1.126777979      0.2147311599    
   1.140862703      0.2224388251    
   1.154947428      0.2304821598    
   1.169032153      0.2388336092    
   1.183116877      0.2474658441    
   1.197201602      0.2563529017    
   1.211286327      0.2654635954    
   1.225371052      0.2747702554    
   1.239455776      0.2842418489    
   1.253540501      0.2938457729    
   1.267625226      0.3035404177    
   1.281709951      0.3132808011    
   1.295794675      0.3230076829    
   1.309879400      0.3326426834    
   1.323964125      0.3420699000    
   1.338048850      0.3511087504    
   1.352133574      0.3594533395    
   1.366218299      0.3665861683    
   1.380303024      0.3716374928    
   1.394387748      0.3735123525    
   1.408081929      0.3691715773    
   1.421776110      0.3618066945    
   1.435470291      0.3525587124    
   1.449164472      0.3422715513    
   1.462858653      0.3314459475    
   1.476552835      0.3203811451    
   1.490247016      0.3092641382    
   1.503941197      0.2982248083    
   1.517635378      0.2873561256    
   1.531329559      0.2767420431    
   1.545023740      0.2664501898    
   1.558717921      0.2565492504    
   1.572412102      0.2471012348    
   1.586106283      0.2381692569    
   1.599800464      0.2298167648    
   1.613494645      0.2221078265    
   1.627188826      0.2151064096    
   1.640883007      0.2088761506    
   1.654577188      0.2034785231    
   1.668271369      0.1989711682    
   1.681965550      0.1954057565    
   1.695659731      0.1928256928    
   1.709353912      0.1912639012    
   1.723048093      0.1907409682    
   1.737337673      0.1936438717    
   1.751627253      0.1966505538    
   1.765916833      0.1997576699    
   1.780206413      0.2029615284    
   1.794495994      0.2062580557    
   1.808785574      0.2096427573    
   1.823075154      0.2131110917    
   1.837364734      0.2166567355    
   1.851654314      0.2202725861    
   1.865943894      0.2239549085    
   1.880233475      0.2276949803    
   1.894523055      0.2314847399    
   1.908812635      0.2353153162    
   1.923102215      0.2391769571    
   1.937391795      0.2430589549    
   1.951681376      0.2469495708    
   1.965970956      0.2508359618    
   1.980260536      0.2547041113    
   1.994550116      0.2585402670    
   2.008839696      0.2623248957    
   2.023129276      0.2660416713    
   2.037418857      0.2696714702    
   2.051708437      0.2731939215    
   2.065998017      0.2765875049    
   2.080287597      0.2798299628    
   2.094577177      0.2828975063    
   2.108866758      0.2857666727    
   2.123156338      0.2884136632    
   2.137445918      0.2908150615    
   2.151735498      0.2929457728    
   2.166025078      0.2947896005    
   2.180314658      0.2944502828    
   2.194604239      0.2889414152    
   2.208893819      0.2835569189    
   2.223183399      0.2783025071    
   2.237472979      0.2731744199    
   2.251762559      0.2681782884    
   2.266052140      0.2633163638    
   2.280341720      0.2585907721    
   2.294631300      0.2540035210    
   2.308920880      0.2495565053    
   2.323210460      0.2452515129    
   2.337500040      0.2410902298    
   2.351789621      0.2370744549    
   2.366079201      0.2332052454    
   2.380368781      0.2294842409    
   2.394658361      0.2259127654    
   2.408947941      0.2224920627    
   2.423237522      0.2192232997    
   2.437527102      0.2161075695    
   2.451816682      0.2131458948    
   2.466106262      0.2103392303    
   2.480395842      0.2076823470    
   2.494685422      0.2051882510    
   2.508975003      0.2028516495    
   2.523264583      0.2006732504    
   2.537554163      0.1986537050    
   2.551843743      0.1967936098    
   2.566133323      0.1950935081    
   2.580422904      0.1935538911    
   2.594712484      0.1921708538    
   2.609002064      0.1909533840    
   2.623291644      0.1898957559    
   2.637581224      0.1890018298    
   2.651870804      0.1882699681    
   2.666160385      0.1877006192    
   2.680449965      0.1872938297    
   2.694739545      0.1870497183    
   2.709029125      0.1869683380    
   2.723152812      0.1871566369    
   2.737276499      0.1877189329    
   2.751400185      0.1886480482    
   2.765523872      0.1899319142    
   2.779647559      0.1915544860    
   2.793771245      0.1934977766    
   2.807894932      0.1957384596    
   2.822018619      0.1982492374    
   2.836142305      0.2010063174    
   2.850265992      0.2039827390    
   2.864389679      0.2071510775    
   2.878513366      0.2104838390    
   2.892637052      0.2139537712    
   2.906760739      0.2175341014    
   2.920884426      0.2212021186    
   2.935008112      0.2249255806    
   2.949131799      0.2286835913    
   2.963255486      0.2324527128    
   2.977379172      0.2362105688    
   2.991502859      0.2399359186    
   3.005626546      0.2436087356    
   3.019750233      0.2472102895    
   3.033873919      0.2507232341    
   3.047997606      0.2541316988    
   3.062121293      0.2574213804    
   3.076244979      0.2605813838    
   3.090368666      0.2635971933    
   3.104492353      0.2664615471    
   3.118616039      0.2691671771    
   3.132739726      0.2717086829    
   3.146863413      0.2740825272    
   3.160987100      0.2762900815    
   3.175110786      0.2783250217    
   3.189234473      0.2801923605    
   3.203358160      0.2818953746    
   3.217481846      0.2834387459    
   3.231605533      0.2848283992    
   3.245729220      0.2860713248    
   3.259852906      0.2871753937    
   3.273976593      0.2881485860    
   3.288100280      0.2890010977    
   3.302223967      0.2897417795    
   3.316347653      0.2903801823    
   3.330471340      0.2909258543    
   3.344595027      0.2913881959    
   3.358718713      0.2917763306    
   3.372842400      0.2920989907    
   3.386966087      0.2923644177    
   3.401089773      0.2925802771    
   3.415213460      0.2927535869    
   3.429337147      0.2928899670    
   3.443460834      0.2929963348    
   3.457584520      0.2930767767    
   3.471708207      0.2931352241    
   3.485831894      0.2931747575    
   3.499955580      0.2931975894    
   3.514079267      0.2932050517    
   3.528310677      0.2931196257    
   3.542542088      0.2928257565    
   3.556773498      0.2922435184    
   3.571004909      0.2913110471    
   3.585236319      0.2900114385    
   3.599467729      0.2883593378    
   3.613699140      0.2863889203    
   3.627930550      0.2841311426    
   3.642161960      0.2816225726    
   3.656393371      0.2788934240    
   3.670624781      0.2759744888    
   3.684856191      0.2728936353    
   3.699087602      0.2696782073    
   3.713319012      0.2663535370    
   3.727550423      0.2629433153    
   3.741781833      0.2594695907    
   3.756013243      0.2559527831    
   3.770244654      0.2524110610    
   3.784476064      0.2488630336    
   3.798707474      0.2453277309    
   3.812938885      0.2418091424    
   3.827170295      0.2383290306    
   3.841401705      0.2348971041    
   3.855633116      0.2315248704    
   3.869864526      0.2282198293    
   3.884095937      0.2249917617    
   3.898327347      0.2218481973    
   3.912558757      0.2187959049    
   3.926790168      0.2158413933    
   3.941021578      0.2129887221    
   3.955252988      0.2102429487    
   3.969484399      0.2076078516    
   3.983715809      0.2050868219    
   3.997947219      0.2026817059    
   4.012178630      0.2003945857    
   4.026410040      0.1982265533    
   4.040641451      0.1961777408    
   4.054872861      0.1942482595    
   4.069104271      0.1924366925    
   4.083335682      0.1907409682    
   4.097029863      0.1912639012    
   4.110724044      0.1928256928    
   4.124418225      0.1954057565    
   4.138112406      0.1989711682    
   4.151806587      0.2034785231    
   4.165500768      0.2088761506    
   4.179194949      0.2151064096    
   4.192889130      0.2221078265    
   4.206583311      0.2298167648    
   4.220277492      0.2381692569    
   4.233971673      0.2471012348    
   4.247665854      0.2565492504    
   4.261360035      0.2664501898    
   4.275054216      0.2767420431    
   4.288748397      0.2873561256    
   4.302442578      0.2982248083    
   4.316136759      0.3092641382    
   4.329830940      0.3203811451    
   4.343525121      0.3314459475    
   4.357219302      0.3422715513    
   4.370913483      0.3525587124    
   4.384607664      0.3618066945    
   4.398301845      0.3691715773    
   4.411996026      0.3735123525    
   4.425981572      0.3696196510    
   4.439967119      0.3652656508    
   4.453952666      0.3606248407    
   4.467938212      0.3558270718    
   4.481923759      0.3509662585    
   4.495909305      0.3461105547    
   4.509894852      0.3413099837    
   4.523880398      0.3366020826    
   4.537865945      0.3320187515    
   4.551851491      0.3275748245    
   4.565837038      0.3232950601    
   4.579822585      0.3191928941    
   4.593808131      0.3152809186    
   4.607793678      0.3115698090    
   4.621779224      0.3080677979    
   4.635764771      0.3047844753    
   4.649750317      0.3017256547    
   4.663735864      0.2988969653    
   4.677721410      0.2963030207    
   4.691706957      0.2939474162    
   4.705692504      0.2918326915    
   4.719678050      0.2899603549    
   4.733663597      0.2883304751    
   4.747649143      0.2869420060    
   4.761634690      0.2857889980    
   4.775620236      0.2848741212    
   4.789605783      0.2841882017    
   4.803591330      0.2837235938    
   4.817576876      0.2834706909    
   4.831562423      0.2834161073    
   4.845547969      0.2835491782    
   4.859533516      0.2838524113    
   4.873519062      0.2843075877    
   4.887504609      0.2848943501    
   4.901490155      0.2855903308    
   4.915475702      0.2863710722    
   4.929461249      0.2872114455    
   4.943446795      0.2880843958    
   4.957432342      0.2889622435    
   4.971417888      0.2898199061    
   4.985403435      0.2906266644    
   4.999388981      0.2913606141    
   5.013374528      0.2919949760    
   5.027360075      0.2925111350    
   5.041345621      0.2928923685    
   5.055331168      0.2931262324    
   5.069316714      0.2932050517    
   5.083548125      0.2931196257    
   5.097779535      0.2928257565    
   5.112010945      0.2922435184    
   5.126242356      0.2913110471    
   5.140473766      0.2900114385    
   5.154705176      0.2883593378    
   5.168936587      0.2863889203    
   5.183167997      0.2841311426    
   5.197399407      0.2816225726    
   5.211630818      0.2788934240    
   5.225862228      0.2759744888    
   5.240093639      0.2728936353    
   5.254325049      0.2696782073    
   5.268556459      0.2663535370    
   5.282787870      0.2629433153    
   5.297019280      0.2594695907    
   5.311250690      0.2559527831    
   5.325482101      0.2524110610    
   5.339713511      0.2488630336    
   5.353944921      0.2453277309    
   5.368176332      0.2418091424    
   5.382407742      0.2383290306    
   5.396639153      0.2348971041    
   5.410870563      0.2315248704    
   5.425101973      0.2282198293    
   5.439333384      0.2249917617    
   5.453564794      0.2218481973    
   5.467796204      0.2187959049    
   5.482027615      0.2158413933    
   5.496259025      0.2129887221    
   5.510490435      0.2102429487    
   5.524721846      0.2076078516    
   5.538953256      0.2050868219    
   5.553184667      0.2026817059    
   5.567416077      0.2003945857    
   5.581647487      0.1982265533    
   5.595878898      0.1961777408    
   5.610110308      0.1942482595    
   5.624341718      0.1924366925    
   5.638573129      0.1907409682    

   0.000000000      0.1869683380    
  0.1430141280E-01  0.1873843944    
  0.2860282561E-01  0.1886234112    
  0.4290423841E-01  0.1906599564    
  0.5720565122E-01  0.1934535045    
  0.7150706402E-01  0.1969532971    
  0.8580847683E-01  0.2011047719    
  0.1001098896      0.2058417012    
  0.1144113024      0.2111071452    
  0.1287127152      0.2168469305    
  0.1430141280      0.2230005735    
  0.1573155409      0.2295224811    
  0.1716169537      0.2363684087    
  0.1859183665      0.2434988350    
  0.2002197793      0.2508786608    
  0.2145211921      0.2584768059    
  0.2288226049      0.2662657669    
  0.2431240177      0.2742211789    
  0.2574254305      0.2823214021    
  0.2717268433      0.2905471456    
  0.2860282561      0.2988811316    
  0.3003296689      0.3073078005    
  0.3146310817      0.3158130516    
  0.3289324945      0.3243855946    
  0.3432339073      0.3330096419    
  0.3575353201      0.3416772907    
  0.3718367329      0.3503776133    
  0.3861381457      0.3591009385    
  0.4004395585      0.3678380528    
  0.4147409713      0.3765800901    
  0.4290423841      0.3810779452    
  0.4433437969      0.3721015352    
  0.4576452097      0.3630663406    
  0.4719466226      0.3540191674    
  0.4862480354      0.3450008182    
  0.5005494482      0.3360465693    
  0.5148508610      0.3271867055    
  0.5291522738      0.3184470610    
  0.5434536866      0.3098495372    
  0.5577550994      0.3014125811    
  0.5720565122      0.2931516171    
  0.5863579250      0.2850794311    
  0.6006593378      0.2772065101    
  0.6149607506      0.2695413389    
  0.6292621634      0.2620906610    
  0.6435635762      0.2548597056    
  0.6578649890      0.2478523864    
  0.6721664018      0.2410714755    
  0.6864678146      0.2345150243    
  0.7007692274      0.2281913311    
  0.7150706402      0.2220969376    
  0.7293720530      0.2162303440    
  0.7436734658      0.2105926527    
  0.7579748786      0.2051815007    
  0.7722762915      0.1999947556    
  0.7865777043      0.1950303768    
  0.8008791171      0.1902859001    
  0.8151805299      0.1857586298    
  0.8294819427      0.1814456795    
  0.8437833555      0.1773440080    
  0.8580847683      0.1734504501    
  0.8723861811      0.1697617436    
  0.8866875939      0.1662745517    
  0.9009890067      0.1629854823    
  0.9152904195      0.1598911040    
  0.9295918323      0.1569881527    
  0.9436765570      0.1573131537    
  0.9577612818      0.1582859014    
  0.9718460065      0.1598997077    
  0.9859307312      0.1621436792    
   1.000015456      0.1650030736    
   1.014100181      0.1684597551    
   1.028184905      0.1724926949    
   1.042269630      0.1770785821    
   1.056354355      0.1821922828    
   1.070439080      0.1878073874    
   1.084523804      0.1938966462    
   1.098608529      0.2004323453    
   1.112693254      0.2073865894    
   1.126777979      0.2147315183    
   1.140862703      0.2224391823    
   1.154947428      0.2304825145    
   1.169032153      0.2388339614    
   1.183116877      0.2474661938    
   1.197201602      0.2563532490    
   1.211286327      0.2654639400    
   1.225371052      0.2747705974    
   1.239455776      0.2842421881    
   1.253540501      0.2938461071    
   1.267625226      0.3035407483    
   1.281709951      0.3132811276    
   1.295794675      0.3230080073    
   1.309879400      0.3326430017    
   1.323964125      0.3420702105    
   1.338048850      0.3511090505    
   1.352133574      0.3594536254    
   1.366218299      0.3665864349    
   1.380303024      0.3716377389    
   1.394387748      0.3735125887    
   1.408081929      0.3757950425    
   1.421776110      0.3776553462    
   1.435470291      0.3790942947    
   1.449164472      0.3801405072    
   1.462858653      0.3808312309    
   1.476552835      0.3812236901    
   1.490247016      0.3813737222    
   1.503941197      0.3813353801    
   1.517635378      0.3811519359    
   1.531329559      0.3808645659    
   1.545023740      0.3805049886    
   1.558717921      0.3801015599    
   1.572412102      0.3796751749    
   1.586106283      0.3792433791    
   1.599800464      0.3788203511    
   1.613494645      0.3784175644    
   1.627188826      0.3780442219    
   1.640883007      0.3777077770    
   1.654577188      0.3774141720    
   1.668271369      0.3771679787    
   1.681965550      0.3769730759    
   1.695659731      0.3768320156    
   1.709353912      0.3767466544    
   1.723048093      0.3767180811    
   1.737337673      0.3908504582    
   1.751627253      0.4049232033    
   1.765916833      0.4188560562    
   1.780206413      0.4325473815    
   1.794495994      0.4458631593    
   1.808785574      0.4586202536    
   1.823075154      0.4605934452    
   1.837364734      0.4534850302    
   1.851654314      0.4463519549    
   1.865943894      0.4392092855    
   1.880233475      0.4320643529    
   1.894523055      0.4249334757    
   1.908812635      0.4178110097    
   1.923102215      0.4107127379    
   1.937391795      0.4036466201    
   1.951681376      0.3966202144    
   1.965970956      0.3896406932    
   1.980260536      0.3827148596    
   1.994550116      0.3758491649    
   2.008839696      0.3690497187    
   2.023129276      0.3623223141    
   2.037418857      0.3556724363    
   2.051708437      0.3491052791    
   2.065998017      0.3426257599    
   2.080287597      0.3362392395    
   2.094577177      0.3299486591    
   2.108866758      0.3237589471    
   2.123156338      0.3176740471    
   2.137445918      0.3116976895    
   2.151735498      0.3058296805    
   2.166025078      0.3000806996    
   2.180314658      0.2963250593    
   2.194604239      0.2975354498    
   2.208893819      0.2984069027    
   2.223183399      0.2989296807    
   2.237472979      0.2990941242    
   2.251762559      0.2988969153    
   2.266052140      0.2983366747    
   2.280341720      0.2974147376    
   2.294631300      0.2961347984    
   2.308920880      0.2945025296    
   2.323210460      0.2925252218    
   2.337500040      0.2902114779    
   2.351789621      0.2875709900    
   2.366079201      0.2834752632    
   2.380368781      0.2775581090    
   2.394658361      0.2717280172    
   2.408947941      0.2659839890    
   2.423237522      0.2603332300    
   2.437527102      0.2547768140    
   2.451816682      0.2493194083    
   2.466106262      0.2439671789    
   2.480395842      0.2387268943    
   2.494685422      0.2336109374    
   2.508975003      0.2286304287    
   2.523264583      0.2238004029    
   2.537554163      0.2191388914    
   2.551843743      0.2146672033    
   2.566133323      0.2104101381    
   2.580422904      0.2063960789    
   2.594712484      0.2026555725    
   2.609002064      0.1992262648    
   2.623291644      0.1961427357    
   2.637581224      0.1934467313    
   2.651870804      0.1911689227    
   2.666160385      0.1893578329    
   2.680449965      0.1880390142    
   2.694739545      0.1872376298    
   2.709029125      0.1869683380    
   2.723152812      0.1871566369    
   2.737276499      0.1877189329    
   2.751400185      0.1886480482    
   2.765523872      0.1899319142    
   2.779647559      0.1915544860    
   2.793771245      0.1934977766    
   2.807894932      0.1957384596    
   2.822018619      0.1982492374    
   2.836142305      0.2010063174    
   2.850265992      0.2039827390    
   2.864389679      0.2071510775    
   2.878513366      0.2104838390    
   2.892637052      0.2139537712    
   2.906760739      0.2175341014    
   2.920884426      0.2212021186    
   2.935008112      0.2249255806    
   2.949131799      0.2286835913    
   2.963255486      0.2324527128    
   2.977379172      0.2362105688    
   2.991502859      0.2399359186    
   3.005626546      0.2436087356    
   3.019750233      0.2472102895    
   3.033873919      0.2507232341    
   3.047997606      0.2541316988    
   3.062121293      0.2574213804    
   3.076244979      0.2605813838    
   3.090368666      0.2635971933    
   3.104492353      0.2664615471    
   3.118616039      0.2691671771    
   3.132739726      0.2717086829    
   3.146863413      0.2740825272    
   3.160987100      0.2762900815    
   3.175110786      0.2783250217    
   3.189234473      0.2801923605    
   3.203358160      0.2818953746    
   3.217481846      0.2834387459    
   3.231605533      0.2848283992    
   3.245729220      0.2860713248    
   3.259852906      0.2871753937    
   3.273976593      0.2881485860    
   3.288100280      0.2890010977    
   3.302223967      0.2897417795    
   3.316347653      0.2903801823    
   3.330471340      0.2909258543    
   3.344595027      0.2913881959    
   3.358718713      0.2917763306    
   3.372842400      0.2920989907    
   3.386966087      0.2923644177    
   3.401089773      0.2925802771    
   3.415213460      0.2927535869    
   3.429337147      0.2928899670    
   3.443460834      0.2929963348    
   3.457584520      0.2930767767    
   3.471708207      0.2931352241    
   3.485831894      0.2931747575    
   3.499955580      0.2931975894    
   3.514079267      0.2932050517    
   3.528310677      0.2934673920    
   3.542542088      0.2942527432    
   3.556773498      0.2955561358    
   3.571004909      0.2973694154    
   3.585236319      0.2996814258    
   3.599467729      0.3024782719    
   3.613699140      0.3057434862    
   3.627930550      0.3094575002    
   3.642161960      0.3136020461    
   3.656393371      0.3181535572    
   3.670624781      0.3230889122    
   3.684856191      0.3283836447    
   3.699087602      0.3340124199    
   3.713319012      0.3399492022    
   3.727550423      0.3461673832    
   3.741781833      0.3526398738    
   3.756013243      0.3593391632    
   3.770244654      0.3662371629    
   3.784476064      0.3733059429    
   3.798707474      0.3805215398    
   3.812938885      0.3878440844    
   3.827170295      0.3952444455    
   3.841401705      0.4027045192    
   3.855633116      0.4101886908    
   3.869864526      0.4176643706    
   3.884095937      0.4251018379    
   3.898327347      0.4324697476    
   3.912558757      0.4397368714    
   3.926790168      0.4468729504    
   3.941021578      0.4538455690    
   3.955252988      0.4514173599    
   3.969484399      0.4434215760    
   3.983715809      0.4351974295    
   3.997947219      0.4268441408    
   4.012178630      0.4184259767    
   4.026410040      0.4099889825    
   4.040641451      0.4015696580    
   4.054872861      0.3932000409    
   4.069104271      0.3849076636    
   4.083335682      0.3767180811    
   4.097029863      0.3767466544    
   4.110724044      0.3768320156    
   4.124418225      0.3769730759    
   4.138112406      0.3771679787    
   4.151806587      0.3774141720    
   4.165500768      0.3777077770    
   4.179194949      0.3780442219    
   4.192889130      0.3784175644    
   4.206583311      0.3788203511    
   4.220277492      0.3792433791    
   4.233971673      0.3796751749    
   4.247665854      0.3801015599    
   4.261360035      0.3805049886    
   4.275054216      0.3808645659    
   4.288748397      0.3811519359    
   4.302442578      0.3813353801    
   4.316136759      0.3813737222    
   4.329830940      0.3812236901    
   4.343525121      0.3808312309    
   4.357219302      0.3801405072    
   4.370913483      0.3790942947    
   4.384607664      0.3776553462    
   4.398301845      0.3757950425    
   4.411996026      0.3735125887    
   4.425981572      0.3767280593    
   4.439967119      0.3790404413    
   4.453952666      0.3802851128    
   4.467938212      0.3804352660    
   4.481923759      0.3796121299    
   4.495909305      0.3780196933    
   4.509894852      0.3758672655    
   4.523880398      0.3733281816    
   4.537865945      0.3705341075    
   4.551851491      0.3675734670    
   4.565837038      0.3645143019    
   4.579822585      0.3614033939    
   4.593808131      0.3582746172    
   4.607793678      0.3551529146    
   4.621779224      0.3520514645    
   4.635764771      0.3489955682    
   4.649750317      0.3459909518    
   4.663735864      0.3430464552    
   4.677721410      0.3401691873    
   4.691706957      0.3373649423    
   4.705692504      0.3346384955    
   4.719678050      0.3319962519    
   4.733663597      0.3294370213    
   4.747649143      0.3269652155    
   4.761634690      0.3245832170    
   4.775620236      0.3222938288    
   4.789605783      0.3200982110    
   4.803591330      0.3179976168    
   4.817576876      0.3159929619    
   4.831562423      0.3140852138    
   4.845547969      0.3122736559    
   4.859533516      0.3105584100    
   4.873519062      0.3089385155    
   4.887504609      0.3074121767    
   4.901490155      0.3059764325    
   4.915475702      0.3046260671    
   4.929461249      0.3033550553    
   4.943446795      0.3021520038    
   4.957432342      0.3010005198    
   4.971417888      0.2998780485    
   4.985403435      0.2987505795    
   4.999388981      0.2975872738    
   5.013374528      0.2963807865    
   5.027360075      0.2951909627    
   5.041345621      0.2941588958    
   5.055331168      0.2934547418    
   5.069316714      0.2932050517    
   5.083548125      0.2934673920    
   5.097779535      0.2942527432    
   5.112010945      0.2955561358    
   5.126242356      0.2973694154    
   5.140473766      0.2996814258    
   5.154705176      0.3024782719    
   5.168936587      0.3057434862    
   5.183167997      0.3094575002    
   5.197399407      0.3136020461    
   5.211630818      0.3181535572    
   5.225862228      0.3230889122    
   5.240093639      0.3283836447    
   5.254325049      0.3340124199    
   5.268556459      0.3399492022    
   5.282787870      0.3461673832    
   5.297019280      0.3526398738    
   5.311250690      0.3593391632    
   5.325482101      0.3662371629    
   5.339713511      0.3733059429    
   5.353944921      0.3805215398    
   5.368176332      0.3878440844    
   5.382407742      0.3952444455    
   5.396639153      0.4027045192    
   5.410870563      0.4101886908    
   5.425101973      0.4176643706    
   5.439333384      0.4251018379    
   5.453564794      0.4324697476    
   5.467796204      0.4397368714    
   5.482027615      0.4468729504    
   5.496259025      0.4538455690    
   5.510490435      0.4514173599    
   5.524721846      0.4434215760    
   5.538953256      0.4351974295    
   5.553184667      0.4268441408    
   5.567416077      0.4184259767    
   5.581647487      0.4099889825    
   5.595878898      0.4015696580    
   5.610110308      0.3932000409    
   5.624341718      0.3849076636    
   5.638573129      0.3767180811    

   0.000000000      0.1869686849    
  0.1430141280E-01  0.1873846257    
  0.2860282561E-01  0.1886236437    
  0.4290423841E-01  0.1906601885    
  0.5720565122E-01  0.1934537374    
  0.7150706402E-01  0.1969535288    
  0.8580847683E-01  0.2011050104    
  0.1001098896      0.2058419380    
  0.1144113024      0.2111073803    
  0.1287127152      0.2168471735    
  0.1430141280      0.2230008143    
  0.1573155409      0.2295227196    
  0.1716169537      0.2363686450    
  0.1859183665      0.2434990692    
  0.2002197793      0.2508788930    
  0.2145211921      0.2584770360    
  0.2288226049      0.2662659949    
  0.2431240177      0.2742214049    
  0.2574254305      0.2823216261    
  0.2717268433      0.2905473676    
  0.2860282561      0.2988813518    
  0.3003296689      0.3073080187    
  0.3146310817      0.3158132678    
  0.3289324945      0.3243858155    
  0.3432339073      0.3330098568    
  0.3575353201      0.3416775032    
  0.3718367329      0.3503778235    
  0.3861381457      0.3591011463    
  0.4004395585      0.3678382581    
  0.4147409713      0.3765802930    
  0.4290423841      0.3853212053    
  0.4433437969      0.3940472426    
  0.4576452097      0.4027527133    
  0.4719466226      0.4114291869    
  0.4862480354      0.4200681263    
  0.5005494482      0.4286608069    
  0.5148508610      0.4371982368    
  0.5291522738      0.4456710788    
  0.5434536866      0.4540695716    
  0.5577550994      0.4623834532    
  0.5720565122      0.4706018845    
  0.5863579250      0.4787133743    
  0.6006593378      0.4867057077    
  0.6149607506      0.4945658771    
  0.6292621634      0.5022800187    
  0.6435635762      0.5098333566    
  0.6578649890      0.5172101568    
  0.6721664018      0.5243936934    
  0.6864678146      0.5313642028    
  0.7007692274      0.5381068074    
  0.7150706402      0.5445999484    
  0.7293720530      0.5508229575    
  0.7436734658      0.5567544784    
  0.7579748786      0.5623739285    
  0.7722762915      0.5676554186    
  0.7865777043      0.5725777622    
  0.8008791171      0.5771180942    
  0.8151805299      0.5812538952    
  0.8294819427      0.5849633651    
  0.8437833555      0.5882258315    
  0.8580847683      0.5910221805    
  0.8723861811      0.5933352946    
  0.8866875939      0.5951504765    
  0.9009890067      0.5964558372    
  0.9152904195      0.5972426277    
  0.9295918323      0.5975054924    
  0.9436765570      0.5973563915    
  0.9577612818      0.5969080691    
  0.9718460065      0.5961574871    
  0.9859307312      0.5950996537    
   1.000015456      0.5937277351    
   1.014100181      0.5920332202    
   1.028184905      0.5900017493    
   1.042269630      0.5876307355    
   1.056354355      0.5849041037    
   1.070439080      0.5818095732    
   1.084523804      0.5783350196    
   1.098608529      0.5744748352    
   1.112693254      0.5702070623    
   1.126777979      0.5655298759    
   1.140862703      0.5604371254    
   1.154947428      0.5549284820    
   1.169032153      0.5490049529    
   1.183116877      0.5426727120    
   1.197201602      0.5359454496    
   1.211286327      0.5288333077    
   1.225371052      0.5213604263    
   1.239455776      0.5135536936    
   1.253540501      0.5054474173    
   1.267625226      0.4970800074    
   1.281709951      0.4885030716    
   1.295794675      0.4797792341    
   1.309879400      0.4709972966    
   1.323964125      0.4622778333    
   1.338048850      0.4538078736    
   1.352133574      0.4458937798    
   1.366218299      0.4390684160    
   1.380303024      0.4342000554    
   1.394387748      0.4323859281    
   1.408081929      0.4330213737    
   1.421776110      0.4358082772    
   1.435470291      0.4382903948    
   1.449164472      0.4412494596    
   1.462858653      0.4446289758    
   1.476552835      0.4483640741    
   1.490247016      0.4523853849    
   1.503941197      0.4566250672    
   1.517635378      0.4610162171    
   1.531329559      0.4655056301    
   1.545023740      0.4700321840    
   1.558717921      0.4745497240    
   1.572412102      0.4790045474    
   1.586106283      0.4833462041    
   1.599800464      0.4875234524    
   1.613494645      0.4914838473    
   1.627188826      0.4951718796    
   1.640883007      0.4985314187    
   1.654577188      0.5015050068    
   1.668271369      0.5040309487    
   1.681965550      0.5060653304    
   1.695659731      0.5075564001    
   1.709353912      0.5084670166    
   1.723048093      0.5087733041    
   1.737337673      0.5021463849    
   1.751627253      0.4954122947    
   1.765916833      0.4885846297    
   1.780206413      0.4816765163    
   1.794495994      0.4747005966    
   1.808785574      0.4676690211    
   1.823075154      0.4705628077    
   1.837364734      0.4813298116    
   1.851654314      0.4904335122    
   1.865943894      0.4973114007    
   1.880233475      0.5014585066    
   1.894523055      0.5027001520    
   1.908812635      0.5013091076    
   1.923102215      0.4978465677    
   1.937391795      0.4929018830    
   1.951681376      0.4869495919    
   1.965970956      0.4803281373    
   1.980260536      0.4732678597    
   1.994550116      0.4659252788    
   2.008839696      0.4584038781    
   2.023129276      0.4507782303    
   2.037418857      0.4431001120    
   2.051708437      0.4354067849    
   2.065998017      0.4277255247    
   2.080287597      0.4200768055    
   2.094577177      0.4124754284    
   2.108866758      0.4049331157    
   2.123156338      0.3974586281    
   2.137445918      0.3900586248    
   2.151735498      0.3827373919    
   2.166025078      0.3755001195    
   2.180314658      0.3683488477    
   2.194604239      0.3612854912    
   2.208893819      0.3543113000    
   2.223183399      0.3474277576    
   2.237472979      0.3406336159    
   2.251762559      0.3339295435    
   2.266052140      0.3273151913    
   2.280341720      0.3207900123    
   2.294631300      0.3143533330    
   2.308920880      0.3080044259    
   2.323210460      0.3017425849    
   2.337500040      0.2955672074    
   2.351789621      0.2894786495    
   2.366079201      0.2846144134    
   2.380368781      0.2813533428    
   2.394658361      0.2778003900    
   2.408947941      0.2739693533    
   2.423237522      0.2698754690    
   2.437527102      0.2655357328    
   2.451816682      0.2609692793    
   2.466106262      0.2561978118    
   2.480395842      0.2512426905    
   2.494685422      0.2461389744    
   2.508975003      0.2409156956    
   2.523264583      0.2356099597    
   2.537554163      0.2302642025    
   2.551843743      0.2249268433    
   2.566133323      0.2196529292    
   2.580422904      0.2145047031    
   2.594712484      0.2095462100    
   2.609002064      0.2048662481    
   2.623291644      0.2005410053    
   2.637581224      0.1966646511    
   2.651870804      0.1933266593    
   2.666160385      0.1906159119    
   2.680449965      0.1886131237    
   2.694739545      0.1873833322    
   2.709029125      0.1869686849    
   2.723152812      0.1873397048    
   2.737276499      0.1884374073    
   2.751400185      0.1902190453    
   2.765523872      0.1926184073    
   2.779647559      0.1955544894    
   2.793771245      0.1989441491    
   2.807894932      0.2026906855    
   2.822018619      0.2067073846    
   2.836142305      0.2109196040    
   2.850265992      0.2152577893    
   2.864389679      0.2196615288    
   2.878513366      0.2240793623    
   2.892637052      0.2284681981    
   2.906760739      0.2327925434    
   2.920884426      0.2370239052    
   2.935008112      0.2411390849    
   2.949131799      0.2451207027    
   2.963255486      0.2489556612    
   2.977379172      0.2526347099    
   2.991502859      0.2561518731    
   3.005626546      0.2595039369    
   3.019750233      0.2626899908    
   3.033873919      0.2657110194    
   3.047997606      0.2685695400    
   3.062121293      0.2712692830    
   3.076244979      0.2738183855    
   3.090368666      0.2762150015    
   3.104492353      0.2784687001    
   3.118616039      0.2805856109    
   3.132739726      0.2825720143    
   3.146863413      0.2844342176    
   3.160987100      0.2861773422    
   3.175110786      0.2878097419    
   3.189234473      0.2893361162    
   3.203358160      0.2907620652    
   3.217481846      0.2920928927    
   3.231605533      0.2933335837    
   3.245729220      0.2944887918    
   3.259852906      0.2955628333    
   3.273976593      0.2965590516    
   3.288100280      0.2974823474    
   3.302223967      0.2983354304    
   3.316347653      0.2991213182    
   3.330471340      0.2998427329    
   3.344595027      0.3005021163    
   3.358718713      0.3011016464    
   3.372842400      0.3016432533    
   3.386966087      0.3021286359    
   3.401089773      0.3025592777    
   3.415213460      0.3029364617    
   3.429337147      0.3032609771    
   3.443460834      0.3035342799    
   3.457584520      0.3037568891    
   3.471708207      0.3039294154    
   3.485831894      0.3040523228    
   3.499955580      0.3041259379    
   3.514079267      0.3041504548    
   3.528310677      0.3044147204    
   3.542542088      0.3052434999    
   3.556773498      0.3067119956    
   3.571004909      0.3088745251    
   3.585236319      0.3117380635    
   3.599467729      0.3152743444    
   3.613699140      0.3194398193    
   3.627930550      0.3241863809    
   3.642161960      0.3294668098    
   3.656393371      0.3352343753    
   3.670624781      0.3414452880    
   3.684856191      0.3480575910    
   3.699087602      0.3550314147    
   3.713319012      0.3623289048    
   3.727550423      0.3699140713    
   3.741781833      0.3777525469    
   3.756013243      0.3858112331    
   3.770244654      0.3940577685    
   3.784476064      0.4024599482    
   3.798707474      0.4109857719    
   3.812938885      0.4195927218    
   3.827170295      0.4282484317    
   3.841401705      0.4368961535    
   3.855633116      0.4454579554    
   3.869864526      0.4537900657    
   3.884095937      0.4615657174    
   3.898327347      0.4677625334    
   3.912558757      0.4695311599    
   3.926790168      0.4655929419    
   3.941021578      0.4589836398    
   3.955252988      0.4606254844    
   3.969484399      0.4671835875    
   3.983715809      0.4734921003    
   3.997947219      0.4795249471    
   4.012178630      0.4852581253    
   4.026410040      0.4906700524    
   4.040641451      0.4957418693    
   4.054872861      0.5004576773    
   4.069104271      0.5048046922    
   4.083335682      0.5087733041    
   4.097029863      0.5084670166    
   4.110724044      0.5075564001    
   4.124418225      0.5060653304    
   4.138112406      0.5040309487    
   4.151806587      0.5015050068    
   4.165500768      0.4985314187    
   4.179194949      0.4951718796    
   4.192889130      0.4914838473    
   4.206583311      0.4875234524    
   4.220277492      0.4833462041    
   4.233971673      0.4790045474    
   4.247665854      0.4745497240    
   4.261360035      0.4700321840    
   4.275054216      0.4655056301    
   4.288748397      0.4610162171    
   4.302442578      0.4566250672    
   4.316136759      0.4523853849    
   4.329830940      0.4483640741    
   4.343525121      0.4446289758    
   4.357219302      0.4412494596    
   4.370913483      0.4382903948    
   4.384607664      0.4358082772    
   4.398301845      0.4330213737    
   4.411996026      0.4323859281    
   4.425981572      0.4311209101    
   4.439967119      0.4309147492    
   4.453952666      0.4319168565    
   4.467938212      0.4341380155    
   4.481923759      0.4374274002    
   4.495909305      0.4415552002    
   4.509894852      0.4462762003    
   4.523880398      0.4513724300    
   4.537865945      0.4566605419    
   4.551851491      0.4619731453    
   4.565837038      0.4671629041    
   4.579822585      0.4720746115    
   4.593808131      0.4765442101    
   4.607793678      0.4803923722    
   4.621779224      0.4834236835    
   4.635764771      0.4854417615    
   4.649750317      0.4862598167    
   4.663735864      0.4857335245    
   4.677721410      0.4837873056    
   4.691706957      0.4804302257    
   4.705692504      0.4757520998    
   4.719678050      0.4699043075    
   4.733663597      0.4630620011    
   4.747649143      0.4554132585    
   4.761634690      0.4471321397    
   4.775620236      0.4383779132    
   4.789605783      0.4292863964    
   4.803591330      0.4199761250    
   4.817576876      0.4105500656    
   4.831562423      0.4011003109    
   4.845547969      0.3917047871    
   4.859533516      0.3824396687    
   4.873519062      0.3733747413    
   4.887504609      0.3645770347    
   4.901490155      0.3561124041    
   4.915475702      0.3480469168    
   4.929461249      0.3404483799    
   4.943446795      0.3333875521    
   4.957432342      0.3269399968    
   4.971417888      0.3211882758    
   4.985403435      0.3162185986    
   4.999388981      0.3121181079    
   5.013374528      0.3089424472    
   5.027360075      0.3066750380    
   5.041345621      0.3052105529    
   5.055331168      0.3044056610    
   5.069316714      0.3041504548    
   5.083548125      0.3044147204    
   5.097779535      0.3052434999    
   5.112010945      0.3067119956    
   5.126242356      0.3088745251    
   5.140473766      0.3117380635    
   5.154705176      0.3152743444    
   5.168936587      0.3194398193    
   5.183167997      0.3241863809    
   5.197399407      0.3294668098    
   5.211630818      0.3352343753    
   5.225862228      0.3414452880    
   5.240093639      0.3480575910    
   5.254325049      0.3550314147    
   5.268556459      0.3623289048    
   5.282787870      0.3699140713    
   5.297019280      0.3777525469    
   5.311250690      0.3858112331    
   5.325482101      0.3940577685    
   5.339713511      0.4024599482    
   5.353944921      0.4109857719    
   5.368176332      0.4195927218    
   5.382407742      0.4282484317    
   5.396639153      0.4368961535    
   5.410870563      0.4454579554    
   5.425101973      0.4537900657    
   5.439333384      0.4615657174    
   5.453564794      0.4677625334    
   5.467796204      0.4695311599    
   5.482027615      0.4655929419    
   5.496259025      0.4589836398    
   5.510490435      0.4606254844    
   5.524721846      0.4671835875    
   5.538953256      0.4734921003    
   5.553184667      0.4795249471    
   5.567416077      0.4852581253    
   5.581647487      0.4906700524    
   5.595878898      0.4957418693    
   5.610110308      0.5004576773    
   5.624341718      0.5048046922    
   5.638573129      0.5087733041    

   0.000000000      0.4641551986    
  0.1430141280E-01  0.4642274348    
  0.2860282561E-01  0.4644407869    
  0.4290423841E-01  0.4647867765    
  0.5720565122E-01  0.4652496202    
  0.7150706402E-01  0.4658090143    
  0.8580847683E-01  0.4664371787    
  0.1001098896      0.4671004331    
  0.1144113024      0.4677587241    
  0.1287127152      0.4683655655    
  0.1430141280      0.4688679918    
  0.1573155409      0.4692068953    
  0.1716169537      0.4693174009    
  0.1859183665      0.4691297971    
  0.2002197793      0.4685710278    
  0.2145211921      0.4675669280    
  0.2288226049      0.4660452940    
  0.2431240177      0.4639397393    
  0.2574254305      0.4611940787    
  0.2717268433      0.4577667365    
  0.2860282561      0.4536344835    
  0.3003296689      0.4487947783    
  0.3146310817      0.4432661874    
  0.3289324945      0.4370867620    
  0.3432339073      0.4303106520    
  0.3575353201      0.4230037023    
  0.3718367329      0.4152387194    
  0.3861381457      0.4070911219    
  0.4004395585      0.3986353811    
  0.4147409713      0.3899424213    
  0.4290423841      0.3853214102    
  0.4433437969      0.3940474449    
  0.4576452097      0.4027529130    
  0.4719466226      0.4114293839    
  0.4862480354      0.4200683206    
  0.5005494482      0.4286609983    
  0.5148508610      0.4371984255    
  0.5291522738      0.4456712645    
  0.5434536866      0.4540697544    
  0.5577550994      0.4623836330    
  0.5720565122      0.4706020612    
  0.5863579250      0.4787135479    
  0.6006593378      0.4867058781    
  0.6149607506      0.4945660442    
  0.6292621634      0.5022801824    
  0.6435635762      0.5098335171    
  0.6578649890      0.5172103138    
  0.6721664018      0.5243938470    
  0.6864678146      0.5313643457    
  0.7007692274      0.5381069464    
  0.7150706402      0.5446000836    
  0.7293720530      0.5508230893    
  0.7436734658      0.5567546065    
  0.7579748786      0.5623740564    
  0.7722762915      0.5676555428    
  0.7865777043      0.5725778829    
  0.8008791171      0.5771182115    
  0.8151805299      0.5812540094    
  0.8294819427      0.5849634765    
  0.8437833555      0.5882259403    
  0.8580847683      0.5910222870    
  0.8723861811      0.5933353993    
  0.8866875939      0.5951505796    
  0.9009890067      0.5964559392    
  0.9152904195      0.5972427291    
  0.9295918323      0.5975055935    
  0.9436765570      0.5973564941    
  0.9577612818      0.5969081758    
  0.9718460065      0.5961576005    
  0.9859307312      0.5950997758    
   1.000015456      0.5937278677    
   1.014100181      0.5920333645    
   1.028184905      0.5900019012    
   1.042269630      0.5876309019    
   1.056354355      0.5849042850    
   1.070439080      0.5818097697    
   1.084523804      0.5783352315    
   1.098608529      0.5744750814    
   1.112693254      0.5702073220    
   1.126777979      0.5655301492    
   1.140862703      0.5604374126    
   1.154947428      0.5549287822    
   1.169032153      0.5490052655    
   1.183116877      0.5426730364    
   1.197201602      0.5359457916    
   1.211286327      0.5288336595    
   1.225371052      0.5213607872    
   1.239455776      0.5135540631    
   1.253540501      0.5054477963    
   1.267625226      0.4970803937    
   1.281709951      0.4885034650    
   1.295794675      0.4797796350    
   1.309879400      0.4709977049    
   1.323964125      0.4622782496    
   1.338048850      0.4538082991    
   1.352133574      0.4458942132    
   1.366218299      0.4390688623    
   1.380303024      0.4342005136    
   1.394387748      0.4323863915    
   1.408081929      0.4338369837    
   1.421776110      0.4366526575    
   1.435470291      0.4421660974    
   1.449164472      0.4487441651    
   1.462858653      0.4558982280    
   1.476552835      0.4633497827    
   1.490247016      0.4709264993    
   1.503941197      0.4785150699    
   1.517635378      0.4860256645    
   1.531329559      0.4933919957    
   1.545023740      0.5005531604    
   1.558717921      0.5074570972    
   1.572412102      0.5140509947    
   1.586106283      0.5202848467    
   1.599800464      0.5261098416    
   1.613494645      0.5314785160    
   1.627188826      0.5363445783    
   1.640883007      0.5406643679    
   1.654577188      0.5443971196    
   1.668271369      0.5475060419    
   1.681965550      0.5499592986    
   1.695659731      0.5517309570    
   1.709353912      0.5528018250    
   1.723048093      0.5531601075    
   1.737337673      0.5500996473    
   1.751627253      0.5470184024    
   1.765916833      0.5439235032    
   1.780206413      0.5408218780    
   1.794495994      0.5377202916    
   1.808785574      0.5346253860    
   1.823075154      0.5315473200    
   1.837364734      0.5284852877    
   1.851654314      0.5254405297    
   1.865943894      0.5224376501    
   1.880233475      0.5194743348    
   1.894523055      0.5165574102    
   1.908812635      0.5136938938    
   1.923102215      0.5108910376    
   1.937391795      0.5081563699    
   1.951681376      0.5054977325    
   1.965970956      0.5029233093    
   1.980260536      0.5004416455    
   1.994550116      0.4980699266    
   2.008839696      0.4958004721    
   2.023129276      0.4936515244    
   2.037418857      0.4916328569    
   2.051708437      0.4897543338    
   2.065998017      0.4880257264    
   2.080287597      0.4864576628    
   2.094577177      0.4850564188    
   2.108866758      0.4838310160    
   2.123156338      0.4827876497    
   2.137445918      0.4819304674    
   2.151735498      0.4812604238    
   2.166025078      0.4807770968    
   2.180314658      0.4804745111    
   2.194604239      0.4803432012    
   2.208893819      0.4803693069    
   2.223183399      0.4805345163    
   2.237472979      0.4808162034    
   2.251762559      0.4811879391    
   2.266052140      0.4816201410    
   2.280341720      0.4820810288    
   2.294631300      0.4825377559    
   2.308920880      0.4829576696    
   2.323210460      0.4833096257    
   2.337500040      0.4835652750    
   2.351789621      0.4837002397    
   2.366079201      0.4836950979    
   2.380368781      0.4835361120    
   2.394658361      0.4832156497    
   2.408947941      0.4827322756    
   2.423237522      0.4820905198    
   2.437527102      0.4813003563    
   2.451816682      0.4803764509    
   2.466106262      0.4793372519    
   2.480395842      0.4782040000    
   2.494685422      0.4769997452    
   2.508975003      0.4757484031    
   2.523264583      0.4744739429    
   2.537554163      0.4731996949    
   2.551843743      0.4719478111    
   2.566133323      0.4707388692    
   2.580422904      0.4695916113    
   2.594712484      0.4685227675    
   2.609002064      0.4675471084    
   2.623291644      0.4666772799    
   2.637581224      0.4659240241    
   2.651870804      0.4652964345    
   2.666160385      0.4648009662    
   2.680449965      0.4644433247    
   2.694739545      0.4642275033    
   2.709029125      0.4641551986    
   2.723152812      0.4642258953    
   2.737276499      0.4644376700    
   2.751400185      0.4647910339    
   2.765523872      0.4652858051    
   2.779647559      0.4659219559    
   2.793771245      0.4666993718    
   2.807894932      0.4676170823    
   2.822018619      0.4686758354    
   2.836142305      0.4698742176    
   2.850265992      0.4712110085    
   2.864389679      0.4726845140    
   2.878513366      0.4742924883    
   2.892637052      0.4760320618    
   2.906760739      0.4778996783    
   2.920884426      0.4798910634    
   2.935008112      0.4820011007    
   2.949131799      0.4842239455    
   2.963255486      0.4865529141    
   2.977379172      0.4889805140    
   2.991502859      0.4914984597    
   3.005626546      0.4940977000    
   3.019750233      0.4967684554    
   3.033873919      0.4995002649    
   3.047997606      0.5022820407    
   3.062121293      0.5051021301    
   3.076244979      0.5079484572    
   3.090368666      0.5108083164    
   3.104492353      0.5136688929    
   3.118616039      0.5165170751    
   3.132739726      0.5193396424    
   3.146863413      0.5221233962    
   3.160987100      0.5248550477    
   3.175110786      0.5275223963    
   3.189234473      0.5301130153    
   3.203358160      0.5326154140    
   3.217481846      0.5350189920    
   3.231605533      0.5373142277    
   3.245729220      0.5394928540    
   3.259852906      0.5415480095    
   3.273976593      0.5434739527    
   3.288100280      0.5452677400    
   3.302223967      0.5469268474    
   3.316347653      0.5484507263    
   3.330471340      0.5498403183    
   3.344595027      0.5510979127    
   3.358718713      0.5522269599    
   3.372842400      0.5532318508    
   3.386966087      0.5541176730    
   3.401089773      0.5548899565    
   3.415213460      0.5555544200    
   3.429337147      0.5561058075    
   3.443460834      0.5565726408    
   3.457584520      0.5569459001    
   3.471708207      0.5572315368    
   3.485831894      0.5574330027    
   3.499955580      0.5575528424    
   3.514079267      0.5575926140    
   3.528310677      0.5575964505    
   3.542542088      0.5576047386    
   3.556773498      0.5576079449    
   3.571004909      0.5575905991    
   3.585236319      0.5575318803    
   3.599467729      0.5574057017    
   3.613699140      0.5571840049    
   3.627930550      0.5568332351    
   3.642161960      0.5563208304    
   3.656393371      0.5556104509    
   3.670624781      0.5546704959    
   3.684856191      0.5534555178    
   3.699087602      0.5519347030    
   3.713319012      0.5500738194    
   3.727550423      0.5478406929    
   3.741781833      0.5452061442    
   3.756013243      0.5421451472    
   3.770244654      0.5386366634    
   3.784476064      0.5346713916    
   3.798707474      0.5302543940    
   3.812938885      0.5253733560    
   3.827170295      0.5200603913    
   3.841401705      0.5143581531    
   3.855633116      0.5083393705    
   3.869864526      0.5021443672    
   3.884095937      0.4961070424    
   3.898327347      0.4912487682    
   3.912558757      0.4904170090    
   3.926790168      0.4948862770    
   3.941021578      0.5015974573    
   3.955252988      0.5088140693    
   3.969484399      0.5159719313    
   3.983715809      0.5228267431    
   3.997947219      0.5292184185    
   4.012178630      0.5350315656    
   4.026410040      0.5401726280    
   4.040641451      0.5445725021    
   4.054872861      0.5482000445    
   4.069104271      0.5510523091    
   4.083335682      0.5531601075    
   4.097029863      0.5528018250    
   4.110724044      0.5517309570    
   4.124418225      0.5499592986    
   4.138112406      0.5475060419    
   4.151806587      0.5443971196    
   4.165500768      0.5406643679    
   4.179194949      0.5363445783    
   4.192889130      0.5314785160    
   4.206583311      0.5261098416    
   4.220277492      0.5202848467    
   4.233971673      0.5140509947    
   4.247665854      0.5074570972    
   4.261360035      0.5005531604    
   4.275054216      0.4933919957    
   4.288748397      0.4860256645    
   4.302442578      0.4785150699    
   4.316136759      0.4709264993    
   4.329830940      0.4633497827    
   4.343525121      0.4558982280    
   4.357219302      0.4487441651    
   4.370913483      0.4421660974    
   4.384607664      0.4366526575    
   4.398301845      0.4338369837    
   4.411996026      0.4323863915    
   4.425981572      0.4344971422    
   4.439967119      0.4372479996    
   4.453952666      0.4404722903    
   4.467938212      0.4440465764    
   4.481923759      0.4478815188    
   4.495909305      0.4519125737    
   4.509894852      0.4560920082    
   4.523880398      0.4603834829    
   4.537865945      0.4647590171    
   4.551851491      0.4691910889    
   4.565837038      0.4736653345    
   4.579822585      0.4781616073    
   4.593808131      0.4826636686    
   4.607793678      0.4871562288    
   4.621779224      0.4916222795    
   4.635764771      0.4960518451    
   4.649750317      0.5004283099    
   4.663735864      0.5047372143    
   4.677721410      0.5089639543    
   4.691706957      0.5130937462    
   4.705692504      0.5171116353    
   4.719678050      0.5210031963    
   4.733663597      0.5247528883    
   4.747649143      0.5283446653    
   4.761634690      0.5317643582    
   4.775620236      0.5349986109    
   4.789605783      0.5380337566    
   4.803591330      0.5408577322    
   4.817576876      0.5434600670    
   4.831562423      0.5458314942    
   4.845547969      0.5479675505    
   4.859533516      0.5498644624    
   4.873519062      0.5515224577    
   4.887504609      0.5529454070    
   4.901490155      0.5541410480    
   4.915475702      0.5551113065    
   4.929461249      0.5558909630    
   4.943446795      0.5564895556    
   4.957432342      0.5569290898    
   4.971417888      0.5572346592    
   4.985403435      0.5574298095    
   4.999388981      0.5575415855    
   5.013374528      0.5575934937    
   5.027360075      0.5576082398    
   5.041345621      0.5576044748    
   5.055331168      0.5575963281    
   5.069316714      0.5575926140    
   5.083548125      0.5575964505    
   5.097779535      0.5576047386    
   5.112010945      0.5576079449    
   5.126242356      0.5575905991    
   5.140473766      0.5575318803    
   5.154705176      0.5574057017    
   5.168936587      0.5571840049    
   5.183167997      0.5568332351    
   5.197399407      0.5563208304    
   5.211630818      0.5556104509    
   5.225862228      0.5546704959    
   5.240093639      0.5534555178    
   5.254325049      0.5519347030    
   5.268556459      0.5500738194    
   5.282787870      0.5478406929    
   5.297019280      0.5452061442    
   5.311250690      0.5421451472    
   5.325482101      0.5386366634    
   5.339713511      0.5346713916    
   5.353944921      0.5302543940    
   5.368176332      0.5253733560    
   5.382407742      0.5200603913    
   5.396639153      0.5143581531    
   5.410870563      0.5083393705    
   5.425101973      0.5021443672    
   5.439333384      0.4961070424    
   5.453564794      0.4912487682    
   5.467796204      0.4904170090    
   5.482027615      0.4948862770    
   5.496259025      0.5015974573    
   5.510490435      0.5088140693    
   5.524721846      0.5159719313    
   5.538953256      0.5228267431    
   5.553184667      0.5292184185    
   5.567416077      0.5350315656    
   5.581647487      0.5401726280    
   5.595878898      0.5445725021    
   5.610110308      0.5482000445    
   5.624341718      0.5510523091    
   5.638573129      0.5531601075    

   0.000000000      0.6873925086    
  0.1430141280E-01  0.6875380061    
  0.2860282561E-01  0.6879738644    
  0.4290423841E-01  0.6886982446    
  0.5720565122E-01  0.6897080300    
  0.7150706402E-01  0.6909989799    
  0.8580847683E-01  0.6925658778    
  0.1001098896      0.6944018063    
  0.1144113024      0.6964993081    
  0.1287127152      0.6988498347    
  0.1430141280      0.7014437635    
  0.1573155409      0.7042707245    
  0.1716169537      0.7073195110    
  0.1859183665      0.7105781814    
  0.2002197793      0.7140341243    
  0.2145211921      0.7176741217    
  0.2288226049      0.7214844095    
  0.2431240177      0.7254507347    
  0.2574254305      0.7295584098    
  0.2717268433      0.7320158438    
  0.2860282561      0.7258467151    
  0.3003296689      0.7207756268    
  0.3146310817      0.7167742402    
  0.3289324945      0.7137955396    
  0.3432339073      0.7117735883    
  0.3575353201      0.7106336053    
  0.3718367329      0.7102930202    
  0.3861381457      0.7106668048    
  0.4004395585      0.7116710671    
  0.4147409713      0.7132256778    
  0.4290423841      0.7152559626    
  0.4433437969      0.7176936119    
  0.4576452097      0.7204769993    
  0.4719466226      0.7235510917    
  0.4862480354      0.7268671048    
  0.5005494482      0.7303820178    
  0.5148508610      0.7340580269    
  0.5291522738      0.7378619892    
  0.5434536866      0.7417648873    
  0.5577550994      0.7457413318    
  0.5720565122      0.7497691079    
  0.5863579250      0.7538287685    
  0.6006593378      0.7579032712    
  0.6149607506      0.7619776568    
  0.6292621634      0.7660387640    
  0.6435635762      0.7700749776    
  0.6578649890      0.7740760045    
  0.6721664018      0.7780326765    
  0.6864678146      0.7819282153    
  0.7007692274      0.7857716066    
  0.7150706402      0.7895481865    
  0.7293720530      0.7932460396    
  0.7436734658      0.7968703779    
  0.7579748786      0.8004223930    
  0.7722762915      0.8038723408    
  0.7865777043      0.8072274957    
  0.8008791171      0.8104828307    
  0.8151805299      0.8136333501    
  0.8294819427      0.8166740400    
  0.8437833555      0.8195998258    
  0.8580847683      0.8224055384    
  0.8723861811      0.8250858878    
  0.8866875939      0.8276354441    
  0.9009890067      0.8300486255    
  0.9152904195      0.8323196946    
  0.9295918323      0.8344427465    
  0.9436765570      0.8342589545    
  0.9577612818      0.8337097874    
  0.9718460065      0.8328018684    
  0.9859307312      0.8315462230    
   1.000015456      0.8299582434    
   1.014100181      0.8280576116    
   1.028184905      0.8258680260    
   1.042269630      0.8234174932    
   1.056354355      0.8207371801    
   1.070439080      0.8178614766    
   1.084523804      0.8148272533    
   1.098608529      0.8116733512    
   1.112693254      0.8084388928    
   1.126777979      0.8051635834    
   1.140862703      0.8018852416    
   1.154947428      0.7986422410    
   1.169032153      0.7954680409    
   1.183116877      0.7923936326    
   1.197201602      0.7894508124    
   1.211286327      0.7866537188    
   1.225371052      0.7840263304    
   1.239455776      0.7815840293    
   1.253540501      0.7793392432    
   1.267625226      0.7772991214    
   1.281709951      0.7754701227    
   1.295794675      0.7738550020    
   1.309879400      0.7724569894    
   1.323964125      0.7712758653    
   1.338048850      0.7703113018    
   1.352133574      0.7695598216    
   1.366218299      0.7690257167    
   1.380303024      0.7687056334    
   1.394387748      0.7685990056    
   1.408081929      0.7638729613    
   1.421776110      0.7590164821    
   1.435470291      0.7540502068    
   1.449164472      0.7489973577    
   1.462858653      0.7438733355    
   1.476552835      0.7387022511    
   1.490247016      0.7335060443    
   1.503941197      0.7283081758    
   1.517635378      0.7231300228    
   1.531329559      0.7180012591    
   1.545023740      0.7129420282    
   1.558717921      0.7079945901    
   1.572412102      0.7031862594    
   1.586106283      0.6985536138    
   1.599800464      0.6941369136    
   1.613494645      0.6899806494    
   1.627188826      0.6861319488    
   1.640883007      0.6826422933    
   1.654577188      0.6795648786    
   1.668271369      0.6769530369    
   1.681965550      0.6748580160    
   1.695659731      0.6733248932    
   1.709353912      0.6723895383    
   1.723048093      0.6720750860    
   1.737337673      0.6626897055    
   1.751627253      0.6534805487    
   1.765916833      0.6445116265    
   1.780206413      0.6358666168    
   1.794495994      0.6276597578    
   1.808785574      0.6200524634    
   1.823075154      0.6132785066    
   1.837364734      0.6076694237    
   1.851654314      0.6036805520    
   1.865943894      0.6018556876    
   1.880233475      0.6026614109    
   1.894523055      0.6062383013    
   1.908812635      0.6122746348    
   1.923102215      0.6201708696    
   1.937391795      0.6292967786    
   1.951681376      0.6391356596    
   1.965970956      0.6493061571    
   1.980260536      0.6595349477    
   1.994550116      0.6696251883    
   2.008839696      0.6794288835    
   2.023129276      0.6888356195    
   2.037418857      0.6977594981    
   2.051708437      0.7061339201    
   2.065998017      0.7139079925    
   2.080287597      0.7210498658    
   2.094577177      0.7275229309    
   2.108866758      0.7333185177    
   2.123156338      0.7384321854    
   2.137445918      0.7394284172    
   2.151735498      0.7372603415    
   2.166025078      0.7355095885    
   2.180314658      0.7341814394    
   2.194604239      0.7332814537    
   2.208893819      0.7328149253    
   2.223183399      0.7327869345    
   2.237472979      0.7332019517    
   2.251762559      0.7340643508    
   2.266052140      0.7353780050    
   2.280341720      0.7371463497    
   2.294631300      0.7393723552    
   2.308920880      0.7420585019    
   2.323210460      0.7452067605    
   2.337500040      0.7480905366    
   2.351789621      0.7457047200    
   2.366079201      0.7431165956    
   2.380368781      0.7403572044    
   2.394658361      0.7374540979    
   2.408947941      0.7344333876    
   2.423237522      0.7313236911    
   2.437527102      0.7281504225    
   2.451816682      0.7249397239    
   2.466106262      0.7217175102    
   2.480395842      0.7185093359    
   2.494685422      0.7153408408    
   2.508975003      0.7122368676    
   2.523264583      0.7092219210    
   2.537554163      0.7063198762    
   2.551843743      0.7035538211    
   2.566133323      0.7009458846    
   2.580422904      0.6985170562    
   2.594712484      0.6962869495    
   2.609002064      0.6942738575    
   2.623291644      0.6924941368    
   2.637581224      0.6909625571    
   2.651870804      0.6896916442    
   2.666160385      0.6886920903    
   2.680449965      0.6879721078    
   2.694739545      0.6875377160    
   2.709029125      0.6873925086    
   2.723152812      0.6875343505    
   2.737276499      0.6879585158    
   2.751400185      0.6886609771    
   2.765523872      0.6896349700    
   2.779647559      0.6908710321    
   2.793771245      0.6923571548    
   2.807894932      0.6940782826    
   2.822018619      0.6960168369    
   2.836142305      0.6981526643    
   2.850265992      0.7004630061    
   2.864389679      0.7029226703    
   2.878513366      0.7055042175    
   2.892637052      0.7081782243    
   2.906760739      0.7109136392    
   2.920884426      0.7136784208    
   2.935008112      0.7164394919    
   2.949131799      0.7191643452    
   2.963255486      0.7218213380    
   2.977379172      0.7243807770    
   2.991502859      0.7268159445    
   3.005626546      0.7291041404    
   3.019750233      0.7312276618    
   3.033873919      0.7331746348    
   3.047997606      0.7349396107    
   3.062121293      0.7365238548    
   3.076244979      0.7379370822    
   3.090368666      0.7391898205    
   3.104492353      0.7403035872    
   3.118616039      0.7413026156    
   3.132739726      0.7422145654    
   3.146863413      0.7430693371    
   3.160987100      0.7438928988    
   3.175110786      0.7447260882    
   3.189234473      0.7455940008    
   3.203358160      0.7465247663    
   3.217481846      0.7475439672    
   3.231605533      0.7486740468    
   3.245729220      0.7499338230    
   3.259852906      0.7513380898    
   3.273976593      0.7528927263    
   3.288100280      0.7546122505    
   3.302223967      0.7564934155    
   3.316347653      0.7585320439    
   3.330471340      0.7607185976    
   3.344595027      0.7630378851    
   3.358718713      0.7654686937    
   3.372842400      0.7679833223    
   3.386966087      0.7705469983    
   3.401089773      0.7731172010    
   3.415213460      0.7756429788    
   3.429337147      0.7780630682    
   3.443460834      0.7803149543    
   3.457584520      0.7823144715    
   3.471708207      0.7839847675    
   3.485831894      0.7852477696    
   3.499955580      0.7860364039    
   3.514079267      0.7863047486    
   3.528310677      0.7859742983    
   3.542542088      0.7849832312    
   3.556773498      0.7833330615    
   3.571004909      0.7810283671    
   3.585236319      0.7780793605    
   3.599467729      0.7745041563    
   3.613699140      0.7703326374    
   3.627930550      0.7656047931    
   3.642161960      0.7603741065    
   3.656393371      0.7547026373    
   3.670624781      0.7486626357    
   3.684856191      0.7423308863    
   3.699087602      0.7357890467    
   3.713319012      0.7291196360    
   3.727550423      0.7224043150    
   3.741781833      0.7157219957    
   3.756013243      0.7091471330    
   3.770244654      0.7027478473    
   3.784476064      0.6965858429    
   3.798707474      0.6907145382    
   3.812938885      0.6851735941    
   3.827170295      0.6800002841    
   3.841401705      0.6752186932    
   3.855633116      0.6708464876    
   3.869864526      0.6668934271    
   3.884095937      0.6633698354    
   3.898327347      0.6602827563    
   3.912558757      0.6576420164    
   3.926790168      0.6554627463    
   3.941021578      0.6537653658    
   3.955252988      0.6525810415    
   3.969484399      0.6519497831    
   3.983715809      0.6519229906    
   3.997947219      0.6525502717    
   4.012178630      0.6538889008    
   4.026410040      0.6559852357    
   4.040641451      0.6588666919    
   4.054872861      0.6625348196    
   4.069104271      0.6669581143    
   4.083335682      0.6720750860    
   4.097029863      0.6723895383    
   4.110724044      0.6733248932    
   4.124418225      0.6748580160    
   4.138112406      0.6769530369    
   4.151806587      0.6795648786    
   4.165500768      0.6826422933    
   4.179194949      0.6861319488    
   4.192889130      0.6899806494    
   4.206583311      0.6941369136    
   4.220277492      0.6985536138    
   4.233971673      0.7031862594    
   4.247665854      0.7079945901    
   4.261360035      0.7129420282    
   4.275054216      0.7180012591    
   4.288748397      0.7231300228    
   4.302442578      0.7283081758    
   4.316136759      0.7335060443    
   4.329830940      0.7387022511    
   4.343525121      0.7438733355    
   4.357219302      0.7489973577    
   4.370913483      0.7540502068    
   4.384607664      0.7590164821    
   4.398301845      0.7638729613    
   4.411996026      0.7685990056    
   4.425981572      0.7617517576    
   4.439967119      0.7546604246    
   4.453952666      0.7473386864    
   4.467938212      0.7398063262    
   4.481923759      0.7320862347    
   4.495909305      0.7242119489    
   4.509894852      0.7162248302    
   4.523880398      0.7081769474    
   4.537865945      0.7001344446    
   4.551851491      0.6921693545    
   4.565837038      0.6843942606    
   4.579822585      0.6769240723    
   4.593808131      0.6699041724    
   4.607793678      0.6635049617    
   4.621779224      0.6579138067    
   4.635764771      0.6533410392    
   4.649750317      0.6499732690    
   4.663735864      0.6479622756    
   4.677721410      0.6473921970    
   4.691706957      0.6482629729    
   4.705692504      0.6504937253    
   4.719678050      0.6539440980    
   4.733663597      0.6584418364    
   4.747649143      0.6638071604    
   4.761634690      0.6698692517    
   4.775620236      0.6764775156    
   4.789605783      0.6834960391    
   4.803591330      0.6908069502    
   4.817576876      0.6983063670    
   4.831562423      0.7059020400    
   4.845547969      0.7135077777    
   4.859533516      0.7210456418    
   4.873519062      0.7284414816    
   4.887504609      0.7356247832    
   4.901490155      0.7425283778    
   4.915475702      0.7490883412    
   4.929461249      0.7552460821    
   4.943446795      0.7609472717    
   4.957432342      0.7661441198    
   4.971417888      0.7707975244    
   4.985403435      0.7748731343    
   4.999388981      0.7783485331    
   5.013374528      0.7812056023    
   5.027360075      0.7834341902    
   5.041345621      0.7850284344    
   5.055331168      0.7859856162    
   5.069316714      0.7863047486    
   5.083548125      0.7859742983    
   5.097779535      0.7849832312    
   5.112010945      0.7833330615    
   5.126242356      0.7810283671    
   5.140473766      0.7780793605    
   5.154705176      0.7745041563    
   5.168936587      0.7703326374    
   5.183167997      0.7656047931    
   5.197399407      0.7603741065    
   5.211630818      0.7547026373    
   5.225862228      0.7486626357    
   5.240093639      0.7423308863    
   5.254325049      0.7357890467    
   5.268556459      0.7291196360    
   5.282787870      0.7224043150    
   5.297019280      0.7157219957    
   5.311250690      0.7091471330    
   5.325482101      0.7027478473    
   5.339713511      0.6965858429    
   5.353944921      0.6907145382    
   5.368176332      0.6851735941    
   5.382407742      0.6800002841    
   5.396639153      0.6752186932    
   5.410870563      0.6708464876    
   5.425101973      0.6668934271    
   5.439333384      0.6633698354    
   5.453564794      0.6602827563    
   5.467796204      0.6576420164    
   5.482027615      0.6554627463    
   5.496259025      0.6537653658    
   5.510490435      0.6525810415    
   5.524721846      0.6519497831    
   5.538953256      0.6519229906    
   5.553184667      0.6525502717    
   5.567416077      0.6538889008    
   5.581647487      0.6559852357    
   5.595878898      0.6588666919    
   5.610110308      0.6625348196    
   5.624341718      0.6669581143    
   5.638573129      0.6720750860    

   0.000000000      0.9954444429    
  0.1430141280E-01  0.9814282108    
  0.2860282561E-01  0.9642439891    
  0.4290423841E-01  0.9469433778    
  0.5720565122E-01  0.9297091513    
  0.7150706402E-01  0.9126447288    
  0.8580847683E-01  0.8958332120    
  0.1001098896      0.8793488531    
  0.1144113024      0.8632614323    
  0.1287127152      0.8476390477    
  0.1430141280      0.8325484955    
  0.1573155409      0.8180584035    
  0.1716169537      0.8042384584    
  0.1859183665      0.7911596950    
  0.2002197793      0.7788937013    
  0.2145211921      0.7675109565    
  0.2288226049      0.7570782331    
  0.2431240177      0.7476551295    
  0.2574254305      0.7392900069    
  0.2717268433      0.7337923640    
  0.2860282561      0.7381371926    
  0.3003296689      0.7425772035    
  0.3146310817      0.7470964631    
  0.3289324945      0.7516791176    
  0.3432339073      0.7563011980    
  0.3575353201      0.7609601342    
  0.3718367329      0.7656330284    
  0.3861381457      0.7703034320    
  0.4004395585      0.7749549453    
  0.4147409713      0.7795712758    
  0.4290423841      0.7841410098    
  0.4433437969      0.7886389496    
  0.4576452097      0.7930540987    
  0.4719466226      0.7973712537    
  0.4862480354      0.8015756675    
  0.5005494482      0.8056531283    
  0.5148508610      0.8095900393    
  0.5291522738      0.8133734985    
  0.5434536866      0.8169913757    
  0.5577550994      0.8204323863    
  0.5720565122      0.8236861594    
  0.5863579250      0.8267432983    
  0.6006593378      0.8295954320    
  0.6149607506      0.8322352566    
  0.6292621634      0.8346565644    
  0.6435635762      0.8368542597    
  0.6578649890      0.8388243624    
  0.6721664018      0.8405639964    
  0.6864678146      0.8420700578    
  0.7007692274      0.8433443449    
  0.7150706402      0.8443858569    
  0.7293720530      0.8451888417    
  0.7436734658      0.8457690392    
  0.7579748786      0.8461328702    
  0.7722762915      0.8462627766    
  0.7865777043      0.8461737072    
  0.8008791171      0.8458703841    
  0.8151805299      0.8453579867    
  0.8294819427      0.8446420693    
  0.8437833555      0.8437284806    
  0.8580847683      0.8426232887    
  0.8723861811      0.8413327112    
  0.8866875939      0.8398630514    
  0.9009890067      0.8382206421    
  0.9152904195      0.8364117954    
  0.9295918323      0.8344427768    
  0.9436765570      0.8342589846    
  0.9577612818      0.8337098165    
  0.9718460065      0.8328018960    
  0.9859307312      0.8315462483    
   1.000015456      0.8299582659    
   1.014100181      0.8280576305    
   1.028184905      0.8258680417    
   1.042269630      0.8234175047    
   1.056354355      0.8207371888    
   1.070439080      0.8178614874    
   1.084523804      0.8148272703    
   1.098608529      0.8116733721    
   1.112693254      0.8084389223    
   1.126777979      0.8051636220    
   1.140862703      0.8018852924    
   1.154947428      0.7986423012    
   1.169032153      0.7954681108    
   1.183116877      0.7923937118    
   1.197201602      0.7894508969    
   1.211286327      0.7866538113    
   1.225371052      0.7840264303    
   1.239455776      0.7815841359    
   1.253540501      0.7793393544    
   1.267625226      0.7772992378    
   1.281709951      0.7754702436    
   1.295794675      0.7738551279    
   1.309879400      0.7724571185    
   1.323964125      0.7712759970    
   1.338048850      0.7703114355    
   1.352133574      0.7695599735    
   1.366218299      0.7690258699    
   1.380303024      0.7687057874    
   1.394387748      0.7685991599    
   1.408081929      0.7733038616    
   1.421776110      0.7780952047    
   1.435470291      0.7829540445    
   1.449164472      0.7878660580    
   1.462858653      0.7928176069    
   1.476552835      0.7978007922    
   1.490247016      0.8028093791    
   1.503941197      0.8078412522    
   1.517635378      0.8128900346    
   1.531329559      0.8179571406    
   1.545023740      0.8230407388    
   1.558717921      0.8281422295    
   1.572412102      0.8332578838    
   1.586106283      0.8383815906    
   1.599800464      0.8435011841    
   1.613494645      0.8485948510    
   1.627188826      0.8536260083    
   1.640883007      0.8585361484    
   1.654577188      0.8632350558    
   1.668271369      0.8675887069    
   1.681965550      0.8714077559    
   1.695659731      0.8744460156    
   1.709353912      0.8764275819    
   1.723048093      0.8771193287    
   1.737337673      0.8796141140    
   1.751627253      0.8820328733    
   1.765916833      0.8843597685    
   1.780206413      0.8865790651    
   1.794495994      0.8886751785    
   1.808785574      0.8897675422    
   1.823075154      0.8797648889    
   1.837364734      0.8700325175    
   1.851654314      0.8605755037    
   1.865943894      0.8514035561    
   1.880233475      0.8425215217    
   1.894523055      0.8339357283    
   1.908812635      0.8256524540    
   1.923102215      0.8176779530    
   1.937391795      0.8100184770    
   1.951681376      0.8026802916    
   1.965970956      0.7956696882    
   1.980260536      0.7889929931    
   1.994550116      0.7826565801    
   2.008839696      0.7766668471    
   2.023129276      0.7710302410    
   2.037418857      0.7657532389    
   2.051708437      0.7608423412    
   2.065998017      0.7563040597    
   2.080287597      0.7521449492    
   2.094577177      0.7483714014    
   2.108866758      0.7449899005    
   2.123156338      0.7420068153    
   2.137445918      0.7428684168    
   2.151735498      0.7466362226    
   2.166025078      0.7497611653    
   2.180314658      0.7522643395    
   2.194604239      0.7541743677    
   2.208893819      0.7555229656    
   2.223183399      0.7563493300    
   2.237472979      0.7566773269    
   2.251762559      0.7565479977    
   2.266052140      0.7559965905    
   2.280341720      0.7550577958    
   2.294631300      0.7537654667    
   2.308920880      0.7521524580    
   2.323210460      0.7502505647    
   2.337500040      0.7488185772    
   2.351789621      0.7528948627    
   2.366079201      0.7574359877    
   2.380368781      0.7624417828    
   2.394658361      0.7679115445    
   2.408947941      0.7738440459    
   2.423237522      0.7802375521    
   2.437527102      0.7870898404    
   2.451816682      0.7943982242    
   2.466106262      0.8021595803    
   2.480395842      0.8103702648    
   2.494685422      0.8190265987    
   2.508975003      0.8281242194    
   2.523264583      0.8376585659    
   2.537554163      0.8476247963    
   2.551843743      0.8580178138    
   2.566133323      0.8688322879    
   2.580422904      0.8800626633    
   2.594712484      0.8917031338    
   2.609002064      0.9037476568    
   2.623291644      0.9161896707    
   2.637581224      0.9290220729    
   2.651870804      0.9422364468    
   2.666160385      0.9558189529    
   2.680449965      0.9697426928    
   2.694739545      0.9839006690    
   2.709029125      0.9954444429    
   2.723152812      0.9866612913    
   2.737276499      0.9753836915    
   2.751400185      0.9642832792    
   2.765523872      0.9534908300    
   2.779647559      0.9430404316    
   2.793771245      0.9329489182    
   2.807894932      0.9232279219    
   2.822018619      0.9138885082    
   2.836142305      0.9049403021    
   2.850265992      0.8963931244    
   2.864389679      0.8882568657    
   2.878513366      0.8805415517    
   2.892637052      0.8732573529    
   2.906760739      0.8664145589    
   2.920884426      0.8600237397    
   2.935008112      0.8540948364    
   2.949131799      0.8486383071    
   2.963255486      0.8436642017    
   2.977379172      0.8391822334    
   2.991502859      0.8352016331    
   3.005626546      0.8317309868    
   3.019750233      0.8287780600    
   3.033873919      0.8263496106    
   3.047997606      0.8244511943    
   3.062121293      0.8230869652    
   3.076244979      0.8222599577    
   3.090368666      0.8219699885    
   3.104492353      0.8222163035    
   3.118616039      0.8229955341    
   3.132739726      0.8243020040    
   3.146863413      0.8261275871    
   3.160987100      0.8284624937    
   3.175110786      0.8312915676    
   3.189234473      0.8345994692    
   3.203358160      0.8383671122    
   3.217481846      0.8425723984    
   3.231605533      0.8471900868    
   3.245729220      0.8521916316    
   3.259852906      0.8575449783    
   3.273976593      0.8632142259    
   3.288100280      0.8691595874    
   3.302223967      0.8753365893    
   3.316347653      0.8816958382    
   3.330471340      0.8881824070    
   3.344595027      0.8939043922    
   3.358718713      0.8910250026    
   3.372842400      0.8880678344    
   3.386966087      0.8850764466    
   3.401089773      0.8821014681    
   3.415213460      0.8792011949    
   3.429337147      0.8764342944    
   3.443460834      0.8738898868    
   3.457584520      0.8716417810    
   3.471708207      0.8697740782    
   3.485831894      0.8683678990    
   3.499955580      0.8674924903    
   3.514079267      0.8671950762    
   3.528310677      0.8672541549    
   3.542542088      0.8674284882    
   3.556773498      0.8677098003    
   3.571004909      0.8680856693    
   3.585236319      0.8685413342    
   3.599467729      0.8690614900    
   3.613699140      0.8696329382    
   3.627930550      0.8702444555    
   3.642161960      0.8708888397    
   3.656393371      0.8715610248    
   3.670624781      0.8722611758    
   3.684856191      0.8729810004    
   3.699087602      0.8737218082    
   3.713319012      0.8744810045    
   3.727550423      0.8752549847    
   3.741781833      0.8760390080    
   3.756013243      0.8768272393    
   3.770244654      0.8776127269    
   3.784476064      0.8783882064    
   3.798707474      0.8791540627    
   3.812938885      0.8798777680    
   3.827170295      0.8805714638    
   3.841401705      0.8812204013    
   3.855633116      0.8818211578    
   3.869864526      0.8823528733    
   3.884095937      0.8828125113    
   3.898327347      0.8831910787    
   3.912558757      0.8834798239    
   3.926790168      0.8836715715    
   3.941021578      0.8837552381    
   3.955252988      0.8837241343    
   3.969484399      0.8835704800    
   3.983715809      0.8832869992    
   3.997947219      0.8828661899    
   4.012178630      0.8823015488    
   4.026410040      0.8815867957    
   4.040641451      0.8807160688    
   4.054872861      0.8796842539    
   4.069104271      0.8784866532    
   4.083335682      0.8771193287    
   4.097029863      0.8764275819    
   4.110724044      0.8744460156    
   4.124418225      0.8714077559    
   4.138112406      0.8675887069    
   4.151806587      0.8632350558    
   4.165500768      0.8585361484    
   4.179194949      0.8536260083    
   4.192889130      0.8485948510    
   4.206583311      0.8435011841    
   4.220277492      0.8383815906    
   4.233971673      0.8332578838    
   4.247665854      0.8281422295    
   4.261360035      0.8230407388    
   4.275054216      0.8179571406    
   4.288748397      0.8128900346    
   4.302442578      0.8078412522    
   4.316136759      0.8028093791    
   4.329830940      0.7978007922    
   4.343525121      0.7928176069    
   4.357219302      0.7878660580    
   4.370913483      0.7829540445    
   4.384607664      0.7780952047    
   4.398301845      0.7733038616    
   4.411996026      0.7685991599    
   4.425981572      0.7751933267    
   4.439967119      0.7815290823    
   4.453952666      0.7876037973    
   4.467938212      0.7934174870    
   4.481923759      0.7989720822    
   4.495909305      0.8042711589    
   4.509894852      0.8093194837    
   4.523880398      0.8141227324    
   4.537865945      0.8186907168    
   4.551851491      0.8230221444    
   4.565837038      0.8271295718    
   4.579822585      0.8310190760    
   4.593808131      0.8346977055    
   4.607793678      0.8381723588    
   4.621779224      0.8414455765    
   4.635764771      0.8445319247    
   4.649750317      0.8474332181    
   4.663735864      0.8501549201    
   4.677721410      0.8527019642    
   4.691706957      0.8550786938    
   4.705692504      0.8572888041    
   4.719678050      0.8593353556    
   4.733663597      0.8612204791    
   4.747649143      0.8629456927    
   4.761634690      0.8645064472    
   4.775620236      0.8659130501    
   4.789605783      0.8671595792    
   4.803591330      0.8682447162    
   4.817576876      0.8691668459    
   4.831562423      0.8699262433    
   4.845547969      0.8705180324    
   4.859533516      0.8709446737    
   4.873519062      0.8712085604    
   4.887504609      0.8713150374    
   4.901490155      0.8712732419    
   4.915475702      0.8710896590    
   4.929461249      0.8707964683    
   4.943446795      0.8704096747    
   4.957432342      0.8699558134    
   4.971417888      0.8694641434    
   4.985403435      0.8689639448    
   4.999388981      0.8684847495    
   5.013374528      0.8680530083    
   5.027360075      0.8676920533    
   5.041345621      0.8674205543    
   5.055331168      0.8672521383    
   5.069316714      0.8671950762    
   5.083548125      0.8672541549    
   5.097779535      0.8674284882    
   5.112010945      0.8677098003    
   5.126242356      0.8680856693    
   5.140473766      0.8685413342    
   5.154705176      0.8690614900    
   5.168936587      0.8696329382    
   5.183167997      0.8702444555    
   5.197399407      0.8708888397    
   5.211630818      0.8715610248    
   5.225862228      0.8722611758    
   5.240093639      0.8729810004    
   5.254325049      0.8737218082    
   5.268556459      0.8744810045    
   5.282787870      0.8752549847    
   5.297019280      0.8760390080    
   5.311250690      0.8768272393    
   5.325482101      0.8776127269    
   5.339713511      0.8783882064    
   5.353944921      0.8791540627    
   5.368176332      0.8798777680    
   5.382407742      0.8805714638    
   5.396639153      0.8812204013    
   5.410870563      0.8818211578    
   5.425101973      0.8823528733    
   5.439333384      0.8828125113    
   5.453564794      0.8831910787    
   5.467796204      0.8834798239    
   5.482027615      0.8836715715    
   5.496259025      0.8837552381    
   5.510490435      0.8837241343    
   5.524721846      0.8835704800    
   5.538953256      0.8832869992    
   5.553184667      0.8828661899    
   5.567416077      0.8823015488    
   5.581647487      0.8815867957    
   5.595878898      0.8807160688    
   5.610110308      0.8796842539    
   5.624341718      0.8784866532    
   5.638573129      0.8771193287    

   0.000000000      0.9954444429    
  0.1430141280E-01  0.9955519221    
  0.2860282561E-01  0.9958742114    
  0.4290423841E-01  0.9964116114    
  0.5720565122E-01  0.9971639868    
  0.7150706402E-01  0.9981313510    
  0.8580847683E-01  0.9993137211    
  0.1001098896       1.000711118    
  0.1144113024       1.002323565    
  0.1287127152       1.004151599    
  0.1430141280       1.006194224    
  0.1573155409       1.008451996    
  0.1716169537       1.010924955    
  0.1859183665       1.013613143    
  0.2002197793       1.016516607    
  0.2145211921       1.019635397    
  0.2288226049       1.022969567    
  0.2431240177       1.026519174    
  0.2574254305       1.030284278    
  0.2717268433       1.034264944    
  0.2860282561       1.038461238    
  0.3003296689       1.042873231    
  0.3146310817       1.047500998    
  0.3289324945       1.052344999    
  0.3432339073       1.057404537    
  0.3575353201       1.062680088    
  0.3718367329       1.068171738    
  0.3861381457       1.073879575    
  0.4004395585       1.079803693    
  0.4147409713       1.085944185    
  0.4290423841       1.092301149    
  0.4433437969       1.098874684    
  0.4576452097       1.105664893    
  0.4719466226       1.112671882    
  0.4862480354       1.119895757    
  0.5005494482       1.127336628    
  0.5148508610       1.134994606    
  0.5291522738       1.142869806    
  0.5434536866       1.150962342    
  0.5577550994       1.159272334    
  0.5720565122       1.167799900    
  0.5863579250       1.176545162    
  0.6006593378       1.185508242    
  0.6149607506       1.194689265    
  0.6292621634       1.204088356    
  0.6435635762       1.213705642    
  0.6578649890       1.223541251    
  0.6721664018       1.233595312    
  0.6864678146       1.243867955    
  0.7007692274       1.252140646    
  0.7150706402       1.247918355    
  0.7293720530       1.243384024    
  0.7436734658       1.238675817    
  0.7579748786       1.233910820    
  0.7722762915       1.229192763    
  0.7865777043       1.224612115    
  0.8008791171       1.220247686    
  0.8151805299       1.216168096    
  0.8294819427       1.212432963    
  0.8437833555       1.209093795    
  0.8580847683       1.206194617    
  0.8723861811       1.203772382    
  0.8866875939       1.201857209    
  0.9009890067       1.200472501    
  0.9152904195       1.199634980    
  0.9295918323       1.199354690    
  0.9436765570       1.198952035    
  0.9577612818       1.197762691    
  0.9718460065       1.195839979    
  0.9859307312       1.193265049    
   1.000015456       1.190137533    
   1.014100181       1.186565868    
   1.028184905       1.182657314    
   1.042269630       1.178518237    
   1.056354355       1.174240392    
   1.070439080       1.169905364    
   1.084523804       1.165582328    
   1.098608529       1.161328379    
   1.112693254       1.157189424    
   1.126777979       1.153201382    
   1.140862703       1.149390173    
   1.154947428       1.145778234    
   1.169032153       1.142377977    
   1.183116877       1.139198087    
   1.197201602       1.136245658    
   1.211286327       1.133517363    
   1.225371052       1.131014902    
   1.239455776       1.128735781    
   1.253540501       1.126676462    
   1.267625226       1.124832318    
   1.281709951       1.123198719    
   1.295794675       1.121769107    
   1.309879400       1.120542237    
   1.323964125       1.119512092    
   1.338048850       1.118674815    
   1.352133574       1.118026292    
   1.366218299       1.117565566    
   1.380303024       1.117289903    
   1.394387748       1.117198145    
   1.408081929       1.111654236    
   1.421776110       1.105761585    
   1.435470291       1.099518960    
   1.449164472       1.092933690    
   1.462858653       1.086012302    
   1.476552835       1.078774915    
   1.490247016       1.071245327    
   1.503941197       1.063453391    
   1.517635378       1.055433935    
   1.531329559       1.047227626    
   1.545023740       1.038876076    
   1.558717921       1.030437198    
   1.572412102       1.021962982    
   1.586106283       1.013515107    
   1.599800464       1.005162667    
   1.613494645      0.9969856880    
   1.627188826      0.9890745788    
   1.640883007      0.9815427327    
   1.654577188      0.9745304807    
   1.668271369      0.9682170325    
   1.681965550      0.9628307402    
   1.695659731      0.9586494754    
   1.709353912      0.9559725307    
   1.723048093      0.9550473792    
   1.737337673      0.9435813141    
   1.751627253      0.9323379371    
   1.765916833      0.9213265529    
   1.780206413      0.9105557549    
   1.794495994      0.9000335638    
   1.808785574      0.8906327331    
   1.823075154      0.8924366356    
   1.837364734      0.8940721606    
   1.851654314      0.8955180787    
   1.865943894      0.8967742181    
   1.880233475      0.8978210910    
   1.894523055      0.8986465986    
   1.908812635      0.8992396516    
   1.923102215      0.8995903337    
   1.937391795      0.8996900713    
   1.951681376      0.8995318093    
   1.965970956      0.8991101888    
   1.980260536      0.8984217271    
   1.994550116      0.8974733177    
   2.008839696      0.8962486825    
   2.023129276      0.8947597698    
   2.037418857      0.8930123503    
   2.051708437      0.8910149222    
   2.065998017      0.8887788646    
   2.080287597      0.8863186031    
   2.094577177      0.8836516619    
   2.108866758      0.8807988983    
   2.123156338      0.8777845301    
   2.137445918      0.8746362268    
   2.151735498      0.8713814905    
   2.166025078      0.8680622310    
   2.180314658      0.8647129299    
   2.194604239      0.8613749580    
   2.208893819      0.8580927657    
   2.223183399      0.8549142596    
   2.237472979      0.8518875078    
   2.251762559      0.8490646352    
   2.266052140      0.8464980553    
   2.280341720      0.8442404452    
   2.294631300      0.8423437977    
   2.308920880      0.8408583717    
   2.323210460      0.8398315770    
   2.337500040      0.8393068457    
   2.351789621      0.8393225507    
   2.366079201      0.8399110403    
   2.380368781      0.8410978533    
   2.394658361      0.8429011695    
   2.408947941      0.8453315282    
   2.423237522      0.8483918231    
   2.437527102      0.8520775531    
   2.451816682      0.8563772855    
   2.466106262      0.8612732691    
   2.480395842      0.8667421271    
   2.494685422      0.8727555712    
   2.508975003      0.8792810405    
   2.523264583      0.8862822836    
   2.537554163      0.8937197852    
   2.551843743      0.9015510562    
   2.566133323      0.9097307766    
   2.580422904      0.9182108003    
   2.594712484      0.9269394370    
   2.609002064      0.9358636597    
   2.623291644      0.9449248433    
   2.637581224      0.9540616176    
   2.651870804      0.9632065673    
   2.666160385      0.9722835735    
   2.680449965      0.9811911617    
   2.694739545      0.9896980484    
   2.709029125      0.9954444429    
   2.723152812      0.9866612913    
   2.737276499      0.9753836915    
   2.751400185      0.9642832792    
   2.765523872      0.9534908300    
   2.779647559      0.9430404316    
   2.793771245      0.9329489182    
   2.807894932      0.9232279219    
   2.822018619      0.9138885082    
   2.836142305      0.9049403021    
   2.850265992      0.8963931244    
   2.864389679      0.8882568657    
   2.878513366      0.8805415517    
   2.892637052      0.8732573529    
   2.906760739      0.8664145589    
   2.920884426      0.8600237397    
   2.935008112      0.8540948364    
   2.949131799      0.8486383071    
   2.963255486      0.8436642017    
   2.977379172      0.8391822334    
   2.991502859      0.8352016331    
   3.005626546      0.8317309868    
   3.019750233      0.8287780600    
   3.033873919      0.8263496106    
   3.047997606      0.8244511943    
   3.062121293      0.8230869652    
   3.076244979      0.8222599577    
   3.090368666      0.8219699885    
   3.104492353      0.8222163035    
   3.118616039      0.8229955341    
   3.132739726      0.8243020040    
   3.146863413      0.8261275871    
   3.160987100      0.8284624937    
   3.175110786      0.8312915676    
   3.189234473      0.8345994692    
   3.203358160      0.8383671122    
   3.217481846      0.8425723984    
   3.231605533      0.8471900868    
   3.245729220      0.8521916316    
   3.259852906      0.8575449783    
   3.273976593      0.8632142259    
   3.288100280      0.8691595874    
   3.302223967      0.8753365893    
   3.316347653      0.8816958382    
   3.330471340      0.8881824070    
   3.344595027      0.8947352236    
   3.358718713      0.9012864409    
   3.372842400      0.9077608612    
   3.386966087      0.9140755247    
   3.401089773      0.9201396306    
   3.415213460      0.9258550181    
   3.429337147      0.9311174893    
   3.443460834      0.9358192740    
   3.457584520      0.9398528764    
   3.471708207      0.9431163676    
   3.485831894      0.9455198542    
   3.499955580      0.9469924320    
   3.514079267      0.9474885351    
   3.528310677      0.9473496388    
   3.542542088      0.9469354025    
   3.556773498      0.9462530929    
   3.571004909      0.9453145289    
   3.585236319      0.9441356724    
   3.599467729      0.9427358835    
   3.613699140      0.9411382068    
   3.627930550      0.9393661702    
   3.642161960      0.9374497139    
   3.656393371      0.9354147788    
   3.670624781      0.9332908425    
   3.684856191      0.9311072994    
   3.699087602      0.9288936451    
   3.713319012      0.9266792447    
   3.727550423      0.9244931760    
   3.741781833      0.9223641350    
   3.756013243      0.9203203937    
   3.770244654      0.9183895883    
   3.784476064      0.9165995788    
   3.798707474      0.9149780863    
   3.812938885      0.9135495006    
   3.827170295      0.9123404912    
   3.841401705      0.9113808106    
   3.855633116      0.9106943776    
   3.869864526      0.9103064439    
   3.884095937      0.9102433409    
   3.898327347      0.9105296694    
   3.912558757      0.9111898579    
   3.926790168      0.9122489169    
   3.941021578      0.9137265590    
   3.955252988      0.9156454277    
   3.969484399      0.9180249250    
   3.983715809      0.9208822679    
   3.997947219      0.9242320450    
   4.012178630      0.9280857622    
   4.026410040      0.9324513974    
   4.040641451      0.9373329851    
   4.054872861      0.9427302482    
   4.069104271      0.9486382937    
   4.083335682      0.9550473792    
   4.097029863      0.9559725307    
   4.110724044      0.9586494754    
   4.124418225      0.9628307402    
   4.138112406      0.9682170325    
   4.151806587      0.9745304807    
   4.165500768      0.9815427327    
   4.179194949      0.9890745788    
   4.192889130      0.9969856880    
   4.206583311       1.005162667    
   4.220277492       1.013515107    
   4.233971673       1.021962982    
   4.247665854       1.030437198    
   4.261360035       1.038876076    
   4.275054216       1.047227626    
   4.288748397       1.055433935    
   4.302442578       1.063453391    
   4.316136759       1.071245327    
   4.329830940       1.078774915    
   4.343525121       1.086012302    
   4.357219302       1.092933690    
   4.370913483       1.099518960    
   4.384607664       1.105761585    
   4.398301845       1.111654236    
   4.411996026       1.117198145    
   4.425981572       1.109318699    
   4.439967119       1.101253754    
   4.453952666       1.093081623    
   4.467938212       1.084873014    
   4.481923759       1.076684049    
   4.495909305       1.068568495    
   4.509894852       1.060570503    
   4.523880398       1.052727296    
   4.537865945       1.045071562    
   4.551851491       1.037623675    
   4.565837038       1.030408719    
   4.579822585       1.023441091    
   4.593808131       1.016732969    
   4.607793678       1.010293336    
   4.621779224       1.004123519    
   4.635764771      0.9982374767    
   4.649750317      0.9926329719    
   4.663735864      0.9873113034    
   4.677721410      0.9822729258    
   4.691706957      0.9775177933    
   4.705692504      0.9730456604    
   4.719678050      0.9688583395    
   4.733663597      0.9649524059    
   4.747649143      0.9613294189    
   4.761634690      0.9579878627    
   4.775620236      0.9549356914    
   4.789605783      0.9521722852    
   4.803591330      0.9497007185    
   4.817576876      0.9475245499    
   4.831562423      0.9456475588    
   4.845547969      0.9440733311    
   4.859533516      0.9428046479    
   4.873519062      0.9418426500    
   4.887504609      0.9411857449    
   4.901490155      0.9408282536    
   4.915475702      0.9407588411    
   4.929461249      0.9409588398    
   4.943446795      0.9414006654    
   4.957432342      0.9420465253    
   4.971417888      0.9428501618    
   4.985403435      0.9437492578    
   4.999388981      0.9446800847    
   5.013374528      0.9455719223    
   5.027360075      0.9463551067    
   5.041345621      0.9469664087    
   5.055331168      0.9473551606    
   5.069316714      0.9474885351    
   5.083548125      0.9473496388    
   5.097779535      0.9469354025    
   5.112010945      0.9462530929    
   5.126242356      0.9453145289    
   5.140473766      0.9441356724    
   5.154705176      0.9427358835    
   5.168936587      0.9411382068    
   5.183167997      0.9393661702    
   5.197399407      0.9374497139    
   5.211630818      0.9354147788    
   5.225862228      0.9332908425    
   5.240093639      0.9311072994    
   5.254325049      0.9288936451    
   5.268556459      0.9266792447    
   5.282787870      0.9244931760    
   5.297019280      0.9223641350    
   5.311250690      0.9203203937    
   5.325482101      0.9183895883    
   5.339713511      0.9165995788    
   5.353944921      0.9149780863    
   5.368176332      0.9135495006    
   5.382407742      0.9123404912    
   5.396639153      0.9113808106    
   5.410870563      0.9106943776    
   5.425101973      0.9103064439    
   5.439333384      0.9102433409    
   5.453564794      0.9105296694    
   5.467796204      0.9111898579    
   5.482027615      0.9122489169    
   5.496259025      0.9137265590    
   5.510490435      0.9156454277    
   5.524721846      0.9180249250    
   5.538953256      0.9208822679    
   5.553184667      0.9242320450    
   5.567416077      0.9280857622    
   5.581647487      0.9324513974    
   5.595878898      0.9373329851    
   5.610110308      0.9427302482    
   5.624341718      0.9486382937    
   5.638573129      0.9550473792    

   0.000000000       1.002694810    
  0.1430141280E-01   1.002886567    
  0.2860282561E-01   1.003461604    
  0.4290423841E-01   1.004419983    
  0.5720565122E-01   1.005760895    
  0.7150706402E-01   1.007484310    
  0.8580847683E-01   1.009589522    
  0.1001098896       1.012074992    
  0.1144113024       1.014939845    
  0.1287127152       1.018183540    
  0.1430141280       1.021802664    
  0.1573155409       1.025796078    
  0.1716169537       1.030161435    
  0.1859183665       1.034895987    
  0.2002197793       1.039996528    
  0.2145211921       1.045459327    
  0.2288226049       1.051280047    
  0.2431240177       1.057453657    
  0.2574254305       1.063974314    
  0.2717268433       1.070835240    
  0.2860282561       1.078028561    
  0.3003296689       1.085545114    
  0.3146310817       1.093374227    
  0.3289324945       1.101505105    
  0.3432339073       1.109919847    
  0.3575353201       1.118602944    
  0.3718367329       1.127534157    
  0.3861381457       1.136689559    
  0.4004395585       1.146040729    
  0.4147409713       1.155553777    
  0.4290423841       1.165189197    
  0.4433437969       1.174896243    
  0.4576452097       1.184617472    
  0.4719466226       1.194282578    
  0.4862480354       1.203807262    
  0.5005494482       1.213091084    
  0.5148508610       1.222015769    
  0.5291522738       1.230444684    
  0.5434536866       1.238224633    
  0.5577550994       1.245191350    
  0.5720565122       1.251179971    
  0.5863579250       1.256040735    
  0.6006593378       1.259658070    
  0.6149607506       1.261968631    
  0.6292621634       1.262972610    
  0.6435635762       1.262734139    
  0.6578649890       1.261370797    
  0.6721664018       1.259036282    
  0.6864678146       1.255901557    
  0.7007692274       1.252140839    
  0.7150706402       1.247918553    
  0.7293720530       1.243384225    
  0.7436734658       1.238676024    
  0.7579748786       1.233911033    
  0.7722762915       1.229192982    
  0.7865777043       1.224612341    
  0.8008791171       1.220247918    
  0.8151805299       1.216168333    
  0.8294819427       1.212433206    
  0.8437833555       1.209094043    
  0.8580847683       1.206194869    
  0.8723861811       1.203772637    
  0.8866875939       1.201857467    
  0.9009890067       1.200472761    
  0.9152904195       1.199635241    
  0.9295918323       1.199354951    
  0.9436765570       1.198952297    
  0.9577612818       1.197762954    
  0.9718460065       1.195840244    
  0.9859307312       1.193265317    
   1.000015456       1.190137803    
   1.014100181       1.186566142    
   1.028184905       1.182657590    
   1.042269630       1.178518517    
   1.056354355       1.174240675    
   1.070439080       1.169905650    
   1.084523804       1.165582617    
   1.098608529       1.161328669    
   1.112693254       1.157189715    
   1.126777979       1.153201674    
   1.140862703       1.149390465    
   1.154947428       1.145778525    
   1.169032153       1.142378267    
   1.183116877       1.139198375    
   1.197201602       1.136245944    
   1.211286327       1.133517647    
   1.225371052       1.131015183    
   1.239455776       1.128736059    
   1.253540501       1.126676737    
   1.267625226       1.124832590    
   1.281709951       1.123198988    
   1.295794675       1.121769374    
   1.309879400       1.120542502    
   1.323964125       1.119512355    
   1.338048850       1.118675076    
   1.352133574       1.118026553    
   1.366218299       1.117565826    
   1.380303024       1.117290162    
   1.394387748       1.117198404    
   1.408081929       1.122693879    
   1.421776110       1.128425540    
   1.435470291       1.134375051    
   1.449164472       1.140523277    
   1.462858653       1.146849660    
   1.476552835       1.153332477    
   1.490247016       1.159948086    
   1.503941197       1.166671216    
   1.517635378       1.173471073    
   1.531329559       1.180317347    
   1.545023740       1.187170558    
   1.558717921       1.193993099    
   1.572412102       1.200734702    
   1.586106283       1.207339775    
   1.599800464       1.213744177    
   1.613494645       1.219874268    
   1.627188826       1.225646108    
   1.640883007       1.230965888    
   1.654577188       1.235731168    
   1.668271369       1.239834201    
   1.681965550       1.243167542    
   1.695659731       1.245632078    
   1.709353912       1.247146675    
   1.723048093       1.247657788    
   1.737337673       1.246262655    
   1.751627253       1.244525327    
   1.765916833       1.242495379    
   1.780206413       1.240224558    
   1.794495994       1.237765585    
   1.808785574       1.235171184    
   1.823075154       1.232493501    
   1.837364734       1.229782857    
   1.851654314       1.227087150    
   1.865943894       1.224455712    
   1.880233475       1.221931570    
   1.894523055       1.219556657    
   1.908812635       1.217368482    
   1.923102215       1.215402020    
   1.937391795       1.213687317    
   1.951681376       1.212248985    
   1.965970956       1.211105039    
   1.980260536       1.210265453    
   1.994550116       1.209730522    
   2.008839696       1.209488646    
   2.023129276       1.209514701    
   2.037418857       1.209767573    
   2.051708437       1.210188361    
   2.065998017       1.210699030    
   2.080287597       1.211202843    
   2.094577177       1.211582728    
   2.108866758       1.211708940    
   2.123156338       1.211442620    
   2.137445918       1.210645437    
   2.151735498       1.209189145    
   2.166025078       1.206973682    
   2.180314658       1.203928202    
   2.194604239       1.200023297    
   2.208893819       1.195270565    
   2.223183399       1.189719824    
   2.237472979       1.183445235    
   2.251762559       1.176544456    
   2.266052140       1.169123454    
   2.280341720       1.161290295    
   2.294631300       1.153149609    
   2.308920880       1.144799086    
   2.323210460       1.136327618    
   2.337500040       1.127814613    
   2.351789621       1.119330519    
   2.366079201       1.110935429    
   2.380368781       1.102682792    
   2.394658361       1.094618093    
   2.408947941       1.086779355    
   2.423237522       1.079201263    
   2.437527102       1.071910725    
   2.451816682       1.064930910    
   2.466106262       1.058280938    
   2.480395842       1.051975917    
   2.494685422       1.046029158    
   2.508975003       1.040450006    
   2.523264583       1.035245888    
   2.537554163       1.030422256    
   2.551843743       1.025982901    
   2.566133323       1.021930248    
   2.580422904       1.018265627    
   2.594712484       1.014988982    
   2.609002064       1.012101221    
   2.623291644       1.009601148    
   2.637581224       1.007488080    
   2.651870804       1.005760894    
   2.666160385       1.004418781    
   2.680449965       1.003460806    
   2.694739545       1.002886475    
   2.709029125       1.002694810    
   2.723152812       1.002291214    
   2.737276499       1.001091403    
   2.751400185      0.9991483088    
   2.765523872      0.9965293376    
   2.779647559      0.9933220970    
   2.793771245      0.9896244938    
   2.807894932      0.9855342350    
   2.822018619      0.9811490478    
   2.836142305      0.9765602701    
   2.850265992      0.9718515920    
   2.864389679      0.9670985021    
   2.878513366      0.9623683302    
   2.892637052      0.9577206590    
   2.906760739      0.9532078612    
   2.920884426      0.9488757162    
   2.935008112      0.9447633080    
   2.949131799      0.9409039619    
   2.963255486      0.9373247205    
   2.977379172      0.9340462946    
   2.991502859      0.9310827437    
   3.005626546      0.9284410873    
   3.019750233      0.9261209334    
   3.033873919      0.9241142224    
   3.047997606      0.9224051803    
   3.062121293      0.9209705609    
   3.076244979      0.9197833587    
   3.090368666      0.9188013025    
   3.104492353      0.9179864720    
   3.118616039      0.9172946025    
   3.132739726      0.9166796236    
   3.146863413      0.9160952238    
   3.160987100      0.9154920121    
   3.175110786      0.9148357269    
   3.189234473      0.9140837356    
   3.203358160      0.9132019465    
   3.217481846      0.9121616091    
   3.231605533      0.9109397905    
   3.245729220      0.9095196595    
   3.259852906      0.9078906086    
   3.273976593      0.9060473385    
   3.288100280      0.9039934267    
   3.302223967      0.9017357028    
   3.316347653      0.8992877624    
   3.330471340      0.8966689598    
   3.344595027      0.8947352236    
   3.358718713      0.9012864409    
   3.372842400      0.9077608612    
   3.386966087      0.9140755247    
   3.401089773      0.9201396306    
   3.415213460      0.9258550181    
   3.429337147      0.9311174893    
   3.443460834      0.9358192740    
   3.457584520      0.9398528764    
   3.471708207      0.9431163676    
   3.485831894      0.9455198542    
   3.499955580      0.9469924320    
   3.514079267      0.9474885351    
   3.528310677      0.9476428755    
   3.542542088      0.9481199375    
   3.556773498      0.9489597935    
   3.571004909      0.9502227995    
   3.585236319      0.9519812717    
   3.599467729      0.9543083634    
   3.613699140      0.9572767417    
   3.627930550      0.9609396245    
   3.642161960      0.9653406957    
   3.656393371      0.9705007195    
   3.670624781      0.9764266749    
   3.684856191      0.9831112277    
   3.699087602      0.9905358386    
   3.713319012      0.9986732374    
   3.727550423       1.007489524    
   3.741781833       1.016945689    
   3.756013243       1.026998587    
   3.770244654       1.037601229    
   3.784476064       1.048703852    
   3.798707474       1.060252622    
   3.812938885       1.072188206    
   3.827170295       1.084449119    
   3.841401705       1.096966503    
   3.855633116       1.109667127    
   3.869864526       1.122463028    
   3.884095937       1.135264106    
   3.898327347       1.147966980    
   3.912558757       1.160456709    
   3.926790168       1.172606768    
   3.941021578       1.184277904    
   3.955252988       1.195323206    
   3.969484399       1.205591298    
   3.983715809       1.214936032    
   3.997947219       1.223220732    
   4.012178630       1.230339804    
   4.026410040       1.236224020    
   4.040641451       1.240850166    
   4.054872861       1.244244659    
   4.069104271       1.246478235    
   4.083335682       1.247657788    
   4.097029863       1.247146675    
   4.110724044       1.245632078    
   4.124418225       1.243167542    
   4.138112406       1.239834201    
   4.151806587       1.235731168    
   4.165500768       1.230965888    
   4.179194949       1.225646108    
   4.192889130       1.219874268    
   4.206583311       1.213744177    
   4.220277492       1.207339775    
   4.233971673       1.200734702    
   4.247665854       1.193993099    
   4.261360035       1.187170558    
   4.275054216       1.180317347    
   4.288748397       1.173471073    
   4.302442578       1.166671216    
   4.316136759       1.159948086    
   4.329830940       1.153332477    
   4.343525121       1.146849660    
   4.357219302       1.140523277    
   4.370913483       1.134375051    
   4.384607664       1.128425540    
   4.398301845       1.122693879    
   4.411996026       1.117198404    
   4.425981572       1.124804165    
   4.439967119       1.132037983    
   4.453952666       1.138791838    
   4.467938212       1.144949016    
   4.481923759       1.150385809    
   4.495909305       1.154975494    
   4.509894852       1.158593099    
   4.523880398       1.161122379    
   4.537865945       1.162464680    
   4.551851491       1.162542757    
   4.565837038       1.161321522    
   4.579822585       1.158796836    
   4.593808131       1.155006367    
   4.607793678       1.150024332    
   4.621779224       1.143954180    
   4.635764771       1.136922959    
   4.649750317       1.129067725    
   4.663735864       1.120530616    
   4.677721410       1.111451812    
   4.691706957       1.101965255    
   4.705692504       1.092196146    
   4.719678050       1.082259836    
   4.733663597       1.072261659    
   4.747649143       1.062297275    
   4.761634690       1.052453181    
   4.775620236       1.042808545    
   4.789605783       1.033434313    
   4.803591330       1.024394730    
   4.817576876       1.015747411    
   4.831562423       1.007543687    
   4.845547969      0.9998271539    
   4.859533516      0.9926349699    
   4.873519062      0.9859960529    
   4.887504609      0.9799305768    
   4.901490155      0.9744492599    
   4.915475702      0.9695528752    
   4.929461249      0.9652323997    
   4.943446795      0.9614694199    
   4.957432342      0.9582372121    
   4.971417888      0.9555060614    
   4.985403435      0.9532357659    
   4.999388981      0.9513942524    
   5.013374528      0.9499412983    
   5.027360075      0.9488472221    
   5.041345621      0.9480856221    
   5.055331168      0.9476367801    
   5.069316714      0.9474885351    
   5.083548125      0.9476428755    
   5.097779535      0.9481199375    
   5.112010945      0.9489597935    
   5.126242356      0.9502227995    
   5.140473766      0.9519812717    
   5.154705176      0.9543083634    
   5.168936587      0.9572767417    
   5.183167997      0.9609396245    
   5.197399407      0.9653406957    
   5.211630818      0.9705007195    
   5.225862228      0.9764266749    
   5.240093639      0.9831112277    
   5.254325049      0.9905358386    
   5.268556459      0.9986732374    
   5.282787870       1.007489524    
   5.297019280       1.016945689    
   5.311250690       1.026998587    
   5.325482101       1.037601229    
   5.339713511       1.048703852    
   5.353944921       1.060252622    
   5.368176332       1.072188206    
   5.382407742       1.084449119    
   5.396639153       1.096966503    
   5.410870563       1.109667127    
   5.425101973       1.122463028    
   5.439333384       1.135264106    
   5.453564794       1.147966980    
   5.467796204       1.160456709    
   5.482027615       1.172606768    
   5.496259025       1.184277904    
   5.510490435       1.195323206    
   5.524721846       1.205591298    
   5.538953256       1.214936032    
   5.553184667       1.223220732    
   5.567416077       1.230339804    
   5.581647487       1.236224020    
   5.595878898       1.240850166    
   5.610110308       1.244244659    
   5.624341718       1.246478235    
   5.638573129       1.247657788    

   0.000000000       1.002694810    
  0.1430141280E-01   1.002886979    
  0.2860282561E-01   1.003462015    
  0.4290423841E-01   1.004420394    
  0.5720565122E-01   1.005761304    
  0.7150706402E-01   1.007484718    
  0.8580847683E-01   1.009589929    
  0.1001098896       1.012075398    
  0.1144113024       1.014940250    
  0.1287127152       1.018183946    
  0.1430141280       1.021803068    
  0.1573155409       1.025796480    
  0.1716169537       1.030161836    
  0.1859183665       1.034896386    
  0.2002197793       1.039996925    
  0.2145211921       1.045459722    
  0.2288226049       1.051280440    
  0.2431240177       1.057454047    
  0.2574254305       1.063974701    
  0.2717268433       1.070835625    
  0.2860282561       1.078028942    
  0.3003296689       1.085545492    
  0.3146310817       1.093374601    
  0.3289324945       1.101505482    
  0.3432339073       1.109920220    
  0.3575353201       1.118603313    
  0.3718367329       1.127534521    
  0.3861381457       1.136689919    
  0.4004395585       1.146041084    
  0.4147409713       1.155554125    
  0.4290423841       1.165189540    
  0.4433437969       1.174896580    
  0.4576452097       1.184617801    
  0.4719466226       1.194282899    
  0.4862480354       1.203807573    
  0.5005494482       1.213091386    
  0.5148508610       1.222016060    
  0.5291522738       1.230444963    
  0.5434536866       1.238224900    
  0.5577550994       1.245191605    
  0.5720565122       1.251180212    
  0.5863579250       1.256040964    
  0.6006593378       1.259658286    
  0.6149607506       1.261968838    
  0.6292621634       1.262972809    
  0.6435635762       1.262734332    
  0.6578649890       1.261370987    
  0.6721664018       1.259036471    
  0.6864678146       1.255901747    
  0.7007692274       1.254359311    
  0.7150706402       1.265069510    
  0.7293720530       1.275998686    
  0.7436734658       1.287146969    
  0.7579748786       1.298514494    
  0.7722762915       1.310101391    
  0.7865777043       1.321907794    
  0.8008791171       1.333933836    
  0.8151805299       1.346179648    
  0.8294819427       1.358645363    
  0.8437833555       1.371331112    
  0.8580847683       1.384237024    
  0.8723861811       1.397363230    
  0.8866875939       1.410709859    
  0.9009890067       1.424277037    
  0.9152904195       1.438064891    
  0.9295918323       1.452073475    
  0.9436765570       1.452769611    
  0.9577612818       1.454837329    
  0.9718460065       1.458217077    
  0.9859307312       1.462817261    
   1.000015456       1.468523504    
   1.014100181       1.475208223    
   1.028184905       1.482738864    
   1.042269630       1.490984105    
   1.056354355       1.499817695    
   1.070439080       1.509120493    
   1.084523804       1.518781065    
   1.098608529       1.528696454    
   1.112693254       1.538766713    
   1.126777979       1.548900033    
   1.140862703       1.559005868    
   1.154947428       1.568995941    
   1.169032153       1.578776996    
   1.183116877       1.588247509    
   1.197201602       1.597289324    
   1.211286327       1.605744966    
   1.225371052       1.613399714    
   1.239455776       1.619939274    
   1.253540501       1.624951237    
   1.267625226       1.628087677    
   1.281709951       1.629413887    
   1.295794675       1.629448514    
   1.309879400       1.628787325    
   1.323964125       1.627853122    
   1.338048850       1.626896031    
   1.352133574       1.626055244    
   1.366218299       1.625413850    
   1.380303024       1.625014205    
   1.394387748       1.624878703    
   1.408081929       1.616663836    
   1.421776110       1.608941824    
   1.435470291       1.601792358    
   1.449164472       1.595259037    
   1.462858653       1.589361881    
   1.476552835       1.584106370    
   1.490247016       1.579485013    
   1.503941197       1.575480529    
   1.517635378       1.572065491    
   1.531329559       1.569207080    
   1.545023740       1.566865219    
   1.558717921       1.560681952    
   1.572412102       1.550241953    
   1.586106283       1.540219902    
   1.599800464       1.530693777    
   1.613494645       1.521748211    
   1.627188826       1.513475629    
   1.640883007       1.505976805    
   1.654577188       1.499359632    
   1.668271369       1.493732615    
   1.681965550       1.489213323    
   1.695659731       1.485900006    
   1.709353912       1.483875483    
   1.723048093       1.483194285    
   1.737337673       1.486205568    
   1.751627253       1.489361563    
   1.765916833       1.492660616    
   1.780206413       1.496100763    
   1.794495994       1.499679738    
   1.808785574       1.501359330    
   1.823075154       1.491938548    
   1.837364734       1.482632696    
   1.851654314       1.473419527    
   1.865943894       1.464273864    
   1.880233475       1.455166997    
   1.894523055       1.446068286    
   1.908812635       1.436945764    
   1.923102215       1.427767292    
   1.937391795       1.418502011    
   1.951681376       1.409121987    
   1.965970956       1.399603951    
   1.980260536       1.389930942    
   1.994550116       1.380093858    
   2.008839696       1.370091506    
   2.023129276       1.359932073    
   2.037418857       1.349631980    
   2.051708437       1.339215130    
   2.065998017       1.328711532    
   2.080287597       1.318155702    
   2.094577177       1.307584826    
   2.108866758       1.297037369    
   2.123156338       1.286551479    
   2.137445918       1.276163858    
   2.151735498       1.265908748    
   2.166025078       1.255817684    
   2.180314658       1.245918416    
   2.194604239       1.236235106    
   2.208893819       1.226788121    
   2.223183399       1.217594066    
   2.237472979       1.208665858    
   2.251762559       1.200012957    
   2.266052140       1.191641542    
   2.280341720       1.183554758    
   2.294631300       1.175752961    
   2.308920880       1.168233961    
   2.323210460       1.160993250    
   2.337500040       1.154024196    
   2.351789621       1.147318219    
   2.366079201       1.140864911    
   2.380368781       1.134652126    
   2.394658361       1.128666009    
   2.408947941       1.122890976    
   2.423237522       1.117309641    
   2.437527102       1.111902673    
   2.451816682       1.106648613    
   2.466106262       1.101523626    
   2.480395842       1.096500827    
   2.494685422       1.091551501    
   2.508975003       1.086642536    
   2.523264583       1.081737673    
   2.537554163       1.076797019    
   2.551843743       1.071777173    
   2.566133323       1.066631698    
   2.580422904       1.061312104    
   2.594712484       1.055769251    
   2.609002064       1.049956563    
   2.623291644       1.043831408    
   2.637581224       1.037361586    
   2.651870804       1.030526696    
   2.666160385       1.023328762    
   2.680449965       1.015808036    
   2.694739545       1.008155213    
   2.709029125       1.002694810    
   2.723152812       1.011810268    
   2.737276499       1.024080675    
   2.751400185       1.036844100    
   2.765523872       1.049966956    
   2.779647559       1.063417306    
   2.793771245       1.077181387    
   2.807894932       1.091250187    
   2.822018619       1.105616891    
   2.836142305       1.120276300    
   2.850265992       1.135223514    
   2.864389679       1.150454022    
   2.878513366       1.165963587    
   2.892637052       1.181748172    
   2.906760739       1.197803896    
   2.920884426       1.214127701    
   2.935008112       1.230714491    
   2.949131799       1.247561334    
   2.963255486       1.264664621    
   2.977379172       1.282020742    
   2.991502859       1.299626047    
   3.005626546       1.317476809    
   3.019750233       1.335569180    
   3.033873919       1.353899132    
   3.047997606       1.372462368    
   3.062121293       1.391254198    
   3.076244979       1.410269328    
   3.090368666       1.429501445    
   3.104492353       1.448942401    
   3.118616039       1.468580110    
   3.132739726       1.488392227    
   3.146863413       1.508319858    
   3.160987100       1.528070222    
   3.175110786       1.540578166    
   3.189234473       1.529451344    
   3.203358160       1.515902534    
   3.217481846       1.502028928    
   3.231605533       1.488027947    
   3.245729220       1.473983964    
   3.259852906       1.459960374    
   3.273976593       1.446014850    
   3.288100280       1.432206366    
   3.302223967       1.418593516    
   3.316347653       1.405238124    
   3.330471340       1.392205624    
   3.344595027       1.379565956    
   3.358718713       1.367394428    
   3.372842400       1.355772480    
   3.386966087       1.344788264    
   3.401089773       1.334536867    
   3.415213460       1.325119963    
   3.429337147       1.316644481    
   3.443460834       1.309220681    
   3.457584520       1.302957758    
   3.471708207       1.297959021    
   3.485831894       1.294315382    
   3.499955580       1.292098441    
   3.514079267       1.291354173    
   3.528310677       1.291660320    
   3.542542088       1.292576140    
   3.556773498       1.294093846    
   3.571004909       1.296200751    
   3.585236319       1.298879661    
   3.599467729       1.302109410    
   3.613699140       1.305865320    
   3.627930550       1.310119750    
   3.642161960       1.314843272    
   3.656393371       1.320004208    
   3.670624781       1.325569691    
   3.684856191       1.331505866    
   3.699087602       1.337778145    
   3.713319012       1.344351376    
   3.727550423       1.351189925    
   3.741781833       1.358257692    
   3.756013243       1.365518052    
   3.770244654       1.372933571    
   3.784476064       1.380466593    
   3.798707474       1.388079116    
   3.812938885       1.395728421    
   3.827170295       1.403370742    
   3.841401705       1.410971045    
   3.855633116       1.418481828    
   3.869864526       1.425854352    
   3.884095937       1.433041412    
   3.898327347       1.439992388    
   3.912558757       1.446654612    
   3.926790168       1.452973738    
   3.941021578       1.458892269    
   3.955252988       1.464352163    
   3.969484399       1.469293612    
   3.983715809       1.473655963    
   3.997947219       1.477378447    
   4.012178630       1.480401200    
   4.026410040       1.482666619    
   4.040641451       1.484121140    
   4.054872861       1.484717477    
   4.069104271       1.484417310    
   4.083335682       1.483194285    
   4.097029863       1.483875483    
   4.110724044       1.485900006    
   4.124418225       1.489213323    
   4.138112406       1.493732615    
   4.151806587       1.499359632    
   4.165500768       1.505976805    
   4.179194949       1.513475629    
   4.192889130       1.521748211    
   4.206583311       1.530693777    
   4.220277492       1.540219902    
   4.233971673       1.550241953    
   4.247665854       1.560681952    
   4.261360035       1.566865219    
   4.275054216       1.569207080    
   4.288748397       1.572065491    
   4.302442578       1.575480529    
   4.316136759       1.579485013    
   4.329830940       1.584106370    
   4.343525121       1.589361881    
   4.357219302       1.595259037    
   4.370913483       1.601792358    
   4.384607664       1.608941824    
   4.398301845       1.616663836    
   4.411996026       1.624878703    
   4.425981572       1.612700623    
   4.439967119       1.600580229    
   4.453952666       1.588664933    
   4.467938212       1.577109005    
   4.481923759       1.566066133    
   4.495909305       1.555681759    
   4.509894852       1.546082611    
   4.523880398       1.537364365    
   4.537865945       1.529575918    
   4.551851491       1.522699636    
   4.565837038       1.516631467    
   4.579822585       1.511158289    
   4.593808131       1.505956004    
   4.607793678       1.500626559    
   4.621779224       1.494794839    
   4.635764771       1.488233726    
   4.649750317       1.480908011    
   4.663735864       1.472926015    
   4.677721410       1.464449636    
   4.691706957       1.455635012    
   4.705692504       1.446610910    
   4.719678050       1.437477677    
   4.733663597       1.428312906    
   4.747649143       1.419177551    
   4.761634690       1.410118983    
   4.775620236       1.401183238    
   4.789605783       1.392404350    
   4.803591330       1.383814958    
   4.817576876       1.375445263    
   4.831562423       1.367323276    
   4.845547969       1.359477525    
   4.859533516       1.351934290    
   4.873519062       1.344719803    
   4.887504609       1.337859887    
   4.901490155       1.331379979    
   4.915475702       1.325305014    
   4.929461249       1.319659567    
   4.943446795       1.314467304    
   4.957432342       1.309750975    
   4.971417888       1.305532892    
   4.985403435       1.301831652    
   4.999388981       1.298666425    
   5.013374528       1.296053256    
   5.027360075       1.294005931    
   5.041345621       1.292535464    
   5.055331168       1.291649908    
   5.069316714       1.291354173    
   5.083548125       1.291660320    
   5.097779535       1.292576140    
   5.112010945       1.294093846    
   5.126242356       1.296200751    
   5.140473766       1.298879661    
   5.154705176       1.302109410    
   5.168936587       1.305865320    
   5.183167997       1.310119750    
   5.197399407       1.314843272    
   5.211630818       1.320004208    
   5.225862228       1.325569691    
   5.240093639       1.331505866    
   5.254325049       1.337778145    
   5.268556459       1.344351376    
   5.282787870       1.351189925    
   5.297019280       1.358257692    
   5.311250690       1.365518052    
   5.325482101       1.372933571    
   5.339713511       1.380466593    
   5.353944921       1.388079116    
   5.368176332       1.395728421    
   5.382407742       1.403370742    
   5.396639153       1.410971045    
   5.410870563       1.418481828    
   5.425101973       1.425854352    
   5.439333384       1.433041412    
   5.453564794       1.439992388    
   5.467796204       1.446654612    
   5.482027615       1.452973738    
   5.496259025       1.458892269    
   5.510490435       1.464352163    
   5.524721846       1.469293612    
   5.538953256       1.473655963    
   5.553184667       1.477378447    
   5.567416077       1.480401200    
   5.581647487       1.482666619    
   5.595878898       1.484121140    
   5.610110308       1.484717477    
   5.624341718       1.484417310    
   5.638573129       1.483194285    

