# Distance Energies (eV)
0.00000000 -21.39890000
0.00714250 -21.39800000
0.01428499 -21.39510000
0.02142749 -21.39040000
0.02856997 -21.38390000
0.03571247 -21.37540000
0.04285496 -21.36510000
0.04999746 -21.35290000
0.05713994 -21.33890000
0.06428244 -21.32290000
0.07142493 -21.30520000
0.07856743 -21.28550000
0.08570991 -21.26390000
0.09285241 -21.24050000
0.09999490 -21.21510000
0.10713740 -21.18790000
0.11427988 -21.15890000
0.12142238 -21.12800000
0.12856487 -21.09520000
0.13570737 -21.06050000
0.14284985 -21.02400000
0.14999235 -20.98560000
0.15713484 -20.94540000
0.16427734 -20.90330000
0.17141982 -20.85940000
0.17856232 -20.81360000
0.18570481 -20.76600000
0.19284731 -20.71650000
0.19998979 -20.66520000
0.20713229 -20.61200000
0.21427478 -20.55710000
0.22141728 -20.50020000
0.22855977 -20.44160000
0.23570227 -20.38110000
0.24284475 -20.31880000
0.24998725 -20.25470000
0.25712974 -20.18870000
0.26427224 -20.12100000
0.27141472 -20.05140000
0.27855722 -19.98010000
0.28569971 -19.90690000
0.29284221 -19.83200000
0.29998469 -19.75520000
0.30712719 -19.67670000
0.31426968 -19.59640000
0.32141218 -19.51440000
0.32855466 -19.43050000
0.33569716 -19.34490000
0.34283965 -19.25760000
0.34998215 -19.16850000
0.35712463 -19.07770000
0.36426713 -18.98510000
0.37140962 -18.89080000
0.37855212 -18.79480000
0.38569460 -18.69710000
0.39283710 -18.59760000
0.39997959 -18.49650000
0.40712209 -18.39370000
0.41426457 -18.28920000
0.42140707 -18.18310000
0.42854956 -18.07530000
0.43569206 -17.96580000
0.44283455 -17.85470000
0.44997705 -17.74200000
0.45711953 -17.62770000
0.46426203 -17.51180000
0.47140452 -17.39420000
0.47854702 -17.27500000
0.48568950 -17.15430000
0.49283200 -17.03210000
0.49997449 -16.90820000
0.50711699 -16.78290000
0.51425947 -16.65600000
0.52140197 -16.52760000
0.52854446 -16.39780000
0.53568696 -16.26640000
0.54282944 -16.13380000
0.54997194 -15.99950000
0.55711443 -15.86390000
0.56425693 -15.72680000
0.57139941 -15.58830000
0.57854191 -15.44850000
0.58568440 -15.30730000
0.59282690 -15.16480000
0.59996938 -15.02100000
0.60711188 -14.87590000
0.61425437 -14.72950000
0.62139687 -14.58190000
0.62853935 -14.43300000
0.63568185 -14.28300000
0.64282434 -14.13170000
0.64996684 -13.97940000
0.65710933 -13.82590000
0.66425183 -13.67130000
0.67139431 -13.51580000
0.67853681 -13.35910000
0.68567930 -13.20130000
0.69282180 -13.04260000
0.69996428 -12.88300000
0.70710678 -12.72240000
0.70710678 -12.72240000
0.71067802 -12.72230000
0.71424928 -12.72180000
0.71782052 -12.72110000
0.72139177 -12.72000000
0.72496301 -12.71870000
0.72853427 -12.71700000
0.73210551 -12.71510000
0.73567675 -12.71280000
0.73924799 -12.71020000
0.74281925 -12.70740000
0.74639049 -12.70430000
0.74996174 -12.70080000
0.75353298 -12.69710000
0.75710424 -12.69310000
0.76067548 -12.68880000
0.76424672 -12.68420000
0.76781797 -12.67940000
0.77138922 -12.67420000
0.77496047 -12.66880000
0.77853171 -12.66310000
0.78210295 -12.65710000
0.78567421 -12.65080000
0.78924545 -12.64430000
0.79281669 -12.63750000
0.79638794 -12.63040000
0.79995919 -12.62310000
0.80353044 -12.61550000
0.80710168 -12.60770000
0.81067292 -12.59960000
0.81424418 -12.59130000
0.81781542 -12.58270000
0.82138666 -12.57390000
0.82495791 -12.56490000
0.82852916 -12.55570000
0.83210041 -12.54620000
0.83567165 -12.53650000
0.83924289 -12.52660000
0.84281415 -12.51650000
0.84638539 -12.50620000
0.84995663 -12.49570000
0.85352788 -12.48500000
0.85709913 -12.47410000
0.86067038 -12.46310000
0.86424162 -12.45190000
0.86781286 -12.44060000
0.87138412 -12.42910000
0.87495536 -12.41750000
0.87852661 -12.40580000
0.88209785 -12.39390000
0.88566910 -12.38190000
0.88924035 -12.36980000
0.89281159 -12.35770000
0.89638283 -12.34540000
0.89995409 -12.33310000
0.90352533 -12.32070000
0.90709658 -12.30830000
0.91066782 -12.29580000
0.91423908 -12.28340000
0.91781032 -12.27090000
0.92138156 -12.25840000
0.92495280 -12.24590000
0.92852406 -12.23350000
0.93209530 -12.22110000
0.93566655 -12.20870000
0.93923779 -12.19640000
0.94280905 -12.18430000
0.94638029 -12.17220000
0.94995153 -12.16030000
0.95352277 -12.14850000
0.95709403 -12.13680000
0.96066527 -12.12530000
0.96423652 -12.11400000
0.96780776 -12.10290000
0.97137902 -12.09200000
0.97495026 -12.08140000
0.97852150 -12.07100000
0.98209275 -12.06090000
0.98566400 -12.05110000
0.98923525 -12.04160000
0.99280649 -12.03240000
0.99637773 -12.02360000
0.99994899 -12.01520000
1.00352023 -12.00710000
1.00709147 -11.99940000
1.01066272 -11.99210000
1.01423397 -11.98520000
1.01780522 -11.97880000
1.02137646 -11.97290000
1.02494770 -11.96740000
1.02851896 -11.96240000
1.03209020 -11.95790000
1.03566144 -11.95390000
1.03923269 -11.95040000
1.04280394 -11.94740000
1.04637519 -11.94500000
1.04994643 -11.94310000
1.05351767 -11.94170000
1.05708893 -11.94090000
1.06066017 -11.94060000
1.06066017 -11.94060000
1.06244580 -11.96070000
1.06423141 -11.98060000
1.06601704 -12.00020000
1.06780267 -12.01970000
1.06958829 -12.03890000
1.07137391 -12.05800000
1.07315953 -12.07680000
1.07494516 -12.09550000
1.07673079 -12.11390000
1.07851640 -12.13220000
1.08030203 -12.15020000
1.08208766 -12.16810000
1.08387327 -12.18570000
1.08565890 -12.20310000
1.08744451 -12.22040000
1.08923014 -12.23740000
1.09101577 -12.25420000
1.09280139 -12.27090000
1.09458701 -12.28730000
1.09637264 -12.30350000
1.09815826 -12.31960000
1.09994388 -12.33540000
1.10172950 -12.35100000
1.10351513 -12.36640000
1.10530076 -12.38170000
1.10708637 -12.39670000
1.10887200 -12.41150000
1.11065763 -12.42610000
1.11244324 -12.44050000
1.11422887 -12.45470000
1.11601448 -12.46870000
1.11780011 -12.48250000
1.11958574 -12.49610000
1.12137136 -12.50940000
1.12315698 -12.52260000
1.12494261 -12.53560000
1.12672823 -12.54840000
1.12851386 -12.56090000
1.13029947 -12.57330000
1.13208510 -12.58550000
1.13387073 -12.59740000
1.13565634 -12.60920000
1.13744197 -12.62070000
1.13922760 -12.63210000
1.14101321 -12.64320000
1.14279884 -12.65410000
1.14458446 -12.66490000
1.14637008 -12.67540000
1.14815571 -12.68580000
1.14994133 -12.69590000
1.15172696 -12.70580000
1.15351258 -12.71550000
1.15529820 -12.72500000
1.15708383 -12.73440000
1.15886944 -12.74350000
1.16065507 -12.75240000
1.16244070 -12.76110000
1.16422631 -12.76960000
1.16601194 -12.77780000
1.16779757 -12.78590000
1.16958318 -12.79380000
1.17136881 -12.80150000
1.17315443 -12.80900000
1.17494005 -12.81620000
1.17672568 -12.82330000
1.17851130 -12.83010000
1.18029693 -12.83680000
1.18208255 -12.84330000
1.18386817 -12.84960000
1.18565380 -12.85560000
1.18743941 -12.86150000
1.18922504 -12.86710000
1.19101067 -12.87250000
1.19279628 -12.87770000
1.19458191 -12.88280000
1.19636754 -12.88760000
1.19815315 -12.89220000
1.19993878 -12.89660000
1.20172440 -12.90080000
1.20351003 -12.90480000
1.20529565 -12.90860000
1.20708127 -12.91210000
1.20886690 -12.91550000
1.21065252 -12.91870000
1.21243814 -12.92170000
1.21422377 -12.92440000
1.21600938 -12.92700000
1.21779501 -12.92930000
1.21958064 -12.93150000
1.22136625 -12.93340000
1.22315188 -12.93520000
1.22493751 -12.93670000
1.22672312 -12.93810000
1.22850875 -12.93920000
1.23029437 -12.94010000
1.23208000 -12.94080000
1.23386562 -12.94130000
1.23565124 -12.94160000
1.23743687 -12.94170000
1.23743687 -12.94170000
1.24671524 -13.00740000
1.25599361 -13.08030000
1.26527198 -13.16020000
1.27455035 -13.24710000
1.28382872 -13.34050000
1.29310709 -13.44000000
1.30238546 -13.54520000
1.31166383 -13.65550000
1.32094220 -13.77030000
1.33022057 -13.88930000
1.33949894 -14.01190000
1.34877731 -14.13760000
1.35805568 -14.26590000
1.36733405 -14.39640000
1.37661242 -14.52890000
1.38589079 -14.66280000
1.39516916 -14.79790000
1.40444754 -14.93390000
1.41372590 -15.07050000
1.42300427 -15.20750000
1.43228264 -15.34470000
1.44156101 -15.48190000
1.45083938 -15.61890000
1.46011775 -15.75540000
1.46939612 -15.89160000
1.47867450 -16.02710000
1.48795286 -16.16200000
1.49723124 -16.29590000
1.50650960 -16.42900000
1.51578797 -16.56100000
1.52506634 -16.69190000
1.53434471 -16.82160000
1.54362308 -16.95010000
1.55290146 -17.07730000
1.56217983 -17.20320000
1.57145820 -17.32760000
1.58073657 -17.45060000
1.59001493 -17.57210000
1.59929331 -17.69200000
1.60857167 -17.81030000
1.61785005 -17.92710000
1.62712842 -18.04220000
1.63640679 -18.15560000
1.64568516 -18.26730000
1.65496353 -18.37730000
1.66424190 -18.48550000
1.67352027 -18.59200000
1.68279863 -18.69660000
1.69207701 -18.79950000
1.70135538 -18.90050000
1.71063375 -18.99960000
1.71991212 -19.09680000
1.72919049 -19.19220000
1.73846886 -19.28570000
1.74774723 -19.37730000
1.75702560 -19.46700000
1.76630397 -19.55470000
1.77558234 -19.64050000
1.78486071 -19.72430000
1.79413908 -19.80620000
1.80341745 -19.88600000
1.81269582 -19.96390000
1.82197419 -20.03980000
1.83125256 -20.11370000
1.84053093 -20.18560000
1.84980930 -20.25540000
1.85908768 -20.32330000
1.86836605 -20.38910000
1.87764441 -20.45280000
1.88692279 -20.51450000
1.89620115 -20.57420000
1.90547953 -20.63180000
1.91475789 -20.68740000
1.92403626 -20.74090000
1.93331464 -20.79230000
1.94259301 -20.84170000
1.95187138 -20.88900000
1.96114975 -20.93420000
1.97042811 -20.97730000
1.97970649 -21.01830000
1.98898485 -21.05720000
1.99826323 -21.09410000
2.00754160 -21.12890000
2.01681997 -21.16150000
2.02609834 -21.19210000
2.03537671 -21.22060000
2.04465507 -21.24690000
2.05393345 -21.27120000
2.06321181 -21.29340000
2.07249019 -21.31340000
2.08176856 -21.33140000
2.09104693 -21.34720000
2.10032530 -21.36090000
2.10960367 -21.37250000
2.11888204 -21.38200000
2.12816041 -21.38940000
2.13743877 -21.39470000
2.14671715 -21.39780000
2.15599552 -21.39890000
2.15599552 -21.39890000
2.16474326 -21.39820000
2.17349098 -21.39610000
2.18223872 -21.39260000
2.19098645 -21.38760000
2.19973419 -21.38130000
2.20848191 -21.37360000
2.21722965 -21.36440000
2.22597737 -21.35390000
2.23472511 -21.34190000
2.24347283 -21.32850000
2.25222057 -21.31380000
2.26096830 -21.29760000
2.26971604 -21.28010000
2.27846376 -21.26110000
2.28721150 -21.24070000
2.29595922 -21.21890000
2.30470696 -21.19570000
2.31345468 -21.17110000
2.32220242 -21.14510000
2.33095015 -21.11770000
2.33969789 -21.08890000
2.34844561 -21.05870000
2.35719335 -21.02710000
2.36594107 -20.99420000
2.37468881 -20.95980000
2.38343653 -20.92410000
2.39218427 -20.88690000
2.40093200 -20.84840000
2.40967974 -20.80850000
2.41842746 -20.76720000
2.42717520 -20.72450000
2.43592292 -20.68050000
2.44467066 -20.63510000
2.45341838 -20.58830000
2.46216612 -20.54010000
2.47091385 -20.49060000
2.47966159 -20.43980000
2.48840931 -20.38750000
2.49715705 -20.33390000
2.50590477 -20.27900000
2.51465251 -20.22270000
2.52340023 -20.16510000
2.53214797 -20.10610000
2.54089570 -20.04580000
2.54964344 -19.98420000
2.55839116 -19.92120000
2.56713890 -19.85690000
2.57588662 -19.79140000
2.58463436 -19.72450000
2.59338208 -19.65630000
2.60212982 -19.58680000
2.61087755 -19.51600000
2.61962529 -19.44390000
2.62837301 -19.37060000
2.63712075 -19.29600000
2.64586847 -19.22010000
2.65461621 -19.14300000
2.66336393 -19.06470000
2.67211167 -18.98510000
2.68085940 -18.90440000
2.68960714 -18.82240000
2.69835486 -18.73930000
2.70710260 -18.65500000
2.71585032 -18.56960000
2.72459806 -18.48310000
2.73334578 -18.39540000
2.74209352 -18.30670000
2.75084125 -18.21690000
2.75958899 -18.12610000
2.76833671 -18.03430000
2.77708445 -17.94160000
2.78583217 -17.84790000
2.79457991 -17.75340000
2.80332763 -17.65810000
2.81207537 -17.56200000
2.82082310 -17.46520000
2.82957084 -17.36790000
2.83831856 -17.27000000
2.84706630 -17.17170000
2.85581402 -17.07310000
2.86456176 -16.97430000
2.87330948 -16.87560000
2.88205722 -16.77710000
2.89080495 -16.67900000
2.89955269 -16.58160000
2.90830041 -16.48520000
2.91704815 -16.39030000
2.92579587 -16.29730000
2.93454361 -16.20670000
2.94329133 -16.11930000
2.95203907 -16.03590000
2.96078680 -15.95750000
2.96953454 -15.88520000
2.97828226 -15.82030000
2.98703000 -15.76420000
2.99577772 -15.71850000
3.00452546 -15.68460000
3.01327318 -15.66370000
3.02202092 -15.65660000
3.02202092 -15.65660000
3.02511372 -15.65630000
3.02820651 -15.65540000
3.03129930 -15.65380000
3.03439209 -15.65160000
3.03748487 -15.64880000
3.04057767 -15.64540000
3.04367045 -15.64140000
3.04676324 -15.63670000
3.04985604 -15.63140000
3.05294883 -15.62550000
3.05604162 -15.61900000
3.05913441 -15.61180000
3.06222719 -15.60400000
3.06531999 -15.59560000
3.06841277 -15.58660000
3.07150557 -15.57690000
3.07459836 -15.56670000
3.07769115 -15.55580000
3.08078394 -15.54420000
3.08387673 -15.53210000
3.08696951 -15.51940000
3.09006231 -15.50600000
3.09315509 -15.49200000
3.09624789 -15.47740000
3.09934068 -15.46220000
3.10243347 -15.44630000
3.10552626 -15.42990000
3.10861905 -15.41280000
3.11171183 -15.39510000
3.11480463 -15.37680000
3.11789741 -15.35790000
3.12099021 -15.33840000
3.12408300 -15.31820000
3.12717579 -15.29750000
3.13026858 -15.27620000
3.13336137 -15.25420000
3.13645415 -15.23160000
3.13954695 -15.20840000
3.14263974 -15.18460000
3.14573253 -15.16030000
3.14882532 -15.13530000
3.15191811 -15.10970000
3.15501090 -15.08350000
3.15810369 -15.05670000
3.16119647 -15.02930000
3.16428927 -15.00130000
3.16738206 -14.97270000
3.17047485 -14.94360000
3.17356764 -14.91380000
3.17666043 -14.88350000
3.17975322 -14.85250000
3.18284601 -14.82100000
3.18593879 -14.78890000
3.18903159 -14.75620000
3.19212438 -14.72300000
3.19521717 -14.68920000
3.19830996 -14.65480000
3.20140275 -14.61980000
3.20449554 -14.58430000
3.20758833 -14.54830000
3.21068111 -14.51170000
3.21377391 -14.47450000
3.21686670 -14.43680000
3.21995949 -14.39860000
3.22305228 -14.35980000
3.22614507 -14.32060000
3.22923786 -14.28080000
3.23233065 -14.24050000
3.23542343 -14.19970000
3.23851623 -14.15840000
3.24160902 -14.11660000
3.24470181 -14.07440000
3.24779460 -14.03170000
3.25088739 -13.98860000
3.25398018 -13.94510000
3.25707297 -13.90110000
3.26016576 -13.85680000
3.26325855 -13.81220000
3.26635134 -13.76720000
3.26944413 -13.72200000
3.27253692 -13.67650000
3.27562971 -13.63080000
3.27872250 -13.58490000
3.28181529 -13.53900000
3.28490808 -13.49310000
3.28800087 -13.44710000
3.29109366 -13.40130000
3.29418645 -13.35580000
3.29727924 -13.31070000
3.30037203 -13.26610000
3.30346482 -13.22230000
3.30655761 -13.17950000
3.30965040 -13.13800000
3.31274320 -13.09810000
3.31583598 -13.06030000
3.31892877 -13.02510000
3.32202156 -12.99310000
3.32511435 -12.96510000
3.32820714 -12.94170000
3.32820714 -12.94170000
3.32999277 -12.94160000
3.33177839 -12.94130000
3.33356401 -12.94080000
3.33534964 -12.94010000
3.33713526 -12.93920000
3.33892088 -12.93810000
3.34070650 -12.93670000
3.34249213 -12.93520000
3.34427776 -12.93340000
3.34606337 -12.93150000
3.34784900 -12.92930000
3.34963463 -12.92700000
3.35142024 -12.92440000
3.35320587 -12.92170000
3.35499148 -12.91870000
3.35677711 -12.91550000
3.35856274 -12.91210000
3.36034836 -12.90860000
3.36213398 -12.90480000
3.36391961 -12.90080000
3.36570523 -12.89660000
3.36749086 -12.89220000
3.36927647 -12.88760000
3.37106210 -12.88280000
3.37284773 -12.87770000
3.37463334 -12.87250000
3.37641897 -12.86710000
3.37820460 -12.86150000
3.37999021 -12.85560000
3.38177584 -12.84960000
3.38356146 -12.84330000
3.38534708 -12.83680000
3.38713271 -12.83010000
3.38891833 -12.82330000
3.39070395 -12.81620000
3.39248958 -12.80900000
3.39427520 -12.80150000
3.39606083 -12.79380000
3.39784644 -12.78590000
3.39963207 -12.77780000
3.40141770 -12.76960000
3.40320331 -12.76110000
3.40498894 -12.75240000
3.40677457 -12.74350000
3.40856018 -12.73440000
3.41034581 -12.72500000
3.41213143 -12.71550000
3.41391705 -12.70580000
3.41570268 -12.69590000
3.41748830 -12.68580000
3.41927393 -12.67540000
3.42105955 -12.66490000
3.42284517 -12.65410000
3.42463080 -12.64320000
3.42641641 -12.63210000
3.42820204 -12.62070000
3.42998767 -12.60920000
3.43177328 -12.59740000
3.43355891 -12.58550000
3.43534454 -12.57330000
3.43713015 -12.56090000
3.43891578 -12.54840000
3.44070140 -12.53560000
3.44248702 -12.52260000
3.44427265 -12.50940000
3.44605827 -12.49610000
3.44784390 -12.48250000
3.44962952 -12.46870000
3.45141514 -12.45470000
3.45320077 -12.44050000
3.45498638 -12.42610000
3.45677201 -12.41150000
3.45855764 -12.39670000
3.46034325 -12.38170000
3.46212888 -12.36640000
3.46391451 -12.35100000
3.46570012 -12.33540000
3.46748575 -12.31960000
3.46927137 -12.30350000
3.47105700 -12.28730000
3.47284262 -12.27090000
3.47462824 -12.25420000
3.47641387 -12.23740000
3.47819950 -12.22040000
3.47998511 -12.20310000
3.48177074 -12.18570000
3.48355635 -12.16810000
3.48534198 -12.15020000
3.48712761 -12.13220000
3.48891322 -12.11390000
3.49069885 -12.09550000
3.49248448 -12.07680000
3.49427010 -12.05800000
3.49605572 -12.03890000
3.49784134 -12.01970000
3.49962697 -12.00020000
3.50141259 -11.98060000
3.50319821 -11.96070000
3.50498384 -11.94060000
3.50498384 -11.94060000
3.50855508 -11.99820000
3.51212634 -12.05680000
3.51569758 -12.11620000
3.51926882 -12.17630000
3.52284007 -12.23700000
3.52641132 -12.29810000
3.52998257 -12.35950000
3.53355381 -12.42120000
3.53712505 -12.48310000
3.54069631 -12.54500000
3.54426755 -12.60700000
3.54783879 -12.66890000
3.55141004 -12.73060000
3.55498129 -12.79220000
3.55855254 -12.85360000
3.56212378 -12.91470000
3.56569502 -12.97550000
3.56926628 -13.03600000
3.57283752 -13.09610000
3.57640876 -13.15580000
3.57998001 -13.21500000
3.58355126 -13.27380000
3.58712251 -13.33210000
3.59069375 -13.38990000
3.59426499 -13.44720000
3.59783625 -13.50390000
3.60140749 -13.56010000
3.60497873 -13.61560000
3.60854998 -13.67060000
3.61212123 -13.72500000
3.61569248 -13.77870000
3.61926372 -13.83180000
3.62283496 -13.88430000
3.62640622 -13.93610000
3.62997746 -13.98720000
3.63354871 -14.03770000
3.63711995 -14.08750000
3.64069121 -14.13650000
3.64426245 -14.18490000
3.64783369 -14.23250000
3.65140493 -14.27950000
3.65497619 -14.32570000
3.65854743 -14.37120000
3.66211868 -14.41590000
3.66568992 -14.45990000
3.66926118 -14.50320000
3.67283242 -14.54570000
3.67640366 -14.58740000
3.67997490 -14.62840000
3.68354616 -14.66870000
3.68711740 -14.70810000
3.69068865 -14.74680000
3.69425989 -14.78480000
3.69783115 -14.82190000
3.70140239 -14.85830000
3.70497363 -14.89380000
3.70854488 -14.92860000
3.71211613 -14.96260000
3.71568737 -14.99590000
3.71925862 -15.02820000
3.72282986 -15.05990000
3.72640112 -15.09070000
3.72997236 -15.12070000
3.73354360 -15.14990000
3.73711485 -15.17830000
3.74068610 -15.20590000
3.74425735 -15.23270000
3.74782859 -15.25870000
3.75139983 -15.28390000
3.75497109 -15.30820000
3.75854233 -15.33170000
3.76211357 -15.35440000
3.76568482 -15.37630000
3.76925607 -15.39740000
3.77282732 -15.41770000
3.77639856 -15.43720000
3.77996980 -15.45580000
3.78354106 -15.47360000
3.78711230 -15.49060000
3.79068354 -15.50680000
3.79425479 -15.52210000
3.79782604 -15.53660000
3.80139729 -15.55030000
3.80496853 -15.56320000
3.80853977 -15.57520000
3.81211103 -15.58640000
3.81568227 -15.59680000
3.81925351 -15.60640000
3.82282476 -15.61510000
3.82639601 -15.62300000
3.82996726 -15.63010000
3.83353850 -15.63630000
3.83710974 -15.64170000
3.84068100 -15.64630000
3.84425224 -15.65000000
3.84782349 -15.65290000
3.85139473 -15.65490000
3.85496599 -15.65620000
3.85853723 -15.65660000
3.85853723 -15.65660000
3.86163002 -15.65630000
3.86472281 -15.65540000
3.86781560 -15.65380000
3.87090839 -15.65160000
3.87400118 -15.64880000
3.87709397 -15.64540000
3.88018676 -15.64140000
3.88327955 -15.63670000
3.88637234 -15.63140000
3.88946513 -15.62550000
3.89255792 -15.61900000
3.89565071 -15.61180000
3.89874350 -15.60400000
3.90183629 -15.59560000
3.90492908 -15.58660000
3.90802187 -15.57690000
3.91111466 -15.56670000
3.91420745 -15.55580000
3.91730024 -15.54420000
3.92039303 -15.53210000
3.92348582 -15.51940000
3.92657862 -15.50600000
3.92967140 -15.49200000
3.93276419 -15.47740000
3.93585698 -15.46220000
3.93894977 -15.44630000
3.94204256 -15.42990000
3.94513535 -15.41280000
3.94822814 -15.39510000
3.95132094 -15.37680000
3.95441372 -15.35790000
3.95750651 -15.33840000
3.96059930 -15.31820000
3.96369209 -15.29750000
3.96678488 -15.27620000
3.96987767 -15.25420000
3.97297046 -15.23160000
3.97606326 -15.20840000
3.97915604 -15.18460000
3.98224883 -15.16030000
3.98534162 -15.13530000
3.98843441 -15.10970000
3.99152720 -15.08350000
3.99461999 -15.05670000
3.99771278 -15.02930000
4.00080558 -15.00130000
4.00389836 -14.97270000
4.00699115 -14.94360000
4.01008394 -14.91380000
4.01317673 -14.88350000
4.01626952 -14.85250000
4.01936231 -14.82100000
4.02245510 -14.78890000
4.02554790 -14.75620000
4.02864068 -14.72300000
4.03173347 -14.68920000
4.03482626 -14.65480000
4.03791905 -14.61980000
4.04101184 -14.58430000
4.04410464 -14.54830000
4.04719742 -14.51170000
4.05029022 -14.47450000
4.05338300 -14.43680000
4.05647579 -14.39860000
4.05956858 -14.35980000
4.06266137 -14.32060000
4.06575416 -14.28080000
4.06884696 -14.24050000
4.07193974 -14.19970000
4.07503254 -14.15840000
4.07812532 -14.11660000
4.08121811 -14.07440000
4.08431090 -14.03170000
4.08740369 -13.98860000
4.09049648 -13.94510000
4.09358928 -13.90110000
4.09668206 -13.85680000
4.09977486 -13.81220000
4.10286764 -13.76720000
4.10596043 -13.72200000
4.10905322 -13.67650000
4.11214601 -13.63080000
4.11523881 -13.58490000
4.11833160 -13.53900000
4.12142438 -13.49310000
4.12451718 -13.44710000
4.12760996 -13.40130000
4.13070275 -13.35580000
4.13379554 -13.31070000
4.13688833 -13.26610000
4.13998113 -13.22230000
4.14307392 -13.17950000
4.14616670 -13.13800000
4.14925950 -13.09810000
4.15235228 -13.06030000
4.15544507 -13.02510000
4.15853786 -12.99310000
4.16163065 -12.96510000
4.16472345 -12.94170000

0.00000000 -0.00010000
0.00714250 -0.00410000
0.01428499 -0.01630000
0.02142749 -0.03630000
0.02856997 -0.06410000
0.03571247 -0.09940000
0.04285496 -0.14170000
0.04999746 -0.19070000
0.05713994 -0.24600000
0.06428244 -0.30700000
0.07142493 -0.37360000
0.07856743 -0.44490000
0.08570991 -0.52060000
0.09285241 -0.60030000
0.09999490 -0.68360000
0.10713740 -0.77000000
0.11427988 -0.85930000
0.12142238 -0.95100000
0.12856487 -1.04490000
0.13570737 -1.14060000
0.14284985 -1.23790000
0.14999235 -1.33660000
0.15713484 -1.43630000
0.16427734 -1.53690000
0.17141982 -1.63820000
0.17856232 -1.74010000
0.18570481 -1.84230000
0.19284731 -1.94460000
0.19998979 -2.04710000
0.20713229 -2.14950000
0.21427478 -2.25170000
0.22141728 -2.35370000
0.22855977 -2.45520000
0.23570227 -2.55630000
0.24284475 -2.65680000
0.24998725 -2.75670000
0.25712974 -2.85590000
0.26427224 -2.95430000
0.27141472 -3.05190000
0.27855722 -3.14860000
0.28569971 -3.24430000
0.29284221 -3.33900000
0.29998469 -3.43270000
0.30712719 -3.55590000
0.31426968 -3.69810000
0.32141218 -3.84190000
0.32855466 -3.98740000
0.33569716 -4.13440000
0.34283965 -4.28300000
0.34998215 -4.43300000
0.35712463 -4.58450000
0.36426713 -4.73730000
0.37140962 -4.89150000
0.37855212 -5.04690000
0.38569460 -5.20360000
0.39283710 -5.36140000
0.39997959 -5.52040000
0.40712209 -5.68050000
0.41426457 -5.84160000
0.42140707 -6.00360000
0.42854956 -6.16670000
0.43569206 -6.33050000
0.44283455 -6.49530000
0.44997705 -6.66080000
0.45711953 -6.82710000
0.46426203 -6.99400000
0.47140452 -7.16160000
0.47854702 -7.32970000
0.48568950 -7.49840000
0.49283200 -7.66750000
0.49997449 -7.83710000
0.50711699 -8.00700000
0.51425947 -8.17730000
0.52140197 -8.34780000
0.52854446 -8.51850000
0.53568696 -8.68940000
0.54282944 -8.86050000
0.54997194 -9.03160000
0.55711443 -9.20280000
0.56425693 -9.37390000
0.57139941 -9.54500000
0.57854191 -9.71590000
0.58568440 -9.88670000
0.59282690 -10.05730000
0.59996938 -10.22760000
0.60711188 -10.39760000
0.61425437 -10.56730000
0.62139687 -10.73650000
0.62853935 -10.90540000
0.63568185 -11.07370000
0.64282434 -11.24160000
0.64996684 -11.40890000
0.65710933 -11.57550000
0.66425183 -11.74160000
0.67139431 -11.90700000
0.67853681 -12.07160000
0.68567930 -12.23550000
0.69282180 -12.39870000
0.69996428 -12.56100000
0.70710678 -12.72240000
0.70710678 -12.72240000
0.71067802 -12.72230000
0.71424928 -12.72180000
0.71782052 -12.72110000
0.72139177 -12.72000000
0.72496301 -12.71870000
0.72853427 -12.71700000
0.73210551 -12.71510000
0.73567675 -12.71280000
0.73924799 -12.71020000
0.74281925 -12.70740000
0.74639049 -12.70430000
0.74996174 -12.70080000
0.75353298 -12.69710000
0.75710424 -12.69310000
0.76067548 -12.68880000
0.76424672 -12.68420000
0.76781797 -12.67940000
0.77138922 -12.67420000
0.77496047 -12.66880000
0.77853171 -12.66310000
0.78210295 -12.65710000
0.78567421 -12.65080000
0.78924545 -12.64430000
0.79281669 -12.63750000
0.79638794 -12.63040000
0.79995919 -12.62310000
0.80353044 -12.61550000
0.80710168 -12.60770000
0.81067292 -12.59960000
0.81424418 -12.59130000
0.81781542 -12.58270000
0.82138666 -12.57390000
0.82495791 -12.56490000
0.82852916 -12.55570000
0.83210041 -12.54620000
0.83567165 -12.53650000
0.83924289 -12.52660000
0.84281415 -12.51650000
0.84638539 -12.50620000
0.84995663 -12.49570000
0.85352788 -12.48500000
0.85709913 -12.47410000
0.86067038 -12.46310000
0.86424162 -12.45190000
0.86781286 -12.44060000
0.87138412 -12.42910000
0.87495536 -12.41750000
0.87852661 -12.40580000
0.88209785 -12.39390000
0.88566910 -12.38190000
0.88924035 -12.36980000
0.89281159 -12.35770000
0.89638283 -12.34540000
0.89995409 -12.33310000
0.90352533 -12.32070000
0.90709658 -12.30830000
0.91066782 -12.29580000
0.91423908 -12.28340000
0.91781032 -12.27090000
0.92138156 -12.25840000
0.92495280 -12.24590000
0.92852406 -12.23340000
0.93209530 -12.22100000
0.93566655 -12.20870000
0.93923779 -12.19640000
0.94280905 -12.18430000
0.94638029 -12.17220000
0.94995153 -12.16030000
0.95352277 -12.14850000
0.95709403 -12.13680000
0.96066527 -12.12530000
0.96423652 -12.11400000
0.96780776 -12.10290000
0.97137902 -12.09200000
0.97495026 -12.08140000
0.97852150 -12.07100000
0.98209275 -12.06090000
0.98566400 -12.05110000
0.98923525 -12.04160000
0.99280649 -12.03240000
0.99637773 -12.02360000
0.99994899 -12.01520000
1.00352023 -12.00710000
1.00709147 -11.99940000
1.01066272 -11.99210000
1.01423397 -11.98520000
1.01780522 -11.97880000
1.02137646 -11.97290000
1.02494770 -11.96740000
1.02851896 -11.96240000
1.03209020 -11.95790000
1.03566144 -11.95390000
1.03923269 -11.95040000
1.04280394 -11.94740000
1.04637519 -11.94500000
1.04994643 -11.94310000
1.05351767 -11.94170000
1.05708893 -11.94090000
1.06066017 -11.94060000
1.06066017 -11.94060000
1.06244580 -11.92090000
1.06423141 -11.90190000
1.06601704 -11.88360000
1.06780267 -11.86610000
1.06958829 -11.84930000
1.07137391 -11.83330000
1.07315953 -11.81800000
1.07494516 -11.80340000
1.07673079 -11.78960000
1.07851640 -11.77640000
1.08030203 -11.76390000
1.08208766 -11.75200000
1.08387327 -11.74080000
1.08565890 -11.73030000
1.08744451 -11.72030000
1.08923014 -11.71100000
1.09101577 -11.70220000
1.09280139 -11.69400000
1.09458701 -11.68640000
1.09637264 -11.67930000
1.09815826 -11.67270000
1.09994388 -11.66660000
1.10172950 -11.66090000
1.10351513 -11.65580000
1.10530076 -11.65110000
1.10708637 -11.64670000
1.10887200 -11.64280000
1.11065763 -11.63930000
1.11244324 -11.63610000
1.11422887 -11.63330000
1.11601448 -11.63080000
1.11780011 -11.62870000
1.11958574 -11.62690000
1.12137136 -11.62530000
1.12315698 -11.62400000
1.12494261 -11.62300000
1.12672823 -11.62220000
1.12851386 -11.62170000
1.13029947 -11.62140000
1.13208510 -11.62120000
1.13387073 -11.62130000
1.13565634 -11.62160000
1.13744197 -11.62200000
1.13922760 -11.62260000
1.14101321 -11.62330000
1.14279884 -11.62410000
1.14458446 -11.62510000
1.14637008 -11.62630000
1.14815571 -11.62750000
1.14994133 -11.62880000
1.15172696 -11.63020000
1.15351258 -11.63170000
1.15529820 -11.63320000
1.15708383 -11.63480000
1.15886944 -11.63650000
1.16065507 -11.63830000
1.16244070 -11.64000000
1.16422631 -11.64180000
1.16601194 -11.64370000
1.16779757 -11.64550000
1.16958318 -11.64740000
1.17136881 -11.64930000
1.17315443 -11.65120000
1.17494005 -11.65310000
1.17672568 -11.65500000
1.17851130 -11.65690000
1.18029693 -11.65880000
1.18208255 -11.66070000
1.18386817 -11.66250000
1.18565380 -11.66430000
1.18743941 -11.66610000
1.18922504 -11.66790000
1.19101067 -11.66960000
1.19279628 -11.67120000
1.19458191 -11.67290000
1.19636754 -11.67450000
1.19815315 -11.67600000
1.19993878 -11.67750000
1.20172440 -11.67890000
1.20351003 -11.68030000
1.20529565 -11.68160000
1.20708127 -11.68290000
1.20886690 -11.68410000
1.21065252 -11.68520000
1.21243814 -11.68630000
1.21422377 -11.68730000
1.21600938 -11.68820000
1.21779501 -11.68910000
1.21958064 -11.68990000
1.22136625 -11.69060000
1.22315188 -11.69120000
1.22493751 -11.69180000
1.22672312 -11.69230000
1.22850875 -11.69270000
1.23029437 -11.69310000
1.23208000 -11.69330000
1.23386562 -11.69350000
1.23565124 -11.69370000
1.23743687 -11.69370000
1.23743687 -11.69370000
1.24671524 -11.63070000
1.25599361 -11.56590000
1.26527198 -11.49920000
1.27455035 -11.43070000
1.28382872 -11.36040000
1.29310709 -11.28820000
1.30238546 -11.21420000
1.31166383 -11.13840000
1.32094220 -11.06080000
1.33022057 -10.98140000
1.33949894 -10.90020000
1.34877731 -10.81720000
1.35805568 -10.73240000
1.36733405 -10.64580000
1.37661242 -10.55740000
1.38589079 -10.46720000
1.39516916 -10.37530000
1.40444754 -10.28170000
1.41372590 -10.18620000
1.42300427 -10.08900000
1.43228264 -9.99010000
1.44156101 -9.88950000
1.45083938 -9.78710000
1.46011775 -9.68300000
1.46939612 -9.57730000
1.47867450 -9.46980000
1.48795286 -9.36060000
1.49723124 -9.24970000
1.50650960 -9.13720000
1.51578797 -9.02300000
1.52506634 -8.90720000
1.53434471 -8.78970000
1.54362308 -8.67060000
1.55290146 -8.55000000
1.56217983 -8.42770000
1.57145820 -8.30390000
1.58073657 -8.17840000
1.59001493 -8.05140000
1.59929331 -7.92290000
1.60857167 -7.79290000
1.61785005 -7.66140000
1.62712842 -7.52840000
1.63640679 -7.39400000
1.64568516 -7.25810000
1.65496353 -7.12080000
1.66424190 -6.98210000
1.67352027 -6.84200000
1.68279863 -6.70060000
1.69207701 -6.55790000
1.70135538 -6.41400000
1.71063375 -6.26870000
1.71991212 -6.12230000
1.72919049 -5.97470000
1.73846886 -5.82590000
1.74774723 -5.67610000
1.75702560 -5.52520000
1.76630397 -5.37330000
1.77558234 -5.22040000
1.78486071 -5.06660000
1.79413908 -4.91200000
1.80341745 -4.75650000
1.81269582 -4.60040000
1.82197419 -4.44350000
1.83125256 -4.28610000
1.84053093 -4.12820000
1.84980930 -3.96990000
1.85908768 -3.81120000
1.86836605 -3.65230000
1.87764441 -3.49330000
1.88692279 -3.33430000
1.89620115 -3.17540000
1.90547953 -3.01680000
1.91475789 -2.85860000
1.92403626 -2.70100000
1.93331464 -2.54420000
1.94259301 -2.38840000
1.95187138 -2.23380000
1.96114975 -2.08060000
1.97042811 -1.92920000
1.97970649 -1.77980000
1.98898485 -1.63270000
1.99826323 -1.48840000
2.00754160 -1.34720000
2.01681997 -1.20960000
2.02609834 -1.07600000
2.03537671 -0.94700000
2.04465507 -0.82300000
2.05393345 -0.70500000
2.06321181 -0.59350000
2.07249019 -0.48930000
2.08176856 -0.39300000
2.09104693 -0.30550000
2.10032530 -0.22750000
2.10960367 -0.15990000
2.11888204 -0.10330000
2.12816041 -0.05860000
2.13743877 -0.02620000
2.14671715 -0.00660000
2.15599552 -0.00010000
2.15599552 -0.00010000
2.16474326 -0.00530000
2.17349098 -0.02100000
2.18223872 -0.04700000
2.19098645 -0.08310000
2.19973419 -0.12920000
2.20848191 -0.18460000
2.21722965 -0.24890000
2.22597737 -0.32180000
2.23472511 -0.40280000
2.24347283 -0.49150000
2.25222057 -0.58720000
2.26096830 -0.68960000
2.26971604 -0.79820000
2.27846376 -0.91250000
2.28721150 -1.03210000
2.29595922 -1.15680000
2.30470696 -1.28580000
2.31345468 -1.41900000
2.32220242 -1.55610000
2.33095015 -1.69660000
2.33969789 -1.84050000
2.34844561 -1.98730000
2.35719335 -2.13690000
2.36594107 -2.28890000
2.37468881 -2.44330000
2.38343653 -2.59980000
2.39218427 -2.75830000
2.40093200 -2.91840000
2.40967974 -3.08020000
2.41842746 -3.24340000
2.42717520 -3.40790000
2.43592292 -3.57360000
2.44467066 -3.74040000
2.45341838 -3.90810000
2.46216612 -4.07660000
2.47091385 -4.24590000
2.47966159 -4.41590000
2.48840931 -4.58640000
2.49715705 -4.75740000
2.50590477 -4.92880000
2.51465251 -5.10050000
2.52340023 -5.27250000
2.53214797 -5.44460000
2.54089570 -5.61690000
2.54964344 -5.78920000
2.55839116 -5.96150000
2.56713890 -6.13380000
2.57588662 -6.30590000
2.58463436 -6.47790000
2.59338208 -6.64970000
2.60212982 -6.82110000
2.61087755 -6.99230000
2.61962529 -7.16310000
2.62837301 -7.33350000
2.63712075 -7.50340000
2.64586847 -7.67280000
2.65461621 -7.84170000
2.66336393 -8.01000000
2.67211167 -8.17770000
2.68085940 -8.34480000
2.68960714 -8.51110000
2.69835486 -8.67660000
2.70710260 -8.84140000
2.71585032 -9.00540000
2.72459806 -9.16850000
2.73334578 -9.33070000
2.74209352 -9.49190000
2.75084125 -9.65220000
2.75958899 -9.81140000
2.76833671 -9.96940000
2.77708445 -10.12640000
2.78583217 -10.28210000
2.79457991 -10.43660000
2.80332763 -10.58970000
2.81207537 -10.74140000
2.82082310 -10.89160000
2.82957084 -11.04020000
2.83831856 -11.18700000
2.84706630 -11.33210000
2.85581402 -11.47530000
2.86456176 -11.61650000
2.87330948 -11.75540000
2.88205722 -11.89180000
2.89080495 -12.02560000
2.89955269 -12.15630000
2.90830041 -12.28380000
2.91704815 -12.40760000
2.92579587 -12.52710000
2.93454361 -12.64190000
2.94329133 -12.75130000
2.95203907 -12.85430000
2.96078680 -12.95010000
2.96953454 -13.03750000
2.97828226 -13.11510000
2.98703000 -13.18160000
2.99577772 -13.23540000
3.00452546 -13.27510000
3.01327318 -13.29940000
3.02202092 -13.30770000
3.02202092 -13.30770000
3.02511372 -13.30730000
3.02820651 -13.30640000
3.03129930 -13.30480000
3.03439209 -13.30250000
3.03748487 -13.29960000
3.04057767 -13.29600000
3.04367045 -13.29180000
3.04676324 -13.28700000
3.04985604 -13.28150000
3.05294883 -13.27540000
3.05604162 -13.26860000
3.05913441 -13.26120000
3.06222719 -13.25310000
3.06531999 -13.24440000
3.06841277 -13.23500000
3.07150557 -13.22510000
3.07459836 -13.21440000
3.07769115 -13.20320000
3.08078394 -13.19130000
3.08387673 -13.17880000
3.08696951 -13.16570000
3.09006231 -13.15190000
3.09315509 -13.13750000
3.09624789 -13.12250000
3.09934068 -13.10690000
3.10243347 -13.09070000
3.10552626 -13.07380000
3.10861905 -13.05640000
3.11171183 -13.03830000
3.11480463 -13.01970000
3.11789741 -13.00040000
3.12099021 -12.98060000
3.12408300 -12.96020000
3.12717579 -12.93920000
3.13026858 -12.91760000
3.13336137 -12.89540000
3.13645415 -12.87270000
3.13954695 -12.84940000
3.14263974 -12.82560000
3.14573253 -12.80120000
3.14882532 -12.77630000
3.15191811 -12.75080000
3.15501090 -12.72480000
3.15810369 -12.69830000
3.16119647 -12.67130000
3.16428927 -12.64390000
3.16738206 -12.61590000
3.17047485 -12.58740000
3.17356764 -12.55850000
3.17666043 -12.52920000
3.17975322 -12.49940000
3.18284601 -12.46920000
3.18593879 -12.43860000
3.18903159 -12.40760000
3.19212438 -12.37630000
3.19521717 -12.34460000
3.19830996 -12.31260000
3.20140275 -12.28040000
3.20449554 -12.24780000
3.20758833 -12.21500000
3.21068111 -12.18210000
3.21377391 -12.14890000
3.21686670 -12.11570000
3.21995949 -12.08230000
3.22305228 -12.04890000
3.22614507 -12.01560000
3.22923786 -11.98230000
3.23233065 -11.94910000
3.23542343 -11.91620000
3.23851623 -11.88360000
3.24160902 -11.85130000
3.24470181 -11.81950000
3.24779460 -11.78830000
3.25088739 -11.75790000
3.25398018 -11.72820000
3.25707297 -11.69960000
3.26016576 -11.67210000
3.26325855 -11.64590000
3.26635134 -11.62130000
3.26944413 -11.59840000
3.27253692 -11.57740000
3.27562971 -11.55870000
3.27872250 -11.54250000
3.28181529 -11.52890000
3.28490808 -11.51840000
3.28800087 -11.51100000
3.29109366 -11.50710000
3.29418645 -11.50670000
3.29727924 -11.51000000
3.30037203 -11.51700000
3.30346482 -11.52760000
3.30655761 -11.54170000
3.30965040 -11.55890000
3.31274320 -11.57880000
3.31583598 -11.60090000
3.31892877 -11.62430000
3.32202156 -11.64830000
3.32511435 -11.67180000
3.32820714 -11.69370000
3.32820714 -11.69370000
3.32999277 -11.69370000
3.33177839 -11.69350000
3.33356401 -11.69330000
3.33534964 -11.69310000
3.33713526 -11.69270000
3.33892088 -11.69230000
3.34070650 -11.69180000
3.34249213 -11.69120000
3.34427776 -11.69060000
3.34606337 -11.68990000
3.34784900 -11.68910000
3.34963463 -11.68820000
3.35142024 -11.68730000
3.35320587 -11.68630000
3.35499148 -11.68520000
3.35677711 -11.68410000
3.35856274 -11.68290000
3.36034836 -11.68160000
3.36213398 -11.68030000
3.36391961 -11.67890000
3.36570523 -11.67750000
3.36749086 -11.67600000
3.36927647 -11.67450000
3.37106210 -11.67290000
3.37284773 -11.67120000
3.37463334 -11.66960000
3.37641897 -11.66790000
3.37820460 -11.66610000
3.37999021 -11.66430000
3.38177584 -11.66250000
3.38356146 -11.66070000
3.38534708 -11.65880000
3.38713271 -11.65690000
3.38891833 -11.65500000
3.39070395 -11.65310000
3.39248958 -11.65120000
3.39427520 -11.64930000
3.39606083 -11.64740000
3.39784644 -11.64550000
3.39963207 -11.64370000
3.40141770 -11.64180000
3.40320331 -11.64000000
3.40498894 -11.63830000
3.40677457 -11.63650000
3.40856018 -11.63480000
3.41034581 -11.63320000
3.41213143 -11.63170000
3.41391705 -11.63020000
3.41570268 -11.62880000
3.41748830 -11.62750000
3.41927393 -11.62630000
3.42105955 -11.62510000
3.42284517 -11.62410000
3.42463080 -11.62330000
3.42641641 -11.62260000
3.42820204 -11.62200000
3.42998767 -11.62160000
3.43177328 -11.62130000
3.43355891 -11.62120000
3.43534454 -11.62140000
3.43713015 -11.62170000
3.43891578 -11.62220000
3.44070140 -11.62300000
3.44248702 -11.62400000
3.44427265 -11.62530000
3.44605827 -11.62690000
3.44784390 -11.62870000
3.44962952 -11.63080000
3.45141514 -11.63330000
3.45320077 -11.63610000
3.45498638 -11.63930000
3.45677201 -11.64280000
3.45855764 -11.64670000
3.46034325 -11.65110000
3.46212888 -11.65580000
3.46391451 -11.66090000
3.46570012 -11.66660000
3.46748575 -11.67270000
3.46927137 -11.67930000
3.47105700 -11.68640000
3.47284262 -11.69400000
3.47462824 -11.70220000
3.47641387 -11.71100000
3.47819950 -11.72030000
3.47998511 -11.73030000
3.48177074 -11.74080000
3.48355635 -11.75200000
3.48534198 -11.76390000
3.48712761 -11.77640000
3.48891322 -11.78960000
3.49069885 -11.80340000
3.49248448 -11.81800000
3.49427010 -11.83330000
3.49605572 -11.84930000
3.49784134 -11.86610000
3.49962697 -11.88360000
3.50141259 -11.90190000
3.50319821 -11.92090000
3.50498384 -11.94060000
3.50498384 -11.94060000
3.50855508 -11.88420000
3.51212634 -11.82920000
3.51569758 -11.77570000
3.51926882 -11.72400000
3.52284007 -11.67430000
3.52641132 -11.62690000
3.52998257 -11.58200000
3.53355381 -11.53990000
3.53712505 -11.50100000
3.54069631 -11.46530000
3.54426755 -11.43320000
3.54783879 -11.40500000
3.55141004 -11.38080000
3.55498129 -11.36080000
3.55855254 -11.34510000
3.56212378 -11.33380000
3.56569502 -11.32690000
3.56926628 -11.32430000
3.57283752 -11.32590000
3.57640876 -11.33160000
3.57998001 -11.34120000
3.58355126 -11.35440000
3.58712251 -11.37100000
3.59069375 -11.39070000
3.59426499 -11.41320000
3.59783625 -11.43830000
3.60140749 -11.46570000
3.60497873 -11.49510000
3.60854998 -11.52630000
3.61212123 -11.55910000
3.61569248 -11.59330000
3.61926372 -11.62870000
3.62283496 -11.66500000
3.62640622 -11.70220000
3.62997746 -11.74010000
3.63354871 -11.77860000
3.63711995 -11.81740000
3.64069121 -11.85660000
3.64426245 -11.89610000
3.64783369 -11.93560000
3.65140493 -11.97530000
3.65497619 -12.01490000
3.65854743 -12.05440000
3.66211868 -12.09380000
3.66568992 -12.13300000
3.66926118 -12.17190000
3.67283242 -12.21060000
3.67640366 -12.24890000
3.67997490 -12.28680000
3.68354616 -12.32430000
3.68711740 -12.36130000
3.69068865 -12.39790000
3.69425989 -12.43390000
3.69783115 -12.46940000
3.70140239 -12.50440000
3.70497363 -12.53880000
3.70854488 -12.57260000
3.71211613 -12.60570000
3.71568737 -12.63820000
3.71925862 -12.67010000
3.72282986 -12.70130000
3.72640112 -12.73180000
3.72997236 -12.76160000
3.73354360 -12.79080000
3.73711485 -12.81920000
3.74068610 -12.84680000
3.74425735 -12.87370000
3.74782859 -12.89990000
3.75139983 -12.92530000
3.75497109 -12.95000000
3.75854233 -12.97380000
3.76211357 -12.99690000
3.76568482 -13.01920000
3.76925607 -13.04070000
3.77282732 -13.06140000
3.77639856 -13.08130000
3.77996980 -13.10040000
3.78354106 -13.11870000
3.78711230 -13.13610000
3.79068354 -13.15270000
3.79425479 -13.16850000
3.79782604 -13.18350000
3.80139729 -13.19760000
3.80496853 -13.21090000
3.80853977 -13.22330000
3.81211103 -13.23490000
3.81568227 -13.24570000
3.81925351 -13.25560000
3.82282476 -13.26460000
3.82639601 -13.27280000
3.82996726 -13.28010000
3.83353850 -13.28660000
3.83710974 -13.29220000
3.84068100 -13.29690000
3.84425224 -13.30080000
3.84782349 -13.30380000
3.85139473 -13.30590000
3.85496599 -13.30720000
3.85853723 -13.30770000
3.85853723 -13.30770000
3.86163002 -13.30730000
3.86472281 -13.30640000
3.86781560 -13.30480000
3.87090839 -13.30250000
3.87400118 -13.29960000
3.87709397 -13.29600000
3.88018676 -13.29180000
3.88327955 -13.28700000
3.88637234 -13.28150000
3.88946513 -13.27540000
3.89255792 -13.26860000
3.89565071 -13.26120000
3.89874350 -13.25310000
3.90183629 -13.24440000
3.90492908 -13.23500000
3.90802187 -13.22510000
3.91111466 -13.21440000
3.91420745 -13.20320000
3.91730024 -13.19130000
3.92039303 -13.17880000
3.92348582 -13.16570000
3.92657862 -13.15190000
3.92967140 -13.13750000
3.93276419 -13.12250000
3.93585698 -13.10690000
3.93894977 -13.09070000
3.94204256 -13.07380000
3.94513535 -13.05640000
3.94822814 -13.03830000
3.95132094 -13.01970000
3.95441372 -13.00040000
3.95750651 -12.98060000
3.96059930 -12.96020000
3.96369209 -12.93920000
3.96678488 -12.91760000
3.96987767 -12.89540000
3.97297046 -12.87270000
3.97606326 -12.84940000
3.97915604 -12.82560000
3.98224883 -12.80120000
3.98534162 -12.77630000
3.98843441 -12.75080000
3.99152720 -12.72480000
3.99461999 -12.69830000
3.99771278 -12.67130000
4.00080558 -12.64390000
4.00389836 -12.61590000
4.00699115 -12.58740000
4.01008394 -12.55850000
4.01317673 -12.52920000
4.01626952 -12.49940000
4.01936231 -12.46920000
4.02245510 -12.43860000
4.02554790 -12.40760000
4.02864068 -12.37630000
4.03173347 -12.34460000
4.03482626 -12.31260000
4.03791905 -12.28040000
4.04101184 -12.24780000
4.04410464 -12.21500000
4.04719742 -12.18210000
4.05029022 -12.14890000
4.05338300 -12.11570000
4.05647579 -12.08230000
4.05956858 -12.04890000
4.06266137 -12.01560000
4.06575416 -11.98230000
4.06884696 -11.94910000
4.07193974 -11.91620000
4.07503254 -11.88360000
4.07812532 -11.85130000
4.08121811 -11.81950000
4.08431090 -11.78830000
4.08740369 -11.75790000
4.09049648 -11.72820000
4.09358928 -11.69960000
4.09668206 -11.67210000
4.09977486 -11.64590000
4.10286764 -11.62130000
4.10596043 -11.59840000
4.10905322 -11.57740000
4.11214601 -11.55870000
4.11523881 -11.54250000
4.11833160 -11.52890000
4.12142438 -11.51840000
4.12451718 -11.51100000
4.12760996 -11.50710000
4.13070275 -11.50670000
4.13379554 -11.51000000
4.13688833 -11.51700000
4.13998113 -11.52760000
4.14307392 -11.54170000
4.14616670 -11.55890000
4.14925950 -11.57880000
4.15235228 -11.60090000
4.15544507 -11.62430000
4.15853786 -11.64830000
4.16163065 -11.67180000
4.16472345 -11.69370000

0.00000000 0.00000000
0.00714250 -0.00410000
0.01428499 -0.01620000
0.02142749 -0.03630000
0.02856997 -0.06410000
0.03571247 -0.09930000
0.04285496 -0.14170000
0.04999746 -0.19070000
0.05713994 -0.24590000
0.06428244 -0.30700000
0.07142493 -0.37360000
0.07856743 -0.44490000
0.08570991 -0.52060000
0.09285241 -0.60030000
0.09999490 -0.68360000
0.10713740 -0.77000000
0.11427988 -0.85930000
0.12142238 -0.95100000
0.12856487 -1.04490000
0.13570737 -1.14060000
0.14284985 -1.23790000
0.14999235 -1.33650000
0.15713484 -1.43630000
0.16427734 -1.53690000
0.17141982 -1.63820000
0.17856232 -1.74000000
0.18570481 -1.84220000
0.19284731 -1.94460000
0.19998979 -2.04710000
0.20713229 -2.14950000
0.21427478 -2.25170000
0.22141728 -2.35360000
0.22855977 -2.45520000
0.23570227 -2.55630000
0.24284475 -2.65680000
0.24998725 -2.75670000
0.25712974 -2.85590000
0.26427224 -2.95430000
0.27141472 -3.05190000
0.27855722 -3.14850000
0.28569971 -3.24430000
0.29284221 -3.33900000
0.29998469 -3.43270000
0.30712719 -3.52530000
0.31426968 -3.61680000
0.32141218 -3.70710000
0.32855466 -3.79610000
0.33569716 -3.88390000
0.34283965 -3.97050000
0.34998215 -4.05570000
0.35712463 -4.13950000
0.36426713 -4.22210000
0.37140962 -4.30320000
0.37855212 -4.38290000
0.38569460 -4.46110000
0.39283710 -4.53790000
0.39997959 -4.61320000
0.40712209 -4.68700000
0.41426457 -4.75920000
0.42140707 -4.83000000
0.42854956 -4.89910000
0.43569206 -4.96670000
0.44283455 -5.03270000
0.44997705 -5.09710000
0.45711953 -5.15980000
0.46426203 -5.22100000
0.47140452 -5.28040000
0.47854702 -5.33820000
0.48568950 -5.39440000
0.49283200 -5.44880000
0.49997449 -5.50160000
0.50711699 -5.55270000
0.51425947 -5.60200000
0.52140197 -5.64960000
0.52854446 -5.69550000
0.53568696 -5.73970000
0.54282944 -5.78210000
0.54997194 -5.82270000
0.55711443 -5.86160000
0.56425693 -5.89870000
0.57139941 -5.93410000
0.57854191 -5.96770000
0.58568440 -5.99940000
0.59282690 -6.02940000
0.59996938 -6.05760000
0.60711188 -6.08400000
0.61425437 -6.10860000
0.62139687 -6.13140000
0.62853935 -6.15240000
0.63568185 -6.17160000
0.64282434 -6.18890000
0.64996684 -6.20440000
0.65710933 -6.21820000
0.66425183 -6.23000000
0.67139431 -6.24010000
0.67853681 -6.24830000
0.68567930 -6.25470000
0.69282180 -6.25930000
0.69996428 -6.26210000
0.70710678 -6.26300000
0.70710678 -6.26300000
0.71067802 -6.26350000
0.71424928 -6.26510000
0.71782052 -6.26780000
0.72139177 -6.27150000
0.72496301 -6.27630000
0.72853427 -6.28210000
0.73210551 -6.28900000
0.73567675 -6.29680000
0.73924799 -6.30580000
0.74281925 -6.31570000
0.74639049 -6.32660000
0.74996174 -6.33850000
0.75353298 -6.35130000
0.75710424 -6.36510000
0.76067548 -6.37980000
0.76424672 -6.39550000
0.76781797 -6.41200000
0.77138922 -6.42930000
0.77496047 -6.44760000
0.77853171 -6.46660000
0.78210295 -6.48640000
0.78567421 -6.50700000
0.78924545 -6.52840000
0.79281669 -6.55050000
0.79638794 -6.57330000
0.79995919 -6.59670000
0.80353044 -6.62080000
0.80710168 -6.64550000
0.81067292 -6.67080000
0.81424418 -6.69660000
0.81781542 -6.72300000
0.82138666 -6.74990000
0.82495791 -6.77720000
0.82852916 -6.80500000
0.83210041 -6.83330000
0.83567165 -6.86190000
0.83924289 -6.89090000
0.84281415 -6.92020000
0.84638539 -6.94980000
0.84995663 -6.97970000
0.85352788 -7.00980000
0.85709913 -7.04020000
0.86067038 -7.07080000
0.86424162 -7.10150000
0.86781286 -7.13240000
0.87138412 -7.16340000
0.87495536 -7.19440000
0.87852661 -7.22550000
0.88209785 -7.25670000
0.88566910 -7.28780000
0.88924035 -7.31890000
0.89281159 -7.35000000
0.89638283 -7.38100000
0.89995409 -7.41190000
0.90352533 -7.44260000
0.90709658 -7.47320000
0.91066782 -7.50360000
0.91423908 -7.53380000
0.91781032 -7.56370000
0.92138156 -7.59340000
0.92495280 -7.62270000
0.92852406 -7.65180000
0.93209530 -7.68050000
0.93566655 -7.70880000
0.93923779 -7.73680000
0.94280905 -7.76430000
0.94638029 -7.79130000
0.94995153 -7.81790000
0.95352277 -7.84390000
0.95709403 -7.86950000
0.96066527 -7.89440000
0.96423652 -7.91880000
0.96780776 -7.94260000
0.97137902 -7.96570000
0.97495026 -7.98820000
0.97852150 -8.01000000
0.98209275 -8.03110000
0.98566400 -8.05140000
0.98923525 -8.07100000
0.99280649 -8.08980000
0.99637773 -8.10780000
0.99994899 -8.12500000
1.00352023 -8.14130000
1.00709147 -8.15670000
1.01066272 -8.17130000
1.01423397 -8.18490000
1.01780522 -8.19760000
1.02137646 -8.20940000
1.02494770 -8.22020000
1.02851896 -8.23000000
1.03209020 -8.23880000
1.03566144 -8.24670000
1.03923269 -8.25350000
1.04280394 -8.25920000
1.04637519 -8.26400000
1.04994643 -8.26770000
1.05351767 -8.27030000
1.05708893 -8.27190000
1.06066017 -8.27240000
1.06066017 -8.27240000
1.06244580 -8.29140000
1.06423141 -8.31030000
1.06601704 -8.32900000
1.06780267 -8.34760000
1.06958829 -8.36590000
1.07137391 -8.38420000
1.07315953 -8.40220000
1.07494516 -8.42010000
1.07673079 -8.43780000
1.07851640 -8.45540000
1.08030203 -8.47280000
1.08208766 -8.49000000
1.08387327 -8.50710000
1.08565890 -8.52400000
1.08744451 -8.54070000
1.08923014 -8.55720000
1.09101577 -8.57360000
1.09280139 -8.58980000
1.09458701 -8.60580000
1.09637264 -8.62170000
1.09815826 -8.63730000
1.09994388 -8.65280000
1.10172950 -8.66810000
1.10351513 -8.68330000
1.10530076 -8.69820000
1.10708637 -8.71300000
1.10887200 -8.72750000
1.11065763 -8.74190000
1.11244324 -8.75620000
1.11422887 -8.77020000
1.11601448 -8.78400000
1.11780011 -8.79770000
1.11958574 -8.81120000
1.12137136 -8.82440000
1.12315698 -8.83750000
1.12494261 -8.85040000
1.12672823 -8.86320000
1.12851386 -8.87570000
1.13029947 -8.88800000
1.13208510 -8.90020000
1.13387073 -8.91210000
1.13565634 -8.92390000
1.13744197 -8.93540000
1.13922760 -8.94680000
1.14101321 -8.95790000
1.14279884 -8.96890000
1.14458446 -8.97970000
1.14637008 -8.99030000
1.14815571 -9.00070000
1.14994133 -9.01090000
1.15172696 -9.02090000
1.15351258 -9.03070000
1.15529820 -9.04020000
1.15708383 -9.04960000
1.15886944 -9.05880000
1.16065507 -9.06780000
1.16244070 -9.07660000
1.16422631 -9.08520000
1.16601194 -9.09360000
1.16779757 -9.10180000
1.16958318 -9.10980000
1.17136881 -9.11760000
1.17315443 -9.12510000
1.17494005 -9.13250000
1.17672568 -9.13970000
1.17851130 -9.14670000
1.18029693 -9.15340000
1.18208255 -9.16000000
1.18386817 -9.16630000
1.18565380 -9.17250000
1.18743941 -9.17840000
1.18922504 -9.18420000
1.19101067 -9.18970000
1.19279628 -9.19500000
1.19458191 -9.20010000
1.19636754 -9.20500000
1.19815315 -9.20970000
1.19993878 -9.21420000
1.20172440 -9.21850000
1.20351003 -9.22260000
1.20529565 -9.22650000
1.20708127 -9.23010000
1.20886690 -9.23360000
1.21065252 -9.23680000
1.21243814 -9.23990000
1.21422377 -9.24270000
1.21600938 -9.24530000
1.21779501 -9.24770000
1.21958064 -9.24990000
1.22136625 -9.25190000
1.22315188 -9.25370000
1.22493751 -9.25530000
1.22672312 -9.25660000
1.22850875 -9.25780000
1.23029437 -9.25870000
1.23208000 -9.25950000
1.23386562 -9.26000000
1.23565124 -9.26030000
1.23743687 -9.26040000
1.23743687 -9.26040000
1.24671524 -9.30970000
1.25599361 -9.34960000
1.26527198 -9.38020000
1.27455035 -9.40150000
1.28382872 -9.41400000
1.29310709 -9.41780000
1.30238546 -9.41340000
1.31166383 -9.40110000
1.32094220 -9.38160000
1.33022057 -9.35520000
1.33949894 -9.32230000
1.34877731 -9.28340000
1.35805568 -9.23890000
1.36733405 -9.18920000
1.37661242 -9.13450000
1.38589079 -9.07530000
1.39516916 -9.01180000
1.40444754 -8.94430000
1.41372590 -8.87300000
1.42300427 -8.79810000
1.43228264 -8.71980000
1.44156101 -8.63840000
1.45083938 -8.55380000
1.46011775 -8.46640000
1.46939612 -8.37620000
1.47867450 -8.28330000
1.48795286 -8.18790000
1.49723124 -8.09010000
1.50650960 -7.98990000
1.51578797 -7.88740000
1.52506634 -7.78280000
1.53434471 -7.67610000
1.54362308 -7.56730000
1.55290146 -7.45660000
1.56217983 -7.34400000
1.57145820 -7.22950000
1.58073657 -7.11330000
1.59001493 -6.99540000
1.59929331 -6.87580000
1.60857167 -6.75460000
1.61785005 -6.63180000
1.62712842 -6.50760000
1.63640679 -6.38200000
1.64568516 -6.25490000
1.65496353 -6.12660000
1.66424190 -5.99690000
1.67352027 -5.86610000
1.68279863 -5.73400000
1.69207701 -5.60090000
1.70135538 -5.46680000
1.71063375 -5.33160000
1.71991212 -5.19550000
1.72919049 -5.05860000
1.73846886 -4.92080000
1.74774723 -4.78240000
1.75702560 -4.64320000
1.76630397 -4.50350000
1.77558234 -4.36330000
1.78486071 -4.22260000
1.79413908 -4.08150000
1.80341745 -3.94020000
1.81269582 -3.79880000
1.82197419 -3.65720000
1.83125256 -3.51560000
1.84053093 -3.37410000
1.84980930 -3.23290000
1.85908768 -3.09200000
1.86836605 -2.95150000
1.87764441 -2.81170000
1.88692279 -2.67250000
1.89620115 -2.53420000
1.90547953 -2.39700000
1.91475789 -2.26080000
1.92403626 -2.12610000
1.93331464 -1.99290000
1.94259301 -1.86140000
1.95187138 -1.73190000
1.96114975 -1.60450000
1.97042811 -1.47960000
1.97970649 -1.35730000
1.98898485 -1.23800000
1.99826323 -1.12190000
2.00754160 -1.00930000
2.01681997 -0.90070000
2.02609834 -0.79620000
2.03537671 -0.69640000
2.04465507 -0.60160000
2.05393345 -0.51220000
2.06321181 -0.42850000
2.07249019 -0.35120000
2.08176856 -0.28050000
2.09104693 -0.21680000
2.10032530 -0.16060000
2.10960367 -0.11240000
2.11888204 -0.07240000
2.12816041 -0.04090000
2.13743877 -0.01830000
2.14671715 -0.00460000
2.15599552 0.00000000
2.15599552 0.00000000
2.16474326 -0.00130000
2.17349098 -0.00520000
2.18223872 -0.01170000
2.19098645 -0.02070000
2.19973419 -0.03230000
2.20848191 -0.04620000
2.21722965 -0.06260000
2.22597737 -0.08120000
2.23472511 -0.10210000
2.24347283 -0.12520000
2.25222057 -0.15040000
2.26096830 -0.17750000
2.26971604 -0.20640000
2.27846376 -0.23700000
2.28721150 -0.26930000
2.29595922 -0.30310000
2.30470696 -0.33840000
2.31345468 -0.37490000
2.32220242 -0.41270000
2.33095015 -0.45150000
2.33969789 -0.49140000
2.34844561 -0.53220000
2.35719335 -0.57380000
2.36594107 -0.61620000
2.37468881 -0.65920000
2.38343653 -0.70270000
2.39218427 -0.74690000
2.40093200 -0.79140000
2.40967974 -0.83610000
2.41842746 -0.88110000
2.42717520 -0.92640000
2.43592292 -0.97170000
2.44467066 -1.01710000
2.45341838 -1.06260000
2.46216612 -1.10800000
2.47091385 -1.15330000
2.47966159 -1.19850000
2.48840931 -1.24350000
2.49715705 -1.28820000
2.50590477 -1.33280000
2.51465251 -1.37700000
2.52340023 -1.42080000
2.53214797 -1.46430000
2.54089570 -1.50740000
2.54964344 -1.55010000
2.55839116 -1.59230000
2.56713890 -1.63400000
2.57588662 -1.67510000
2.58463436 -1.71580000
2.59338208 -1.75590000
2.60212982 -1.79540000
2.61087755 -1.83430000
2.61962529 -1.87250000
2.62837301 -1.91020000
2.63712075 -1.94720000
2.64586847 -1.98340000
2.65461621 -2.01910000
2.66336393 -2.05400000
2.67211167 -2.08820000
2.68085940 -2.12170000
2.68960714 -2.15440000
2.69835486 -2.18640000
2.70710260 -2.21760000
2.71585032 -2.24810000
2.72459806 -2.27780000
2.73334578 -2.30670000
2.74209352 -2.33480000
2.75084125 -2.36210000
2.75958899 -2.38850000
2.76833671 -2.41420000
2.77708445 -2.43910000
2.78583217 -2.46310000
2.79457991 -2.48630000
2.80332763 -2.50860000
2.81207537 -2.53010000
2.82082310 -2.55080000
2.82957084 -2.57060000
2.83831856 -2.58950000
2.84706630 -2.60760000
2.85581402 -2.62480000
2.86456176 -2.64120000
2.87330948 -2.65670000
2.88205722 -2.67130000
2.89080495 -2.68500000
2.89955269 -2.69790000
2.90830041 -2.70990000
2.91704815 -2.72100000
2.92579587 -2.73120000
2.93454361 -2.74050000
2.94329133 -2.74900000
2.95203907 -2.75650000
2.96078680 -2.76320000
2.96953454 -2.76900000
2.97828226 -2.77390000
2.98703000 -2.77790000
2.99577772 -2.78100000
3.00452546 -2.78320000
3.01327318 -2.78460000
3.02202092 -2.78500000
3.02202092 -2.78500000
3.02511372 -2.78670000
3.02820651 -2.79160000
3.03129930 -2.79980000
3.03439209 -2.81130000
3.03748487 -2.82610000
3.04057767 -2.84410000
3.04367045 -2.86520000
3.04676324 -2.88950000
3.04985604 -2.91690000
3.05294883 -2.94740000
3.05604162 -2.98080000
3.05913441 -3.01720000
3.06222719 -3.05650000
3.06531999 -3.09860000
3.06841277 -3.14350000
3.07150557 -3.19110000
3.07459836 -3.24130000
3.07769115 -3.29400000
3.08078394 -3.34920000
3.08387673 -3.40690000
3.08696951 -3.46680000
3.09006231 -3.52900000
3.09315509 -3.59340000
3.09624789 -3.65990000
3.09934068 -3.72840000
3.10243347 -3.79880000
3.10552626 -3.87110000
3.10861905 -3.94520000
3.11171183 -4.02100000
3.11480463 -4.09850000
3.11789741 -4.17760000
3.12099021 -4.25810000
3.12408300 -4.34010000
3.12717579 -4.42350000
3.13026858 -4.50820000
3.13336137 -4.59410000
3.13645415 -4.68110000
3.13954695 -4.76930000
3.14263974 -4.85850000
3.14573253 -4.94870000
3.14882532 -5.03990000
3.15191811 -5.13190000
3.15501090 -5.22470000
3.15810369 -5.31820000
3.16119647 -5.41250000
3.16428927 -5.50740000
3.16738206 -5.60290000
3.17047485 -5.69890000
3.17356764 -5.79540000
3.17666043 -5.89230000
3.17975322 -5.98960000
3.18284601 -6.08720000
3.18593879 -6.18510000
3.18903159 -6.28320000
3.19212438 -6.38140000
3.19521717 -6.47980000
3.19830996 -6.57820000
3.20140275 -6.67660000
3.20449554 -6.77490000
3.20758833 -6.87310000
3.21068111 -6.97120000
3.21377391 -7.06890000
3.21686670 -7.16640000
3.21995949 -7.26350000
3.22305228 -7.36010000
3.22614507 -7.45620000
3.22923786 -7.55160000
3.23233065 -7.64640000
3.23542343 -7.74030000
3.23851623 -7.83330000
3.24160902 -7.92520000
3.24470181 -8.01600000
3.24779460 -8.10550000
3.25088739 -8.19360000
3.25398018 -8.28010000
3.25707297 -8.36470000
3.26016576 -8.44740000
3.26325855 -8.52790000
3.26635134 -8.60590000
3.26944413 -8.68130000
3.27253692 -8.75370000
3.27562971 -8.82280000
3.27872250 -8.88840000
3.28181529 -8.95010000
3.28490808 -9.00760000
3.28800087 -9.06050000
3.29109366 -9.10860000
3.29418645 -9.15160000
3.29727924 -9.18920000
3.30037203 -9.22130000
3.30346482 -9.24760000
3.30655761 -9.26820000
3.30965040 -9.28310000
3.31274320 -9.29230000
3.31583598 -9.29600000
3.31892877 -9.29430000
3.32202156 -9.28770000
3.32511435 -9.27630000
3.32820714 -9.26040000
3.32820714 -9.26040000
3.32999277 -9.26030000
3.33177839 -9.26000000
3.33356401 -9.25950000
3.33534964 -9.25870000
3.33713526 -9.25780000
3.33892088 -9.25660000
3.34070650 -9.25530000
3.34249213 -9.25370000
3.34427776 -9.25190000
3.34606337 -9.24990000
3.34784900 -9.24770000
3.34963463 -9.24530000
3.35142024 -9.24270000
3.35320587 -9.23990000
3.35499148 -9.23680000
3.35677711 -9.23360000
3.35856274 -9.23010000
3.36034836 -9.22650000
3.36213398 -9.22260000
3.36391961 -9.21850000
3.36570523 -9.21420000
3.36749086 -9.20970000
3.36927647 -9.20500000
3.37106210 -9.20010000
3.37284773 -9.19500000
3.37463334 -9.18970000
3.37641897 -9.18420000
3.37820460 -9.17840000
3.37999021 -9.17250000
3.38177584 -9.16630000
3.38356146 -9.16000000
3.38534708 -9.15340000
3.38713271 -9.14670000
3.38891833 -9.13970000
3.39070395 -9.13250000
3.39248958 -9.12510000
3.39427520 -9.11760000
3.39606083 -9.10980000
3.39784644 -9.10180000
3.39963207 -9.09360000
3.40141770 -9.08520000
3.40320331 -9.07660000
3.40498894 -9.06780000
3.40677457 -9.05880000
3.40856018 -9.04960000
3.41034581 -9.04020000
3.41213143 -9.03070000
3.41391705 -9.02090000
3.41570268 -9.01090000
3.41748830 -9.00070000
3.41927393 -8.99030000
3.42105955 -8.97970000
3.42284517 -8.96890000
3.42463080 -8.95790000
3.42641641 -8.94680000
3.42820204 -8.93540000
3.42998767 -8.92390000
3.43177328 -8.91210000
3.43355891 -8.90020000
3.43534454 -8.88800000
3.43713015 -8.87570000
3.43891578 -8.86320000
3.44070140 -8.85040000
3.44248702 -8.83750000
3.44427265 -8.82440000
3.44605827 -8.81120000
3.44784390 -8.79770000
3.44962952 -8.78400000
3.45141514 -8.77020000
3.45320077 -8.75620000
3.45498638 -8.74190000
3.45677201 -8.72750000
3.45855764 -8.71300000
3.46034325 -8.69820000
3.46212888 -8.68330000
3.46391451 -8.66810000
3.46570012 -8.65280000
3.46748575 -8.63730000
3.46927137 -8.62170000
3.47105700 -8.60580000
3.47284262 -8.58980000
3.47462824 -8.57360000
3.47641387 -8.55720000
3.47819950 -8.54070000
3.47998511 -8.52400000
3.48177074 -8.50710000
3.48355635 -8.49000000
3.48534198 -8.47280000
3.48712761 -8.45540000
3.48891322 -8.43780000
3.49069885 -8.42010000
3.49248448 -8.40220000
3.49427010 -8.38420000
3.49605572 -8.36590000
3.49784134 -8.34760000
3.49962697 -8.32900000
3.50141259 -8.31030000
3.50319821 -8.29140000
3.50498384 -8.27240000
3.50498384 -8.27240000
3.50855508 -8.32520000
3.51212634 -8.37560000
3.51569758 -8.42310000
3.51926882 -8.46770000
3.52284007 -8.50910000
3.52641132 -8.54710000
3.52998257 -8.58130000
3.53355381 -8.61140000
3.53712505 -8.63730000
3.54069631 -8.65860000
3.54426755 -8.67510000
3.54783879 -8.68650000
3.55141004 -8.69270000
3.55498129 -8.69340000
3.55855254 -8.68850000
3.56212378 -8.67800000
3.56569502 -8.66190000
3.56926628 -8.64010000
3.57283752 -8.61290000
3.57640876 -8.58040000
3.57998001 -8.54280000
3.58355126 -8.50030000
3.58712251 -8.45320000
3.59069375 -8.40170000
3.59426499 -8.34620000
3.59783625 -8.28690000
3.60140749 -8.22400000
3.60497873 -8.15790000
3.60854998 -8.08870000
3.61212123 -8.01680000
3.61569248 -7.94230000
3.61926372 -7.86550000
3.62283496 -7.78650000
3.62640622 -7.70540000
3.62997746 -7.62260000
3.63354871 -7.53800000
3.63711995 -7.45190000
3.64069121 -7.36430000
3.64426245 -7.27540000
3.64783369 -7.18530000
3.65140493 -7.09410000
3.65497619 -7.00190000
3.65854743 -6.90880000
3.66211868 -6.81480000
3.66568992 -6.72010000
3.66926118 -6.62460000
3.67283242 -6.52860000
3.67640366 -6.43210000
3.67997490 -6.33510000
3.68354616 -6.23770000
3.68711740 -6.13990000
3.69068865 -6.04200000
3.69425989 -5.94380000
3.69783115 -5.84550000
3.70140239 -5.74720000
3.70497363 -5.64890000
3.70854488 -5.55070000
3.71211613 -5.45260000
3.71568737 -5.35480000
3.71925862 -5.25730000
3.72282986 -5.16010000
3.72640112 -5.06350000
3.72997236 -4.96740000
3.73354360 -4.87190000
3.73711485 -4.77710000
3.74068610 -4.68310000
3.74425735 -4.59010000
3.74782859 -4.49800000
3.75139983 -4.40700000
3.75497109 -4.31730000
3.75854233 -4.22880000
3.76211357 -4.14170000
3.76568482 -4.05620000
3.76925607 -3.97230000
3.77282732 -3.89020000
3.77639856 -3.80990000
3.77996980 -3.73170000
3.78354106 -3.65560000
3.78711230 -3.58180000
3.79068354 -3.51040000
3.79425479 -3.44160000
3.79782604 -3.37540000
3.80139729 -3.31210000
3.80496853 -3.25170000
3.80853977 -3.19440000
3.81211103 -3.14040000
3.81568227 -3.08970000
3.81925351 -3.04260000
3.82282476 -2.99900000
3.82639601 -2.95920000
3.82996726 -2.92330000
3.83353850 -2.89130000
3.83710974 -2.86340000
3.84068100 -2.83970000
3.84425224 -2.82010000
3.84782349 -2.80470000
3.85139473 -2.79380000
3.85496599 -2.78720000
3.85853723 -2.78500000
3.85853723 -2.78500000
3.86163002 -2.78670000
3.86472281 -2.79160000
3.86781560 -2.79980000
3.87090839 -2.81130000
3.87400118 -2.82610000
3.87709397 -2.84410000
3.88018676 -2.86520000
3.88327955 -2.88950000
3.88637234 -2.91690000
3.88946513 -2.94740000
3.89255792 -2.98080000
3.89565071 -3.01720000
3.89874350 -3.05650000
3.90183629 -3.09860000
3.90492908 -3.14350000
3.90802187 -3.19110000
3.91111466 -3.24130000
3.91420745 -3.29400000
3.91730024 -3.34920000
3.92039303 -3.40690000
3.92348582 -3.46680000
3.92657862 -3.52900000
3.92967140 -3.59340000
3.93276419 -3.65990000
3.93585698 -3.72840000
3.93894977 -3.79880000
3.94204256 -3.87110000
3.94513535 -3.94520000
3.94822814 -4.02100000
3.95132094 -4.09850000
3.95441372 -4.17760000
3.95750651 -4.25810000
3.96059930 -4.34010000
3.96369209 -4.42350000
3.96678488 -4.50820000
3.96987767 -4.59410000
3.97297046 -4.68110000
3.97606326 -4.76930000
3.97915604 -4.85850000
3.98224883 -4.94870000
3.98534162 -5.03990000
3.98843441 -5.13190000
3.99152720 -5.22470000
3.99461999 -5.31820000
3.99771278 -5.41250000
4.00080558 -5.50740000
4.00389836 -5.60290000
4.00699115 -5.69890000
4.01008394 -5.79540000
4.01317673 -5.89230000
4.01626952 -5.98960000
4.01936231 -6.08720000
4.02245510 -6.18510000
4.02554790 -6.28320000
4.02864068 -6.38140000
4.03173347 -6.47980000
4.03482626 -6.57820000
4.03791905 -6.67660000
4.04101184 -6.77490000
4.04410464 -6.87310000
4.04719742 -6.97120000
4.05029022 -7.06890000
4.05338300 -7.16640000
4.05647579 -7.26350000
4.05956858 -7.36010000
4.06266137 -7.45620000
4.06575416 -7.55160000
4.06884696 -7.64640000
4.07193974 -7.74030000
4.07503254 -7.83330000
4.07812532 -7.92520000
4.08121811 -8.01600000
4.08431090 -8.10550000
4.08740369 -8.19360000
4.09049648 -8.28010000
4.09358928 -8.36470000
4.09668206 -8.44740000
4.09977486 -8.52790000
4.10286764 -8.60590000
4.10596043 -8.68130000
4.10905322 -8.75370000
4.11214601 -8.82280000
4.11523881 -8.88840000
4.11833160 -8.95010000
4.12142438 -9.00760000
4.12451718 -9.06050000
4.12760996 -9.10860000
4.13070275 -9.15160000
4.13379554 -9.18920000
4.13688833 -9.22130000
4.13998113 -9.24760000
4.14307392 -9.26820000
4.14616670 -9.28310000
4.14925950 -9.29230000
4.15235228 -9.29600000
4.15544507 -9.29430000
4.15853786 -9.28770000
4.16163065 -9.27630000
4.16472345 -9.26040000

0.00000000 0.00000000
0.00714250 -0.00240000
0.01428499 -0.00940000
0.02142749 -0.02120000
0.02856997 -0.03750000
0.03571247 -0.05850000
0.04285496 -0.08420000
0.04999746 -0.11440000
0.05713994 -0.14900000
0.06428244 -0.18800000
0.07142493 -0.23150000
0.07856743 -0.27920000
0.08570991 -0.33120000
0.09285241 -0.38760000
0.09999490 -0.44770000
0.10713740 -0.51180000
0.11427988 -0.57980000
0.12142238 -0.65150000
0.12856487 -0.72690000
0.13570737 -0.80590000
0.14284985 -0.88850000
0.14999235 -0.97440000
0.15713484 -1.06360000
0.16427734 -1.15610000
0.17141982 -1.25170000
0.17856232 -1.35030000
0.18570481 -1.45190000
0.19284731 -1.55630000
0.19998979 -1.66350000
0.20713229 -1.77350000
0.21427478 -1.88600000
0.22141728 -2.00110000
0.22855977 -2.11870000
0.23570227 -2.23870000
0.24284475 -2.36100000
0.24998725 -2.48550000
0.25712974 -2.61230000
0.26427224 -2.74120000
0.27141472 -2.87210000
0.27855722 -3.00510000
0.28569971 -3.14000000
0.29284221 -3.27680000
0.29998469 -3.41550000
0.30712719 -3.52530000
0.31426968 -3.61680000
0.32141218 -3.70700000
0.32855466 -3.79610000
0.33569716 -3.88390000
0.34283965 -3.97040000
0.34998215 -4.05560000
0.35712463 -4.13950000
0.36426713 -4.22200000
0.37140962 -4.30310000
0.37855212 -4.38280000
0.38569460 -4.46110000
0.39283710 -4.53790000
0.39997959 -4.61320000
0.40712209 -4.68700000
0.41426457 -4.75920000
0.42140707 -4.82990000
0.42854956 -4.89910000
0.43569206 -4.96670000
0.44283455 -5.03270000
0.44997705 -5.09710000
0.45711953 -5.15980000
0.46426203 -5.22090000
0.47140452 -5.28040000
0.47854702 -5.33820000
0.48568950 -5.39440000
0.49283200 -5.44880000
0.49997449 -5.50160000
0.50711699 -5.55260000
0.51425947 -5.60200000
0.52140197 -5.64960000
0.52854446 -5.69550000
0.53568696 -5.73970000
0.54282944 -5.78210000
0.54997194 -5.82270000
0.55711443 -5.86160000
0.56425693 -5.89870000
0.57139941 -5.93410000
0.57854191 -5.96760000
0.58568440 -5.99940000
0.59282690 -6.02940000
0.59996938 -6.05760000
0.60711188 -6.08400000
0.61425437 -6.10860000
0.62139687 -6.13140000
0.62853935 -6.15240000
0.63568185 -6.17150000
0.64282434 -6.18890000
0.64996684 -6.20440000
0.65710933 -6.21810000
0.66425183 -6.23000000
0.67139431 -6.24010000
0.67853681 -6.24830000
0.68567930 -6.25470000
0.69282180 -6.25930000
0.69996428 -6.26200000
0.70710678 -6.26300000
0.70710678 -6.26300000
0.71067802 -6.26350000
0.71424928 -6.26510000
0.71782052 -6.26770000
0.72139177 -6.27150000
0.72496301 -6.27620000
0.72853427 -6.28210000
0.73210551 -6.28890000
0.73567675 -6.29680000
0.73924799 -6.30570000
0.74281925 -6.31560000
0.74639049 -6.32660000
0.74996174 -6.33840000
0.75353298 -6.35130000
0.75710424 -6.36510000
0.76067548 -6.37980000
0.76424672 -6.39540000
0.76781797 -6.41190000
0.77138922 -6.42930000
0.77496047 -6.44750000
0.77853171 -6.46660000
0.78210295 -6.48640000
0.78567421 -6.50700000
0.78924545 -6.52840000
0.79281669 -6.55050000
0.79638794 -6.57320000
0.79995919 -6.59670000
0.80353044 -6.62080000
0.80710168 -6.64550000
0.81067292 -6.67070000
0.81424418 -6.69660000
0.81781542 -6.72300000
0.82138666 -6.74980000
0.82495791 -6.77720000
0.82852916 -6.80500000
0.83210041 -6.83320000
0.83567165 -6.86190000
0.83924289 -6.89080000
0.84281415 -6.92020000
0.84638539 -6.94980000
0.84995663 -6.97970000
0.85352788 -7.00980000
0.85709913 -7.04020000
0.86067038 -7.07080000
0.86424162 -7.10150000
0.86781286 -7.13240000
0.87138412 -7.16330000
0.87495536 -7.19440000
0.87852661 -7.22550000
0.88209785 -7.25670000
0.88566910 -7.28780000
0.88924035 -7.31890000
0.89281159 -7.35000000
0.89638283 -7.38100000
0.89995409 -7.41190000
0.90352533 -7.44260000
0.90709658 -7.47320000
0.91066782 -7.50360000
0.91423908 -7.53380000
0.91781032 -7.56370000
0.92138156 -7.59340000
0.92495280 -7.62270000
0.92852406 -7.65180000
0.93209530 -7.68050000
0.93566655 -7.70880000
0.93923779 -7.73670000
0.94280905 -7.76420000
0.94638029 -7.79130000
0.94995153 -7.81790000
0.95352277 -7.84390000
0.95709403 -7.86940000
0.96066527 -7.89440000
0.96423652 -7.91880000
0.96780776 -7.94260000
0.97137902 -7.96570000
0.97495026 -7.98820000
0.97852150 -8.01000000
0.98209275 -8.03110000
0.98566400 -8.05140000
0.98923525 -8.07100000
0.99280649 -8.08980000
0.99637773 -8.10780000
0.99994899 -8.12500000
1.00352023 -8.14130000
1.00709147 -8.15670000
1.01066272 -8.17130000
1.01423397 -8.18490000
1.01780522 -8.19760000
1.02137646 -8.20940000
1.02494770 -8.22020000
1.02851896 -8.23000000
1.03209020 -8.23880000
1.03566144 -8.24670000
1.03923269 -8.25350000
1.04280394 -8.25920000
1.04637519 -8.26400000
1.04994643 -8.26760000
1.05351767 -8.27030000
1.05708893 -8.27190000
1.06066017 -8.27240000
1.06066017 -8.27240000
1.06244580 -8.25280000
1.06423141 -8.23230000
1.06601704 -8.21080000
1.06780267 -8.18850000
1.06958829 -8.16520000
1.07137391 -8.14100000
1.07315953 -8.11590000
1.07494516 -8.09000000
1.07673079 -8.06320000
1.07851640 -8.03550000
1.08030203 -8.00710000
1.08208766 -7.97780000
1.08387327 -7.94780000
1.08565890 -7.91710000
1.08744451 -7.88560000
1.08923014 -7.85340000
1.09101577 -7.82060000
1.09280139 -7.78710000
1.09458701 -7.75290000
1.09637264 -7.71820000
1.09815826 -7.68290000
1.09994388 -7.64700000
1.10172950 -7.61060000
1.10351513 -7.57380000
1.10530076 -7.53640000
1.10708637 -7.49870000
1.10887200 -7.46050000
1.11065763 -7.42190000
1.11244324 -7.38290000
1.11422887 -7.34370000
1.11601448 -7.30410000
1.11780011 -7.26420000
1.11958574 -7.22410000
1.12137136 -7.18380000
1.12315698 -7.14330000
1.12494261 -7.10260000
1.12672823 -7.06180000
1.12851386 -7.02080000
1.13029947 -6.97980000
1.13208510 -6.93870000
1.13387073 -6.89750000
1.13565634 -6.85640000
1.13744197 -6.81530000
1.13922760 -6.77420000
1.14101321 -6.73320000
1.14279884 -6.69220000
1.14458446 -6.65140000
1.14637008 -6.61080000
1.14815571 -6.57030000
1.14994133 -6.53000000
1.15172696 -6.49000000
1.15351258 -6.45020000
1.15529820 -6.41070000
1.15708383 -6.37140000
1.15886944 -6.33260000
1.16065507 -6.29400000
1.16244070 -6.25590000
1.16422631 -6.21820000
1.16601194 -6.18090000
1.16779757 -6.14410000
1.16958318 -6.10770000
1.17136881 -6.07190000
1.17315443 -6.03660000
1.17494005 -6.00190000
1.17672568 -5.96780000
1.17851130 -5.93430000
1.18029693 -5.90150000
1.18208255 -5.86940000
1.18386817 -5.83790000
1.18565380 -5.80720000
1.18743941 -5.77720000
1.18922504 -5.74800000
1.19101067 -5.71960000
1.19279628 -5.69210000
1.19458191 -5.66530000
1.19636754 -5.63950000
1.19815315 -5.61460000
1.19993878 -5.59060000
1.20172440 -5.56750000
1.20351003 -5.54540000
1.20529565 -5.52440000
1.20708127 -5.50430000
1.20886690 -5.48520000
1.21065252 -5.46720000
1.21243814 -5.45030000
1.21422377 -5.43440000
1.21600938 -5.41970000
1.21779501 -5.40610000
1.21958064 -5.39360000
1.22136625 -5.38230000
1.22315188 -5.37210000
1.22493751 -5.36310000
1.22672312 -5.35530000
1.22850875 -5.34860000
1.23029437 -5.34320000
1.23208000 -5.33890000
1.23386562 -5.33590000
1.23565124 -5.33410000
1.23743687 -5.33350000
1.23743687 -5.33350000
1.24671524 -5.27850000
1.25599361 -5.22220000
1.26527198 -5.16460000
1.27455035 -5.10560000
1.28382872 -5.04540000
1.29310709 -4.98400000
1.30238546 -4.92130000
1.31166383 -4.85740000
1.32094220 -4.79240000
1.33022057 -4.72630000
1.33949894 -4.65910000
1.34877731 -4.59080000
1.35805568 -4.52160000
1.36733405 -4.45140000
1.37661242 -4.38020000
1.38589079 -4.30820000
1.39516916 -4.23540000
1.40444754 -4.16170000
1.41372590 -4.08730000
1.42300427 -4.01220000
1.43228264 -3.93640000
1.44156101 -3.86010000
1.45083938 -3.78310000
1.46011775 -3.70570000
1.46939612 -3.62780000
1.47867450 -3.54950000
1.48795286 -3.47090000
1.49723124 -3.39190000
1.50650960 -3.31280000
1.51578797 -3.23350000
1.52506634 -3.15400000
1.53434471 -3.07450000
1.54362308 -2.99500000
1.55290146 -2.91550000
1.56217983 -2.83620000
1.57145820 -2.75710000
1.58073657 -2.67820000
1.59001493 -2.59960000
1.59929331 -2.52140000
1.60857167 -2.44360000
1.61785005 -2.36630000
1.62712842 -2.28960000
1.63640679 -2.21340000
1.64568516 -2.13800000
1.65496353 -2.06330000
1.66424190 -1.98940000
1.67352027 -1.91630000
1.68279863 -1.84410000
1.69207701 -1.77290000
1.70135538 -1.70280000
1.71063375 -1.63370000
1.71991212 -1.56570000
1.72919049 -1.49880000
1.73846886 -1.43320000
1.74774723 -1.36890000
1.75702560 -1.30580000
1.76630397 -1.24410000
1.77558234 -1.18370000
1.78486071 -1.12480000
1.79413908 -1.06720000
1.80341745 -1.01120000
1.81269582 -0.95660000
1.82197419 -0.90350000
1.83125256 -0.85200000
1.84053093 -0.80200000
1.84980930 -0.75350000
1.85908768 -0.70660000
1.86836605 -0.66130000
1.87764441 -0.61760000
1.88692279 -0.57540000
1.89620115 -0.53480000
1.90547953 -0.49580000
1.91475789 -0.45820000
1.92403626 -0.42230000
1.93331464 -0.38810000
1.94259301 -0.35530000
1.95187138 -0.32410000
1.96114975 -0.29450000
1.97042811 -0.26630000
1.97970649 -0.23960000
1.98898485 -0.21440000
1.99826323 -0.19080000
2.00754160 -0.16860000
2.01681997 -0.14780000
2.02609834 -0.12840000
2.03537671 -0.11050000
2.04465507 -0.09390000
2.05393345 -0.07870000
2.06321181 -0.06490000
2.07249019 -0.05250000
2.08176856 -0.04140000
2.09104693 -0.03170000
2.10032530 -0.02330000
2.10960367 -0.01620000
2.11888204 -0.01030000
2.12816041 -0.00580000
2.13743877 -0.00260000
2.14671715 -0.00070000
2.15599552 0.00000000
2.15599552 0.00000000
2.16474326 -0.00130000
2.17349098 -0.00520000
2.18223872 -0.01170000
2.19098645 -0.02070000
2.19973419 -0.03230000
2.20848191 -0.04620000
2.21722965 -0.06260000
2.22597737 -0.08120000
2.23472511 -0.10210000
2.24347283 -0.12520000
2.25222057 -0.15040000
2.26096830 -0.17750000
2.26971604 -0.20640000
2.27846376 -0.23700000
2.28721150 -0.26930000
2.29595922 -0.30310000
2.30470696 -0.33840000
2.31345468 -0.37490000
2.32220242 -0.41270000
2.33095015 -0.45150000
2.33969789 -0.49140000
2.34844561 -0.53220000
2.35719335 -0.57380000
2.36594107 -0.61620000
2.37468881 -0.65920000
2.38343653 -0.70270000
2.39218427 -0.74690000
2.40093200 -0.79140000
2.40967974 -0.83610000
2.41842746 -0.88110000
2.42717520 -0.92640000
2.43592292 -0.97170000
2.44467066 -1.01710000
2.45341838 -1.06260000
2.46216612 -1.10800000
2.47091385 -1.15330000
2.47966159 -1.19850000
2.48840931 -1.24350000
2.49715705 -1.28820000
2.50590477 -1.33280000
2.51465251 -1.37700000
2.52340023 -1.42080000
2.53214797 -1.46430000
2.54089570 -1.50740000
2.54964344 -1.55010000
2.55839116 -1.59230000
2.56713890 -1.63400000
2.57588662 -1.67510000
2.58463436 -1.71580000
2.59338208 -1.75590000
2.60212982 -1.79540000
2.61087755 -1.83430000
2.61962529 -1.87250000
2.62837301 -1.91020000
2.63712075 -1.94720000
2.64586847 -1.98340000
2.65461621 -2.01910000
2.66336393 -2.05400000
2.67211167 -2.08820000
2.68085940 -2.12170000
2.68960714 -2.15440000
2.69835486 -2.18640000
2.70710260 -2.21760000
2.71585032 -2.24810000
2.72459806 -2.27780000
2.73334578 -2.30670000
2.74209352 -2.33480000
2.75084125 -2.36210000
2.75958899 -2.38850000
2.76833671 -2.41420000
2.77708445 -2.43910000
2.78583217 -2.46310000
2.79457991 -2.48630000
2.80332763 -2.50860000
2.81207537 -2.53010000
2.82082310 -2.55080000
2.82957084 -2.57060000
2.83831856 -2.58950000
2.84706630 -2.60760000
2.85581402 -2.62480000
2.86456176 -2.64120000
2.87330948 -2.65670000
2.88205722 -2.67130000
2.89080495 -2.68500000
2.89955269 -2.69790000
2.90830041 -2.70990000
2.91704815 -2.72100000
2.92579587 -2.73120000
2.93454361 -2.74050000
2.94329133 -2.74900000
2.95203907 -2.75650000
2.96078680 -2.76320000
2.96953454 -2.76900000
2.97828226 -2.77390000
2.98703000 -2.77790000
2.99577772 -2.78100000
3.00452546 -2.78320000
3.01327318 -2.78460000
3.02202092 -2.78500000
3.02202092 -2.78500000
3.02511372 -2.78560000
3.02820651 -2.78740000
3.03129930 -2.79050000
3.03439209 -2.79470000
3.03748487 -2.80020000
3.04057767 -2.80680000
3.04367045 -2.81470000
3.04676324 -2.82370000
3.04985604 -2.83390000
3.05294883 -2.84520000
3.05604162 -2.85760000
3.05913441 -2.87110000
3.06222719 -2.88570000
3.06531999 -2.90130000
3.06841277 -2.91800000
3.07150557 -2.93570000
3.07459836 -2.95440000
3.07769115 -2.97410000
3.08078394 -2.99460000
3.08387673 -3.01610000
3.08696951 -3.03850000
3.09006231 -3.06170000
3.09315509 -3.08570000
3.09624789 -3.11050000
3.09934068 -3.13600000
3.10243347 -3.16230000
3.10552626 -3.18930000
3.10861905 -3.21690000
3.11171183 -3.24510000
3.11480463 -3.27400000
3.11789741 -3.30340000
3.12099021 -3.33330000
3.12408300 -3.36380000
3.12717579 -3.39470000
3.13026858 -3.42600000
3.13336137 -3.45780000
3.13645415 -3.48990000
3.13954695 -3.52240000
3.14263974 -3.55530000
3.14573253 -3.58840000
3.14882532 -3.62180000
3.15191811 -3.65540000
3.15501090 -3.68930000
3.15810369 -3.72330000
3.16119647 -3.75750000
3.16428927 -3.79180000
3.16738206 -3.82630000
3.17047485 -3.86080000
3.17356764 -3.89540000
3.17666043 -3.93000000
3.17975322 -3.96470000
3.18284601 -3.99930000
3.18593879 -4.03390000
3.18903159 -4.06850000
3.19212438 -4.10300000
3.19521717 -4.13750000
3.19830996 -4.17180000
3.20140275 -4.20600000
3.20449554 -4.24010000
3.20758833 -4.27400000
3.21068111 -4.30770000
3.21377391 -4.34130000
3.21686670 -4.37460000
3.21995949 -4.40770000
3.22305228 -4.44060000
3.22614507 -4.47320000
3.22923786 -4.50560000
3.23233065 -4.53760000
3.23542343 -4.56940000
3.23851623 -4.60090000
3.24160902 -4.63200000
3.24470181 -4.66280000
3.24779460 -4.69330000
3.25088739 -4.72340000
3.25398018 -4.75320000
3.25707297 -4.78260000
3.26016576 -4.81150000
3.26325855 -4.84010000
3.26635134 -4.86830000
3.26944413 -4.89610000
3.27253692 -4.92340000
3.27562971 -4.95030000
3.27872250 -4.97680000
3.28181529 -5.00280000
3.28490808 -5.02830000
3.28800087 -5.05340000
3.29109366 -5.07800000
3.29418645 -5.10210000
3.29727924 -5.12570000
3.30037203 -5.14880000
3.30346482 -5.17140000
3.30655761 -5.19350000
3.30965040 -5.21510000
3.31274320 -5.23620000
3.31583598 -5.25670000
3.31892877 -5.27670000
3.32202156 -5.29620000
3.32511435 -5.31510000
3.32820714 -5.33350000
3.32820714 -5.33350000
3.32999277 -5.33410000
3.33177839 -5.33590000
3.33356401 -5.33890000
3.33534964 -5.34320000
3.33713526 -5.34860000
3.33892088 -5.35530000
3.34070650 -5.36310000
3.34249213 -5.37210000
3.34427776 -5.38230000
3.34606337 -5.39360000
3.34784900 -5.40610000
3.34963463 -5.41970000
3.35142024 -5.43440000
3.35320587 -5.45030000
3.35499148 -5.46720000
3.35677711 -5.48520000
3.35856274 -5.50430000
3.36034836 -5.52440000
3.36213398 -5.54540000
3.36391961 -5.56750000
3.36570523 -5.59060000
3.36749086 -5.61460000
3.36927647 -5.63950000
3.37106210 -5.66530000
3.37284773 -5.69210000
3.37463334 -5.71960000
3.37641897 -5.74800000
3.37820460 -5.77720000
3.37999021 -5.80720000
3.38177584 -5.83790000
3.38356146 -5.86940000
3.38534708 -5.90150000
3.38713271 -5.93430000
3.38891833 -5.96780000
3.39070395 -6.00190000
3.39248958 -6.03660000
3.39427520 -6.07190000
3.39606083 -6.10770000
3.39784644 -6.14410000
3.39963207 -6.18090000
3.40141770 -6.21820000
3.40320331 -6.25590000
3.40498894 -6.29400000
3.40677457 -6.33260000
3.40856018 -6.37140000
3.41034581 -6.41070000
3.41213143 -6.45020000
3.41391705 -6.49000000
3.41570268 -6.53000000
3.41748830 -6.57030000
3.41927393 -6.61080000
3.42105955 -6.65140000
3.42284517 -6.69220000
3.42463080 -6.73320000
3.42641641 -6.77420000
3.42820204 -6.81530000
3.42998767 -6.85640000
3.43177328 -6.89750000
3.43355891 -6.93870000
3.43534454 -6.97980000
3.43713015 -7.02080000
3.43891578 -7.06180000
3.44070140 -7.10260000
3.44248702 -7.14330000
3.44427265 -7.18380000
3.44605827 -7.22410000
3.44784390 -7.26420000
3.44962952 -7.30410000
3.45141514 -7.34370000
3.45320077 -7.38290000
3.45498638 -7.42190000
3.45677201 -7.46050000
3.45855764 -7.49870000
3.46034325 -7.53640000
3.46212888 -7.57380000
3.46391451 -7.61060000
3.46570012 -7.64700000
3.46748575 -7.68290000
3.46927137 -7.71820000
3.47105700 -7.75290000
3.47284262 -7.78710000
3.47462824 -7.82060000
3.47641387 -7.85340000
3.47819950 -7.88560000
3.47998511 -7.91710000
3.48177074 -7.94780000
3.48355635 -7.97780000
3.48534198 -8.00710000
3.48712761 -8.03550000
3.48891322 -8.06320000
3.49069885 -8.09000000
3.49248448 -8.11590000
3.49427010 -8.14100000
3.49605572 -8.16520000
3.49784134 -8.18850000
3.49962697 -8.21080000
3.50141259 -8.23230000
3.50319821 -8.25280000
3.50498384 -8.27240000
3.50498384 -8.27240000
3.50855508 -8.21720000
3.51212634 -8.16000000
3.51569758 -8.10070000
3.51926882 -8.03960000
3.52284007 -7.97680000
3.52641132 -7.91250000
3.52998257 -7.84680000
3.53355381 -7.77980000
3.53712505 -7.71150000
3.54069631 -7.64220000
3.54426755 -7.57180000
3.54783879 -7.50040000
3.55141004 -7.42820000
3.55498129 -7.35520000
3.55855254 -7.28150000
3.56212378 -7.20710000
3.56569502 -7.13210000
3.56926628 -7.05650000
3.57283752 -6.98050000
3.57640876 -6.90400000
3.57998001 -6.82710000
3.58355126 -6.74990000
3.58712251 -6.67240000
3.59069375 -6.59460000
3.59426499 -6.51670000
3.59783625 -6.43860000
3.60140749 -6.36040000
3.60497873 -6.28210000
3.60854998 -6.20380000
3.61212123 -6.12550000
3.61569248 -6.04730000
3.61926372 -5.96920000
3.62283496 -5.89120000
3.62640622 -5.81340000
3.62997746 -5.73580000
3.63354871 -5.65850000
3.63711995 -5.58140000
3.64069121 -5.50480000
3.64426245 -5.42850000
3.64783369 -5.35260000
3.65140493 -5.27720000
3.65497619 -5.20230000
3.65854743 -5.12790000
3.66211868 -5.05420000
3.66568992 -4.98100000
3.66926118 -4.90850000
3.67283242 -4.83670000
3.67640366 -4.76560000
3.67997490 -4.69530000
3.68354616 -4.62580000
3.68711740 -4.55720000
3.69068865 -4.48940000
3.69425989 -4.42260000
3.69783115 -4.35670000
3.70140239 -4.29190000
3.70497363 -4.22800000
3.70854488 -4.16520000
3.71211613 -4.10350000
3.71568737 -4.04290000
3.71925862 -3.98350000
3.72282986 -3.92530000
3.72640112 -3.86820000
3.72997236 -3.81250000
3.73354360 -3.75800000
3.73711485 -3.70470000
3.74068610 -3.65290000
3.74425735 -3.60230000
3.74782859 -3.55320000
3.75139983 -3.50540000
3.75497109 -3.45900000
3.75854233 -3.41410000
3.76211357 -3.37060000
3.76568482 -3.32860000
3.76925607 -3.28810000
3.77282732 -3.24910000
3.77639856 -3.21160000
3.77996980 -3.17560000
3.78354106 -3.14110000
3.78711230 -3.10820000
3.79068354 -3.07690000
3.79425479 -3.04710000
3.79782604 -3.01890000
3.80139729 -2.99230000
3.80496853 -2.96730000
3.80853977 -2.94390000
3.81211103 -2.92200000
3.81568227 -2.90180000
3.81925351 -2.88320000
3.82282476 -2.86620000
3.82639601 -2.85080000
3.82996726 -2.83700000
3.83353850 -2.82480000
3.83710974 -2.81430000
3.84068100 -2.80530000
3.84425224 -2.79800000
3.84782349 -2.79230000
3.85139473 -2.78830000
3.85496599 -2.78580000
3.85853723 -2.78500000
3.85853723 -2.78500000
3.86163002 -2.78560000
3.86472281 -2.78740000
3.86781560 -2.79050000
3.87090839 -2.79470000
3.87400118 -2.80020000
3.87709397 -2.80680000
3.88018676 -2.81470000
3.88327955 -2.82370000
3.88637234 -2.83390000
3.88946513 -2.84520000
3.89255792 -2.85760000
3.89565071 -2.87110000
3.89874350 -2.88570000
3.90183629 -2.90130000
3.90492908 -2.91800000
3.90802187 -2.93570000
3.91111466 -2.95440000
3.91420745 -2.97410000
3.91730024 -2.99460000
3.92039303 -3.01610000
3.92348582 -3.03850000
3.92657862 -3.06170000
3.92967140 -3.08570000
3.93276419 -3.11050000
3.93585698 -3.13600000
3.93894977 -3.16230000
3.94204256 -3.18930000
3.94513535 -3.21690000
3.94822814 -3.24510000
3.95132094 -3.27400000
3.95441372 -3.30340000
3.95750651 -3.33330000
3.96059930 -3.36380000
3.96369209 -3.39470000
3.96678488 -3.42600000
3.96987767 -3.45780000
3.97297046 -3.48990000
3.97606326 -3.52240000
3.97915604 -3.55530000
3.98224883 -3.58840000
3.98534162 -3.62180000
3.98843441 -3.65540000
3.99152720 -3.68930000
3.99461999 -3.72330000
3.99771278 -3.75750000
4.00080558 -3.79180000
4.00389836 -3.82630000
4.00699115 -3.86080000
4.01008394 -3.89540000
4.01317673 -3.93000000
4.01626952 -3.96470000
4.01936231 -3.99930000
4.02245510 -4.03390000
4.02554790 -4.06850000
4.02864068 -4.10300000
4.03173347 -4.13750000
4.03482626 -4.17180000
4.03791905 -4.20600000
4.04101184 -4.24010000
4.04410464 -4.27400000
4.04719742 -4.30770000
4.05029022 -4.34130000
4.05338300 -4.37460000
4.05647579 -4.40770000
4.05956858 -4.44060000
4.06266137 -4.47320000
4.06575416 -4.50560000
4.06884696 -4.53760000
4.07193974 -4.56940000
4.07503254 -4.60090000
4.07812532 -4.63200000
4.08121811 -4.66280000
4.08431090 -4.69330000
4.08740369 -4.72340000
4.09049648 -4.75320000
4.09358928 -4.78260000
4.09668206 -4.81150000
4.09977486 -4.84010000
4.10286764 -4.86830000
4.10596043 -4.89610000
4.10905322 -4.92340000
4.11214601 -4.95030000
4.11523881 -4.97680000
4.11833160 -5.00280000
4.12142438 -5.02830000
4.12451718 -5.05340000
4.12760996 -5.07800000
4.13070275 -5.10210000
4.13379554 -5.12570000
4.13688833 -5.14880000
4.13998113 -5.17140000
4.14307392 -5.19350000
4.14616670 -5.21510000
4.14925950 -5.23620000
4.15235228 -5.25670000
4.15544507 -5.27670000
4.15853786 -5.29620000
4.16163065 -5.31510000
4.16472345 -5.33350000

0.00000000 5.57440000
0.00714250 5.57370000
0.01428499 5.57140000
0.02142749 5.56760000
0.02856997 5.56230000
0.03571247 5.55550000
0.04285496 5.54680000
0.04999746 5.53700000
0.05713994 5.52580000
0.06428244 5.51320000
0.07142493 5.49890000
0.07856743 5.48360000
0.08570991 5.46700000
0.09285241 5.44920000
0.09999490 5.43020000
0.10713740 5.41000000
0.11427988 5.38870000
0.12142238 5.36640000
0.12856487 5.34300000
0.13570737 5.31880000
0.14284985 5.29420000
0.14999235 5.26810000
0.15713484 5.24140000
0.16427734 5.21390000
0.17141982 5.18570000
0.17856232 5.15700000
0.18570481 5.12770000
0.19284731 5.09800000
0.19998979 5.06790000
0.20713229 5.03740000
0.21427478 5.00670000
0.22141728 4.97570000
0.22855977 4.94450000
0.23570227 4.91320000
0.24284475 4.88190000
0.24998725 4.85060000
0.25712974 4.81930000
0.26427224 4.78810000
0.27141472 4.75710000
0.27855722 4.72630000
0.28569971 4.69580000
0.29284221 4.66560000
0.29998469 4.63570000
0.30712719 4.60630000
0.31426968 4.57730000
0.32141218 4.54880000
0.32855466 4.52090000
0.33569716 4.49360000
0.34283965 4.46690000
0.34998215 4.44090000
0.35712463 4.41560000
0.36426713 4.39100000
0.37140962 4.36730000
0.37855212 4.34440000
0.38569460 4.32250000
0.39283710 4.30140000
0.39997959 4.28120000
0.40712209 4.26210000
0.41426457 4.24390000
0.42140707 4.22690000
0.42854956 4.21090000
0.43569206 4.19600000
0.44283455 4.18230000
0.44997705 4.16980000
0.45711953 4.15830000
0.46426203 4.14830000
0.47140452 4.13950000
0.47854702 4.13200000
0.48568950 4.12580000
0.49283200 4.12120000
0.49997449 4.11780000
0.50711699 4.11580000
0.51425947 4.11520000
0.52140197 4.11620000
0.52854446 4.11860000
0.53568696 4.12260000
0.54282944 4.12800000
0.54997194 4.13510000
0.55711443 4.14380000
0.56425693 4.15420000
0.57139941 4.16620000
0.57854191 4.18000000
0.58568440 4.19540000
0.59282690 4.21260000
0.59996938 4.23160000
0.60711188 4.25230000
0.61425437 4.27490000
0.62139687 4.29930000
0.62853935 4.32560000
0.63568185 4.35380000
0.64282434 4.38390000
0.64996684 4.41600000
0.65710933 4.45000000
0.66425183 4.48610000
0.67139431 4.52400000
0.67853681 4.56420000
0.68567930 4.60640000
0.69282180 4.65080000
0.69996428 4.69720000
0.70710678 4.74590000
0.70710678 4.74590000
0.71067802 4.74690000
0.71424928 4.74980000
0.71782052 4.75470000
0.72139177 4.76150000
0.72496301 4.77030000
0.72853427 4.78110000
0.73210551 4.79370000
0.73567675 4.80830000
0.73924799 4.82490000
0.74281925 4.84330000
0.74639049 4.86360000
0.74996174 4.88570000
0.75353298 4.90980000
0.75710424 4.93560000
0.76067548 4.96330000
0.76424672 4.99280000
0.76781797 5.02400000
0.77138922 5.05700000
0.77496047 5.09180000
0.77853171 5.12820000
0.78210295 5.16640000
0.78567421 5.20620000
0.78924545 5.24770000
0.79281669 5.29080000
0.79638794 5.33540000
0.79995919 5.38170000
0.80353044 5.42940000
0.80710168 5.47870000
0.81067292 5.52940000
0.81424418 5.58160000
0.81781542 5.63530000
0.82138666 5.69030000
0.82495791 5.74670000
0.82852916 5.80440000
0.83210041 5.86350000
0.83567165 5.92400000
0.83924289 5.98560000
0.84281415 6.04840000
0.84638539 6.11250000
0.84995663 6.17770000
0.85352788 6.24410000
0.85709913 6.31160000
0.86067038 6.38010000
0.86424162 6.44970000
0.86781286 6.52030000
0.87138412 6.59200000
0.87495536 6.66460000
0.87852661 6.73820000
0.88209785 6.81270000
0.88566910 6.88810000
0.88924035 6.96440000
0.89281159 7.04150000
0.89638283 7.11950000
0.89995409 7.19820000
0.90352533 7.27760000
0.90709658 7.35780000
0.91066782 7.43870000
0.91423908 7.52030000
0.91781032 7.60250000
0.92138156 7.68540000
0.92495280 7.76880000
0.92852406 7.85280000
0.93209530 7.93720000
0.93566655 8.02220000
0.93923779 8.10770000
0.94280905 8.19350000
0.94638029 8.27980000
0.94995153 8.36640000
0.95352277 8.45330000
0.95709403 8.54050000
0.96066527 8.62790000
0.96423652 8.71550000
0.96780776 8.80320000
0.97137902 8.89090000
0.97495026 8.97870000
0.97852150 9.06640000
0.98209275 9.15400000
0.98566400 9.24140000
0.98923525 9.32850000
0.99280649 9.41520000
0.99637773 9.50140000
0.99994899 9.58700000
1.00352023 9.67170000
1.00709147 9.75540000
1.01066272 9.83870000
1.01423397 9.91980000
1.01780522 9.99960000
1.02137646 10.07690000
1.02494770 10.15170000
1.02851896 10.22340000
1.03209020 10.29150000
1.03566144 10.35520000
1.03923269 10.41380000
1.04280394 10.46610000
1.04637519 10.51110000
1.04994643 10.54770000
1.05351767 10.57490000
1.05708893 10.59160000
1.06066017 10.59720000
1.06066017 10.59720000
1.06244580 10.57790000
1.06423141 10.55260000
1.06601704 10.52180000
1.06780267 10.48570000
1.06958829 10.44480000
1.07137391 10.39950000
1.07315953 10.35040000
1.07494516 10.29770000
1.07673079 10.24200000
1.07851640 10.18360000
1.08030203 10.12290000
1.08208766 10.06020000
1.08387327 9.99570000
1.08565890 9.92980000
1.08744451 9.86260000
1.08923014 9.79420000
1.09101577 9.72500000
1.09280139 9.65490000
1.09458701 9.58340000
1.09637264 9.51220000
1.09815826 9.44050000
1.09994388 9.36840000
1.10172950 9.29610000
1.10351513 9.22350000
1.10530076 9.15050000
1.10708637 9.07770000
1.10887200 9.00490000
1.11065763 8.93210000
1.11244324 8.85940000
1.11422887 8.78690000
1.11601448 8.71450000
1.11780011 8.64230000
1.11958574 8.57030000
1.12137136 8.49860000
1.12315698 8.42720000
1.12494261 8.35610000
1.12672823 8.28540000
1.12851386 8.21500000
1.13029947 8.14510000
1.13208510 8.07570000
1.13387073 8.00670000
1.13565634 7.93820000
1.13744197 7.87030000
1.13922760 7.80290000
1.14101321 7.73610000
1.14279884 7.66990000
1.14458446 7.60430000
1.14637008 7.53940000
1.14815571 7.47510000
1.14994133 7.41160000
1.15172696 7.34880000
1.15351258 7.28670000
1.15529820 7.22550000
1.15708383 7.16500000
1.15886944 7.10530000
1.16065507 7.04650000
1.16244070 6.98860000
1.16422631 6.93160000
1.16601194 6.87550000
1.16779757 6.82030000
1.16958318 6.76620000
1.17136881 6.71300000
1.17315443 6.66090000
1.17494005 6.60980000
1.17672568 6.55970000
1.17851130 6.51080000
1.18029693 6.46290000
1.18208255 6.41620000
1.18386817 6.37070000
1.18565380 6.32650000
1.18743941 6.28340000
1.18922504 6.24160000
1.19101067 6.20110000
1.19279628 6.16180000
1.19458191 6.12390000
1.19636754 6.08730000
1.19815315 6.05210000
1.19993878 6.01830000
1.20172440 5.98590000
1.20351003 5.95490000
1.20529565 5.92540000
1.20708127 5.89730000
1.20886690 5.87070000
1.21065252 5.84570000
1.21243814 5.82210000
1.21422377 5.80020000
1.21600938 5.77970000
1.21779501 5.76090000
1.21958064 5.74360000
1.22136625 5.72790000
1.22315188 5.71390000
1.22493751 5.70150000
1.22672312 5.69070000
1.22850875 5.68160000
1.23029437 5.67410000
1.23208000 5.66820000
1.23386562 5.66410000
1.23565124 5.66160000
1.23743687 5.66070000
1.23743687 5.66070000
1.24671524 5.71530000
1.25599361 5.77120000
1.26527198 5.82850000
1.27455035 5.88710000
1.28382872 5.94700000
1.29310709 6.00810000
1.30238546 6.07050000
1.31166383 6.13400000
1.32094220 6.19860000
1.33022057 6.26440000
1.33949894 6.33110000
1.34877731 6.39890000
1.35805568 6.46750000
1.36733405 6.53700000
1.37661242 6.60730000
1.38589079 6.67840000
1.39516916 6.75010000
1.40444754 6.82230000
1.41372590 6.89500000
1.42300427 6.96820000
1.43228264 7.04160000
1.44156101 7.11520000
1.45083938 7.18880000
1.46011775 7.26270000
1.46939612 7.33610000
1.47867450 7.40930000
1.48795286 7.48200000
1.49723124 7.55410000
1.50650960 7.62550000
1.51578797 7.69590000
1.52506634 7.76520000
1.53434471 7.83330000
1.54362308 7.90000000
1.55290146 7.96480000
1.56217983 8.02740000
1.57145820 8.08830000
1.58073657 8.14700000
1.59001493 8.20310000
1.59929331 8.25640000
1.60857167 8.30690000
1.61785005 8.35400000
1.62712842 8.39790000
1.63640679 8.43810000
1.64568516 8.47460000
1.65496353 8.50710000
1.66424190 8.47750000
1.67352027 8.37330000
1.68279863 8.27080000
1.69207701 8.16980000
1.70135538 8.07060000
1.71063375 7.97310000
1.71991212 7.87720000
1.72919049 7.78310000
1.73846886 7.69080000
1.74774723 7.60030000
1.75702560 7.51150000
1.76630397 7.42460000
1.77558234 7.33950000
1.78486071 7.25630000
1.79413908 7.17500000
1.80341745 7.09550000
1.81269582 7.01740000
1.82197419 6.94170000
1.83125256 6.86800000
1.84053093 6.79620000
1.84980930 6.72640000
1.85908768 6.65850000
1.86836605 6.59260000
1.87764441 6.52870000
1.88692279 6.46680000
1.89620115 6.40690000
1.90547953 6.34900000
1.91475789 6.29280000
1.92403626 6.23900000
1.93331464 6.18720000
1.94259301 6.13750000
1.95187138 6.08990000
1.96114975 6.04430000
1.97042811 6.00080000
1.97970649 5.95980000
1.98898485 5.92050000
1.99826323 5.88320000
2.00754160 5.84810000
2.01681997 5.81510000
2.02609834 5.78410000
2.03537671 5.75530000
2.04465507 5.72860000
2.05393345 5.70400000
2.06321181 5.68160000
2.07249019 5.66120000
2.08176856 5.64300000
2.09104693 5.62700000
2.10032530 5.61310000
2.10960367 5.60130000
2.11888204 5.59170000
2.12816041 5.58420000
2.13743877 5.57880000
2.14671715 5.57560000
2.15599552 5.57440000
2.15599552 5.57440000
2.16474326 5.57620000
2.17349098 5.58130000
2.18223872 5.58970000
2.19098645 5.60150000
2.19973419 5.61650000
2.20848191 5.63470000
2.21722965 5.65610000
2.22597737 5.68050000
2.23472511 5.70780000
2.24347283 5.73800000
2.25222057 5.77050000
2.26096830 5.80600000
2.26971604 5.84400000
2.27846376 5.88430000
2.28721150 5.92680000
2.29595922 5.97130000
2.30470696 6.01780000
2.31345468 6.06600000
2.32220242 6.11590000
2.33095015 6.16720000
2.33969789 6.21990000
2.34844561 6.27380000
2.35719335 6.32880000
2.36594107 6.38470000
2.37468881 6.44140000
2.38343653 6.49880000
2.39218427 6.55660000
2.40093200 6.61480000
2.40967974 6.67340000
2.41842746 6.73240000
2.42717520 6.79110000
2.43592292 6.84980000
2.44467066 6.90820000
2.45341838 6.96640000
2.46216612 7.02410000
2.47091385 7.08140000
2.47966159 7.13800000
2.48840931 7.19390000
2.49715705 7.24910000
2.50590477 7.30330000
2.51465251 7.35660000
2.52340023 7.40890000
2.53214797 7.46010000
2.54089570 7.51010000
2.54964344 7.55890000
2.55839116 7.60630000
2.56713890 7.65250000
2.57588662 7.69730000
2.58463436 7.74060000
2.59338208 7.78250000
2.60212982 7.82290000
2.61087755 7.86190000
2.61962529 7.89930000
2.62837301 7.93510000
2.63712075 7.96950000
2.64586847 8.00300000
2.65461621 8.03420000
2.66336393 8.06400000
2.67211167 8.09220000
2.68085940 8.11900000
2.68960714 8.14430000
2.69835486 8.16820000
2.70710260 8.19070000
2.71585032 8.21180000
2.72459806 8.23150000
2.73334578 8.25000000
2.74209352 8.26720000
2.75084125 8.28330000
2.75958899 8.29820000
2.76833671 8.31190000
2.77708445 8.32470000
2.78583217 8.33640000
2.79457991 8.34710000
2.80332763 8.35700000
2.81207537 8.36590000
2.82082310 8.37410000
2.82957084 8.38160000
2.83831856 8.38850000
2.84706630 8.39450000
2.85581402 8.40000000
2.86456176 8.40480000
2.87330948 8.40900000
2.88205722 8.41290000
2.89080495 8.41630000
2.89955269 8.41930000
2.90830041 8.42190000
2.91704815 8.42420000
2.92579587 8.42620000
2.93454361 8.42790000
2.94329133 8.42940000
2.95203907 8.43060000
2.96078680 8.43170000
2.96953454 8.43260000
2.97828226 8.43330000
2.98703000 8.43380000
2.99577772 8.43440000
3.00452546 8.43470000
3.01327318 8.43490000
3.02202092 8.43500000
3.02202092 8.43500000
3.02511372 8.43460000
3.02820651 8.43350000
3.03129930 8.43150000
3.03439209 8.42850000
3.03748487 8.42440000
3.04057767 8.41910000
3.04367045 8.41250000
3.04676324 8.40430000
3.04985604 8.39460000
3.05294883 8.38320000
3.05604162 8.37030000
3.05913441 8.35580000
3.06222719 8.33970000
3.06531999 8.32200000
3.06841277 8.30290000
3.07150557 8.28240000
3.07459836 8.26050000
3.07769115 8.23720000
3.08078394 8.21280000
3.08387673 8.18710000
3.08696951 8.16040000
3.09006231 8.13250000
3.09315509 8.10370000
3.09624789 8.07390000
3.09934068 8.04330000
3.10243347 8.01180000
3.10552626 7.97950000
3.10861905 7.94640000
3.11171183 7.91260000
3.11480463 7.87820000
3.11789741 7.84330000
3.12099021 7.80780000
3.12408300 7.77180000
3.12717579 7.73510000
3.13026858 7.69830000
3.13336137 7.66110000
3.13645415 7.62350000
3.13954695 7.58570000
3.14263974 7.54760000
3.14573253 7.50930000
3.14882532 7.47090000
3.15191811 7.43230000
3.15501090 7.39360000
3.15810369 7.35480000
3.16119647 7.31590000
3.16428927 7.27700000
3.16738206 7.23820000
3.17047485 7.19920000
3.17356764 7.16040000
3.17666043 7.12180000
3.17975322 7.08330000
3.18284601 7.04480000
3.18593879 7.00660000
3.18903159 6.96850000
3.19212438 6.93060000
3.19521717 6.89300000
3.19830996 6.85560000
3.20140275 6.81840000
3.20449554 6.78160000
3.20758833 6.74500000
3.21068111 6.70860000
3.21377391 6.67270000
3.21686670 6.63710000
3.21995949 6.60190000
3.22305228 6.56700000
3.22614507 6.53250000
3.22923786 6.49840000
3.23233065 6.46470000
3.23542343 6.43150000
3.23851623 6.39870000
3.24160902 6.36630000
3.24470181 6.33430000
3.24779460 6.30280000
3.25088739 6.27180000
3.25398018 6.24120000
3.25707297 6.21110000
3.26016576 6.18150000
3.26325855 6.15250000
3.26635134 6.12390000
3.26944413 6.09580000
3.27253692 6.06820000
3.27562971 6.04110000
3.27872250 6.01450000
3.28181529 5.98850000
3.28490808 5.96290000
3.28800087 5.93790000
3.29109366 5.91340000
3.29418645 5.88950000
3.29727924 5.86600000
3.30037203 5.84320000
3.30346482 5.82080000
3.30655761 5.79900000
3.30965040 5.77770000
3.31274320 5.75690000
3.31583598 5.73660000
3.31892877 5.71690000
3.32202156 5.69760000
3.32511435 5.67890000
3.32820714 5.66070000
3.32820714 5.66070000
3.32999277 5.66160000
3.33177839 5.66410000
3.33356401 5.66820000
3.33534964 5.67410000
3.33713526 5.68160000
3.33892088 5.69070000
3.34070650 5.70150000
3.34249213 5.71390000
3.34427776 5.72790000
3.34606337 5.74360000
3.34784900 5.76090000
3.34963463 5.77970000
3.35142024 5.80020000
3.35320587 5.82210000
3.35499148 5.84570000
3.35677711 5.87070000
3.35856274 5.89730000
3.36034836 5.92540000
3.36213398 5.95490000
3.36391961 5.98590000
3.36570523 6.01830000
3.36749086 6.05210000
3.36927647 6.08730000
3.37106210 6.12390000
3.37284773 6.16180000
3.37463334 6.20110000
3.37641897 6.24160000
3.37820460 6.28340000
3.37999021 6.32650000
3.38177584 6.37070000
3.38356146 6.41620000
3.38534708 6.46290000
3.38713271 6.51080000
3.38891833 6.55970000
3.39070395 6.60980000
3.39248958 6.66090000
3.39427520 6.71300000
3.39606083 6.76620000
3.39784644 6.82030000
3.39963207 6.87550000
3.40141770 6.93160000
3.40320331 6.98860000
3.40498894 7.04650000
3.40677457 7.10530000
3.40856018 7.16500000
3.41034581 7.22550000
3.41213143 7.28670000
3.41391705 7.34880000
3.41570268 7.41160000
3.41748830 7.47510000
3.41927393 7.53940000
3.42105955 7.60430000
3.42284517 7.66990000
3.42463080 7.73610000
3.42641641 7.80290000
3.42820204 7.87030000
3.42998767 7.93820000
3.43177328 8.00670000
3.43355891 8.07570000
3.43534454 8.14510000
3.43713015 8.21500000
3.43891578 8.28540000
3.44070140 8.35610000
3.44248702 8.42720000
3.44427265 8.49860000
3.44605827 8.57030000
3.44784390 8.64230000
3.44962952 8.71450000
3.45141514 8.78690000
3.45320077 8.85940000
3.45498638 8.93210000
3.45677201 9.00490000
3.45855764 9.07770000
3.46034325 9.15050000
3.46212888 9.22350000
3.46391451 9.29610000
3.46570012 9.36840000
3.46748575 9.44050000
3.46927137 9.51220000
3.47105700 9.58340000
3.47284262 9.65490000
3.47462824 9.72500000
3.47641387 9.79420000
3.47819950 9.86260000
3.47998511 9.92980000
3.48177074 9.99570000
3.48355635 10.06020000
3.48534198 10.12290000
3.48712761 10.18360000
3.48891322 10.24200000
3.49069885 10.29770000
3.49248448 10.35040000
3.49427010 10.39950000
3.49605572 10.44480000
3.49784134 10.48570000
3.49962697 10.52180000
3.50141259 10.55260000
3.50319821 10.57790000
3.50498384 10.59720000
3.50498384 10.59720000
3.50855508 10.54910000
3.51212634 10.49760000
3.51569758 10.44330000
3.51926882 10.38680000
3.52284007 10.32850000
3.52641132 10.26880000
3.52998257 10.20810000
3.53355381 10.14670000
3.53712505 10.08470000
3.54069631 10.02260000
3.54426755 9.96030000
3.54783879 9.89820000
3.55141004 9.83630000
3.55498129 9.77480000
3.55855254 9.71380000
3.56212378 9.65340000
3.56569502 9.59310000
3.56926628 9.53410000
3.57283752 9.47590000
3.57640876 9.41860000
3.57998001 9.36220000
3.58355126 9.30670000
3.58712251 9.25240000
3.59069375 9.19900000
3.59426499 9.14680000
3.59783625 9.09580000
3.60140749 9.04590000
3.60497873 8.99720000
3.60854998 8.94980000
3.61212123 8.90360000
3.61569248 8.85870000
3.61926372 8.81500000
3.62283496 8.77280000
3.62640622 8.73190000
3.62997746 8.69230000
3.63354871 8.65420000
3.63711995 8.61750000
3.64069121 8.58210000
3.64426245 8.54830000
3.64783369 8.51580000
3.65140493 8.48450000
3.65497619 8.45500000
3.65854743 8.42690000
3.66211868 8.40030000
3.66568992 8.37520000
3.66926118 8.35160000
3.67283242 8.32940000
3.67640366 8.30870000
3.67997490 8.28950000
3.68354616 8.27170000
3.68711740 8.25540000
3.69068865 8.24060000
3.69425989 8.22710000
3.69783115 8.21520000
3.70140239 8.20440000
3.70497363 8.19530000
3.70854488 8.18740000
3.71211613 8.18100000
3.71568737 8.17580000
3.71925862 8.17200000
3.72282986 8.16940000
3.72640112 8.16800000
3.72997236 8.16780000
3.73354360 8.16880000
3.73711485 8.17080000
3.74068610 8.17390000
3.74425735 8.17800000
3.74782859 8.18310000
3.75139983 8.18900000
3.75497109 8.19580000
3.75854233 8.20400000
3.76211357 8.21230000
3.76568482 8.22120000
3.76925607 8.23060000
3.77282732 8.24060000
3.77639856 8.25100000
3.77996980 8.26170000
3.78354106 8.27270000
3.78711230 8.28390000
3.79068354 8.29530000
3.79425479 8.30660000
3.79782604 8.31790000
3.80139729 8.32910000
3.80496853 8.34010000
3.80853977 8.35070000
3.81211103 8.36110000
3.81568227 8.37100000
3.81925351 8.38040000
3.82282476 8.38920000
3.82639601 8.39740000
3.82996726 8.40490000
3.83353850 8.41170000
3.83710974 8.41770000
3.84068100 8.42280000
3.84425224 8.42720000
3.84782349 8.43060000
3.85139473 8.43300000
3.85496599 8.43450000
3.85853723 8.43500000
3.85853723 8.43500000
3.86163002 8.43460000
3.86472281 8.43350000
3.86781560 8.43150000
3.87090839 8.42850000
3.87400118 8.42440000
3.87709397 8.41910000
3.88018676 8.41250000
3.88327955 8.40430000
3.88637234 8.39460000
3.88946513 8.38320000
3.89255792 8.37030000
3.89565071 8.35580000
3.89874350 8.33970000
3.90183629 8.32200000
3.90492908 8.30290000
3.90802187 8.28240000
3.91111466 8.26050000
3.91420745 8.23720000
3.91730024 8.21280000
3.92039303 8.18710000
3.92348582 8.16040000
3.92657862 8.13250000
3.92967140 8.10370000
3.93276419 8.07390000
3.93585698 8.04330000
3.93894977 8.01180000
3.94204256 7.97950000
3.94513535 7.94640000
3.94822814 7.91260000
3.95132094 7.87820000
3.95441372 7.84330000
3.95750651 7.80780000
3.96059930 7.77180000
3.96369209 7.73510000
3.96678488 7.69830000
3.96987767 7.66110000
3.97297046 7.62350000
3.97606326 7.58570000
3.97915604 7.54760000
3.98224883 7.50930000
3.98534162 7.47090000
3.98843441 7.43230000
3.99152720 7.39360000
3.99461999 7.35480000
3.99771278 7.31590000
4.00080558 7.27700000
4.00389836 7.23820000
4.00699115 7.19920000
4.01008394 7.16040000
4.01317673 7.12180000
4.01626952 7.08330000
4.01936231 7.04480000
4.02245510 7.00660000
4.02554790 6.96850000
4.02864068 6.93060000
4.03173347 6.89300000
4.03482626 6.85560000
4.03791905 6.81840000
4.04101184 6.78160000
4.04410464 6.74500000
4.04719742 6.70860000
4.05029022 6.67270000
4.05338300 6.63710000
4.05647579 6.60190000
4.05956858 6.56700000
4.06266137 6.53250000
4.06575416 6.49840000
4.06884696 6.46470000
4.07193974 6.43150000
4.07503254 6.39870000
4.07812532 6.36630000
4.08121811 6.33430000
4.08431090 6.30280000
4.08740369 6.27180000
4.09049648 6.24120000
4.09358928 6.21110000
4.09668206 6.18150000
4.09977486 6.15250000
4.10286764 6.12390000
4.10596043 6.09580000
4.10905322 6.06820000
4.11214601 6.04110000
4.11523881 6.01450000
4.11833160 5.98850000
4.12142438 5.96290000
4.12451718 5.93790000
4.12760996 5.91340000
4.13070275 5.88950000
4.13379554 5.86600000
4.13688833 5.84320000
4.13998113 5.82080000
4.14307392 5.79900000
4.14616670 5.77770000
4.14925950 5.75690000
4.15235228 5.73660000
4.15544507 5.71690000
4.15853786 5.69760000
4.16163065 5.67890000
4.16472345 5.66070000

0.00000000 5.57450000
0.00714250 5.57930000
0.01428499 5.59390000
0.02142749 5.61800000
0.02856997 5.65150000
0.03571247 5.69400000
0.04285496 5.74500000
0.04999746 5.80450000
0.05713994 5.87190000
0.06428244 5.94660000
0.07142493 6.02800000
0.07856743 6.11620000
0.08570991 6.21030000
0.09285241 6.31010000
0.09999490 6.41500000
0.10713740 6.52460000
0.11427988 6.63870000
0.12142238 6.75670000
0.12856487 6.87850000
0.13570737 7.00360000
0.14284985 7.13190000
0.14999235 7.26300000
0.15713484 7.39670000
0.16427734 7.53280000
0.17141982 7.67110000
0.17856232 7.81140000
0.18570481 7.95350000
0.19284731 8.09730000
0.19998979 8.24260000
0.20713229 8.38920000
0.21427478 8.53720000
0.22141728 8.68620000
0.22855977 8.83630000
0.23570227 8.98720000
0.24284475 9.13900000
0.24998725 9.29150000
0.25712974 9.44470000
0.26427224 9.59840000
0.27141472 9.75250000
0.27855722 9.90700000
0.28569971 10.06190000
0.29284221 10.21700000
0.29998469 10.37230000
0.30712719 10.52660000
0.31426968 10.68190000
0.32141218 10.83730000
0.32855466 10.77580000
0.33569716 10.61400000
0.34283965 10.45160000
0.34998215 10.28900000
0.35712463 10.12660000
0.36426713 9.96460000
0.37140962 9.80340000
0.37855212 9.64310000
0.38569460 9.48390000
0.39283710 9.32620000
0.39997959 9.17000000
0.40712209 9.01540000
0.41426457 8.86280000
0.42140707 8.71210000
0.42854956 8.56350000
0.43569206 8.41700000
0.44283455 8.27290000
0.44997705 8.13110000
0.45711953 7.99150000
0.46426203 7.85460000
0.47140452 7.72020000
0.47854702 7.58830000
0.48568950 7.45910000
0.49283200 7.33260000
0.49997449 7.20860000
0.50711699 7.08720000
0.51425947 6.96860000
0.52140197 6.85260000
0.52854446 6.73950000
0.53568696 6.62890000
0.54282944 6.52100000
0.54997194 6.41570000
0.55711443 6.31320000
0.56425693 6.21330000
0.57139941 6.11600000
0.57854191 6.02140000
0.58568440 5.92940000
0.59282690 5.84010000
0.59996938 5.75330000
0.60711188 5.66890000
0.61425437 5.58730000
0.62139687 5.50810000
0.62853935 5.43140000
0.63568185 5.35720000
0.64282434 5.28550000
0.64996684 5.21620000
0.65710933 5.14930000
0.66425183 5.08470000
0.67139431 5.02250000
0.67853681 4.96260000
0.68567930 4.90510000
0.69282180 4.84980000
0.69996428 4.79670000
0.70710678 4.74590000
0.70710678 4.74590000
0.71067802 4.74690000
0.71424928 4.74980000
0.71782052 4.75470000
0.72139177 4.76150000
0.72496301 4.77030000
0.72853427 4.78110000
0.73210551 4.79370000
0.73567675 4.80830000
0.73924799 4.82490000
0.74281925 4.84330000
0.74639049 4.86360000
0.74996174 4.88580000
0.75353298 4.90980000
0.75710424 4.93560000
0.76067548 4.96330000
0.76424672 4.99280000
0.76781797 5.02400000
0.77138922 5.05700000
0.77496047 5.09180000
0.77853171 5.12820000
0.78210295 5.16640000
0.78567421 5.20620000
0.78924545 5.24770000
0.79281669 5.29080000
0.79638794 5.33540000
0.79995919 5.38170000
0.80353044 5.42940000
0.80710168 5.47870000
0.81067292 5.52940000
0.81424418 5.58160000
0.81781542 5.63530000
0.82138666 5.69030000
0.82495791 5.74670000
0.82852916 5.80450000
0.83210041 5.86350000
0.83567165 5.92400000
0.83924289 5.98560000
0.84281415 6.04840000
0.84638539 6.11250000
0.84995663 6.17770000
0.85352788 6.24410000
0.85709913 6.31160000
0.86067038 6.38010000
0.86424162 6.44970000
0.86781286 6.52030000
0.87138412 6.59200000
0.87495536 6.66460000
0.87852661 6.73820000
0.88209785 6.81270000
0.88566910 6.88820000
0.88924035 6.96440000
0.89281159 7.04150000
0.89638283 7.11950000
0.89995409 7.19820000
0.90352533 7.27770000
0.90709658 7.35790000
0.91066782 7.43880000
0.91423908 7.52030000
0.91781032 7.60260000
0.92138156 7.68540000
0.92495280 7.76880000
0.92852406 7.85280000
0.93209530 7.93730000
0.93566655 8.02230000
0.93923779 8.10770000
0.94280905 8.19350000
0.94638029 8.27990000
0.94995153 8.36650000
0.95352277 8.45340000
0.95709403 8.54050000
0.96066527 8.62790000
0.96423652 8.71550000
0.96780776 8.80320000
0.97137902 8.89100000
0.97495026 8.97870000
0.97852150 9.06650000
0.98209275 9.15410000
0.98566400 9.24150000
0.98923525 9.32860000
0.99280649 9.41530000
0.99637773 9.50140000
0.99994899 9.58700000
1.00352023 9.67170000
1.00709147 9.75550000
1.01066272 9.83880000
1.01423397 9.91990000
1.01780522 9.99960000
1.02137646 10.07690000
1.02494770 10.15170000
1.02851896 10.22340000
1.03209020 10.29150000
1.03566144 10.35530000
1.03923269 10.41380000
1.04280394 10.46610000
1.04637519 10.51110000
1.04994643 10.54780000
1.05351767 10.57490000
1.05708893 10.59160000
1.06066017 10.59720000
1.06066017 10.59720000
1.06244580 10.61330000
1.06423141 10.62870000
1.06601704 10.64350000
1.06780267 10.65760000
1.06958829 10.67110000
1.07137391 10.68390000
1.07315953 10.69610000
1.07494516 10.70760000
1.07673079 10.71850000
1.07851640 10.72870000
1.08030203 10.73830000
1.08208766 10.74720000
1.08387327 10.75560000
1.08565890 10.76330000
1.08744451 10.77040000
1.08923014 10.77700000
1.09101577 10.78290000
1.09280139 10.78840000
1.09458701 10.79330000
1.09637264 10.79770000
1.09815826 10.80160000
1.09994388 10.80510000
1.10172950 10.80810000
1.10351513 10.81070000
1.10530076 10.81240000
1.10708637 10.81430000
1.10887200 10.81570000
1.11065763 10.81680000
1.11244324 10.81760000
1.11422887 10.81810000
1.11601448 10.81830000
1.11780011 10.81830000
1.11958574 10.81800000
1.12137136 10.81740000
1.12315698 10.81660000
1.12494261 10.81570000
1.12672823 10.81450000
1.12851386 10.81320000
1.13029947 10.81170000
1.13208510 10.81010000
1.13387073 10.80830000
1.13565634 10.80640000
1.13744197 10.80450000
1.13922760 10.80240000
1.14101321 10.80020000
1.14279884 10.79790000
1.14458446 10.79560000
1.14637008 10.79320000
1.14815571 10.79070000
1.14994133 10.78820000
1.15172696 10.78560000
1.15351258 10.78300000
1.15529820 10.78040000
1.15708383 10.77780000
1.15886944 10.77510000
1.16065507 10.77250000
1.16244070 10.76980000
1.16422631 10.76720000
1.16601194 10.76450000
1.16779757 10.76190000
1.16958318 10.75930000
1.17136881 10.75670000
1.17315443 10.75420000
1.17494005 10.75170000
1.17672568 10.74920000
1.17851130 10.74670000
1.18029693 10.74430000
1.18208255 10.74110000
1.18386817 10.73880000
1.18565380 10.73660000
1.18743941 10.73440000
1.18922504 10.73220000
1.19101067 10.73010000
1.19279628 10.72810000
1.19458191 10.72610000
1.19636754 10.72420000
1.19815315 10.72240000
1.19993878 10.72060000
1.20172440 10.71890000
1.20351003 10.71730000
1.20529565 10.71580000
1.20708127 10.71430000
1.20886690 10.71290000
1.21065252 10.71160000
1.21243814 10.71040000
1.21422377 10.70920000
1.21600938 10.70820000
1.21779501 10.70720000
1.21958064 10.70610000
1.22136625 10.70530000
1.22315188 10.70460000
1.22493751 10.70390000
1.22672312 10.70340000
1.22850875 10.70290000
1.23029437 10.70250000
1.23208000 10.70220000
1.23386562 10.70200000
1.23565124 10.70180000
1.23743687 10.70180000
1.23743687 10.70180000
1.24671524 10.96940000
1.25599361 11.23660000
1.26527198 11.50460000
1.27455035 11.76930000
1.28382872 12.03150000
1.29310709 12.29010000
1.30238546 12.54390000
1.31166383 12.79120000
1.32094220 13.02990000
1.33022057 12.99520000
1.33949894 12.86080000
1.34877731 12.72610000
1.35805568 12.59120000
1.36733405 12.45610000
1.37661242 12.32100000
1.38589079 12.18600000
1.39516916 12.05110000
1.40444754 11.91640000
1.41372590 11.78200000
1.42300427 11.64790000
1.43228264 11.51430000
1.44156101 11.38120000
1.45083938 11.24860000
1.46011775 11.11710000
1.46939612 10.98550000
1.47867450 10.85500000
1.48795286 10.72530000
1.49723124 10.59640000
1.50650960 10.46850000
1.51578797 10.34160000
1.52506634 10.21570000
1.53434471 10.09080000
1.54362308 9.96710000
1.55290146 9.84450000
1.56217983 9.72290000
1.57145820 9.60280000
1.58073657 9.48390000
1.59001493 9.36640000
1.59929331 9.25020000
1.60857167 9.13540000
1.61785005 9.02200000
1.62712842 8.91010000
1.63640679 8.79960000
1.64568516 8.69070000
1.65496353 8.58330000
1.66424190 8.53540000
1.67352027 8.55940000
1.68279863 8.57910000
1.69207701 8.59400000
1.70135538 8.60440000
1.71063375 8.61010000
1.71991212 8.61120000
1.72919049 8.60730000
1.73846886 8.59860000
1.74774723 8.58510000
1.75702560 8.56690000
1.76630397 8.54380000
1.77558234 8.51610000
1.78486071 8.48370000
1.79413908 8.44670000
1.80341745 8.40530000
1.81269582 8.35940000
1.82197419 8.30930000
1.83125256 8.24970000
1.84053093 8.13730000
1.84980930 8.02600000
1.85908768 7.91590000
1.86836605 7.80700000
1.87764441 7.69920000
1.88692279 7.59260000
1.89620115 7.48720000
1.90547953 7.38300000
1.91475789 7.28020000
1.92403626 7.17870000
1.93331464 7.07870000
1.94259301 6.98010000
1.95187138 6.88320000
1.96114975 6.78790000
1.97042811 6.69450000
1.97970649 6.60290000
1.98898485 6.51360000
1.99826323 6.42660000
2.00754160 6.34220000
2.01681997 6.26050000
2.02609834 6.18190000
2.03537671 6.10650000
2.04465507 6.03470000
2.05393345 5.96690000
2.06321181 5.90320000
2.07249019 5.84410000
2.08176856 5.79000000
2.09104693 5.74120000
2.10032530 5.69810000
2.10960367 5.66090000
2.11888204 5.63050000
2.12816041 5.60620000
2.13743877 5.58860000
2.14671715 5.57800000
2.15599552 5.57450000
2.15599552 5.57450000
2.16474326 5.57620000
2.17349098 5.58130000
2.18223872 5.58970000
2.19098645 5.60150000
2.19973419 5.61650000
2.20848191 5.63470000
2.21722965 5.65610000
2.22597737 5.68050000
2.23472511 5.70780000
2.24347283 5.73800000
2.25222057 5.77050000
2.26096830 5.80600000
2.26971604 5.84400000
2.27846376 5.88430000
2.28721150 5.92680000
2.29595922 5.97130000
2.30470696 6.01780000
2.31345468 6.06600000
2.32220242 6.11590000
2.33095015 6.16720000
2.33969789 6.21990000
2.34844561 6.27380000
2.35719335 6.32880000
2.36594107 6.38470000
2.37468881 6.44140000
2.38343653 6.49880000
2.39218427 6.55660000
2.40093200 6.61480000
2.40967974 6.67340000
2.41842746 6.73240000
2.42717520 6.79110000
2.43592292 6.84980000
2.44467066 6.90820000
2.45341838 6.96640000
2.46216612 7.02410000
2.47091385 7.08140000
2.47966159 7.13800000
2.48840931 7.19390000
2.49715705 7.24910000
2.50590477 7.30330000
2.51465251 7.35660000
2.52340023 7.40890000
2.53214797 7.46010000
2.54089570 7.51010000
2.54964344 7.55890000
2.55839116 7.60630000
2.56713890 7.65250000
2.57588662 7.69730000
2.58463436 7.74060000
2.59338208 7.78250000
2.60212982 7.82290000
2.61087755 7.86190000
2.61962529 7.89930000
2.62837301 7.93510000
2.63712075 7.96950000
2.64586847 8.00300000
2.65461621 8.03420000
2.66336393 8.06400000
2.67211167 8.09220000
2.68085940 8.11900000
2.68960714 8.14430000
2.69835486 8.16820000
2.70710260 8.19070000
2.71585032 8.21180000
2.72459806 8.23150000
2.73334578 8.25000000
2.74209352 8.26720000
2.75084125 8.28330000
2.75958899 8.29820000
2.76833671 8.31190000
2.77708445 8.32470000
2.78583217 8.33640000
2.79457991 8.34710000
2.80332763 8.35700000
2.81207537 8.36590000
2.82082310 8.37410000
2.82957084 8.38160000
2.83831856 8.38850000
2.84706630 8.39450000
2.85581402 8.40000000
2.86456176 8.40480000
2.87330948 8.40900000
2.88205722 8.41290000
2.89080495 8.41630000
2.89955269 8.41930000
2.90830041 8.42190000
2.91704815 8.42420000
2.92579587 8.42620000
2.93454361 8.42790000
2.94329133 8.42940000
2.95203907 8.43060000
2.96078680 8.43170000
2.96953454 8.43260000
2.97828226 8.43330000
2.98703000 8.43380000
2.99577772 8.43440000
3.00452546 8.43470000
3.01327318 8.43490000
3.02202092 8.43500000
3.02202092 8.43500000
3.02511372 8.43610000
3.02820651 8.43960000
3.03129930 8.44540000
3.03439209 8.45350000
3.03748487 8.46390000
3.04057767 8.47670000
3.04367045 8.49170000
3.04676324 8.50880000
3.04985604 8.52830000
3.05294883 8.55000000
3.05604162 8.57390000
3.05913441 8.60000000
3.06222719 8.62830000
3.06531999 8.65880000
3.06841277 8.69130000
3.07150557 8.72590000
3.07459836 8.76250000
3.07769115 8.80110000
3.08078394 8.84170000
3.08387673 8.88430000
3.08696951 8.92870000
3.09006231 8.97500000
3.09315509 9.02310000
3.09624789 9.07300000
3.09934068 9.12460000
3.10243347 9.17790000
3.10552626 9.23290000
3.10861905 9.28940000
3.11171183 9.34750000
3.11480463 9.40720000
3.11789741 9.46830000
3.12099021 9.53080000
3.12408300 9.59470000
3.12717579 9.65970000
3.13026858 9.72620000
3.13336137 9.79400000
3.13645415 9.86290000
3.13954695 9.93300000
3.14263974 10.00410000
3.14573253 10.07630000
3.14882532 10.14950000
3.15191811 10.22360000
3.15501090 10.29860000
3.15810369 10.37450000
3.16119647 10.45110000
3.16428927 10.52850000
3.16738206 10.60660000
3.17047485 10.68510000
3.17356764 10.76440000
3.17666043 10.84420000
3.17975322 10.92460000
3.18284601 11.00530000
3.18593879 11.08650000
3.18903159 11.16790000
3.19212438 11.24970000
3.19521717 11.33160000
3.19830996 11.41370000
3.20140275 11.49600000
3.20449554 11.57850000
3.20758833 11.66080000
3.21068111 11.74250000
3.21377391 11.82460000
3.21686670 11.90650000
3.21995949 11.98830000
3.22305228 12.06970000
3.22614507 12.15080000
3.22923786 12.23160000
3.23233065 12.31190000
3.23542343 12.39170000
3.23851623 12.47140000
3.24160902 12.55000000
3.24470181 12.62790000
3.24779460 12.70510000
3.25088739 12.78180000
3.25398018 12.85740000
3.25707297 12.80460000
3.26016576 12.71740000
3.26325855 12.62900000
3.26635134 12.53930000
3.26944413 12.44880000
3.27253692 12.35760000
3.27562971 12.26590000
3.27872250 12.17370000
3.28181529 12.08130000
3.28490808 11.98770000
3.28800087 11.89490000
3.29109366 11.80200000
3.29418645 11.70910000
3.29727924 11.61620000
3.30037203 11.52350000
3.30346482 11.43100000
3.30655761 11.33860000
3.30965040 11.24660000
3.31274320 11.15410000
3.31583598 11.06270000
3.31892877 10.97170000
3.32202156 10.88120000
3.32511435 10.79120000
3.32820714 10.70180000
3.32820714 10.70180000
3.32999277 10.70180000
3.33177839 10.70200000
3.33356401 10.70220000
3.33534964 10.70250000
3.33713526 10.70290000
3.33892088 10.70340000
3.34070650 10.70390000
3.34249213 10.70460000
3.34427776 10.70530000
3.34606337 10.70610000
3.34784900 10.70720000
3.34963463 10.70820000
3.35142024 10.70920000
3.35320587 10.71040000
3.35499148 10.71160000
3.35677711 10.71290000
3.35856274 10.71430000
3.36034836 10.71580000
3.36213398 10.71730000
3.36391961 10.71890000
3.36570523 10.72060000
3.36749086 10.72240000
3.36927647 10.72420000
3.37106210 10.72610000
3.37284773 10.72810000
3.37463334 10.73010000
3.37641897 10.73220000
3.37820460 10.73440000
3.37999021 10.73660000
3.38177584 10.73880000
3.38356146 10.74110000
3.38534708 10.74430000
3.38713271 10.74670000
3.38891833 10.74920000
3.39070395 10.75170000
3.39248958 10.75420000
3.39427520 10.75670000
3.39606083 10.75930000
3.39784644 10.76190000
3.39963207 10.76450000
3.40141770 10.76720000
3.40320331 10.76980000
3.40498894 10.77250000
3.40677457 10.77510000
3.40856018 10.77780000
3.41034581 10.78040000
3.41213143 10.78300000
3.41391705 10.78560000
3.41570268 10.78820000
3.41748830 10.79070000
3.41927393 10.79320000
3.42105955 10.79560000
3.42284517 10.79790000
3.42463080 10.80020000
3.42641641 10.80240000
3.42820204 10.80450000
3.42998767 10.80640000
3.43177328 10.80830000
3.43355891 10.81010000
3.43534454 10.81170000
3.43713015 10.81320000
3.43891578 10.81450000
3.44070140 10.81570000
3.44248702 10.81660000
3.44427265 10.81740000
3.44605827 10.81800000
3.44784390 10.81830000
3.44962952 10.81830000
3.45141514 10.81810000
3.45320077 10.81760000
3.45498638 10.81680000
3.45677201 10.81570000
3.45855764 10.81430000
3.46034325 10.81240000
3.46212888 10.81070000
3.46391451 10.80810000
3.46570012 10.80510000
3.46748575 10.80160000
3.46927137 10.79770000
3.47105700 10.79330000
3.47284262 10.78840000
3.47462824 10.78290000
3.47641387 10.77700000
3.47819950 10.77040000
3.47998511 10.76330000
3.48177074 10.75560000
3.48355635 10.74720000
3.48534198 10.73830000
3.48712761 10.72870000
3.48891322 10.71850000
3.49069885 10.70760000
3.49248448 10.69610000
3.49427010 10.68390000
3.49605572 10.67110000
3.49784134 10.65760000
3.49962697 10.64350000
3.50141259 10.62870000
3.50319821 10.61330000
3.50498384 10.59720000
3.50498384 10.59720000
3.50855508 10.64140000
3.51212634 10.68090000
3.51569758 10.71520000
3.51926882 10.74370000
3.52284007 10.76580000
3.52641132 10.78150000
3.52998257 10.79060000
3.53355381 10.79320000
3.53712505 10.78970000
3.54069631 10.78050000
3.54426755 10.76630000
3.54783879 10.74740000
3.55141004 10.72480000
3.55498129 10.69900000
3.55855254 10.67030000
3.56212378 10.63940000
3.56569502 10.60630000
3.56926628 10.57170000
3.57283752 10.53580000
3.57640876 10.49890000
3.57998001 10.46110000
3.58355126 10.42270000
3.58712251 10.38370000
3.59069375 10.34440000
3.59426499 10.30480000
3.59783625 10.26500000
3.60140749 10.22520000
3.60497873 10.18530000
3.60854998 10.14550000
3.61212123 10.10570000
3.61569248 10.06620000
3.61926372 10.02680000
3.62283496 9.98770000
3.62640622 9.94880000
3.62997746 9.91030000
3.63354871 9.87210000
3.63711995 9.83420000
3.64069121 9.79680000
3.64426245 9.75970000
3.64783369 9.72300000
3.65140493 9.68680000
3.65497619 9.65100000
3.65854743 9.61570000
3.66211868 9.58090000
3.66568992 9.54660000
3.66926118 9.51280000
3.67283242 9.47940000
3.67640366 9.44660000
3.67997490 9.41430000
3.68354616 9.38260000
3.68711740 9.35140000
3.69068865 9.32070000
3.69425989 9.29060000
3.69783115 9.26110000
3.70140239 9.23200000
3.70497363 9.20360000
3.70854488 9.17580000
3.71211613 9.14850000
3.71568737 9.12180000
3.71925862 9.09590000
3.72282986 9.07030000
3.72640112 9.04530000
3.72997236 9.02090000
3.73354360 8.99710000
3.73711485 8.97390000
3.74068610 8.95130000
3.74425735 8.92920000
3.74782859 8.90770000
3.75139983 8.88670000
3.75497109 8.86630000
3.75854233 8.84660000
3.76211357 8.82730000
3.76568482 8.80850000
3.76925607 8.79020000
3.77282732 8.77240000
3.77639856 8.75510000
3.77996980 8.73820000
3.78354106 8.72170000
3.78711230 8.70560000
3.79068354 8.68980000
3.79425479 8.67420000
3.79782604 8.65880000
3.80139729 8.64360000
3.80496853 8.62840000
3.80853977 8.61300000
3.81211103 8.59750000
3.81568227 8.58170000
3.81925351 8.56560000
3.82282476 8.54920000
3.82639601 8.53270000
3.82996726 8.51620000
3.83353850 8.50010000
3.83710974 8.48480000
3.84068100 8.47070000
3.84425224 8.45850000
3.84782349 8.44850000
3.85139473 8.44110000
3.85496599 8.43650000
3.85853723 8.43500000
3.85853723 8.43500000
3.86163002 8.43610000
3.86472281 8.43960000
3.86781560 8.44540000
3.87090839 8.45350000
3.87400118 8.46390000
3.87709397 8.47670000
3.88018676 8.49170000
3.88327955 8.50880000
3.88637234 8.52830000
3.88946513 8.55000000
3.89255792 8.57390000
3.89565071 8.60000000
3.89874350 8.62830000
3.90183629 8.65880000
3.90492908 8.69130000
3.90802187 8.72590000
3.91111466 8.76250000
3.91420745 8.80110000
3.91730024 8.84170000
3.92039303 8.88430000
3.92348582 8.92870000
3.92657862 8.97500000
3.92967140 9.02310000
3.93276419 9.07300000
3.93585698 9.12460000
3.93894977 9.17790000
3.94204256 9.23290000
3.94513535 9.28940000
3.94822814 9.34750000
3.95132094 9.40720000
3.95441372 9.46830000
3.95750651 9.53080000
3.96059930 9.59470000
3.96369209 9.65970000
3.96678488 9.72620000
3.96987767 9.79400000
3.97297046 9.86290000
3.97606326 9.93300000
3.97915604 10.00410000
3.98224883 10.07630000
3.98534162 10.14950000
3.98843441 10.22360000
3.99152720 10.29860000
3.99461999 10.37450000
3.99771278 10.45110000
4.00080558 10.52850000
4.00389836 10.60660000
4.00699115 10.68510000
4.01008394 10.76440000
4.01317673 10.84420000
4.01626952 10.92460000
4.01936231 11.00530000
4.02245510 11.08650000
4.02554790 11.16790000
4.02864068 11.24970000
4.03173347 11.33160000
4.03482626 11.41370000
4.03791905 11.49600000
4.04101184 11.57850000
4.04410464 11.66080000
4.04719742 11.74250000
4.05029022 11.82460000
4.05338300 11.90650000
4.05647579 11.98830000
4.05956858 12.06970000
4.06266137 12.15080000
4.06575416 12.23160000
4.06884696 12.31190000
4.07193974 12.39170000
4.07503254 12.47140000
4.07812532 12.55000000
4.08121811 12.62790000
4.08431090 12.70510000
4.08740369 12.78180000
4.09049648 12.85740000
4.09358928 12.80460000
4.09668206 12.71740000
4.09977486 12.62900000
4.10286764 12.53930000
4.10596043 12.44880000
4.10905322 12.35760000
4.11214601 12.26590000
4.11523881 12.17370000
4.11833160 12.08130000
4.12142438 11.98770000
4.12451718 11.89490000
4.12760996 11.80200000
4.13070275 11.70910000
4.13379554 11.61620000
4.13688833 11.52350000
4.13998113 11.43100000
4.14307392 11.33860000
4.14616670 11.24660000
4.14925950 11.15410000
4.15235228 11.06270000
4.15544507 10.97170000
4.15853786 10.88120000
4.16163065 10.79120000
4.16472345 10.70180000

0.00000000 5.57450000
0.00714250 5.57940000
0.01428499 5.59390000
0.02142749 5.61810000
0.02856997 5.65150000
0.03571247 5.69400000
0.04285496 5.74510000
0.04999746 5.80460000
0.05713994 5.87190000
0.06428244 5.94670000
0.07142493 6.02800000
0.07856743 6.11620000
0.08570991 6.21040000
0.09285241 6.31010000
0.09999490 6.41500000
0.10713740 6.52470000
0.11427988 6.63870000
0.12142238 6.75680000
0.12856487 6.87850000
0.13570737 7.00360000
0.14284985 7.13200000
0.14999235 7.26310000
0.15713484 7.39680000
0.16427734 7.53290000
0.17141982 7.67120000
0.17856232 7.81150000
0.18570481 7.95360000
0.19284731 8.09730000
0.19998979 8.24260000
0.20713229 8.38930000
0.21427478 8.53720000
0.22141728 8.68630000
0.22855977 8.83630000
0.23570227 8.98730000
0.24284475 9.13910000
0.24998725 9.29160000
0.25712974 9.44470000
0.26427224 9.59840000
0.27141472 9.75260000
0.27855722 9.90710000
0.28569971 10.06200000
0.29284221 10.21710000
0.29998469 10.37230000
0.30712719 10.52660000
0.31426968 10.68200000
0.32141218 10.83740000
0.32855466 10.99260000
0.33569716 11.14770000
0.34283965 11.30260000
0.34998215 11.45720000
0.35712463 11.61150000
0.36426713 11.76540000
0.37140962 11.91880000
0.37855212 12.07170000
0.38569460 12.22460000
0.39283710 12.37620000
0.39997959 12.52700000
0.40712209 12.67710000
0.41426457 12.82630000
0.42140707 12.97450000
0.42854956 13.12170000
0.43569206 13.26770000
0.44283455 13.41250000
0.44997705 13.55610000
0.45711953 13.69800000
0.46426203 13.83860000
0.47140452 13.97760000
0.47854702 14.11490000
0.48568950 14.25040000
0.49283200 14.38420000
0.49997449 14.51560000
0.50711699 14.64490000
0.51425947 14.77170000
0.52140197 14.89610000
0.52854446 15.01950000
0.53568696 15.13850000
0.54282944 15.25360000
0.54997194 15.36660000
0.55711443 15.47620000
0.56425693 15.58250000
0.57139941 15.68510000
0.57854191 15.78400000
0.58568440 15.87890000
0.59282690 15.96960000
0.59996938 16.05610000
0.60711188 16.13740000
0.61425437 16.21460000
0.62139687 16.28690000
0.62853935 16.35420000
0.63568185 16.41630000
0.64282434 16.47300000
0.64996684 16.52430000
0.65710933 16.56980000
0.66425183 16.60960000
0.67139431 16.64190000
0.67853681 16.66970000
0.68567930 16.69140000
0.69282180 16.70700000
0.69996428 16.71630000
0.70710678 16.71950000
0.70710678 16.71950000
0.71067802 16.71900000
0.71424928 16.71770000
0.71782052 16.71540000
0.72139177 16.71230000
0.72496301 16.70820000
0.72853427 16.70330000
0.73210551 16.69740000
0.73567675 16.69070000
0.73924799 16.68370000
0.74281925 16.67510000
0.74639049 16.66550000
0.74996174 16.65500000
0.75353298 16.64360000
0.75710424 16.63120000
0.76067548 16.61790000
0.76424672 16.60350000
0.76781797 16.58820000
0.77138922 16.57190000
0.77496047 16.55460000
0.77853171 16.53630000
0.78210295 16.51690000
0.78567421 16.49650000
0.78924545 16.47510000
0.79281669 16.45400000
0.79638794 16.43040000
0.79995919 16.40570000
0.80353044 16.37990000
0.80710168 16.35290000
0.81067292 16.32490000
0.81424418 16.29570000
0.81781542 16.26530000
0.82138666 16.23380000
0.82495791 16.20110000
0.82852916 16.16730000
0.83210041 16.13220000
0.83567165 16.09740000
0.83924289 16.05980000
0.84281415 16.02110000
0.84638539 15.98110000
0.84995663 15.93980000
0.85352788 15.89780000
0.85709913 15.85410000
0.86067038 15.80870000
0.86424162 15.76250000
0.86781286 15.71490000
0.87138412 15.66610000
0.87495536 15.61600000
0.87852661 15.56470000
0.88209785 15.51210000
0.88566910 15.45820000
0.88924035 15.40310000
0.89281159 15.34680000
0.89638283 15.28920000
0.89995409 15.23050000
0.90352533 15.17050000
0.90709658 15.10930000
0.91066782 15.04700000
0.91423908 14.98350000
0.91781032 14.91890000
0.92138156 14.85310000
0.92495280 14.78630000
0.92852406 14.71840000
0.93209530 14.64950000
0.93566655 14.57960000
0.93923779 14.50880000
0.94280905 14.43590000
0.94638029 14.36390000
0.94995153 14.29040000
0.95352277 14.21600000
0.95709403 14.14080000
0.96066527 14.06490000
0.96423652 13.98840000
0.96780776 13.91120000
0.97137902 13.83350000
0.97495026 13.75540000
0.97852150 13.67680000
0.98209275 13.59780000
0.98566400 13.51870000
0.98923525 13.43940000
0.99280649 13.36000000
0.99637773 13.28070000
0.99994899 13.20170000
1.00352023 13.12300000
1.00709147 13.04490000
1.01066272 12.96770000
1.01423397 12.89140000
1.01780522 12.81660000
1.02137646 12.74340000
1.02494770 12.67240000
1.02851896 12.60400000
1.03209020 12.53880000
1.03566144 12.47770000
1.03923269 12.42150000
1.04280394 12.37110000
1.04637519 12.32760000
1.04994643 12.29220000
1.05351767 12.26590000
1.05708893 12.24970000
1.06066017 12.24430000
1.06066017 12.24430000
1.06244580 12.23940000
1.06423141 12.24030000
1.06601704 12.24680000
1.06780267 12.25850000
1.06958829 12.27500000
1.07137391 12.29580000
1.07315953 12.31870000
1.07494516 12.33260000
1.07673079 12.34730000
1.07851640 12.36270000
1.08030203 12.37890000
1.08208766 12.39590000
1.08387327 12.41360000
1.08565890 12.43210000
1.08744451 12.45130000
1.08923014 12.47110000
1.09101577 12.49170000
1.09280139 12.51290000
1.09458701 12.53430000
1.09637264 12.55670000
1.09815826 12.57970000
1.09994388 12.60330000
1.10172950 12.62730000
1.10351513 12.65190000
1.10530076 12.67680000
1.10708637 12.70230000
1.10887200 12.72830000
1.11065763 12.75460000
1.11244324 12.78130000
1.11422887 12.80830000
1.11601448 12.83570000
1.11780011 12.86340000
1.11958574 12.89130000
1.12137136 12.91950000
1.12315698 12.94800000
1.12494261 12.97660000
1.12672823 13.00540000
1.12851386 13.03440000
1.13029947 13.06360000
1.13208510 13.09280000
1.13387073 13.12220000
1.13565634 13.15160000
1.13744197 13.18180000
1.13922760 13.21140000
1.14101321 13.24090000
1.14279884 13.27040000
1.14458446 13.30000000
1.14637008 13.32940000
1.14815571 13.35880000
1.14994133 13.38820000
1.15172696 13.41740000
1.15351258 13.44650000
1.15529820 13.47550000
1.15708383 13.50430000
1.15886944 13.53290000
1.16065507 13.56140000
1.16244070 13.58960000
1.16422631 13.61760000
1.16601194 13.64530000
1.16779757 13.67270000
1.16958318 13.69990000
1.17136881 13.72670000
1.17315443 13.75320000
1.17494005 13.77930000
1.17672568 13.80510000
1.17851130 13.83050000
1.18029693 13.85490000
1.18208255 13.87930000
1.18386817 13.90330000
1.18565380 13.92680000
1.18743941 13.94970000
1.18922504 13.97220000
1.19101067 13.99410000
1.19279628 14.01540000
1.19458191 14.03610000
1.19636754 14.05610000
1.19815315 14.07550000
1.19993878 14.09430000
1.20172440 14.11240000
1.20351003 14.12970000
1.20529565 14.14630000
1.20708127 14.16220000
1.20886690 14.17790000
1.21065252 14.19220000
1.21243814 14.20560000
1.21422377 14.21820000
1.21600938 14.23000000
1.21779501 14.24090000
1.21958064 14.25040000
1.22136625 14.25950000
1.22315188 14.26770000
1.22493751 14.27490000
1.22672312 14.28120000
1.22850875 14.28660000
1.23029437 14.29100000
1.23208000 14.29440000
1.23386562 14.29680000
1.23565124 14.29830000
1.23743687 14.29880000
1.23743687 14.29880000
1.24671524 14.17340000
1.25599361 14.04660000
1.26527198 13.91870000
1.27455035 13.78940000
1.28382872 13.65900000
1.29310709 13.52770000
1.30238546 13.39550000
1.31166383 13.26270000
1.32094220 13.12920000
1.33022057 13.25750000
1.33949894 13.47040000
1.34877731 13.66410000
1.35805568 13.83340000
1.36733405 13.97210000
1.37661242 14.07460000
1.38589079 14.13700000
1.39516916 14.15880000
1.40444754 14.14310000
1.41372590 14.09500000
1.42300427 14.02170000
1.43228264 13.92860000
1.44156101 13.82070000
1.45083938 13.70180000
1.46011775 13.57510000
1.46939612 13.44210000
1.47867450 13.30480000
1.48795286 13.16450000
1.49723124 13.02190000
1.50650960 12.87790000
1.51578797 12.73290000
1.52506634 12.58730000
1.53434471 12.44160000
1.54362308 12.29590000
1.55290146 12.14960000
1.56217983 12.00470000
1.57145820 11.86030000
1.58073657 11.71680000
1.59001493 11.57400000
1.59929331 11.43210000
1.60857167 11.29130000
1.61785005 11.15120000
1.62712842 11.01230000
1.63640679 10.87460000
1.64568516 10.73790000
1.65496353 10.60240000
1.66424190 10.46800000
1.67352027 10.33480000
1.68279863 10.20280000
1.69207701 10.07190000
1.70135538 9.94220000
1.71063375 9.81370000
1.71991212 9.68660000
1.72919049 9.56050000
1.73846886 9.43560000
1.74774723 9.31190000
1.75702560 9.18930000
1.76630397 9.06780000
1.77558234 8.94760000
1.78486071 8.82840000
1.79413908 8.71040000
1.80341745 8.59360000
1.81269582 8.47780000
1.82197419 8.36320000
1.83125256 8.25490000
1.84053093 8.19640000
1.84980930 8.13400000
1.85908768 8.06770000
1.86836605 7.99760000
1.87764441 7.92390000
1.88692279 7.84680000
1.89620115 7.76640000
1.90547953 7.68280000
1.91475789 7.59630000
1.92403626 7.50700000
1.93331464 7.41530000
1.94259301 7.32120000
1.95187138 7.22520000
1.96114975 7.12740000
1.97042811 7.02820000
1.97970649 6.92830000
1.98898485 6.82740000
1.99826323 6.72620000
2.00754160 6.62530000
2.01681997 6.52510000
2.02609834 6.42620000
2.03537671 6.32910000
2.04465507 6.23470000
2.05393345 6.14330000
2.06321181 6.05590000
2.07249019 5.97320000
2.08176856 5.89610000
2.09104693 5.82540000
2.10032530 5.76210000
2.10960367 5.70670000
2.11888204 5.66020000
2.12816041 5.62320000
2.13743877 5.59630000
2.14671715 5.58000000
2.15599552 5.57450000
2.15599552 5.57450000
2.16474326 5.57780000
2.17349098 5.58780000
2.18223872 5.60420000
2.19098645 5.62700000
2.19973419 5.65540000
2.20848191 5.68980000
2.21722965 5.72940000
2.22597737 5.77390000
2.23472511 5.82270000
2.24347283 5.87540000
2.25222057 5.93120000
2.26096830 5.99020000
2.26971604 6.05180000
2.27846376 6.11550000
2.28721150 6.18090000
2.29595922 6.24760000
2.30470696 6.31540000
2.31345468 6.38390000
2.32220242 6.45280000
2.33095015 6.52180000
2.33969789 6.59080000
2.34844561 6.65950000
2.35719335 6.72770000
2.36594107 6.79530000
2.37468881 6.86210000
2.38343653 6.92800000
2.39218427 6.99260000
2.40093200 7.05630000
2.40967974 7.11890000
2.41842746 7.18070000
2.42717520 7.24060000
2.43592292 7.29910000
2.44467066 7.35620000
2.45341838 7.41190000
2.46216612 7.46610000
2.47091385 7.51880000
2.47966159 7.57010000
2.48840931 7.61980000
2.49715705 7.66810000
2.50590477 7.71500000
2.51465251 7.76040000
2.52340023 7.80430000
2.53214797 7.84690000
2.54089570 7.88800000
2.54964344 7.92780000
2.55839116 7.96630000
2.56713890 8.00350000
2.57588662 8.03920000
2.58463436 8.07380000
2.59338208 8.10720000
2.60212982 8.13950000
2.61087755 8.17050000
2.61962529 8.20050000
2.62837301 8.22940000
2.63712075 8.25720000
2.64586847 8.28400000
2.65461621 8.30980000
2.66336393 8.33460000
2.67211167 8.35850000
2.68085940 8.38140000
2.68960714 8.40350000
2.69835486 8.42490000
2.70710260 8.44530000
2.71585032 8.46490000
2.72459806 8.48370000
2.73334578 8.50170000
2.74209352 8.51900000
2.75084125 8.53560000
2.75958899 8.55150000
2.76833671 8.56680000
2.77708445 8.58130000
2.78583217 8.59520000
2.79457991 8.60850000
2.80332763 8.62120000
2.81207537 8.63330000
2.82082310 8.64480000
2.82957084 8.65580000
2.83831856 8.66620000
2.84706630 8.67600000
2.85581402 8.68530000
2.86456176 8.69400000
2.87330948 8.70220000
2.88205722 8.71000000
2.89080495 8.71720000
2.89955269 8.72390000
2.90830041 8.73010000
2.91704815 8.73590000
2.92579587 8.74120000
2.93454361 8.74600000
2.94329133 8.75030000
2.95203907 8.75410000
2.96078680 8.75750000
2.96953454 8.76050000
2.97828226 8.76300000
2.98703000 8.76500000
2.99577772 8.76660000
3.00452546 8.76770000
3.01327318 8.76840000
3.02202092 8.76860000
3.02202092 8.76860000
3.02511372 8.76980000
3.02820651 8.77330000
3.03129930 8.77920000
3.03439209 8.78760000
3.03748487 8.79870000
3.04057767 8.81260000
3.04367045 8.82940000
3.04676324 8.84920000
3.04985604 8.87210000
3.05294883 8.89810000
3.05604162 8.92720000
3.05913441 8.95940000
3.06222719 8.99450000
3.06531999 9.03270000
3.06841277 9.07360000
3.07150557 9.11740000
3.07459836 9.16390000
3.07769115 9.21300000
3.08078394 9.26460000
3.08387673 9.31870000
3.08696951 9.37510000
3.09006231 9.43380000
3.09315509 9.49470000
3.09624789 9.55770000
3.09934068 9.62280000
3.10243347 9.68970000
3.10552626 9.75860000
3.10861905 9.82930000
3.11171183 9.90170000
3.11480463 9.97570000
3.11789741 10.05140000
3.12099021 10.12860000
3.12408300 10.20720000
3.12717579 10.28720000
3.13026858 10.36860000
3.13336137 10.45120000
3.13645415 10.53500000
3.13954695 10.62000000
3.14263974 10.70600000
3.14573253 10.79310000
3.14882532 10.88110000
3.15191811 10.97010000
3.15501090 11.05990000
3.15810369 11.15050000
3.16119647 11.24180000
3.16428927 11.33380000
3.16738206 11.42650000
3.17047485 11.51950000
3.17356764 11.61330000
3.17666043 11.70750000
3.17975322 11.80290000
3.18284601 11.89780000
3.18593879 11.99300000
3.18903159 12.08830000
3.19212438 12.18350000
3.19521717 12.27890000
3.19830996 12.37410000
3.20140275 12.46910000
3.20449554 12.56440000
3.20758833 12.65820000
3.21068111 12.75110000
3.21377391 12.84240000
3.21686670 12.93160000
3.21995949 13.01750000
3.22305228 13.09840000
3.22614507 13.17070000
3.22923786 13.22880000
3.23233065 13.26390000
3.23542343 13.26770000
3.23851623 13.24040000
3.24160902 13.18990000
3.24470181 13.12500000
3.24779460 13.05150000
3.25088739 12.97250000
3.25398018 12.88980000
3.25707297 12.93210000
3.26016576 13.00590000
3.26325855 13.07880000
3.26635134 13.15050000
3.26944413 13.22110000
3.27253692 13.29060000
3.27562971 13.35890000
3.27872250 13.42600000
3.28181529 13.49170000
3.28490808 13.55600000
3.28800087 13.61910000
3.29109366 13.68070000
3.29418645 13.74090000
3.29727924 13.79960000
3.30037203 13.85680000
3.30346482 13.91250000
3.30655761 13.96650000
3.30965040 14.01900000
3.31274320 14.06980000
3.31583598 14.11890000
3.31892877 14.16640000
3.32202156 14.21230000
3.32511435 14.25640000
3.32820714 14.29880000
3.32820714 14.29880000
3.32999277 14.29830000
3.33177839 14.29680000
3.33356401 14.29440000
3.33534964 14.29100000
3.33713526 14.28660000
3.33892088 14.28120000
3.34070650 14.27490000
3.34249213 14.26770000
3.34427776 14.25950000
3.34606337 14.25040000
3.34784900 14.24090000
3.34963463 14.23000000
3.35142024 14.21820000
3.35320587 14.20560000
3.35499148 14.19220000
3.35677711 14.17790000
3.35856274 14.16220000
3.36034836 14.14630000
3.36213398 14.12970000
3.36391961 14.11240000
3.36570523 14.09430000
3.36749086 14.07550000
3.36927647 14.05610000
3.37106210 14.03610000
3.37284773 14.01540000
3.37463334 13.99410000
3.37641897 13.97220000
3.37820460 13.94970000
3.37999021 13.92680000
3.38177584 13.90330000
3.38356146 13.87930000
3.38534708 13.85490000
3.38713271 13.83050000
3.38891833 13.80510000
3.39070395 13.77930000
3.39248958 13.75320000
3.39427520 13.72670000
3.39606083 13.69990000
3.39784644 13.67270000
3.39963207 13.64530000
3.40141770 13.61760000
3.40320331 13.58960000
3.40498894 13.56140000
3.40677457 13.53290000
3.40856018 13.50430000
3.41034581 13.47550000
3.41213143 13.44650000
3.41391705 13.41740000
3.41570268 13.38820000
3.41748830 13.35880000
3.41927393 13.32940000
3.42105955 13.30000000
3.42284517 13.27040000
3.42463080 13.24090000
3.42641641 13.21140000
3.42820204 13.18180000
3.42998767 13.15160000
3.43177328 13.12220000
3.43355891 13.09280000
3.43534454 13.06360000
3.43713015 13.03440000
3.43891578 13.00540000
3.44070140 12.97660000
3.44248702 12.94800000
3.44427265 12.91950000
3.44605827 12.89130000
3.44784390 12.86340000
3.44962952 12.83570000
3.45141514 12.80830000
3.45320077 12.78130000
3.45498638 12.75460000
3.45677201 12.72830000
3.45855764 12.70230000
3.46034325 12.67680000
3.46212888 12.65190000
3.46391451 12.62730000
3.46570012 12.60330000
3.46748575 12.57970000
3.46927137 12.55670000
3.47105700 12.53430000
3.47284262 12.51290000
3.47462824 12.49170000
3.47641387 12.47110000
3.47819950 12.45130000
3.47998511 12.43210000
3.48177074 12.41360000
3.48355635 12.39590000
3.48534198 12.37890000
3.48712761 12.36270000
3.48891322 12.34730000
3.49069885 12.33260000
3.49248448 12.31870000
3.49427010 12.29580000
3.49605572 12.27500000
3.49784134 12.25850000
3.49962697 12.24680000
3.50141259 12.24030000
3.50319821 12.23940000
3.50498384 12.24430000
3.50498384 12.24430000
3.50855508 12.22470000
3.51212634 12.21080000
3.51569758 12.20310000
3.51926882 12.20220000
3.52284007 12.20850000
3.52641132 12.22210000
3.52998257 12.24320000
3.53355381 12.27150000
3.53712505 12.30610000
3.54069631 12.34740000
3.54426755 12.39440000
3.54783879 12.44610000
3.55141004 12.50210000
3.55498129 12.56210000
3.55855254 12.62460000
3.56212378 12.68940000
3.56569502 12.75600000
3.56926628 12.82380000
3.57283752 12.89250000
3.57640876 12.96140000
3.57998001 13.03020000
3.58355126 13.09850000
3.58712251 13.16580000
3.59069375 13.23160000
3.59426499 13.29540000
3.59783625 13.35690000
3.60140749 13.41540000
3.60497873 13.47050000
3.60854998 13.52150000
3.61212123 13.56790000
3.61569248 13.60900000
3.61926372 13.64410000
3.62283496 13.67290000
3.62640622 13.69460000
3.62997746 13.70860000
3.63354871 13.71440000
3.63711995 13.71180000
3.64069121 13.70050000
3.64426245 13.67990000
3.64783369 13.65030000
3.65140493 13.61110000
3.65497619 13.56380000
3.65854743 13.50820000
3.66211868 13.44500000
3.66568992 13.37400000
3.66926118 13.29600000
3.67283242 13.21160000
3.67640366 13.12160000
3.67997490 13.02630000
3.68354616 12.92640000
3.68711740 12.82250000
3.69068865 12.71490000
3.69425989 12.60420000
3.69783115 12.49090000
3.70140239 12.37410000
3.70497363 12.25660000
3.70854488 12.13750000
3.71211613 12.01720000
3.71568737 11.89600000
3.71925862 11.77420000
3.72282986 11.65210000
3.72640112 11.52990000
3.72997236 11.40780000
3.73354360 11.28600000
3.73711485 11.16490000
3.74068610 11.04450000
3.74425735 10.92520000
3.74782859 10.80710000
3.75139983 10.69030000
3.75497109 10.57510000
3.75854233 10.46180000
3.76211357 10.35040000
3.76568482 10.24110000
3.76925607 10.13420000
3.77282732 10.02980000
3.77639856 9.92820000
3.77996980 9.82950000
3.78354106 9.73400000
3.78711230 9.64180000
3.79068354 9.55320000
3.79425479 9.46840000
3.79782604 9.38770000
3.80139729 9.31120000
3.80496853 9.23930000
3.80853977 9.17230000
3.81211103 9.11030000
3.81568227 9.05350000
3.81925351 9.00230000
3.82282476 8.95670000
3.82639601 8.91670000
3.82996726 8.88220000
3.83353850 8.85310000
3.83710974 8.82900000
3.84068100 8.80950000
3.84425224 8.79420000
3.84782349 8.78280000
3.85139473 8.77480000
3.85496599 8.77010000
3.85853723 8.76860000
3.85853723 8.76860000
3.86163002 8.76980000
3.86472281 8.77330000
3.86781560 8.77920000
3.87090839 8.78760000
3.87400118 8.79870000
3.87709397 8.81260000
3.88018676 8.82940000
3.88327955 8.84920000
3.88637234 8.87210000
3.88946513 8.89810000
3.89255792 8.92720000
3.89565071 8.95940000
3.89874350 8.99450000
3.90183629 9.03270000
3.90492908 9.07360000
3.90802187 9.11740000
3.91111466 9.16390000
3.91420745 9.21300000
3.91730024 9.26460000
3.92039303 9.31870000
3.92348582 9.37510000
3.92657862 9.43380000
3.92967140 9.49470000
3.93276419 9.55770000
3.93585698 9.62280000
3.93894977 9.68970000
3.94204256 9.75860000
3.94513535 9.82930000
3.94822814 9.90170000
3.95132094 9.97570000
3.95441372 10.05140000
3.95750651 10.12860000
3.96059930 10.20720000
3.96369209 10.28720000
3.96678488 10.36860000
3.96987767 10.45120000
3.97297046 10.53500000
3.97606326 10.62000000
3.97915604 10.70600000
3.98224883 10.79310000
3.98534162 10.88110000
3.98843441 10.97010000
3.99152720 11.05990000
3.99461999 11.15050000
3.99771278 11.24180000
4.00080558 11.33380000
4.00389836 11.42650000
4.00699115 11.51950000
4.01008394 11.61330000
4.01317673 11.70750000
4.01626952 11.80290000
4.01936231 11.89780000
4.02245510 11.99300000
4.02554790 12.08830000
4.02864068 12.18350000
4.03173347 12.27890000
4.03482626 12.37410000
4.03791905 12.46910000
4.04101184 12.56440000
4.04410464 12.65820000
4.04719742 12.75110000
4.05029022 12.84240000
4.05338300 12.93160000
4.05647579 13.01750000
4.05956858 13.09840000
4.06266137 13.17070000
4.06575416 13.22880000
4.06884696 13.26390000
4.07193974 13.26770000
4.07503254 13.24040000
4.07812532 13.18990000
4.08121811 13.12500000
4.08431090 13.05150000
4.08740369 12.97250000
4.09049648 12.88980000
4.09358928 12.93210000
4.09668206 13.00590000
4.09977486 13.07880000
4.10286764 13.15050000
4.10596043 13.22110000
4.10905322 13.29060000
4.11214601 13.35890000
4.11523881 13.42600000
4.11833160 13.49170000
4.12142438 13.55600000
4.12451718 13.61910000
4.12760996 13.68070000
4.13070275 13.74090000
4.13379554 13.79960000
4.13688833 13.85680000
4.13998113 13.91250000
4.14307392 13.96650000
4.14616670 14.01900000
4.14925950 14.06980000
4.15235228 14.11890000
4.15544507 14.16640000
4.15853786 14.21230000
4.16163065 14.25640000
4.16472345 14.29880000

0.00000000 13.19800000
0.00714250 13.19880000
0.01428499 13.20130000
0.02142749 13.20540000
0.02856997 13.21100000
0.03571247 13.21800000
0.04285496 13.22630000
0.04999746 13.23570000
0.05713994 13.24600000
0.06428244 13.25690000
0.07142493 13.26820000
0.07856743 13.27960000
0.08570991 13.29070000
0.09285241 13.30100000
0.09999490 13.31040000
0.10713740 13.31830000
0.11427988 13.32420000
0.12142238 13.32760000
0.12856487 13.32800000
0.13570737 13.32480000
0.14284985 13.31750000
0.14999235 13.30540000
0.15713484 13.28800000
0.16427734 13.26460000
0.17141982 13.23480000
0.17856232 13.19800000
0.18570481 13.15370000
0.19284731 13.10150000
0.19998979 13.04120000
0.20713229 12.97260000
0.21427478 12.89550000
0.22141728 12.81000000
0.22855977 12.71610000
0.23570227 12.61420000
0.24284475 12.50460000
0.24998725 12.38770000
0.25712974 12.26390000
0.26427224 12.13380000
0.27141472 11.99810000
0.27855722 11.85720000
0.28569971 11.71180000
0.29284221 11.56240000
0.29998469 11.40970000
0.30712719 11.25420000
0.31426968 11.09640000
0.32141218 10.93680000
0.32855466 10.99260000
0.33569716 11.14780000
0.34283965 11.30270000
0.34998215 11.45730000
0.35712463 11.61160000
0.36426713 11.76550000
0.37140962 11.91890000
0.37855212 12.07180000
0.38569460 12.22460000
0.39283710 12.37630000
0.39997959 12.52710000
0.40712209 12.67720000
0.41426457 12.82640000
0.42140707 12.97460000
0.42854956 13.12180000
0.43569206 13.26780000
0.44283455 13.41260000
0.44997705 13.55620000
0.45711953 13.69810000
0.46426203 13.83870000
0.47140452 13.97770000
0.47854702 14.11500000
0.48568950 14.25050000
0.49283200 14.38430000
0.49997449 14.51570000
0.50711699 14.64500000
0.51425947 14.77180000
0.52140197 14.89620000
0.52854446 15.01960000
0.53568696 15.13860000
0.54282944 15.25380000
0.54997194 15.36670000
0.55711443 15.47640000
0.56425693 15.58260000
0.57139941 15.68520000
0.57854191 15.78410000
0.58568440 15.87900000
0.59282690 15.96980000
0.59996938 16.05620000
0.60711188 16.13750000
0.61425437 16.21470000
0.62139687 16.28700000
0.62853935 16.35430000
0.63568185 16.41640000
0.64282434 16.47320000
0.64996684 16.52440000
0.65710933 16.56990000
0.66425183 16.60970000
0.67139431 16.64200000
0.67853681 16.66990000
0.68567930 16.69160000
0.69282180 16.70710000
0.69996428 16.71650000
0.70710678 16.71960000
0.70710678 16.71960000
0.71067802 16.71910000
0.71424928 16.71780000
0.71782052 16.71560000
0.72139177 16.71240000
0.72496301 16.70840000
0.72853427 16.70340000
0.73210551 16.69760000
0.73567675 16.69080000
0.73924799 16.68390000
0.74281925 16.67520000
0.74639049 16.66570000
0.74996174 16.65520000
0.75353298 16.64370000
0.75710424 16.63130000
0.76067548 16.61800000
0.76424672 16.60360000
0.76781797 16.58830000
0.77138922 16.57200000
0.77496047 16.55470000
0.77853171 16.53640000
0.78210295 16.51700000
0.78567421 16.49660000
0.78924545 16.47520000
0.79281669 16.45410000
0.79638794 16.43050000
0.79995919 16.40580000
0.80353044 16.38000000
0.80710168 16.35310000
0.81067292 16.32500000
0.81424418 16.29580000
0.81781542 16.26550000
0.82138666 16.23400000
0.82495791 16.20130000
0.82852916 16.16740000
0.83210041 16.13230000
0.83567165 16.09750000
0.83924289 16.05990000
0.84281415 16.02120000
0.84638539 15.98120000
0.84995663 15.93990000
0.85352788 15.89790000
0.85709913 15.85420000
0.86067038 15.80880000
0.86424162 15.76260000
0.86781286 15.71500000
0.87138412 15.66620000
0.87495536 15.61610000
0.87852661 15.56480000
0.88209785 15.51220000
0.88566910 15.45830000
0.88924035 15.40320000
0.89281159 15.34690000
0.89638283 15.28930000
0.89995409 15.23060000
0.90352533 15.17060000
0.90709658 15.10940000
0.91066782 15.04710000
0.91423908 14.98360000
0.91781032 14.91890000
0.92138156 14.85320000
0.92495280 14.78640000
0.92852406 14.71850000
0.93209530 14.64960000
0.93566655 14.57970000
0.93923779 14.50880000
0.94280905 14.43600000
0.94638029 14.36400000
0.94995153 14.29040000
0.95352277 14.21600000
0.95709403 14.14090000
0.96066527 14.06500000
0.96423652 13.98850000
0.96780776 13.91130000
0.97137902 13.83360000
0.97495026 13.75540000
0.97852150 13.67680000
0.98209275 13.59790000
0.98566400 13.51870000
0.98923525 13.43940000
0.99280649 13.36010000
0.99637773 13.28080000
0.99994899 13.20170000
1.00352023 13.12310000
1.00709147 13.04500000
1.01066272 12.96770000
1.01423397 12.89150000
1.01780522 12.81670000
1.02137646 12.74350000
1.02494770 12.67240000
1.02851896 12.60400000
1.03209020 12.53890000
1.03566144 12.47780000
1.03923269 12.42150000
1.04280394 12.37110000
1.04637519 12.32760000
1.04994643 12.29220000
1.05351767 12.26590000
1.05708893 12.24970000
1.06066017 12.24430000
1.06066017 12.24430000
1.06244580 12.25250000
1.06423141 12.26150000
1.06601704 12.27140000
1.06780267 12.28200000
1.06958829 12.29340000
1.07137391 12.30570000
1.07315953 12.32060000
1.07494516 12.34880000
1.07673079 12.38010000
1.07851640 12.41410000
1.08030203 12.45040000
1.08208766 12.48880000
1.08387327 12.52900000
1.08565890 12.57070000
1.08744451 12.61380000
1.08923014 12.65800000
1.09101577 12.70320000
1.09280139 12.74940000
1.09458701 12.79620000
1.09637264 12.84370000
1.09815826 12.89180000
1.09994388 12.94030000
1.10172950 12.98920000
1.10351513 13.03850000
1.10530076 13.08770000
1.10708637 13.13740000
1.10887200 13.18730000
1.11065763 13.23730000
1.11244324 13.28740000
1.11422887 13.33750000
1.11601448 13.38760000
1.11780011 13.43760000
1.11958574 13.48760000
1.12137136 13.53750000
1.12315698 13.58730000
1.12494261 13.63690000
1.12672823 13.68630000
1.12851386 13.73560000
1.13029947 13.78450000
1.13208510 13.83330000
1.13387073 13.88170000
1.13565634 13.92990000
1.13744197 13.97840000
1.13922760 14.02580000
1.14101321 14.07300000
1.14279884 14.11970000
1.14458446 14.16600000
1.14637008 14.21190000
1.14815571 14.25730000
1.14994133 14.30220000
1.15172696 14.34670000
1.15351258 14.39070000
1.15529820 14.43410000
1.15708383 14.47690000
1.15886944 14.51920000
1.16065507 14.56090000
1.16244070 14.60200000
1.16422631 14.64250000
1.16601194 14.68230000
1.16779757 14.72150000
1.16958318 14.75990000
1.17136881 14.79770000
1.17315443 14.83470000
1.17494005 14.87100000
1.17672568 14.90650000
1.17851130 14.94170000
1.18029693 14.97560000
1.18208255 15.00800000
1.18386817 15.04030000
1.18565380 15.07170000
1.18743941 15.10220000
1.18922504 15.13180000
1.19101067 15.16050000
1.19279628 15.18830000
1.19458191 15.21520000
1.19636754 15.24100000
1.19815315 15.26600000
1.19993878 15.28990000
1.20172440 15.31280000
1.20351003 15.33470000
1.20529565 15.35560000
1.20708127 15.37540000
1.20886690 15.39440000
1.21065252 15.41210000
1.21243814 15.42870000
1.21422377 15.44420000
1.21600938 15.45860000
1.21779501 15.47190000
1.21958064 15.48390000
1.22136625 15.49490000
1.22315188 15.50480000
1.22493751 15.51350000
1.22672312 15.52110000
1.22850875 15.52760000
1.23029437 15.53280000
1.23208000 15.53690000
1.23386562 15.53990000
1.23565124 15.54160000
1.23743687 15.54220000
1.23743687 15.54220000
1.24671524 15.48510000
1.25599361 15.42770000
1.26527198 15.37000000
1.27455035 15.31210000
1.28382872 15.25410000
1.29310709 15.19610000
1.30238546 15.13800000
1.31166383 15.08000000
1.32094220 15.02200000
1.33022057 14.96430000
1.33949894 14.90680000
1.34877731 14.84960000
1.35805568 14.79270000
1.36733405 14.73620000
1.37661242 14.68030000
1.38589079 14.62480000
1.39516916 14.57000000
1.40444754 14.51580000
1.41372590 14.46230000
1.42300427 14.40960000
1.43228264 14.35780000
1.44156101 14.30700000
1.45083938 14.25710000
1.46011775 14.20890000
1.46939612 14.16010000
1.47867450 14.11380000
1.48795286 14.06870000
1.49723124 14.02510000
1.50650960 13.98300000
1.51578797 13.94250000
1.52506634 13.90370000
1.53434471 13.86660000
1.54362308 13.83220000
1.55290146 13.79730000
1.56217983 13.76590000
1.57145820 13.73690000
1.58073657 13.71010000
1.59001493 13.68560000
1.59929331 13.66350000
1.60857167 13.64420000
1.61785005 13.62630000
1.62712842 13.61160000
1.63640679 13.59950000
1.64568516 13.58980000
1.65496353 13.58270000
1.66424190 13.57790000
1.67352027 13.57550000
1.68279863 13.57530000
1.69207701 13.57660000
1.70135538 13.58040000
1.71063375 13.58590000
1.71991212 13.59280000
1.72919049 13.60100000
1.73846886 13.61020000
1.74774723 13.62000000
1.75702560 13.63020000
1.76630397 13.64050000
1.77558234 13.65050000
1.78486071 13.66000000
1.79413908 13.66860000
1.80341745 13.67620000
1.81269582 13.68240000
1.82197419 13.68690000
1.83125256 13.68980000
1.84053093 13.69060000
1.84980930 13.68940000
1.85908768 13.68610000
1.86836605 13.68060000
1.87764441 13.67300000
1.88692279 13.66320000
1.89620115 13.65130000
1.90547953 13.63750000
1.91475789 13.62210000
1.92403626 13.60490000
1.93331464 13.58610000
1.94259301 13.56610000
1.95187138 13.54510000
1.96114975 13.52320000
1.97042811 13.50070000
1.97970649 13.47780000
1.98898485 13.45470000
1.99826323 13.43170000
2.00754160 13.40890000
2.01681997 13.38660000
2.02609834 13.36490000
2.03537671 13.34390000
2.04465507 13.32410000
2.05393345 13.30520000
2.06321181 13.28750000
2.07249019 13.27120000
2.08176856 13.25630000
2.09104693 13.24290000
2.10032530 13.23120000
2.10960367 13.22120000
2.11888204 13.21290000
2.12816041 13.20640000
2.13743877 13.20170000
2.14671715 13.19890000
2.15599552 13.19800000
2.15599552 13.19800000
2.16474326 13.19860000
2.17349098 13.20050000
2.18223872 13.20360000
2.19098645 13.20800000
2.19973419 13.21360000
2.20848191 13.22050000
2.21722965 13.22860000
2.22597737 13.23800000
2.23472511 13.24860000
2.24347283 13.26050000
2.25222057 13.27350000
2.26096830 13.28790000
2.26971604 13.30350000
2.27846376 13.32030000
2.28721150 13.33830000
2.29595922 13.35750000
2.30470696 13.37790000
2.31345468 13.39960000
2.32220242 13.42240000
2.33095015 13.44640000
2.33969789 13.47160000
2.34844561 13.49790000
2.35719335 13.52530000
2.36594107 13.55380000
2.37468881 13.58340000
2.38343653 13.61410000
2.39218427 13.64550000
2.40093200 13.67820000
2.40967974 13.71190000
2.41842746 13.74640000
2.42717520 13.78190000
2.43592292 13.81820000
2.44467066 13.85540000
2.45341838 13.89330000
2.46216612 13.93190000
2.47091385 13.97120000
2.47966159 14.01120000
2.48840931 14.05170000
2.49715705 14.09280000
2.50590477 14.13430000
2.51465251 14.17630000
2.52340023 14.21860000
2.53214797 14.26120000
2.54089570 14.30400000
2.54964344 14.34700000
2.55839116 14.39020000
2.56713890 14.43330000
2.57588662 14.47640000
2.58463436 14.51950000
2.59338208 14.56240000
2.60212982 14.60510000
2.61087755 14.64750000
2.61962529 14.68960000
2.62837301 14.73130000
2.63712075 14.77250000
2.64586847 14.81310000
2.65461621 14.85310000
2.66336393 14.89250000
2.67211167 14.93120000
2.68085940 14.96900000
2.68960714 15.00610000
2.69835486 15.04420000
2.70710260 15.07940000
2.71585032 15.11370000
2.72459806 15.14690000
2.73334578 15.17910000
2.74209352 15.21010000
2.75084125 15.24010000
2.75958899 15.26900000
2.76833671 15.29670000
2.77708445 15.32320000
2.78583217 15.34860000
2.79457991 15.37280000
2.80332763 15.39590000
2.81207537 15.41780000
2.82082310 15.43850000
2.82957084 15.45810000
2.83831856 15.47760000
2.84706630 15.49490000
2.85581402 15.51110000
2.86456176 15.52630000
2.87330948 15.54000000
2.88205722 15.55310000
2.89080495 15.56530000
2.89955269 15.57640000
2.90830041 15.58670000
2.91704815 15.59610000
2.92579587 15.60460000
2.93454361 15.61230000
2.94329133 15.61910000
2.95203907 15.62520000
2.96078680 15.63050000
2.96953454 15.63510000
2.97828226 15.63900000
2.98703000 15.64210000
2.99577772 15.64900000
3.00452546 15.65070000
3.01327318 15.65170000
3.02202092 15.65200000
3.02202092 15.65200000
3.02511372 15.65200000
3.02820651 15.65210000
3.03129930 15.65220000
3.03439209 15.65230000
3.03748487 15.65160000
3.04057767 15.65090000
3.04367045 15.65090000
3.04676324 15.65010000
3.04985604 15.64990000
3.05294883 15.64810000
3.05604162 15.64750000
3.05913441 15.64680000
3.06222719 15.64580000
3.06531999 15.64440000
3.06841277 15.64270000
3.07150557 15.64050000
3.07459836 15.63780000
3.07769115 15.63460000
3.08078394 15.63080000
3.08387673 15.62620000
3.08696951 15.62100000
3.09006231 15.61490000
3.09315509 15.60800000
3.09624789 15.60010000
3.09934068 15.59120000
3.10243347 15.58130000
3.10552626 15.57020000
3.10861905 15.55790000
3.11171183 15.54420000
3.11480463 15.52930000
3.11789741 15.51300000
3.12099021 15.49520000
3.12408300 15.47590000
3.12717579 15.45430000
3.13026858 15.43170000
3.13336137 15.40750000
3.13645415 15.38140000
3.13954695 15.35360000
3.14263974 15.32390000
3.14573253 15.29230000
3.14882532 15.25910000
3.15191811 15.22360000
3.15501090 15.18600000
3.15810369 15.14640000
3.16119647 15.10470000
3.16428927 15.06090000
3.16738206 15.01500000
3.17047485 14.96690000
3.17356764 14.91680000
3.17666043 14.86460000
3.17975322 14.81040000
3.18284601 14.75410000
3.18593879 14.69590000
3.18903159 14.63580000
3.19212438 14.57370000
3.19521717 14.51000000
3.19830996 14.44470000
3.20140275 14.37790000
3.20449554 14.31050000
3.20758833 14.24130000
3.21068111 14.17140000
3.21377391 14.10120000
3.21686670 14.03150000
3.21995949 13.96330000
3.22305228 13.89860000
3.22614507 13.84060000
3.22923786 13.79520000
3.23233065 13.77110000
3.23542343 13.77660000
3.23851623 13.81180000
3.24160902 13.86820000
3.24470181 13.93710000
3.24779460 14.01290000
3.25088739 14.09250000
3.25398018 14.17380000
3.25707297 14.25560000
3.26016576 14.33730000
3.26325855 14.41840000
3.26635134 14.49840000
3.26944413 14.57690000
3.27253692 14.65370000
3.27562971 14.72860000
3.27872250 14.80140000
3.28181529 14.87170000
3.28490808 14.93910000
3.28800087 15.00400000
3.29109366 15.06590000
3.29418645 15.12470000
3.29727924 15.18020000
3.30037203 15.23230000
3.30346482 15.28100000
3.30655761 15.32600000
3.30965040 15.36750000
3.31274320 15.40540000
3.31583598 15.43970000
3.31892877 15.47050000
3.32202156 15.49780000
3.32511435 15.52160000
3.32820714 15.54220000
3.32820714 15.54220000
3.32999277 15.54160000
3.33177839 15.53990000
3.33356401 15.53690000
3.33534964 15.53280000
3.33713526 15.52760000
3.33892088 15.52110000
3.34070650 15.51350000
3.34249213 15.50480000
3.34427776 15.49490000
3.34606337 15.48390000
3.34784900 15.47190000
3.34963463 15.45860000
3.35142024 15.44420000
3.35320587 15.42870000
3.35499148 15.41210000
3.35677711 15.39440000
3.35856274 15.37540000
3.36034836 15.35560000
3.36213398 15.33470000
3.36391961 15.31280000
3.36570523 15.28990000
3.36749086 15.26600000
3.36927647 15.24110000
3.37106210 15.21520000
3.37284773 15.18830000
3.37463334 15.16050000
3.37641897 15.13180000
3.37820460 15.10220000
3.37999021 15.07170000
3.38177584 15.04030000
3.38356146 15.00800000
3.38534708 14.97560000
3.38713271 14.94170000
3.38891833 14.90650000
3.39070395 14.87100000
3.39248958 14.83470000
3.39427520 14.79770000
3.39606083 14.75990000
3.39784644 14.72150000
3.39963207 14.68230000
3.40141770 14.64250000
3.40320331 14.60200000
3.40498894 14.56090000
3.40677457 14.51920000
3.40856018 14.47690000
3.41034581 14.43410000
3.41213143 14.39070000
3.41391705 14.34670000
3.41570268 14.30220000
3.41748830 14.25730000
3.41927393 14.21190000
3.42105955 14.16600000
3.42284517 14.11970000
3.42463080 14.07300000
3.42641641 14.02580000
3.42820204 13.97840000
3.42998767 13.92990000
3.43177328 13.88170000
3.43355891 13.83330000
3.43534454 13.78450000
3.43713015 13.73560000
3.43891578 13.68630000
3.44070140 13.63690000
3.44248702 13.58730000
3.44427265 13.53750000
3.44605827 13.48760000
3.44784390 13.43760000
3.44962952 13.38760000
3.45141514 13.33750000
3.45320077 13.28740000
3.45498638 13.23730000
3.45677201 13.18730000
3.45855764 13.13740000
3.46034325 13.08770000
3.46212888 13.03850000
3.46391451 12.98920000
3.46570012 12.94030000
3.46748575 12.89180000
3.46927137 12.84370000
3.47105700 12.79620000
3.47284262 12.74940000
3.47462824 12.70320000
3.47641387 12.65800000
3.47819950 12.61380000
3.47998511 12.57070000
3.48177074 12.52900000
3.48355635 12.48880000
3.48534198 12.45040000
3.48712761 12.41410000
3.48891322 12.38010000
3.49069885 12.34880000
3.49248448 12.32060000
3.49427010 12.30570000
3.49605572 12.29340000
3.49784134 12.28200000
3.49962697 12.27140000
3.50141259 12.26150000
3.50319821 12.25250000
3.50498384 12.24430000
3.50498384 12.24430000
3.50855508 12.26890000
3.51212634 12.29790000
3.51569758 12.33090000
3.51926882 12.36720000
3.52284007 12.40650000
3.52641132 12.44830000
3.52998257 12.49240000
3.53355381 12.53840000
3.53712505 12.58600000
3.54069631 12.63520000
3.54426755 12.68570000
3.54783879 12.73720000
3.55141004 12.78980000
3.55498129 12.84330000
3.55855254 12.89760000
3.56212378 12.95260000
3.56569502 13.00840000
3.56926628 13.06440000
3.57283752 13.12090000
3.57640876 13.17780000
3.57998001 13.23490000
3.58355126 13.29240000
3.58712251 13.35010000
3.59069375 13.40790000
3.59426499 13.46580000
3.59783625 13.52380000
3.60140749 13.58180000
3.60497873 13.63980000
3.60854998 13.69780000
3.61212123 13.75560000
3.61569248 13.81320000
3.61926372 13.87040000
3.62283496 13.92760000
3.62640622 13.98450000
3.62997746 14.04110000
3.63354871 14.09740000
3.63711995 14.15320000
3.64069121 14.20920000
3.64426245 14.26410000
3.64783369 14.31840000
3.65140493 14.37220000
3.65497619 14.42530000
3.65854743 14.47780000
3.66211868 14.52990000
3.66568992 14.58090000
3.66926118 14.63110000
3.67283242 14.68040000
3.67640366 14.72890000
3.67997490 14.77640000
3.68354616 14.82300000
3.68711740 14.86850000
3.69068865 14.91300000
3.69425989 14.95640000
3.69783115 14.99860000
3.70140239 15.03910000
3.70497363 15.07890000
3.70854488 15.11740000
3.71211613 15.15460000
3.71568737 15.18990000
3.71925862 15.22450000
3.72282986 15.25760000
3.72640112 15.28940000
3.72997236 15.31970000
3.73354360 15.34850000
3.73711485 15.37590000
3.74068610 15.40180000
3.74425735 15.42630000
3.74782859 15.44930000
3.75139983 15.47080000
3.75497109 15.49080000
3.75854233 15.50970000
3.76211357 15.52690000
3.76568482 15.54270000
3.76925607 15.55710000
3.77282732 15.57020000
3.77639856 15.58200000
3.77996980 15.59260000
3.78354106 15.60200000
3.78711230 15.61030000
3.79068354 15.61760000
3.79425479 15.62380000
3.79782604 15.62920000
3.80139729 15.63370000
3.80496853 15.63820000
3.80853977 15.64120000
3.81211103 15.64360000
3.81568227 15.64550000
3.81925351 15.64690000
3.82282476 15.64800000
3.82639601 15.64860000
3.82996726 15.64910000
3.83353850 15.65000000
3.83710974 15.65010000
3.84068100 15.65010000
3.84425224 15.65230000
3.84782349 15.65220000
3.85139473 15.65210000
3.85496599 15.65200000
3.85853723 15.65200000
3.85853723 15.65200000
3.86163002 15.65200000
3.86472281 15.65210000
3.86781560 15.65220000
3.87090839 15.65230000
3.87400118 15.65160000
3.87709397 15.65090000
3.88018676 15.65090000
3.88327955 15.65010000
3.88637234 15.64990000
3.88946513 15.64810000
3.89255792 15.64750000
3.89565071 15.64680000
3.89874350 15.64580000
3.90183629 15.64440000
3.90492908 15.64270000
3.90802187 15.64050000
3.91111466 15.63780000
3.91420745 15.63460000
3.91730024 15.63080000
3.92039303 15.62620000
3.92348582 15.62100000
3.92657862 15.61490000
3.92967140 15.60800000
3.93276419 15.60010000
3.93585698 15.59120000
3.93894977 15.58130000
3.94204256 15.57020000
3.94513535 15.55790000
3.94822814 15.54420000
3.95132094 15.52930000
3.95441372 15.51300000
3.95750651 15.49520000
3.96059930 15.47590000
3.96369209 15.45430000
3.96678488 15.43170000
3.96987767 15.40750000
3.97297046 15.38140000
3.97606326 15.35360000
3.97915604 15.32390000
3.98224883 15.29230000
3.98534162 15.25910000
3.98843441 15.22360000
3.99152720 15.18600000
3.99461999 15.14640000
3.99771278 15.10470000
4.00080558 15.06090000
4.00389836 15.01500000
4.00699115 14.96690000
4.01008394 14.91680000
4.01317673 14.86460000
4.01626952 14.81040000
4.01936231 14.75410000
4.02245510 14.69590000
4.02554790 14.63580000
4.02864068 14.57370000
4.03173347 14.51000000
4.03482626 14.44470000
4.03791905 14.37790000
4.04101184 14.31050000
4.04410464 14.24130000
4.04719742 14.17140000
4.05029022 14.10120000
4.05338300 14.03150000
4.05647579 13.96330000
4.05956858 13.89860000
4.06266137 13.84060000
4.06575416 13.79520000
4.06884696 13.77110000
4.07193974 13.77660000
4.07503254 13.81180000
4.07812532 13.86820000
4.08121811 13.93710000
4.08431090 14.01290000
4.08740369 14.09250000
4.09049648 14.17380000
4.09358928 14.25560000
4.09668206 14.33730000
4.09977486 14.41840000
4.10286764 14.49840000
4.10596043 14.57690000
4.10905322 14.65370000
4.11214601 14.72860000
4.11523881 14.80140000
4.11833160 14.87170000
4.12142438 14.93910000
4.12451718 15.00390000
4.12760996 15.06590000
4.13070275 15.12470000
4.13379554 15.18020000
4.13688833 15.23230000
4.13998113 15.28100000
4.14307392 15.32600000
4.14616670 15.36750000
4.14925950 15.40540000
4.15235228 15.43970000
4.15544507 15.47050000
4.15853786 15.49780000
4.16163065 15.52160000
4.16472345 15.54220000

