
     Program PHONON v.7.4.1 starts on  9Aug2026 at 15:20: 7 

     This program is part of the open-source Quantum ESPRESSO suite
     for quantum simulation of materials; please cite
         "P. Giannozzi et al., J. Phys.:Condens. Matter 21 395502 (2009);
         "P. Giannozzi et al., J. Phys.:Condens. Matter 29 465901 (2017);
         "P. Giannozzi et al., J. Chem. Phys. 152 154105 (2020);
          URL http://www.quantum-espresso.org", 
     in publications or presentations arising from this work. More details at
     http://www.quantum-espresso.org/quote

     Parallel version (MPI), running on    28 processors

     MPI processes distributed on     1 nodes
     88290 MiB available memory on the printing compute node when the environment starts
 
     Reading input from dyn-matrix_ph.in
      Title line not specified: using 'default'.

     Reading xml data from directory:

     ../tmp/diamond.save/
 
     K-points division:     npool     =       4
     R & G space division:  proc/nbgrp/npool/nimage =       7
     Subspace diagonalization in iterative solution of the eigenvalue problem:
     a serial algorithm will be used

     file C.pbe-n-kjpaw_psl.1.0.0.UPF: wavefunction(s)  2S 2P renormalized

     IMPORTANT: XC functional enforced from input :
     Exchange-correlation= PBE
                           (   1   4   3   4   0   0   0)
     Any further DFT definition will be discarded
     Please, verify this is what you really want

 
     Parallelization info
     --------------------
     sticks:   dense  smooth     PW     G-vecs:    dense   smooth      PW
     Min          40      40     13                  445      445      86
     Max          41      41     13                  447      447      89
     Sum         283     283     91                 3119     3119     609
 
     Using Slab Decomposition
 

     Check: negative core charge=   -0.000077
     Reading collected, re-writing distributed wavefunctions in ../tmp/


     Dynamical matrices for ( 6, 6, 6)  uniform grid of q-points
     (  32 q-points):
       N         xq(1)         xq(2)         xq(3) 
       1   0.000000000   0.000000000   0.000000000
       2  -0.117851130   0.117851130  -0.117851130
       3  -0.235702260   0.235702260  -0.235702260
       4   0.353553391  -0.353553391   0.353553391
       5   0.000000000   0.235702260   0.000000000
       6  -0.117851130   0.353553391  -0.117851130
       7   0.471404521  -0.235702260   0.471404521
       8   0.353553391  -0.117851130   0.353553391
       9   0.235702260  -0.000000000   0.235702260
      10   0.000000000   0.471404521   0.000000000
      11   0.589255651  -0.117851130   0.589255651
      12   0.471404521  -0.000000000   0.471404521
      13   0.000000000  -0.707106781   0.000000000
      14  -0.117851130   0.117851130   0.117851130
      15  -0.235702260   0.235702260   0.000000000
      16   0.353553391  -0.353553391   0.589255651
      17   0.235702260  -0.235702260   0.471404521
      18   0.117851130  -0.117851130   0.353553391
      19  -0.117851130   0.353553391   0.117851130
      20   0.471404521  -0.235702260   0.707106781
      21   0.353553391  -0.117851130   0.589255651
      22   0.235702260  -0.000000000   0.471404521
      23  -0.117851130  -0.824957911   0.117851130
      24  -0.235702260  -0.707106781   0.000000000
      25  -0.353553391  -0.589255651  -0.117851130
      26  -0.117851130  -0.589255651   0.117851130
      27  -0.235702260   0.235702260   0.235702260
      28   0.353553391  -0.353553391   0.824957911
      29   0.235702260  -0.235702260   0.707106781
      30  -0.235702260  -0.942809042   0.235702260
      31  -0.353553391  -0.824957911   0.117851130
      32   0.353553391  -0.353553391  -0.353553391

     Number and degeneracy of irreps per q-point
       N         xq(1)         xq(2)         xq(3)   N irreps
       1   0.000000000   0.000000000   0.000000000       4
        1   1   2   2
       2  -0.117851130   0.117851130  -0.117851130       6
     No degeneracy
       3  -0.235702260   0.235702260  -0.235702260       6
     No degeneracy
       4   0.353553391  -0.353553391   0.353553391       6
     No degeneracy
       5   0.000000000   0.235702260   0.000000000       6
     No degeneracy
       6  -0.117851130   0.353553391  -0.117851130       6
     No degeneracy
       7   0.471404521  -0.235702260   0.471404521       6
     No degeneracy
       8   0.353553391  -0.117851130   0.353553391       6
     No degeneracy
       9   0.235702260  -0.000000000   0.235702260       6
     No degeneracy
      10   0.000000000   0.471404521   0.000000000       6
     No degeneracy
      11   0.589255651  -0.117851130   0.589255651       6
     No degeneracy
      12   0.471404521  -0.000000000   0.471404521       6
     No degeneracy
      13   0.000000000  -0.707106781   0.000000000       6
     No degeneracy
      14  -0.117851130   0.117851130   0.117851130       4
        1   1   2   2
      15  -0.235702260   0.235702260   0.000000000       6
     No degeneracy
      16   0.353553391  -0.353553391   0.589255651       6
     No degeneracy
      17   0.235702260  -0.235702260   0.471404521       6
     No degeneracy
      18   0.117851130  -0.117851130   0.353553391       6
     No degeneracy
      19  -0.117851130   0.353553391   0.117851130       6
     No degeneracy
      20   0.471404521  -0.235702260   0.707106781       6
     No degeneracy
      21   0.353553391  -0.117851130   0.589255651       6
     No degeneracy
      22   0.235702260  -0.000000000   0.471404521       6
     No degeneracy
      23  -0.117851130  -0.824957911   0.117851130       6
     No degeneracy
      24  -0.235702260  -0.707106781   0.000000000       6
     No degeneracy
      25  -0.353553391  -0.589255651  -0.117851130       6
     No degeneracy
      26  -0.117851130  -0.589255651   0.117851130       6
     No degeneracy
      27  -0.235702260   0.235702260   0.235702260       4
        1   1   2   2
      28   0.353553391  -0.353553391   0.824957911       6
     No degeneracy
      29   0.235702260  -0.235702260   0.707106781       6
     No degeneracy
      30  -0.235702260  -0.942809042   0.235702260       6
     No degeneracy
      31  -0.353553391  -0.824957911   0.117851130       6
     No degeneracy
      32   0.353553391  -0.353553391  -0.353553391       4
        1   1   2   2

     Calculation of q =    0.0000000   0.0000000   0.0000000

     default                                                                    

     bravais-lattice index     =            0
     lattice parameter (alat)  =       4.7733  a.u.
     unit-cell volume          =      76.9035 (a.u.)^3
     number of atoms/cell      =            2
     number of atomic types    =            1
     kinetic-energy cut-off    =      45.0000  Ry
     charge density cut-off    =     180.0000  Ry
     convergence threshold     =      1.0E-14
     beta                      =       0.7000
     number of iterations used =            4
     Exchange-correlation= PBE
                           (   1   4   3   4   0   0   0)


     celldm(1)=    4.77332  celldm(2)=    0.00000  celldm(3)=    0.00000
     celldm(4)=    0.00000  celldm(5)=    0.00000  celldm(6)=    0.00000

     crystal axes: (cart. coord. in units of alat)
               a(1) = ( -0.7071  0.0000  0.7071 )  
               a(2) = (  0.0000  0.7071  0.7071 )  
               a(3) = ( -0.7071  0.7071  0.0000 )  

     reciprocal axes: (cart. coord. in units 2 pi/alat)
               b(1) = ( -0.7071 -0.7071  0.7071 )  
               b(2) = (  0.7071  0.7071  0.7071 )  
               b(3) = ( -0.7071  0.7071 -0.7071 )  


     Atoms inside the unit cell: 

     Cartesian axes

     site n.  atom      mass           positions (alat units)
        1  C      12.0107   tau(    1) = (    0.00000    0.00000    0.00000  )
        2  C      12.0107   tau(    2) = (   -0.35410    0.35410    0.35410  )

     Computing dynamical matrix for 
                    q = (   0.0000000   0.0000000   0.0000000 )
 
      7 Sym.Ops. (with q -> -q+G )


     G cutoff =  103.8851  (    447 G-vectors)     FFT grid: ( 24, 24, 24)
     number of k points=    65

     PseudoPot. # 1 for C  read from file:
     ../../pseudos/C.pbe-n-kjpaw_psl.1.0.0.UPF
     MD5 check sum: 5f16ad9a65e90284d1d834d4ab3b0f7d
     Pseudo is Projector augmented-wave + core cor, Zval =  4.0
     Generated using &quot;atomic&quot; code by A. Dal Corso  v.6.3
     Shape of augmentation charge: PSQ
     Using radial grid of 1073 points,  4 beta functions with: 
                l(1) =   0
                l(2) =   0
                l(3) =   1
                l(4) =   1
     Q(r) pseudized with 0 coefficients 


     Mode symmetry, C_3v (3m)   point group:


     Electric field:
     Dielectric constant
     Born effective charges in two ways 


     Atomic displacements:
     There are    4 irreducible representations

     Representation     1      1 modes -  To be done

     Representation     2      1 modes -  To be done

     Representation     3      2 modes -  To be done

     Representation     4      2 modes -  To be done



     Alpha used in Ewald sum =   1.9000
     PHONON       :      0.15s CPU      0.63s WALL


     Electric Fields Calculation

      iter #   1 total cpu time :     1.2 secs   av.it.:   5.4
      thresh= 1.000E-02 alpha_mix =  0.700 |ddv_scf|^2 =  4.339E-08

      iter #   2 total cpu time :     1.6 secs   av.it.:   9.1
      thresh= 2.083E-05 alpha_mix =  0.700 |ddv_scf|^2 =  1.505E-09

      iter #   3 total cpu time :     2.0 secs   av.it.:   8.7
      thresh= 3.880E-06 alpha_mix =  0.700 |ddv_scf|^2 =  1.325E-10

      iter #   4 total cpu time :     2.4 secs   av.it.:   9.2
      thresh= 1.151E-06 alpha_mix =  0.700 |ddv_scf|^2 =  4.700E-11

      iter #   5 total cpu time :     2.8 secs   av.it.:   8.6
      thresh= 6.856E-07 alpha_mix =  0.700 |ddv_scf|^2 =  2.474E-13

      iter #   6 total cpu time :     3.1 secs   av.it.:   8.9
      thresh= 4.974E-08 alpha_mix =  0.700 |ddv_scf|^2 =  4.146E-16

     End of electric fields calculation

          Dielectric constant in cartesian axis 

          (       5.895297868      -0.007680884      -0.007680884 )
          (      -0.007680884       5.895297868       0.007680884 )
          (      -0.007680884       0.007680884       5.895297868 )

          Effective charges (d Force / dE) in cartesian axis without acoustic sum rule applied (asr)

           atom    1  C     Mean Z*:       -0.00887
      Ex  (       -0.00887       -0.00000       -0.00000 )
      Ey  (       -0.00000       -0.00887        0.00000 )
      Ez  (       -0.00000        0.00000       -0.00887 )
           atom    2  C     Mean Z*:       -0.00873
      Ex  (       -0.00873       -0.00009       -0.00009 )
      Ey  (       -0.00009       -0.00873        0.00009 )
      Ez  (       -0.00009        0.00009       -0.00873 )

          Effective charges Sum: Mean:       -0.01759
             -0.01759       -0.00009       -0.00009
             -0.00009       -0.01759        0.00009
             -0.00009        0.00009       -0.01759

          Effective charges (d Force / dE) in cartesian axis with asr applied: 
           atom    1  C     Mean Z*:       -0.00007
      E*x (       -0.00007        0.00004        0.00004 )
      E*y (        0.00004       -0.00007       -0.00004 )
      E*z (        0.00004       -0.00004       -0.00007 )
           atom    2  C     Mean Z*:        0.00007
      E*x (        0.00007       -0.00004       -0.00004 )
      E*y (       -0.00004        0.00007        0.00004 )
      E*z (       -0.00004        0.00004        0.00007 )


     Representation #   1 mode #   1

     Self-consistent Calculation

      iter #   1 total cpu time :     3.4 secs   av.it.:   5.7
      thresh= 1.000E-02 alpha_mix =  0.700 |ddv_scf|^2 =  3.567E-06

      iter #   2 total cpu time :     3.5 secs   av.it.:   8.0
      thresh= 1.889E-04 alpha_mix =  0.700 |ddv_scf|^2 =  1.090E-07

      iter #   3 total cpu time :     3.7 secs   av.it.:   7.4
      thresh= 3.301E-05 alpha_mix =  0.700 |ddv_scf|^2 =  4.614E-09

      iter #   4 total cpu time :     3.8 secs   av.it.:   7.5
      thresh= 6.793E-06 alpha_mix =  0.700 |ddv_scf|^2 =  2.558E-11

      iter #   5 total cpu time :     4.0 secs   av.it.:   7.3
      thresh= 5.058E-07 alpha_mix =  0.700 |ddv_scf|^2 =  1.176E-12

      iter #   6 total cpu time :     4.1 secs   av.it.:   7.8
      thresh= 1.085E-07 alpha_mix =  0.700 |ddv_scf|^2 =  4.076E-13

      iter #   7 total cpu time :     4.2 secs   av.it.:   7.4
      thresh= 6.385E-08 alpha_mix =  0.700 |ddv_scf|^2 =  4.775E-16

     End of self-consistent calculation

     Convergence has been achieved 


     Representation #   2 mode #   2

     Self-consistent Calculation

      iter #   1 total cpu time :     4.4 secs   av.it.:   5.6
      thresh= 1.000E-02 alpha_mix =  0.700 |ddv_scf|^2 =  3.566E-06

      iter #   2 total cpu time :     4.5 secs   av.it.:   8.0
      thresh= 1.888E-04 alpha_mix =  0.700 |ddv_scf|^2 =  1.089E-07

      iter #   3 total cpu time :     4.6 secs   av.it.:   7.4
      thresh= 3.300E-05 alpha_mix =  0.700 |ddv_scf|^2 =  4.611E-09

      iter #   4 total cpu time :     4.8 secs   av.it.:   7.5
      thresh= 6.790E-06 alpha_mix =  0.700 |ddv_scf|^2 =  2.552E-11

      iter #   5 total cpu time :     4.9 secs   av.it.:   7.2
      thresh= 5.052E-07 alpha_mix =  0.700 |ddv_scf|^2 =  1.084E-12

      iter #   6 total cpu time :     5.1 secs   av.it.:   7.8
      thresh= 1.041E-07 alpha_mix =  0.700 |ddv_scf|^2 =  3.897E-13

      iter #   7 total cpu time :     5.2 secs   av.it.:   7.4
      thresh= 6.243E-08 alpha_mix =  0.700 |ddv_scf|^2 =  4.833E-16

     End of self-consistent calculation

     Convergence has been achieved 


     Representation #   3 modes #   3   4

     Self-consistent Calculation

      iter #   1 total cpu time :     5.4 secs   av.it.:   5.7
      thresh= 1.000E-02 alpha_mix =  0.700 |ddv_scf|^2 =  8.932E-07

      iter #   2 total cpu time :     5.7 secs   av.it.:   8.9
      thresh= 9.451E-05 alpha_mix =  0.700 |ddv_scf|^2 =  2.728E-08

      iter #   3 total cpu time :     6.0 secs   av.it.:   8.3
      thresh= 1.652E-05 alpha_mix =  0.700 |ddv_scf|^2 =  1.154E-09

      iter #   4 total cpu time :     6.2 secs   av.it.:   8.4
      thresh= 3.398E-06 alpha_mix =  0.700 |ddv_scf|^2 =  6.227E-12

      iter #   5 total cpu time :     6.5 secs   av.it.:   7.9
      thresh= 2.495E-07 alpha_mix =  0.700 |ddv_scf|^2 =  1.044E-13

      iter #   6 total cpu time :     6.7 secs   av.it.:   8.0
      thresh= 3.231E-08 alpha_mix =  0.700 |ddv_scf|^2 =  2.313E-16

     End of self-consistent calculation

     Convergence has been achieved 


     Representation #   4 modes #   5   6

     Self-consistent Calculation

      iter #   1 total cpu time :     7.0 secs   av.it.:   5.8
      thresh= 1.000E-02 alpha_mix =  0.700 |ddv_scf|^2 =  8.932E-07

      iter #   2 total cpu time :     7.3 secs   av.it.:   8.9
      thresh= 9.451E-05 alpha_mix =  0.700 |ddv_scf|^2 =  2.727E-08

      iter #   3 total cpu time :     7.5 secs   av.it.:   8.3
      thresh= 1.651E-05 alpha_mix =  0.700 |ddv_scf|^2 =  1.155E-09

      iter #   4 total cpu time :     7.8 secs   av.it.:   8.4
      thresh= 3.398E-06 alpha_mix =  0.700 |ddv_scf|^2 =  6.238E-12

      iter #   5 total cpu time :     8.0 secs   av.it.:   8.0
      thresh= 2.498E-07 alpha_mix =  0.700 |ddv_scf|^2 =  1.052E-13

      iter #   6 total cpu time :     8.2 secs   av.it.:   8.1
      thresh= 3.243E-08 alpha_mix =  0.700 |ddv_scf|^2 =  2.316E-16

     End of self-consistent calculation

     Convergence has been achieved 
 
     Number of q in the star =    1
     List of q in the star:
          1   0.000000000   0.000000000   0.000000000

          Dielectric constant in cartesian axis 

          (       5.895297868      -0.007680884      -0.007680884 )
          (      -0.007680884       5.895297868       0.007680884 )
          (      -0.007680884       0.007680884       5.895297868 )

          Effective charges (d Force / dE) in cartesian axis without acoustic sum rule applied (asr)

           atom    1  C     Mean Z*:       -0.00887
      Ex  (       -0.00887       -0.00000       -0.00000 )
      Ey  (       -0.00000       -0.00887        0.00000 )
      Ez  (       -0.00000        0.00000       -0.00887 )
           atom    2  C     Mean Z*:       -0.00873
      Ex  (       -0.00873       -0.00009       -0.00009 )
      Ey  (       -0.00009       -0.00873        0.00009 )
      Ez  (       -0.00009        0.00009       -0.00873 )

          Effective charges Sum: Mean:       -0.01759
             -0.01759       -0.00009       -0.00009
             -0.00009       -0.01759        0.00009
             -0.00009        0.00009       -0.01759

          Effective charges (d Force / dE) in cartesian axis with asr applied: 
           atom    1  C     Mean Z*:       -0.00007
      E*x (       -0.00007        0.00004        0.00004 )
      E*y (        0.00004       -0.00007       -0.00004 )
      E*z (        0.00004       -0.00004       -0.00007 )
           atom    2  C     Mean Z*:        0.00007
      E*x (        0.00007       -0.00004       -0.00004 )
      E*y (       -0.00004        0.00007        0.00004 )
      E*z (       -0.00004        0.00004        0.00007 )

          Effective charges (d P / du) in cartesian axis 

           atom      1C     
      Px  (       -0.00890        0.00002        0.00002 )
      Py  (        0.00002       -0.00890       -0.00002 )
      Pz  (        0.00002       -0.00002       -0.00890 )
           atom      2C     
      Px  (       -0.00880       -0.00007       -0.00007 )
      Py  (       -0.00007       -0.00880        0.00007 )
      Pz  (       -0.00007        0.00007       -0.00880 )

     Diagonalizing the dynamical matrix

     q = (    0.000000000   0.000000000   0.000000000 ) 

 **************************************************************************
     freq (    1) =      -1.744321 [THz] =     -58.184300 [cm-1]
     freq (    2) =      -1.744321 [THz] =     -58.184300 [cm-1]
     freq (    3) =      -1.610357 [THz] =     -53.715724 [cm-1]
     freq (    4) =      38.462847 [THz] =    1282.982490 [cm-1]
     freq (    5) =      38.718626 [THz] =    1291.514328 [cm-1]
     freq (    6) =      38.718626 [THz] =    1291.514328 [cm-1]
 **************************************************************************

     Mode symmetry, C_3v (3m)   point group:

     freq (   1-   2) =        -58.2  [cm-1]   --> E    L_3        I+R
     freq (   3-   3) =        -53.7  [cm-1]   --> A_1  L_1        I+R
     freq (   4-   4) =       1283.0  [cm-1]   --> A_1  L_1        I+R
     freq (   5-   6) =       1291.5  [cm-1]   --> E    L_3        I+R

     Calculation of q =   -0.1178511   0.1178511  -0.1178511
 
     Parallelization info
     --------------------
     sticks:   dense  smooth     PW     G-vecs:    dense   smooth      PW
     Min          40      40     15                  445      445     103
     Max          41      41     16                  447      447     104
     Sum         283     283    109                 3119     3119     725
 
     Using Slab Decomposition
 

     Title: 
     default                                                                    


     bravais-lattice index     =            0
     lattice parameter (alat)  =       4.7733  a.u.
     unit-cell volume          =      76.9035 (a.u.)^3
     number of atoms/cell      =            2
     number of atomic types    =            1
     number of electrons       =         8.00
     number of Kohn-Sham states=            8
     kinetic-energy cutoff     =      45.0000  Ry
     charge density cutoff     =     180.0000  Ry
     Exchange-correlation= PBE
                           (   1   4   3   4   0   0   0)

     celldm(1)=   4.773317  celldm(2)=   0.000000  celldm(3)=   0.000000
     celldm(4)=   0.000000  celldm(5)=   0.000000  celldm(6)=   0.000000

     crystal axes: (cart. coord. in units of alat)
               a(1) = (  -0.707107   0.000000   0.707107 )  
               a(2) = (   0.000000   0.707107   0.707107 )  
               a(3) = (  -0.707107   0.707107   0.000000 )  

     reciprocal axes: (cart. coord. in units 2 pi/alat)
               b(1) = ( -0.707107 -0.707107  0.707107 )  
               b(2) = (  0.707107  0.707107  0.707107 )  
               b(3) = ( -0.707107  0.707107 -0.707107 )  


     PseudoPot. # 1 for C  read from file:
     ../../pseudos/C.pbe-n-kjpaw_psl.1.0.0.UPF
     MD5 check sum: 5f16ad9a65e90284d1d834d4ab3b0f7d
     Pseudo is Projector augmented-wave + core cor, Zval =  4.0
     Generated using &quot;atomic&quot; code by A. Dal Corso  v.6.3
     Shape of augmentation charge: PSQ
     Using radial grid of 1073 points,  4 beta functions with: 
                l(1) =   0
                l(2) =   0
                l(3) =   1
                l(4) =   1
     Q(r) pseudized with 0 coefficients 


     atomic species   valence    mass     pseudopotential
     C                 4.00    12.01070     C ( 1.00)

      6 Sym. Ops. (no inversion) found



   Cartesian axes

     site n.     atom                  positions (alat units)
         1        C      tau(   1) = (   0.0000000   0.0000000   0.0000000  )
         2        C      tau(   2) = (  -0.3541036   0.3541036   0.3541036  )

     number of k points=   576

     Number of k-points >= 100: set verbosity='high' to print them.

     Dense  grid:     3119 G-vectors     FFT dimensions: (  24,  24,  24)

     Estimated max dynamical RAM per process >       0.68 MB

     Estimated total dynamical RAM >      18.94 MB

     Check: negative core charge=   -0.000077

     The potential is recalculated from file :
     ../tmp/_ph0/diamond.save/charge-density

     Starting wfcs are    8 atomic wfcs
     Checking if some PAW data can be deallocated... 

     Band Structure Calculation
     Davidson diagonalization with overlap

     ethr =  1.25E-10,  avg # of iterations = 10.4

     total cpu time spent up to now is        1.1 secs

     End of band structure calculation

     Number of k-points >= 100: set verbosity='high' to print the bands.

     highest occupied, lowest unoccupied level (ev):    13.31233097   17.40873064

     Writing config to output data dir ../tmp/_ph0/diamond.save/ :
     XML data file

     default                                                                    

     bravais-lattice index     =            0
     lattice parameter (alat)  =       4.7733  a.u.
     unit-cell volume          =      76.9035 (a.u.)^3
     number of atoms/cell      =            2
     number of atomic types    =            1
     kinetic-energy cut-off    =      45.0000  Ry
     charge density cut-off    =     180.0000  Ry
     convergence threshold     =      1.0E-14
     beta                      =       0.7000
     number of iterations used =            4
     Exchange-correlation= PBE
                           (   1   4   3   4   0   0   0)


     celldm(1)=    4.77332  celldm(2)=    0.00000  celldm(3)=    0.00000
     celldm(4)=    0.00000  celldm(5)=    0.00000  celldm(6)=    0.00000

     crystal axes: (cart. coord. in units of alat)
               a(1) = ( -0.7071  0.0000  0.7071 )  
               a(2) = (  0.0000  0.7071  0.7071 )  
               a(3) = ( -0.7071  0.7071  0.0000 )  

     reciprocal axes: (cart. coord. in units 2 pi/alat)
               b(1) = ( -0.7071 -0.7071  0.7071 )  
               b(2) = (  0.7071  0.7071  0.7071 )  
               b(3) = ( -0.7071  0.7071 -0.7071 )  


     Atoms inside the unit cell: 

     Cartesian axes

     site n.  atom      mass           positions (alat units)
        1  C      12.0107   tau(    1) = (    0.00000    0.00000    0.00000  )
        2  C      12.0107   tau(    2) = (   -0.35410    0.35410    0.35410  )

     Computing dynamical matrix for 
                    q = (  -0.1178511   0.1178511  -0.1178511 )
 
      2 Sym.Ops. (no q -> -q+G )


     G cutoff =  103.8851  (    447 G-vectors)     FFT grid: ( 24, 24, 24)
     number of k points=   576

     PseudoPot. # 1 for C  read from file:
     ../../pseudos/C.pbe-n-kjpaw_psl.1.0.0.UPF
     MD5 check sum: 5f16ad9a65e90284d1d834d4ab3b0f7d
     Pseudo is Projector augmented-wave + core cor, Zval =  4.0
     Generated using &quot;atomic&quot; code by A. Dal Corso  v.6.3
     Shape of augmentation charge: PSQ
     Using radial grid of 1073 points,  4 beta functions with: 
                l(1) =   0
                l(2) =   0
                l(3) =   1
                l(4) =   1
     Q(r) pseudized with 0 coefficients 


     Mode symmetry, C_s (m)     point group:


     Atomic displacements:
     There are    6 irreducible representations

     Representation     1      1 modes -  To be done

     Representation     2      1 modes -  To be done

     Representation     3      1 modes -  To be done

     Representation     4      1 modes -  To be done

     Representation     5      1 modes -  To be done

     Representation     6      1 modes -  To be done


     Message from routine init_vloc:
     Interpolation table for Vloc re-allocated

     Alpha used in Ewald sum =   1.9000
     PHONON       :      5.72s CPU     10.56s WALL



     Representation #   1 mode #   1

     Self-consistent Calculation

      iter #   1 total cpu time :    10.8 secs   av.it.:   6.2
      thresh= 1.000E-02 alpha_mix =  0.700 |ddv_scf|^2 =  7.228E-03

      iter #   2 total cpu time :    11.1 secs   av.it.:   6.9
      thresh= 8.502E-03 alpha_mix =  0.700 |ddv_scf|^2 =  4.552E-02

      iter #   3 total cpu time :    11.4 secs   av.it.:   6.4
      thresh= 1.000E-02 alpha_mix =  0.700 |ddv_scf|^2 =  6.084E-07

      iter #   4 total cpu time :    11.6 secs   av.it.:   7.8
      thresh= 7.800E-05 alpha_mix =  0.700 |ddv_scf|^2 =  7.681E-08

      iter #   5 total cpu time :    11.9 secs   av.it.:   7.9
      thresh= 2.772E-05 alpha_mix =  0.700 |ddv_scf|^2 =  3.416E-09

      iter #   6 total cpu time :    12.2 secs   av.it.:   7.8
      thresh= 5.845E-06 alpha_mix =  0.700 |ddv_scf|^2 =  4.601E-10

      iter #   7 total cpu time :    12.5 secs   av.it.:   6.5
      thresh= 2.145E-06 alpha_mix =  0.700 |ddv_scf|^2 =  1.933E-10

      iter #   8 total cpu time :    12.8 secs   av.it.:   6.3
      thresh= 1.390E-06 alpha_mix =  0.700 |ddv_scf|^2 =  3.428E-12

      iter #   9 total cpu time :    13.0 secs   av.it.:   6.4
      thresh= 1.852E-07 alpha_mix =  0.700 |ddv_scf|^2 =  1.669E-12

      iter #  10 total cpu time :    13.3 secs   av.it.:   6.6
      thresh= 1.292E-07 alpha_mix =  0.700 |ddv_scf|^2 =  2.353E-14

      iter #  11 total cpu time :    13.6 secs   av.it.:   7.8
      thresh= 1.534E-08 alpha_mix =  0.700 |ddv_scf|^2 =  6.567E-15

     End of self-consistent calculation

     Convergence has been achieved 


     Representation #   2 mode #   2

     Self-consistent Calculation

      iter #   1 total cpu time :    13.9 secs   av.it.:   6.2
      thresh= 1.000E-02 alpha_mix =  0.700 |ddv_scf|^2 =  3.669E-03

      iter #   2 total cpu time :    14.2 secs   av.it.:   7.0
      thresh= 6.057E-03 alpha_mix =  0.700 |ddv_scf|^2 =  2.309E-02

      iter #   3 total cpu time :    14.4 secs   av.it.:   6.1
      thresh= 1.000E-02 alpha_mix =  0.700 |ddv_scf|^2 =  3.293E-07

      iter #   4 total cpu time :    14.7 secs   av.it.:   7.9
      thresh= 5.738E-05 alpha_mix =  0.700 |ddv_scf|^2 =  4.371E-08

      iter #   5 total cpu time :    15.0 secs   av.it.:   7.9
      thresh= 2.091E-05 alpha_mix =  0.700 |ddv_scf|^2 =  3.139E-09

      iter #   6 total cpu time :    15.3 secs   av.it.:   8.0
      thresh= 5.603E-06 alpha_mix =  0.700 |ddv_scf|^2 =  1.149E-10

      iter #   7 total cpu time :    15.6 secs   av.it.:   7.0
      thresh= 1.072E-06 alpha_mix =  0.700 |ddv_scf|^2 =  2.143E-10

      iter #   8 total cpu time :    15.9 secs   av.it.:   6.2
      thresh= 1.464E-06 alpha_mix =  0.700 |ddv_scf|^2 =  2.799E-12

      iter #   9 total cpu time :    16.2 secs   av.it.:   6.7
      thresh= 1.673E-07 alpha_mix =  0.700 |ddv_scf|^2 =  3.968E-12

      iter #  10 total cpu time :    16.4 secs   av.it.:   6.4
      thresh= 1.992E-07 alpha_mix =  0.700 |ddv_scf|^2 =  2.080E-14

      iter #  11 total cpu time :    16.7 secs   av.it.:   8.0
      thresh= 1.442E-08 alpha_mix =  0.700 |ddv_scf|^2 =  6.135E-15

     End of self-consistent calculation

     Convergence has been achieved 


     Representation #   3 mode #   3

     Self-consistent Calculation

      iter #   1 total cpu time :    17.0 secs   av.it.:   5.8
      thresh= 1.000E-02 alpha_mix =  0.700 |ddv_scf|^2 =  4.648E-06

      iter #   2 total cpu time :    17.3 secs   av.it.:   8.1
      thresh= 2.156E-04 alpha_mix =  0.700 |ddv_scf|^2 =  4.945E-06

      iter #   3 total cpu time :    17.6 secs   av.it.:   6.4
      thresh= 2.224E-04 alpha_mix =  0.700 |ddv_scf|^2 =  2.470E-06

      iter #   4 total cpu time :    17.8 secs   av.it.:   6.3
      thresh= 1.572E-04 alpha_mix =  0.700 |ddv_scf|^2 =  3.418E-09

      iter #   5 total cpu time :    18.1 secs   av.it.:   7.9
      thresh= 5.846E-06 alpha_mix =  0.700 |ddv_scf|^2 =  5.119E-11

      iter #   6 total cpu time :    18.4 secs   av.it.:   8.1
      thresh= 7.155E-07 alpha_mix =  0.700 |ddv_scf|^2 =  1.792E-11

      iter #   7 total cpu time :    18.7 secs   av.it.:   7.8
      thresh= 4.233E-07 alpha_mix =  0.700 |ddv_scf|^2 =  1.013E-12

      iter #   8 total cpu time :    19.0 secs   av.it.:   7.2
      thresh= 1.007E-07 alpha_mix =  0.700 |ddv_scf|^2 =  3.339E-12

      iter #   9 total cpu time :    19.3 secs   av.it.:   6.3
      thresh= 1.827E-07 alpha_mix =  0.700 |ddv_scf|^2 =  4.324E-15

     End of self-consistent calculation

     Convergence has been achieved 


     Representation #   4 mode #   4

     Self-consistent Calculation

      iter #   1 total cpu time :    19.6 secs   av.it.:   6.2
      thresh= 1.000E-02 alpha_mix =  0.700 |ddv_scf|^2 =  3.566E-03

      iter #   2 total cpu time :    19.9 secs   av.it.:   7.0
      thresh= 5.972E-03 alpha_mix =  0.700 |ddv_scf|^2 =  2.245E-02

      iter #   3 total cpu time :    20.1 secs   av.it.:   6.1
      thresh= 1.000E-02 alpha_mix =  0.700 |ddv_scf|^2 =  3.237E-07

      iter #   4 total cpu time :    20.4 secs   av.it.:   7.9
      thresh= 5.690E-05 alpha_mix =  0.700 |ddv_scf|^2 =  4.311E-08

      iter #   5 total cpu time :    20.7 secs   av.it.:   7.9
      thresh= 2.076E-05 alpha_mix =  0.700 |ddv_scf|^2 =  3.095E-09

      iter #   6 total cpu time :    21.0 secs   av.it.:   8.0
      thresh= 5.563E-06 alpha_mix =  0.700 |ddv_scf|^2 =  2.661E-10

      iter #   7 total cpu time :    21.3 secs   av.it.:   6.6
      thresh= 1.631E-06 alpha_mix =  0.700 |ddv_scf|^2 =  1.489E-10

      iter #   8 total cpu time :    21.6 secs   av.it.:   6.3
      thresh= 1.220E-06 alpha_mix =  0.700 |ddv_scf|^2 =  2.655E-12

      iter #   9 total cpu time :    21.8 secs   av.it.:   6.7
      thresh= 1.630E-07 alpha_mix =  0.700 |ddv_scf|^2 =  3.747E-12

      iter #  10 total cpu time :    22.1 secs   av.it.:   6.3
      thresh= 1.936E-07 alpha_mix =  0.700 |ddv_scf|^2 =  2.104E-14

      iter #  11 total cpu time :    22.4 secs   av.it.:   8.0
      thresh= 1.450E-08 alpha_mix =  0.700 |ddv_scf|^2 =  6.175E-15

     End of self-consistent calculation

     Convergence has been achieved 


     Representation #   5 mode #   5

     Self-consistent Calculation

      iter #   1 total cpu time :    22.7 secs   av.it.:   5.7
      thresh= 1.000E-02 alpha_mix =  0.700 |ddv_scf|^2 =  3.888E-06

      iter #   2 total cpu time :    23.0 secs   av.it.:   8.0
      thresh= 1.972E-04 alpha_mix =  0.700 |ddv_scf|^2 =  1.059E-07

      iter #   3 total cpu time :    23.3 secs   av.it.:   7.5
      thresh= 3.254E-05 alpha_mix =  0.700 |ddv_scf|^2 =  5.426E-09

      iter #   4 total cpu time :    23.6 secs   av.it.:   7.6
      thresh= 7.366E-06 alpha_mix =  0.700 |ddv_scf|^2 =  2.949E-11

      iter #   5 total cpu time :    23.8 secs   av.it.:   7.3
      thresh= 5.431E-07 alpha_mix =  0.700 |ddv_scf|^2 =  6.323E-13

      iter #   6 total cpu time :    24.1 secs   av.it.:   7.2
      thresh= 7.951E-08 alpha_mix =  0.700 |ddv_scf|^2 =  1.048E-15

     End of self-consistent calculation

     Convergence has been achieved 


     Representation #   6 mode #   6

     Self-consistent Calculation

      iter #   1 total cpu time :    24.4 secs   av.it.:   5.7
      thresh= 1.000E-02 alpha_mix =  0.700 |ddv_scf|^2 =  3.888E-06

      iter #   2 total cpu time :    24.7 secs   av.it.:   8.0
      thresh= 1.972E-04 alpha_mix =  0.700 |ddv_scf|^2 =  1.058E-07

      iter #   3 total cpu time :    25.0 secs   av.it.:   7.5
      thresh= 3.253E-05 alpha_mix =  0.700 |ddv_scf|^2 =  5.424E-09

      iter #   4 total cpu time :    25.3 secs   av.it.:   7.6
      thresh= 7.365E-06 alpha_mix =  0.700 |ddv_scf|^2 =  2.949E-11

      iter #   5 total cpu time :    25.6 secs   av.it.:   7.3
      thresh= 5.430E-07 alpha_mix =  0.700 |ddv_scf|^2 =  6.322E-13

      iter #   6 total cpu time :    25.8 secs   av.it.:   7.2
      thresh= 7.951E-08 alpha_mix =  0.700 |ddv_scf|^2 =  1.047E-15

     End of self-consistent calculation

     Convergence has been achieved 
 
     Number of q in the star =    3
     List of q in the star:
          1  -0.117851130   0.117851130  -0.117851130
          2   0.117851130   0.117851130   0.117851130
          3  -0.117851130  -0.117851130   0.117851130
     In addition there is the -q list: 
          1   0.117851130  -0.117851130   0.117851130
          2  -0.117851130  -0.117851130  -0.117851130
          3   0.117851130   0.117851130  -0.117851130

     Diagonalizing the dynamical matrix

     q = (   -0.117851130   0.117851130  -0.117851130 ) 

 **************************************************************************
     freq (    1) =       8.723652 [THz] =     290.989717 [cm-1]
     freq (    2) =       8.738407 [THz] =     291.481893 [cm-1]
     freq (    3) =      14.255336 [THz] =     475.506825 [cm-1]
     freq (    4) =      37.611477 [THz] =    1254.583824 [cm-1]
     freq (    5) =      37.834902 [THz] =    1262.036477 [cm-1]
     freq (    6) =      38.996499 [THz] =    1300.783196 [cm-1]
 **************************************************************************

     Mode symmetry, C_s (m)     point group:

     freq (   1-   1) =        291.0  [cm-1]   --> A''                
     freq (   2-   2) =        291.5  [cm-1]   --> A'                 
     freq (   3-   3) =        475.5  [cm-1]   --> A'                 
     freq (   4-   4) =       1254.6  [cm-1]   --> A'                 
     freq (   5-   5) =       1262.0  [cm-1]   --> A''                
     freq (   6-   6) =       1300.8  [cm-1]   --> A'                 

     Calculation of q =   -0.2357023   0.2357023  -0.2357023
 
     Parallelization info
     --------------------
     sticks:   dense  smooth     PW     G-vecs:    dense   smooth      PW
     Min          40      40     15                  445      445     105
     Max          41      41     16                  447      447     108
     Sum         283     283    109                 3119     3119     749
 
     Using Slab Decomposition
 

     Title: 
     default                                                                    


     bravais-lattice index     =            0
     lattice parameter (alat)  =       4.7733  a.u.
     unit-cell volume          =      76.9035 (a.u.)^3
     number of atoms/cell      =            2
     number of atomic types    =            1
     number of electrons       =         8.00
     number of Kohn-Sham states=            8
     kinetic-energy cutoff     =      45.0000  Ry
     charge density cutoff     =     180.0000  Ry
     Exchange-correlation= PBE
                           (   1   4   3   4   0   0   0)

     celldm(1)=   4.773317  celldm(2)=   0.000000  celldm(3)=   0.000000
     celldm(4)=   0.000000  celldm(5)=   0.000000  celldm(6)=   0.000000

     crystal axes: (cart. coord. in units of alat)
               a(1) = (  -0.707107   0.000000   0.707107 )  
               a(2) = (   0.000000   0.707107   0.707107 )  
               a(3) = (  -0.707107   0.707107   0.000000 )  

     reciprocal axes: (cart. coord. in units 2 pi/alat)
               b(1) = ( -0.707107 -0.707107  0.707107 )  
               b(2) = (  0.707107  0.707107  0.707107 )  
               b(3) = ( -0.707107  0.707107 -0.707107 )  


     PseudoPot. # 1 for C  read from file:
     ../../pseudos/C.pbe-n-kjpaw_psl.1.0.0.UPF
     MD5 check sum: 5f16ad9a65e90284d1d834d4ab3b0f7d
     Pseudo is Projector augmented-wave + core cor, Zval =  4.0
     Generated using &quot;atomic&quot; code by A. Dal Corso  v.6.3
     Shape of augmentation charge: PSQ
     Using radial grid of 1073 points,  4 beta functions with: 
                l(1) =   0
                l(2) =   0
                l(3) =   1
                l(4) =   1
     Q(r) pseudized with 0 coefficients 


     atomic species   valence    mass     pseudopotential
     C                 4.00    12.01070     C ( 1.00)

      6 Sym. Ops. (no inversion) found



   Cartesian axes

     site n.     atom                  positions (alat units)
         1        C      tau(   1) = (   0.0000000   0.0000000   0.0000000  )
         2        C      tau(   2) = (  -0.3541036   0.3541036   0.3541036  )

     number of k points=   576

     Number of k-points >= 100: set verbosity='high' to print them.

     Dense  grid:     3119 G-vectors     FFT dimensions: (  24,  24,  24)

     Estimated max dynamical RAM per process >       0.68 MB

     Estimated total dynamical RAM >      19.11 MB

     Check: negative core charge=   -0.000077

     The potential is recalculated from file :
     ../tmp/_ph0/diamond.save/charge-density

     Starting wfcs are    8 atomic wfcs
     Checking if some PAW data can be deallocated... 

     Band Structure Calculation
     Davidson diagonalization with overlap

     ethr =  1.25E-10,  avg # of iterations = 10.4

     total cpu time spent up to now is        2.4 secs

     End of band structure calculation

     Number of k-points >= 100: set verbosity='high' to print the bands.

     highest occupied, lowest unoccupied level (ev):    13.31233097   17.40873064

     Writing config to output data dir ../tmp/_ph0/diamond.save/ :
     XML data file

     default                                                                    

     bravais-lattice index     =            0
     lattice parameter (alat)  =       4.7733  a.u.
     unit-cell volume          =      76.9035 (a.u.)^3
     number of atoms/cell      =            2
     number of atomic types    =            1
     kinetic-energy cut-off    =      45.0000  Ry
     charge density cut-off    =     180.0000  Ry
     convergence threshold     =      1.0E-14
     beta                      =       0.7000
     number of iterations used =            4
     Exchange-correlation= PBE
                           (   1   4   3   4   0   0   0)


     celldm(1)=    4.77332  celldm(2)=    0.00000  celldm(3)=    0.00000
     celldm(4)=    0.00000  celldm(5)=    0.00000  celldm(6)=    0.00000

     crystal axes: (cart. coord. in units of alat)
               a(1) = ( -0.7071  0.0000  0.7071 )  
               a(2) = (  0.0000  0.7071  0.7071 )  
               a(3) = ( -0.7071  0.7071  0.0000 )  

     reciprocal axes: (cart. coord. in units 2 pi/alat)
               b(1) = ( -0.7071 -0.7071  0.7071 )  
               b(2) = (  0.7071  0.7071  0.7071 )  
               b(3) = ( -0.7071  0.7071 -0.7071 )  


     Atoms inside the unit cell: 

     Cartesian axes

     site n.  atom      mass           positions (alat units)
        1  C      12.0107   tau(    1) = (    0.00000    0.00000    0.00000  )
        2  C      12.0107   tau(    2) = (   -0.35410    0.35410    0.35410  )

     Computing dynamical matrix for 
                    q = (  -0.2357023   0.2357023  -0.2357023 )
 
      2 Sym.Ops. (no q -> -q+G )


     G cutoff =  103.8851  (    447 G-vectors)     FFT grid: ( 24, 24, 24)
     number of k points=   576

     PseudoPot. # 1 for C  read from file:
     ../../pseudos/C.pbe-n-kjpaw_psl.1.0.0.UPF
     MD5 check sum: 5f16ad9a65e90284d1d834d4ab3b0f7d
     Pseudo is Projector augmented-wave + core cor, Zval =  4.0
     Generated using &quot;atomic&quot; code by A. Dal Corso  v.6.3
     Shape of augmentation charge: PSQ
     Using radial grid of 1073 points,  4 beta functions with: 
                l(1) =   0
                l(2) =   0
                l(3) =   1
                l(4) =   1
     Q(r) pseudized with 0 coefficients 


     Mode symmetry, C_s (m)     point group:


     Atomic displacements:
     There are    6 irreducible representations

     Representation     1      1 modes -  To be done

     Representation     2      1 modes -  To be done

     Representation     3      1 modes -  To be done

     Representation     4      1 modes -  To be done

     Representation     5      1 modes -  To be done

     Representation     6      1 modes -  To be done



     Alpha used in Ewald sum =   1.9000
     PHONON       :     17.31s CPU     27.75s WALL



     Representation #   1 mode #   1

     Self-consistent Calculation

      iter #   1 total cpu time :    28.0 secs   av.it.:   6.2
      thresh= 1.000E-02 alpha_mix =  0.700 |ddv_scf|^2 =  7.083E-04

      iter #   2 total cpu time :    28.3 secs   av.it.:   7.7
      thresh= 2.661E-03 alpha_mix =  0.700 |ddv_scf|^2 =  1.626E-03

      iter #   3 total cpu time :    28.6 secs   av.it.:   6.8
      thresh= 4.032E-03 alpha_mix =  0.700 |ddv_scf|^2 =  5.530E-07

      iter #   4 total cpu time :    28.9 secs   av.it.:   8.0
      thresh= 7.436E-05 alpha_mix =  0.700 |ddv_scf|^2 =  5.518E-08

      iter #   5 total cpu time :    29.2 secs   av.it.:   7.8
      thresh= 2.349E-05 alpha_mix =  0.700 |ddv_scf|^2 =  3.275E-09

      iter #   6 total cpu time :    29.5 secs   av.it.:   8.0
      thresh= 5.723E-06 alpha_mix =  0.700 |ddv_scf|^2 =  3.540E-11

      iter #   7 total cpu time :    29.7 secs   av.it.:   7.6
      thresh= 5.950E-07 alpha_mix =  0.700 |ddv_scf|^2 =  2.847E-12

      iter #   8 total cpu time :    30.0 secs   av.it.:   7.7
      thresh= 1.687E-07 alpha_mix =  0.700 |ddv_scf|^2 =  4.038E-12

      iter #   9 total cpu time :    30.3 secs   av.it.:   7.0
      thresh= 2.010E-07 alpha_mix =  0.700 |ddv_scf|^2 =  1.657E-13

      iter #  10 total cpu time :    30.6 secs   av.it.:   7.4
      thresh= 4.071E-08 alpha_mix =  0.700 |ddv_scf|^2 =  8.423E-14

      iter #  11 total cpu time :    30.9 secs   av.it.:   7.5
      thresh= 2.902E-08 alpha_mix =  0.700 |ddv_scf|^2 =  2.229E-15

     End of self-consistent calculation

     Convergence has been achieved 


     Representation #   2 mode #   2

     Self-consistent Calculation

      iter #   1 total cpu time :    31.2 secs   av.it.:   6.1
      thresh= 1.000E-02 alpha_mix =  0.700 |ddv_scf|^2 =  3.614E-04

      iter #   2 total cpu time :    31.5 secs   av.it.:   7.8
      thresh= 1.901E-03 alpha_mix =  0.700 |ddv_scf|^2 =  8.245E-04

      iter #   3 total cpu time :    31.7 secs   av.it.:   6.8
      thresh= 2.871E-03 alpha_mix =  0.700 |ddv_scf|^2 =  3.266E-07

      iter #   4 total cpu time :    32.0 secs   av.it.:   8.1
      thresh= 5.715E-05 alpha_mix =  0.700 |ddv_scf|^2 =  4.379E-08

      iter #   5 total cpu time :    32.3 secs   av.it.:   7.9
      thresh= 2.093E-05 alpha_mix =  0.700 |ddv_scf|^2 =  2.851E-09

      iter #   6 total cpu time :    32.6 secs   av.it.:   8.1
      thresh= 5.339E-06 alpha_mix =  0.700 |ddv_scf|^2 =  3.943E-11

      iter #   7 total cpu time :    32.9 secs   av.it.:   8.0
      thresh= 6.280E-07 alpha_mix =  0.700 |ddv_scf|^2 =  1.804E-12

      iter #   8 total cpu time :    33.2 secs   av.it.:   7.7
      thresh= 1.343E-07 alpha_mix =  0.700 |ddv_scf|^2 =  1.965E-12

      iter #   9 total cpu time :    33.5 secs   av.it.:   7.1
      thresh= 1.402E-07 alpha_mix =  0.700 |ddv_scf|^2 =  2.818E-13

      iter #  10 total cpu time :    33.8 secs   av.it.:   7.1
      thresh= 5.308E-08 alpha_mix =  0.700 |ddv_scf|^2 =  7.735E-14

      iter #  11 total cpu time :    34.1 secs   av.it.:   7.4
      thresh= 2.781E-08 alpha_mix =  0.700 |ddv_scf|^2 =  1.476E-15

     End of self-consistent calculation

     Convergence has been achieved 


     Representation #   3 mode #   3

     Self-consistent Calculation

      iter #   1 total cpu time :    34.4 secs   av.it.:   5.8
      thresh= 1.000E-02 alpha_mix =  0.700 |ddv_scf|^2 =  4.544E-06

      iter #   2 total cpu time :    34.7 secs   av.it.:   8.1
      thresh= 2.132E-04 alpha_mix =  0.700 |ddv_scf|^2 =  2.792E-07

      iter #   3 total cpu time :    35.0 secs   av.it.:   7.8
      thresh= 5.284E-05 alpha_mix =  0.700 |ddv_scf|^2 =  4.121E-07

      iter #   4 total cpu time :    35.2 secs   av.it.:   6.9
      thresh= 6.419E-05 alpha_mix =  0.700 |ddv_scf|^2 =  6.451E-09

      iter #   5 total cpu time :    35.5 secs   av.it.:   7.8
      thresh= 8.032E-06 alpha_mix =  0.700 |ddv_scf|^2 =  6.368E-11

      iter #   6 total cpu time :    35.8 secs   av.it.:   8.0
      thresh= 7.980E-07 alpha_mix =  0.700 |ddv_scf|^2 =  1.298E-11

      iter #   7 total cpu time :    36.1 secs   av.it.:   7.8
      thresh= 3.603E-07 alpha_mix =  0.700 |ddv_scf|^2 =  9.771E-14

      iter #   8 total cpu time :    36.4 secs   av.it.:   7.8
      thresh= 3.126E-08 alpha_mix =  0.700 |ddv_scf|^2 =  1.042E-15

     End of self-consistent calculation

     Convergence has been achieved 


     Representation #   4 mode #   4

     Self-consistent Calculation

      iter #   1 total cpu time :    36.7 secs   av.it.:   6.1
      thresh= 1.000E-02 alpha_mix =  0.700 |ddv_scf|^2 =  3.517E-04

      iter #   2 total cpu time :    37.0 secs   av.it.:   7.7
      thresh= 1.875E-03 alpha_mix =  0.700 |ddv_scf|^2 =  8.022E-04

      iter #   3 total cpu time :    37.3 secs   av.it.:   6.8
      thresh= 2.832E-03 alpha_mix =  0.700 |ddv_scf|^2 =  3.208E-07

      iter #   4 total cpu time :    37.6 secs   av.it.:   8.1
      thresh= 5.664E-05 alpha_mix =  0.700 |ddv_scf|^2 =  4.371E-08

      iter #   5 total cpu time :    37.9 secs   av.it.:   7.9
      thresh= 2.091E-05 alpha_mix =  0.700 |ddv_scf|^2 =  2.814E-09

      iter #   6 total cpu time :    38.2 secs   av.it.:   8.0
      thresh= 5.305E-06 alpha_mix =  0.700 |ddv_scf|^2 =  3.966E-11

      iter #   7 total cpu time :    38.5 secs   av.it.:   8.0
      thresh= 6.298E-07 alpha_mix =  0.700 |ddv_scf|^2 =  1.738E-12

      iter #   8 total cpu time :    38.7 secs   av.it.:   7.7
      thresh= 1.318E-07 alpha_mix =  0.700 |ddv_scf|^2 =  1.796E-12

      iter #   9 total cpu time :    39.0 secs   av.it.:   7.1
      thresh= 1.340E-07 alpha_mix =  0.700 |ddv_scf|^2 =  2.935E-13

      iter #  10 total cpu time :    39.3 secs   av.it.:   7.1
      thresh= 5.418E-08 alpha_mix =  0.700 |ddv_scf|^2 =  7.232E-14

      iter #  11 total cpu time :    39.6 secs   av.it.:   7.5
      thresh= 2.689E-08 alpha_mix =  0.700 |ddv_scf|^2 =  1.427E-15

     End of self-consistent calculation

     Convergence has been achieved 


     Representation #   5 mode #   5

     Self-consistent Calculation

      iter #   1 total cpu time :    39.9 secs   av.it.:   5.7
      thresh= 1.000E-02 alpha_mix =  0.700 |ddv_scf|^2 =  4.477E-06

      iter #   2 total cpu time :    40.2 secs   av.it.:   8.0
      thresh= 2.116E-04 alpha_mix =  0.700 |ddv_scf|^2 =  1.017E-07

      iter #   3 total cpu time :    40.5 secs   av.it.:   7.5
      thresh= 3.189E-05 alpha_mix =  0.700 |ddv_scf|^2 =  6.770E-09

      iter #   4 total cpu time :    40.7 secs   av.it.:   7.6
      thresh= 8.228E-06 alpha_mix =  0.700 |ddv_scf|^2 =  3.308E-11

      iter #   5 total cpu time :    41.0 secs   av.it.:   7.2
      thresh= 5.751E-07 alpha_mix =  0.700 |ddv_scf|^2 =  6.998E-13

      iter #   6 total cpu time :    41.3 secs   av.it.:   7.1
      thresh= 8.366E-08 alpha_mix =  0.700 |ddv_scf|^2 =  1.177E-15

     End of self-consistent calculation

     Convergence has been achieved 


     Representation #   6 mode #   6

     Self-consistent Calculation

      iter #   1 total cpu time :    41.6 secs   av.it.:   5.7
      thresh= 1.000E-02 alpha_mix =  0.700 |ddv_scf|^2 =  4.476E-06

      iter #   2 total cpu time :    41.9 secs   av.it.:   8.0
      thresh= 2.116E-04 alpha_mix =  0.700 |ddv_scf|^2 =  1.016E-07

      iter #   3 total cpu time :    42.2 secs   av.it.:   7.5
      thresh= 3.188E-05 alpha_mix =  0.700 |ddv_scf|^2 =  6.767E-09

      iter #   4 total cpu time :    42.5 secs   av.it.:   7.6
      thresh= 8.226E-06 alpha_mix =  0.700 |ddv_scf|^2 =  3.307E-11

      iter #   5 total cpu time :    42.7 secs   av.it.:   7.3
      thresh= 5.751E-07 alpha_mix =  0.700 |ddv_scf|^2 =  6.998E-13

      iter #   6 total cpu time :    43.0 secs   av.it.:   7.1
      thresh= 8.365E-08 alpha_mix =  0.700 |ddv_scf|^2 =  1.176E-15

     End of self-consistent calculation

     Convergence has been achieved 
 
     Number of q in the star =    3
     List of q in the star:
          1  -0.235702260   0.235702260  -0.235702260
          2   0.235702260   0.235702260   0.235702260
          3  -0.235702260  -0.235702260   0.235702260
     In addition there is the -q list: 
          1   0.235702260  -0.235702260   0.235702260
          2  -0.235702260  -0.235702260  -0.235702260
          3   0.235702260   0.235702260  -0.235702260

     Diagonalizing the dynamical matrix

     q = (   -0.235702260   0.235702260  -0.235702260 ) 

 **************************************************************************
     freq (    1) =      14.461660 [THz] =     482.389069 [cm-1]
     freq (    2) =      14.465395 [THz] =     482.513635 [cm-1]
     freq (    3) =      25.784945 [THz] =     860.093178 [cm-1]
     freq (    4) =      36.188474 [THz] =    1207.117545 [cm-1]
     freq (    5) =      36.396889 [THz] =    1214.069534 [cm-1]
     freq (    6) =      38.656373 [THz] =    1289.437807 [cm-1]
 **************************************************************************

     Mode symmetry, C_s (m)     point group:

     freq (   1-   1) =        482.4  [cm-1]   --> A''                
     freq (   2-   2) =        482.5  [cm-1]   --> A'                 
     freq (   3-   3) =        860.1  [cm-1]   --> A'                 
     freq (   4-   4) =       1207.1  [cm-1]   --> A'                 
     freq (   5-   5) =       1214.1  [cm-1]   --> A''                
     freq (   6-   6) =       1289.4  [cm-1]   --> A'                 

     Calculation of q =    0.3535534  -0.3535534   0.3535534
 
     Parallelization info
     --------------------
     sticks:   dense  smooth     PW     G-vecs:    dense   smooth      PW
     Min          40      40     17                  445      445     123
     Max          41      41     18                  447      447     125
     Sum         283     283    121                 3119     3119     869
 
     Using Slab Decomposition
 

     Title: 
     default                                                                    


     bravais-lattice index     =            0
     lattice parameter (alat)  =       4.7733  a.u.
     unit-cell volume          =      76.9035 (a.u.)^3
     number of atoms/cell      =            2
     number of atomic types    =            1
     number of electrons       =         8.00
     number of Kohn-Sham states=            8
     kinetic-energy cutoff     =      45.0000  Ry
     charge density cutoff     =     180.0000  Ry
     Exchange-correlation= PBE
                           (   1   4   3   4   0   0   0)

     celldm(1)=   4.773317  celldm(2)=   0.000000  celldm(3)=   0.000000
     celldm(4)=   0.000000  celldm(5)=   0.000000  celldm(6)=   0.000000

     crystal axes: (cart. coord. in units of alat)
               a(1) = (  -0.707107   0.000000   0.707107 )  
               a(2) = (   0.000000   0.707107   0.707107 )  
               a(3) = (  -0.707107   0.707107   0.000000 )  

     reciprocal axes: (cart. coord. in units 2 pi/alat)
               b(1) = ( -0.707107 -0.707107  0.707107 )  
               b(2) = (  0.707107  0.707107  0.707107 )  
               b(3) = ( -0.707107  0.707107 -0.707107 )  


     PseudoPot. # 1 for C  read from file:
     ../../pseudos/C.pbe-n-kjpaw_psl.1.0.0.UPF
     MD5 check sum: 5f16ad9a65e90284d1d834d4ab3b0f7d
     Pseudo is Projector augmented-wave + core cor, Zval =  4.0
     Generated using &quot;atomic&quot; code by A. Dal Corso  v.6.3
     Shape of augmentation charge: PSQ
     Using radial grid of 1073 points,  4 beta functions with: 
                l(1) =   0
                l(2) =   0
                l(3) =   1
                l(4) =   1
     Q(r) pseudized with 0 coefficients 


     atomic species   valence    mass     pseudopotential
     C                 4.00    12.01070     C ( 1.00)

      6 Sym. Ops. (no inversion) found



   Cartesian axes

     site n.     atom                  positions (alat units)
         1        C      tau(   1) = (   0.0000000   0.0000000   0.0000000  )
         2        C      tau(   2) = (  -0.3541036   0.3541036   0.3541036  )

     number of k points=   300

     Number of k-points >= 100: set verbosity='high' to print them.

     Dense  grid:     3119 G-vectors     FFT dimensions: (  24,  24,  24)

     Estimated max dynamical RAM per process >       0.69 MB

     Estimated total dynamical RAM >      19.29 MB

     Check: negative core charge=   -0.000077

     The potential is recalculated from file :
     ../tmp/_ph0/diamond.save/charge-density

     Starting wfcs are    8 atomic wfcs
     Checking if some PAW data can be deallocated... 

     Band Structure Calculation
     Davidson diagonalization with overlap

     ethr =  1.25E-10,  avg # of iterations = 10.3

     total cpu time spent up to now is        3.3 secs

     End of band structure calculation

     Number of k-points >= 100: set verbosity='high' to print the bands.

     highest occupied, lowest unoccupied level (ev):    13.31233097   17.40873064

     Writing config to output data dir ../tmp/_ph0/diamond.save/ :
     XML data file

     default                                                                    

     bravais-lattice index     =            0
     lattice parameter (alat)  =       4.7733  a.u.
     unit-cell volume          =      76.9035 (a.u.)^3
     number of atoms/cell      =            2
     number of atomic types    =            1
     kinetic-energy cut-off    =      45.0000  Ry
     charge density cut-off    =     180.0000  Ry
     convergence threshold     =      1.0E-14
     beta                      =       0.7000
     number of iterations used =            4
     Exchange-correlation= PBE
                           (   1   4   3   4   0   0   0)


     celldm(1)=    4.77332  celldm(2)=    0.00000  celldm(3)=    0.00000
     celldm(4)=    0.00000  celldm(5)=    0.00000  celldm(6)=    0.00000

     crystal axes: (cart. coord. in units of alat)
               a(1) = ( -0.7071  0.0000  0.7071 )  
               a(2) = (  0.0000  0.7071  0.7071 )  
               a(3) = ( -0.7071  0.7071  0.0000 )  

     reciprocal axes: (cart. coord. in units 2 pi/alat)
               b(1) = ( -0.7071 -0.7071  0.7071 )  
               b(2) = (  0.7071  0.7071  0.7071 )  
               b(3) = ( -0.7071  0.7071 -0.7071 )  


     Atoms inside the unit cell: 

     Cartesian axes

     site n.  atom      mass           positions (alat units)
        1  C      12.0107   tau(    1) = (    0.00000    0.00000    0.00000  )
        2  C      12.0107   tau(    2) = (   -0.35410    0.35410    0.35410  )

     Computing dynamical matrix for 
                    q = (   0.3535534  -0.3535534   0.3535534 )
 
      3 Sym.Ops. (with q -> -q+G )


     G cutoff =  103.8851  (    447 G-vectors)     FFT grid: ( 24, 24, 24)
     number of k points=   300

     PseudoPot. # 1 for C  read from file:
     ../../pseudos/C.pbe-n-kjpaw_psl.1.0.0.UPF
     MD5 check sum: 5f16ad9a65e90284d1d834d4ab3b0f7d
     Pseudo is Projector augmented-wave + core cor, Zval =  4.0
     Generated using &quot;atomic&quot; code by A. Dal Corso  v.6.3
     Shape of augmentation charge: PSQ
     Using radial grid of 1073 points,  4 beta functions with: 
                l(1) =   0
                l(2) =   0
                l(3) =   1
                l(4) =   1
     Q(r) pseudized with 0 coefficients 


     Mode symmetry, C_s (m)     point group:


     Atomic displacements:
     There are    6 irreducible representations

     Representation     1      1 modes -  To be done

     Representation     2      1 modes -  To be done

     Representation     3      1 modes -  To be done

     Representation     4      1 modes -  To be done

     Representation     5      1 modes -  To be done

     Representation     6      1 modes -  To be done



     Alpha used in Ewald sum =   1.9000
     PHONON       :     28.34s CPU     44.28s WALL



     Representation #   1 mode #   1

     Self-consistent Calculation

      iter #   1 total cpu time :    44.4 secs   av.it.:   6.1
      thresh= 1.000E-02 alpha_mix =  0.700 |ddv_scf|^2 =  2.192E-04

      iter #   2 total cpu time :    44.6 secs   av.it.:   8.1
      thresh= 1.480E-03 alpha_mix =  0.700 |ddv_scf|^2 =  2.113E-04

      iter #   3 total cpu time :    44.8 secs   av.it.:   7.4
      thresh= 1.454E-03 alpha_mix =  0.700 |ddv_scf|^2 =  1.129E-06

      iter #   4 total cpu time :    45.0 secs   av.it.:   7.8
      thresh= 1.062E-04 alpha_mix =  0.700 |ddv_scf|^2 =  4.023E-08

      iter #   5 total cpu time :    45.2 secs   av.it.:   7.8
      thresh= 2.006E-05 alpha_mix =  0.700 |ddv_scf|^2 =  3.802E-09

      iter #   6 total cpu time :    45.4 secs   av.it.:   8.0
      thresh= 6.166E-06 alpha_mix =  0.700 |ddv_scf|^2 =  4.578E-11

      iter #   7 total cpu time :    45.6 secs   av.it.:   7.6
      thresh= 6.766E-07 alpha_mix =  0.700 |ddv_scf|^2 =  1.838E-12

      iter #   8 total cpu time :    45.8 secs   av.it.:   7.1
      thresh= 1.356E-07 alpha_mix =  0.700 |ddv_scf|^2 =  1.629E-14

      iter #   9 total cpu time :    46.0 secs   av.it.:   7.4
      thresh= 1.276E-08 alpha_mix =  0.700 |ddv_scf|^2 =  1.607E-15

     End of self-consistent calculation

     Convergence has been achieved 


     Representation #   2 mode #   2

     Self-consistent Calculation

      iter #   1 total cpu time :    46.2 secs   av.it.:   6.1
      thresh= 1.000E-02 alpha_mix =  0.700 |ddv_scf|^2 =  1.135E-04

      iter #   2 total cpu time :    46.4 secs   av.it.:   8.1
      thresh= 1.065E-03 alpha_mix =  0.700 |ddv_scf|^2 =  1.072E-04

      iter #   3 total cpu time :    46.6 secs   av.it.:   7.4
      thresh= 1.035E-03 alpha_mix =  0.700 |ddv_scf|^2 =  6.598E-07

      iter #   4 total cpu time :    46.8 secs   av.it.:   7.9
      thresh= 8.123E-05 alpha_mix =  0.700 |ddv_scf|^2 =  4.266E-08

      iter #   5 total cpu time :    47.0 secs   av.it.:   7.8
      thresh= 2.065E-05 alpha_mix =  0.700 |ddv_scf|^2 =  2.796E-09

      iter #   6 total cpu time :    47.2 secs   av.it.:   8.1
      thresh= 5.288E-06 alpha_mix =  0.700 |ddv_scf|^2 =  1.004E-10

      iter #   7 total cpu time :    47.4 secs   av.it.:   7.9
      thresh= 1.002E-06 alpha_mix =  0.700 |ddv_scf|^2 =  1.461E-12

      iter #   8 total cpu time :    47.6 secs   av.it.:   7.2
      thresh= 1.209E-07 alpha_mix =  0.700 |ddv_scf|^2 =  2.978E-14

      iter #   9 total cpu time :    47.8 secs   av.it.:   8.1
      thresh= 1.726E-08 alpha_mix =  0.700 |ddv_scf|^2 =  2.481E-15

     End of self-consistent calculation

     Convergence has been achieved 


     Representation #   3 mode #   3

     Self-consistent Calculation

      iter #   1 total cpu time :    48.0 secs   av.it.:   5.8
      thresh= 1.000E-02 alpha_mix =  0.700 |ddv_scf|^2 =  4.736E-06

      iter #   2 total cpu time :    48.2 secs   av.it.:   8.1
      thresh= 2.176E-04 alpha_mix =  0.700 |ddv_scf|^2 =  1.018E-07

      iter #   3 total cpu time :    48.4 secs   av.it.:   7.7
      thresh= 3.191E-05 alpha_mix =  0.700 |ddv_scf|^2 =  1.012E-08

      iter #   4 total cpu time :    48.6 secs   av.it.:   8.2
      thresh= 1.006E-05 alpha_mix =  0.700 |ddv_scf|^2 =  6.440E-09

      iter #   5 total cpu time :    48.8 secs   av.it.:   7.4
      thresh= 8.025E-06 alpha_mix =  0.700 |ddv_scf|^2 =  2.802E-11

      iter #   6 total cpu time :    49.0 secs   av.it.:   8.0
      thresh= 5.293E-07 alpha_mix =  0.700 |ddv_scf|^2 =  7.129E-12

      iter #   7 total cpu time :    49.2 secs   av.it.:   7.7
      thresh= 2.670E-07 alpha_mix =  0.700 |ddv_scf|^2 =  1.636E-13

      iter #   8 total cpu time :    49.4 secs   av.it.:   7.5
      thresh= 4.044E-08 alpha_mix =  0.700 |ddv_scf|^2 =  6.884E-16

     End of self-consistent calculation

     Convergence has been achieved 


     Representation #   4 mode #   4

     Self-consistent Calculation

      iter #   1 total cpu time :    49.6 secs   av.it.:   6.1
      thresh= 1.000E-02 alpha_mix =  0.700 |ddv_scf|^2 =  1.105E-04

      iter #   2 total cpu time :    49.8 secs   av.it.:   8.1
      thresh= 1.051E-03 alpha_mix =  0.700 |ddv_scf|^2 =  1.044E-04

      iter #   3 total cpu time :    50.0 secs   av.it.:   7.4
      thresh= 1.022E-03 alpha_mix =  0.700 |ddv_scf|^2 =  6.458E-07

      iter #   4 total cpu time :    50.2 secs   av.it.:   7.9
      thresh= 8.036E-05 alpha_mix =  0.700 |ddv_scf|^2 =  4.297E-08

      iter #   5 total cpu time :    50.4 secs   av.it.:   7.8
      thresh= 2.073E-05 alpha_mix =  0.700 |ddv_scf|^2 =  2.743E-09

      iter #   6 total cpu time :    50.6 secs   av.it.:   8.1
      thresh= 5.237E-06 alpha_mix =  0.700 |ddv_scf|^2 =  1.025E-10

      iter #   7 total cpu time :    50.8 secs   av.it.:   7.9
      thresh= 1.012E-06 alpha_mix =  0.700 |ddv_scf|^2 =  1.452E-12

      iter #   8 total cpu time :    51.0 secs   av.it.:   7.2
      thresh= 1.205E-07 alpha_mix =  0.700 |ddv_scf|^2 =  3.013E-14

      iter #   9 total cpu time :    51.2 secs   av.it.:   8.1
      thresh= 1.736E-08 alpha_mix =  0.700 |ddv_scf|^2 =  2.487E-15

     End of self-consistent calculation

     Convergence has been achieved 


     Representation #   5 mode #   5

     Self-consistent Calculation

      iter #   1 total cpu time :    51.4 secs   av.it.:   5.7
      thresh= 1.000E-02 alpha_mix =  0.700 |ddv_scf|^2 =  4.745E-06

      iter #   2 total cpu time :    51.6 secs   av.it.:   7.9
      thresh= 2.178E-04 alpha_mix =  0.700 |ddv_scf|^2 =  9.985E-08

      iter #   3 total cpu time :    51.8 secs   av.it.:   7.5
      thresh= 3.160E-05 alpha_mix =  0.700 |ddv_scf|^2 =  7.281E-09

      iter #   4 total cpu time :    52.0 secs   av.it.:   7.6
      thresh= 8.533E-06 alpha_mix =  0.700 |ddv_scf|^2 =  3.341E-11

      iter #   5 total cpu time :    52.2 secs   av.it.:   7.2
      thresh= 5.780E-07 alpha_mix =  0.700 |ddv_scf|^2 =  7.325E-13

      iter #   6 total cpu time :    52.4 secs   av.it.:   7.0
      thresh= 8.559E-08 alpha_mix =  0.700 |ddv_scf|^2 =  1.014E-15

     End of self-consistent calculation

     Convergence has been achieved 


     Representation #   6 mode #   6

     Self-consistent Calculation

      iter #   1 total cpu time :    52.6 secs   av.it.:   5.7
      thresh= 1.000E-02 alpha_mix =  0.700 |ddv_scf|^2 =  4.745E-06

      iter #   2 total cpu time :    52.8 secs   av.it.:   7.9
      thresh= 2.178E-04 alpha_mix =  0.700 |ddv_scf|^2 =  9.980E-08

      iter #   3 total cpu time :    53.0 secs   av.it.:   7.5
      thresh= 3.159E-05 alpha_mix =  0.700 |ddv_scf|^2 =  7.278E-09

      iter #   4 total cpu time :    53.2 secs   av.it.:   7.6
      thresh= 8.531E-06 alpha_mix =  0.700 |ddv_scf|^2 =  3.340E-11

      iter #   5 total cpu time :    53.4 secs   av.it.:   7.2
      thresh= 5.779E-07 alpha_mix =  0.700 |ddv_scf|^2 =  7.325E-13

      iter #   6 total cpu time :    53.5 secs   av.it.:   7.0
      thresh= 8.559E-08 alpha_mix =  0.700 |ddv_scf|^2 =  1.013E-15

     End of self-consistent calculation

     Convergence has been achieved 
 
     Number of q in the star =    3
     List of q in the star:
          1   0.353553391  -0.353553391   0.353553391
          2  -0.353553391  -0.353553391  -0.353553391
          3   0.353553391   0.353553391  -0.353553391

     Diagonalizing the dynamical matrix

     q = (    0.353553391  -0.353553391   0.353553391 ) 

 **************************************************************************
     freq (    1) =      16.317310 [THz] =     544.286868 [cm-1]
     freq (    2) =      16.320312 [THz] =     544.387003 [cm-1]
     freq (    3) =      31.209527 [THz] =    1041.037752 [cm-1]
     freq (    4) =      35.614322 [THz] =    1187.965916 [cm-1]
     freq (    5) =      35.819008 [THz] =    1194.793497 [cm-1]
     freq (    6) =      37.347603 [THz] =    1245.781928 [cm-1]
 **************************************************************************

     Mode symmetry, C_s (m)     point group:

     freq (   1-   1) =        544.3  [cm-1]   --> A''                
     freq (   2-   2) =        544.4  [cm-1]   --> A'                 
     freq (   3-   3) =       1041.0  [cm-1]   --> A'                 
     freq (   4-   4) =       1188.0  [cm-1]   --> A'                 
     freq (   5-   5) =       1194.8  [cm-1]   --> A''                
     freq (   6-   6) =       1245.8  [cm-1]   --> A'                 

     Calculation of q =    0.0000000   0.2357023   0.0000000
 
     Parallelization info
     --------------------
     sticks:   dense  smooth     PW     G-vecs:    dense   smooth      PW
     Min          40      40     15                  445      445     103
     Max          41      41     16                  447      447     104
     Sum         283     283    109                 3119     3119     725
 
     Using Slab Decomposition
 

     Title: 
     default                                                                    


     bravais-lattice index     =            0
     lattice parameter (alat)  =       4.7733  a.u.
     unit-cell volume          =      76.9035 (a.u.)^3
     number of atoms/cell      =            2
     number of atomic types    =            1
     number of electrons       =         8.00
     number of Kohn-Sham states=            8
     kinetic-energy cutoff     =      45.0000  Ry
     charge density cutoff     =     180.0000  Ry
     Exchange-correlation= PBE
                           (   1   4   3   4   0   0   0)

     celldm(1)=   4.773317  celldm(2)=   0.000000  celldm(3)=   0.000000
     celldm(4)=   0.000000  celldm(5)=   0.000000  celldm(6)=   0.000000

     crystal axes: (cart. coord. in units of alat)
               a(1) = (  -0.707107   0.000000   0.707107 )  
               a(2) = (   0.000000   0.707107   0.707107 )  
               a(3) = (  -0.707107   0.707107   0.000000 )  

     reciprocal axes: (cart. coord. in units 2 pi/alat)
               b(1) = ( -0.707107 -0.707107  0.707107 )  
               b(2) = (  0.707107  0.707107  0.707107 )  
               b(3) = ( -0.707107  0.707107 -0.707107 )  


     PseudoPot. # 1 for C  read from file:
     ../../pseudos/C.pbe-n-kjpaw_psl.1.0.0.UPF
     MD5 check sum: 5f16ad9a65e90284d1d834d4ab3b0f7d
     Pseudo is Projector augmented-wave + core cor, Zval =  4.0
     Generated using &quot;atomic&quot; code by A. Dal Corso  v.6.3
     Shape of augmentation charge: PSQ
     Using radial grid of 1073 points,  4 beta functions with: 
                l(1) =   0
                l(2) =   0
                l(3) =   1
                l(4) =   1
     Q(r) pseudized with 0 coefficients 


     atomic species   valence    mass     pseudopotential
     C                 4.00    12.01070     C ( 1.00)

      6 Sym. Ops. (no inversion) found



   Cartesian axes

     site n.     atom                  positions (alat units)
         1        C      tau(   1) = (   0.0000000   0.0000000   0.0000000  )
         2        C      tau(   2) = (  -0.3541036   0.3541036   0.3541036  )

     number of k points=   576

     Number of k-points >= 100: set verbosity='high' to print them.

     Dense  grid:     3119 G-vectors     FFT dimensions: (  24,  24,  24)

     Estimated max dynamical RAM per process >       0.68 MB

     Estimated total dynamical RAM >      18.97 MB

     Check: negative core charge=   -0.000077

     The potential is recalculated from file :
     ../tmp/_ph0/diamond.save/charge-density

     Starting wfcs are    8 atomic wfcs
     Checking if some PAW data can be deallocated... 

     Band Structure Calculation
     Davidson diagonalization with overlap

     ethr =  1.25E-10,  avg # of iterations = 10.4

     total cpu time spent up to now is        4.5 secs

     End of band structure calculation

     Number of k-points >= 100: set verbosity='high' to print the bands.

     highest occupied, lowest unoccupied level (ev):    13.31233097   17.40873064

     Writing config to output data dir ../tmp/_ph0/diamond.save/ :
     XML data file

     default                                                                    

     bravais-lattice index     =            0
     lattice parameter (alat)  =       4.7733  a.u.
     unit-cell volume          =      76.9035 (a.u.)^3
     number of atoms/cell      =            2
     number of atomic types    =            1
     kinetic-energy cut-off    =      45.0000  Ry
     charge density cut-off    =     180.0000  Ry
     convergence threshold     =      1.0E-14
     beta                      =       0.7000
     number of iterations used =            4
     Exchange-correlation= PBE
                           (   1   4   3   4   0   0   0)


     celldm(1)=    4.77332  celldm(2)=    0.00000  celldm(3)=    0.00000
     celldm(4)=    0.00000  celldm(5)=    0.00000  celldm(6)=    0.00000

     crystal axes: (cart. coord. in units of alat)
               a(1) = ( -0.7071  0.0000  0.7071 )  
               a(2) = (  0.0000  0.7071  0.7071 )  
               a(3) = ( -0.7071  0.7071  0.0000 )  

     reciprocal axes: (cart. coord. in units 2 pi/alat)
               b(1) = ( -0.7071 -0.7071  0.7071 )  
               b(2) = (  0.7071  0.7071  0.7071 )  
               b(3) = ( -0.7071  0.7071 -0.7071 )  


     Atoms inside the unit cell: 

     Cartesian axes

     site n.  atom      mass           positions (alat units)
        1  C      12.0107   tau(    1) = (    0.00000    0.00000    0.00000  )
        2  C      12.0107   tau(    2) = (   -0.35410    0.35410    0.35410  )

     Computing dynamical matrix for 
                    q = (   0.0000000   0.2357023   0.0000000 )
 
      2 Sym.Ops. (no q -> -q+G )


     G cutoff =  103.8851  (    447 G-vectors)     FFT grid: ( 24, 24, 24)
     number of k points=   576

     PseudoPot. # 1 for C  read from file:
     ../../pseudos/C.pbe-n-kjpaw_psl.1.0.0.UPF
     MD5 check sum: 5f16ad9a65e90284d1d834d4ab3b0f7d
     Pseudo is Projector augmented-wave + core cor, Zval =  4.0
     Generated using &quot;atomic&quot; code by A. Dal Corso  v.6.3
     Shape of augmentation charge: PSQ
     Using radial grid of 1073 points,  4 beta functions with: 
                l(1) =   0
                l(2) =   0
                l(3) =   1
                l(4) =   1
     Q(r) pseudized with 0 coefficients 


     Mode symmetry, C_s (m)     point group:


     Atomic displacements:
     There are    6 irreducible representations

     Representation     1      1 modes -  To be done

     Representation     2      1 modes -  To be done

     Representation     3      1 modes -  To be done

     Representation     4      1 modes -  To be done

     Representation     5      1 modes -  To be done

     Representation     6      1 modes -  To be done



     Alpha used in Ewald sum =   1.9000
     PHONON       :     35.25s CPU     55.31s WALL



     Representation #   1 mode #   1

     Self-consistent Calculation

      iter #   1 total cpu time :    55.6 secs   av.it.:   6.2
      thresh= 1.000E-02 alpha_mix =  0.700 |ddv_scf|^2 =  3.175E-03

      iter #   2 total cpu time :    55.8 secs   av.it.:   7.1
      thresh= 5.635E-03 alpha_mix =  0.700 |ddv_scf|^2 =  1.904E-02

      iter #   3 total cpu time :    56.1 secs   av.it.:   6.2
      thresh= 1.000E-02 alpha_mix =  0.700 |ddv_scf|^2 =  1.575E-07

      iter #   4 total cpu time :    56.4 secs   av.it.:   8.4
      thresh= 3.968E-05 alpha_mix =  0.700 |ddv_scf|^2 =  6.561E-08

      iter #   5 total cpu time :    56.7 secs   av.it.:   7.9
      thresh= 2.561E-05 alpha_mix =  0.700 |ddv_scf|^2 =  3.489E-09

      iter #   6 total cpu time :    57.0 secs   av.it.:   7.9
      thresh= 5.907E-06 alpha_mix =  0.700 |ddv_scf|^2 =  2.536E-11

      iter #   7 total cpu time :    57.3 secs   av.it.:   7.1
      thresh= 5.036E-07 alpha_mix =  0.700 |ddv_scf|^2 =  1.142E-12

      iter #   8 total cpu time :    57.6 secs   av.it.:   7.2
      thresh= 1.069E-07 alpha_mix =  0.700 |ddv_scf|^2 =  5.556E-12

      iter #   9 total cpu time :    57.9 secs   av.it.:   6.1
      thresh= 2.357E-07 alpha_mix =  0.700 |ddv_scf|^2 =  1.482E-13

      iter #  10 total cpu time :    58.1 secs   av.it.:   6.6
      thresh= 3.849E-08 alpha_mix =  0.700 |ddv_scf|^2 =  2.322E-15

     End of self-consistent calculation

     Convergence has been achieved 


     Representation #   2 mode #   2

     Self-consistent Calculation

      iter #   1 total cpu time :    58.4 secs   av.it.:   6.3
      thresh= 1.000E-02 alpha_mix =  0.700 |ddv_scf|^2 =  3.720E-03

      iter #   2 total cpu time :    58.7 secs   av.it.:   7.1
      thresh= 6.099E-03 alpha_mix =  0.700 |ddv_scf|^2 =  2.232E-02

      iter #   3 total cpu time :    59.0 secs   av.it.:   6.3
      thresh= 1.000E-02 alpha_mix =  0.700 |ddv_scf|^2 =  1.714E-07

      iter #   4 total cpu time :    59.3 secs   av.it.:   8.4
      thresh= 4.140E-05 alpha_mix =  0.700 |ddv_scf|^2 =  7.434E-08

      iter #   5 total cpu time :    59.6 secs   av.it.:   7.9
      thresh= 2.727E-05 alpha_mix =  0.700 |ddv_scf|^2 =  3.741E-09

      iter #   6 total cpu time :    59.9 secs   av.it.:   7.9
      thresh= 6.116E-06 alpha_mix =  0.700 |ddv_scf|^2 =  3.217E-11

      iter #   7 total cpu time :    60.2 secs   av.it.:   7.1
      thresh= 5.672E-07 alpha_mix =  0.700 |ddv_scf|^2 =  1.562E-11

      iter #   8 total cpu time :    60.4 secs   av.it.:   6.5
      thresh= 3.952E-07 alpha_mix =  0.700 |ddv_scf|^2 =  1.140E-11

      iter #   9 total cpu time :    60.7 secs   av.it.:   6.3
      thresh= 3.376E-07 alpha_mix =  0.700 |ddv_scf|^2 =  3.218E-13

      iter #  10 total cpu time :    60.9 secs   av.it.:   6.5
      thresh= 5.673E-08 alpha_mix =  0.700 |ddv_scf|^2 =  3.150E-15

     End of self-consistent calculation

     Convergence has been achieved 


     Representation #   3 mode #   3

     Self-consistent Calculation

      iter #   1 total cpu time :    61.3 secs   av.it.:   6.2
      thresh= 1.000E-02 alpha_mix =  0.700 |ddv_scf|^2 =  1.838E-03

      iter #   2 total cpu time :    61.5 secs   av.it.:   7.1
      thresh= 4.287E-03 alpha_mix =  0.700 |ddv_scf|^2 =  1.101E-02

      iter #   3 total cpu time :    61.8 secs   av.it.:   6.0
      thresh= 1.000E-02 alpha_mix =  0.700 |ddv_scf|^2 =  1.189E-07

      iter #   4 total cpu time :    62.1 secs   av.it.:   8.3
      thresh= 3.448E-05 alpha_mix =  0.700 |ddv_scf|^2 =  4.162E-08

      iter #   5 total cpu time :    62.4 secs   av.it.:   8.0
      thresh= 2.040E-05 alpha_mix =  0.700 |ddv_scf|^2 =  3.186E-09

      iter #   6 total cpu time :    62.7 secs   av.it.:   8.0
      thresh= 5.644E-06 alpha_mix =  0.700 |ddv_scf|^2 =  2.430E-11

      iter #   7 total cpu time :    63.0 secs   av.it.:   7.3
      thresh= 4.930E-07 alpha_mix =  0.700 |ddv_scf|^2 =  3.685E-11

      iter #   8 total cpu time :    63.3 secs   av.it.:   6.3
      thresh= 6.070E-07 alpha_mix =  0.700 |ddv_scf|^2 =  7.136E-12

      iter #   9 total cpu time :    63.5 secs   av.it.:   6.4
      thresh= 2.671E-07 alpha_mix =  0.700 |ddv_scf|^2 =  8.063E-13

      iter #  10 total cpu time :    63.8 secs   av.it.:   6.5
      thresh= 8.979E-08 alpha_mix =  0.700 |ddv_scf|^2 =  5.849E-15

     End of self-consistent calculation

     Convergence has been achieved 


     Representation #   4 mode #   4

     Self-consistent Calculation

      iter #   1 total cpu time :    64.1 secs   av.it.:   6.1
      thresh= 1.000E-02 alpha_mix =  0.700 |ddv_scf|^2 =  1.292E-03

      iter #   2 total cpu time :    64.4 secs   av.it.:   7.1
      thresh= 3.595E-03 alpha_mix =  0.700 |ddv_scf|^2 =  7.735E-03

      iter #   3 total cpu time :    64.6 secs   av.it.:   5.9
      thresh= 8.795E-03 alpha_mix =  0.700 |ddv_scf|^2 =  1.061E-07

      iter #   4 total cpu time :    65.0 secs   av.it.:   8.3
      thresh= 3.257E-05 alpha_mix =  0.700 |ddv_scf|^2 =  3.270E-08

      iter #   5 total cpu time :    65.3 secs   av.it.:   8.0
      thresh= 1.808E-05 alpha_mix =  0.700 |ddv_scf|^2 =  3.188E-09

      iter #   6 total cpu time :    65.6 secs   av.it.:   8.0
      thresh= 5.646E-06 alpha_mix =  0.700 |ddv_scf|^2 =  2.639E-11

      iter #   7 total cpu time :    65.8 secs   av.it.:   7.3
      thresh= 5.137E-07 alpha_mix =  0.700 |ddv_scf|^2 =  5.553E-11

      iter #   8 total cpu time :    66.1 secs   av.it.:   6.2
      thresh= 7.452E-07 alpha_mix =  0.700 |ddv_scf|^2 =  5.636E-12

      iter #   9 total cpu time :    66.4 secs   av.it.:   6.5
      thresh= 2.374E-07 alpha_mix =  0.700 |ddv_scf|^2 =  9.585E-13

      iter #  10 total cpu time :    66.6 secs   av.it.:   6.5
      thresh= 9.790E-08 alpha_mix =  0.700 |ddv_scf|^2 =  6.463E-15

     End of self-consistent calculation

     Convergence has been achieved 


     Representation #   5 mode #   5

     Self-consistent Calculation

      iter #   1 total cpu time :    66.9 secs   av.it.:   5.8
      thresh= 1.000E-02 alpha_mix =  0.700 |ddv_scf|^2 =  4.879E-06

      iter #   2 total cpu time :    67.2 secs   av.it.:   8.0
      thresh= 2.209E-04 alpha_mix =  0.700 |ddv_scf|^2 =  1.071E-07

      iter #   3 total cpu time :    67.5 secs   av.it.:   7.5
      thresh= 3.273E-05 alpha_mix =  0.700 |ddv_scf|^2 =  7.514E-09

      iter #   4 total cpu time :    67.8 secs   av.it.:   7.6
      thresh= 8.668E-06 alpha_mix =  0.700 |ddv_scf|^2 =  4.351E-11

      iter #   5 total cpu time :    68.1 secs   av.it.:   7.5
      thresh= 6.596E-07 alpha_mix =  0.700 |ddv_scf|^2 =  9.033E-13

      iter #   6 total cpu time :    68.3 secs   av.it.:   7.2
      thresh= 9.504E-08 alpha_mix =  0.700 |ddv_scf|^2 =  8.588E-16

     End of self-consistent calculation

     Convergence has been achieved 


     Representation #   6 mode #   6

     Self-consistent Calculation

      iter #   1 total cpu time :    68.6 secs   av.it.:   5.8
      thresh= 1.000E-02 alpha_mix =  0.700 |ddv_scf|^2 =  4.880E-06

      iter #   2 total cpu time :    68.9 secs   av.it.:   8.0
      thresh= 2.209E-04 alpha_mix =  0.700 |ddv_scf|^2 =  1.072E-07

      iter #   3 total cpu time :    69.2 secs   av.it.:   7.5
      thresh= 3.274E-05 alpha_mix =  0.700 |ddv_scf|^2 =  7.517E-09

      iter #   4 total cpu time :    69.5 secs   av.it.:   7.6
      thresh= 8.670E-06 alpha_mix =  0.700 |ddv_scf|^2 =  4.351E-11

      iter #   5 total cpu time :    69.8 secs   av.it.:   7.5
      thresh= 6.597E-07 alpha_mix =  0.700 |ddv_scf|^2 =  9.035E-13

      iter #   6 total cpu time :    70.1 secs   av.it.:   7.2
      thresh= 9.505E-08 alpha_mix =  0.700 |ddv_scf|^2 =  8.595E-16

     End of self-consistent calculation

     Convergence has been achieved 
 
     Number of q in the star =    3
     List of q in the star:
          1   0.000000000   0.235702260   0.000000000
          2   0.000000000   0.000000000   0.235702260
          3  -0.235702260   0.000000000   0.000000000
     In addition there is the -q list: 
          1   0.000000000  -0.235702260   0.000000000
          2   0.000000000   0.000000000  -0.235702260
          3   0.235702260   0.000000000   0.000000000

     Diagonalizing the dynamical matrix

     q = (    0.000000000   0.235702260   0.000000000 ) 

 **************************************************************************
     freq (    1) =      11.040964 [THz] =     368.286900 [cm-1]
     freq (    2) =      11.052727 [THz] =     368.679288 [cm-1]
     freq (    3) =      15.527018 [THz] =     517.925582 [cm-1]
     freq (    4) =      37.116475 [THz] =    1238.072324 [cm-1]
     freq (    5) =      37.283209 [THz] =    1243.633986 [cm-1]
     freq (    6) =      39.105698 [THz] =    1304.425680 [cm-1]
 **************************************************************************

     Mode symmetry, C_s (m)     point group:

     freq (   1-   1) =        368.3  [cm-1]   --> A'                 
     freq (   2-   2) =        368.7  [cm-1]   --> A''                
     freq (   3-   3) =        517.9  [cm-1]   --> A'                 
     freq (   4-   4) =       1238.1  [cm-1]   --> A'                 
     freq (   5-   5) =       1243.6  [cm-1]   --> A''                
     freq (   6-   6) =       1304.4  [cm-1]   --> A'                 

     Calculation of q =   -0.1178511   0.3535534  -0.1178511
 
     Parallelization info
     --------------------
     sticks:   dense  smooth     PW     G-vecs:    dense   smooth      PW
     Min          40      40     15                  445      445     105
     Max          41      41     16                  447      447     108
     Sum         283     283    109                 3119     3119     749
 
     Using Slab Decomposition
 

     Title: 
     default                                                                    


     bravais-lattice index     =            0
     lattice parameter (alat)  =       4.7733  a.u.
     unit-cell volume          =      76.9035 (a.u.)^3
     number of atoms/cell      =            2
     number of atomic types    =            1
     number of electrons       =         8.00
     number of Kohn-Sham states=            8
     kinetic-energy cutoff     =      45.0000  Ry
     charge density cutoff     =     180.0000  Ry
     Exchange-correlation= PBE
                           (   1   4   3   4   0   0   0)

     celldm(1)=   4.773317  celldm(2)=   0.000000  celldm(3)=   0.000000
     celldm(4)=   0.000000  celldm(5)=   0.000000  celldm(6)=   0.000000

     crystal axes: (cart. coord. in units of alat)
               a(1) = (  -0.707107   0.000000   0.707107 )  
               a(2) = (   0.000000   0.707107   0.707107 )  
               a(3) = (  -0.707107   0.707107   0.000000 )  

     reciprocal axes: (cart. coord. in units 2 pi/alat)
               b(1) = ( -0.707107 -0.707107  0.707107 )  
               b(2) = (  0.707107  0.707107  0.707107 )  
               b(3) = ( -0.707107  0.707107 -0.707107 )  


     PseudoPot. # 1 for C  read from file:
     ../../pseudos/C.pbe-n-kjpaw_psl.1.0.0.UPF
     MD5 check sum: 5f16ad9a65e90284d1d834d4ab3b0f7d
     Pseudo is Projector augmented-wave + core cor, Zval =  4.0
     Generated using &quot;atomic&quot; code by A. Dal Corso  v.6.3
     Shape of augmentation charge: PSQ
     Using radial grid of 1073 points,  4 beta functions with: 
                l(1) =   0
                l(2) =   0
                l(3) =   1
                l(4) =   1
     Q(r) pseudized with 0 coefficients 


     atomic species   valence    mass     pseudopotential
     C                 4.00    12.01070     C ( 1.00)

      6 Sym. Ops. (no inversion) found



   Cartesian axes

     site n.     atom                  positions (alat units)
         1        C      tau(   1) = (   0.0000000   0.0000000   0.0000000  )
         2        C      tau(   2) = (  -0.3541036   0.3541036   0.3541036  )

     number of k points=  1024

     Number of k-points >= 100: set verbosity='high' to print them.

     Dense  grid:     3119 G-vectors     FFT dimensions: (  24,  24,  24)

     Estimated max dynamical RAM per process >       0.68 MB

     Estimated total dynamical RAM >      19.10 MB

     Check: negative core charge=   -0.000077

     The potential is recalculated from file :
     ../tmp/_ph0/diamond.save/charge-density

     Starting wfcs are    8 atomic wfcs
     Checking if some PAW data can be deallocated... 

     Band Structure Calculation
     Davidson diagonalization with overlap

     ethr =  1.25E-10,  avg # of iterations = 10.5

     total cpu time spent up to now is        6.6 secs

     End of band structure calculation

     Number of k-points >= 100: set verbosity='high' to print the bands.

     highest occupied, lowest unoccupied level (ev):    13.31233097   17.40873064

     Writing config to output data dir ../tmp/_ph0/diamond.save/ :
     XML data file

     default                                                                    

     bravais-lattice index     =            0
     lattice parameter (alat)  =       4.7733  a.u.
     unit-cell volume          =      76.9035 (a.u.)^3
     number of atoms/cell      =            2
     number of atomic types    =            1
     kinetic-energy cut-off    =      45.0000  Ry
     charge density cut-off    =     180.0000  Ry
     convergence threshold     =      1.0E-14
     beta                      =       0.7000
     number of iterations used =            4
     Exchange-correlation= PBE
                           (   1   4   3   4   0   0   0)


     celldm(1)=    4.77332  celldm(2)=    0.00000  celldm(3)=    0.00000
     celldm(4)=    0.00000  celldm(5)=    0.00000  celldm(6)=    0.00000

     crystal axes: (cart. coord. in units of alat)
               a(1) = ( -0.7071  0.0000  0.7071 )  
               a(2) = (  0.0000  0.7071  0.7071 )  
               a(3) = ( -0.7071  0.7071  0.0000 )  

     reciprocal axes: (cart. coord. in units 2 pi/alat)
               b(1) = ( -0.7071 -0.7071  0.7071 )  
               b(2) = (  0.7071  0.7071  0.7071 )  
               b(3) = ( -0.7071  0.7071 -0.7071 )  


     Atoms inside the unit cell: 

     Cartesian axes

     site n.  atom      mass           positions (alat units)
        1  C      12.0107   tau(    1) = (    0.00000    0.00000    0.00000  )
        2  C      12.0107   tau(    2) = (   -0.35410    0.35410    0.35410  )

     Computing dynamical matrix for 
                    q = (  -0.1178511   0.3535534  -0.1178511 )
 
     No symmetry!

     G cutoff =  103.8851  (    447 G-vectors)     FFT grid: ( 24, 24, 24)
     number of k points=  1024

     PseudoPot. # 1 for C  read from file:
     ../../pseudos/C.pbe-n-kjpaw_psl.1.0.0.UPF
     MD5 check sum: 5f16ad9a65e90284d1d834d4ab3b0f7d
     Pseudo is Projector augmented-wave + core cor, Zval =  4.0
     Generated using &quot;atomic&quot; code by A. Dal Corso  v.6.3
     Shape of augmentation charge: PSQ
     Using radial grid of 1073 points,  4 beta functions with: 
                l(1) =   0
                l(2) =   0
                l(3) =   1
                l(4) =   1
     Q(r) pseudized with 0 coefficients 


     Mode symmetry, C_1 (1)     point group:


     Atomic displacements:
     There are    6 irreducible representations

     Representation     1      1 modes -  To be done

     Representation     2      1 modes -  To be done

     Representation     3      1 modes -  To be done

     Representation     4      1 modes -  To be done

     Representation     5      1 modes -  To be done

     Representation     6      1 modes -  To be done



     Alpha used in Ewald sum =   1.9000
     PHONON       :     47.20s CPU   1m13.10s WALL



     Representation #   1 mode #   1

     Self-consistent Calculation

      iter #   1 total cpu time :    73.5 secs   av.it.:   6.3
      thresh= 1.000E-02 alpha_mix =  0.700 |ddv_scf|^2 =  7.643E-04

      iter #   2 total cpu time :    74.0 secs   av.it.:   7.8
      thresh= 2.765E-03 alpha_mix =  0.700 |ddv_scf|^2 =  2.148E-03

      iter #   3 total cpu time :    74.4 secs   av.it.:   6.8
      thresh= 4.634E-03 alpha_mix =  0.700 |ddv_scf|^2 =  4.639E-07

      iter #   4 total cpu time :    74.9 secs   av.it.:   8.2
      thresh= 6.811E-05 alpha_mix =  0.700 |ddv_scf|^2 =  6.202E-08

      iter #   5 total cpu time :    75.3 secs   av.it.:   8.1
      thresh= 2.490E-05 alpha_mix =  0.700 |ddv_scf|^2 =  3.271E-09

      iter #   6 total cpu time :    75.8 secs   av.it.:   8.2
      thresh= 5.720E-06 alpha_mix =  0.700 |ddv_scf|^2 =  3.359E-11

      iter #   7 total cpu time :    76.3 secs   av.it.:   7.9
      thresh= 5.796E-07 alpha_mix =  0.700 |ddv_scf|^2 =  2.554E-12

      iter #   8 total cpu time :    76.7 secs   av.it.:   7.8
      thresh= 1.598E-07 alpha_mix =  0.700 |ddv_scf|^2 =  4.881E-12

      iter #   9 total cpu time :    77.1 secs   av.it.:   7.0
      thresh= 2.209E-07 alpha_mix =  0.700 |ddv_scf|^2 =  3.191E-13

      iter #  10 total cpu time :    77.6 secs   av.it.:   7.4
      thresh= 5.649E-08 alpha_mix =  0.700 |ddv_scf|^2 =  8.091E-14

      iter #  11 total cpu time :    78.0 secs   av.it.:   7.8
      thresh= 2.844E-08 alpha_mix =  0.700 |ddv_scf|^2 =  3.327E-15

     End of self-consistent calculation

     Convergence has been achieved 


     Representation #   2 mode #   2

     Self-consistent Calculation

      iter #   1 total cpu time :    78.5 secs   av.it.:   6.1
      thresh= 1.000E-02 alpha_mix =  0.700 |ddv_scf|^2 =  2.678E-04

      iter #   2 total cpu time :    78.9 secs   av.it.:   7.9
      thresh= 1.636E-03 alpha_mix =  0.700 |ddv_scf|^2 =  7.298E-04

      iter #   3 total cpu time :    79.3 secs   av.it.:   6.8
      thresh= 2.702E-03 alpha_mix =  0.700 |ddv_scf|^2 =  3.940E-07

      iter #   4 total cpu time :    79.8 secs   av.it.:   8.2
      thresh= 6.277E-05 alpha_mix =  0.700 |ddv_scf|^2 =  6.192E-08

      iter #   5 total cpu time :    80.3 secs   av.it.:   8.1
      thresh= 2.488E-05 alpha_mix =  0.700 |ddv_scf|^2 =  1.652E-09

      iter #   6 total cpu time :    80.7 secs   av.it.:   8.2
      thresh= 4.065E-06 alpha_mix =  0.700 |ddv_scf|^2 =  1.771E-11

      iter #   7 total cpu time :    81.2 secs   av.it.:   7.9
      thresh= 4.208E-07 alpha_mix =  0.700 |ddv_scf|^2 =  2.232E-12

      iter #   8 total cpu time :    81.7 secs   av.it.:   7.6
      thresh= 1.494E-07 alpha_mix =  0.700 |ddv_scf|^2 =  2.474E-12

      iter #   9 total cpu time :    82.1 secs   av.it.:   7.1
      thresh= 1.573E-07 alpha_mix =  0.700 |ddv_scf|^2 =  8.860E-14

      iter #  10 total cpu time :    82.5 secs   av.it.:   7.4
      thresh= 2.977E-08 alpha_mix =  0.700 |ddv_scf|^2 =  2.031E-14

      iter #  11 total cpu time :    82.9 secs   av.it.:   7.4
      thresh= 1.425E-08 alpha_mix =  0.700 |ddv_scf|^2 =  4.131E-16

     End of self-consistent calculation

     Convergence has been achieved 


     Representation #   3 mode #   3

     Self-consistent Calculation

      iter #   1 total cpu time :    83.4 secs   av.it.:   6.0
      thresh= 1.000E-02 alpha_mix =  0.700 |ddv_scf|^2 =  6.002E-05

      iter #   2 total cpu time :    83.9 secs   av.it.:   8.0
      thresh= 7.747E-04 alpha_mix =  0.700 |ddv_scf|^2 =  1.487E-04

      iter #   3 total cpu time :    84.3 secs   av.it.:   6.8
      thresh= 1.219E-03 alpha_mix =  0.700 |ddv_scf|^2 =  3.066E-07

      iter #   4 total cpu time :    84.7 secs   av.it.:   8.0
      thresh= 5.537E-05 alpha_mix =  0.700 |ddv_scf|^2 =  2.231E-08

      iter #   5 total cpu time :    85.2 secs   av.it.:   8.2
      thresh= 1.494E-05 alpha_mix =  0.700 |ddv_scf|^2 =  2.841E-09

      iter #   6 total cpu time :    85.7 secs   av.it.:   8.2
      thresh= 5.330E-06 alpha_mix =  0.700 |ddv_scf|^2 =  1.651E-11

      iter #   7 total cpu time :    86.1 secs   av.it.:   8.0
      thresh= 4.063E-07 alpha_mix =  0.700 |ddv_scf|^2 =  1.151E-12

      iter #   8 total cpu time :    86.6 secs   av.it.:   7.9
      thresh= 1.073E-07 alpha_mix =  0.700 |ddv_scf|^2 =  1.343E-12

      iter #   9 total cpu time :    87.0 secs   av.it.:   7.1
      thresh= 1.159E-07 alpha_mix =  0.700 |ddv_scf|^2 =  1.151E-13

      iter #  10 total cpu time :    87.5 secs   av.it.:   7.3
      thresh= 3.392E-08 alpha_mix =  0.700 |ddv_scf|^2 =  2.122E-14

      iter #  11 total cpu time :    87.9 secs   av.it.:   7.3
      thresh= 1.457E-08 alpha_mix =  0.700 |ddv_scf|^2 =  5.401E-16

     End of self-consistent calculation

     Convergence has been achieved 


     Representation #   4 mode #   4

     Self-consistent Calculation

      iter #   1 total cpu time :    88.3 secs   av.it.:   6.2
      thresh= 1.000E-02 alpha_mix =  0.700 |ddv_scf|^2 =  4.262E-04

      iter #   2 total cpu time :    88.8 secs   av.it.:   7.8
      thresh= 2.065E-03 alpha_mix =  0.700 |ddv_scf|^2 =  1.186E-03

      iter #   3 total cpu time :    89.2 secs   av.it.:   6.8
      thresh= 3.444E-03 alpha_mix =  0.700 |ddv_scf|^2 =  2.853E-07

      iter #   4 total cpu time :    89.7 secs   av.it.:   8.3
      thresh= 5.341E-05 alpha_mix =  0.700 |ddv_scf|^2 =  4.799E-08

      iter #   5 total cpu time :    90.2 secs   av.it.:   8.1
      thresh= 2.191E-05 alpha_mix =  0.700 |ddv_scf|^2 =  2.561E-09

      iter #   6 total cpu time :    90.6 secs   av.it.:   8.2
      thresh= 5.060E-06 alpha_mix =  0.700 |ddv_scf|^2 =  2.538E-11

      iter #   7 total cpu time :    91.1 secs   av.it.:   8.1
      thresh= 5.038E-07 alpha_mix =  0.700 |ddv_scf|^2 =  1.966E-12

      iter #   8 total cpu time :    91.6 secs   av.it.:   7.9
      thresh= 1.402E-07 alpha_mix =  0.700 |ddv_scf|^2 =  3.180E-12

      iter #   9 total cpu time :    92.0 secs   av.it.:   7.1
      thresh= 1.783E-07 alpha_mix =  0.700 |ddv_scf|^2 =  2.811E-13

      iter #  10 total cpu time :    92.4 secs   av.it.:   7.3
      thresh= 5.302E-08 alpha_mix =  0.700 |ddv_scf|^2 =  6.887E-14

      iter #  11 total cpu time :    92.9 secs   av.it.:   7.6
      thresh= 2.624E-08 alpha_mix =  0.700 |ddv_scf|^2 =  1.300E-15

     End of self-consistent calculation

     Convergence has been achieved 


     Representation #   5 mode #   5

     Self-consistent Calculation

      iter #   1 total cpu time :    93.3 secs   av.it.:   6.1
      thresh= 1.000E-02 alpha_mix =  0.700 |ddv_scf|^2 =  1.939E-04

      iter #   2 total cpu time :    93.8 secs   av.it.:   7.9
      thresh= 1.392E-03 alpha_mix =  0.700 |ddv_scf|^2 =  5.381E-04

      iter #   3 total cpu time :    94.2 secs   av.it.:   6.8
      thresh= 2.320E-03 alpha_mix =  0.700 |ddv_scf|^2 =  1.998E-07

      iter #   4 total cpu time :    94.7 secs   av.it.:   8.2
      thresh= 4.470E-05 alpha_mix =  0.700 |ddv_scf|^2 =  2.216E-08

      iter #   5 total cpu time :    95.1 secs   av.it.:   8.3
      thresh= 1.489E-05 alpha_mix =  0.700 |ddv_scf|^2 =  4.192E-09

      iter #   6 total cpu time :    95.6 secs   av.it.:   8.2
      thresh= 6.474E-06 alpha_mix =  0.700 |ddv_scf|^2 =  8.873E-11

      iter #   7 total cpu time :    96.1 secs   av.it.:   7.8
      thresh= 9.420E-07 alpha_mix =  0.700 |ddv_scf|^2 =  1.057E-12

      iter #   8 total cpu time :    96.5 secs   av.it.:   7.3
      thresh= 1.028E-07 alpha_mix =  0.700 |ddv_scf|^2 =  2.390E-13

      iter #   9 total cpu time :    97.0 secs   av.it.:   7.8
      thresh= 4.889E-08 alpha_mix =  0.700 |ddv_scf|^2 =  2.374E-13

      iter #  10 total cpu time :    97.4 secs   av.it.:   7.0
      thresh= 4.872E-08 alpha_mix =  0.700 |ddv_scf|^2 =  1.447E-14

      iter #  11 total cpu time :    97.8 secs   av.it.:   7.5
      thresh= 1.203E-08 alpha_mix =  0.700 |ddv_scf|^2 =  4.118E-16

     End of self-consistent calculation

     Convergence has been achieved 


     Representation #   6 mode #   6

     Self-consistent Calculation

      iter #   1 total cpu time :    98.3 secs   av.it.:   6.0
      thresh= 1.000E-02 alpha_mix =  0.700 |ddv_scf|^2 =  6.331E-05

      iter #   2 total cpu time :    98.7 secs   av.it.:   8.0
      thresh= 7.957E-04 alpha_mix =  0.700 |ddv_scf|^2 =  1.559E-04

      iter #   3 total cpu time :    99.1 secs   av.it.:   6.9
      thresh= 1.249E-03 alpha_mix =  0.700 |ddv_scf|^2 =  3.520E-07

      iter #   4 total cpu time :    99.6 secs   av.it.:   8.1
      thresh= 5.933E-05 alpha_mix =  0.700 |ddv_scf|^2 =  2.879E-08

      iter #   5 total cpu time :   100.1 secs   av.it.:   8.2
      thresh= 1.697E-05 alpha_mix =  0.700 |ddv_scf|^2 =  2.705E-09

      iter #   6 total cpu time :   100.5 secs   av.it.:   8.2
      thresh= 5.201E-06 alpha_mix =  0.700 |ddv_scf|^2 =  2.760E-11

      iter #   7 total cpu time :   101.0 secs   av.it.:   8.1
      thresh= 5.253E-07 alpha_mix =  0.700 |ddv_scf|^2 =  1.580E-12

      iter #   8 total cpu time :   101.5 secs   av.it.:   7.8
      thresh= 1.257E-07 alpha_mix =  0.700 |ddv_scf|^2 =  2.191E-12

      iter #   9 total cpu time :   101.9 secs   av.it.:   7.0
      thresh= 1.480E-07 alpha_mix =  0.700 |ddv_scf|^2 =  1.513E-13

      iter #  10 total cpu time :   102.3 secs   av.it.:   7.4
      thresh= 3.889E-08 alpha_mix =  0.700 |ddv_scf|^2 =  4.102E-14

      iter #  11 total cpu time :   102.8 secs   av.it.:   7.4
      thresh= 2.025E-08 alpha_mix =  0.700 |ddv_scf|^2 =  3.206E-16

     End of self-consistent calculation

     Convergence has been achieved 
 
     Number of q in the star =    6
     List of q in the star:
          1  -0.117851130   0.353553391  -0.117851130
          2   0.117851130   0.353553391   0.117851130
          3   0.117851130   0.117851130   0.353553391
          4  -0.353553391  -0.117851130   0.117851130
          5  -0.353553391   0.117851130  -0.117851130
          6  -0.117851130  -0.117851130   0.353553391
     In addition there is the -q list: 
          1   0.117851130  -0.353553391   0.117851130
          2  -0.117851130  -0.353553391  -0.117851130
          3  -0.117851130  -0.117851130  -0.353553391
          4   0.353553391   0.117851130  -0.117851130
          5   0.353553391  -0.117851130   0.117851130
          6   0.117851130   0.117851130  -0.353553391

     Diagonalizing the dynamical matrix

     q = (   -0.117851130   0.353553391  -0.117851130 ) 

 **************************************************************************
     freq (    1) =      15.843515 [THz] =     528.482767 [cm-1]
     freq (    2) =      17.504598 [THz] =     583.890526 [cm-1]
     freq (    3) =      23.416063 [THz] =     781.075781 [cm-1]
     freq (    4) =      35.623454 [THz] =    1188.270512 [cm-1]
     freq (    5) =      35.969104 [THz] =    1199.800168 [cm-1]
     freq (    6) =      38.596298 [THz] =    1287.433930 [cm-1]
 **************************************************************************

     Mode symmetry, C_1 (1)     point group:

     freq (   1-   1) =        528.5  [cm-1]   --> A                  
     freq (   2-   2) =        583.9  [cm-1]   --> A                  
     freq (   3-   3) =        781.1  [cm-1]   --> A                  
     freq (   4-   4) =       1188.3  [cm-1]   --> A                  
     freq (   5-   5) =       1199.8  [cm-1]   --> A                  
     freq (   6-   6) =       1287.4  [cm-1]   --> A                  

     Calculation of q =    0.4714045  -0.2357023   0.4714045
 
     Parallelization info
     --------------------
     sticks:   dense  smooth     PW     G-vecs:    dense   smooth      PW
     Min          40      40     17                  445      445     127
     Max          41      41     18                  447      447     129
     Sum         283     283    121                 3119     3119     893
 
     Using Slab Decomposition
 

     Title: 
     default                                                                    


     bravais-lattice index     =            0
     lattice parameter (alat)  =       4.7733  a.u.
     unit-cell volume          =      76.9035 (a.u.)^3
     number of atoms/cell      =            2
     number of atomic types    =            1
     number of electrons       =         8.00
     number of Kohn-Sham states=            8
     kinetic-energy cutoff     =      45.0000  Ry
     charge density cutoff     =     180.0000  Ry
     Exchange-correlation= PBE
                           (   1   4   3   4   0   0   0)

     celldm(1)=   4.773317  celldm(2)=   0.000000  celldm(3)=   0.000000
     celldm(4)=   0.000000  celldm(5)=   0.000000  celldm(6)=   0.000000

     crystal axes: (cart. coord. in units of alat)
               a(1) = (  -0.707107   0.000000   0.707107 )  
               a(2) = (   0.000000   0.707107   0.707107 )  
               a(3) = (  -0.707107   0.707107   0.000000 )  

     reciprocal axes: (cart. coord. in units 2 pi/alat)
               b(1) = ( -0.707107 -0.707107  0.707107 )  
               b(2) = (  0.707107  0.707107  0.707107 )  
               b(3) = ( -0.707107  0.707107 -0.707107 )  


     PseudoPot. # 1 for C  read from file:
     ../../pseudos/C.pbe-n-kjpaw_psl.1.0.0.UPF
     MD5 check sum: 5f16ad9a65e90284d1d834d4ab3b0f7d
     Pseudo is Projector augmented-wave + core cor, Zval =  4.0
     Generated using &quot;atomic&quot; code by A. Dal Corso  v.6.3
     Shape of augmentation charge: PSQ
     Using radial grid of 1073 points,  4 beta functions with: 
                l(1) =   0
                l(2) =   0
                l(3) =   1
                l(4) =   1
     Q(r) pseudized with 0 coefficients 


     atomic species   valence    mass     pseudopotential
     C                 4.00    12.01070     C ( 1.00)

      6 Sym. Ops. (no inversion) found



   Cartesian axes

     site n.     atom                  positions (alat units)
         1        C      tau(   1) = (   0.0000000   0.0000000   0.0000000  )
         2        C      tau(   2) = (  -0.3541036   0.3541036   0.3541036  )

     number of k points=  1024

     Number of k-points >= 100: set verbosity='high' to print them.

     Dense  grid:     3119 G-vectors     FFT dimensions: (  24,  24,  24)

     Estimated max dynamical RAM per process >       0.69 MB

     Estimated total dynamical RAM >      19.36 MB

     Check: negative core charge=   -0.000077

     The potential is recalculated from file :
     ../tmp/_ph0/diamond.save/charge-density

     Starting wfcs are    8 atomic wfcs
     Checking if some PAW data can be deallocated... 

     Band Structure Calculation
     Davidson diagonalization with overlap

     ethr =  1.25E-10,  avg # of iterations = 10.4

     total cpu time spent up to now is        9.0 secs

     End of band structure calculation

     Number of k-points >= 100: set verbosity='high' to print the bands.

     highest occupied, lowest unoccupied level (ev):    13.31233097   17.40873064

     Writing config to output data dir ../tmp/_ph0/diamond.save/ :
     XML data file

     default                                                                    

     bravais-lattice index     =            0
     lattice parameter (alat)  =       4.7733  a.u.
     unit-cell volume          =      76.9035 (a.u.)^3
     number of atoms/cell      =            2
     number of atomic types    =            1
     kinetic-energy cut-off    =      45.0000  Ry
     charge density cut-off    =     180.0000  Ry
     convergence threshold     =      1.0E-14
     beta                      =       0.7000
     number of iterations used =            4
     Exchange-correlation= PBE
                           (   1   4   3   4   0   0   0)


     celldm(1)=    4.77332  celldm(2)=    0.00000  celldm(3)=    0.00000
     celldm(4)=    0.00000  celldm(5)=    0.00000  celldm(6)=    0.00000

     crystal axes: (cart. coord. in units of alat)
               a(1) = ( -0.7071  0.0000  0.7071 )  
               a(2) = (  0.0000  0.7071  0.7071 )  
               a(3) = ( -0.7071  0.7071  0.0000 )  

     reciprocal axes: (cart. coord. in units 2 pi/alat)
               b(1) = ( -0.7071 -0.7071  0.7071 )  
               b(2) = (  0.7071  0.7071  0.7071 )  
               b(3) = ( -0.7071  0.7071 -0.7071 )  


     Atoms inside the unit cell: 

     Cartesian axes

     site n.  atom      mass           positions (alat units)
        1  C      12.0107   tau(    1) = (    0.00000    0.00000    0.00000  )
        2  C      12.0107   tau(    2) = (   -0.35410    0.35410    0.35410  )

     Computing dynamical matrix for 
                    q = (   0.4714045  -0.2357023   0.4714045 )
 
     No symmetry!

     G cutoff =  103.8851  (    447 G-vectors)     FFT grid: ( 24, 24, 24)
     number of k points=  1024

     PseudoPot. # 1 for C  read from file:
     ../../pseudos/C.pbe-n-kjpaw_psl.1.0.0.UPF
     MD5 check sum: 5f16ad9a65e90284d1d834d4ab3b0f7d
     Pseudo is Projector augmented-wave + core cor, Zval =  4.0
     Generated using &quot;atomic&quot; code by A. Dal Corso  v.6.3
     Shape of augmentation charge: PSQ
     Using radial grid of 1073 points,  4 beta functions with: 
                l(1) =   0
                l(2) =   0
                l(3) =   1
                l(4) =   1
     Q(r) pseudized with 0 coefficients 


     Mode symmetry, C_1 (1)     point group:


     Atomic displacements:
     There are    6 irreducible representations

     Representation     1      1 modes -  To be done

     Representation     2      1 modes -  To be done

     Representation     3      1 modes -  To be done

     Representation     4      1 modes -  To be done

     Representation     5      1 modes -  To be done

     Representation     6      1 modes -  To be done



     Alpha used in Ewald sum =   1.9000
     PHONON       :   1m10.58s CPU   1m46.07s WALL



     Representation #   1 mode #   1

     Self-consistent Calculation

      iter #   1 total cpu time :   106.5 secs   av.it.:   6.2
      thresh= 1.000E-02 alpha_mix =  0.700 |ddv_scf|^2 =  1.847E-04

      iter #   2 total cpu time :   107.0 secs   av.it.:   8.2
      thresh= 1.359E-03 alpha_mix =  0.700 |ddv_scf|^2 =  1.753E-04

      iter #   3 total cpu time :   107.4 secs   av.it.:   7.6
      thresh= 1.324E-03 alpha_mix =  0.700 |ddv_scf|^2 =  8.293E-07

      iter #   4 total cpu time :   107.9 secs   av.it.:   8.0
      thresh= 9.107E-05 alpha_mix =  0.700 |ddv_scf|^2 =  3.987E-08

      iter #   5 total cpu time :   108.4 secs   av.it.:   8.0
      thresh= 1.997E-05 alpha_mix =  0.700 |ddv_scf|^2 =  4.819E-09

      iter #   6 total cpu time :   108.9 secs   av.it.:   8.1
      thresh= 6.942E-06 alpha_mix =  0.700 |ddv_scf|^2 =  4.170E-11

      iter #   7 total cpu time :   109.3 secs   av.it.:   7.8
      thresh= 6.458E-07 alpha_mix =  0.700 |ddv_scf|^2 =  1.661E-12

      iter #   8 total cpu time :   109.8 secs   av.it.:   7.4
      thresh= 1.289E-07 alpha_mix =  0.700 |ddv_scf|^2 =  1.518E-13

      iter #   9 total cpu time :   110.3 secs   av.it.:   8.1
      thresh= 3.896E-08 alpha_mix =  0.700 |ddv_scf|^2 =  1.158E-13

      iter #  10 total cpu time :   110.7 secs   av.it.:   7.6
      thresh= 3.404E-08 alpha_mix =  0.700 |ddv_scf|^2 =  3.937E-15

     End of self-consistent calculation

     Convergence has been achieved 


     Representation #   2 mode #   2

     Self-consistent Calculation

      iter #   1 total cpu time :   111.2 secs   av.it.:   6.1
      thresh= 1.000E-02 alpha_mix =  0.700 |ddv_scf|^2 =  5.498E-05

      iter #   2 total cpu time :   111.7 secs   av.it.:   8.3
      thresh= 7.415E-04 alpha_mix =  0.700 |ddv_scf|^2 =  4.916E-05

      iter #   3 total cpu time :   112.1 secs   av.it.:   7.8
      thresh= 7.012E-04 alpha_mix =  0.700 |ddv_scf|^2 =  3.546E-07

      iter #   4 total cpu time :   112.6 secs   av.it.:   8.1
      thresh= 5.955E-05 alpha_mix =  0.700 |ddv_scf|^2 =  5.898E-08

      iter #   5 total cpu time :   113.1 secs   av.it.:   8.0
      thresh= 2.429E-05 alpha_mix =  0.700 |ddv_scf|^2 =  1.213E-09

      iter #   6 total cpu time :   113.6 secs   av.it.:   8.1
      thresh= 3.483E-06 alpha_mix =  0.700 |ddv_scf|^2 =  1.464E-11

      iter #   7 total cpu time :   114.0 secs   av.it.:   8.1
      thresh= 3.826E-07 alpha_mix =  0.700 |ddv_scf|^2 =  1.293E-12

      iter #   8 total cpu time :   114.5 secs   av.it.:   8.0
      thresh= 1.137E-07 alpha_mix =  0.700 |ddv_scf|^2 =  1.146E-13

      iter #   9 total cpu time :   115.0 secs   av.it.:   8.1
      thresh= 3.386E-08 alpha_mix =  0.700 |ddv_scf|^2 =  4.684E-14

      iter #  10 total cpu time :   115.4 secs   av.it.:   7.8
      thresh= 2.164E-08 alpha_mix =  0.700 |ddv_scf|^2 =  9.751E-16

     End of self-consistent calculation

     Convergence has been achieved 


     Representation #   3 mode #   3

     Self-consistent Calculation

      iter #   1 total cpu time :   115.9 secs   av.it.:   6.0
      thresh= 1.000E-02 alpha_mix =  0.700 |ddv_scf|^2 =  1.143E-05

      iter #   2 total cpu time :   116.4 secs   av.it.:   8.3
      thresh= 3.381E-04 alpha_mix =  0.700 |ddv_scf|^2 =  3.605E-06

      iter #   3 total cpu time :   116.9 secs   av.it.:   8.0
      thresh= 1.899E-04 alpha_mix =  0.700 |ddv_scf|^2 =  3.800E-07

      iter #   4 total cpu time :   117.3 secs   av.it.:   7.8
      thresh= 6.164E-05 alpha_mix =  0.700 |ddv_scf|^2 =  1.825E-08

      iter #   5 total cpu time :   117.8 secs   av.it.:   8.2
      thresh= 1.351E-05 alpha_mix =  0.700 |ddv_scf|^2 =  2.986E-09

      iter #   6 total cpu time :   118.3 secs   av.it.:   8.1
      thresh= 5.464E-06 alpha_mix =  0.700 |ddv_scf|^2 =  1.260E-10

      iter #   7 total cpu time :   118.8 secs   av.it.:   8.1
      thresh= 1.122E-06 alpha_mix =  0.700 |ddv_scf|^2 =  1.376E-12

      iter #   8 total cpu time :   119.2 secs   av.it.:   7.8
      thresh= 1.173E-07 alpha_mix =  0.700 |ddv_scf|^2 =  9.996E-14

      iter #   9 total cpu time :   119.7 secs   av.it.:   7.7
      thresh= 3.162E-08 alpha_mix =  0.700 |ddv_scf|^2 =  1.071E-14

      iter #  10 total cpu time :   120.1 secs   av.it.:   8.0
      thresh= 1.035E-08 alpha_mix =  0.700 |ddv_scf|^2 =  2.966E-15

     End of self-consistent calculation

     Convergence has been achieved 


     Representation #   4 mode #   4

     Self-consistent Calculation

      iter #   1 total cpu time :   120.6 secs   av.it.:   6.1
      thresh= 1.000E-02 alpha_mix =  0.700 |ddv_scf|^2 =  7.486E-05

      iter #   2 total cpu time :   121.1 secs   av.it.:   8.2
      thresh= 8.652E-04 alpha_mix =  0.700 |ddv_scf|^2 =  6.893E-05

      iter #   3 total cpu time :   121.6 secs   av.it.:   7.6
      thresh= 8.302E-04 alpha_mix =  0.700 |ddv_scf|^2 =  3.720E-07

      iter #   4 total cpu time :   122.1 secs   av.it.:   8.1
      thresh= 6.100E-05 alpha_mix =  0.700 |ddv_scf|^2 =  2.977E-08

      iter #   5 total cpu time :   122.5 secs   av.it.:   8.2
      thresh= 1.725E-05 alpha_mix =  0.700 |ddv_scf|^2 =  3.558E-09

      iter #   6 total cpu time :   123.0 secs   av.it.:   8.1
      thresh= 5.965E-06 alpha_mix =  0.700 |ddv_scf|^2 =  9.618E-11

      iter #   7 total cpu time :   123.5 secs   av.it.:   8.1
      thresh= 9.807E-07 alpha_mix =  0.700 |ddv_scf|^2 =  1.396E-12

      iter #   8 total cpu time :   124.1 secs   av.it.:   7.4
      thresh= 1.182E-07 alpha_mix =  0.700 |ddv_scf|^2 =  9.674E-14

      iter #   9 total cpu time :   124.6 secs   av.it.:   8.2
      thresh= 3.110E-08 alpha_mix =  0.700 |ddv_scf|^2 =  3.398E-14

      iter #  10 total cpu time :   125.1 secs   av.it.:   7.8
      thresh= 1.843E-08 alpha_mix =  0.700 |ddv_scf|^2 =  2.647E-15

     End of self-consistent calculation

     Convergence has been achieved 


     Representation #   5 mode #   5

     Self-consistent Calculation

      iter #   1 total cpu time :   125.5 secs   av.it.:   6.1
      thresh= 1.000E-02 alpha_mix =  0.700 |ddv_scf|^2 =  8.007E-05

      iter #   2 total cpu time :   126.0 secs   av.it.:   8.3
      thresh= 8.948E-04 alpha_mix =  0.700 |ddv_scf|^2 =  6.479E-05

      iter #   3 total cpu time :   126.5 secs   av.it.:   7.7
      thresh= 8.049E-04 alpha_mix =  0.700 |ddv_scf|^2 =  7.762E-07

      iter #   4 total cpu time :   127.0 secs   av.it.:   8.0
      thresh= 8.810E-05 alpha_mix =  0.700 |ddv_scf|^2 =  2.932E-08

      iter #   5 total cpu time :   127.4 secs   av.it.:   8.1
      thresh= 1.712E-05 alpha_mix =  0.700 |ddv_scf|^2 =  4.880E-09

      iter #   6 total cpu time :   127.9 secs   av.it.:   8.1
      thresh= 6.986E-06 alpha_mix =  0.700 |ddv_scf|^2 =  8.452E-11

      iter #   7 total cpu time :   128.4 secs   av.it.:   8.1
      thresh= 9.193E-07 alpha_mix =  0.700 |ddv_scf|^2 =  1.378E-12

      iter #   8 total cpu time :   128.9 secs   av.it.:   7.4
      thresh= 1.174E-07 alpha_mix =  0.700 |ddv_scf|^2 =  3.210E-14

      iter #   9 total cpu time :   129.3 secs   av.it.:   8.2
      thresh= 1.792E-08 alpha_mix =  0.700 |ddv_scf|^2 =  2.252E-14

      iter #  10 total cpu time :   129.8 secs   av.it.:   7.7
      thresh= 1.501E-08 alpha_mix =  0.700 |ddv_scf|^2 =  4.473E-16

     End of self-consistent calculation

     Convergence has been achieved 


     Representation #   6 mode #   6

     Self-consistent Calculation

      iter #   1 total cpu time :   130.2 secs   av.it.:   6.0
      thresh= 1.000E-02 alpha_mix =  0.700 |ddv_scf|^2 =  1.371E-05

      iter #   2 total cpu time :   130.7 secs   av.it.:   8.3
      thresh= 3.703E-04 alpha_mix =  0.700 |ddv_scf|^2 =  3.822E-06

      iter #   3 total cpu time :   131.2 secs   av.it.:   8.0
      thresh= 1.955E-04 alpha_mix =  0.700 |ddv_scf|^2 =  2.949E-07

      iter #   4 total cpu time :   131.7 secs   av.it.:   7.9
      thresh= 5.431E-05 alpha_mix =  0.700 |ddv_scf|^2 =  1.746E-08

      iter #   5 total cpu time :   132.2 secs   av.it.:   8.1
      thresh= 1.321E-05 alpha_mix =  0.700 |ddv_scf|^2 =  2.906E-09

      iter #   6 total cpu time :   132.6 secs   av.it.:   8.1
      thresh= 5.391E-06 alpha_mix =  0.700 |ddv_scf|^2 =  2.443E-10

      iter #   7 total cpu time :   133.1 secs   av.it.:   8.1
      thresh= 1.563E-06 alpha_mix =  0.700 |ddv_scf|^2 =  1.432E-12

      iter #   8 total cpu time :   133.6 secs   av.it.:   7.8
      thresh= 1.197E-07 alpha_mix =  0.700 |ddv_scf|^2 =  1.008E-13

      iter #   9 total cpu time :   134.0 secs   av.it.:   7.8
      thresh= 3.175E-08 alpha_mix =  0.700 |ddv_scf|^2 =  1.008E-14

      iter #  10 total cpu time :   134.5 secs   av.it.:   8.0
      thresh= 1.004E-08 alpha_mix =  0.700 |ddv_scf|^2 =  1.745E-15

     End of self-consistent calculation

     Convergence has been achieved 
 
     Number of q in the star =    6
     List of q in the star:
          1   0.471404521  -0.235702260   0.471404521
          2  -0.471404521  -0.235702260  -0.471404521
          3  -0.471404521  -0.471404521  -0.235702260
          4   0.235702260   0.471404521  -0.471404521
          5   0.235702260  -0.471404521   0.471404521
          6   0.471404521   0.471404521  -0.235702260
     In addition there is the -q list: 
          1  -0.471404521   0.235702260  -0.471404521
          2   0.471404521   0.235702260   0.471404521
          3   0.471404521   0.471404521   0.235702260
          4  -0.235702260  -0.471404521   0.471404521
          5  -0.235702260   0.471404521  -0.471404521
          6  -0.471404521  -0.471404521   0.235702260

     Diagonalizing the dynamical matrix

     q = (    0.471404521  -0.235702260   0.471404521 ) 

 **************************************************************************
     freq (    1) =      18.453786 [THz] =     615.552044 [cm-1]
     freq (    2) =      21.010477 [THz] =     700.834070 [cm-1]
     freq (    3) =      29.865388 [THz] =     996.202115 [cm-1]
     freq (    4) =      34.523467 [THz] =    1151.578890 [cm-1]
     freq (    5) =      35.329773 [THz] =    1178.474383 [cm-1]
     freq (    6) =      36.615363 [THz] =    1221.357036 [cm-1]
 **************************************************************************

     Mode symmetry, C_1 (1)     point group:

     freq (   1-   1) =        615.6  [cm-1]   --> A                  
     freq (   2-   2) =        700.8  [cm-1]   --> A                  
     freq (   3-   3) =        996.2  [cm-1]   --> A                  
     freq (   4-   4) =       1151.6  [cm-1]   --> A                  
     freq (   5-   5) =       1178.5  [cm-1]   --> A                  
     freq (   6-   6) =       1221.4  [cm-1]   --> A                  

     Calculation of q =    0.3535534  -0.1178511   0.3535534
 
     Parallelization info
     --------------------
     sticks:   dense  smooth     PW     G-vecs:    dense   smooth      PW
     Min          40      40     17                  445      445     123
     Max          41      41     18                  447      447     125
     Sum         283     283    121                 3119     3119     869
 
     Using Slab Decomposition
 

     Title: 
     default                                                                    


     bravais-lattice index     =            0
     lattice parameter (alat)  =       4.7733  a.u.
     unit-cell volume          =      76.9035 (a.u.)^3
     number of atoms/cell      =            2
     number of atomic types    =            1
     number of electrons       =         8.00
     number of Kohn-Sham states=            8
     kinetic-energy cutoff     =      45.0000  Ry
     charge density cutoff     =     180.0000  Ry
     Exchange-correlation= PBE
                           (   1   4   3   4   0   0   0)

     celldm(1)=   4.773317  celldm(2)=   0.000000  celldm(3)=   0.000000
     celldm(4)=   0.000000  celldm(5)=   0.000000  celldm(6)=   0.000000

     crystal axes: (cart. coord. in units of alat)
               a(1) = (  -0.707107   0.000000   0.707107 )  
               a(2) = (   0.000000   0.707107   0.707107 )  
               a(3) = (  -0.707107   0.707107   0.000000 )  

     reciprocal axes: (cart. coord. in units 2 pi/alat)
               b(1) = ( -0.707107 -0.707107  0.707107 )  
               b(2) = (  0.707107  0.707107  0.707107 )  
               b(3) = ( -0.707107  0.707107 -0.707107 )  


     PseudoPot. # 1 for C  read from file:
     ../../pseudos/C.pbe-n-kjpaw_psl.1.0.0.UPF
     MD5 check sum: 5f16ad9a65e90284d1d834d4ab3b0f7d
     Pseudo is Projector augmented-wave + core cor, Zval =  4.0
     Generated using &quot;atomic&quot; code by A. Dal Corso  v.6.3
     Shape of augmentation charge: PSQ
     Using radial grid of 1073 points,  4 beta functions with: 
                l(1) =   0
                l(2) =   0
                l(3) =   1
                l(4) =   1
     Q(r) pseudized with 0 coefficients 


     atomic species   valence    mass     pseudopotential
     C                 4.00    12.01070     C ( 1.00)

      6 Sym. Ops. (no inversion) found



   Cartesian axes

     site n.     atom                  positions (alat units)
         1        C      tau(   1) = (   0.0000000   0.0000000   0.0000000  )
         2        C      tau(   2) = (  -0.3541036   0.3541036   0.3541036  )

     number of k points=  1024

     Number of k-points >= 100: set verbosity='high' to print them.

     Dense  grid:     3119 G-vectors     FFT dimensions: (  24,  24,  24)

     Estimated max dynamical RAM per process >       0.69 MB

     Estimated total dynamical RAM >      19.20 MB

     Check: negative core charge=   -0.000077

     The potential is recalculated from file :
     ../tmp/_ph0/diamond.save/charge-density

     Starting wfcs are    8 atomic wfcs
     Checking if some PAW data can be deallocated... 

     Band Structure Calculation
     Davidson diagonalization with overlap

     ethr =  1.25E-10,  avg # of iterations = 10.4

     total cpu time spent up to now is       11.4 secs

     End of band structure calculation

     Number of k-points >= 100: set verbosity='high' to print the bands.

     highest occupied, lowest unoccupied level (ev):    13.31233097   17.40873064

     Writing config to output data dir ../tmp/_ph0/diamond.save/ :
     XML data file

     default                                                                    

     bravais-lattice index     =            0
     lattice parameter (alat)  =       4.7733  a.u.
     unit-cell volume          =      76.9035 (a.u.)^3
     number of atoms/cell      =            2
     number of atomic types    =            1
     kinetic-energy cut-off    =      45.0000  Ry
     charge density cut-off    =     180.0000  Ry
     convergence threshold     =      1.0E-14
     beta                      =       0.7000
     number of iterations used =            4
     Exchange-correlation= PBE
                           (   1   4   3   4   0   0   0)


     celldm(1)=    4.77332  celldm(2)=    0.00000  celldm(3)=    0.00000
     celldm(4)=    0.00000  celldm(5)=    0.00000  celldm(6)=    0.00000

     crystal axes: (cart. coord. in units of alat)
               a(1) = ( -0.7071  0.0000  0.7071 )  
               a(2) = (  0.0000  0.7071  0.7071 )  
               a(3) = ( -0.7071  0.7071  0.0000 )  

     reciprocal axes: (cart. coord. in units 2 pi/alat)
               b(1) = ( -0.7071 -0.7071  0.7071 )  
               b(2) = (  0.7071  0.7071  0.7071 )  
               b(3) = ( -0.7071  0.7071 -0.7071 )  


     Atoms inside the unit cell: 

     Cartesian axes

     site n.  atom      mass           positions (alat units)
        1  C      12.0107   tau(    1) = (    0.00000    0.00000    0.00000  )
        2  C      12.0107   tau(    2) = (   -0.35410    0.35410    0.35410  )

     Computing dynamical matrix for 
                    q = (   0.3535534  -0.1178511   0.3535534 )
 
     No symmetry!

     G cutoff =  103.8851  (    447 G-vectors)     FFT grid: ( 24, 24, 24)
     number of k points=  1024

     PseudoPot. # 1 for C  read from file:
     ../../pseudos/C.pbe-n-kjpaw_psl.1.0.0.UPF
     MD5 check sum: 5f16ad9a65e90284d1d834d4ab3b0f7d
     Pseudo is Projector augmented-wave + core cor, Zval =  4.0
     Generated using &quot;atomic&quot; code by A. Dal Corso  v.6.3
     Shape of augmentation charge: PSQ
     Using radial grid of 1073 points,  4 beta functions with: 
                l(1) =   0
                l(2) =   0
                l(3) =   1
                l(4) =   1
     Q(r) pseudized with 0 coefficients 


     Mode symmetry, C_1 (1)     point group:


     Atomic displacements:
     There are    6 irreducible representations

     Representation     1      1 modes -  To be done

     Representation     2      1 modes -  To be done

     Representation     3      1 modes -  To be done

     Representation     4      1 modes -  To be done

     Representation     5      1 modes -  To be done

     Representation     6      1 modes -  To be done



     Alpha used in Ewald sum =   1.9000
     PHONON       :   1m33.54s CPU   2m17.81s WALL



     Representation #   1 mode #   1

     Self-consistent Calculation

      iter #   1 total cpu time :   138.2 secs   av.it.:   6.2
      thresh= 1.000E-02 alpha_mix =  0.700 |ddv_scf|^2 =  2.256E-04

      iter #   2 total cpu time :   138.7 secs   av.it.:   8.1
      thresh= 1.502E-03 alpha_mix =  0.700 |ddv_scf|^2 =  2.972E-04

      iter #   3 total cpu time :   139.2 secs   av.it.:   7.3
      thresh= 1.724E-03 alpha_mix =  0.700 |ddv_scf|^2 =  8.206E-07

      iter #   4 total cpu time :   139.6 secs   av.it.:   8.0
      thresh= 9.058E-05 alpha_mix =  0.700 |ddv_scf|^2 =  4.320E-08

      iter #   5 total cpu time :   140.1 secs   av.it.:   8.1
      thresh= 2.078E-05 alpha_mix =  0.700 |ddv_scf|^2 =  5.019E-09

      iter #   6 total cpu time :   140.6 secs   av.it.:   8.1
      thresh= 7.084E-06 alpha_mix =  0.700 |ddv_scf|^2 =  4.333E-11

      iter #   7 total cpu time :   141.1 secs   av.it.:   7.9
      thresh= 6.582E-07 alpha_mix =  0.700 |ddv_scf|^2 =  1.765E-12

      iter #   8 total cpu time :   141.5 secs   av.it.:   7.8
      thresh= 1.329E-07 alpha_mix =  0.700 |ddv_scf|^2 =  7.851E-13

      iter #   9 total cpu time :   142.0 secs   av.it.:   7.8
      thresh= 8.861E-08 alpha_mix =  0.700 |ddv_scf|^2 =  2.378E-13

      iter #  10 total cpu time :   142.5 secs   av.it.:   7.5
      thresh= 4.876E-08 alpha_mix =  0.700 |ddv_scf|^2 =  3.536E-14

      iter #  11 total cpu time :   142.9 secs   av.it.:   7.8
      thresh= 1.880E-08 alpha_mix =  0.700 |ddv_scf|^2 =  1.043E-15

     End of self-consistent calculation

     Convergence has been achieved 


     Representation #   2 mode #   2

     Self-consistent Calculation

      iter #   1 total cpu time :   143.4 secs   av.it.:   6.1
      thresh= 1.000E-02 alpha_mix =  0.700 |ddv_scf|^2 =  6.040E-05

      iter #   2 total cpu time :   143.9 secs   av.it.:   8.3
      thresh= 7.772E-04 alpha_mix =  0.700 |ddv_scf|^2 =  7.071E-05

      iter #   3 total cpu time :   144.3 secs   av.it.:   7.5
      thresh= 8.409E-04 alpha_mix =  0.700 |ddv_scf|^2 =  4.931E-07

      iter #   4 total cpu time :   144.8 secs   av.it.:   8.0
      thresh= 7.022E-05 alpha_mix =  0.700 |ddv_scf|^2 =  6.197E-08

      iter #   5 total cpu time :   145.3 secs   av.it.:   8.0
      thresh= 2.489E-05 alpha_mix =  0.700 |ddv_scf|^2 =  1.510E-09

      iter #   6 total cpu time :   145.8 secs   av.it.:   8.2
      thresh= 3.886E-06 alpha_mix =  0.700 |ddv_scf|^2 =  3.570E-11

      iter #   7 total cpu time :   146.3 secs   av.it.:   8.1
      thresh= 5.975E-07 alpha_mix =  0.700 |ddv_scf|^2 =  1.390E-12

      iter #   8 total cpu time :   146.7 secs   av.it.:   7.9
      thresh= 1.179E-07 alpha_mix =  0.700 |ddv_scf|^2 =  2.504E-13

      iter #   9 total cpu time :   147.2 secs   av.it.:   8.0
      thresh= 5.004E-08 alpha_mix =  0.700 |ddv_scf|^2 =  1.286E-13

      iter #  10 total cpu time :   147.6 secs   av.it.:   7.6
      thresh= 3.586E-08 alpha_mix =  0.700 |ddv_scf|^2 =  4.212E-15

     End of self-consistent calculation

     Convergence has been achieved 


     Representation #   3 mode #   3

     Self-consistent Calculation

      iter #   1 total cpu time :   148.1 secs   av.it.:   6.0
      thresh= 1.000E-02 alpha_mix =  0.700 |ddv_scf|^2 =  2.512E-05

      iter #   2 total cpu time :   148.6 secs   av.it.:   8.2
      thresh= 5.012E-04 alpha_mix =  0.700 |ddv_scf|^2 =  2.445E-05

      iter #   3 total cpu time :   149.1 secs   av.it.:   7.3
      thresh= 4.945E-04 alpha_mix =  0.700 |ddv_scf|^2 =  3.389E-07

      iter #   4 total cpu time :   149.5 secs   av.it.:   8.0
      thresh= 5.821E-05 alpha_mix =  0.700 |ddv_scf|^2 =  2.778E-08

      iter #   5 total cpu time :   150.0 secs   av.it.:   8.2
      thresh= 1.667E-05 alpha_mix =  0.700 |ddv_scf|^2 =  3.192E-09

      iter #   6 total cpu time :   150.5 secs   av.it.:   8.1
      thresh= 5.650E-06 alpha_mix =  0.700 |ddv_scf|^2 =  5.491E-11

      iter #   7 total cpu time :   151.0 secs   av.it.:   8.1
      thresh= 7.410E-07 alpha_mix =  0.700 |ddv_scf|^2 =  1.305E-12

      iter #   8 total cpu time :   151.4 secs   av.it.:   7.7
      thresh= 1.142E-07 alpha_mix =  0.700 |ddv_scf|^2 =  1.150E-13

      iter #   9 total cpu time :   151.9 secs   av.it.:   8.2
      thresh= 3.391E-08 alpha_mix =  0.700 |ddv_scf|^2 =  7.095E-14

      iter #  10 total cpu time :   152.4 secs   av.it.:   7.6
      thresh= 2.664E-08 alpha_mix =  0.700 |ddv_scf|^2 =  5.427E-15

     End of self-consistent calculation

     Convergence has been achieved 


     Representation #   4 mode #   4

     Self-consistent Calculation

      iter #   1 total cpu time :   152.8 secs   av.it.:   6.1
      thresh= 1.000E-02 alpha_mix =  0.700 |ddv_scf|^2 =  4.209E-05

      iter #   2 total cpu time :   153.3 secs   av.it.:   8.2
      thresh= 6.487E-04 alpha_mix =  0.700 |ddv_scf|^2 =  4.497E-05

      iter #   3 total cpu time :   153.8 secs   av.it.:   7.4
      thresh= 6.706E-04 alpha_mix =  0.700 |ddv_scf|^2 =  5.842E-07

      iter #   4 total cpu time :   154.3 secs   av.it.:   7.9
      thresh= 7.643E-05 alpha_mix =  0.700 |ddv_scf|^2 =  3.068E-08

      iter #   5 total cpu time :   154.7 secs   av.it.:   8.1
      thresh= 1.752E-05 alpha_mix =  0.700 |ddv_scf|^2 =  3.847E-09

      iter #   6 total cpu time :   155.2 secs   av.it.:   8.2
      thresh= 6.202E-06 alpha_mix =  0.700 |ddv_scf|^2 =  1.008E-10

      iter #   7 total cpu time :   155.7 secs   av.it.:   8.1
      thresh= 1.004E-06 alpha_mix =  0.700 |ddv_scf|^2 =  1.317E-12

      iter #   8 total cpu time :   156.2 secs   av.it.:   7.4
      thresh= 1.148E-07 alpha_mix =  0.700 |ddv_scf|^2 =  1.750E-13

      iter #   9 total cpu time :   156.6 secs   av.it.:   8.0
      thresh= 4.183E-08 alpha_mix =  0.700 |ddv_scf|^2 =  1.358E-13

      iter #  10 total cpu time :   157.1 secs   av.it.:   7.3
      thresh= 3.685E-08 alpha_mix =  0.700 |ddv_scf|^2 =  2.402E-15

     End of self-consistent calculation

     Convergence has been achieved 


     Representation #   5 mode #   5

     Self-consistent Calculation

      iter #   1 total cpu time :   157.5 secs   av.it.:   6.2
      thresh= 1.000E-02 alpha_mix =  0.700 |ddv_scf|^2 =  1.999E-04

      iter #   2 total cpu time :   158.0 secs   av.it.:   8.1
      thresh= 1.414E-03 alpha_mix =  0.700 |ddv_scf|^2 =  2.650E-04

      iter #   3 total cpu time :   158.5 secs   av.it.:   7.2
      thresh= 1.628E-03 alpha_mix =  0.700 |ddv_scf|^2 =  4.957E-07

      iter #   4 total cpu time :   159.0 secs   av.it.:   8.1
      thresh= 7.041E-05 alpha_mix =  0.700 |ddv_scf|^2 =  2.866E-08

      iter #   5 total cpu time :   159.4 secs   av.it.:   8.2
      thresh= 1.693E-05 alpha_mix =  0.700 |ddv_scf|^2 =  5.237E-09

      iter #   6 total cpu time :   159.9 secs   av.it.:   8.1
      thresh= 7.236E-06 alpha_mix =  0.700 |ddv_scf|^2 =  4.695E-11

      iter #   7 total cpu time :   160.4 secs   av.it.:   8.0
      thresh= 6.852E-07 alpha_mix =  0.700 |ddv_scf|^2 =  1.339E-12

      iter #   8 total cpu time :   160.9 secs   av.it.:   7.6
      thresh= 1.157E-07 alpha_mix =  0.700 |ddv_scf|^2 =  2.655E-13

      iter #   9 total cpu time :   161.3 secs   av.it.:   8.0
      thresh= 5.153E-08 alpha_mix =  0.700 |ddv_scf|^2 =  2.055E-13

      iter #  10 total cpu time :   161.8 secs   av.it.:   7.4
      thresh= 4.533E-08 alpha_mix =  0.700 |ddv_scf|^2 =  6.762E-15

     End of self-consistent calculation

     Convergence has been achieved 


     Representation #   6 mode #   6

     Self-consistent Calculation

      iter #   1 total cpu time :   162.2 secs   av.it.:   6.1
      thresh= 1.000E-02 alpha_mix =  0.700 |ddv_scf|^2 =  5.156E-05

      iter #   2 total cpu time :   162.7 secs   av.it.:   8.2
      thresh= 7.180E-04 alpha_mix =  0.700 |ddv_scf|^2 =  5.891E-05

      iter #   3 total cpu time :   163.2 secs   av.it.:   7.2
      thresh= 7.675E-04 alpha_mix =  0.700 |ddv_scf|^2 =  3.393E-07

      iter #   4 total cpu time :   163.7 secs   av.it.:   8.1
      thresh= 5.825E-05 alpha_mix =  0.700 |ddv_scf|^2 =  3.673E-08

      iter #   5 total cpu time :   164.1 secs   av.it.:   8.1
      thresh= 1.916E-05 alpha_mix =  0.700 |ddv_scf|^2 =  3.491E-09

      iter #   6 total cpu time :   164.6 secs   av.it.:   8.1
      thresh= 5.909E-06 alpha_mix =  0.700 |ddv_scf|^2 =  5.868E-11

      iter #   7 total cpu time :   165.1 secs   av.it.:   8.1
      thresh= 7.661E-07 alpha_mix =  0.700 |ddv_scf|^2 =  1.454E-12

      iter #   8 total cpu time :   165.6 secs   av.it.:   7.7
      thresh= 1.206E-07 alpha_mix =  0.700 |ddv_scf|^2 =  1.390E-13

      iter #   9 total cpu time :   166.1 secs   av.it.:   8.2
      thresh= 3.728E-08 alpha_mix =  0.700 |ddv_scf|^2 =  1.329E-13

      iter #  10 total cpu time :   166.5 secs   av.it.:   7.5
      thresh= 3.646E-08 alpha_mix =  0.700 |ddv_scf|^2 =  5.126E-15

     End of self-consistent calculation

     Convergence has been achieved 
 
     Number of q in the star =    6
     List of q in the star:
          1   0.353553391  -0.117851130   0.353553391
          2  -0.353553391  -0.117851130  -0.353553391
          3  -0.353553391  -0.353553391  -0.117851130
          4   0.117851130   0.353553391  -0.353553391
          5   0.117851130  -0.353553391   0.353553391
          6   0.353553391   0.353553391  -0.117851130
     In addition there is the -q list: 
          1  -0.353553391   0.117851130  -0.353553391
          2   0.353553391   0.117851130   0.353553391
          3   0.353553391   0.353553391   0.117851130
          4  -0.117851130  -0.353553391   0.353553391
          5  -0.117851130   0.353553391  -0.353553391
          6  -0.353553391  -0.353553391   0.117851130

     Diagonalizing the dynamical matrix

     q = (    0.353553391  -0.117851130   0.353553391 ) 

 **************************************************************************
     freq (    1) =      17.885125 [THz] =     596.583555 [cm-1]
     freq (    2) =      20.374023 [THz] =     679.604241 [cm-1]
     freq (    3) =      27.920277 [THz] =     931.320185 [cm-1]
     freq (    4) =      34.631115 [THz] =    1155.169659 [cm-1]
     freq (    5) =      36.152860 [THz] =    1205.929613 [cm-1]
     freq (    6) =      36.834500 [THz] =    1228.666666 [cm-1]
 **************************************************************************

     Mode symmetry, C_1 (1)     point group:

     freq (   1-   1) =        596.6  [cm-1]   --> A                  
     freq (   2-   2) =        679.6  [cm-1]   --> A                  
     freq (   3-   3) =        931.3  [cm-1]   --> A                  
     freq (   4-   4) =       1155.2  [cm-1]   --> A                  
     freq (   5-   5) =       1205.9  [cm-1]   --> A                  
     freq (   6-   6) =       1228.7  [cm-1]   --> A                  

     Calculation of q =    0.2357023  -0.0000000   0.2357023
 
     Parallelization info
     --------------------
     sticks:   dense  smooth     PW     G-vecs:    dense   smooth      PW
     Min          40      40     15                  445      445     103
     Max          41      41     16                  447      447     104
     Sum         283     283    109                 3119     3119     725
 
     Using Slab Decomposition
 

     Title: 
     default                                                                    


     bravais-lattice index     =            0
     lattice parameter (alat)  =       4.7733  a.u.
     unit-cell volume          =      76.9035 (a.u.)^3
     number of atoms/cell      =            2
     number of atomic types    =            1
     number of electrons       =         8.00
     number of Kohn-Sham states=            8
     kinetic-energy cutoff     =      45.0000  Ry
     charge density cutoff     =     180.0000  Ry
     Exchange-correlation= PBE
                           (   1   4   3   4   0   0   0)

     celldm(1)=   4.773317  celldm(2)=   0.000000  celldm(3)=   0.000000
     celldm(4)=   0.000000  celldm(5)=   0.000000  celldm(6)=   0.000000

     crystal axes: (cart. coord. in units of alat)
               a(1) = (  -0.707107   0.000000   0.707107 )  
               a(2) = (   0.000000   0.707107   0.707107 )  
               a(3) = (  -0.707107   0.707107   0.000000 )  

     reciprocal axes: (cart. coord. in units 2 pi/alat)
               b(1) = ( -0.707107 -0.707107  0.707107 )  
               b(2) = (  0.707107  0.707107  0.707107 )  
               b(3) = ( -0.707107  0.707107 -0.707107 )  


     PseudoPot. # 1 for C  read from file:
     ../../pseudos/C.pbe-n-kjpaw_psl.1.0.0.UPF
     MD5 check sum: 5f16ad9a65e90284d1d834d4ab3b0f7d
     Pseudo is Projector augmented-wave + core cor, Zval =  4.0
     Generated using &quot;atomic&quot; code by A. Dal Corso  v.6.3
     Shape of augmentation charge: PSQ
     Using radial grid of 1073 points,  4 beta functions with: 
                l(1) =   0
                l(2) =   0
                l(3) =   1
                l(4) =   1
     Q(r) pseudized with 0 coefficients 


     atomic species   valence    mass     pseudopotential
     C                 4.00    12.01070     C ( 1.00)

      6 Sym. Ops. (no inversion) found



   Cartesian axes

     site n.     atom                  positions (alat units)
         1        C      tau(   1) = (   0.0000000   0.0000000   0.0000000  )
         2        C      tau(   2) = (  -0.3541036   0.3541036   0.3541036  )

     number of k points=  1024

     Number of k-points >= 100: set verbosity='high' to print them.

     Dense  grid:     3119 G-vectors     FFT dimensions: (  24,  24,  24)

     Estimated max dynamical RAM per process >       0.68 MB

     Estimated total dynamical RAM >      19.05 MB

     Check: negative core charge=   -0.000077

     The potential is recalculated from file :
     ../tmp/_ph0/diamond.save/charge-density

     Starting wfcs are    8 atomic wfcs
     Checking if some PAW data can be deallocated... 

     Band Structure Calculation
     Davidson diagonalization with overlap

     ethr =  1.25E-10,  avg # of iterations = 10.5

     total cpu time spent up to now is       13.7 secs

     End of band structure calculation

     Number of k-points >= 100: set verbosity='high' to print the bands.

     highest occupied, lowest unoccupied level (ev):    13.31233097   17.40873064

     Writing config to output data dir ../tmp/_ph0/diamond.save/ :
     XML data file

     default                                                                    

     bravais-lattice index     =            0
     lattice parameter (alat)  =       4.7733  a.u.
     unit-cell volume          =      76.9035 (a.u.)^3
     number of atoms/cell      =            2
     number of atomic types    =            1
     kinetic-energy cut-off    =      45.0000  Ry
     charge density cut-off    =     180.0000  Ry
     convergence threshold     =      1.0E-14
     beta                      =       0.7000
     number of iterations used =            4
     Exchange-correlation= PBE
                           (   1   4   3   4   0   0   0)


     celldm(1)=    4.77332  celldm(2)=    0.00000  celldm(3)=    0.00000
     celldm(4)=    0.00000  celldm(5)=    0.00000  celldm(6)=    0.00000

     crystal axes: (cart. coord. in units of alat)
               a(1) = ( -0.7071  0.0000  0.7071 )  
               a(2) = (  0.0000  0.7071  0.7071 )  
               a(3) = ( -0.7071  0.7071  0.0000 )  

     reciprocal axes: (cart. coord. in units 2 pi/alat)
               b(1) = ( -0.7071 -0.7071  0.7071 )  
               b(2) = (  0.7071  0.7071  0.7071 )  
               b(3) = ( -0.7071  0.7071 -0.7071 )  


     Atoms inside the unit cell: 

     Cartesian axes

     site n.  atom      mass           positions (alat units)
        1  C      12.0107   tau(    1) = (    0.00000    0.00000    0.00000  )
        2  C      12.0107   tau(    2) = (   -0.35410    0.35410    0.35410  )

     Computing dynamical matrix for 
                    q = (   0.2357023  -0.0000000   0.2357023 )
 
     No symmetry!

     G cutoff =  103.8851  (    447 G-vectors)     FFT grid: ( 24, 24, 24)
     number of k points=  1024

     PseudoPot. # 1 for C  read from file:
     ../../pseudos/C.pbe-n-kjpaw_psl.1.0.0.UPF
     MD5 check sum: 5f16ad9a65e90284d1d834d4ab3b0f7d
     Pseudo is Projector augmented-wave + core cor, Zval =  4.0
     Generated using &quot;atomic&quot; code by A. Dal Corso  v.6.3
     Shape of augmentation charge: PSQ
     Using radial grid of 1073 points,  4 beta functions with: 
                l(1) =   0
                l(2) =   0
                l(3) =   1
                l(4) =   1
     Q(r) pseudized with 0 coefficients 


     Mode symmetry, C_1 (1)     point group:


     Atomic displacements:
     There are    6 irreducible representations

     Representation     1      1 modes -  To be done

     Representation     2      1 modes -  To be done

     Representation     3      1 modes -  To be done

     Representation     4      1 modes -  To be done

     Representation     5      1 modes -  To be done

     Representation     6      1 modes -  To be done



     Alpha used in Ewald sum =   1.9000
     PHONON       :   1m56.75s CPU   2m49.75s WALL



     Representation #   1 mode #   1

     Self-consistent Calculation

      iter #   1 total cpu time :   170.1 secs   av.it.:   6.2
      thresh= 1.000E-02 alpha_mix =  0.700 |ddv_scf|^2 =  8.344E-04

      iter #   2 total cpu time :   170.6 secs   av.it.:   7.6
      thresh= 2.889E-03 alpha_mix =  0.700 |ddv_scf|^2 =  3.021E-03

      iter #   3 total cpu time :   171.0 secs   av.it.:   6.5
      thresh= 5.497E-03 alpha_mix =  0.700 |ddv_scf|^2 =  2.688E-07

      iter #   4 total cpu time :   171.5 secs   av.it.:   8.4
      thresh= 5.185E-05 alpha_mix =  0.700 |ddv_scf|^2 =  6.503E-08

      iter #   5 total cpu time :   172.0 secs   av.it.:   8.1
      thresh= 2.550E-05 alpha_mix =  0.700 |ddv_scf|^2 =  2.752E-09

      iter #   6 total cpu time :   172.4 secs   av.it.:   8.2
      thresh= 5.246E-06 alpha_mix =  0.700 |ddv_scf|^2 =  2.466E-11

      iter #   7 total cpu time :   172.9 secs   av.it.:   8.0
      thresh= 4.966E-07 alpha_mix =  0.700 |ddv_scf|^2 =  9.472E-13

      iter #   8 total cpu time :   173.3 secs   av.it.:   7.5
      thresh= 9.732E-08 alpha_mix =  0.700 |ddv_scf|^2 =  3.565E-13

      iter #   9 total cpu time :   173.8 secs   av.it.:   7.4
      thresh= 5.971E-08 alpha_mix =  0.700 |ddv_scf|^2 =  5.506E-13

      iter #  10 total cpu time :   174.2 secs   av.it.:   6.7
      thresh= 7.420E-08 alpha_mix =  0.700 |ddv_scf|^2 =  5.995E-15

     End of self-consistent calculation

     Convergence has been achieved 


     Representation #   2 mode #   2

     Self-consistent Calculation

      iter #   1 total cpu time :   174.6 secs   av.it.:   6.1
      thresh= 1.000E-02 alpha_mix =  0.700 |ddv_scf|^2 =  3.265E-04

      iter #   2 total cpu time :   175.1 secs   av.it.:   7.7
      thresh= 1.807E-03 alpha_mix =  0.700 |ddv_scf|^2 =  1.144E-03

      iter #   3 total cpu time :   175.5 secs   av.it.:   6.5
      thresh= 3.382E-03 alpha_mix =  0.700 |ddv_scf|^2 =  4.268E-07

      iter #   4 total cpu time :   176.0 secs   av.it.:   8.1
      thresh= 6.533E-05 alpha_mix =  0.700 |ddv_scf|^2 =  6.915E-08

      iter #   5 total cpu time :   176.4 secs   av.it.:   8.1
      thresh= 2.630E-05 alpha_mix =  0.700 |ddv_scf|^2 =  1.794E-09

      iter #   6 total cpu time :   176.9 secs   av.it.:   8.2
      thresh= 4.236E-06 alpha_mix =  0.700 |ddv_scf|^2 =  3.564E-11

      iter #   7 total cpu time :   177.4 secs   av.it.:   7.6
      thresh= 5.970E-07 alpha_mix =  0.700 |ddv_scf|^2 =  1.474E-12

      iter #   8 total cpu time :   177.8 secs   av.it.:   7.6
      thresh= 1.214E-07 alpha_mix =  0.700 |ddv_scf|^2 =  2.657E-12

      iter #   9 total cpu time :   178.2 secs   av.it.:   6.6
      thresh= 1.630E-07 alpha_mix =  0.700 |ddv_scf|^2 =  9.736E-14

      iter #  10 total cpu time :   178.6 secs   av.it.:   7.2
      thresh= 3.120E-08 alpha_mix =  0.700 |ddv_scf|^2 =  9.758E-15

     End of self-consistent calculation

     Convergence has been achieved 


     Representation #   3 mode #   3

     Self-consistent Calculation

      iter #   1 total cpu time :   179.1 secs   av.it.:   6.1
      thresh= 1.000E-02 alpha_mix =  0.700 |ddv_scf|^2 =  2.467E-04

      iter #   2 total cpu time :   179.6 secs   av.it.:   7.7
      thresh= 1.571E-03 alpha_mix =  0.700 |ddv_scf|^2 =  8.835E-04

      iter #   3 total cpu time :   180.0 secs   av.it.:   6.5
      thresh= 2.972E-03 alpha_mix =  0.700 |ddv_scf|^2 =  1.437E-07

      iter #   4 total cpu time :   180.4 secs   av.it.:   8.3
      thresh= 3.791E-05 alpha_mix =  0.700 |ddv_scf|^2 =  3.496E-08

      iter #   5 total cpu time :   180.9 secs   av.it.:   8.2
      thresh= 1.870E-05 alpha_mix =  0.700 |ddv_scf|^2 =  2.466E-09

      iter #   6 total cpu time :   181.4 secs   av.it.:   8.2
      thresh= 4.966E-06 alpha_mix =  0.700 |ddv_scf|^2 =  2.024E-11

      iter #   7 total cpu time :   181.8 secs   av.it.:   8.1
      thresh= 4.499E-07 alpha_mix =  0.700 |ddv_scf|^2 =  1.924E-12

      iter #   8 total cpu time :   182.3 secs   av.it.:   7.6
      thresh= 1.387E-07 alpha_mix =  0.700 |ddv_scf|^2 =  4.065E-12

      iter #   9 total cpu time :   182.7 secs   av.it.:   6.7
      thresh= 2.016E-07 alpha_mix =  0.700 |ddv_scf|^2 =  1.951E-13

      iter #  10 total cpu time :   183.2 secs   av.it.:   7.3
      thresh= 4.417E-08 alpha_mix =  0.700 |ddv_scf|^2 =  1.548E-13

      iter #  11 total cpu time :   183.6 secs   av.it.:   7.1
      thresh= 3.934E-08 alpha_mix =  0.700 |ddv_scf|^2 =  5.515E-16

     End of self-consistent calculation

     Convergence has been achieved 


     Representation #   4 mode #   4

     Self-consistent Calculation

      iter #   1 total cpu time :   184.0 secs   av.it.:   5.9
      thresh= 1.000E-02 alpha_mix =  0.700 |ddv_scf|^2 =  5.837E-05

      iter #   2 total cpu time :   184.5 secs   av.it.:   7.9
      thresh= 7.640E-04 alpha_mix =  0.700 |ddv_scf|^2 =  1.995E-04

      iter #   3 total cpu time :   184.9 secs   av.it.:   6.5
      thresh= 1.413E-03 alpha_mix =  0.700 |ddv_scf|^2 =  1.319E-07

      iter #   4 total cpu time :   185.4 secs   av.it.:   8.3
      thresh= 3.631E-05 alpha_mix =  0.700 |ddv_scf|^2 =  2.497E-08

      iter #   5 total cpu time :   185.8 secs   av.it.:   8.2
      thresh= 1.580E-05 alpha_mix =  0.700 |ddv_scf|^2 =  3.193E-09

      iter #   6 total cpu time :   186.3 secs   av.it.:   8.2
      thresh= 5.651E-06 alpha_mix =  0.700 |ddv_scf|^2 =  4.699E-11

      iter #   7 total cpu time :   186.7 secs   av.it.:   7.9
      thresh= 6.855E-07 alpha_mix =  0.700 |ddv_scf|^2 =  4.218E-12

      iter #   8 total cpu time :   187.2 secs   av.it.:   7.5
      thresh= 2.054E-07 alpha_mix =  0.700 |ddv_scf|^2 =  9.185E-12

      iter #   9 total cpu time :   187.6 secs   av.it.:   6.6
      thresh= 3.031E-07 alpha_mix =  0.700 |ddv_scf|^2 =  1.742E-13

      iter #  10 total cpu time :   188.1 secs   av.it.:   7.2
      thresh= 4.173E-08 alpha_mix =  0.700 |ddv_scf|^2 =  5.282E-14

      iter #  11 total cpu time :   188.5 secs   av.it.:   7.4
      thresh= 2.298E-08 alpha_mix =  0.700 |ddv_scf|^2 =  1.125E-15

     End of self-consistent calculation

     Convergence has been achieved 


     Representation #   5 mode #   5

     Self-consistent Calculation

      iter #   1 total cpu time :   188.9 secs   av.it.:   6.3
      thresh= 1.000E-02 alpha_mix =  0.700 |ddv_scf|^2 =  1.204E-03

      iter #   2 total cpu time :   189.4 secs   av.it.:   7.5
      thresh= 3.470E-03 alpha_mix =  0.700 |ddv_scf|^2 =  4.396E-03

      iter #   3 total cpu time :   189.8 secs   av.it.:   6.5
      thresh= 6.630E-03 alpha_mix =  0.700 |ddv_scf|^2 =  1.963E-07

      iter #   4 total cpu time :   190.3 secs   av.it.:   8.5
      thresh= 4.431E-05 alpha_mix =  0.700 |ddv_scf|^2 =  5.348E-08

      iter #   5 total cpu time :   190.8 secs   av.it.:   8.1
      thresh= 2.313E-05 alpha_mix =  0.700 |ddv_scf|^2 =  3.281E-09

      iter #   6 total cpu time :   191.2 secs   av.it.:   8.2
      thresh= 5.728E-06 alpha_mix =  0.700 |ddv_scf|^2 =  3.256E-11

      iter #   7 total cpu time :   191.7 secs   av.it.:   8.0
      thresh= 5.707E-07 alpha_mix =  0.700 |ddv_scf|^2 =  1.119E-12

      iter #   8 total cpu time :   192.1 secs   av.it.:   7.4
      thresh= 1.058E-07 alpha_mix =  0.700 |ddv_scf|^2 =  3.188E-13

      iter #   9 total cpu time :   192.6 secs   av.it.:   7.3
      thresh= 5.647E-08 alpha_mix =  0.700 |ddv_scf|^2 =  3.042E-13

      iter #  10 total cpu time :   193.0 secs   av.it.:   6.9
      thresh= 5.515E-08 alpha_mix =  0.700 |ddv_scf|^2 =  1.745E-14

      iter #  11 total cpu time :   193.4 secs   av.it.:   7.2
      thresh= 1.321E-08 alpha_mix =  0.700 |ddv_scf|^2 =  7.747E-17

     End of self-consistent calculation

     Convergence has been achieved 


     Representation #   6 mode #   6

     Self-consistent Calculation

      iter #   1 total cpu time :   193.9 secs   av.it.:   6.2
      thresh= 1.000E-02 alpha_mix =  0.700 |ddv_scf|^2 =  5.078E-04

      iter #   2 total cpu time :   194.3 secs   av.it.:   7.6
      thresh= 2.253E-03 alpha_mix =  0.700 |ddv_scf|^2 =  1.835E-03

      iter #   3 total cpu time :   194.7 secs   av.it.:   6.5
      thresh= 4.283E-03 alpha_mix =  0.700 |ddv_scf|^2 =  1.896E-07

      iter #   4 total cpu time :   195.2 secs   av.it.:   8.4
      thresh= 4.355E-05 alpha_mix =  0.700 |ddv_scf|^2 =  4.939E-08

      iter #   5 total cpu time :   195.7 secs   av.it.:   8.1
      thresh= 2.222E-05 alpha_mix =  0.700 |ddv_scf|^2 =  2.630E-09

      iter #   6 total cpu time :   196.1 secs   av.it.:   8.2
      thresh= 5.129E-06 alpha_mix =  0.700 |ddv_scf|^2 =  2.269E-11

      iter #   7 total cpu time :   196.6 secs   av.it.:   8.1
      thresh= 4.763E-07 alpha_mix =  0.700 |ddv_scf|^2 =  1.067E-12

      iter #   8 total cpu time :   197.1 secs   av.it.:   7.7
      thresh= 1.033E-07 alpha_mix =  0.700 |ddv_scf|^2 =  1.294E-12

      iter #   9 total cpu time :   197.5 secs   av.it.:   7.0
      thresh= 1.138E-07 alpha_mix =  0.700 |ddv_scf|^2 =  3.481E-13

      iter #  10 total cpu time :   197.9 secs   av.it.:   7.1
      thresh= 5.900E-08 alpha_mix =  0.700 |ddv_scf|^2 =  1.091E-13

      iter #  11 total cpu time :   198.3 secs   av.it.:   7.0
      thresh= 3.303E-08 alpha_mix =  0.700 |ddv_scf|^2 =  2.944E-16

     End of self-consistent calculation

     Convergence has been achieved 
 
     Number of q in the star =    6
     List of q in the star:
          1   0.235702260  -0.000000000   0.235702260
          2  -0.235702260  -0.000000000  -0.235702260
          3  -0.235702260  -0.235702260  -0.000000000
          4   0.000000000   0.235702260  -0.235702260
          5   0.000000000  -0.235702260   0.235702260
          6   0.235702260   0.235702260  -0.000000000

     Diagonalizing the dynamical matrix

     q = (    0.235702260  -0.000000000   0.235702260 ) 

 **************************************************************************
     freq (    1) =      13.675429 [THz] =     456.163219 [cm-1]
     freq (    2) =      15.891973 [THz] =     530.099153 [cm-1]
     freq (    3) =      20.157923 [THz] =     672.395940 [cm-1]
     freq (    4) =      36.238858 [THz] =    1208.798201 [cm-1]
     freq (    5) =      37.123468 [THz] =    1238.305611 [cm-1]
     freq (    6) =      38.392006 [THz] =    1280.619483 [cm-1]
 **************************************************************************

     Mode symmetry, C_1 (1)     point group:

     freq (   1-   1) =        456.2  [cm-1]   --> A                  
     freq (   2-   2) =        530.1  [cm-1]   --> A                  
     freq (   3-   3) =        672.4  [cm-1]   --> A                  
     freq (   4-   4) =       1208.8  [cm-1]   --> A                  
     freq (   5-   5) =       1238.3  [cm-1]   --> A                  
     freq (   6-   6) =       1280.6  [cm-1]   --> A                  

     Calculation of q =    0.0000000   0.4714045   0.0000000
 
     Parallelization info
     --------------------
     sticks:   dense  smooth     PW     G-vecs:    dense   smooth      PW
     Min          40      40     15                  445      445     105
     Max          41      41     16                  447      447     108
     Sum         283     283    109                 3119     3119     749
 
     Using Slab Decomposition
 

     Title: 
     default                                                                    


     bravais-lattice index     =            0
     lattice parameter (alat)  =       4.7733  a.u.
     unit-cell volume          =      76.9035 (a.u.)^3
     number of atoms/cell      =            2
     number of atomic types    =            1
     number of electrons       =         8.00
     number of Kohn-Sham states=            8
     kinetic-energy cutoff     =      45.0000  Ry
     charge density cutoff     =     180.0000  Ry
     Exchange-correlation= PBE
                           (   1   4   3   4   0   0   0)

     celldm(1)=   4.773317  celldm(2)=   0.000000  celldm(3)=   0.000000
     celldm(4)=   0.000000  celldm(5)=   0.000000  celldm(6)=   0.000000

     crystal axes: (cart. coord. in units of alat)
               a(1) = (  -0.707107   0.000000   0.707107 )  
               a(2) = (   0.000000   0.707107   0.707107 )  
               a(3) = (  -0.707107   0.707107   0.000000 )  

     reciprocal axes: (cart. coord. in units 2 pi/alat)
               b(1) = ( -0.707107 -0.707107  0.707107 )  
               b(2) = (  0.707107  0.707107  0.707107 )  
               b(3) = ( -0.707107  0.707107 -0.707107 )  


     PseudoPot. # 1 for C  read from file:
     ../../pseudos/C.pbe-n-kjpaw_psl.1.0.0.UPF
     MD5 check sum: 5f16ad9a65e90284d1d834d4ab3b0f7d
     Pseudo is Projector augmented-wave + core cor, Zval =  4.0
     Generated using &quot;atomic&quot; code by A. Dal Corso  v.6.3
     Shape of augmentation charge: PSQ
     Using radial grid of 1073 points,  4 beta functions with: 
                l(1) =   0
                l(2) =   0
                l(3) =   1
                l(4) =   1
     Q(r) pseudized with 0 coefficients 


     atomic species   valence    mass     pseudopotential
     C                 4.00    12.01070     C ( 1.00)

      6 Sym. Ops. (no inversion) found



   Cartesian axes

     site n.     atom                  positions (alat units)
         1        C      tau(   1) = (   0.0000000   0.0000000   0.0000000  )
         2        C      tau(   2) = (  -0.3541036   0.3541036   0.3541036  )

     number of k points=   576

     Number of k-points >= 100: set verbosity='high' to print them.

     Dense  grid:     3119 G-vectors     FFT dimensions: (  24,  24,  24)

     Estimated max dynamical RAM per process >       0.68 MB

     Estimated total dynamical RAM >      19.16 MB

     Check: negative core charge=   -0.000077

     The potential is recalculated from file :
     ../tmp/_ph0/diamond.save/charge-density

     Starting wfcs are    8 atomic wfcs
     Checking if some PAW data can be deallocated... 

     Band Structure Calculation
     Davidson diagonalization with overlap

     ethr =  1.25E-10,  avg # of iterations = 10.4

     total cpu time spent up to now is       15.3 secs

     End of band structure calculation

     Number of k-points >= 100: set verbosity='high' to print the bands.

     highest occupied, lowest unoccupied level (ev):    13.31233097   17.40873064

     Writing config to output data dir ../tmp/_ph0/diamond.save/ :
     XML data file

     default                                                                    

     bravais-lattice index     =            0
     lattice parameter (alat)  =       4.7733  a.u.
     unit-cell volume          =      76.9035 (a.u.)^3
     number of atoms/cell      =            2
     number of atomic types    =            1
     kinetic-energy cut-off    =      45.0000  Ry
     charge density cut-off    =     180.0000  Ry
     convergence threshold     =      1.0E-14
     beta                      =       0.7000
     number of iterations used =            4
     Exchange-correlation= PBE
                           (   1   4   3   4   0   0   0)


     celldm(1)=    4.77332  celldm(2)=    0.00000  celldm(3)=    0.00000
     celldm(4)=    0.00000  celldm(5)=    0.00000  celldm(6)=    0.00000

     crystal axes: (cart. coord. in units of alat)
               a(1) = ( -0.7071  0.0000  0.7071 )  
               a(2) = (  0.0000  0.7071  0.7071 )  
               a(3) = ( -0.7071  0.7071  0.0000 )  

     reciprocal axes: (cart. coord. in units 2 pi/alat)
               b(1) = ( -0.7071 -0.7071  0.7071 )  
               b(2) = (  0.7071  0.7071  0.7071 )  
               b(3) = ( -0.7071  0.7071 -0.7071 )  


     Atoms inside the unit cell: 

     Cartesian axes

     site n.  atom      mass           positions (alat units)
        1  C      12.0107   tau(    1) = (    0.00000    0.00000    0.00000  )
        2  C      12.0107   tau(    2) = (   -0.35410    0.35410    0.35410  )

     Computing dynamical matrix for 
                    q = (   0.0000000   0.4714045   0.0000000 )
 
      2 Sym.Ops. (no q -> -q+G )


     G cutoff =  103.8851  (    447 G-vectors)     FFT grid: ( 24, 24, 24)
     number of k points=   576

     PseudoPot. # 1 for C  read from file:
     ../../pseudos/C.pbe-n-kjpaw_psl.1.0.0.UPF
     MD5 check sum: 5f16ad9a65e90284d1d834d4ab3b0f7d
     Pseudo is Projector augmented-wave + core cor, Zval =  4.0
     Generated using &quot;atomic&quot; code by A. Dal Corso  v.6.3
     Shape of augmentation charge: PSQ
     Using radial grid of 1073 points,  4 beta functions with: 
                l(1) =   0
                l(2) =   0
                l(3) =   1
                l(4) =   1
     Q(r) pseudized with 0 coefficients 


     Mode symmetry, C_s (m)     point group:


     Atomic displacements:
     There are    6 irreducible representations

     Representation     1      1 modes -  To be done

     Representation     2      1 modes -  To be done

     Representation     3      1 modes -  To be done

     Representation     4      1 modes -  To be done

     Representation     5      1 modes -  To be done

     Representation     6      1 modes -  To be done



     Alpha used in Ewald sum =   1.9000
     PHONON       :   2m18.50s CPU   3m20.49s WALL



     Representation #   1 mode #   1

     Self-consistent Calculation

      iter #   1 total cpu time :   200.7 secs   av.it.:   6.1
      thresh= 1.000E-02 alpha_mix =  0.700 |ddv_scf|^2 =  2.591E-04

      iter #   2 total cpu time :   201.0 secs   av.it.:   7.8
      thresh= 1.610E-03 alpha_mix =  0.700 |ddv_scf|^2 =  4.936E-04

      iter #   3 total cpu time :   201.3 secs   av.it.:   7.0
      thresh= 2.222E-03 alpha_mix =  0.700 |ddv_scf|^2 =  5.066E-07

      iter #   4 total cpu time :   201.6 secs   av.it.:   8.0
      thresh= 7.117E-05 alpha_mix =  0.700 |ddv_scf|^2 =  5.587E-08

      iter #   5 total cpu time :   201.9 secs   av.it.:   8.0
      thresh= 2.364E-05 alpha_mix =  0.700 |ddv_scf|^2 =  2.103E-09

      iter #   6 total cpu time :   202.2 secs   av.it.:   8.1
      thresh= 4.586E-06 alpha_mix =  0.700 |ddv_scf|^2 =  1.702E-11

      iter #   7 total cpu time :   202.5 secs   av.it.:   7.6
      thresh= 4.125E-07 alpha_mix =  0.700 |ddv_scf|^2 =  9.565E-13

      iter #   8 total cpu time :   202.8 secs   av.it.:   7.4
      thresh= 9.780E-08 alpha_mix =  0.700 |ddv_scf|^2 =  6.009E-14

      iter #   9 total cpu time :   203.1 secs   av.it.:   7.7
      thresh= 2.451E-08 alpha_mix =  0.700 |ddv_scf|^2 =  8.932E-14

      iter #  10 total cpu time :   203.3 secs   av.it.:   7.0
      thresh= 2.989E-08 alpha_mix =  0.700 |ddv_scf|^2 =  8.562E-16

     End of self-consistent calculation

     Convergence has been achieved 


     Representation #   2 mode #   2

     Self-consistent Calculation

      iter #   1 total cpu time :   203.6 secs   av.it.:   6.2
      thresh= 1.000E-02 alpha_mix =  0.700 |ddv_scf|^2 =  3.020E-04

      iter #   2 total cpu time :   203.9 secs   av.it.:   7.8
      thresh= 1.738E-03 alpha_mix =  0.700 |ddv_scf|^2 =  5.777E-04

      iter #   3 total cpu time :   204.2 secs   av.it.:   7.0
      thresh= 2.404E-03 alpha_mix =  0.700 |ddv_scf|^2 =  5.509E-07

      iter #   4 total cpu time :   204.5 secs   av.it.:   8.0
      thresh= 7.422E-05 alpha_mix =  0.700 |ddv_scf|^2 =  5.965E-08

      iter #   5 total cpu time :   204.8 secs   av.it.:   8.0
      thresh= 2.442E-05 alpha_mix =  0.700 |ddv_scf|^2 =  2.075E-09

      iter #   6 total cpu time :   205.1 secs   av.it.:   8.1
      thresh= 4.555E-06 alpha_mix =  0.700 |ddv_scf|^2 =  1.998E-11

      iter #   7 total cpu time :   205.4 secs   av.it.:   7.6
      thresh= 4.470E-07 alpha_mix =  0.700 |ddv_scf|^2 =  1.002E-12

      iter #   8 total cpu time :   205.7 secs   av.it.:   7.4
      thresh= 1.001E-07 alpha_mix =  0.700 |ddv_scf|^2 =  4.332E-14

      iter #   9 total cpu time :   206.0 secs   av.it.:   7.7
      thresh= 2.081E-08 alpha_mix =  0.700 |ddv_scf|^2 =  6.718E-14

      iter #  10 total cpu time :   206.2 secs   av.it.:   7.0
      thresh= 2.592E-08 alpha_mix =  0.700 |ddv_scf|^2 =  7.877E-16

     End of self-consistent calculation

     Convergence has been achieved 


     Representation #   3 mode #   3

     Self-consistent Calculation

      iter #   1 total cpu time :   206.5 secs   av.it.:   6.1
      thresh= 1.000E-02 alpha_mix =  0.700 |ddv_scf|^2 =  1.531E-04

      iter #   2 total cpu time :   206.8 secs   av.it.:   7.9
      thresh= 1.237E-03 alpha_mix =  0.700 |ddv_scf|^2 =  2.852E-04

      iter #   3 total cpu time :   207.1 secs   av.it.:   7.0
      thresh= 1.689E-03 alpha_mix =  0.700 |ddv_scf|^2 =  4.066E-07

      iter #   4 total cpu time :   207.4 secs   av.it.:   8.0
      thresh= 6.376E-05 alpha_mix =  0.700 |ddv_scf|^2 =  4.099E-08

      iter #   5 total cpu time :   207.7 secs   av.it.:   8.0
      thresh= 2.025E-05 alpha_mix =  0.700 |ddv_scf|^2 =  2.414E-09

      iter #   6 total cpu time :   208.0 secs   av.it.:   8.1
      thresh= 4.913E-06 alpha_mix =  0.700 |ddv_scf|^2 =  1.216E-11

      iter #   7 total cpu time :   208.3 secs   av.it.:   7.5
      thresh= 3.487E-07 alpha_mix =  0.700 |ddv_scf|^2 =  8.298E-13

      iter #   8 total cpu time :   208.6 secs   av.it.:   7.4
      thresh= 9.109E-08 alpha_mix =  0.700 |ddv_scf|^2 =  1.000E-14

     End of self-consistent calculation

     Convergence has been achieved 


     Representation #   4 mode #   4

     Self-consistent Calculation

      iter #   1 total cpu time :   208.9 secs   av.it.:   6.1
      thresh= 1.000E-02 alpha_mix =  0.700 |ddv_scf|^2 =  1.101E-04

      iter #   2 total cpu time :   209.2 secs   av.it.:   7.9
      thresh= 1.049E-03 alpha_mix =  0.700 |ddv_scf|^2 =  2.009E-04

      iter #   3 total cpu time :   209.5 secs   av.it.:   7.0
      thresh= 1.417E-03 alpha_mix =  0.700 |ddv_scf|^2 =  3.788E-07

      iter #   4 total cpu time :   209.8 secs   av.it.:   8.0
      thresh= 6.155E-05 alpha_mix =  0.700 |ddv_scf|^2 =  3.341E-08

      iter #   5 total cpu time :   210.1 secs   av.it.:   8.0
      thresh= 1.828E-05 alpha_mix =  0.700 |ddv_scf|^2 =  2.656E-09

      iter #   6 total cpu time :   210.4 secs   av.it.:   8.1
      thresh= 5.153E-06 alpha_mix =  0.700 |ddv_scf|^2 =  1.069E-11

      iter #   7 total cpu time :   210.6 secs   av.it.:   7.5
      thresh= 3.270E-07 alpha_mix =  0.700 |ddv_scf|^2 =  7.779E-13

      iter #   8 total cpu time :   210.9 secs   av.it.:   7.3
      thresh= 8.820E-08 alpha_mix =  0.700 |ddv_scf|^2 =  9.813E-15

     End of self-consistent calculation

     Convergence has been achieved 


     Representation #   5 mode #   5

     Self-consistent Calculation

      iter #   1 total cpu time :   211.2 secs   av.it.:   5.9
      thresh= 1.000E-02 alpha_mix =  0.700 |ddv_scf|^2 =  8.159E-06

      iter #   2 total cpu time :   211.5 secs   av.it.:   7.9
      thresh= 2.856E-04 alpha_mix =  0.700 |ddv_scf|^2 =  1.691E-07

      iter #   3 total cpu time :   211.8 secs   av.it.:   7.8
      thresh= 4.112E-05 alpha_mix =  0.700 |ddv_scf|^2 =  1.179E-08

      iter #   4 total cpu time :   212.1 secs   av.it.:   7.6
      thresh= 1.086E-05 alpha_mix =  0.700 |ddv_scf|^2 =  4.892E-11

      iter #   5 total cpu time :   212.4 secs   av.it.:   7.5
      thresh= 6.994E-07 alpha_mix =  0.700 |ddv_scf|^2 =  4.350E-13

      iter #   6 total cpu time :   212.6 secs   av.it.:   7.6
      thresh= 6.596E-08 alpha_mix =  0.700 |ddv_scf|^2 =  8.256E-16

     End of self-consistent calculation

     Convergence has been achieved 


     Representation #   6 mode #   6

     Self-consistent Calculation

      iter #   1 total cpu time :   212.9 secs   av.it.:   5.9
      thresh= 1.000E-02 alpha_mix =  0.700 |ddv_scf|^2 =  8.160E-06

      iter #   2 total cpu time :   213.2 secs   av.it.:   7.9
      thresh= 2.857E-04 alpha_mix =  0.700 |ddv_scf|^2 =  1.691E-07

      iter #   3 total cpu time :   213.5 secs   av.it.:   7.8
      thresh= 4.113E-05 alpha_mix =  0.700 |ddv_scf|^2 =  1.179E-08

      iter #   4 total cpu time :   213.8 secs   av.it.:   7.6
      thresh= 1.086E-05 alpha_mix =  0.700 |ddv_scf|^2 =  4.892E-11

      iter #   5 total cpu time :   214.1 secs   av.it.:   7.5
      thresh= 6.995E-07 alpha_mix =  0.700 |ddv_scf|^2 =  4.352E-13

      iter #   6 total cpu time :   214.4 secs   av.it.:   7.6
      thresh= 6.597E-08 alpha_mix =  0.700 |ddv_scf|^2 =  8.260E-16

     End of self-consistent calculation

     Convergence has been achieved 
 
     Number of q in the star =    3
     List of q in the star:
          1   0.000000000   0.471404521   0.000000000
          2   0.000000000   0.000000000   0.471404521
          3  -0.471404521   0.000000000   0.000000000
     In addition there is the -q list: 
          1   0.000000000  -0.471404521   0.000000000
          2   0.000000000   0.000000000  -0.471404521
          3   0.471404521   0.000000000   0.000000000

     Diagonalizing the dynamical matrix

     q = (    0.000000000   0.471404521   0.000000000 ) 

 **************************************************************************
     freq (    1) =      19.496588 [THz] =     650.336180 [cm-1]
     freq (    2) =      19.522673 [THz] =     651.206279 [cm-1]
     freq (    3) =      28.037734 [THz] =     935.238133 [cm-1]
     freq (    4) =      33.894568 [THz] =    1130.601083 [cm-1]
     freq (    5) =      34.047064 [THz] =    1135.687813 [cm-1]
     freq (    6) =      38.902987 [THz] =    1297.663960 [cm-1]
 **************************************************************************

     Mode symmetry, C_s (m)     point group:

     freq (   1-   1) =        650.3  [cm-1]   --> A'                 
     freq (   2-   2) =        651.2  [cm-1]   --> A''                
     freq (   3-   3) =        935.2  [cm-1]   --> A'                 
     freq (   4-   4) =       1130.6  [cm-1]   --> A'                 
     freq (   5-   5) =       1135.7  [cm-1]   --> A''                
     freq (   6-   6) =       1297.7  [cm-1]   --> A'                 

     Calculation of q =    0.5892557  -0.1178511   0.5892557
 
     Parallelization info
     --------------------
     sticks:   dense  smooth     PW     G-vecs:    dense   smooth      PW
     Min          40      40     17                  445      445     133
     Max          41      41     18                  447      447     137
     Sum         283     283    121                 3119     3119     941
 
     Using Slab Decomposition
 

     Title: 
     default                                                                    


     bravais-lattice index     =            0
     lattice parameter (alat)  =       4.7733  a.u.
     unit-cell volume          =      76.9035 (a.u.)^3
     number of atoms/cell      =            2
     number of atomic types    =            1
     number of electrons       =         8.00
     number of Kohn-Sham states=            8
     kinetic-energy cutoff     =      45.0000  Ry
     charge density cutoff     =     180.0000  Ry
     Exchange-correlation= PBE
                           (   1   4   3   4   0   0   0)

     celldm(1)=   4.773317  celldm(2)=   0.000000  celldm(3)=   0.000000
     celldm(4)=   0.000000  celldm(5)=   0.000000  celldm(6)=   0.000000

     crystal axes: (cart. coord. in units of alat)
               a(1) = (  -0.707107   0.000000   0.707107 )  
               a(2) = (   0.000000   0.707107   0.707107 )  
               a(3) = (  -0.707107   0.707107   0.000000 )  

     reciprocal axes: (cart. coord. in units 2 pi/alat)
               b(1) = ( -0.707107 -0.707107  0.707107 )  
               b(2) = (  0.707107  0.707107  0.707107 )  
               b(3) = ( -0.707107  0.707107 -0.707107 )  


     PseudoPot. # 1 for C  read from file:
     ../../pseudos/C.pbe-n-kjpaw_psl.1.0.0.UPF
     MD5 check sum: 5f16ad9a65e90284d1d834d4ab3b0f7d
     Pseudo is Projector augmented-wave + core cor, Zval =  4.0
     Generated using &quot;atomic&quot; code by A. Dal Corso  v.6.3
     Shape of augmentation charge: PSQ
     Using radial grid of 1073 points,  4 beta functions with: 
                l(1) =   0
                l(2) =   0
                l(3) =   1
                l(4) =   1
     Q(r) pseudized with 0 coefficients 


     atomic species   valence    mass     pseudopotential
     C                 4.00    12.01070     C ( 1.00)

      6 Sym. Ops. (no inversion) found



   Cartesian axes

     site n.     atom                  positions (alat units)
         1        C      tau(   1) = (   0.0000000   0.0000000   0.0000000  )
         2        C      tau(   2) = (  -0.3541036   0.3541036   0.3541036  )

     number of k points=  1024

     Number of k-points >= 100: set verbosity='high' to print them.

     Dense  grid:     3119 G-vectors     FFT dimensions: (  24,  24,  24)

     Estimated max dynamical RAM per process >       0.70 MB

     Estimated total dynamical RAM >      19.48 MB

     Check: negative core charge=   -0.000077

     The potential is recalculated from file :
     ../tmp/_ph0/diamond.save/charge-density

     Starting wfcs are    8 atomic wfcs
     Checking if some PAW data can be deallocated... 

     Band Structure Calculation
     Davidson diagonalization with overlap

     ethr =  1.25E-10,  avg # of iterations = 10.4

     total cpu time spent up to now is       17.4 secs

     End of band structure calculation

     Number of k-points >= 100: set verbosity='high' to print the bands.

     highest occupied, lowest unoccupied level (ev):    13.31233097   17.40873064

     Writing config to output data dir ../tmp/_ph0/diamond.save/ :
     XML data file

     default                                                                    

     bravais-lattice index     =            0
     lattice parameter (alat)  =       4.7733  a.u.
     unit-cell volume          =      76.9035 (a.u.)^3
     number of atoms/cell      =            2
     number of atomic types    =            1
     kinetic-energy cut-off    =      45.0000  Ry
     charge density cut-off    =     180.0000  Ry
     convergence threshold     =      1.0E-14
     beta                      =       0.7000
     number of iterations used =            4
     Exchange-correlation= PBE
                           (   1   4   3   4   0   0   0)


     celldm(1)=    4.77332  celldm(2)=    0.00000  celldm(3)=    0.00000
     celldm(4)=    0.00000  celldm(5)=    0.00000  celldm(6)=    0.00000

     crystal axes: (cart. coord. in units of alat)
               a(1) = ( -0.7071  0.0000  0.7071 )  
               a(2) = (  0.0000  0.7071  0.7071 )  
               a(3) = ( -0.7071  0.7071  0.0000 )  

     reciprocal axes: (cart. coord. in units 2 pi/alat)
               b(1) = ( -0.7071 -0.7071  0.7071 )  
               b(2) = (  0.7071  0.7071  0.7071 )  
               b(3) = ( -0.7071  0.7071 -0.7071 )  


     Atoms inside the unit cell: 

     Cartesian axes

     site n.  atom      mass           positions (alat units)
        1  C      12.0107   tau(    1) = (    0.00000    0.00000    0.00000  )
        2  C      12.0107   tau(    2) = (   -0.35410    0.35410    0.35410  )

     Computing dynamical matrix for 
                    q = (   0.5892557  -0.1178511   0.5892557 )
 
     No symmetry!

     G cutoff =  103.8851  (    447 G-vectors)     FFT grid: ( 24, 24, 24)
     number of k points=  1024

     PseudoPot. # 1 for C  read from file:
     ../../pseudos/C.pbe-n-kjpaw_psl.1.0.0.UPF
     MD5 check sum: 5f16ad9a65e90284d1d834d4ab3b0f7d
     Pseudo is Projector augmented-wave + core cor, Zval =  4.0
     Generated using &quot;atomic&quot; code by A. Dal Corso  v.6.3
     Shape of augmentation charge: PSQ
     Using radial grid of 1073 points,  4 beta functions with: 
                l(1) =   0
                l(2) =   0
                l(3) =   1
                l(4) =   1
     Q(r) pseudized with 0 coefficients 


     Mode symmetry, C_1 (1)     point group:


     Atomic displacements:
     There are    6 irreducible representations

     Representation     1      1 modes -  To be done

     Representation     2      1 modes -  To be done

     Representation     3      1 modes -  To be done

     Representation     4      1 modes -  To be done

     Representation     5      1 modes -  To be done

     Representation     6      1 modes -  To be done



     Alpha used in Ewald sum =   1.9000
     PHONON       :   2m29.95s CPU   3m37.46s WALL



     Representation #   1 mode #   1

     Self-consistent Calculation

      iter #   1 total cpu time :   217.9 secs   av.it.:   6.1
      thresh= 1.000E-02 alpha_mix =  0.700 |ddv_scf|^2 =  9.934E-05

      iter #   2 total cpu time :   218.4 secs   av.it.:   8.3
      thresh= 9.967E-04 alpha_mix =  0.700 |ddv_scf|^2 =  8.251E-05

      iter #   3 total cpu time :   218.8 secs   av.it.:   7.8
      thresh= 9.084E-04 alpha_mix =  0.700 |ddv_scf|^2 =  5.927E-07

      iter #   4 total cpu time :   219.3 secs   av.it.:   8.0
      thresh= 7.699E-05 alpha_mix =  0.700 |ddv_scf|^2 =  3.016E-08

      iter #   5 total cpu time :   219.8 secs   av.it.:   8.2
      thresh= 1.737E-05 alpha_mix =  0.700 |ddv_scf|^2 =  4.628E-09

      iter #   6 total cpu time :   220.3 secs   av.it.:   8.1
      thresh= 6.803E-06 alpha_mix =  0.700 |ddv_scf|^2 =  3.701E-11

      iter #   7 total cpu time :   220.7 secs   av.it.:   7.9
      thresh= 6.084E-07 alpha_mix =  0.700 |ddv_scf|^2 =  1.219E-12

      iter #   8 total cpu time :   221.2 secs   av.it.:   7.6
      thresh= 1.104E-07 alpha_mix =  0.700 |ddv_scf|^2 =  1.343E-13

      iter #   9 total cpu time :   221.7 secs   av.it.:   8.1
      thresh= 3.664E-08 alpha_mix =  0.700 |ddv_scf|^2 =  1.031E-13

      iter #  10 total cpu time :   222.1 secs   av.it.:   7.7
      thresh= 3.211E-08 alpha_mix =  0.700 |ddv_scf|^2 =  3.015E-15

     End of self-consistent calculation

     Convergence has been achieved 


     Representation #   2 mode #   2

     Self-consistent Calculation

      iter #   1 total cpu time :   222.6 secs   av.it.:   6.1
      thresh= 1.000E-02 alpha_mix =  0.700 |ddv_scf|^2 =  6.168E-05

      iter #   2 total cpu time :   223.1 secs   av.it.:   8.4
      thresh= 7.853E-04 alpha_mix =  0.700 |ddv_scf|^2 =  5.198E-05

      iter #   3 total cpu time :   223.5 secs   av.it.:   7.8
      thresh= 7.210E-04 alpha_mix =  0.700 |ddv_scf|^2 =  3.667E-07

      iter #   4 total cpu time :   224.0 secs   av.it.:   8.1
      thresh= 6.056E-05 alpha_mix =  0.700 |ddv_scf|^2 =  4.140E-08

      iter #   5 total cpu time :   224.5 secs   av.it.:   8.1
      thresh= 2.035E-05 alpha_mix =  0.700 |ddv_scf|^2 =  1.976E-09

      iter #   6 total cpu time :   225.0 secs   av.it.:   8.1
      thresh= 4.445E-06 alpha_mix =  0.700 |ddv_scf|^2 =  1.968E-11

      iter #   7 total cpu time :   225.4 secs   av.it.:   8.0
      thresh= 4.436E-07 alpha_mix =  0.700 |ddv_scf|^2 =  1.072E-12

      iter #   8 total cpu time :   225.9 secs   av.it.:   8.0
      thresh= 1.035E-07 alpha_mix =  0.700 |ddv_scf|^2 =  1.473E-13

      iter #   9 total cpu time :   226.4 secs   av.it.:   7.9
      thresh= 3.837E-08 alpha_mix =  0.700 |ddv_scf|^2 =  1.569E-14

      iter #  10 total cpu time :   226.8 secs   av.it.:   7.9
      thresh= 1.253E-08 alpha_mix =  0.700 |ddv_scf|^2 =  1.915E-15

     End of self-consistent calculation

     Convergence has been achieved 


     Representation #   3 mode #   3

     Self-consistent Calculation

      iter #   1 total cpu time :   227.3 secs   av.it.:   6.0
      thresh= 1.000E-02 alpha_mix =  0.700 |ddv_scf|^2 =  2.590E-05

      iter #   2 total cpu time :   227.8 secs   av.it.:   8.4
      thresh= 5.090E-04 alpha_mix =  0.700 |ddv_scf|^2 =  1.544E-05

      iter #   3 total cpu time :   228.3 secs   av.it.:   7.9
      thresh= 3.930E-04 alpha_mix =  0.700 |ddv_scf|^2 =  5.031E-07

      iter #   4 total cpu time :   228.7 secs   av.it.:   7.9
      thresh= 7.093E-05 alpha_mix =  0.700 |ddv_scf|^2 =  1.675E-08

      iter #   5 total cpu time :   229.2 secs   av.it.:   8.3
      thresh= 1.294E-05 alpha_mix =  0.700 |ddv_scf|^2 =  3.552E-09

      iter #   6 total cpu time :   229.7 secs   av.it.:   8.1
      thresh= 5.960E-06 alpha_mix =  0.700 |ddv_scf|^2 =  5.509E-11

      iter #   7 total cpu time :   230.2 secs   av.it.:   8.2
      thresh= 7.422E-07 alpha_mix =  0.700 |ddv_scf|^2 =  1.429E-12

      iter #   8 total cpu time :   230.7 secs   av.it.:   7.9
      thresh= 1.195E-07 alpha_mix =  0.700 |ddv_scf|^2 =  1.079E-13

      iter #   9 total cpu time :   231.1 secs   av.it.:   7.8
      thresh= 3.285E-08 alpha_mix =  0.700 |ddv_scf|^2 =  1.166E-14

      iter #  10 total cpu time :   231.6 secs   av.it.:   8.1
      thresh= 1.080E-08 alpha_mix =  0.700 |ddv_scf|^2 =  3.462E-15

     End of self-consistent calculation

     Convergence has been achieved 


     Representation #   4 mode #   4

     Self-consistent Calculation

      iter #   1 total cpu time :   232.1 secs   av.it.:   6.1
      thresh= 1.000E-02 alpha_mix =  0.700 |ddv_scf|^2 =  6.936E-05

      iter #   2 total cpu time :   232.5 secs   av.it.:   8.3
      thresh= 8.329E-04 alpha_mix =  0.700 |ddv_scf|^2 =  5.669E-05

      iter #   3 total cpu time :   233.0 secs   av.it.:   7.7
      thresh= 7.529E-04 alpha_mix =  0.700 |ddv_scf|^2 =  4.467E-07

      iter #   4 total cpu time :   233.5 secs   av.it.:   8.0
      thresh= 6.684E-05 alpha_mix =  0.700 |ddv_scf|^2 =  2.760E-08

      iter #   5 total cpu time :   234.0 secs   av.it.:   8.2
      thresh= 1.661E-05 alpha_mix =  0.700 |ddv_scf|^2 =  3.610E-09

      iter #   6 total cpu time :   234.4 secs   av.it.:   8.1
      thresh= 6.009E-06 alpha_mix =  0.700 |ddv_scf|^2 =  4.680E-11

      iter #   7 total cpu time :   234.9 secs   av.it.:   8.1
      thresh= 6.841E-07 alpha_mix =  0.700 |ddv_scf|^2 =  1.347E-12

      iter #   8 total cpu time :   235.4 secs   av.it.:   7.8
      thresh= 1.161E-07 alpha_mix =  0.700 |ddv_scf|^2 =  9.742E-14

      iter #   9 total cpu time :   235.9 secs   av.it.:   8.0
      thresh= 3.121E-08 alpha_mix =  0.700 |ddv_scf|^2 =  3.172E-14

      iter #  10 total cpu time :   236.3 secs   av.it.:   7.9
      thresh= 1.781E-08 alpha_mix =  0.700 |ddv_scf|^2 =  5.356E-15

     End of self-consistent calculation

     Convergence has been achieved 


     Representation #   5 mode #   5

     Self-consistent Calculation

      iter #   1 total cpu time :   236.8 secs   av.it.:   6.0
      thresh= 1.000E-02 alpha_mix =  0.700 |ddv_scf|^2 =  2.642E-05

      iter #   2 total cpu time :   237.3 secs   av.it.:   8.2
      thresh= 5.140E-04 alpha_mix =  0.700 |ddv_scf|^2 =  9.607E-06

      iter #   3 total cpu time :   237.7 secs   av.it.:   7.9
      thresh= 3.100E-04 alpha_mix =  0.700 |ddv_scf|^2 =  7.514E-07

      iter #   4 total cpu time :   238.2 secs   av.it.:   7.8
      thresh= 8.668E-05 alpha_mix =  0.700 |ddv_scf|^2 =  1.328E-08

      iter #   5 total cpu time :   238.7 secs   av.it.:   8.1
      thresh= 1.152E-05 alpha_mix =  0.700 |ddv_scf|^2 =  1.641E-09

      iter #   6 total cpu time :   239.1 secs   av.it.:   8.1
      thresh= 4.052E-06 alpha_mix =  0.700 |ddv_scf|^2 =  8.853E-11

      iter #   7 total cpu time :   239.6 secs   av.it.:   8.0
      thresh= 9.409E-07 alpha_mix =  0.700 |ddv_scf|^2 =  1.216E-12

      iter #   8 total cpu time :   240.1 secs   av.it.:   7.8
      thresh= 1.103E-07 alpha_mix =  0.700 |ddv_scf|^2 =  4.194E-14

      iter #   9 total cpu time :   240.5 secs   av.it.:   7.9
      thresh= 2.048E-08 alpha_mix =  0.700 |ddv_scf|^2 =  9.206E-16

     End of self-consistent calculation

     Convergence has been achieved 


     Representation #   6 mode #   6

     Self-consistent Calculation

      iter #   1 total cpu time :   241.0 secs   av.it.:   6.0
      thresh= 1.000E-02 alpha_mix =  0.700 |ddv_scf|^2 =  3.220E-05

      iter #   2 total cpu time :   241.5 secs   av.it.:   8.4
      thresh= 5.674E-04 alpha_mix =  0.700 |ddv_scf|^2 =  2.030E-05

      iter #   3 total cpu time :   242.0 secs   av.it.:   7.9
      thresh= 4.506E-04 alpha_mix =  0.700 |ddv_scf|^2 =  5.499E-07

      iter #   4 total cpu time :   242.4 secs   av.it.:   7.9
      thresh= 7.415E-05 alpha_mix =  0.700 |ddv_scf|^2 =  2.007E-08

      iter #   5 total cpu time :   242.9 secs   av.it.:   8.2
      thresh= 1.417E-05 alpha_mix =  0.700 |ddv_scf|^2 =  3.853E-09

      iter #   6 total cpu time :   243.4 secs   av.it.:   8.1
      thresh= 6.207E-06 alpha_mix =  0.700 |ddv_scf|^2 =  7.693E-11

      iter #   7 total cpu time :   243.9 secs   av.it.:   8.2
      thresh= 8.771E-07 alpha_mix =  0.700 |ddv_scf|^2 =  1.423E-12

      iter #   8 total cpu time :   244.4 secs   av.it.:   7.9
      thresh= 1.193E-07 alpha_mix =  0.700 |ddv_scf|^2 =  1.152E-13

      iter #   9 total cpu time :   244.8 secs   av.it.:   7.8
      thresh= 3.394E-08 alpha_mix =  0.700 |ddv_scf|^2 =  1.266E-14

      iter #  10 total cpu time :   245.3 secs   av.it.:   8.0
      thresh= 1.125E-08 alpha_mix =  0.700 |ddv_scf|^2 =  2.103E-15

     End of self-consistent calculation

     Convergence has been achieved 
 
     Number of q in the star =    6
     List of q in the star:
          1   0.589255651  -0.117851130   0.589255651
          2  -0.589255651  -0.117851130  -0.589255651
          3  -0.589255651  -0.589255651  -0.117851130
          4   0.117851130   0.589255651  -0.589255651
          5   0.117851130  -0.589255651   0.589255651
          6   0.589255651   0.589255651  -0.117851130
     In addition there is the -q list: 
          1  -0.589255651   0.117851130  -0.589255651
          2   0.589255651   0.117851130   0.589255651
          3   0.589255651   0.589255651   0.117851130
          4  -0.117851130  -0.589255651   0.589255651
          5  -0.117851130   0.589255651  -0.589255651
          6  -0.589255651  -0.589255651   0.117851130

     Diagonalizing the dynamical matrix

     q = (    0.589255651  -0.117851130   0.589255651 ) 

 **************************************************************************
     freq (    1) =      21.859141 [THz] =     729.142459 [cm-1]
     freq (    2) =      25.044360 [THz] =     835.389921 [cm-1]
     freq (    3) =      29.980283 [THz] =    1000.034611 [cm-1]
     freq (    4) =      32.538869 [THz] =    1085.379828 [cm-1]
     freq (    5) =      33.669711 [THz] =    1123.100667 [cm-1]
     freq (    6) =      36.947466 [THz] =    1232.434821 [cm-1]
 **************************************************************************

     Mode symmetry, C_1 (1)     point group:

     freq (   1-   1) =        729.1  [cm-1]   --> A                  
     freq (   2-   2) =        835.4  [cm-1]   --> A                  
     freq (   3-   3) =       1000.0  [cm-1]   --> A                  
     freq (   4-   4) =       1085.4  [cm-1]   --> A                  
     freq (   5-   5) =       1123.1  [cm-1]   --> A                  
     freq (   6-   6) =       1232.4  [cm-1]   --> A                  

     Calculation of q =    0.4714045  -0.0000000   0.4714045
 
     Parallelization info
     --------------------
     sticks:   dense  smooth     PW     G-vecs:    dense   smooth      PW
     Min          40      40     17                  445      445     127
     Max          41      41     18                  447      447     129
     Sum         283     283    121                 3119     3119     893
 
     Using Slab Decomposition
 

     Title: 
     default                                                                    


     bravais-lattice index     =            0
     lattice parameter (alat)  =       4.7733  a.u.
     unit-cell volume          =      76.9035 (a.u.)^3
     number of atoms/cell      =            2
     number of atomic types    =            1
     number of electrons       =         8.00
     number of Kohn-Sham states=            8
     kinetic-energy cutoff     =      45.0000  Ry
     charge density cutoff     =     180.0000  Ry
     Exchange-correlation= PBE
                           (   1   4   3   4   0   0   0)

     celldm(1)=   4.773317  celldm(2)=   0.000000  celldm(3)=   0.000000
     celldm(4)=   0.000000  celldm(5)=   0.000000  celldm(6)=   0.000000

     crystal axes: (cart. coord. in units of alat)
               a(1) = (  -0.707107   0.000000   0.707107 )  
               a(2) = (   0.000000   0.707107   0.707107 )  
               a(3) = (  -0.707107   0.707107   0.000000 )  

     reciprocal axes: (cart. coord. in units 2 pi/alat)
               b(1) = ( -0.707107 -0.707107  0.707107 )  
               b(2) = (  0.707107  0.707107  0.707107 )  
               b(3) = ( -0.707107  0.707107 -0.707107 )  


     PseudoPot. # 1 for C  read from file:
     ../../pseudos/C.pbe-n-kjpaw_psl.1.0.0.UPF
     MD5 check sum: 5f16ad9a65e90284d1d834d4ab3b0f7d
     Pseudo is Projector augmented-wave + core cor, Zval =  4.0
     Generated using &quot;atomic&quot; code by A. Dal Corso  v.6.3
     Shape of augmentation charge: PSQ
     Using radial grid of 1073 points,  4 beta functions with: 
                l(1) =   0
                l(2) =   0
                l(3) =   1
                l(4) =   1
     Q(r) pseudized with 0 coefficients 


     atomic species   valence    mass     pseudopotential
     C                 4.00    12.01070     C ( 1.00)

      6 Sym. Ops. (no inversion) found



   Cartesian axes

     site n.     atom                  positions (alat units)
         1        C      tau(   1) = (   0.0000000   0.0000000   0.0000000  )
         2        C      tau(   2) = (  -0.3541036   0.3541036   0.3541036  )

     number of k points=  1024

     Number of k-points >= 100: set verbosity='high' to print them.

     Dense  grid:     3119 G-vectors     FFT dimensions: (  24,  24,  24)

     Estimated max dynamical RAM per process >       0.69 MB

     Estimated total dynamical RAM >      19.33 MB

     Check: negative core charge=   -0.000077

     The potential is recalculated from file :
     ../tmp/_ph0/diamond.save/charge-density

     Starting wfcs are    8 atomic wfcs
     Checking if some PAW data can be deallocated... 

     Band Structure Calculation
     Davidson diagonalization with overlap

     ethr =  1.25E-10,  avg # of iterations = 10.5

     total cpu time spent up to now is       19.8 secs

     End of band structure calculation

     Number of k-points >= 100: set verbosity='high' to print the bands.

     highest occupied, lowest unoccupied level (ev):    13.31233097   17.40873064

     Writing config to output data dir ../tmp/_ph0/diamond.save/ :
     XML data file

     default                                                                    

     bravais-lattice index     =            0
     lattice parameter (alat)  =       4.7733  a.u.
     unit-cell volume          =      76.9035 (a.u.)^3
     number of atoms/cell      =            2
     number of atomic types    =            1
     kinetic-energy cut-off    =      45.0000  Ry
     charge density cut-off    =     180.0000  Ry
     convergence threshold     =      1.0E-14
     beta                      =       0.7000
     number of iterations used =            4
     Exchange-correlation= PBE
                           (   1   4   3   4   0   0   0)


     celldm(1)=    4.77332  celldm(2)=    0.00000  celldm(3)=    0.00000
     celldm(4)=    0.00000  celldm(5)=    0.00000  celldm(6)=    0.00000

     crystal axes: (cart. coord. in units of alat)
               a(1) = ( -0.7071  0.0000  0.7071 )  
               a(2) = (  0.0000  0.7071  0.7071 )  
               a(3) = ( -0.7071  0.7071  0.0000 )  

     reciprocal axes: (cart. coord. in units 2 pi/alat)
               b(1) = ( -0.7071 -0.7071  0.7071 )  
               b(2) = (  0.7071  0.7071  0.7071 )  
               b(3) = ( -0.7071  0.7071 -0.7071 )  


     Atoms inside the unit cell: 

     Cartesian axes

     site n.  atom      mass           positions (alat units)
        1  C      12.0107   tau(    1) = (    0.00000    0.00000    0.00000  )
        2  C      12.0107   tau(    2) = (   -0.35410    0.35410    0.35410  )

     Computing dynamical matrix for 
                    q = (   0.4714045  -0.0000000   0.4714045 )
 
     No symmetry!

     G cutoff =  103.8851  (    447 G-vectors)     FFT grid: ( 24, 24, 24)
     number of k points=  1024

     PseudoPot. # 1 for C  read from file:
     ../../pseudos/C.pbe-n-kjpaw_psl.1.0.0.UPF
     MD5 check sum: 5f16ad9a65e90284d1d834d4ab3b0f7d
     Pseudo is Projector augmented-wave + core cor, Zval =  4.0
     Generated using &quot;atomic&quot; code by A. Dal Corso  v.6.3
     Shape of augmentation charge: PSQ
     Using radial grid of 1073 points,  4 beta functions with: 
                l(1) =   0
                l(2) =   0
                l(3) =   1
                l(4) =   1
     Q(r) pseudized with 0 coefficients 


     Mode symmetry, C_1 (1)     point group:


     Atomic displacements:
     There are    6 irreducible representations

     Representation     1      1 modes -  To be done

     Representation     2      1 modes -  To be done

     Representation     3      1 modes -  To be done

     Representation     4      1 modes -  To be done

     Representation     5      1 modes -  To be done

     Representation     6      1 modes -  To be done



     Alpha used in Ewald sum =   1.9000
     PHONON       :   2m52.37s CPU   4m 8.59s WALL



     Representation #   1 mode #   1

     Self-consistent Calculation

      iter #   1 total cpu time :   249.0 secs   av.it.:   6.1
      thresh= 1.000E-02 alpha_mix =  0.700 |ddv_scf|^2 =  6.371E-05

      iter #   2 total cpu time :   249.5 secs   av.it.:   8.4
      thresh= 7.982E-04 alpha_mix =  0.700 |ddv_scf|^2 =  3.302E-05

      iter #   3 total cpu time :   250.0 secs   av.it.:   8.0
      thresh= 5.746E-04 alpha_mix =  0.700 |ddv_scf|^2 =  5.017E-07

      iter #   4 total cpu time :   250.4 secs   av.it.:   8.0
      thresh= 7.083E-05 alpha_mix =  0.700 |ddv_scf|^2 =  1.066E-08

      iter #   5 total cpu time :   250.9 secs   av.it.:   8.0
      thresh= 1.032E-05 alpha_mix =  0.700 |ddv_scf|^2 =  3.913E-10

      iter #   6 total cpu time :   251.4 secs   av.it.:   8.4
      thresh= 1.978E-06 alpha_mix =  0.700 |ddv_scf|^2 =  1.529E-10

      iter #   7 total cpu time :   251.9 secs   av.it.:   8.0
      thresh= 1.236E-06 alpha_mix =  0.700 |ddv_scf|^2 =  1.884E-12

      iter #   8 total cpu time :   252.3 secs   av.it.:   7.7
      thresh= 1.373E-07 alpha_mix =  0.700 |ddv_scf|^2 =  1.528E-13

      iter #   9 total cpu time :   252.8 secs   av.it.:   8.0
      thresh= 3.909E-08 alpha_mix =  0.700 |ddv_scf|^2 =  4.058E-14

      iter #  10 total cpu time :   253.3 secs   av.it.:   8.1
      thresh= 2.014E-08 alpha_mix =  0.700 |ddv_scf|^2 =  2.914E-15

     End of self-consistent calculation

     Convergence has been achieved 


     Representation #   2 mode #   2

     Self-consistent Calculation

      iter #   1 total cpu time :   253.8 secs   av.it.:   6.1
      thresh= 1.000E-02 alpha_mix =  0.700 |ddv_scf|^2 =  4.811E-05

      iter #   2 total cpu time :   254.2 secs   av.it.:   8.5
      thresh= 6.936E-04 alpha_mix =  0.700 |ddv_scf|^2 =  2.979E-05

      iter #   3 total cpu time :   254.7 secs   av.it.:   8.0
      thresh= 5.458E-04 alpha_mix =  0.700 |ddv_scf|^2 =  2.016E-07

      iter #   4 total cpu time :   255.2 secs   av.it.:   8.0
      thresh= 4.490E-05 alpha_mix =  0.700 |ddv_scf|^2 =  5.823E-09

      iter #   5 total cpu time :   255.7 secs   av.it.:   8.2
      thresh= 7.631E-06 alpha_mix =  0.700 |ddv_scf|^2 =  7.795E-10

      iter #   6 total cpu time :   256.2 secs   av.it.:   8.3
      thresh= 2.792E-06 alpha_mix =  0.700 |ddv_scf|^2 =  1.094E-10

      iter #   7 total cpu time :   256.7 secs   av.it.:   8.1
      thresh= 1.046E-06 alpha_mix =  0.700 |ddv_scf|^2 =  2.688E-12

      iter #   8 total cpu time :   257.1 secs   av.it.:   8.0
      thresh= 1.639E-07 alpha_mix =  0.700 |ddv_scf|^2 =  1.485E-13

      iter #   9 total cpu time :   257.6 secs   av.it.:   8.1
      thresh= 3.854E-08 alpha_mix =  0.700 |ddv_scf|^2 =  4.536E-14

      iter #  10 total cpu time :   258.1 secs   av.it.:   8.2
      thresh= 2.130E-08 alpha_mix =  0.700 |ddv_scf|^2 =  4.922E-15

     End of self-consistent calculation

     Convergence has been achieved 


     Representation #   3 mode #   3

     Self-consistent Calculation

      iter #   1 total cpu time :   258.5 secs   av.it.:   6.0
      thresh= 1.000E-02 alpha_mix =  0.700 |ddv_scf|^2 =  2.644E-05

      iter #   2 total cpu time :   259.0 secs   av.it.:   8.4
      thresh= 5.142E-04 alpha_mix =  0.700 |ddv_scf|^2 =  1.108E-05

      iter #   3 total cpu time :   259.5 secs   av.it.:   8.1
      thresh= 3.328E-04 alpha_mix =  0.700 |ddv_scf|^2 =  3.467E-07

      iter #   4 total cpu time :   260.0 secs   av.it.:   8.1
      thresh= 5.888E-05 alpha_mix =  0.700 |ddv_scf|^2 =  1.082E-08

      iter #   5 total cpu time :   260.5 secs   av.it.:   8.1
      thresh= 1.040E-05 alpha_mix =  0.700 |ddv_scf|^2 =  4.487E-10

      iter #   6 total cpu time :   260.9 secs   av.it.:   8.2
      thresh= 2.118E-06 alpha_mix =  0.700 |ddv_scf|^2 =  5.617E-11

      iter #   7 total cpu time :   261.4 secs   av.it.:   8.1
      thresh= 7.494E-07 alpha_mix =  0.700 |ddv_scf|^2 =  4.895E-12

      iter #   8 total cpu time :   261.9 secs   av.it.:   8.0
      thresh= 2.213E-07 alpha_mix =  0.700 |ddv_scf|^2 =  1.308E-13

      iter #   9 total cpu time :   262.4 secs   av.it.:   7.9
      thresh= 3.617E-08 alpha_mix =  0.700 |ddv_scf|^2 =  2.944E-14

      iter #  10 total cpu time :   262.8 secs   av.it.:   8.2
      thresh= 1.716E-08 alpha_mix =  0.700 |ddv_scf|^2 =  3.986E-15

     End of self-consistent calculation

     Convergence has been achieved 


     Representation #   4 mode #   4

     Self-consistent Calculation

      iter #   1 total cpu time :   263.3 secs   av.it.:   6.0
      thresh= 1.000E-02 alpha_mix =  0.700 |ddv_scf|^2 =  2.691E-05

      iter #   2 total cpu time :   263.8 secs   av.it.:   8.5
      thresh= 5.188E-04 alpha_mix =  0.700 |ddv_scf|^2 =  9.205E-06

      iter #   3 total cpu time :   264.3 secs   av.it.:   8.1
      thresh= 3.034E-04 alpha_mix =  0.700 |ddv_scf|^2 =  4.326E-07

      iter #   4 total cpu time :   264.7 secs   av.it.:   8.1
      thresh= 6.577E-05 alpha_mix =  0.700 |ddv_scf|^2 =  1.165E-08

      iter #   5 total cpu time :   265.2 secs   av.it.:   8.0
      thresh= 1.079E-05 alpha_mix =  0.700 |ddv_scf|^2 =  4.238E-10

      iter #   6 total cpu time :   265.7 secs   av.it.:   8.2
      thresh= 2.059E-06 alpha_mix =  0.700 |ddv_scf|^2 =  4.027E-11

      iter #   7 total cpu time :   266.2 secs   av.it.:   8.1
      thresh= 6.346E-07 alpha_mix =  0.700 |ddv_scf|^2 =  5.843E-12

      iter #   8 total cpu time :   266.7 secs   av.it.:   8.0
      thresh= 2.417E-07 alpha_mix =  0.700 |ddv_scf|^2 =  1.568E-13

      iter #   9 total cpu time :   267.1 secs   av.it.:   8.0
      thresh= 3.959E-08 alpha_mix =  0.700 |ddv_scf|^2 =  3.832E-14

      iter #  10 total cpu time :   267.6 secs   av.it.:   8.1
      thresh= 1.958E-08 alpha_mix =  0.700 |ddv_scf|^2 =  2.727E-15

     End of self-consistent calculation

     Convergence has been achieved 


     Representation #   5 mode #   5

     Self-consistent Calculation

      iter #   1 total cpu time :   268.1 secs   av.it.:   6.0
      thresh= 1.000E-02 alpha_mix =  0.700 |ddv_scf|^2 =  5.708E-05

      iter #   2 total cpu time :   268.5 secs   av.it.:   8.2
      thresh= 7.555E-04 alpha_mix =  0.700 |ddv_scf|^2 =  2.511E-05

      iter #   3 total cpu time :   269.0 secs   av.it.:   7.8
      thresh= 5.011E-04 alpha_mix =  0.700 |ddv_scf|^2 =  5.595E-07

      iter #   4 total cpu time :   269.5 secs   av.it.:   8.0
      thresh= 7.480E-05 alpha_mix =  0.700 |ddv_scf|^2 =  1.124E-08

      iter #   5 total cpu time :   270.0 secs   av.it.:   8.0
      thresh= 1.060E-05 alpha_mix =  0.700 |ddv_scf|^2 =  1.624E-10

      iter #   6 total cpu time :   270.5 secs   av.it.:   8.3
      thresh= 1.274E-06 alpha_mix =  0.700 |ddv_scf|^2 =  3.203E-11

      iter #   7 total cpu time :   270.9 secs   av.it.:   8.1
      thresh= 5.660E-07 alpha_mix =  0.700 |ddv_scf|^2 =  3.393E-12

      iter #   8 total cpu time :   271.4 secs   av.it.:   8.0
      thresh= 1.842E-07 alpha_mix =  0.700 |ddv_scf|^2 =  7.334E-14

      iter #   9 total cpu time :   271.9 secs   av.it.:   8.0
      thresh= 2.708E-08 alpha_mix =  0.700 |ddv_scf|^2 =  1.914E-14

      iter #  10 total cpu time :   272.3 secs   av.it.:   8.0
      thresh= 1.383E-08 alpha_mix =  0.700 |ddv_scf|^2 =  2.299E-15

     End of self-consistent calculation

     Convergence has been achieved 


     Representation #   6 mode #   6

     Self-consistent Calculation

      iter #   1 total cpu time :   272.8 secs   av.it.:   6.1
      thresh= 1.000E-02 alpha_mix =  0.700 |ddv_scf|^2 =  4.194E-05

      iter #   2 total cpu time :   273.3 secs   av.it.:   8.4
      thresh= 6.476E-04 alpha_mix =  0.700 |ddv_scf|^2 =  2.001E-05

      iter #   3 total cpu time :   273.8 secs   av.it.:   8.0
      thresh= 4.473E-04 alpha_mix =  0.700 |ddv_scf|^2 =  4.094E-07

      iter #   4 total cpu time :   274.3 secs   av.it.:   8.1
      thresh= 6.399E-05 alpha_mix =  0.700 |ddv_scf|^2 =  1.121E-08

      iter #   5 total cpu time :   274.7 secs   av.it.:   8.1
      thresh= 1.059E-05 alpha_mix =  0.700 |ddv_scf|^2 =  4.052E-10

      iter #   6 total cpu time :   275.2 secs   av.it.:   8.3
      thresh= 2.013E-06 alpha_mix =  0.700 |ddv_scf|^2 =  9.223E-11

      iter #   7 total cpu time :   275.7 secs   av.it.:   8.0
      thresh= 9.603E-07 alpha_mix =  0.700 |ddv_scf|^2 =  3.083E-12

      iter #   8 total cpu time :   276.2 secs   av.it.:   7.9
      thresh= 1.756E-07 alpha_mix =  0.700 |ddv_scf|^2 =  1.296E-13

      iter #   9 total cpu time :   276.7 secs   av.it.:   8.0
      thresh= 3.600E-08 alpha_mix =  0.700 |ddv_scf|^2 =  4.329E-14

      iter #  10 total cpu time :   277.1 secs   av.it.:   8.1
      thresh= 2.081E-08 alpha_mix =  0.700 |ddv_scf|^2 =  3.600E-15

     End of self-consistent calculation

     Convergence has been achieved 
 
     Number of q in the star =    6
     List of q in the star:
          1   0.471404521  -0.000000000   0.471404521
          2  -0.471404521  -0.000000000  -0.471404521
          3  -0.471404521  -0.471404521  -0.000000000
          4   0.000000000   0.471404521  -0.471404521
          5   0.000000000  -0.471404521   0.471404521
          6   0.471404521   0.471404521  -0.000000000

     Diagonalizing the dynamical matrix

     q = (    0.471404521  -0.000000000   0.471404521 ) 

 **************************************************************************
     freq (    1) =      21.394199 [THz] =     713.633671 [cm-1]
     freq (    2) =      28.778513 [THz] =     959.947856 [cm-1]
     freq (    3) =      28.847868 [THz] =     962.261300 [cm-1]
     freq (    4) =      31.811378 [THz] =    1061.113344 [cm-1]
     freq (    5) =      32.709081 [THz] =    1091.057490 [cm-1]
     freq (    6) =      36.744707 [THz] =    1225.671481 [cm-1]
 **************************************************************************

     Mode symmetry, C_1 (1)     point group:

     freq (   1-   1) =        713.6  [cm-1]   --> A                  
     freq (   2-   2) =        959.9  [cm-1]   --> A                  
     freq (   3-   3) =        962.3  [cm-1]   --> A                  
     freq (   4-   4) =       1061.1  [cm-1]   --> A                  
     freq (   5-   5) =       1091.1  [cm-1]   --> A                  
     freq (   6-   6) =       1225.7  [cm-1]   --> A                  

     Calculation of q =    0.0000000  -0.7071068   0.0000000
 
     Parallelization info
     --------------------
     sticks:   dense  smooth     PW     G-vecs:    dense   smooth      PW
     Min          40      40     17                  445      445     123
     Max          41      41     18                  447      447     125
     Sum         283     283    121                 3119     3119     869
 
     Using Slab Decomposition
 

     Title: 
     default                                                                    


     bravais-lattice index     =            0
     lattice parameter (alat)  =       4.7733  a.u.
     unit-cell volume          =      76.9035 (a.u.)^3
     number of atoms/cell      =            2
     number of atomic types    =            1
     number of electrons       =         8.00
     number of Kohn-Sham states=            8
     kinetic-energy cutoff     =      45.0000  Ry
     charge density cutoff     =     180.0000  Ry
     Exchange-correlation= PBE
                           (   1   4   3   4   0   0   0)

     celldm(1)=   4.773317  celldm(2)=   0.000000  celldm(3)=   0.000000
     celldm(4)=   0.000000  celldm(5)=   0.000000  celldm(6)=   0.000000

     crystal axes: (cart. coord. in units of alat)
               a(1) = (  -0.707107   0.000000   0.707107 )  
               a(2) = (   0.000000   0.707107   0.707107 )  
               a(3) = (  -0.707107   0.707107   0.000000 )  

     reciprocal axes: (cart. coord. in units 2 pi/alat)
               b(1) = ( -0.707107 -0.707107  0.707107 )  
               b(2) = (  0.707107  0.707107  0.707107 )  
               b(3) = ( -0.707107  0.707107 -0.707107 )  


     PseudoPot. # 1 for C  read from file:
     ../../pseudos/C.pbe-n-kjpaw_psl.1.0.0.UPF
     MD5 check sum: 5f16ad9a65e90284d1d834d4ab3b0f7d
     Pseudo is Projector augmented-wave + core cor, Zval =  4.0
     Generated using &quot;atomic&quot; code by A. Dal Corso  v.6.3
     Shape of augmentation charge: PSQ
     Using radial grid of 1073 points,  4 beta functions with: 
                l(1) =   0
                l(2) =   0
                l(3) =   1
                l(4) =   1
     Q(r) pseudized with 0 coefficients 


     atomic species   valence    mass     pseudopotential
     C                 4.00    12.01070     C ( 1.00)

      6 Sym. Ops. (no inversion) found



   Cartesian axes

     site n.     atom                  positions (alat units)
         1        C      tau(   1) = (   0.0000000   0.0000000   0.0000000  )
         2        C      tau(   2) = (  -0.3541036   0.3541036   0.3541036  )

     number of k points=   300

     Number of k-points >= 100: set verbosity='high' to print them.

     Dense  grid:     3119 G-vectors     FFT dimensions: (  24,  24,  24)

     Estimated max dynamical RAM per process >       0.69 MB

     Estimated total dynamical RAM >      19.36 MB

     Check: negative core charge=   -0.000077

     The potential is recalculated from file :
     ../tmp/_ph0/diamond.save/charge-density

     Starting wfcs are    8 atomic wfcs
     Checking if some PAW data can be deallocated... 

     Band Structure Calculation
     Davidson diagonalization with overlap

     ethr =  1.25E-10,  avg # of iterations = 10.3

     total cpu time spent up to now is       20.9 secs

     End of band structure calculation

     Number of k-points >= 100: set verbosity='high' to print the bands.

     highest occupied, lowest unoccupied level (ev):    13.31233097   17.40873064

     Writing config to output data dir ../tmp/_ph0/diamond.save/ :
     XML data file

     default                                                                    

     bravais-lattice index     =            0
     lattice parameter (alat)  =       4.7733  a.u.
     unit-cell volume          =      76.9035 (a.u.)^3
     number of atoms/cell      =            2
     number of atomic types    =            1
     kinetic-energy cut-off    =      45.0000  Ry
     charge density cut-off    =     180.0000  Ry
     convergence threshold     =      1.0E-14
     beta                      =       0.7000
     number of iterations used =            4
     Exchange-correlation= PBE
                           (   1   4   3   4   0   0   0)


     celldm(1)=    4.77332  celldm(2)=    0.00000  celldm(3)=    0.00000
     celldm(4)=    0.00000  celldm(5)=    0.00000  celldm(6)=    0.00000

     crystal axes: (cart. coord. in units of alat)
               a(1) = ( -0.7071  0.0000  0.7071 )  
               a(2) = (  0.0000  0.7071  0.7071 )  
               a(3) = ( -0.7071  0.7071  0.0000 )  

     reciprocal axes: (cart. coord. in units 2 pi/alat)
               b(1) = ( -0.7071 -0.7071  0.7071 )  
               b(2) = (  0.7071  0.7071  0.7071 )  
               b(3) = ( -0.7071  0.7071 -0.7071 )  


     Atoms inside the unit cell: 

     Cartesian axes

     site n.  atom      mass           positions (alat units)
        1  C      12.0107   tau(    1) = (    0.00000    0.00000    0.00000  )
        2  C      12.0107   tau(    2) = (   -0.35410    0.35410    0.35410  )

     Computing dynamical matrix for 
                    q = (   0.0000000  -0.7071068   0.0000000 )
 
      3 Sym.Ops. (with q -> -q+G )


     G cutoff =  103.8851  (    447 G-vectors)     FFT grid: ( 24, 24, 24)
     number of k points=   300

     PseudoPot. # 1 for C  read from file:
     ../../pseudos/C.pbe-n-kjpaw_psl.1.0.0.UPF
     MD5 check sum: 5f16ad9a65e90284d1d834d4ab3b0f7d
     Pseudo is Projector augmented-wave + core cor, Zval =  4.0
     Generated using &quot;atomic&quot; code by A. Dal Corso  v.6.3
     Shape of augmentation charge: PSQ
     Using radial grid of 1073 points,  4 beta functions with: 
                l(1) =   0
                l(2) =   0
                l(3) =   1
                l(4) =   1
     Q(r) pseudized with 0 coefficients 


     Mode symmetry, C_s (m)     point group:


     Atomic displacements:
     There are    6 irreducible representations

     Representation     1      1 modes -  To be done

     Representation     2      1 modes -  To be done

     Representation     3      1 modes -  To be done

     Representation     4      1 modes -  To be done

     Representation     5      1 modes -  To be done

     Representation     6      1 modes -  To be done



     Alpha used in Ewald sum =   1.9000
     PHONON       :   3m13.84s CPU   4m38.62s WALL



     Representation #   1 mode #   1

     Self-consistent Calculation

      iter #   1 total cpu time :   278.8 secs   av.it.:   6.1
      thresh= 1.000E-02 alpha_mix =  0.700 |ddv_scf|^2 =  6.908E-05

      iter #   2 total cpu time :   279.0 secs   av.it.:   8.3
      thresh= 8.312E-04 alpha_mix =  0.700 |ddv_scf|^2 =  4.205E-05

      iter #   3 total cpu time :   279.2 secs   av.it.:   7.9
      thresh= 6.485E-04 alpha_mix =  0.700 |ddv_scf|^2 =  2.730E-07

      iter #   4 total cpu time :   279.4 secs   av.it.:   7.9
      thresh= 5.225E-05 alpha_mix =  0.700 |ddv_scf|^2 =  4.544E-09

      iter #   5 total cpu time :   279.6 secs   av.it.:   7.9
      thresh= 6.741E-06 alpha_mix =  0.700 |ddv_scf|^2 =  7.399E-11

      iter #   6 total cpu time :   279.8 secs   av.it.:   8.2
      thresh= 8.602E-07 alpha_mix =  0.700 |ddv_scf|^2 =  3.406E-11

      iter #   7 total cpu time :   280.0 secs   av.it.:   7.9
      thresh= 5.836E-07 alpha_mix =  0.700 |ddv_scf|^2 =  1.540E-12

      iter #   8 total cpu time :   280.2 secs   av.it.:   7.7
      thresh= 1.241E-07 alpha_mix =  0.700 |ddv_scf|^2 =  8.074E-15

     End of self-consistent calculation

     Convergence has been achieved 


     Representation #   2 mode #   2

     Self-consistent Calculation

      iter #   1 total cpu time :   280.4 secs   av.it.:   6.1
      thresh= 1.000E-02 alpha_mix =  0.700 |ddv_scf|^2 =  7.837E-05

      iter #   2 total cpu time :   280.6 secs   av.it.:   8.3
      thresh= 8.853E-04 alpha_mix =  0.700 |ddv_scf|^2 =  4.856E-05

      iter #   3 total cpu time :   280.8 secs   av.it.:   7.9
      thresh= 6.968E-04 alpha_mix =  0.700 |ddv_scf|^2 =  2.750E-07

      iter #   4 total cpu time :   281.0 secs   av.it.:   8.0
      thresh= 5.244E-05 alpha_mix =  0.700 |ddv_scf|^2 =  4.499E-09

      iter #   5 total cpu time :   281.2 secs   av.it.:   7.9
      thresh= 6.707E-06 alpha_mix =  0.700 |ddv_scf|^2 =  8.393E-11

      iter #   6 total cpu time :   281.4 secs   av.it.:   8.2
      thresh= 9.161E-07 alpha_mix =  0.700 |ddv_scf|^2 =  3.664E-11

      iter #   7 total cpu time :   281.6 secs   av.it.:   7.9
      thresh= 6.053E-07 alpha_mix =  0.700 |ddv_scf|^2 =  1.576E-12

      iter #   8 total cpu time :   281.8 secs   av.it.:   7.7
      thresh= 1.255E-07 alpha_mix =  0.700 |ddv_scf|^2 =  8.456E-15

     End of self-consistent calculation

     Convergence has been achieved 


     Representation #   3 mode #   3

     Self-consistent Calculation

      iter #   1 total cpu time :   282.0 secs   av.it.:   6.0
      thresh= 1.000E-02 alpha_mix =  0.700 |ddv_scf|^2 =  4.315E-05

      iter #   2 total cpu time :   282.2 secs   av.it.:   8.3
      thresh= 6.569E-04 alpha_mix =  0.700 |ddv_scf|^2 =  2.361E-05

      iter #   3 total cpu time :   282.4 secs   av.it.:   7.9
      thresh= 4.859E-04 alpha_mix =  0.700 |ddv_scf|^2 =  2.900E-07

      iter #   4 total cpu time :   282.6 secs   av.it.:   7.9
      thresh= 5.385E-05 alpha_mix =  0.700 |ddv_scf|^2 =  4.717E-09

      iter #   5 total cpu time :   282.8 secs   av.it.:   7.9
      thresh= 6.868E-06 alpha_mix =  0.700 |ddv_scf|^2 =  4.865E-11

      iter #   6 total cpu time :   283.0 secs   av.it.:   8.2
      thresh= 6.975E-07 alpha_mix =  0.700 |ddv_scf|^2 =  2.420E-11

      iter #   7 total cpu time :   283.2 secs   av.it.:   8.0
      thresh= 4.920E-07 alpha_mix =  0.700 |ddv_scf|^2 =  1.519E-12

      iter #   8 total cpu time :   283.4 secs   av.it.:   7.7
      thresh= 1.232E-07 alpha_mix =  0.700 |ddv_scf|^2 =  5.990E-15

     End of self-consistent calculation

     Convergence has been achieved 


     Representation #   4 mode #   4

     Self-consistent Calculation

      iter #   1 total cpu time :   283.6 secs   av.it.:   6.0
      thresh= 1.000E-02 alpha_mix =  0.700 |ddv_scf|^2 =  3.385E-05

      iter #   2 total cpu time :   283.8 secs   av.it.:   8.2
      thresh= 5.818E-04 alpha_mix =  0.700 |ddv_scf|^2 =  1.709E-05

      iter #   3 total cpu time :   284.0 secs   av.it.:   7.9
      thresh= 4.134E-04 alpha_mix =  0.700 |ddv_scf|^2 =  3.061E-07

      iter #   4 total cpu time :   284.2 secs   av.it.:   8.0
      thresh= 5.532E-05 alpha_mix =  0.700 |ddv_scf|^2 =  4.779E-09

      iter #   5 total cpu time :   284.4 secs   av.it.:   7.9
      thresh= 6.913E-06 alpha_mix =  0.700 |ddv_scf|^2 =  3.987E-11

      iter #   6 total cpu time :   284.6 secs   av.it.:   8.2
      thresh= 6.314E-07 alpha_mix =  0.700 |ddv_scf|^2 =  1.991E-11

      iter #   7 total cpu time :   284.8 secs   av.it.:   8.0
      thresh= 4.462E-07 alpha_mix =  0.700 |ddv_scf|^2 =  1.551E-12

      iter #   8 total cpu time :   285.0 secs   av.it.:   7.8
      thresh= 1.245E-07 alpha_mix =  0.700 |ddv_scf|^2 =  4.952E-15

     End of self-consistent calculation

     Convergence has been achieved 


     Representation #   5 mode #   5

     Self-consistent Calculation

      iter #   1 total cpu time :   285.2 secs   av.it.:   5.9
      thresh= 1.000E-02 alpha_mix =  0.700 |ddv_scf|^2 =  1.017E-05

      iter #   2 total cpu time :   285.4 secs   av.it.:   7.7
      thresh= 3.190E-04 alpha_mix =  0.700 |ddv_scf|^2 =  2.548E-07

      iter #   3 total cpu time :   285.6 secs   av.it.:   7.7
      thresh= 5.047E-05 alpha_mix =  0.700 |ddv_scf|^2 =  1.329E-08

      iter #   4 total cpu time :   285.8 secs   av.it.:   7.5
      thresh= 1.153E-05 alpha_mix =  0.700 |ddv_scf|^2 =  4.727E-11

      iter #   5 total cpu time :   286.0 secs   av.it.:   7.2
      thresh= 6.875E-07 alpha_mix =  0.700 |ddv_scf|^2 =  1.040E-13

      iter #   6 total cpu time :   286.2 secs   av.it.:   7.9
      thresh= 3.225E-08 alpha_mix =  0.700 |ddv_scf|^2 =  1.183E-15

     End of self-consistent calculation

     Convergence has been achieved 


     Representation #   6 mode #   6

     Self-consistent Calculation

      iter #   1 total cpu time :   286.4 secs   av.it.:   5.9
      thresh= 1.000E-02 alpha_mix =  0.700 |ddv_scf|^2 =  1.017E-05

      iter #   2 total cpu time :   286.6 secs   av.it.:   7.7
      thresh= 3.190E-04 alpha_mix =  0.700 |ddv_scf|^2 =  2.548E-07

      iter #   3 total cpu time :   286.8 secs   av.it.:   7.7
      thresh= 5.048E-05 alpha_mix =  0.700 |ddv_scf|^2 =  1.330E-08

      iter #   4 total cpu time :   287.0 secs   av.it.:   7.5
      thresh= 1.153E-05 alpha_mix =  0.700 |ddv_scf|^2 =  4.728E-11

      iter #   5 total cpu time :   287.2 secs   av.it.:   7.2
      thresh= 6.876E-07 alpha_mix =  0.700 |ddv_scf|^2 =  1.040E-13

      iter #   6 total cpu time :   287.4 secs   av.it.:   7.9
      thresh= 3.225E-08 alpha_mix =  0.700 |ddv_scf|^2 =  1.183E-15

     End of self-consistent calculation

     Convergence has been achieved 
 
     Number of q in the star =    3
     List of q in the star:
          1   0.000000000  -0.707106781   0.000000000
          2   0.000000000   0.000000000  -0.707106781
          3   0.707106781   0.000000000   0.000000000

     Diagonalizing the dynamical matrix

     q = (    0.000000000  -0.707106781   0.000000000 ) 

 **************************************************************************
     freq (    1) =      23.371230 [THz] =     779.580302 [cm-1]
     freq (    2) =      23.383044 [THz] =     779.974407 [cm-1]
     freq (    3) =      31.562361 [THz] =    1052.807035 [cm-1]
     freq (    4) =      31.728162 [THz] =    1058.337573 [cm-1]
     freq (    5) =      35.698574 [THz] =    1190.776257 [cm-1]
     freq (    6) =      35.756622 [THz] =    1192.712525 [cm-1]
 **************************************************************************

     Mode symmetry, C_s (m)     point group:

     freq (   1-   1) =        779.6  [cm-1]   --> A'                 
     freq (   2-   2) =        780.0  [cm-1]   --> A''                
     freq (   3-   3) =       1052.8  [cm-1]   --> A'                 
     freq (   4-   4) =       1058.3  [cm-1]   --> A''                
     freq (   5-   5) =       1190.8  [cm-1]   --> A'                 
     freq (   6-   6) =       1192.7  [cm-1]   --> A'                 

     Calculation of q =   -0.1178511   0.1178511   0.1178511
 
     Parallelization info
     --------------------
     sticks:   dense  smooth     PW     G-vecs:    dense   smooth      PW
     Min          40      40     15                  445      445     100
     Max          41      41     17                  447      447     101
     Sum         283     283    109                 3119     3119     701
 
     Using Slab Decomposition
 

     Title: 
     default                                                                    


     bravais-lattice index     =            0
     lattice parameter (alat)  =       4.7733  a.u.
     unit-cell volume          =      76.9035 (a.u.)^3
     number of atoms/cell      =            2
     number of atomic types    =            1
     number of electrons       =         8.00
     number of Kohn-Sham states=            8
     kinetic-energy cutoff     =      45.0000  Ry
     charge density cutoff     =     180.0000  Ry
     Exchange-correlation= PBE
                           (   1   4   3   4   0   0   0)

     celldm(1)=   4.773317  celldm(2)=   0.000000  celldm(3)=   0.000000
     celldm(4)=   0.000000  celldm(5)=   0.000000  celldm(6)=   0.000000

     crystal axes: (cart. coord. in units of alat)
               a(1) = (  -0.707107   0.000000   0.707107 )  
               a(2) = (   0.000000   0.707107   0.707107 )  
               a(3) = (  -0.707107   0.707107   0.000000 )  

     reciprocal axes: (cart. coord. in units 2 pi/alat)
               b(1) = ( -0.707107 -0.707107  0.707107 )  
               b(2) = (  0.707107  0.707107  0.707107 )  
               b(3) = ( -0.707107  0.707107 -0.707107 )  


     PseudoPot. # 1 for C  read from file:
     ../../pseudos/C.pbe-n-kjpaw_psl.1.0.0.UPF
     MD5 check sum: 5f16ad9a65e90284d1d834d4ab3b0f7d
     Pseudo is Projector augmented-wave + core cor, Zval =  4.0
     Generated using &quot;atomic&quot; code by A. Dal Corso  v.6.3
     Shape of augmentation charge: PSQ
     Using radial grid of 1073 points,  4 beta functions with: 
                l(1) =   0
                l(2) =   0
                l(3) =   1
                l(4) =   1
     Q(r) pseudized with 0 coefficients 


     atomic species   valence    mass     pseudopotential
     C                 4.00    12.01070     C ( 1.00)

      6 Sym. Ops. (no inversion) found



   Cartesian axes

     site n.     atom                  positions (alat units)
         1        C      tau(   1) = (   0.0000000   0.0000000   0.0000000  )
         2        C      tau(   2) = (  -0.3541036   0.3541036   0.3541036  )

     number of k points=   240

     Number of k-points >= 100: set verbosity='high' to print them.

     Dense  grid:     3119 G-vectors     FFT dimensions: (  24,  24,  24)

     Estimated max dynamical RAM per process >       0.68 MB

     Estimated total dynamical RAM >      18.94 MB

     Check: negative core charge=   -0.000077

     The potential is recalculated from file :
     ../tmp/_ph0/diamond.save/charge-density

     Starting wfcs are    8 atomic wfcs
     Checking if some PAW data can be deallocated... 

     Band Structure Calculation
     Davidson diagonalization with overlap

     ethr =  1.25E-10,  avg # of iterations = 10.2

     total cpu time spent up to now is       21.5 secs

     End of band structure calculation

     Number of k-points >= 100: set verbosity='high' to print the bands.

     highest occupied, lowest unoccupied level (ev):    13.31233097   17.40873064

     Writing config to output data dir ../tmp/_ph0/diamond.save/ :
     XML data file

     default                                                                    

     bravais-lattice index     =            0
     lattice parameter (alat)  =       4.7733  a.u.
     unit-cell volume          =      76.9035 (a.u.)^3
     number of atoms/cell      =            2
     number of atomic types    =            1
     kinetic-energy cut-off    =      45.0000  Ry
     charge density cut-off    =     180.0000  Ry
     convergence threshold     =      1.0E-14
     beta                      =       0.7000
     number of iterations used =            4
     Exchange-correlation= PBE
                           (   1   4   3   4   0   0   0)


     celldm(1)=    4.77332  celldm(2)=    0.00000  celldm(3)=    0.00000
     celldm(4)=    0.00000  celldm(5)=    0.00000  celldm(6)=    0.00000

     crystal axes: (cart. coord. in units of alat)
               a(1) = ( -0.7071  0.0000  0.7071 )  
               a(2) = (  0.0000  0.7071  0.7071 )  
               a(3) = ( -0.7071  0.7071  0.0000 )  

     reciprocal axes: (cart. coord. in units 2 pi/alat)
               b(1) = ( -0.7071 -0.7071  0.7071 )  
               b(2) = (  0.7071  0.7071  0.7071 )  
               b(3) = ( -0.7071  0.7071 -0.7071 )  


     Atoms inside the unit cell: 

     Cartesian axes

     site n.  atom      mass           positions (alat units)
        1  C      12.0107   tau(    1) = (    0.00000    0.00000    0.00000  )
        2  C      12.0107   tau(    2) = (   -0.35410    0.35410    0.35410  )

     Computing dynamical matrix for 
                    q = (  -0.1178511   0.1178511   0.1178511 )
 
      6 Sym.Ops. (no q -> -q+G )


     G cutoff =  103.8851  (    447 G-vectors)     FFT grid: ( 24, 24, 24)
     number of k points=   240

     PseudoPot. # 1 for C  read from file:
     ../../pseudos/C.pbe-n-kjpaw_psl.1.0.0.UPF
     MD5 check sum: 5f16ad9a65e90284d1d834d4ab3b0f7d
     Pseudo is Projector augmented-wave + core cor, Zval =  4.0
     Generated using &quot;atomic&quot; code by A. Dal Corso  v.6.3
     Shape of augmentation charge: PSQ
     Using radial grid of 1073 points,  4 beta functions with: 
                l(1) =   0
                l(2) =   0
                l(3) =   1
                l(4) =   1
     Q(r) pseudized with 0 coefficients 


     Mode symmetry, C_3v (3m)   point group:


     Atomic displacements:
     There are    4 irreducible representations

     Representation     1      1 modes -  To be done

     Representation     2      1 modes -  To be done

     Representation     3      2 modes -  To be done

     Representation     4      2 modes -  To be done



     Alpha used in Ewald sum =   1.9000
     PHONON       :   3m19.94s CPU   4m48.36s WALL



     Representation #   1 mode #   1

     Self-consistent Calculation

      iter #   1 total cpu time :   288.5 secs   av.it.:   6.2
      thresh= 1.000E-02 alpha_mix =  0.700 |ddv_scf|^2 =  7.253E-03

      iter #   2 total cpu time :   288.7 secs   av.it.:   6.8
      thresh= 8.517E-03 alpha_mix =  0.700 |ddv_scf|^2 =  4.589E-02

      iter #   3 total cpu time :   288.8 secs   av.it.:   6.3
      thresh= 1.000E-02 alpha_mix =  0.700 |ddv_scf|^2 =  6.190E-07

      iter #   4 total cpu time :   289.0 secs   av.it.:   7.7
      thresh= 7.867E-05 alpha_mix =  0.700 |ddv_scf|^2 =  7.457E-08

      iter #   5 total cpu time :   289.2 secs   av.it.:   7.7
      thresh= 2.731E-05 alpha_mix =  0.700 |ddv_scf|^2 =  3.543E-09

      iter #   6 total cpu time :   289.4 secs   av.it.:   7.7
      thresh= 5.953E-06 alpha_mix =  0.700 |ddv_scf|^2 =  3.406E-10

      iter #   7 total cpu time :   289.5 secs   av.it.:   6.5
      thresh= 1.845E-06 alpha_mix =  0.700 |ddv_scf|^2 =  2.372E-10

      iter #   8 total cpu time :   289.7 secs   av.it.:   6.2
      thresh= 1.540E-06 alpha_mix =  0.700 |ddv_scf|^2 =  3.520E-12

      iter #   9 total cpu time :   289.9 secs   av.it.:   6.4
      thresh= 1.876E-07 alpha_mix =  0.700 |ddv_scf|^2 =  1.867E-12

      iter #  10 total cpu time :   290.0 secs   av.it.:   6.4
      thresh= 1.367E-07 alpha_mix =  0.700 |ddv_scf|^2 =  2.536E-14

      iter #  11 total cpu time :   290.2 secs   av.it.:   7.7
      thresh= 1.593E-08 alpha_mix =  0.700 |ddv_scf|^2 =  6.062E-15

     End of self-consistent calculation

     Convergence has been achieved 


     Representation #   2 mode #   2

     Self-consistent Calculation

      iter #   1 total cpu time :   290.4 secs   av.it.:   6.2
      thresh= 1.000E-02 alpha_mix =  0.700 |ddv_scf|^2 =  7.254E-03

      iter #   2 total cpu time :   290.5 secs   av.it.:   6.8
      thresh= 8.517E-03 alpha_mix =  0.700 |ddv_scf|^2 =  4.589E-02

      iter #   3 total cpu time :   290.7 secs   av.it.:   6.3
      thresh= 1.000E-02 alpha_mix =  0.700 |ddv_scf|^2 =  6.194E-07

      iter #   4 total cpu time :   290.9 secs   av.it.:   7.7
      thresh= 7.870E-05 alpha_mix =  0.700 |ddv_scf|^2 =  7.458E-08

      iter #   5 total cpu time :   291.1 secs   av.it.:   7.7
      thresh= 2.731E-05 alpha_mix =  0.700 |ddv_scf|^2 =  3.545E-09

      iter #   6 total cpu time :   291.2 secs   av.it.:   7.7
      thresh= 5.954E-06 alpha_mix =  0.700 |ddv_scf|^2 =  3.424E-10

      iter #   7 total cpu time :   291.4 secs   av.it.:   6.5
      thresh= 1.851E-06 alpha_mix =  0.700 |ddv_scf|^2 =  2.363E-10

      iter #   8 total cpu time :   291.6 secs   av.it.:   6.2
      thresh= 1.537E-06 alpha_mix =  0.700 |ddv_scf|^2 =  3.518E-12

      iter #   9 total cpu time :   291.7 secs   av.it.:   6.4
      thresh= 1.876E-07 alpha_mix =  0.700 |ddv_scf|^2 =  1.864E-12

      iter #  10 total cpu time :   291.9 secs   av.it.:   6.4
      thresh= 1.365E-07 alpha_mix =  0.700 |ddv_scf|^2 =  2.533E-14

      iter #  11 total cpu time :   292.1 secs   av.it.:   7.7
      thresh= 1.592E-08 alpha_mix =  0.700 |ddv_scf|^2 =  6.049E-15

     End of self-consistent calculation

     Convergence has been achieved 


     Representation #   3 modes #   3   4

     Self-consistent Calculation

      iter #   1 total cpu time :   292.4 secs   av.it.:   5.8
      thresh= 1.000E-02 alpha_mix =  0.700 |ddv_scf|^2 =  9.721E-07

      iter #   2 total cpu time :   292.7 secs   av.it.:   8.9
      thresh= 9.859E-05 alpha_mix =  0.700 |ddv_scf|^2 =  2.648E-08

      iter #   3 total cpu time :   293.1 secs   av.it.:   8.3
      thresh= 1.627E-05 alpha_mix =  0.700 |ddv_scf|^2 =  1.357E-09

      iter #   4 total cpu time :   293.4 secs   av.it.:   8.4
      thresh= 3.683E-06 alpha_mix =  0.700 |ddv_scf|^2 =  7.359E-12

      iter #   5 total cpu time :   293.8 secs   av.it.:   8.1
      thresh= 2.713E-07 alpha_mix =  0.700 |ddv_scf|^2 =  1.576E-13

      iter #   6 total cpu time :   294.1 secs   av.it.:   8.1
      thresh= 3.970E-08 alpha_mix =  0.700 |ddv_scf|^2 =  2.638E-16

     End of self-consistent calculation

     Convergence has been achieved 


     Representation #   4 modes #   5   6

     Self-consistent Calculation

      iter #   1 total cpu time :   294.4 secs   av.it.:   5.8
      thresh= 1.000E-02 alpha_mix =  0.700 |ddv_scf|^2 =  9.719E-07

      iter #   2 total cpu time :   294.8 secs   av.it.:   8.9
      thresh= 9.859E-05 alpha_mix =  0.700 |ddv_scf|^2 =  2.647E-08

      iter #   3 total cpu time :   295.1 secs   av.it.:   8.3
      thresh= 1.627E-05 alpha_mix =  0.700 |ddv_scf|^2 =  1.356E-09

      iter #   4 total cpu time :   295.5 secs   av.it.:   8.4
      thresh= 3.683E-06 alpha_mix =  0.700 |ddv_scf|^2 =  7.364E-12

      iter #   5 total cpu time :   295.8 secs   av.it.:   8.1
      thresh= 2.714E-07 alpha_mix =  0.700 |ddv_scf|^2 =  1.583E-13

      iter #   6 total cpu time :   296.1 secs   av.it.:   8.0
      thresh= 3.979E-08 alpha_mix =  0.700 |ddv_scf|^2 =  2.639E-16

     End of self-consistent calculation

     Convergence has been achieved 
 
     Number of q in the star =    1
     List of q in the star:
          1  -0.117851130   0.117851130   0.117851130
     In addition there is the -q list: 
          1   0.117851130  -0.117851130  -0.117851130

     Diagonalizing the dynamical matrix

     q = (   -0.117851130   0.117851130   0.117851130 ) 

 **************************************************************************
     freq (    1) =       8.727456 [THz] =     291.116612 [cm-1]
     freq (    2) =       8.727456 [THz] =     291.116612 [cm-1]
     freq (    3) =      14.208380 [THz] =     473.940532 [cm-1]
     freq (    4) =      37.839806 [THz] =    1262.200079 [cm-1]
     freq (    5) =      37.839806 [THz] =    1262.200079 [cm-1]
     freq (    6) =      38.802996 [THz] =    1294.328639 [cm-1]
 **************************************************************************

     Mode symmetry, C_3v (3m)   point group:

     freq (   1-   2) =        291.1  [cm-1]   --> E    L_3           
     freq (   3-   3) =        473.9  [cm-1]   --> A_1  L_1           
     freq (   4-   5) =       1262.2  [cm-1]   --> E    L_3           
     freq (   6-   6) =       1294.3  [cm-1]   --> A_1  L_1           

     Calculation of q =   -0.2357023   0.2357023   0.0000000
 
     Parallelization info
     --------------------
     sticks:   dense  smooth     PW     G-vecs:    dense   smooth      PW
     Min          40      40     15                  445      445     103
     Max          41      41     16                  447      447     104
     Sum         283     283    109                 3119     3119     725
 
     Using Slab Decomposition
 

     Title: 
     default                                                                    


     bravais-lattice index     =            0
     lattice parameter (alat)  =       4.7733  a.u.
     unit-cell volume          =      76.9035 (a.u.)^3
     number of atoms/cell      =            2
     number of atomic types    =            1
     number of electrons       =         8.00
     number of Kohn-Sham states=            8
     kinetic-energy cutoff     =      45.0000  Ry
     charge density cutoff     =     180.0000  Ry
     Exchange-correlation= PBE
                           (   1   4   3   4   0   0   0)

     celldm(1)=   4.773317  celldm(2)=   0.000000  celldm(3)=   0.000000
     celldm(4)=   0.000000  celldm(5)=   0.000000  celldm(6)=   0.000000

     crystal axes: (cart. coord. in units of alat)
               a(1) = (  -0.707107   0.000000   0.707107 )  
               a(2) = (   0.000000   0.707107   0.707107 )  
               a(3) = (  -0.707107   0.707107   0.000000 )  

     reciprocal axes: (cart. coord. in units 2 pi/alat)
               b(1) = ( -0.707107 -0.707107  0.707107 )  
               b(2) = (  0.707107  0.707107  0.707107 )  
               b(3) = ( -0.707107  0.707107 -0.707107 )  


     PseudoPot. # 1 for C  read from file:
     ../../pseudos/C.pbe-n-kjpaw_psl.1.0.0.UPF
     MD5 check sum: 5f16ad9a65e90284d1d834d4ab3b0f7d
     Pseudo is Projector augmented-wave + core cor, Zval =  4.0
     Generated using &quot;atomic&quot; code by A. Dal Corso  v.6.3
     Shape of augmentation charge: PSQ
     Using radial grid of 1073 points,  4 beta functions with: 
                l(1) =   0
                l(2) =   0
                l(3) =   1
                l(4) =   1
     Q(r) pseudized with 0 coefficients 


     atomic species   valence    mass     pseudopotential
     C                 4.00    12.01070     C ( 1.00)

      6 Sym. Ops. (no inversion) found



   Cartesian axes

     site n.     atom                  positions (alat units)
         1        C      tau(   1) = (   0.0000000   0.0000000   0.0000000  )
         2        C      tau(   2) = (  -0.3541036   0.3541036   0.3541036  )

     number of k points=   576

     Number of k-points >= 100: set verbosity='high' to print them.

     Dense  grid:     3119 G-vectors     FFT dimensions: (  24,  24,  24)

     Estimated max dynamical RAM per process >       0.68 MB

     Estimated total dynamical RAM >      19.05 MB

     Check: negative core charge=   -0.000077

     The potential is recalculated from file :
     ../tmp/_ph0/diamond.save/charge-density

     Starting wfcs are    8 atomic wfcs
     Checking if some PAW data can be deallocated... 

     Band Structure Calculation
     Davidson diagonalization with overlap

     ethr =  1.25E-10,  avg # of iterations = 10.4

     total cpu time spent up to now is       22.7 secs

     End of band structure calculation

     Number of k-points >= 100: set verbosity='high' to print the bands.

     highest occupied, lowest unoccupied level (ev):    13.31233097   17.40873064

     Writing config to output data dir ../tmp/_ph0/diamond.save/ :
     XML data file

     default                                                                    

     bravais-lattice index     =            0
     lattice parameter (alat)  =       4.7733  a.u.
     unit-cell volume          =      76.9035 (a.u.)^3
     number of atoms/cell      =            2
     number of atomic types    =            1
     kinetic-energy cut-off    =      45.0000  Ry
     charge density cut-off    =     180.0000  Ry
     convergence threshold     =      1.0E-14
     beta                      =       0.7000
     number of iterations used =            4
     Exchange-correlation= PBE
                           (   1   4   3   4   0   0   0)


     celldm(1)=    4.77332  celldm(2)=    0.00000  celldm(3)=    0.00000
     celldm(4)=    0.00000  celldm(5)=    0.00000  celldm(6)=    0.00000

     crystal axes: (cart. coord. in units of alat)
               a(1) = ( -0.7071  0.0000  0.7071 )  
               a(2) = (  0.0000  0.7071  0.7071 )  
               a(3) = ( -0.7071  0.7071  0.0000 )  

     reciprocal axes: (cart. coord. in units 2 pi/alat)
               b(1) = ( -0.7071 -0.7071  0.7071 )  
               b(2) = (  0.7071  0.7071  0.7071 )  
               b(3) = ( -0.7071  0.7071 -0.7071 )  


     Atoms inside the unit cell: 

     Cartesian axes

     site n.  atom      mass           positions (alat units)
        1  C      12.0107   tau(    1) = (    0.00000    0.00000    0.00000  )
        2  C      12.0107   tau(    2) = (   -0.35410    0.35410    0.35410  )

     Computing dynamical matrix for 
                    q = (  -0.2357023   0.2357023   0.0000000 )
 
      2 Sym.Ops. (no q -> -q+G )


     G cutoff =  103.8851  (    447 G-vectors)     FFT grid: ( 24, 24, 24)
     number of k points=   576

     PseudoPot. # 1 for C  read from file:
     ../../pseudos/C.pbe-n-kjpaw_psl.1.0.0.UPF
     MD5 check sum: 5f16ad9a65e90284d1d834d4ab3b0f7d
     Pseudo is Projector augmented-wave + core cor, Zval =  4.0
     Generated using &quot;atomic&quot; code by A. Dal Corso  v.6.3
     Shape of augmentation charge: PSQ
     Using radial grid of 1073 points,  4 beta functions with: 
                l(1) =   0
                l(2) =   0
                l(3) =   1
                l(4) =   1
     Q(r) pseudized with 0 coefficients 


     Mode symmetry, C_s (m)     point group:


     Atomic displacements:
     There are    6 irreducible representations

     Representation     1      1 modes -  To be done

     Representation     2      1 modes -  To be done

     Representation     3      1 modes -  To be done

     Representation     4      1 modes -  To be done

     Representation     5      1 modes -  To be done

     Representation     6      1 modes -  To be done



     Alpha used in Ewald sum =   1.9000
     PHONON       :   3m25.74s CPU   4m58.02s WALL



     Representation #   1 mode #   1

     Self-consistent Calculation

      iter #   1 total cpu time :   298.3 secs   av.it.:   6.2
      thresh= 1.000E-02 alpha_mix =  0.700 |ddv_scf|^2 =  1.060E-03

      iter #   2 total cpu time :   298.6 secs   av.it.:   7.5
      thresh= 3.256E-03 alpha_mix =  0.700 |ddv_scf|^2 =  3.864E-03

      iter #   3 total cpu time :   298.8 secs   av.it.:   6.4
      thresh= 6.216E-03 alpha_mix =  0.700 |ddv_scf|^2 =  2.733E-07

      iter #   4 total cpu time :   299.1 secs   av.it.:   8.3
      thresh= 5.228E-05 alpha_mix =  0.700 |ddv_scf|^2 =  6.728E-08

      iter #   5 total cpu time :   299.4 secs   av.it.:   8.0
      thresh= 2.594E-05 alpha_mix =  0.700 |ddv_scf|^2 =  2.799E-09

      iter #   6 total cpu time :   299.7 secs   av.it.:   8.1
      thresh= 5.290E-06 alpha_mix =  0.700 |ddv_scf|^2 =  2.540E-11

      iter #   7 total cpu time :   300.0 secs   av.it.:   7.9
      thresh= 5.040E-07 alpha_mix =  0.700 |ddv_scf|^2 =  1.153E-12

      iter #   8 total cpu time :   300.3 secs   av.it.:   7.6
      thresh= 1.074E-07 alpha_mix =  0.700 |ddv_scf|^2 =  1.516E-12

      iter #   9 total cpu time :   300.6 secs   av.it.:   6.9
      thresh= 1.231E-07 alpha_mix =  0.700 |ddv_scf|^2 =  3.520E-13

      iter #  10 total cpu time :   300.9 secs   av.it.:   7.0
      thresh= 5.933E-08 alpha_mix =  0.700 |ddv_scf|^2 =  9.357E-14

      iter #  11 total cpu time :   301.1 secs   av.it.:   7.1
      thresh= 3.059E-08 alpha_mix =  0.700 |ddv_scf|^2 =  4.100E-16

     End of self-consistent calculation

     Convergence has been achieved 


     Representation #   2 mode #   2

     Self-consistent Calculation

      iter #   1 total cpu time :   301.5 secs   av.it.:   6.3
      thresh= 1.000E-02 alpha_mix =  0.700 |ddv_scf|^2 =  1.530E-03

      iter #   2 total cpu time :   301.8 secs   av.it.:   7.5
      thresh= 3.911E-03 alpha_mix =  0.700 |ddv_scf|^2 =  5.592E-03

      iter #   3 total cpu time :   302.0 secs   av.it.:   6.4
      thresh= 7.478E-03 alpha_mix =  0.700 |ddv_scf|^2 =  2.806E-07

      iter #   4 total cpu time :   302.3 secs   av.it.:   8.4
      thresh= 5.297E-05 alpha_mix =  0.700 |ddv_scf|^2 =  7.161E-08

      iter #   5 total cpu time :   302.6 secs   av.it.:   8.0
      thresh= 2.676E-05 alpha_mix =  0.700 |ddv_scf|^2 =  2.946E-09

      iter #   6 total cpu time :   302.9 secs   av.it.:   8.1
      thresh= 5.428E-06 alpha_mix =  0.700 |ddv_scf|^2 =  2.798E-11

      iter #   7 total cpu time :   303.2 secs   av.it.:   7.9
      thresh= 5.289E-07 alpha_mix =  0.700 |ddv_scf|^2 =  1.360E-12

      iter #   8 total cpu time :   303.5 secs   av.it.:   7.6
      thresh= 1.166E-07 alpha_mix =  0.700 |ddv_scf|^2 =  2.483E-12

      iter #   9 total cpu time :   303.8 secs   av.it.:   6.8
      thresh= 1.576E-07 alpha_mix =  0.700 |ddv_scf|^2 =  2.210E-13

      iter #  10 total cpu time :   304.1 secs   av.it.:   7.2
      thresh= 4.701E-08 alpha_mix =  0.700 |ddv_scf|^2 =  9.313E-14

      iter #  11 total cpu time :   304.3 secs   av.it.:   7.2
      thresh= 3.052E-08 alpha_mix =  0.700 |ddv_scf|^2 =  2.879E-16

     End of self-consistent calculation

     Convergence has been achieved 


     Representation #   3 mode #   3

     Self-consistent Calculation

      iter #   1 total cpu time :   304.7 secs   av.it.:   6.1
      thresh= 1.000E-02 alpha_mix =  0.700 |ddv_scf|^2 =  5.274E-04

      iter #   2 total cpu time :   304.9 secs   av.it.:   7.6
      thresh= 2.296E-03 alpha_mix =  0.700 |ddv_scf|^2 =  1.906E-03

      iter #   3 total cpu time :   305.2 secs   av.it.:   6.4
      thresh= 4.366E-03 alpha_mix =  0.700 |ddv_scf|^2 =  2.515E-07

      iter #   4 total cpu time :   305.5 secs   av.it.:   8.3
      thresh= 5.015E-05 alpha_mix =  0.700 |ddv_scf|^2 =  5.808E-08

      iter #   5 total cpu time :   305.8 secs   av.it.:   8.0
      thresh= 2.410E-05 alpha_mix =  0.700 |ddv_scf|^2 =  2.850E-09

      iter #   6 total cpu time :   306.1 secs   av.it.:   8.1
      thresh= 5.338E-06 alpha_mix =  0.700 |ddv_scf|^2 =  2.532E-11

      iter #   7 total cpu time :   306.4 secs   av.it.:   7.9
      thresh= 5.031E-07 alpha_mix =  0.700 |ddv_scf|^2 =  2.494E-12

      iter #   8 total cpu time :   306.7 secs   av.it.:   7.5
      thresh= 1.579E-07 alpha_mix =  0.700 |ddv_scf|^2 =  5.029E-12

      iter #   9 total cpu time :   307.0 secs   av.it.:   6.6
      thresh= 2.242E-07 alpha_mix =  0.700 |ddv_scf|^2 =  1.186E-13

      iter #  10 total cpu time :   307.3 secs   av.it.:   7.6
      thresh= 3.444E-08 alpha_mix =  0.700 |ddv_scf|^2 =  1.492E-13

      iter #  11 total cpu time :   307.5 secs   av.it.:   7.0
      thresh= 3.863E-08 alpha_mix =  0.700 |ddv_scf|^2 =  5.775E-16

     End of self-consistent calculation

     Convergence has been achieved 


     Representation #   4 mode #   4

     Self-consistent Calculation

      iter #   1 total cpu time :   307.8 secs   av.it.:   6.0
      thresh= 1.000E-02 alpha_mix =  0.700 |ddv_scf|^2 =  5.783E-05

      iter #   2 total cpu time :   308.1 secs   av.it.:   7.9
      thresh= 7.604E-04 alpha_mix =  0.700 |ddv_scf|^2 =  1.766E-04

      iter #   3 total cpu time :   308.4 secs   av.it.:   6.6
      thresh= 1.329E-03 alpha_mix =  0.700 |ddv_scf|^2 =  6.294E-07

      iter #   4 total cpu time :   308.7 secs   av.it.:   7.9
      thresh= 7.933E-05 alpha_mix =  0.700 |ddv_scf|^2 =  5.362E-08

      iter #   5 total cpu time :   309.0 secs   av.it.:   8.0
      thresh= 2.316E-05 alpha_mix =  0.700 |ddv_scf|^2 =  2.721E-09

      iter #   6 total cpu time :   309.3 secs   av.it.:   8.1
      thresh= 5.217E-06 alpha_mix =  0.700 |ddv_scf|^2 =  4.212E-11

      iter #   7 total cpu time :   309.6 secs   av.it.:   7.7
      thresh= 6.490E-07 alpha_mix =  0.700 |ddv_scf|^2 =  6.289E-12

      iter #   8 total cpu time :   309.9 secs   av.it.:   7.3
      thresh= 2.508E-07 alpha_mix =  0.700 |ddv_scf|^2 =  8.707E-12

      iter #   9 total cpu time :   310.2 secs   av.it.:   6.6
      thresh= 2.951E-07 alpha_mix =  0.700 |ddv_scf|^2 =  1.191E-13

      iter #  10 total cpu time :   310.5 secs   av.it.:   7.4
      thresh= 3.450E-08 alpha_mix =  0.700 |ddv_scf|^2 =  4.949E-14

      iter #  11 total cpu time :   310.7 secs   av.it.:   7.4
      thresh= 2.225E-08 alpha_mix =  0.700 |ddv_scf|^2 =  7.655E-16

     End of self-consistent calculation

     Convergence has been achieved 


     Representation #   5 mode #   5

     Self-consistent Calculation

      iter #   1 total cpu time :   311.0 secs   av.it.:   5.7
      thresh= 1.000E-02 alpha_mix =  0.700 |ddv_scf|^2 =  3.939E-06

      iter #   2 total cpu time :   311.3 secs   av.it.:   8.0
      thresh= 1.985E-04 alpha_mix =  0.700 |ddv_scf|^2 =  1.033E-07

      iter #   3 total cpu time :   311.6 secs   av.it.:   7.4
      thresh= 3.215E-05 alpha_mix =  0.700 |ddv_scf|^2 =  5.656E-09

      iter #   4 total cpu time :   311.9 secs   av.it.:   7.6
      thresh= 7.521E-06 alpha_mix =  0.700 |ddv_scf|^2 =  2.798E-11

      iter #   5 total cpu time :   312.2 secs   av.it.:   7.1
      thresh= 5.290E-07 alpha_mix =  0.700 |ddv_scf|^2 =  2.789E-13

      iter #   6 total cpu time :   312.4 secs   av.it.:   7.1
      thresh= 5.281E-08 alpha_mix =  0.700 |ddv_scf|^2 =  1.280E-15

     End of self-consistent calculation

     Convergence has been achieved 


     Representation #   6 mode #   6

     Self-consistent Calculation

      iter #   1 total cpu time :   312.7 secs   av.it.:   5.7
      thresh= 1.000E-02 alpha_mix =  0.700 |ddv_scf|^2 =  3.938E-06

      iter #   2 total cpu time :   313.0 secs   av.it.:   8.0
      thresh= 1.985E-04 alpha_mix =  0.700 |ddv_scf|^2 =  1.033E-07

      iter #   3 total cpu time :   313.3 secs   av.it.:   7.4
      thresh= 3.214E-05 alpha_mix =  0.700 |ddv_scf|^2 =  5.654E-09

      iter #   4 total cpu time :   313.6 secs   av.it.:   7.6
      thresh= 7.519E-06 alpha_mix =  0.700 |ddv_scf|^2 =  2.798E-11

      iter #   5 total cpu time :   313.9 secs   av.it.:   7.1
      thresh= 5.289E-07 alpha_mix =  0.700 |ddv_scf|^2 =  2.789E-13

      iter #   6 total cpu time :   314.1 secs   av.it.:   7.1
      thresh= 5.281E-08 alpha_mix =  0.700 |ddv_scf|^2 =  1.279E-15

     End of self-consistent calculation

     Convergence has been achieved 
 
     Number of q in the star =    3
     List of q in the star:
          1  -0.235702260   0.235702260   0.000000000
          2   0.000000000   0.235702260   0.235702260
          3  -0.235702260   0.000000000   0.235702260
     In addition there is the -q list: 
          1   0.235702260  -0.235702260   0.000000000
          2   0.000000000  -0.235702260  -0.235702260
          3   0.235702260   0.000000000  -0.235702260

     Diagonalizing the dynamical matrix

     q = (   -0.235702260   0.235702260   0.000000000 ) 

 **************************************************************************
     freq (    1) =      13.667731 [THz] =     455.906424 [cm-1]
     freq (    2) =      15.861897 [THz] =     529.095929 [cm-1]
     freq (    3) =      20.129221 [THz] =     671.438526 [cm-1]
     freq (    4) =      36.419743 [THz] =    1214.831876 [cm-1]
     freq (    5) =      37.118373 [THz] =    1238.135651 [cm-1]
     freq (    6) =      38.276306 [THz] =    1276.760143 [cm-1]
 **************************************************************************

     Mode symmetry, C_s (m)     point group:

     freq (   1-   1) =        455.9  [cm-1]   --> A''                
     freq (   2-   2) =        529.1  [cm-1]   --> A'                 
     freq (   3-   3) =        671.4  [cm-1]   --> A'                 
     freq (   4-   4) =       1214.8  [cm-1]   --> A''                
     freq (   5-   5) =       1238.1  [cm-1]   --> A'                 
     freq (   6-   6) =       1276.8  [cm-1]   --> A'                 

     Calculation of q =    0.3535534  -0.3535534   0.5892557
 
     Parallelization info
     --------------------
     sticks:   dense  smooth     PW     G-vecs:    dense   smooth      PW
     Min          40      40     17                  445      445     133
     Max          41      41     18                  447      447     137
     Sum         283     283    121                 3119     3119     941
 
     Using Slab Decomposition
 

     Title: 
     default                                                                    


     bravais-lattice index     =            0
     lattice parameter (alat)  =       4.7733  a.u.
     unit-cell volume          =      76.9035 (a.u.)^3
     number of atoms/cell      =            2
     number of atomic types    =            1
     number of electrons       =         8.00
     number of Kohn-Sham states=            8
     kinetic-energy cutoff     =      45.0000  Ry
     charge density cutoff     =     180.0000  Ry
     Exchange-correlation= PBE
                           (   1   4   3   4   0   0   0)

     celldm(1)=   4.773317  celldm(2)=   0.000000  celldm(3)=   0.000000
     celldm(4)=   0.000000  celldm(5)=   0.000000  celldm(6)=   0.000000

     crystal axes: (cart. coord. in units of alat)
               a(1) = (  -0.707107   0.000000   0.707107 )  
               a(2) = (   0.000000   0.707107   0.707107 )  
               a(3) = (  -0.707107   0.707107   0.000000 )  

     reciprocal axes: (cart. coord. in units 2 pi/alat)
               b(1) = ( -0.707107 -0.707107  0.707107 )  
               b(2) = (  0.707107  0.707107  0.707107 )  
               b(3) = ( -0.707107  0.707107 -0.707107 )  


     PseudoPot. # 1 for C  read from file:
     ../../pseudos/C.pbe-n-kjpaw_psl.1.0.0.UPF
     MD5 check sum: 5f16ad9a65e90284d1d834d4ab3b0f7d
     Pseudo is Projector augmented-wave + core cor, Zval =  4.0
     Generated using &quot;atomic&quot; code by A. Dal Corso  v.6.3
     Shape of augmentation charge: PSQ
     Using radial grid of 1073 points,  4 beta functions with: 
                l(1) =   0
                l(2) =   0
                l(3) =   1
                l(4) =   1
     Q(r) pseudized with 0 coefficients 


     atomic species   valence    mass     pseudopotential
     C                 4.00    12.01070     C ( 1.00)

      6 Sym. Ops. (no inversion) found



   Cartesian axes

     site n.     atom                  positions (alat units)
         1        C      tau(   1) = (   0.0000000   0.0000000   0.0000000  )
         2        C      tau(   2) = (  -0.3541036   0.3541036   0.3541036  )

     number of k points=   576

     Number of k-points >= 100: set verbosity='high' to print them.

     Dense  grid:     3119 G-vectors     FFT dimensions: (  24,  24,  24)

     Estimated max dynamical RAM per process >       0.69 MB

     Estimated total dynamical RAM >      19.42 MB

     Check: negative core charge=   -0.000077

     The potential is recalculated from file :
     ../tmp/_ph0/diamond.save/charge-density

     Starting wfcs are    8 atomic wfcs
     Checking if some PAW data can be deallocated... 

     Band Structure Calculation
     Davidson diagonalization with overlap

     ethr =  1.25E-10,  avg # of iterations = 10.4

     total cpu time spent up to now is       24.1 secs

     End of band structure calculation

     Number of k-points >= 100: set verbosity='high' to print the bands.

     highest occupied, lowest unoccupied level (ev):    13.31233097   17.40873064

     Writing config to output data dir ../tmp/_ph0/diamond.save/ :
     XML data file

     default                                                                    

     bravais-lattice index     =            0
     lattice parameter (alat)  =       4.7733  a.u.
     unit-cell volume          =      76.9035 (a.u.)^3
     number of atoms/cell      =            2
     number of atomic types    =            1
     kinetic-energy cut-off    =      45.0000  Ry
     charge density cut-off    =     180.0000  Ry
     convergence threshold     =      1.0E-14
     beta                      =       0.7000
     number of iterations used =            4
     Exchange-correlation= PBE
                           (   1   4   3   4   0   0   0)


     celldm(1)=    4.77332  celldm(2)=    0.00000  celldm(3)=    0.00000
     celldm(4)=    0.00000  celldm(5)=    0.00000  celldm(6)=    0.00000

     crystal axes: (cart. coord. in units of alat)
               a(1) = ( -0.7071  0.0000  0.7071 )  
               a(2) = (  0.0000  0.7071  0.7071 )  
               a(3) = ( -0.7071  0.7071  0.0000 )  

     reciprocal axes: (cart. coord. in units 2 pi/alat)
               b(1) = ( -0.7071 -0.7071  0.7071 )  
               b(2) = (  0.7071  0.7071  0.7071 )  
               b(3) = ( -0.7071  0.7071 -0.7071 )  


     Atoms inside the unit cell: 

     Cartesian axes

     site n.  atom      mass           positions (alat units)
        1  C      12.0107   tau(    1) = (    0.00000    0.00000    0.00000  )
        2  C      12.0107   tau(    2) = (   -0.35410    0.35410    0.35410  )

     Computing dynamical matrix for 
                    q = (   0.3535534  -0.3535534   0.5892557 )
 
      2 Sym.Ops. (no q -> -q+G )


     G cutoff =  103.8851  (    447 G-vectors)     FFT grid: ( 24, 24, 24)
     number of k points=   576

     PseudoPot. # 1 for C  read from file:
     ../../pseudos/C.pbe-n-kjpaw_psl.1.0.0.UPF
     MD5 check sum: 5f16ad9a65e90284d1d834d4ab3b0f7d
     Pseudo is Projector augmented-wave + core cor, Zval =  4.0
     Generated using &quot;atomic&quot; code by A. Dal Corso  v.6.3
     Shape of augmentation charge: PSQ
     Using radial grid of 1073 points,  4 beta functions with: 
                l(1) =   0
                l(2) =   0
                l(3) =   1
                l(4) =   1
     Q(r) pseudized with 0 coefficients 


     Mode symmetry, C_s (m)     point group:


     Atomic displacements:
     There are    6 irreducible representations

     Representation     1      1 modes -  To be done

     Representation     2      1 modes -  To be done

     Representation     3      1 modes -  To be done

     Representation     4      1 modes -  To be done

     Representation     5      1 modes -  To be done

     Representation     6      1 modes -  To be done



     Alpha used in Ewald sum =   1.9000
     PHONON       :   3m37.93s CPU   5m16.11s WALL



     Representation #   1 mode #   1

     Self-consistent Calculation

      iter #   1 total cpu time :   316.4 secs   av.it.:   6.1
      thresh= 1.000E-02 alpha_mix =  0.700 |ddv_scf|^2 =  2.534E-04

      iter #   2 total cpu time :   316.7 secs   av.it.:   8.0
      thresh= 1.592E-03 alpha_mix =  0.700 |ddv_scf|^2 =  3.378E-04

      iter #   3 total cpu time :   317.0 secs   av.it.:   7.2
      thresh= 1.838E-03 alpha_mix =  0.700 |ddv_scf|^2 =  8.063E-07

      iter #   4 total cpu time :   317.3 secs   av.it.:   8.0
      thresh= 8.979E-05 alpha_mix =  0.700 |ddv_scf|^2 =  4.189E-08

      iter #   5 total cpu time :   317.6 secs   av.it.:   8.0
      thresh= 2.047E-05 alpha_mix =  0.700 |ddv_scf|^2 =  4.936E-09

      iter #   6 total cpu time :   317.9 secs   av.it.:   8.1
      thresh= 7.026E-06 alpha_mix =  0.700 |ddv_scf|^2 =  3.892E-11

      iter #   7 total cpu time :   318.2 secs   av.it.:   7.8
      thresh= 6.239E-07 alpha_mix =  0.700 |ddv_scf|^2 =  1.767E-12

      iter #   8 total cpu time :   318.5 secs   av.it.:   7.7
      thresh= 1.329E-07 alpha_mix =  0.700 |ddv_scf|^2 =  8.411E-13

      iter #   9 total cpu time :   318.8 secs   av.it.:   7.7
      thresh= 9.171E-08 alpha_mix =  0.700 |ddv_scf|^2 =  2.252E-13

      iter #  10 total cpu time :   319.1 secs   av.it.:   7.4
      thresh= 4.746E-08 alpha_mix =  0.700 |ddv_scf|^2 =  3.675E-14

      iter #  11 total cpu time :   319.4 secs   av.it.:   7.8
      thresh= 1.917E-08 alpha_mix =  0.700 |ddv_scf|^2 =  9.241E-16

     End of self-consistent calculation

     Convergence has been achieved 


     Representation #   2 mode #   2

     Self-consistent Calculation

      iter #   1 total cpu time :   319.7 secs   av.it.:   6.1
      thresh= 1.000E-02 alpha_mix =  0.700 |ddv_scf|^2 =  2.289E-04

      iter #   2 total cpu time :   320.0 secs   av.it.:   8.0
      thresh= 1.513E-03 alpha_mix =  0.700 |ddv_scf|^2 =  3.055E-04

      iter #   3 total cpu time :   320.3 secs   av.it.:   7.2
      thresh= 1.748E-03 alpha_mix =  0.700 |ddv_scf|^2 =  5.225E-07

      iter #   4 total cpu time :   320.6 secs   av.it.:   8.0
      thresh= 7.228E-05 alpha_mix =  0.700 |ddv_scf|^2 =  3.849E-08

      iter #   5 total cpu time :   320.9 secs   av.it.:   8.1
      thresh= 1.962E-05 alpha_mix =  0.700 |ddv_scf|^2 =  4.792E-09

      iter #   6 total cpu time :   321.2 secs   av.it.:   8.0
      thresh= 6.923E-06 alpha_mix =  0.700 |ddv_scf|^2 =  4.258E-11

      iter #   7 total cpu time :   321.5 secs   av.it.:   7.9
      thresh= 6.525E-07 alpha_mix =  0.700 |ddv_scf|^2 =  1.496E-12

      iter #   8 total cpu time :   321.8 secs   av.it.:   7.7
      thresh= 1.223E-07 alpha_mix =  0.700 |ddv_scf|^2 =  3.658E-13

      iter #   9 total cpu time :   322.1 secs   av.it.:   8.0
      thresh= 6.048E-08 alpha_mix =  0.700 |ddv_scf|^2 =  2.799E-13

      iter #  10 total cpu time :   322.4 secs   av.it.:   7.3
      thresh= 5.291E-08 alpha_mix =  0.700 |ddv_scf|^2 =  1.428E-14

      iter #  11 total cpu time :   322.7 secs   av.it.:   7.7
      thresh= 1.195E-08 alpha_mix =  0.700 |ddv_scf|^2 =  2.821E-16

     End of self-consistent calculation

     Convergence has been achieved 


     Representation #   3 mode #   3

     Self-consistent Calculation

      iter #   1 total cpu time :   323.0 secs   av.it.:   6.0
      thresh= 1.000E-02 alpha_mix =  0.700 |ddv_scf|^2 =  4.415E-05

      iter #   2 total cpu time :   323.3 secs   av.it.:   8.1
      thresh= 6.645E-04 alpha_mix =  0.700 |ddv_scf|^2 =  4.403E-05

      iter #   3 total cpu time :   323.6 secs   av.it.:   7.3
      thresh= 6.636E-04 alpha_mix =  0.700 |ddv_scf|^2 =  5.108E-07

      iter #   4 total cpu time :   323.9 secs   av.it.:   8.0
      thresh= 7.147E-05 alpha_mix =  0.700 |ddv_scf|^2 =  4.529E-08

      iter #   5 total cpu time :   324.2 secs   av.it.:   8.0
      thresh= 2.128E-05 alpha_mix =  0.700 |ddv_scf|^2 =  3.889E-09

      iter #   6 total cpu time :   324.5 secs   av.it.:   8.0
      thresh= 6.236E-06 alpha_mix =  0.700 |ddv_scf|^2 =  6.481E-11

      iter #   7 total cpu time :   324.8 secs   av.it.:   8.0
      thresh= 8.051E-07 alpha_mix =  0.700 |ddv_scf|^2 =  1.570E-12

      iter #   8 total cpu time :   325.1 secs   av.it.:   7.7
      thresh= 1.253E-07 alpha_mix =  0.700 |ddv_scf|^2 =  1.295E-13

      iter #   9 total cpu time :   325.5 secs   av.it.:   8.0
      thresh= 3.599E-08 alpha_mix =  0.700 |ddv_scf|^2 =  9.730E-14

      iter #  10 total cpu time :   325.7 secs   av.it.:   7.4
      thresh= 3.119E-08 alpha_mix =  0.700 |ddv_scf|^2 =  7.025E-15

     End of self-consistent calculation

     Convergence has been achieved 


     Representation #   4 mode #   4

     Self-consistent Calculation

      iter #   1 total cpu time :   326.0 secs   av.it.:   6.1
      thresh= 1.000E-02 alpha_mix =  0.700 |ddv_scf|^2 =  6.868E-05

      iter #   2 total cpu time :   326.3 secs   av.it.:   8.2
      thresh= 8.287E-04 alpha_mix =  0.700 |ddv_scf|^2 =  7.640E-05

      iter #   3 total cpu time :   326.6 secs   av.it.:   7.4
      thresh= 8.741E-04 alpha_mix =  0.700 |ddv_scf|^2 =  8.890E-07

      iter #   4 total cpu time :   326.9 secs   av.it.:   7.8
      thresh= 9.429E-05 alpha_mix =  0.700 |ddv_scf|^2 =  4.815E-08

      iter #   5 total cpu time :   327.3 secs   av.it.:   8.0
      thresh= 2.194E-05 alpha_mix =  0.700 |ddv_scf|^2 =  3.974E-09

      iter #   6 total cpu time :   327.6 secs   av.it.:   8.1
      thresh= 6.304E-06 alpha_mix =  0.700 |ddv_scf|^2 =  7.079E-11

      iter #   7 total cpu time :   327.9 secs   av.it.:   8.0
      thresh= 8.413E-07 alpha_mix =  0.700 |ddv_scf|^2 =  1.520E-12

      iter #   8 total cpu time :   328.2 secs   av.it.:   7.4
      thresh= 1.233E-07 alpha_mix =  0.700 |ddv_scf|^2 =  2.776E-13

      iter #   9 total cpu time :   328.5 secs   av.it.:   8.0
      thresh= 5.269E-08 alpha_mix =  0.700 |ddv_scf|^2 =  2.575E-13

      iter #  10 total cpu time :   328.8 secs   av.it.:   7.3
      thresh= 5.074E-08 alpha_mix =  0.700 |ddv_scf|^2 =  1.030E-14

      iter #  11 total cpu time :   329.0 secs   av.it.:   8.0
      thresh= 1.015E-08 alpha_mix =  0.700 |ddv_scf|^2 =  1.438E-15

     End of self-consistent calculation

     Convergence has been achieved 


     Representation #   5 mode #   5

     Self-consistent Calculation

      iter #   1 total cpu time :   329.4 secs   av.it.:   5.8
      thresh= 1.000E-02 alpha_mix =  0.700 |ddv_scf|^2 =  4.917E-06

      iter #   2 total cpu time :   329.7 secs   av.it.:   7.9
      thresh= 2.218E-04 alpha_mix =  0.700 |ddv_scf|^2 =  1.030E-07

      iter #   3 total cpu time :   330.0 secs   av.it.:   7.7
      thresh= 3.209E-05 alpha_mix =  0.700 |ddv_scf|^2 =  7.756E-09

      iter #   4 total cpu time :   330.3 secs   av.it.:   7.6
      thresh= 8.807E-06 alpha_mix =  0.700 |ddv_scf|^2 =  3.838E-11

      iter #   5 total cpu time :   330.6 secs   av.it.:   7.4
      thresh= 6.195E-07 alpha_mix =  0.700 |ddv_scf|^2 =  7.841E-13

      iter #   6 total cpu time :   330.8 secs   av.it.:   7.0
      thresh= 8.855E-08 alpha_mix =  0.700 |ddv_scf|^2 =  1.214E-15

     End of self-consistent calculation

     Convergence has been achieved 


     Representation #   6 mode #   6

     Self-consistent Calculation

      iter #   1 total cpu time :   331.1 secs   av.it.:   5.8
      thresh= 1.000E-02 alpha_mix =  0.700 |ddv_scf|^2 =  4.917E-06

      iter #   2 total cpu time :   331.4 secs   av.it.:   7.9
      thresh= 2.217E-04 alpha_mix =  0.700 |ddv_scf|^2 =  1.029E-07

      iter #   3 total cpu time :   331.7 secs   av.it.:   7.7
      thresh= 3.208E-05 alpha_mix =  0.700 |ddv_scf|^2 =  7.753E-09

      iter #   4 total cpu time :   332.0 secs   av.it.:   7.6
      thresh= 8.805E-06 alpha_mix =  0.700 |ddv_scf|^2 =  3.837E-11

      iter #   5 total cpu time :   332.3 secs   av.it.:   7.4
      thresh= 6.195E-07 alpha_mix =  0.700 |ddv_scf|^2 =  7.840E-13

      iter #   6 total cpu time :   332.6 secs   av.it.:   7.1
      thresh= 8.855E-08 alpha_mix =  0.700 |ddv_scf|^2 =  1.213E-15

     End of self-consistent calculation

     Convergence has been achieved 
 
     Number of q in the star =    3
     List of q in the star:
          1   0.353553391  -0.353553391   0.589255651
          2  -0.589255651  -0.353553391  -0.353553391
          3   0.353553391   0.589255651  -0.353553391
     In addition there is the -q list: 
          1  -0.353553391   0.353553391  -0.589255651
          2   0.589255651   0.353553391   0.353553391
          3  -0.353553391  -0.589255651   0.353553391

     Diagonalizing the dynamical matrix

     q = (    0.353553391  -0.353553391   0.589255651 ) 

 **************************************************************************
     freq (    1) =      17.896983 [THz] =     596.979098 [cm-1]
     freq (    2) =      20.340382 [THz] =     678.482106 [cm-1]
     freq (    3) =      27.927364 [THz] =     931.556575 [cm-1]
     freq (    4) =      34.794121 [THz] =    1160.606961 [cm-1]
     freq (    5) =      35.979069 [THz] =    1200.132567 [cm-1]
     freq (    6) =      36.885708 [THz] =    1230.374772 [cm-1]
 **************************************************************************

     Mode symmetry, C_s (m)     point group:

     freq (   1-   1) =        597.0  [cm-1]   --> A''                
     freq (   2-   2) =        678.5  [cm-1]   --> A'                 
     freq (   3-   3) =        931.6  [cm-1]   --> A'                 
     freq (   4-   4) =       1160.6  [cm-1]   --> A''                
     freq (   5-   5) =       1200.1  [cm-1]   --> A'                 
     freq (   6-   6) =       1230.4  [cm-1]   --> A'                 

     Calculation of q =    0.2357023  -0.2357023   0.4714045
 
     Parallelization info
     --------------------
     sticks:   dense  smooth     PW     G-vecs:    dense   smooth      PW
     Min          40      40     17                  445      445     123
     Max          41      41     18                  447      447     125
     Sum         283     283    121                 3119     3119     869
 
     Using Slab Decomposition
 

     Title: 
     default                                                                    


     bravais-lattice index     =            0
     lattice parameter (alat)  =       4.7733  a.u.
     unit-cell volume          =      76.9035 (a.u.)^3
     number of atoms/cell      =            2
     number of atomic types    =            1
     number of electrons       =         8.00
     number of Kohn-Sham states=            8
     kinetic-energy cutoff     =      45.0000  Ry
     charge density cutoff     =     180.0000  Ry
     Exchange-correlation= PBE
                           (   1   4   3   4   0   0   0)

     celldm(1)=   4.773317  celldm(2)=   0.000000  celldm(3)=   0.000000
     celldm(4)=   0.000000  celldm(5)=   0.000000  celldm(6)=   0.000000

     crystal axes: (cart. coord. in units of alat)
               a(1) = (  -0.707107   0.000000   0.707107 )  
               a(2) = (   0.000000   0.707107   0.707107 )  
               a(3) = (  -0.707107   0.707107   0.000000 )  

     reciprocal axes: (cart. coord. in units 2 pi/alat)
               b(1) = ( -0.707107 -0.707107  0.707107 )  
               b(2) = (  0.707107  0.707107  0.707107 )  
               b(3) = ( -0.707107  0.707107 -0.707107 )  


     PseudoPot. # 1 for C  read from file:
     ../../pseudos/C.pbe-n-kjpaw_psl.1.0.0.UPF
     MD5 check sum: 5f16ad9a65e90284d1d834d4ab3b0f7d
     Pseudo is Projector augmented-wave + core cor, Zval =  4.0
     Generated using &quot;atomic&quot; code by A. Dal Corso  v.6.3
     Shape of augmentation charge: PSQ
     Using radial grid of 1073 points,  4 beta functions with: 
                l(1) =   0
                l(2) =   0
                l(3) =   1
                l(4) =   1
     Q(r) pseudized with 0 coefficients 


     atomic species   valence    mass     pseudopotential
     C                 4.00    12.01070     C ( 1.00)

      6 Sym. Ops. (no inversion) found



   Cartesian axes

     site n.     atom                  positions (alat units)
         1        C      tau(   1) = (   0.0000000   0.0000000   0.0000000  )
         2        C      tau(   2) = (  -0.3541036   0.3541036   0.3541036  )

     number of k points=   576

     Number of k-points >= 100: set verbosity='high' to print them.

     Dense  grid:     3119 G-vectors     FFT dimensions: (  24,  24,  24)

     Estimated max dynamical RAM per process >       0.69 MB

     Estimated total dynamical RAM >      19.25 MB

     Check: negative core charge=   -0.000077

     The potential is recalculated from file :
     ../tmp/_ph0/diamond.save/charge-density

     Starting wfcs are    8 atomic wfcs
     Checking if some PAW data can be deallocated... 

     Band Structure Calculation
     Davidson diagonalization with overlap

     ethr =  1.25E-10,  avg # of iterations = 10.4

     total cpu time spent up to now is       25.5 secs

     End of band structure calculation

     Number of k-points >= 100: set verbosity='high' to print the bands.

     highest occupied, lowest unoccupied level (ev):    13.31233097   17.40873064

     Writing config to output data dir ../tmp/_ph0/diamond.save/ :
     XML data file

     default                                                                    

     bravais-lattice index     =            0
     lattice parameter (alat)  =       4.7733  a.u.
     unit-cell volume          =      76.9035 (a.u.)^3
     number of atoms/cell      =            2
     number of atomic types    =            1
     kinetic-energy cut-off    =      45.0000  Ry
     charge density cut-off    =     180.0000  Ry
     convergence threshold     =      1.0E-14
     beta                      =       0.7000
     number of iterations used =            4
     Exchange-correlation= PBE
                           (   1   4   3   4   0   0   0)


     celldm(1)=    4.77332  celldm(2)=    0.00000  celldm(3)=    0.00000
     celldm(4)=    0.00000  celldm(5)=    0.00000  celldm(6)=    0.00000

     crystal axes: (cart. coord. in units of alat)
               a(1) = ( -0.7071  0.0000  0.7071 )  
               a(2) = (  0.0000  0.7071  0.7071 )  
               a(3) = ( -0.7071  0.7071  0.0000 )  

     reciprocal axes: (cart. coord. in units 2 pi/alat)
               b(1) = ( -0.7071 -0.7071  0.7071 )  
               b(2) = (  0.7071  0.7071  0.7071 )  
               b(3) = ( -0.7071  0.7071 -0.7071 )  


     Atoms inside the unit cell: 

     Cartesian axes

     site n.  atom      mass           positions (alat units)
        1  C      12.0107   tau(    1) = (    0.00000    0.00000    0.00000  )
        2  C      12.0107   tau(    2) = (   -0.35410    0.35410    0.35410  )

     Computing dynamical matrix for 
                    q = (   0.2357023  -0.2357023   0.4714045 )
 
      2 Sym.Ops. (no q -> -q+G )


     G cutoff =  103.8851  (    447 G-vectors)     FFT grid: ( 24, 24, 24)
     number of k points=   576

     PseudoPot. # 1 for C  read from file:
     ../../pseudos/C.pbe-n-kjpaw_psl.1.0.0.UPF
     MD5 check sum: 5f16ad9a65e90284d1d834d4ab3b0f7d
     Pseudo is Projector augmented-wave + core cor, Zval =  4.0
     Generated using &quot;atomic&quot; code by A. Dal Corso  v.6.3
     Shape of augmentation charge: PSQ
     Using radial grid of 1073 points,  4 beta functions with: 
                l(1) =   0
                l(2) =   0
                l(3) =   1
                l(4) =   1
     Q(r) pseudized with 0 coefficients 


     Mode symmetry, C_s (m)     point group:


     Atomic displacements:
     There are    6 irreducible representations

     Representation     1      1 modes -  To be done

     Representation     2      1 modes -  To be done

     Representation     3      1 modes -  To be done

     Representation     4      1 modes -  To be done

     Representation     5      1 modes -  To be done

     Representation     6      1 modes -  To be done



     Alpha used in Ewald sum =   1.9000
     PHONON       :   3m50.49s CPU   5m34.54s WALL



     Representation #   1 mode #   1

     Self-consistent Calculation

      iter #   1 total cpu time :   334.8 secs   av.it.:   6.2
      thresh= 1.000E-02 alpha_mix =  0.700 |ddv_scf|^2 =  1.781E-04

      iter #   2 total cpu time :   335.1 secs   av.it.:   8.2
      thresh= 1.334E-03 alpha_mix =  0.700 |ddv_scf|^2 =  1.664E-04

      iter #   3 total cpu time :   335.4 secs   av.it.:   7.6
      thresh= 1.290E-03 alpha_mix =  0.700 |ddv_scf|^2 =  8.697E-07

      iter #   4 total cpu time :   335.7 secs   av.it.:   7.9
      thresh= 9.326E-05 alpha_mix =  0.700 |ddv_scf|^2 =  3.863E-08

      iter #   5 total cpu time :   336.0 secs   av.it.:   8.0
      thresh= 1.965E-05 alpha_mix =  0.700 |ddv_scf|^2 =  5.121E-09

      iter #   6 total cpu time :   336.3 secs   av.it.:   8.1
      thresh= 7.156E-06 alpha_mix =  0.700 |ddv_scf|^2 =  3.772E-11

      iter #   7 total cpu time :   336.6 secs   av.it.:   7.7
      thresh= 6.142E-07 alpha_mix =  0.700 |ddv_scf|^2 =  1.644E-12

      iter #   8 total cpu time :   336.9 secs   av.it.:   7.3
      thresh= 1.282E-07 alpha_mix =  0.700 |ddv_scf|^2 =  1.219E-13

      iter #   9 total cpu time :   337.2 secs   av.it.:   8.1
      thresh= 3.492E-08 alpha_mix =  0.700 |ddv_scf|^2 =  9.642E-14

      iter #  10 total cpu time :   337.5 secs   av.it.:   7.6
      thresh= 3.105E-08 alpha_mix =  0.700 |ddv_scf|^2 =  2.502E-15

     End of self-consistent calculation

     Convergence has been achieved 


     Representation #   2 mode #   2

     Self-consistent Calculation

      iter #   1 total cpu time :   337.8 secs   av.it.:   6.1
      thresh= 1.000E-02 alpha_mix =  0.700 |ddv_scf|^2 =  6.830E-05

      iter #   2 total cpu time :   338.1 secs   av.it.:   8.2
      thresh= 8.264E-04 alpha_mix =  0.700 |ddv_scf|^2 =  5.105E-05

      iter #   3 total cpu time :   338.4 secs   av.it.:   7.7
      thresh= 7.145E-04 alpha_mix =  0.700 |ddv_scf|^2 =  8.284E-07

      iter #   4 total cpu time :   338.7 secs   av.it.:   7.8
      thresh= 9.102E-05 alpha_mix =  0.700 |ddv_scf|^2 =  3.547E-08

      iter #   5 total cpu time :   339.0 secs   av.it.:   8.0
      thresh= 1.883E-05 alpha_mix =  0.700 |ddv_scf|^2 =  5.153E-09

      iter #   6 total cpu time :   339.3 secs   av.it.:   8.0
      thresh= 7.178E-06 alpha_mix =  0.700 |ddv_scf|^2 =  7.270E-11

      iter #   7 total cpu time :   339.7 secs   av.it.:   8.0
      thresh= 8.527E-07 alpha_mix =  0.700 |ddv_scf|^2 =  1.386E-12

      iter #   8 total cpu time :   340.0 secs   av.it.:   7.3
      thresh= 1.177E-07 alpha_mix =  0.700 |ddv_scf|^2 =  4.112E-14

      iter #   9 total cpu time :   340.3 secs   av.it.:   8.1
      thresh= 2.028E-08 alpha_mix =  0.700 |ddv_scf|^2 =  2.335E-14

      iter #  10 total cpu time :   340.5 secs   av.it.:   7.7
      thresh= 1.528E-08 alpha_mix =  0.700 |ddv_scf|^2 =  6.064E-16

     End of self-consistent calculation

     Convergence has been achieved 


     Representation #   3 mode #   3

     Self-consistent Calculation

      iter #   1 total cpu time :   340.8 secs   av.it.:   6.0
      thresh= 1.000E-02 alpha_mix =  0.700 |ddv_scf|^2 =  2.574E-05

      iter #   2 total cpu time :   341.2 secs   av.it.:   8.2
      thresh= 5.073E-04 alpha_mix =  0.700 |ddv_scf|^2 =  1.575E-05

      iter #   3 total cpu time :   341.5 secs   av.it.:   7.7
      thresh= 3.968E-04 alpha_mix =  0.700 |ddv_scf|^2 =  4.274E-07

      iter #   4 total cpu time :   341.8 secs   av.it.:   7.9
      thresh= 6.538E-05 alpha_mix =  0.700 |ddv_scf|^2 =  3.173E-08

      iter #   5 total cpu time :   342.1 secs   av.it.:   8.1
      thresh= 1.781E-05 alpha_mix =  0.700 |ddv_scf|^2 =  3.597E-09

      iter #   6 total cpu time :   342.4 secs   av.it.:   8.1
      thresh= 5.998E-06 alpha_mix =  0.700 |ddv_scf|^2 =  1.263E-10

      iter #   7 total cpu time :   342.7 secs   av.it.:   8.1
      thresh= 1.124E-06 alpha_mix =  0.700 |ddv_scf|^2 =  1.319E-12

      iter #   8 total cpu time :   343.0 secs   av.it.:   7.4
      thresh= 1.148E-07 alpha_mix =  0.700 |ddv_scf|^2 =  1.097E-13

      iter #   9 total cpu time :   343.3 secs   av.it.:   7.8
      thresh= 3.313E-08 alpha_mix =  0.700 |ddv_scf|^2 =  2.056E-14

      iter #  10 total cpu time :   343.6 secs   av.it.:   7.7
      thresh= 1.434E-08 alpha_mix =  0.700 |ddv_scf|^2 =  1.239E-15

     End of self-consistent calculation

     Convergence has been achieved 


     Representation #   4 mode #   4

     Self-consistent Calculation

      iter #   1 total cpu time :   343.9 secs   av.it.:   6.1
      thresh= 1.000E-02 alpha_mix =  0.700 |ddv_scf|^2 =  1.355E-04

      iter #   2 total cpu time :   344.2 secs   av.it.:   8.1
      thresh= 1.164E-03 alpha_mix =  0.700 |ddv_scf|^2 =  1.311E-04

      iter #   3 total cpu time :   344.5 secs   av.it.:   7.5
      thresh= 1.145E-03 alpha_mix =  0.700 |ddv_scf|^2 =  4.708E-07

      iter #   4 total cpu time :   344.8 secs   av.it.:   8.1
      thresh= 6.861E-05 alpha_mix =  0.700 |ddv_scf|^2 =  4.970E-08

      iter #   5 total cpu time :   345.1 secs   av.it.:   8.0
      thresh= 2.229E-05 alpha_mix =  0.700 |ddv_scf|^2 =  3.106E-09

      iter #   6 total cpu time :   345.4 secs   av.it.:   8.1
      thresh= 5.573E-06 alpha_mix =  0.700 |ddv_scf|^2 =  7.671E-11

      iter #   7 total cpu time :   345.7 secs   av.it.:   8.0
      thresh= 8.758E-07 alpha_mix =  0.700 |ddv_scf|^2 =  1.545E-12

      iter #   8 total cpu time :   346.0 secs   av.it.:   7.2
      thresh= 1.243E-07 alpha_mix =  0.700 |ddv_scf|^2 =  1.362E-13

      iter #   9 total cpu time :   346.3 secs   av.it.:   8.1
      thresh= 3.691E-08 alpha_mix =  0.700 |ddv_scf|^2 =  8.969E-14

      iter #  10 total cpu time :   346.6 secs   av.it.:   7.6
      thresh= 2.995E-08 alpha_mix =  0.700 |ddv_scf|^2 =  1.937E-15

     End of self-consistent calculation

     Convergence has been achieved 


     Representation #   5 mode #   5

     Self-consistent Calculation

      iter #   1 total cpu time :   346.9 secs   av.it.:   5.8
      thresh= 1.000E-02 alpha_mix =  0.700 |ddv_scf|^2 =  5.974E-06

      iter #   2 total cpu time :   347.2 secs   av.it.:   7.9
      thresh= 2.444E-04 alpha_mix =  0.700 |ddv_scf|^2 =  1.150E-07

      iter #   3 total cpu time :   347.5 secs   av.it.:   7.8
      thresh= 3.392E-05 alpha_mix =  0.700 |ddv_scf|^2 =  9.395E-09

      iter #   4 total cpu time :   347.8 secs   av.it.:   7.6
      thresh= 9.693E-06 alpha_mix =  0.700 |ddv_scf|^2 =  4.409E-11

      iter #   5 total cpu time :   348.1 secs   av.it.:   7.5
      thresh= 6.640E-07 alpha_mix =  0.700 |ddv_scf|^2 =  8.552E-13

      iter #   6 total cpu time :   348.4 secs   av.it.:   7.2
      thresh= 9.248E-08 alpha_mix =  0.700 |ddv_scf|^2 =  9.102E-16

     End of self-consistent calculation

     Convergence has been achieved 


     Representation #   6 mode #   6

     Self-consistent Calculation

      iter #   1 total cpu time :   348.7 secs   av.it.:   5.8
      thresh= 1.000E-02 alpha_mix =  0.700 |ddv_scf|^2 =  5.974E-06

      iter #   2 total cpu time :   349.0 secs   av.it.:   7.9
      thresh= 2.444E-04 alpha_mix =  0.700 |ddv_scf|^2 =  1.150E-07

      iter #   3 total cpu time :   349.3 secs   av.it.:   7.8
      thresh= 3.391E-05 alpha_mix =  0.700 |ddv_scf|^2 =  9.391E-09

      iter #   4 total cpu time :   349.6 secs   av.it.:   7.6
      thresh= 9.691E-06 alpha_mix =  0.700 |ddv_scf|^2 =  4.409E-11

      iter #   5 total cpu time :   349.9 secs   av.it.:   7.5
      thresh= 6.640E-07 alpha_mix =  0.700 |ddv_scf|^2 =  8.551E-13

      iter #   6 total cpu time :   350.1 secs   av.it.:   7.2
      thresh= 9.247E-08 alpha_mix =  0.700 |ddv_scf|^2 =  9.095E-16

     End of self-consistent calculation

     Convergence has been achieved 
 
     Number of q in the star =    3
     List of q in the star:
          1   0.235702260  -0.235702260   0.471404521
          2  -0.471404521  -0.235702260  -0.235702260
          3   0.235702260   0.471404521  -0.235702260
     In addition there is the -q list: 
          1  -0.235702260   0.235702260  -0.471404521
          2   0.471404521   0.235702260   0.235702260
          3  -0.235702260  -0.471404521   0.235702260

     Diagonalizing the dynamical matrix

     q = (    0.235702260  -0.235702260   0.471404521 ) 

 **************************************************************************
     freq (    1) =      18.455881 [THz] =     615.621934 [cm-1]
     freq (    2) =      20.986285 [THz] =     700.027110 [cm-1]
     freq (    3) =      29.844253 [THz] =     995.497120 [cm-1]
     freq (    4) =      34.675326 [THz] =    1156.644379 [cm-1]
     freq (    5) =      35.176270 [THz] =    1173.354058 [cm-1]
     freq (    6) =      36.641692 [THz] =    1222.235299 [cm-1]
 **************************************************************************

     Mode symmetry, C_s (m)     point group:

     freq (   1-   1) =        615.6  [cm-1]   --> A''                
     freq (   2-   2) =        700.0  [cm-1]   --> A'                 
     freq (   3-   3) =        995.5  [cm-1]   --> A'                 
     freq (   4-   4) =       1156.6  [cm-1]   --> A''                
     freq (   5-   5) =       1173.4  [cm-1]   --> A'                 
     freq (   6-   6) =       1222.2  [cm-1]   --> A'                 

     Calculation of q =    0.1178511  -0.1178511   0.3535534
 
     Parallelization info
     --------------------
     sticks:   dense  smooth     PW     G-vecs:    dense   smooth      PW
     Min          40      40     15                  445      445     105
     Max          41      41     16                  447      447     108
     Sum         283     283    109                 3119     3119     749
 
     Using Slab Decomposition
 

     Title: 
     default                                                                    


     bravais-lattice index     =            0
     lattice parameter (alat)  =       4.7733  a.u.
     unit-cell volume          =      76.9035 (a.u.)^3
     number of atoms/cell      =            2
     number of atomic types    =            1
     number of electrons       =         8.00
     number of Kohn-Sham states=            8
     kinetic-energy cutoff     =      45.0000  Ry
     charge density cutoff     =     180.0000  Ry
     Exchange-correlation= PBE
                           (   1   4   3   4   0   0   0)

     celldm(1)=   4.773317  celldm(2)=   0.000000  celldm(3)=   0.000000
     celldm(4)=   0.000000  celldm(5)=   0.000000  celldm(6)=   0.000000

     crystal axes: (cart. coord. in units of alat)
               a(1) = (  -0.707107   0.000000   0.707107 )  
               a(2) = (   0.000000   0.707107   0.707107 )  
               a(3) = (  -0.707107   0.707107   0.000000 )  

     reciprocal axes: (cart. coord. in units 2 pi/alat)
               b(1) = ( -0.707107 -0.707107  0.707107 )  
               b(2) = (  0.707107  0.707107  0.707107 )  
               b(3) = ( -0.707107  0.707107 -0.707107 )  


     PseudoPot. # 1 for C  read from file:
     ../../pseudos/C.pbe-n-kjpaw_psl.1.0.0.UPF
     MD5 check sum: 5f16ad9a65e90284d1d834d4ab3b0f7d
     Pseudo is Projector augmented-wave + core cor, Zval =  4.0
     Generated using &quot;atomic&quot; code by A. Dal Corso  v.6.3
     Shape of augmentation charge: PSQ
     Using radial grid of 1073 points,  4 beta functions with: 
                l(1) =   0
                l(2) =   0
                l(3) =   1
                l(4) =   1
     Q(r) pseudized with 0 coefficients 


     atomic species   valence    mass     pseudopotential
     C                 4.00    12.01070     C ( 1.00)

      6 Sym. Ops. (no inversion) found



   Cartesian axes

     site n.     atom                  positions (alat units)
         1        C      tau(   1) = (   0.0000000   0.0000000   0.0000000  )
         2        C      tau(   2) = (  -0.3541036   0.3541036   0.3541036  )

     number of k points=   576

     Number of k-points >= 100: set verbosity='high' to print them.

     Dense  grid:     3119 G-vectors     FFT dimensions: (  24,  24,  24)

     Estimated max dynamical RAM per process >       0.68 MB

     Estimated total dynamical RAM >      19.10 MB

     Check: negative core charge=   -0.000077

     The potential is recalculated from file :
     ../tmp/_ph0/diamond.save/charge-density

     Starting wfcs are    8 atomic wfcs
     Checking if some PAW data can be deallocated... 

     Band Structure Calculation
     Davidson diagonalization with overlap

     ethr =  1.25E-10,  avg # of iterations = 10.4

     total cpu time spent up to now is       26.8 secs

     End of band structure calculation

     Number of k-points >= 100: set verbosity='high' to print the bands.

     highest occupied, lowest unoccupied level (ev):    13.31233097   17.40873064

     Writing config to output data dir ../tmp/_ph0/diamond.save/ :
     XML data file

     default                                                                    

     bravais-lattice index     =            0
     lattice parameter (alat)  =       4.7733  a.u.
     unit-cell volume          =      76.9035 (a.u.)^3
     number of atoms/cell      =            2
     number of atomic types    =            1
     kinetic-energy cut-off    =      45.0000  Ry
     charge density cut-off    =     180.0000  Ry
     convergence threshold     =      1.0E-14
     beta                      =       0.7000
     number of iterations used =            4
     Exchange-correlation= PBE
                           (   1   4   3   4   0   0   0)


     celldm(1)=    4.77332  celldm(2)=    0.00000  celldm(3)=    0.00000
     celldm(4)=    0.00000  celldm(5)=    0.00000  celldm(6)=    0.00000

     crystal axes: (cart. coord. in units of alat)
               a(1) = ( -0.7071  0.0000  0.7071 )  
               a(2) = (  0.0000  0.7071  0.7071 )  
               a(3) = ( -0.7071  0.7071  0.0000 )  

     reciprocal axes: (cart. coord. in units 2 pi/alat)
               b(1) = ( -0.7071 -0.7071  0.7071 )  
               b(2) = (  0.7071  0.7071  0.7071 )  
               b(3) = ( -0.7071  0.7071 -0.7071 )  


     Atoms inside the unit cell: 

     Cartesian axes

     site n.  atom      mass           positions (alat units)
        1  C      12.0107   tau(    1) = (    0.00000    0.00000    0.00000  )
        2  C      12.0107   tau(    2) = (   -0.35410    0.35410    0.35410  )

     Computing dynamical matrix for 
                    q = (   0.1178511  -0.1178511   0.3535534 )
 
      2 Sym.Ops. (no q -> -q+G )


     G cutoff =  103.8851  (    447 G-vectors)     FFT grid: ( 24, 24, 24)
     number of k points=   576

     PseudoPot. # 1 for C  read from file:
     ../../pseudos/C.pbe-n-kjpaw_psl.1.0.0.UPF
     MD5 check sum: 5f16ad9a65e90284d1d834d4ab3b0f7d
     Pseudo is Projector augmented-wave + core cor, Zval =  4.0
     Generated using &quot;atomic&quot; code by A. Dal Corso  v.6.3
     Shape of augmentation charge: PSQ
     Using radial grid of 1073 points,  4 beta functions with: 
                l(1) =   0
                l(2) =   0
                l(3) =   1
                l(4) =   1
     Q(r) pseudized with 0 coefficients 


     Mode symmetry, C_s (m)     point group:


     Atomic displacements:
     There are    6 irreducible representations

     Representation     1      1 modes -  To be done

     Representation     2      1 modes -  To be done

     Representation     3      1 modes -  To be done

     Representation     4      1 modes -  To be done

     Representation     5      1 modes -  To be done

     Representation     6      1 modes -  To be done



     Alpha used in Ewald sum =   1.9000
     PHONON       :   4m 2.48s CPU   5m52.06s WALL



     Representation #   1 mode #   1

     Self-consistent Calculation

      iter #   1 total cpu time :   352.3 secs   av.it.:   6.2
      thresh= 1.000E-02 alpha_mix =  0.700 |ddv_scf|^2 =  6.711E-04

      iter #   2 total cpu time :   352.6 secs   av.it.:   7.8
      thresh= 2.591E-03 alpha_mix =  0.700 |ddv_scf|^2 =  1.883E-03

      iter #   3 total cpu time :   352.9 secs   av.it.:   6.8
      thresh= 4.339E-03 alpha_mix =  0.700 |ddv_scf|^2 =  4.296E-07

      iter #   4 total cpu time :   353.2 secs   av.it.:   8.2
      thresh= 6.555E-05 alpha_mix =  0.700 |ddv_scf|^2 =  5.794E-08

      iter #   5 total cpu time :   353.5 secs   av.it.:   8.1
      thresh= 2.407E-05 alpha_mix =  0.700 |ddv_scf|^2 =  3.491E-09

      iter #   6 total cpu time :   353.8 secs   av.it.:   8.1
      thresh= 5.909E-06 alpha_mix =  0.700 |ddv_scf|^2 =  3.494E-11

      iter #   7 total cpu time :   354.1 secs   av.it.:   7.9
      thresh= 5.911E-07 alpha_mix =  0.700 |ddv_scf|^2 =  1.798E-12

      iter #   8 total cpu time :   354.4 secs   av.it.:   7.8
      thresh= 1.341E-07 alpha_mix =  0.700 |ddv_scf|^2 =  3.421E-12

      iter #   9 total cpu time :   354.7 secs   av.it.:   7.0
      thresh= 1.850E-07 alpha_mix =  0.700 |ddv_scf|^2 =  3.217E-13

      iter #  10 total cpu time :   354.9 secs   av.it.:   7.2
      thresh= 5.671E-08 alpha_mix =  0.700 |ddv_scf|^2 =  6.470E-14

      iter #  11 total cpu time :   355.2 secs   av.it.:   7.8
      thresh= 2.544E-08 alpha_mix =  0.700 |ddv_scf|^2 =  2.871E-15

     End of self-consistent calculation

     Convergence has been achieved 


     Representation #   2 mode #   2

     Self-consistent Calculation

      iter #   1 total cpu time :   355.5 secs   av.it.:   6.0
      thresh= 1.000E-02 alpha_mix =  0.700 |ddv_scf|^2 =  8.811E-05

      iter #   2 total cpu time :   355.8 secs   av.it.:   7.9
      thresh= 9.387E-04 alpha_mix =  0.700 |ddv_scf|^2 =  2.350E-04

      iter #   3 total cpu time :   356.1 secs   av.it.:   6.8
      thresh= 1.533E-03 alpha_mix =  0.700 |ddv_scf|^2 =  2.414E-07

      iter #   4 total cpu time :   356.4 secs   av.it.:   8.1
      thresh= 4.914E-05 alpha_mix =  0.700 |ddv_scf|^2 =  2.580E-08

      iter #   5 total cpu time :   356.7 secs   av.it.:   8.2
      thresh= 1.606E-05 alpha_mix =  0.700 |ddv_scf|^2 =  4.181E-09

      iter #   6 total cpu time :   357.0 secs   av.it.:   8.1
      thresh= 6.466E-06 alpha_mix =  0.700 |ddv_scf|^2 =  9.765E-11

      iter #   7 total cpu time :   357.3 secs   av.it.:   7.6
      thresh= 9.882E-07 alpha_mix =  0.700 |ddv_scf|^2 =  1.036E-12

      iter #   8 total cpu time :   357.6 secs   av.it.:   7.3
      thresh= 1.018E-07 alpha_mix =  0.700 |ddv_scf|^2 =  1.811E-13

      iter #   9 total cpu time :   357.9 secs   av.it.:   7.7
      thresh= 4.256E-08 alpha_mix =  0.700 |ddv_scf|^2 =  1.637E-13

      iter #  10 total cpu time :   358.2 secs   av.it.:   7.0
      thresh= 4.046E-08 alpha_mix =  0.700 |ddv_scf|^2 =  1.230E-14

      iter #  11 total cpu time :   358.4 secs   av.it.:   7.5
      thresh= 1.109E-08 alpha_mix =  0.700 |ddv_scf|^2 =  3.618E-16

     End of self-consistent calculation

     Convergence has been achieved 


     Representation #   3 mode #   3

     Self-consistent Calculation

      iter #   1 total cpu time :   358.7 secs   av.it.:   6.1
      thresh= 1.000E-02 alpha_mix =  0.700 |ddv_scf|^2 =  2.099E-04

      iter #   2 total cpu time :   359.0 secs   av.it.:   7.8
      thresh= 1.449E-03 alpha_mix =  0.700 |ddv_scf|^2 =  5.633E-04

      iter #   3 total cpu time :   359.3 secs   av.it.:   6.8
      thresh= 2.373E-03 alpha_mix =  0.700 |ddv_scf|^2 =  3.350E-07

      iter #   4 total cpu time :   359.6 secs   av.it.:   8.1
      thresh= 5.788E-05 alpha_mix =  0.700 |ddv_scf|^2 =  5.011E-08

      iter #   5 total cpu time :   359.9 secs   av.it.:   8.0
      thresh= 2.238E-05 alpha_mix =  0.700 |ddv_scf|^2 =  1.925E-09

      iter #   6 total cpu time :   360.2 secs   av.it.:   8.1
      thresh= 4.387E-06 alpha_mix =  0.700 |ddv_scf|^2 =  2.367E-11

      iter #   7 total cpu time :   360.5 secs   av.it.:   8.0
      thresh= 4.865E-07 alpha_mix =  0.700 |ddv_scf|^2 =  1.748E-12

      iter #   8 total cpu time :   360.8 secs   av.it.:   7.7
      thresh= 1.322E-07 alpha_mix =  0.700 |ddv_scf|^2 =  2.632E-12

      iter #   9 total cpu time :   361.1 secs   av.it.:   6.9
      thresh= 1.622E-07 alpha_mix =  0.700 |ddv_scf|^2 =  8.979E-14

      iter #  10 total cpu time :   361.4 secs   av.it.:   7.4
      thresh= 2.997E-08 alpha_mix =  0.700 |ddv_scf|^2 =  2.567E-14

      iter #  11 total cpu time :   361.6 secs   av.it.:   7.3
      thresh= 1.602E-08 alpha_mix =  0.700 |ddv_scf|^2 =  8.192E-16

     End of self-consistent calculation

     Convergence has been achieved 


     Representation #   4 mode #   4

     Self-consistent Calculation

      iter #   1 total cpu time :   362.0 secs   av.it.:   6.3
      thresh= 1.000E-02 alpha_mix =  0.700 |ddv_scf|^2 =  7.927E-04

      iter #   2 total cpu time :   362.2 secs   av.it.:   7.7
      thresh= 2.816E-03 alpha_mix =  0.700 |ddv_scf|^2 =  2.210E-03

      iter #   3 total cpu time :   362.5 secs   av.it.:   6.8
      thresh= 4.701E-03 alpha_mix =  0.700 |ddv_scf|^2 =  4.916E-07

      iter #   4 total cpu time :   362.8 secs   av.it.:   8.2
      thresh= 7.011E-05 alpha_mix =  0.700 |ddv_scf|^2 =  7.269E-08

      iter #   5 total cpu time :   363.1 secs   av.it.:   8.0
      thresh= 2.696E-05 alpha_mix =  0.700 |ddv_scf|^2 =  2.282E-09

      iter #   6 total cpu time :   363.4 secs   av.it.:   8.1
      thresh= 4.777E-06 alpha_mix =  0.700 |ddv_scf|^2 =  2.936E-11

      iter #   7 total cpu time :   363.7 secs   av.it.:   8.0
      thresh= 5.419E-07 alpha_mix =  0.700 |ddv_scf|^2 =  1.980E-12

      iter #   8 total cpu time :   364.0 secs   av.it.:   7.7
      thresh= 1.407E-07 alpha_mix =  0.700 |ddv_scf|^2 =  3.025E-12

      iter #   9 total cpu time :   364.3 secs   av.it.:   7.0
      thresh= 1.739E-07 alpha_mix =  0.700 |ddv_scf|^2 =  2.325E-13

      iter #  10 total cpu time :   364.6 secs   av.it.:   7.4
      thresh= 4.822E-08 alpha_mix =  0.700 |ddv_scf|^2 =  7.369E-14

      iter #  11 total cpu time :   364.9 secs   av.it.:   7.6
      thresh= 2.715E-08 alpha_mix =  0.700 |ddv_scf|^2 =  1.290E-15

     End of self-consistent calculation

     Convergence has been achieved 


     Representation #   5 mode #   5

     Self-consistent Calculation

      iter #   1 total cpu time :   365.2 secs   av.it.:   5.8
      thresh= 1.000E-02 alpha_mix =  0.700 |ddv_scf|^2 =  5.978E-06

      iter #   2 total cpu time :   365.4 secs   av.it.:   7.9
      thresh= 2.445E-04 alpha_mix =  0.700 |ddv_scf|^2 =  1.161E-07

      iter #   3 total cpu time :   365.7 secs   av.it.:   7.8
      thresh= 3.407E-05 alpha_mix =  0.700 |ddv_scf|^2 =  9.319E-09

      iter #   4 total cpu time :   366.0 secs   av.it.:   7.6
      thresh= 9.653E-06 alpha_mix =  0.700 |ddv_scf|^2 =  4.648E-11

      iter #   5 total cpu time :   366.3 secs   av.it.:   7.6
      thresh= 6.818E-07 alpha_mix =  0.700 |ddv_scf|^2 =  8.194E-13

      iter #   6 total cpu time :   366.6 secs   av.it.:   7.2
      thresh= 9.052E-08 alpha_mix =  0.700 |ddv_scf|^2 =  8.852E-16

     End of self-consistent calculation

     Convergence has been achieved 


     Representation #   6 mode #   6

     Self-consistent Calculation

      iter #   1 total cpu time :   366.9 secs   av.it.:   5.8
      thresh= 1.000E-02 alpha_mix =  0.700 |ddv_scf|^2 =  5.978E-06

      iter #   2 total cpu time :   367.2 secs   av.it.:   7.9
      thresh= 2.445E-04 alpha_mix =  0.700 |ddv_scf|^2 =  1.161E-07

      iter #   3 total cpu time :   367.5 secs   av.it.:   7.8
      thresh= 3.407E-05 alpha_mix =  0.700 |ddv_scf|^2 =  9.315E-09

      iter #   4 total cpu time :   367.8 secs   av.it.:   7.6
      thresh= 9.651E-06 alpha_mix =  0.700 |ddv_scf|^2 =  4.648E-11

      iter #   5 total cpu time :   368.0 secs   av.it.:   7.6
      thresh= 6.818E-07 alpha_mix =  0.700 |ddv_scf|^2 =  8.192E-13

      iter #   6 total cpu time :   368.3 secs   av.it.:   7.2
      thresh= 9.051E-08 alpha_mix =  0.700 |ddv_scf|^2 =  8.846E-16

     End of self-consistent calculation

     Convergence has been achieved 
 
     Number of q in the star =    3
     List of q in the star:
          1   0.117851130  -0.117851130   0.353553391
          2  -0.353553391  -0.117851130  -0.117851130
          3   0.117851130   0.353553391  -0.117851130
     In addition there is the -q list: 
          1  -0.117851130   0.117851130  -0.353553391
          2   0.353553391   0.117851130   0.117851130
          3  -0.117851130  -0.353553391   0.117851130

     Diagonalizing the dynamical matrix

     q = (    0.117851130  -0.117851130   0.353553391 ) 

 **************************************************************************
     freq (    1) =      15.859973 [THz] =     529.031744 [cm-1]
     freq (    2) =      17.507534 [THz] =     583.988467 [cm-1]
     freq (    3) =      23.412911 [THz] =     780.970654 [cm-1]
     freq (    4) =      35.757016 [THz] =    1192.725677 [cm-1]
     freq (    5) =      35.780397 [THz] =    1193.505587 [cm-1]
     freq (    6) =      38.635369 [THz] =    1288.737188 [cm-1]
 **************************************************************************

     Mode symmetry, C_s (m)     point group:

     freq (   1-   1) =        529.0  [cm-1]   --> A''                
     freq (   2-   2) =        584.0  [cm-1]   --> A'                 
     freq (   3-   3) =        781.0  [cm-1]   --> A'                 
     freq (   4-   4) =       1192.7  [cm-1]   --> A'                 
     freq (   5-   5) =       1193.5  [cm-1]   --> A''                
     freq (   6-   6) =       1288.7  [cm-1]   --> A'                 

     Calculation of q =   -0.1178511   0.3535534   0.1178511
 
     Parallelization info
     --------------------
     sticks:   dense  smooth     PW     G-vecs:    dense   smooth      PW
     Min          40      40     15                  445      445     105
     Max          41      41     16                  447      447     108
     Sum         283     283    109                 3119     3119     749
 
     Using Slab Decomposition
 

     Title: 
     default                                                                    


     bravais-lattice index     =            0
     lattice parameter (alat)  =       4.7733  a.u.
     unit-cell volume          =      76.9035 (a.u.)^3
     number of atoms/cell      =            2
     number of atomic types    =            1
     number of electrons       =         8.00
     number of Kohn-Sham states=            8
     kinetic-energy cutoff     =      45.0000  Ry
     charge density cutoff     =     180.0000  Ry
     Exchange-correlation= PBE
                           (   1   4   3   4   0   0   0)

     celldm(1)=   4.773317  celldm(2)=   0.000000  celldm(3)=   0.000000
     celldm(4)=   0.000000  celldm(5)=   0.000000  celldm(6)=   0.000000

     crystal axes: (cart. coord. in units of alat)
               a(1) = (  -0.707107   0.000000   0.707107 )  
               a(2) = (   0.000000   0.707107   0.707107 )  
               a(3) = (  -0.707107   0.707107   0.000000 )  

     reciprocal axes: (cart. coord. in units 2 pi/alat)
               b(1) = ( -0.707107 -0.707107  0.707107 )  
               b(2) = (  0.707107  0.707107  0.707107 )  
               b(3) = ( -0.707107  0.707107 -0.707107 )  


     PseudoPot. # 1 for C  read from file:
     ../../pseudos/C.pbe-n-kjpaw_psl.1.0.0.UPF
     MD5 check sum: 5f16ad9a65e90284d1d834d4ab3b0f7d
     Pseudo is Projector augmented-wave + core cor, Zval =  4.0
     Generated using &quot;atomic&quot; code by A. Dal Corso  v.6.3
     Shape of augmentation charge: PSQ
     Using radial grid of 1073 points,  4 beta functions with: 
                l(1) =   0
                l(2) =   0
                l(3) =   1
                l(4) =   1
     Q(r) pseudized with 0 coefficients 


     atomic species   valence    mass     pseudopotential
     C                 4.00    12.01070     C ( 1.00)

      6 Sym. Ops. (no inversion) found



   Cartesian axes

     site n.     atom                  positions (alat units)
         1        C      tau(   1) = (   0.0000000   0.0000000   0.0000000  )
         2        C      tau(   2) = (  -0.3541036   0.3541036   0.3541036  )

     number of k points=   576

     Number of k-points >= 100: set verbosity='high' to print them.

     Dense  grid:     3119 G-vectors     FFT dimensions: (  24,  24,  24)

     Estimated max dynamical RAM per process >       0.68 MB

     Estimated total dynamical RAM >      19.10 MB

     Check: negative core charge=   -0.000077

     The potential is recalculated from file :
     ../tmp/_ph0/diamond.save/charge-density

     Starting wfcs are    8 atomic wfcs
     Checking if some PAW data can be deallocated... 

     Band Structure Calculation
     Davidson diagonalization with overlap

     ethr =  1.25E-10,  avg # of iterations = 10.4

     total cpu time spent up to now is       28.1 secs

     End of band structure calculation

     Number of k-points >= 100: set verbosity='high' to print the bands.

     highest occupied, lowest unoccupied level (ev):    13.31233097   17.40873064

     Writing config to output data dir ../tmp/_ph0/diamond.save/ :
     XML data file

     default                                                                    

     bravais-lattice index     =            0
     lattice parameter (alat)  =       4.7733  a.u.
     unit-cell volume          =      76.9035 (a.u.)^3
     number of atoms/cell      =            2
     number of atomic types    =            1
     kinetic-energy cut-off    =      45.0000  Ry
     charge density cut-off    =     180.0000  Ry
     convergence threshold     =      1.0E-14
     beta                      =       0.7000
     number of iterations used =            4
     Exchange-correlation= PBE
                           (   1   4   3   4   0   0   0)


     celldm(1)=    4.77332  celldm(2)=    0.00000  celldm(3)=    0.00000
     celldm(4)=    0.00000  celldm(5)=    0.00000  celldm(6)=    0.00000

     crystal axes: (cart. coord. in units of alat)
               a(1) = ( -0.7071  0.0000  0.7071 )  
               a(2) = (  0.0000  0.7071  0.7071 )  
               a(3) = ( -0.7071  0.7071  0.0000 )  

     reciprocal axes: (cart. coord. in units 2 pi/alat)
               b(1) = ( -0.7071 -0.7071  0.7071 )  
               b(2) = (  0.7071  0.7071  0.7071 )  
               b(3) = ( -0.7071  0.7071 -0.7071 )  


     Atoms inside the unit cell: 

     Cartesian axes

     site n.  atom      mass           positions (alat units)
        1  C      12.0107   tau(    1) = (    0.00000    0.00000    0.00000  )
        2  C      12.0107   tau(    2) = (   -0.35410    0.35410    0.35410  )

     Computing dynamical matrix for 
                    q = (  -0.1178511   0.3535534   0.1178511 )
 
      2 Sym.Ops. (no q -> -q+G )


     G cutoff =  103.8851  (    447 G-vectors)     FFT grid: ( 24, 24, 24)
     number of k points=   576

     PseudoPot. # 1 for C  read from file:
     ../../pseudos/C.pbe-n-kjpaw_psl.1.0.0.UPF
     MD5 check sum: 5f16ad9a65e90284d1d834d4ab3b0f7d
     Pseudo is Projector augmented-wave + core cor, Zval =  4.0
     Generated using &quot;atomic&quot; code by A. Dal Corso  v.6.3
     Shape of augmentation charge: PSQ
     Using radial grid of 1073 points,  4 beta functions with: 
                l(1) =   0
                l(2) =   0
                l(3) =   1
                l(4) =   1
     Q(r) pseudized with 0 coefficients 


     Mode symmetry, C_s (m)     point group:


     Atomic displacements:
     There are    6 irreducible representations

     Representation     1      1 modes -  To be done

     Representation     2      1 modes -  To be done

     Representation     3      1 modes -  To be done

     Representation     4      1 modes -  To be done

     Representation     5      1 modes -  To be done

     Representation     6      1 modes -  To be done



     Alpha used in Ewald sum =   1.9000
     PHONON       :   4m14.77s CPU   6m10.23s WALL



     Representation #   1 mode #   1

     Self-consistent Calculation

      iter #   1 total cpu time :   370.5 secs   av.it.:   6.1
      thresh= 1.000E-02 alpha_mix =  0.700 |ddv_scf|^2 =  2.019E-04

      iter #   2 total cpu time :   370.8 secs   av.it.:   7.8
      thresh= 1.421E-03 alpha_mix =  0.700 |ddv_scf|^2 =  5.457E-04

      iter #   3 total cpu time :   371.0 secs   av.it.:   6.8
      thresh= 2.336E-03 alpha_mix =  0.700 |ddv_scf|^2 =  2.664E-07

      iter #   4 total cpu time :   371.3 secs   av.it.:   8.1
      thresh= 5.161E-05 alpha_mix =  0.700 |ddv_scf|^2 =  3.590E-08

      iter #   5 total cpu time :   371.6 secs   av.it.:   8.1
      thresh= 1.895E-05 alpha_mix =  0.700 |ddv_scf|^2 =  2.683E-09

      iter #   6 total cpu time :   372.0 secs   av.it.:   8.1
      thresh= 5.180E-06 alpha_mix =  0.700 |ddv_scf|^2 =  2.549E-11

      iter #   7 total cpu time :   372.3 secs   av.it.:   8.0
      thresh= 5.049E-07 alpha_mix =  0.700 |ddv_scf|^2 =  1.601E-12

      iter #   8 total cpu time :   372.5 secs   av.it.:   7.8
      thresh= 1.265E-07 alpha_mix =  0.700 |ddv_scf|^2 =  2.301E-12

      iter #   9 total cpu time :   372.8 secs   av.it.:   7.0
      thresh= 1.517E-07 alpha_mix =  0.700 |ddv_scf|^2 =  9.081E-14

      iter #  10 total cpu time :   373.1 secs   av.it.:   7.5
      thresh= 3.013E-08 alpha_mix =  0.700 |ddv_scf|^2 =  1.115E-14

      iter #  11 total cpu time :   373.4 secs   av.it.:   7.7
      thresh= 1.056E-08 alpha_mix =  0.700 |ddv_scf|^2 =  2.568E-15

     End of self-consistent calculation

     Convergence has been achieved 


     Representation #   2 mode #   2

     Self-consistent Calculation

      iter #   1 total cpu time :   373.7 secs   av.it.:   6.3
      thresh= 1.000E-02 alpha_mix =  0.700 |ddv_scf|^2 =  8.670E-04

      iter #   2 total cpu time :   374.0 secs   av.it.:   7.7
      thresh= 2.944E-03 alpha_mix =  0.700 |ddv_scf|^2 =  2.433E-03

      iter #   3 total cpu time :   374.3 secs   av.it.:   6.8
      thresh= 4.933E-03 alpha_mix =  0.700 |ddv_scf|^2 =  4.965E-07

      iter #   4 total cpu time :   374.6 secs   av.it.:   8.2
      thresh= 7.046E-05 alpha_mix =  0.700 |ddv_scf|^2 =  6.746E-08

      iter #   5 total cpu time :   374.9 secs   av.it.:   8.1
      thresh= 2.597E-05 alpha_mix =  0.700 |ddv_scf|^2 =  2.904E-09

      iter #   6 total cpu time :   375.2 secs   av.it.:   8.1
      thresh= 5.389E-06 alpha_mix =  0.700 |ddv_scf|^2 =  3.369E-11

      iter #   7 total cpu time :   375.5 secs   av.it.:   8.0
      thresh= 5.804E-07 alpha_mix =  0.700 |ddv_scf|^2 =  2.616E-12

      iter #   8 total cpu time :   375.8 secs   av.it.:   7.7
      thresh= 1.617E-07 alpha_mix =  0.700 |ddv_scf|^2 =  4.524E-12

      iter #   9 total cpu time :   376.1 secs   av.it.:   6.9
      thresh= 2.127E-07 alpha_mix =  0.700 |ddv_scf|^2 =  2.461E-13

      iter #  10 total cpu time :   376.3 secs   av.it.:   7.5
      thresh= 4.961E-08 alpha_mix =  0.700 |ddv_scf|^2 =  1.006E-13

      iter #  11 total cpu time :   376.6 secs   av.it.:   7.6
      thresh= 3.172E-08 alpha_mix =  0.700 |ddv_scf|^2 =  2.058E-15

     End of self-consistent calculation

     Convergence has been achieved 


     Representation #   3 mode #   3

     Self-consistent Calculation

      iter #   1 total cpu time :   376.9 secs   av.it.:   6.2
      thresh= 1.000E-02 alpha_mix =  0.700 |ddv_scf|^2 =  6.798E-04

      iter #   2 total cpu time :   377.2 secs   av.it.:   7.8
      thresh= 2.607E-03 alpha_mix =  0.700 |ddv_scf|^2 =  1.907E-03

      iter #   3 total cpu time :   377.5 secs   av.it.:   6.8
      thresh= 4.367E-03 alpha_mix =  0.700 |ddv_scf|^2 =  4.767E-07

      iter #   4 total cpu time :   377.8 secs   av.it.:   8.2
      thresh= 6.905E-05 alpha_mix =  0.700 |ddv_scf|^2 =  6.294E-08

      iter #   5 total cpu time :   378.1 secs   av.it.:   8.1
      thresh= 2.509E-05 alpha_mix =  0.700 |ddv_scf|^2 =  3.147E-09

      iter #   6 total cpu time :   378.4 secs   av.it.:   8.1
      thresh= 5.610E-06 alpha_mix =  0.700 |ddv_scf|^2 =  3.336E-11

      iter #   7 total cpu time :   378.7 secs   av.it.:   7.9
      thresh= 5.776E-07 alpha_mix =  0.700 |ddv_scf|^2 =  1.565E-12

      iter #   8 total cpu time :   379.0 secs   av.it.:   7.8
      thresh= 1.251E-07 alpha_mix =  0.700 |ddv_scf|^2 =  2.493E-12

      iter #   9 total cpu time :   379.3 secs   av.it.:   7.1
      thresh= 1.579E-07 alpha_mix =  0.700 |ddv_scf|^2 =  4.136E-13

      iter #  10 total cpu time :   379.6 secs   av.it.:   7.2
      thresh= 6.431E-08 alpha_mix =  0.700 |ddv_scf|^2 =  8.260E-14

      iter #  11 total cpu time :   379.8 secs   av.it.:   7.7
      thresh= 2.874E-08 alpha_mix =  0.700 |ddv_scf|^2 =  2.288E-15

     End of self-consistent calculation

     Convergence has been achieved 


     Representation #   4 mode #   4

     Self-consistent Calculation

      iter #   1 total cpu time :   380.1 secs   av.it.:   5.9
      thresh= 1.000E-02 alpha_mix =  0.700 |ddv_scf|^2 =  1.450E-05

      iter #   2 total cpu time :   380.4 secs   av.it.:   8.2
      thresh= 3.807E-04 alpha_mix =  0.700 |ddv_scf|^2 =  1.892E-05

      iter #   3 total cpu time :   380.7 secs   av.it.:   7.1
      thresh= 4.350E-04 alpha_mix =  0.700 |ddv_scf|^2 =  1.072E-06

      iter #   4 total cpu time :   381.0 secs   av.it.:   7.5
      thresh= 1.035E-04 alpha_mix =  0.700 |ddv_scf|^2 =  3.131E-08

      iter #   5 total cpu time :   381.3 secs   av.it.:   8.1
      thresh= 1.769E-05 alpha_mix =  0.700 |ddv_scf|^2 =  3.493E-09

      iter #   6 total cpu time :   381.6 secs   av.it.:   8.1
      thresh= 5.910E-06 alpha_mix =  0.700 |ddv_scf|^2 =  3.352E-11

      iter #   7 total cpu time :   381.9 secs   av.it.:   8.1
      thresh= 5.790E-07 alpha_mix =  0.700 |ddv_scf|^2 =  1.075E-12

      iter #   8 total cpu time :   382.2 secs   av.it.:   7.4
      thresh= 1.037E-07 alpha_mix =  0.700 |ddv_scf|^2 =  1.654E-13

      iter #   9 total cpu time :   382.5 secs   av.it.:   7.6
      thresh= 4.067E-08 alpha_mix =  0.700 |ddv_scf|^2 =  2.179E-13

      iter #  10 total cpu time :   382.8 secs   av.it.:   6.9
      thresh= 4.668E-08 alpha_mix =  0.700 |ddv_scf|^2 =  2.575E-15

     End of self-consistent calculation

     Convergence has been achieved 


     Representation #   5 mode #   5

     Self-consistent Calculation

      iter #   1 total cpu time :   383.1 secs   av.it.:   5.8
      thresh= 1.000E-02 alpha_mix =  0.700 |ddv_scf|^2 =  5.977E-06

      iter #   2 total cpu time :   383.4 secs   av.it.:   8.0
      thresh= 2.445E-04 alpha_mix =  0.700 |ddv_scf|^2 =  1.161E-07

      iter #   3 total cpu time :   383.6 secs   av.it.:   7.8
      thresh= 3.408E-05 alpha_mix =  0.700 |ddv_scf|^2 =  9.319E-09

      iter #   4 total cpu time :   383.9 secs   av.it.:   7.6
      thresh= 9.654E-06 alpha_mix =  0.700 |ddv_scf|^2 =  4.650E-11

      iter #   5 total cpu time :   384.2 secs   av.it.:   7.7
      thresh= 6.819E-07 alpha_mix =  0.700 |ddv_scf|^2 =  8.233E-13

      iter #   6 total cpu time :   384.5 secs   av.it.:   7.3
      thresh= 9.073E-08 alpha_mix =  0.700 |ddv_scf|^2 =  8.864E-16

     End of self-consistent calculation

     Convergence has been achieved 


     Representation #   6 mode #   6

     Self-consistent Calculation

      iter #   1 total cpu time :   384.8 secs   av.it.:   5.8
      thresh= 1.000E-02 alpha_mix =  0.700 |ddv_scf|^2 =  5.977E-06

      iter #   2 total cpu time :   385.1 secs   av.it.:   8.0
      thresh= 2.445E-04 alpha_mix =  0.700 |ddv_scf|^2 =  1.162E-07

      iter #   3 total cpu time :   385.4 secs   av.it.:   7.8
      thresh= 3.409E-05 alpha_mix =  0.700 |ddv_scf|^2 =  9.323E-09

      iter #   4 total cpu time :   385.7 secs   av.it.:   7.6
      thresh= 9.656E-06 alpha_mix =  0.700 |ddv_scf|^2 =  4.650E-11

      iter #   5 total cpu time :   386.0 secs   av.it.:   7.7
      thresh= 6.819E-07 alpha_mix =  0.700 |ddv_scf|^2 =  8.234E-13

      iter #   6 total cpu time :   386.2 secs   av.it.:   7.3
      thresh= 9.074E-08 alpha_mix =  0.700 |ddv_scf|^2 =  8.870E-16

     End of self-consistent calculation

     Convergence has been achieved 
 
     Number of q in the star =    3
     List of q in the star:
          1  -0.117851130   0.353553391   0.117851130
          2  -0.117851130   0.117851130   0.353553391
          3  -0.353553391   0.117851130   0.117851130
     In addition there is the -q list: 
          1   0.117851130  -0.353553391  -0.117851130
          2   0.117851130  -0.117851130  -0.353553391
          3   0.353553391  -0.117851130  -0.117851130

     Diagonalizing the dynamical matrix

     q = (   -0.117851130   0.353553391   0.117851130 ) 

 **************************************************************************
     freq (    1) =      15.862036 [THz] =     529.100568 [cm-1]
     freq (    2) =      17.486122 [THz] =     583.274247 [cm-1]
     freq (    3) =      23.358047 [THz] =     779.140595 [cm-1]
     freq (    4) =      35.788881 [THz] =    1193.788572 [cm-1]
     freq (    5) =      35.900262 [THz] =    1197.503838 [cm-1]
     freq (    6) =      38.559062 [THz] =    1286.191866 [cm-1]
 **************************************************************************

     Mode symmetry, C_s (m)     point group:

     freq (   1-   1) =        529.1  [cm-1]   --> A''                
     freq (   2-   2) =        583.3  [cm-1]   --> A'                 
     freq (   3-   3) =        779.1  [cm-1]   --> A'                 
     freq (   4-   4) =       1193.8  [cm-1]   --> A''                
     freq (   5-   5) =       1197.5  [cm-1]   --> A'                 
     freq (   6-   6) =       1286.2  [cm-1]   --> A'                 

     Calculation of q =    0.4714045  -0.2357023   0.7071068
 
     Parallelization info
     --------------------
     sticks:   dense  smooth     PW     G-vecs:    dense   smooth      PW
     Min          40      40     17                  445      445     133
     Max          41      41     18                  447      447     137
     Sum         283     283    121                 3119     3119     941
 
     Using Slab Decomposition
 

     Title: 
     default                                                                    


     bravais-lattice index     =            0
     lattice parameter (alat)  =       4.7733  a.u.
     unit-cell volume          =      76.9035 (a.u.)^3
     number of atoms/cell      =            2
     number of atomic types    =            1
     number of electrons       =         8.00
     number of Kohn-Sham states=            8
     kinetic-energy cutoff     =      45.0000  Ry
     charge density cutoff     =     180.0000  Ry
     Exchange-correlation= PBE
                           (   1   4   3   4   0   0   0)

     celldm(1)=   4.773317  celldm(2)=   0.000000  celldm(3)=   0.000000
     celldm(4)=   0.000000  celldm(5)=   0.000000  celldm(6)=   0.000000

     crystal axes: (cart. coord. in units of alat)
               a(1) = (  -0.707107   0.000000   0.707107 )  
               a(2) = (   0.000000   0.707107   0.707107 )  
               a(3) = (  -0.707107   0.707107   0.000000 )  

     reciprocal axes: (cart. coord. in units 2 pi/alat)
               b(1) = ( -0.707107 -0.707107  0.707107 )  
               b(2) = (  0.707107  0.707107  0.707107 )  
               b(3) = ( -0.707107  0.707107 -0.707107 )  


     PseudoPot. # 1 for C  read from file:
     ../../pseudos/C.pbe-n-kjpaw_psl.1.0.0.UPF
     MD5 check sum: 5f16ad9a65e90284d1d834d4ab3b0f7d
     Pseudo is Projector augmented-wave + core cor, Zval =  4.0
     Generated using &quot;atomic&quot; code by A. Dal Corso  v.6.3
     Shape of augmentation charge: PSQ
     Using radial grid of 1073 points,  4 beta functions with: 
                l(1) =   0
                l(2) =   0
                l(3) =   1
                l(4) =   1
     Q(r) pseudized with 0 coefficients 


     atomic species   valence    mass     pseudopotential
     C                 4.00    12.01070     C ( 1.00)

      6 Sym. Ops. (no inversion) found



   Cartesian axes

     site n.     atom                  positions (alat units)
         1        C      tau(   1) = (   0.0000000   0.0000000   0.0000000  )
         2        C      tau(   2) = (  -0.3541036   0.3541036   0.3541036  )

     number of k points=  1024

     Number of k-points >= 100: set verbosity='high' to print them.

     Dense  grid:     3119 G-vectors     FFT dimensions: (  24,  24,  24)

     Estimated max dynamical RAM per process >       0.70 MB

     Estimated total dynamical RAM >      19.51 MB

     Check: negative core charge=   -0.000077

     The potential is recalculated from file :
     ../tmp/_ph0/diamond.save/charge-density

     Starting wfcs are    8 atomic wfcs
     Checking if some PAW data can be deallocated... 

     Band Structure Calculation
     Davidson diagonalization with overlap

     ethr =  1.25E-10,  avg # of iterations = 10.5

     total cpu time spent up to now is       30.3 secs

     End of band structure calculation

     Number of k-points >= 100: set verbosity='high' to print the bands.

     highest occupied, lowest unoccupied level (ev):    13.31233097   17.40873064

     Writing config to output data dir ../tmp/_ph0/diamond.save/ :
     XML data file

     default                                                                    

     bravais-lattice index     =            0
     lattice parameter (alat)  =       4.7733  a.u.
     unit-cell volume          =      76.9035 (a.u.)^3
     number of atoms/cell      =            2
     number of atomic types    =            1
     kinetic-energy cut-off    =      45.0000  Ry
     charge density cut-off    =     180.0000  Ry
     convergence threshold     =      1.0E-14
     beta                      =       0.7000
     number of iterations used =            4
     Exchange-correlation= PBE
                           (   1   4   3   4   0   0   0)


     celldm(1)=    4.77332  celldm(2)=    0.00000  celldm(3)=    0.00000
     celldm(4)=    0.00000  celldm(5)=    0.00000  celldm(6)=    0.00000

     crystal axes: (cart. coord. in units of alat)
               a(1) = ( -0.7071  0.0000  0.7071 )  
               a(2) = (  0.0000  0.7071  0.7071 )  
               a(3) = ( -0.7071  0.7071  0.0000 )  

     reciprocal axes: (cart. coord. in units 2 pi/alat)
               b(1) = ( -0.7071 -0.7071  0.7071 )  
               b(2) = (  0.7071  0.7071  0.7071 )  
               b(3) = ( -0.7071  0.7071 -0.7071 )  


     Atoms inside the unit cell: 

     Cartesian axes

     site n.  atom      mass           positions (alat units)
        1  C      12.0107   tau(    1) = (    0.00000    0.00000    0.00000  )
        2  C      12.0107   tau(    2) = (   -0.35410    0.35410    0.35410  )

     Computing dynamical matrix for 
                    q = (   0.4714045  -0.2357023   0.7071068 )
 
     No symmetry!

     G cutoff =  103.8851  (    447 G-vectors)     FFT grid: ( 24, 24, 24)
     number of k points=  1024

     PseudoPot. # 1 for C  read from file:
     ../../pseudos/C.pbe-n-kjpaw_psl.1.0.0.UPF
     MD5 check sum: 5f16ad9a65e90284d1d834d4ab3b0f7d
     Pseudo is Projector augmented-wave + core cor, Zval =  4.0
     Generated using &quot;atomic&quot; code by A. Dal Corso  v.6.3
     Shape of augmentation charge: PSQ
     Using radial grid of 1073 points,  4 beta functions with: 
                l(1) =   0
                l(2) =   0
                l(3) =   1
                l(4) =   1
     Q(r) pseudized with 0 coefficients 


     Mode symmetry, C_1 (1)     point group:


     Atomic displacements:
     There are    6 irreducible representations

     Representation     1      1 modes -  To be done

     Representation     2      1 modes -  To be done

     Representation     3      1 modes -  To be done

     Representation     4      1 modes -  To be done

     Representation     5      1 modes -  To be done

     Representation     6      1 modes -  To be done



     Alpha used in Ewald sum =   1.9000
     PHONON       :   4m27.77s CPU   6m29.32s WALL



     Representation #   1 mode #   1

     Self-consistent Calculation

      iter #   1 total cpu time :   389.7 secs   av.it.:   6.2
      thresh= 1.000E-02 alpha_mix =  0.700 |ddv_scf|^2 =  1.751E-04

      iter #   2 total cpu time :   390.2 secs   av.it.:   8.2
      thresh= 1.323E-03 alpha_mix =  0.700 |ddv_scf|^2 =  2.329E-04

      iter #   3 total cpu time :   390.7 secs   av.it.:   7.3
      thresh= 1.526E-03 alpha_mix =  0.700 |ddv_scf|^2 =  5.862E-07

      iter #   4 total cpu time :   391.2 secs   av.it.:   8.1
      thresh= 7.656E-05 alpha_mix =  0.700 |ddv_scf|^2 =  4.063E-08

      iter #   5 total cpu time :   391.6 secs   av.it.:   8.1
      thresh= 2.016E-05 alpha_mix =  0.700 |ddv_scf|^2 =  4.220E-09

      iter #   6 total cpu time :   392.1 secs   av.it.:   8.2
      thresh= 6.496E-06 alpha_mix =  0.700 |ddv_scf|^2 =  4.489E-11

      iter #   7 total cpu time :   392.6 secs   av.it.:   8.0
      thresh= 6.700E-07 alpha_mix =  0.700 |ddv_scf|^2 =  1.393E-12

      iter #   8 total cpu time :   393.1 secs   av.it.:   7.6
      thresh= 1.180E-07 alpha_mix =  0.700 |ddv_scf|^2 =  9.962E-14

      iter #   9 total cpu time :   393.5 secs   av.it.:   8.1
      thresh= 3.156E-08 alpha_mix =  0.700 |ddv_scf|^2 =  7.187E-14

      iter #  10 total cpu time :   394.0 secs   av.it.:   7.5
      thresh= 2.681E-08 alpha_mix =  0.700 |ddv_scf|^2 =  4.118E-15

     End of self-consistent calculation

     Convergence has been achieved 


     Representation #   2 mode #   2

     Self-consistent Calculation

      iter #   1 total cpu time :   394.4 secs   av.it.:   6.0
      thresh= 1.000E-02 alpha_mix =  0.700 |ddv_scf|^2 =  5.206E-05

      iter #   2 total cpu time :   394.9 secs   av.it.:   8.2
      thresh= 7.215E-04 alpha_mix =  0.700 |ddv_scf|^2 =  6.270E-05

      iter #   3 total cpu time :   395.4 secs   av.it.:   7.4
      thresh= 7.919E-04 alpha_mix =  0.700 |ddv_scf|^2 =  3.907E-07

      iter #   4 total cpu time :   395.9 secs   av.it.:   8.1
      thresh= 6.251E-05 alpha_mix =  0.700 |ddv_scf|^2 =  2.518E-08

      iter #   5 total cpu time :   396.4 secs   av.it.:   8.2
      thresh= 1.587E-05 alpha_mix =  0.700 |ddv_scf|^2 =  3.586E-09

      iter #   6 total cpu time :   396.8 secs   av.it.:   8.2
      thresh= 5.988E-06 alpha_mix =  0.700 |ddv_scf|^2 =  6.083E-11

      iter #   7 total cpu time :   397.3 secs   av.it.:   8.1
      thresh= 7.799E-07 alpha_mix =  0.700 |ddv_scf|^2 =  1.311E-12

      iter #   8 total cpu time :   397.8 secs   av.it.:   7.7
      thresh= 1.145E-07 alpha_mix =  0.700 |ddv_scf|^2 =  1.024E-13

      iter #   9 total cpu time :   398.2 secs   av.it.:   7.8
      thresh= 3.200E-08 alpha_mix =  0.700 |ddv_scf|^2 =  2.268E-14

      iter #  10 total cpu time :   398.7 secs   av.it.:   7.8
      thresh= 1.506E-08 alpha_mix =  0.700 |ddv_scf|^2 =  5.566E-15

     End of self-consistent calculation

     Convergence has been achieved 


     Representation #   3 mode #   3

     Self-consistent Calculation

      iter #   1 total cpu time :   399.2 secs   av.it.:   6.1
      thresh= 1.000E-02 alpha_mix =  0.700 |ddv_scf|^2 =  8.522E-05

      iter #   2 total cpu time :   399.6 secs   av.it.:   8.2
      thresh= 9.231E-04 alpha_mix =  0.700 |ddv_scf|^2 =  1.021E-04

      iter #   3 total cpu time :   400.1 secs   av.it.:   7.4
      thresh= 1.011E-03 alpha_mix =  0.700 |ddv_scf|^2 =  6.509E-07

      iter #   4 total cpu time :   400.6 secs   av.it.:   8.1
      thresh= 8.068E-05 alpha_mix =  0.700 |ddv_scf|^2 =  3.859E-08

      iter #   5 total cpu time :   401.1 secs   av.it.:   8.2
      thresh= 1.964E-05 alpha_mix =  0.700 |ddv_scf|^2 =  4.461E-09

      iter #   6 total cpu time :   401.6 secs   av.it.:   8.2
      thresh= 6.679E-06 alpha_mix =  0.700 |ddv_scf|^2 =  5.047E-11

      iter #   7 total cpu time :   402.0 secs   av.it.:   8.1
      thresh= 7.104E-07 alpha_mix =  0.700 |ddv_scf|^2 =  1.400E-12

      iter #   8 total cpu time :   402.5 secs   av.it.:   7.8
      thresh= 1.183E-07 alpha_mix =  0.700 |ddv_scf|^2 =  1.223E-13

      iter #   9 total cpu time :   403.0 secs   av.it.:   8.0
      thresh= 3.497E-08 alpha_mix =  0.700 |ddv_scf|^2 =  9.359E-14

      iter #  10 total cpu time :   403.4 secs   av.it.:   7.5
      thresh= 3.059E-08 alpha_mix =  0.700 |ddv_scf|^2 =  6.919E-15

     End of self-consistent calculation

     Convergence has been achieved 


     Representation #   4 mode #   4

     Self-consistent Calculation

      iter #   1 total cpu time :   403.9 secs   av.it.:   6.2
      thresh= 1.000E-02 alpha_mix =  0.700 |ddv_scf|^2 =  1.932E-04

      iter #   2 total cpu time :   404.4 secs   av.it.:   8.2
      thresh= 1.390E-03 alpha_mix =  0.700 |ddv_scf|^2 =  2.603E-04

      iter #   3 total cpu time :   404.8 secs   av.it.:   7.3
      thresh= 1.613E-03 alpha_mix =  0.700 |ddv_scf|^2 =  5.736E-07

      iter #   4 total cpu time :   405.3 secs   av.it.:   8.2
      thresh= 7.574E-05 alpha_mix =  0.700 |ddv_scf|^2 =  4.490E-08

      iter #   5 total cpu time :   405.8 secs   av.it.:   8.1
      thresh= 2.119E-05 alpha_mix =  0.700 |ddv_scf|^2 =  3.857E-09

      iter #   6 total cpu time :   406.3 secs   av.it.:   8.2
      thresh= 6.211E-06 alpha_mix =  0.700 |ddv_scf|^2 =  4.619E-11

      iter #   7 total cpu time :   406.8 secs   av.it.:   8.0
      thresh= 6.796E-07 alpha_mix =  0.700 |ddv_scf|^2 =  1.411E-12

      iter #   8 total cpu time :   407.2 secs   av.it.:   7.6
      thresh= 1.188E-07 alpha_mix =  0.700 |ddv_scf|^2 =  1.189E-13

      iter #   9 total cpu time :   407.7 secs   av.it.:   8.1
      thresh= 3.448E-08 alpha_mix =  0.700 |ddv_scf|^2 =  1.017E-13

      iter #  10 total cpu time :   408.1 secs   av.it.:   7.4
      thresh= 3.189E-08 alpha_mix =  0.700 |ddv_scf|^2 =  3.665E-15

     End of self-consistent calculation

     Convergence has been achieved 


     Representation #   5 mode #   5

     Self-consistent Calculation

      iter #   1 total cpu time :   408.6 secs   av.it.:   6.0
      thresh= 1.000E-02 alpha_mix =  0.700 |ddv_scf|^2 =  2.666E-05

      iter #   2 total cpu time :   409.1 secs   av.it.:   8.3
      thresh= 5.163E-04 alpha_mix =  0.700 |ddv_scf|^2 =  1.819E-05

      iter #   3 total cpu time :   409.6 secs   av.it.:   7.7
      thresh= 4.265E-04 alpha_mix =  0.700 |ddv_scf|^2 =  9.427E-07

      iter #   4 total cpu time :   410.0 secs   av.it.:   7.7
      thresh= 9.709E-05 alpha_mix =  0.700 |ddv_scf|^2 =  2.895E-08

      iter #   5 total cpu time :   410.5 secs   av.it.:   8.2
      thresh= 1.701E-05 alpha_mix =  0.700 |ddv_scf|^2 =  4.722E-09

      iter #   6 total cpu time :   411.0 secs   av.it.:   8.1
      thresh= 6.871E-06 alpha_mix =  0.700 |ddv_scf|^2 =  5.974E-11

      iter #   7 total cpu time :   411.5 secs   av.it.:   8.2
      thresh= 7.729E-07 alpha_mix =  0.700 |ddv_scf|^2 =  1.574E-12

      iter #   8 total cpu time :   411.9 secs   av.it.:   8.0
      thresh= 1.255E-07 alpha_mix =  0.700 |ddv_scf|^2 =  1.101E-13

      iter #   9 total cpu time :   412.4 secs   av.it.:   7.9
      thresh= 3.318E-08 alpha_mix =  0.700 |ddv_scf|^2 =  4.357E-14

      iter #  10 total cpu time :   412.9 secs   av.it.:   7.7
      thresh= 2.087E-08 alpha_mix =  0.700 |ddv_scf|^2 =  1.047E-14

      iter #  11 total cpu time :   413.3 secs   av.it.:   7.8
      thresh= 1.023E-08 alpha_mix =  0.700 |ddv_scf|^2 =  5.473E-16

     End of self-consistent calculation

     Convergence has been achieved 


     Representation #   6 mode #   6

     Self-consistent Calculation

      iter #   1 total cpu time :   413.8 secs   av.it.:   5.9
      thresh= 1.000E-02 alpha_mix =  0.700 |ddv_scf|^2 =  1.163E-05

      iter #   2 total cpu time :   414.3 secs   av.it.:   8.3
      thresh= 3.410E-04 alpha_mix =  0.700 |ddv_scf|^2 =  6.171E-06

      iter #   3 total cpu time :   414.7 secs   av.it.:   7.7
      thresh= 2.484E-04 alpha_mix =  0.700 |ddv_scf|^2 =  7.647E-07

      iter #   4 total cpu time :   415.2 secs   av.it.:   7.5
      thresh= 8.745E-05 alpha_mix =  0.700 |ddv_scf|^2 =  7.499E-09

      iter #   5 total cpu time :   415.7 secs   av.it.:   8.4
      thresh= 8.660E-06 alpha_mix =  0.700 |ddv_scf|^2 =  1.898E-09

      iter #   6 total cpu time :   416.2 secs   av.it.:   8.1
      thresh= 4.357E-06 alpha_mix =  0.700 |ddv_scf|^2 =  5.864E-11

      iter #   7 total cpu time :   416.7 secs   av.it.:   8.2
      thresh= 7.658E-07 alpha_mix =  0.700 |ddv_scf|^2 =  1.503E-12

      iter #   8 total cpu time :   417.1 secs   av.it.:   8.1
      thresh= 1.226E-07 alpha_mix =  0.700 |ddv_scf|^2 =  1.190E-13

      iter #   9 total cpu time :   417.6 secs   av.it.:   7.7
      thresh= 3.449E-08 alpha_mix =  0.700 |ddv_scf|^2 =  1.095E-15

     End of self-consistent calculation

     Convergence has been achieved 
 
     Number of q in the star =    6
     List of q in the star:
          1   0.471404521  -0.235702260   0.707106781
          2  -0.707106781  -0.235702260  -0.471404521
          3  -0.707106781  -0.471404521  -0.235702260
          4   0.235702260   0.707106781  -0.471404521
          5   0.235702260  -0.471404521   0.707106781
          6   0.471404521   0.707106781  -0.235702260
     In addition there is the -q list: 
          1  -0.471404521   0.235702260  -0.707106781
          2   0.707106781   0.235702260   0.471404521
          3   0.707106781   0.471404521   0.235702260
          4  -0.235702260  -0.707106781   0.471404521
          5  -0.235702260   0.471404521  -0.707106781
          6  -0.471404521  -0.707106781   0.235702260

     Diagonalizing the dynamical matrix

     q = (    0.471404521  -0.235702260   0.707106781 ) 

 **************************************************************************
     freq (    1) =      20.782327 [THz] =     693.223819 [cm-1]
     freq (    2) =      22.861431 [THz] =     762.575258 [cm-1]
     freq (    3) =      26.802182 [THz] =     894.024567 [cm-1]
     freq (    4) =      33.578806 [THz] =    1120.068401 [cm-1]
     freq (    5) =      35.536339 [THz] =    1185.364669 [cm-1]
     freq (    6) =      36.810841 [THz] =    1227.877498 [cm-1]
 **************************************************************************

     Mode symmetry, C_1 (1)     point group:

     freq (   1-   1) =        693.2  [cm-1]   --> A                  
     freq (   2-   2) =        762.6  [cm-1]   --> A                  
     freq (   3-   3) =        894.0  [cm-1]   --> A                  
     freq (   4-   4) =       1120.1  [cm-1]   --> A                  
     freq (   5-   5) =       1185.4  [cm-1]   --> A                  
     freq (   6-   6) =       1227.9  [cm-1]   --> A                  

     Calculation of q =    0.3535534  -0.1178511   0.5892557
 
     Parallelization info
     --------------------
     sticks:   dense  smooth     PW     G-vecs:    dense   smooth      PW
     Min          40      40     17                  445      445     127
     Max          41      41     18                  447      447     129
     Sum         283     283    121                 3119     3119     893
 
     Using Slab Decomposition
 

     Title: 
     default                                                                    


     bravais-lattice index     =            0
     lattice parameter (alat)  =       4.7733  a.u.
     unit-cell volume          =      76.9035 (a.u.)^3
     number of atoms/cell      =            2
     number of atomic types    =            1
     number of electrons       =         8.00
     number of Kohn-Sham states=            8
     kinetic-energy cutoff     =      45.0000  Ry
     charge density cutoff     =     180.0000  Ry
     Exchange-correlation= PBE
                           (   1   4   3   4   0   0   0)

     celldm(1)=   4.773317  celldm(2)=   0.000000  celldm(3)=   0.000000
     celldm(4)=   0.000000  celldm(5)=   0.000000  celldm(6)=   0.000000

     crystal axes: (cart. coord. in units of alat)
               a(1) = (  -0.707107   0.000000   0.707107 )  
               a(2) = (   0.000000   0.707107   0.707107 )  
               a(3) = (  -0.707107   0.707107   0.000000 )  

     reciprocal axes: (cart. coord. in units 2 pi/alat)
               b(1) = ( -0.707107 -0.707107  0.707107 )  
               b(2) = (  0.707107  0.707107  0.707107 )  
               b(3) = ( -0.707107  0.707107 -0.707107 )  


     PseudoPot. # 1 for C  read from file:
     ../../pseudos/C.pbe-n-kjpaw_psl.1.0.0.UPF
     MD5 check sum: 5f16ad9a65e90284d1d834d4ab3b0f7d
     Pseudo is Projector augmented-wave + core cor, Zval =  4.0
     Generated using &quot;atomic&quot; code by A. Dal Corso  v.6.3
     Shape of augmentation charge: PSQ
     Using radial grid of 1073 points,  4 beta functions with: 
                l(1) =   0
                l(2) =   0
                l(3) =   1
                l(4) =   1
     Q(r) pseudized with 0 coefficients 


     atomic species   valence    mass     pseudopotential
     C                 4.00    12.01070     C ( 1.00)

      6 Sym. Ops. (no inversion) found



   Cartesian axes

     site n.     atom                  positions (alat units)
         1        C      tau(   1) = (   0.0000000   0.0000000   0.0000000  )
         2        C      tau(   2) = (  -0.3541036   0.3541036   0.3541036  )

     number of k points=  1024

     Number of k-points >= 100: set verbosity='high' to print them.

     Dense  grid:     3119 G-vectors     FFT dimensions: (  24,  24,  24)

     Estimated max dynamical RAM per process >       0.69 MB

     Estimated total dynamical RAM >      19.36 MB

     Check: negative core charge=   -0.000077

     The potential is recalculated from file :
     ../tmp/_ph0/diamond.save/charge-density

     Starting wfcs are    8 atomic wfcs
     Checking if some PAW data can be deallocated... 

     Band Structure Calculation
     Davidson diagonalization with overlap

     ethr =  1.25E-10,  avg # of iterations = 10.5

     total cpu time spent up to now is       32.7 secs

     End of band structure calculation

     Number of k-points >= 100: set verbosity='high' to print the bands.

     highest occupied, lowest unoccupied level (ev):    13.31233097   17.40873064

     Writing config to output data dir ../tmp/_ph0/diamond.save/ :
     XML data file

     default                                                                    

     bravais-lattice index     =            0
     lattice parameter (alat)  =       4.7733  a.u.
     unit-cell volume          =      76.9035 (a.u.)^3
     number of atoms/cell      =            2
     number of atomic types    =            1
     kinetic-energy cut-off    =      45.0000  Ry
     charge density cut-off    =     180.0000  Ry
     convergence threshold     =      1.0E-14
     beta                      =       0.7000
     number of iterations used =            4
     Exchange-correlation= PBE
                           (   1   4   3   4   0   0   0)


     celldm(1)=    4.77332  celldm(2)=    0.00000  celldm(3)=    0.00000
     celldm(4)=    0.00000  celldm(5)=    0.00000  celldm(6)=    0.00000

     crystal axes: (cart. coord. in units of alat)
               a(1) = ( -0.7071  0.0000  0.7071 )  
               a(2) = (  0.0000  0.7071  0.7071 )  
               a(3) = ( -0.7071  0.7071  0.0000 )  

     reciprocal axes: (cart. coord. in units 2 pi/alat)
               b(1) = ( -0.7071 -0.7071  0.7071 )  
               b(2) = (  0.7071  0.7071  0.7071 )  
               b(3) = ( -0.7071  0.7071 -0.7071 )  


     Atoms inside the unit cell: 

     Cartesian axes

     site n.  atom      mass           positions (alat units)
        1  C      12.0107   tau(    1) = (    0.00000    0.00000    0.00000  )
        2  C      12.0107   tau(    2) = (   -0.35410    0.35410    0.35410  )

     Computing dynamical matrix for 
                    q = (   0.3535534  -0.1178511   0.5892557 )
 
     No symmetry!

     G cutoff =  103.8851  (    447 G-vectors)     FFT grid: ( 24, 24, 24)
     number of k points=  1024

     PseudoPot. # 1 for C  read from file:
     ../../pseudos/C.pbe-n-kjpaw_psl.1.0.0.UPF
     MD5 check sum: 5f16ad9a65e90284d1d834d4ab3b0f7d
     Pseudo is Projector augmented-wave + core cor, Zval =  4.0
     Generated using &quot;atomic&quot; code by A. Dal Corso  v.6.3
     Shape of augmentation charge: PSQ
     Using radial grid of 1073 points,  4 beta functions with: 
                l(1) =   0
                l(2) =   0
                l(3) =   1
                l(4) =   1
     Q(r) pseudized with 0 coefficients 


     Mode symmetry, C_1 (1)     point group:


     Atomic displacements:
     There are    6 irreducible representations

     Representation     1      1 modes -  To be done

     Representation     2      1 modes -  To be done

     Representation     3      1 modes -  To be done

     Representation     4      1 modes -  To be done

     Representation     5      1 modes -  To be done

     Representation     6      1 modes -  To be done



     Alpha used in Ewald sum =   1.9000
     PHONON       :   4m50.56s CPU   7m 0.90s WALL



     Representation #   1 mode #   1

     Self-consistent Calculation

      iter #   1 total cpu time :   421.3 secs   av.it.:   6.1
      thresh= 1.000E-02 alpha_mix =  0.700 |ddv_scf|^2 =  8.428E-05

      iter #   2 total cpu time :   421.8 secs   av.it.:   8.4
      thresh= 9.180E-04 alpha_mix =  0.700 |ddv_scf|^2 =  4.674E-05

      iter #   3 total cpu time :   422.3 secs   av.it.:   8.0
      thresh= 6.837E-04 alpha_mix =  0.700 |ddv_scf|^2 =  4.661E-07

      iter #   4 total cpu time :   422.8 secs   av.it.:   8.2
      thresh= 6.827E-05 alpha_mix =  0.700 |ddv_scf|^2 =  9.493E-09

      iter #   5 total cpu time :   423.2 secs   av.it.:   8.1
      thresh= 9.743E-06 alpha_mix =  0.700 |ddv_scf|^2 =  3.114E-10

      iter #   6 total cpu time :   423.7 secs   av.it.:   8.3
      thresh= 1.765E-06 alpha_mix =  0.700 |ddv_scf|^2 =  1.259E-10

      iter #   7 total cpu time :   424.2 secs   av.it.:   8.1
      thresh= 1.122E-06 alpha_mix =  0.700 |ddv_scf|^2 =  2.926E-12

      iter #   8 total cpu time :   424.7 secs   av.it.:   7.9
      thresh= 1.711E-07 alpha_mix =  0.700 |ddv_scf|^2 =  9.866E-14

      iter #   9 total cpu time :   425.2 secs   av.it.:   8.1
      thresh= 3.141E-08 alpha_mix =  0.700 |ddv_scf|^2 =  2.211E-14

      iter #  10 total cpu time :   425.6 secs   av.it.:   8.3
      thresh= 1.487E-08 alpha_mix =  0.700 |ddv_scf|^2 =  3.569E-15

     End of self-consistent calculation

     Convergence has been achieved 


     Representation #   2 mode #   2

     Self-consistent Calculation

      iter #   1 total cpu time :   426.1 secs   av.it.:   6.0
      thresh= 1.000E-02 alpha_mix =  0.700 |ddv_scf|^2 =  3.032E-05

      iter #   2 total cpu time :   426.6 secs   av.it.:   8.5
      thresh= 5.506E-04 alpha_mix =  0.700 |ddv_scf|^2 =  1.604E-05

      iter #   3 total cpu time :   427.1 secs   av.it.:   8.1
      thresh= 4.005E-04 alpha_mix =  0.700 |ddv_scf|^2 =  2.616E-07

      iter #   4 total cpu time :   427.5 secs   av.it.:   8.1
      thresh= 5.114E-05 alpha_mix =  0.700 |ddv_scf|^2 =  5.591E-09

      iter #   5 total cpu time :   428.0 secs   av.it.:   8.2
      thresh= 7.477E-06 alpha_mix =  0.700 |ddv_scf|^2 =  3.604E-10

      iter #   6 total cpu time :   428.5 secs   av.it.:   8.3
      thresh= 1.899E-06 alpha_mix =  0.700 |ddv_scf|^2 =  6.368E-11

      iter #   7 total cpu time :   429.0 secs   av.it.:   8.2
      thresh= 7.980E-07 alpha_mix =  0.700 |ddv_scf|^2 =  5.340E-12

      iter #   8 total cpu time :   429.5 secs   av.it.:   8.0
      thresh= 2.311E-07 alpha_mix =  0.700 |ddv_scf|^2 =  1.450E-13

      iter #   9 total cpu time :   429.9 secs   av.it.:   7.9
      thresh= 3.808E-08 alpha_mix =  0.700 |ddv_scf|^2 =  6.246E-15

     End of self-consistent calculation

     Convergence has been achieved 


     Representation #   3 mode #   3

     Self-consistent Calculation

      iter #   1 total cpu time :   430.4 secs   av.it.:   6.1
      thresh= 1.000E-02 alpha_mix =  0.700 |ddv_scf|^2 =  3.403E-05

      iter #   2 total cpu time :   430.9 secs   av.it.:   8.5
      thresh= 5.833E-04 alpha_mix =  0.700 |ddv_scf|^2 =  1.568E-05

      iter #   3 total cpu time :   431.4 secs   av.it.:   8.1
      thresh= 3.959E-04 alpha_mix =  0.700 |ddv_scf|^2 =  4.343E-07

      iter #   4 total cpu time :   431.8 secs   av.it.:   8.0
      thresh= 6.590E-05 alpha_mix =  0.700 |ddv_scf|^2 =  9.934E-09

      iter #   5 total cpu time :   432.3 secs   av.it.:   8.0
      thresh= 9.967E-06 alpha_mix =  0.700 |ddv_scf|^2 =  4.094E-10

      iter #   6 total cpu time :   432.8 secs   av.it.:   8.2
      thresh= 2.023E-06 alpha_mix =  0.700 |ddv_scf|^2 =  2.954E-11

      iter #   7 total cpu time :   433.3 secs   av.it.:   8.3
      thresh= 5.435E-07 alpha_mix =  0.700 |ddv_scf|^2 =  6.355E-12

      iter #   8 total cpu time :   433.8 secs   av.it.:   8.0
      thresh= 2.521E-07 alpha_mix =  0.700 |ddv_scf|^2 =  1.587E-13

      iter #   9 total cpu time :   434.2 secs   av.it.:   7.8
      thresh= 3.984E-08 alpha_mix =  0.700 |ddv_scf|^2 =  3.503E-15

     End of self-consistent calculation

     Convergence has been achieved 


     Representation #   4 mode #   4

     Self-consistent Calculation

      iter #   1 total cpu time :   434.7 secs   av.it.:   6.1
      thresh= 1.000E-02 alpha_mix =  0.700 |ddv_scf|^2 =  4.547E-05

      iter #   2 total cpu time :   435.2 secs   av.it.:   8.4
      thresh= 6.743E-04 alpha_mix =  0.700 |ddv_scf|^2 =  2.260E-05

      iter #   3 total cpu time :   435.6 secs   av.it.:   8.1
      thresh= 4.754E-04 alpha_mix =  0.700 |ddv_scf|^2 =  4.242E-07

      iter #   4 total cpu time :   436.1 secs   av.it.:   8.1
      thresh= 6.513E-05 alpha_mix =  0.700 |ddv_scf|^2 =  1.013E-08

      iter #   5 total cpu time :   436.6 secs   av.it.:   8.1
      thresh= 1.006E-05 alpha_mix =  0.700 |ddv_scf|^2 =  3.162E-10

      iter #   6 total cpu time :   437.1 secs   av.it.:   8.3
      thresh= 1.778E-06 alpha_mix =  0.700 |ddv_scf|^2 =  8.155E-11

      iter #   7 total cpu time :   437.6 secs   av.it.:   8.1
      thresh= 9.030E-07 alpha_mix =  0.700 |ddv_scf|^2 =  3.331E-12

      iter #   8 total cpu time :   438.0 secs   av.it.:   7.9
      thresh= 1.825E-07 alpha_mix =  0.700 |ddv_scf|^2 =  1.188E-13

      iter #   9 total cpu time :   438.5 secs   av.it.:   8.1
      thresh= 3.447E-08 alpha_mix =  0.700 |ddv_scf|^2 =  2.901E-14

      iter #  10 total cpu time :   439.0 secs   av.it.:   8.2
      thresh= 1.703E-08 alpha_mix =  0.700 |ddv_scf|^2 =  4.154E-15

     End of self-consistent calculation

     Convergence has been achieved 


     Representation #   5 mode #   5

     Self-consistent Calculation

      iter #   1 total cpu time :   439.4 secs   av.it.:   6.1
      thresh= 1.000E-02 alpha_mix =  0.700 |ddv_scf|^2 =  5.683E-05

      iter #   2 total cpu time :   439.9 secs   av.it.:   8.4
      thresh= 7.538E-04 alpha_mix =  0.700 |ddv_scf|^2 =  2.667E-05

      iter #   3 total cpu time :   440.4 secs   av.it.:   8.0
      thresh= 5.164E-04 alpha_mix =  0.700 |ddv_scf|^2 =  4.952E-07

      iter #   4 total cpu time :   440.9 secs   av.it.:   8.1
      thresh= 7.037E-05 alpha_mix =  0.700 |ddv_scf|^2 =  1.024E-08

      iter #   5 total cpu time :   441.4 secs   av.it.:   8.1
      thresh= 1.012E-05 alpha_mix =  0.700 |ddv_scf|^2 =  3.655E-10

      iter #   6 total cpu time :   441.9 secs   av.it.:   8.3
      thresh= 1.912E-06 alpha_mix =  0.700 |ddv_scf|^2 =  6.788E-11

      iter #   7 total cpu time :   442.3 secs   av.it.:   8.2
      thresh= 8.239E-07 alpha_mix =  0.700 |ddv_scf|^2 =  6.902E-12

      iter #   8 total cpu time :   442.8 secs   av.it.:   8.0
      thresh= 2.627E-07 alpha_mix =  0.700 |ddv_scf|^2 =  1.292E-13

      iter #   9 total cpu time :   443.3 secs   av.it.:   7.6
      thresh= 3.595E-08 alpha_mix =  0.700 |ddv_scf|^2 =  5.844E-15

     End of self-consistent calculation

     Convergence has been achieved 


     Representation #   6 mode #   6

     Self-consistent Calculation

      iter #   1 total cpu time :   443.7 secs   av.it.:   6.0
      thresh= 1.000E-02 alpha_mix =  0.700 |ddv_scf|^2 =  1.428E-05

      iter #   2 total cpu time :   444.2 secs   av.it.:   8.3
      thresh= 3.779E-04 alpha_mix =  0.700 |ddv_scf|^2 =  2.857E-06

      iter #   3 total cpu time :   444.7 secs   av.it.:   8.2
      thresh= 1.690E-04 alpha_mix =  0.700 |ddv_scf|^2 =  3.409E-07

      iter #   4 total cpu time :   445.2 secs   av.it.:   8.0
      thresh= 5.839E-05 alpha_mix =  0.700 |ddv_scf|^2 =  9.475E-09

      iter #   5 total cpu time :   445.7 secs   av.it.:   8.1
      thresh= 9.734E-06 alpha_mix =  0.700 |ddv_scf|^2 =  3.782E-10

      iter #   6 total cpu time :   446.1 secs   av.it.:   8.1
      thresh= 1.945E-06 alpha_mix =  0.700 |ddv_scf|^2 =  9.721E-12

      iter #   7 total cpu time :   446.6 secs   av.it.:   8.1
      thresh= 3.118E-07 alpha_mix =  0.700 |ddv_scf|^2 =  2.126E-12

      iter #   8 total cpu time :   447.1 secs   av.it.:   8.2
      thresh= 1.458E-07 alpha_mix =  0.700 |ddv_scf|^2 =  3.690E-13

      iter #   9 total cpu time :   447.6 secs   av.it.:   8.0
      thresh= 6.075E-08 alpha_mix =  0.700 |ddv_scf|^2 =  1.235E-14

      iter #  10 total cpu time :   448.0 secs   av.it.:   8.4
      thresh= 1.111E-08 alpha_mix =  0.700 |ddv_scf|^2 =  7.018E-15

     End of self-consistent calculation

     Convergence has been achieved 
 
     Number of q in the star =    6
     List of q in the star:
          1   0.353553391  -0.117851130   0.589255651
          2  -0.589255651  -0.117851130  -0.353553391
          3  -0.589255651  -0.353553391  -0.117851130
          4   0.117851130   0.589255651  -0.353553391
          5   0.117851130  -0.353553391   0.589255651
          6   0.353553391   0.589255651  -0.117851130
     In addition there is the -q list: 
          1  -0.353553391   0.117851130  -0.589255651
          2   0.589255651   0.117851130   0.353553391
          3   0.589255651   0.353553391   0.117851130
          4  -0.117851130  -0.589255651   0.353553391
          5  -0.117851130   0.353553391  -0.589255651
          6  -0.353553391  -0.589255651   0.117851130

     Diagonalizing the dynamical matrix

     q = (    0.353553391  -0.117851130   0.589255651 ) 

 **************************************************************************
     freq (    1) =      22.707201 [THz] =     757.430689 [cm-1]
     freq (    2) =      25.954856 [THz] =     865.760810 [cm-1]
     freq (    3) =      30.146774 [THz] =    1005.588155 [cm-1]
     freq (    4) =      31.532400 [THz] =    1051.807659 [cm-1]
     freq (    5) =      34.390184 [THz] =    1147.133057 [cm-1]
     freq (    6) =      35.657984 [THz] =    1189.422315 [cm-1]
 **************************************************************************

     Mode symmetry, C_1 (1)     point group:

     freq (   1-   1) =        757.4  [cm-1]   --> A                  
     freq (   2-   2) =        865.8  [cm-1]   --> A                  
     freq (   3-   3) =       1005.6  [cm-1]   --> A                  
     freq (   4-   4) =       1051.8  [cm-1]   --> A                  
     freq (   5-   5) =       1147.1  [cm-1]   --> A                  
     freq (   6-   6) =       1189.4  [cm-1]   --> A                  

     Calculation of q =    0.2357023  -0.0000000   0.4714045
 
     Parallelization info
     --------------------
     sticks:   dense  smooth     PW     G-vecs:    dense   smooth      PW
     Min          40      40     17                  445      445     123
     Max          41      41     18                  447      447     125
     Sum         283     283    121                 3119     3119     869
 
     Using Slab Decomposition
 

     Title: 
     default                                                                    


     bravais-lattice index     =            0
     lattice parameter (alat)  =       4.7733  a.u.
     unit-cell volume          =      76.9035 (a.u.)^3
     number of atoms/cell      =            2
     number of atomic types    =            1
     number of electrons       =         8.00
     number of Kohn-Sham states=            8
     kinetic-energy cutoff     =      45.0000  Ry
     charge density cutoff     =     180.0000  Ry
     Exchange-correlation= PBE
                           (   1   4   3   4   0   0   0)

     celldm(1)=   4.773317  celldm(2)=   0.000000  celldm(3)=   0.000000
     celldm(4)=   0.000000  celldm(5)=   0.000000  celldm(6)=   0.000000

     crystal axes: (cart. coord. in units of alat)
               a(1) = (  -0.707107   0.000000   0.707107 )  
               a(2) = (   0.000000   0.707107   0.707107 )  
               a(3) = (  -0.707107   0.707107   0.000000 )  

     reciprocal axes: (cart. coord. in units 2 pi/alat)
               b(1) = ( -0.707107 -0.707107  0.707107 )  
               b(2) = (  0.707107  0.707107  0.707107 )  
               b(3) = ( -0.707107  0.707107 -0.707107 )  


     PseudoPot. # 1 for C  read from file:
     ../../pseudos/C.pbe-n-kjpaw_psl.1.0.0.UPF
     MD5 check sum: 5f16ad9a65e90284d1d834d4ab3b0f7d
     Pseudo is Projector augmented-wave + core cor, Zval =  4.0
     Generated using &quot;atomic&quot; code by A. Dal Corso  v.6.3
     Shape of augmentation charge: PSQ
     Using radial grid of 1073 points,  4 beta functions with: 
                l(1) =   0
                l(2) =   0
                l(3) =   1
                l(4) =   1
     Q(r) pseudized with 0 coefficients 


     atomic species   valence    mass     pseudopotential
     C                 4.00    12.01070     C ( 1.00)

      6 Sym. Ops. (no inversion) found



   Cartesian axes

     site n.     atom                  positions (alat units)
         1        C      tau(   1) = (   0.0000000   0.0000000   0.0000000  )
         2        C      tau(   2) = (  -0.3541036   0.3541036   0.3541036  )

     number of k points=  1024

     Number of k-points >= 100: set verbosity='high' to print them.

     Dense  grid:     3119 G-vectors     FFT dimensions: (  24,  24,  24)

     Estimated max dynamical RAM per process >       0.69 MB

     Estimated total dynamical RAM >      19.22 MB

     Check: negative core charge=   -0.000077

     The potential is recalculated from file :
     ../tmp/_ph0/diamond.save/charge-density

     Starting wfcs are    8 atomic wfcs
     Checking if some PAW data can be deallocated... 

     Band Structure Calculation
     Davidson diagonalization with overlap

     ethr =  1.25E-10,  avg # of iterations = 10.5

     total cpu time spent up to now is       35.1 secs

     End of band structure calculation

     Number of k-points >= 100: set verbosity='high' to print the bands.

     highest occupied, lowest unoccupied level (ev):    13.31233097   17.40873064

     Writing config to output data dir ../tmp/_ph0/diamond.save/ :
     XML data file

     default                                                                    

     bravais-lattice index     =            0
     lattice parameter (alat)  =       4.7733  a.u.
     unit-cell volume          =      76.9035 (a.u.)^3
     number of atoms/cell      =            2
     number of atomic types    =            1
     kinetic-energy cut-off    =      45.0000  Ry
     charge density cut-off    =     180.0000  Ry
     convergence threshold     =      1.0E-14
     beta                      =       0.7000
     number of iterations used =            4
     Exchange-correlation= PBE
                           (   1   4   3   4   0   0   0)


     celldm(1)=    4.77332  celldm(2)=    0.00000  celldm(3)=    0.00000
     celldm(4)=    0.00000  celldm(5)=    0.00000  celldm(6)=    0.00000

     crystal axes: (cart. coord. in units of alat)
               a(1) = ( -0.7071  0.0000  0.7071 )  
               a(2) = (  0.0000  0.7071  0.7071 )  
               a(3) = ( -0.7071  0.7071  0.0000 )  

     reciprocal axes: (cart. coord. in units 2 pi/alat)
               b(1) = ( -0.7071 -0.7071  0.7071 )  
               b(2) = (  0.7071  0.7071  0.7071 )  
               b(3) = ( -0.7071  0.7071 -0.7071 )  


     Atoms inside the unit cell: 

     Cartesian axes

     site n.  atom      mass           positions (alat units)
        1  C      12.0107   tau(    1) = (    0.00000    0.00000    0.00000  )
        2  C      12.0107   tau(    2) = (   -0.35410    0.35410    0.35410  )

     Computing dynamical matrix for 
                    q = (   0.2357023  -0.0000000   0.4714045 )
 
     No symmetry!

     G cutoff =  103.8851  (    447 G-vectors)     FFT grid: ( 24, 24, 24)
     number of k points=  1024

     PseudoPot. # 1 for C  read from file:
     ../../pseudos/C.pbe-n-kjpaw_psl.1.0.0.UPF
     MD5 check sum: 5f16ad9a65e90284d1d834d4ab3b0f7d
     Pseudo is Projector augmented-wave + core cor, Zval =  4.0
     Generated using &quot;atomic&quot; code by A. Dal Corso  v.6.3
     Shape of augmentation charge: PSQ
     Using radial grid of 1073 points,  4 beta functions with: 
                l(1) =   0
                l(2) =   0
                l(3) =   1
                l(4) =   1
     Q(r) pseudized with 0 coefficients 


     Mode symmetry, C_1 (1)     point group:


     Atomic displacements:
     There are    6 irreducible representations

     Representation     1      1 modes -  To be done

     Representation     2      1 modes -  To be done

     Representation     3      1 modes -  To be done

     Representation     4      1 modes -  To be done

     Representation     5      1 modes -  To be done

     Representation     6      1 modes -  To be done



     Alpha used in Ewald sum =   1.9000
     PHONON       :   5m12.52s CPU   7m31.35s WALL



     Representation #   1 mode #   1

     Self-consistent Calculation

      iter #   1 total cpu time :   451.8 secs   av.it.:   6.1
      thresh= 1.000E-02 alpha_mix =  0.700 |ddv_scf|^2 =  1.309E-04

      iter #   2 total cpu time :   452.2 secs   av.it.:   8.2
      thresh= 1.144E-03 alpha_mix =  0.700 |ddv_scf|^2 =  1.682E-04

      iter #   3 total cpu time :   452.7 secs   av.it.:   7.4
      thresh= 1.297E-03 alpha_mix =  0.700 |ddv_scf|^2 =  5.957E-07

      iter #   4 total cpu time :   453.2 secs   av.it.:   8.1
      thresh= 7.718E-05 alpha_mix =  0.700 |ddv_scf|^2 =  3.985E-08

      iter #   5 total cpu time :   453.7 secs   av.it.:   8.2
      thresh= 1.996E-05 alpha_mix =  0.700 |ddv_scf|^2 =  4.448E-09

      iter #   6 total cpu time :   454.2 secs   av.it.:   8.2
      thresh= 6.670E-06 alpha_mix =  0.700 |ddv_scf|^2 =  4.607E-11

      iter #   7 total cpu time :   454.6 secs   av.it.:   8.0
      thresh= 6.788E-07 alpha_mix =  0.700 |ddv_scf|^2 =  1.425E-12

      iter #   8 total cpu time :   455.1 secs   av.it.:   7.7
      thresh= 1.194E-07 alpha_mix =  0.700 |ddv_scf|^2 =  1.018E-13

      iter #   9 total cpu time :   455.6 secs   av.it.:   8.0
      thresh= 3.191E-08 alpha_mix =  0.700 |ddv_scf|^2 =  7.166E-14

      iter #  10 total cpu time :   456.0 secs   av.it.:   7.5
      thresh= 2.677E-08 alpha_mix =  0.700 |ddv_scf|^2 =  5.539E-15

     End of self-consistent calculation

     Convergence has been achieved 


     Representation #   2 mode #   2

     Self-consistent Calculation

      iter #   1 total cpu time :   456.5 secs   av.it.:   6.0
      thresh= 1.000E-02 alpha_mix =  0.700 |ddv_scf|^2 =  4.276E-05

      iter #   2 total cpu time :   457.0 secs   av.it.:   8.3
      thresh= 6.539E-04 alpha_mix =  0.700 |ddv_scf|^2 =  4.655E-05

      iter #   3 total cpu time :   457.4 secs   av.it.:   7.6
      thresh= 6.823E-04 alpha_mix =  0.700 |ddv_scf|^2 =  5.489E-07

      iter #   4 total cpu time :   457.9 secs   av.it.:   8.0
      thresh= 7.409E-05 alpha_mix =  0.700 |ddv_scf|^2 =  4.425E-08

      iter #   5 total cpu time :   458.4 secs   av.it.:   8.1
      thresh= 2.104E-05 alpha_mix =  0.700 |ddv_scf|^2 =  2.835E-09

      iter #   6 total cpu time :   458.9 secs   av.it.:   8.2
      thresh= 5.324E-06 alpha_mix =  0.700 |ddv_scf|^2 =  3.864E-11

      iter #   7 total cpu time :   459.4 secs   av.it.:   8.1
      thresh= 6.216E-07 alpha_mix =  0.700 |ddv_scf|^2 =  1.336E-12

      iter #   8 total cpu time :   459.8 secs   av.it.:   7.9
      thresh= 1.156E-07 alpha_mix =  0.700 |ddv_scf|^2 =  1.284E-13

      iter #   9 total cpu time :   460.3 secs   av.it.:   7.7
      thresh= 3.584E-08 alpha_mix =  0.700 |ddv_scf|^2 =  1.663E-15

     End of self-consistent calculation

     Convergence has been achieved 


     Representation #   3 mode #   3

     Self-consistent Calculation

      iter #   1 total cpu time :   460.8 secs   av.it.:   6.1
      thresh= 1.000E-02 alpha_mix =  0.700 |ddv_scf|^2 =  1.015E-04

      iter #   2 total cpu time :   461.2 secs   av.it.:   8.2
      thresh= 1.008E-03 alpha_mix =  0.700 |ddv_scf|^2 =  1.323E-04

      iter #   3 total cpu time :   461.7 secs   av.it.:   7.4
      thresh= 1.150E-03 alpha_mix =  0.700 |ddv_scf|^2 =  4.093E-07

      iter #   4 total cpu time :   462.2 secs   av.it.:   8.1
      thresh= 6.398E-05 alpha_mix =  0.700 |ddv_scf|^2 =  4.050E-08

      iter #   5 total cpu time :   462.7 secs   av.it.:   8.1
      thresh= 2.013E-05 alpha_mix =  0.700 |ddv_scf|^2 =  3.015E-09

      iter #   6 total cpu time :   463.1 secs   av.it.:   8.2
      thresh= 5.491E-06 alpha_mix =  0.700 |ddv_scf|^2 =  5.107E-11

      iter #   7 total cpu time :   463.6 secs   av.it.:   8.1
      thresh= 7.146E-07 alpha_mix =  0.700 |ddv_scf|^2 =  1.410E-12

      iter #   8 total cpu time :   464.1 secs   av.it.:   7.7
      thresh= 1.188E-07 alpha_mix =  0.700 |ddv_scf|^2 =  9.905E-14

      iter #   9 total cpu time :   464.6 secs   av.it.:   7.8
      thresh= 3.147E-08 alpha_mix =  0.700 |ddv_scf|^2 =  1.323E-14

      iter #  10 total cpu time :   465.0 secs   av.it.:   8.0
      thresh= 1.150E-08 alpha_mix =  0.700 |ddv_scf|^2 =  5.666E-15

     End of self-consistent calculation

     Convergence has been achieved 


     Representation #   4 mode #   4

     Self-consistent Calculation

      iter #   1 total cpu time :   465.5 secs   av.it.:   6.0
      thresh= 1.000E-02 alpha_mix =  0.700 |ddv_scf|^2 =  1.392E-05

      iter #   2 total cpu time :   466.0 secs   av.it.:   8.5
      thresh= 3.731E-04 alpha_mix =  0.700 |ddv_scf|^2 =  3.923E-06

      iter #   3 total cpu time :   466.5 secs   av.it.:   8.2
      thresh= 1.981E-04 alpha_mix =  0.700 |ddv_scf|^2 =  7.921E-07

      iter #   4 total cpu time :   466.9 secs   av.it.:   7.6
      thresh= 8.900E-05 alpha_mix =  0.700 |ddv_scf|^2 =  2.926E-08

      iter #   5 total cpu time :   467.4 secs   av.it.:   8.2
      thresh= 1.711E-05 alpha_mix =  0.700 |ddv_scf|^2 =  4.782E-09

      iter #   6 total cpu time :   467.9 secs   av.it.:   8.2
      thresh= 6.915E-06 alpha_mix =  0.700 |ddv_scf|^2 =  1.328E-10

      iter #   7 total cpu time :   468.4 secs   av.it.:   8.0
      thresh= 1.152E-06 alpha_mix =  0.700 |ddv_scf|^2 =  1.240E-12

      iter #   8 total cpu time :   468.8 secs   av.it.:   7.6
      thresh= 1.114E-07 alpha_mix =  0.700 |ddv_scf|^2 =  1.005E-13

      iter #   9 total cpu time :   469.3 secs   av.it.:   7.6
      thresh= 3.169E-08 alpha_mix =  0.700 |ddv_scf|^2 =  1.418E-15

     End of self-consistent calculation

     Convergence has been achieved 


     Representation #   5 mode #   5

     Self-consistent Calculation

      iter #   1 total cpu time :   469.7 secs   av.it.:   6.2
      thresh= 1.000E-02 alpha_mix =  0.700 |ddv_scf|^2 =  2.153E-04

      iter #   2 total cpu time :   470.2 secs   av.it.:   8.1
      thresh= 1.467E-03 alpha_mix =  0.700 |ddv_scf|^2 =  2.901E-04

      iter #   3 total cpu time :   470.7 secs   av.it.:   7.3
      thresh= 1.703E-03 alpha_mix =  0.700 |ddv_scf|^2 =  5.602E-07

      iter #   4 total cpu time :   471.2 secs   av.it.:   8.1
      thresh= 7.484E-05 alpha_mix =  0.700 |ddv_scf|^2 =  3.179E-08

      iter #   5 total cpu time :   471.6 secs   av.it.:   8.2
      thresh= 1.783E-05 alpha_mix =  0.700 |ddv_scf|^2 =  5.002E-09

      iter #   6 total cpu time :   472.1 secs   av.it.:   8.2
      thresh= 7.072E-06 alpha_mix =  0.700 |ddv_scf|^2 =  3.961E-11

      iter #   7 total cpu time :   472.6 secs   av.it.:   8.0
      thresh= 6.294E-07 alpha_mix =  0.700 |ddv_scf|^2 =  1.232E-12

      iter #   8 total cpu time :   473.1 secs   av.it.:   7.3
      thresh= 1.110E-07 alpha_mix =  0.700 |ddv_scf|^2 =  6.985E-14

      iter #   9 total cpu time :   473.5 secs   av.it.:   8.1
      thresh= 2.643E-08 alpha_mix =  0.700 |ddv_scf|^2 =  5.210E-14

      iter #  10 total cpu time :   474.0 secs   av.it.:   7.4
      thresh= 2.283E-08 alpha_mix =  0.700 |ddv_scf|^2 =  1.259E-15

     End of self-consistent calculation

     Convergence has been achieved 


     Representation #   6 mode #   6

     Self-consistent Calculation

      iter #   1 total cpu time :   474.4 secs   av.it.:   6.0
      thresh= 1.000E-02 alpha_mix =  0.700 |ddv_scf|^2 =  3.959E-05

      iter #   2 total cpu time :   474.9 secs   av.it.:   8.2
      thresh= 6.292E-04 alpha_mix =  0.700 |ddv_scf|^2 =  4.017E-05

      iter #   3 total cpu time :   475.4 secs   av.it.:   7.4
      thresh= 6.338E-04 alpha_mix =  0.700 |ddv_scf|^2 =  5.964E-07

      iter #   4 total cpu time :   475.9 secs   av.it.:   7.9
      thresh= 7.723E-05 alpha_mix =  0.700 |ddv_scf|^2 =  2.384E-08

      iter #   5 total cpu time :   476.4 secs   av.it.:   8.3
      thresh= 1.544E-05 alpha_mix =  0.700 |ddv_scf|^2 =  4.570E-09

      iter #   6 total cpu time :   476.8 secs   av.it.:   8.1
      thresh= 6.760E-06 alpha_mix =  0.700 |ddv_scf|^2 =  6.679E-11

      iter #   7 total cpu time :   477.3 secs   av.it.:   8.1
      thresh= 8.173E-07 alpha_mix =  0.700 |ddv_scf|^2 =  1.465E-12

      iter #   8 total cpu time :   477.8 secs   av.it.:   7.9
      thresh= 1.210E-07 alpha_mix =  0.700 |ddv_scf|^2 =  9.738E-14

      iter #   9 total cpu time :   478.3 secs   av.it.:   8.0
      thresh= 3.121E-08 alpha_mix =  0.700 |ddv_scf|^2 =  4.515E-14

      iter #  10 total cpu time :   478.7 secs   av.it.:   7.6
      thresh= 2.125E-08 alpha_mix =  0.700 |ddv_scf|^2 =  6.174E-15

     End of self-consistent calculation

     Convergence has been achieved 
 
     Number of q in the star =    6
     List of q in the star:
          1   0.235702260  -0.000000000   0.471404521
          2  -0.471404521  -0.000000000  -0.235702260
          3  -0.471404521  -0.235702260  -0.000000000
          4   0.000000000   0.471404521  -0.235702260
          5   0.000000000  -0.235702260   0.471404521
          6   0.235702260   0.471404521  -0.000000000
     In addition there is the -q list: 
          1  -0.235702260   0.000000000  -0.471404521
          2   0.471404521   0.000000000   0.235702260
          3   0.471404521   0.235702260   0.000000000
          4  -0.000000000  -0.471404521   0.235702260
          5  -0.000000000   0.235702260  -0.471404521
          6  -0.235702260  -0.471404521   0.000000000

     Diagonalizing the dynamical matrix

     q = (    0.235702260  -0.000000000   0.471404521 ) 

 **************************************************************************
     freq (    1) =      20.775112 [THz] =     692.983142 [cm-1]
     freq (    2) =      22.884289 [THz] =     763.337702 [cm-1]
     freq (    3) =      26.819239 [THz] =     894.593511 [cm-1]
     freq (    4) =      33.513288 [THz] =    1117.882946 [cm-1]
     freq (    5) =      35.546754 [THz] =    1185.712096 [cm-1]
     freq (    6) =      36.822691 [THz] =    1228.272772 [cm-1]
 **************************************************************************

     Mode symmetry, C_1 (1)     point group:

     freq (   1-   1) =        693.0  [cm-1]   --> A                  
     freq (   2-   2) =        763.3  [cm-1]   --> A                  
     freq (   3-   3) =        894.6  [cm-1]   --> A                  
     freq (   4-   4) =       1117.9  [cm-1]   --> A                  
     freq (   5-   5) =       1185.7  [cm-1]   --> A                  
     freq (   6-   6) =       1228.3  [cm-1]   --> A                  

     Calculation of q =   -0.1178511  -0.8249579   0.1178511
 
     Parallelization info
     --------------------
     sticks:   dense  smooth     PW     G-vecs:    dense   smooth      PW
     Min          40      40     17                  445      445     133
     Max          41      41     18                  447      447     137
     Sum         283     283    121                 3119     3119     941
 
     Using Slab Decomposition
 

     Title: 
     default                                                                    


     bravais-lattice index     =            0
     lattice parameter (alat)  =       4.7733  a.u.
     unit-cell volume          =      76.9035 (a.u.)^3
     number of atoms/cell      =            2
     number of atomic types    =            1
     number of electrons       =         8.00
     number of Kohn-Sham states=            8
     kinetic-energy cutoff     =      45.0000  Ry
     charge density cutoff     =     180.0000  Ry
     Exchange-correlation= PBE
                           (   1   4   3   4   0   0   0)

     celldm(1)=   4.773317  celldm(2)=   0.000000  celldm(3)=   0.000000
     celldm(4)=   0.000000  celldm(5)=   0.000000  celldm(6)=   0.000000

     crystal axes: (cart. coord. in units of alat)
               a(1) = (  -0.707107   0.000000   0.707107 )  
               a(2) = (   0.000000   0.707107   0.707107 )  
               a(3) = (  -0.707107   0.707107   0.000000 )  

     reciprocal axes: (cart. coord. in units 2 pi/alat)
               b(1) = ( -0.707107 -0.707107  0.707107 )  
               b(2) = (  0.707107  0.707107  0.707107 )  
               b(3) = ( -0.707107  0.707107 -0.707107 )  


     PseudoPot. # 1 for C  read from file:
     ../../pseudos/C.pbe-n-kjpaw_psl.1.0.0.UPF
     MD5 check sum: 5f16ad9a65e90284d1d834d4ab3b0f7d
     Pseudo is Projector augmented-wave + core cor, Zval =  4.0
     Generated using &quot;atomic&quot; code by A. Dal Corso  v.6.3
     Shape of augmentation charge: PSQ
     Using radial grid of 1073 points,  4 beta functions with: 
                l(1) =   0
                l(2) =   0
                l(3) =   1
                l(4) =   1
     Q(r) pseudized with 0 coefficients 


     atomic species   valence    mass     pseudopotential
     C                 4.00    12.01070     C ( 1.00)

      6 Sym. Ops. (no inversion) found



   Cartesian axes

     site n.     atom                  positions (alat units)
         1        C      tau(   1) = (   0.0000000   0.0000000   0.0000000  )
         2        C      tau(   2) = (  -0.3541036   0.3541036   0.3541036  )

     number of k points=   576

     Number of k-points >= 100: set verbosity='high' to print them.

     Dense  grid:     3119 G-vectors     FFT dimensions: (  24,  24,  24)

     Estimated max dynamical RAM per process >       0.70 MB

     Estimated total dynamical RAM >      19.48 MB

     Check: negative core charge=   -0.000077

     The potential is recalculated from file :
     ../tmp/_ph0/diamond.save/charge-density

     Starting wfcs are    8 atomic wfcs
     Checking if some PAW data can be deallocated... 

     Band Structure Calculation
     Davidson diagonalization with overlap

     ethr =  1.25E-10,  avg # of iterations = 10.4

     total cpu time spent up to now is       36.7 secs

     End of band structure calculation

     Number of k-points >= 100: set verbosity='high' to print the bands.

     highest occupied, lowest unoccupied level (ev):    13.31233097   17.40873064

     Writing config to output data dir ../tmp/_ph0/diamond.save/ :
     XML data file

     default                                                                    

     bravais-lattice index     =            0
     lattice parameter (alat)  =       4.7733  a.u.
     unit-cell volume          =      76.9035 (a.u.)^3
     number of atoms/cell      =            2
     number of atomic types    =            1
     kinetic-energy cut-off    =      45.0000  Ry
     charge density cut-off    =     180.0000  Ry
     convergence threshold     =      1.0E-14
     beta                      =       0.7000
     number of iterations used =            4
     Exchange-correlation= PBE
                           (   1   4   3   4   0   0   0)


     celldm(1)=    4.77332  celldm(2)=    0.00000  celldm(3)=    0.00000
     celldm(4)=    0.00000  celldm(5)=    0.00000  celldm(6)=    0.00000

     crystal axes: (cart. coord. in units of alat)
               a(1) = ( -0.7071  0.0000  0.7071 )  
               a(2) = (  0.0000  0.7071  0.7071 )  
               a(3) = ( -0.7071  0.7071  0.0000 )  

     reciprocal axes: (cart. coord. in units 2 pi/alat)
               b(1) = ( -0.7071 -0.7071  0.7071 )  
               b(2) = (  0.7071  0.7071  0.7071 )  
               b(3) = ( -0.7071  0.7071 -0.7071 )  


     Atoms inside the unit cell: 

     Cartesian axes

     site n.  atom      mass           positions (alat units)
        1  C      12.0107   tau(    1) = (    0.00000    0.00000    0.00000  )
        2  C      12.0107   tau(    2) = (   -0.35410    0.35410    0.35410  )

     Computing dynamical matrix for 
                    q = (  -0.1178511  -0.8249579   0.1178511 )
 
      2 Sym.Ops. (no q -> -q+G )


     G cutoff =  103.8851  (    447 G-vectors)     FFT grid: ( 24, 24, 24)
     number of k points=   576

     PseudoPot. # 1 for C  read from file:
     ../../pseudos/C.pbe-n-kjpaw_psl.1.0.0.UPF
     MD5 check sum: 5f16ad9a65e90284d1d834d4ab3b0f7d
     Pseudo is Projector augmented-wave + core cor, Zval =  4.0
     Generated using &quot;atomic&quot; code by A. Dal Corso  v.6.3
     Shape of augmentation charge: PSQ
     Using radial grid of 1073 points,  4 beta functions with: 
                l(1) =   0
                l(2) =   0
                l(3) =   1
                l(4) =   1
     Q(r) pseudized with 0 coefficients 


     Mode symmetry, C_s (m)     point group:


     Atomic displacements:
     There are    6 irreducible representations

     Representation     1      1 modes -  To be done

     Representation     2      1 modes -  To be done

     Representation     3      1 modes -  To be done

     Representation     4      1 modes -  To be done

     Representation     5      1 modes -  To be done

     Representation     6      1 modes -  To be done



     Alpha used in Ewald sum =   1.9000
     PHONON       :   5m33.84s CPU   8m 0.88s WALL



     Representation #   1 mode #   1

     Self-consistent Calculation

      iter #   1 total cpu time :   481.1 secs   av.it.:   6.1
      thresh= 1.000E-02 alpha_mix =  0.700 |ddv_scf|^2 =  5.901E-05

      iter #   2 total cpu time :   481.4 secs   av.it.:   8.3
      thresh= 7.682E-04 alpha_mix =  0.700 |ddv_scf|^2 =  4.395E-05

      iter #   3 total cpu time :   481.7 secs   av.it.:   7.7
      thresh= 6.630E-04 alpha_mix =  0.700 |ddv_scf|^2 =  6.033E-07

      iter #   4 total cpu time :   482.1 secs   av.it.:   7.9
      thresh= 7.768E-05 alpha_mix =  0.700 |ddv_scf|^2 =  2.396E-08

      iter #   5 total cpu time :   482.4 secs   av.it.:   8.1
      thresh= 1.548E-05 alpha_mix =  0.700 |ddv_scf|^2 =  4.405E-09

      iter #   6 total cpu time :   482.7 secs   av.it.:   8.1
      thresh= 6.637E-06 alpha_mix =  0.700 |ddv_scf|^2 =  7.020E-11

      iter #   7 total cpu time :   483.0 secs   av.it.:   8.1
      thresh= 8.378E-07 alpha_mix =  0.700 |ddv_scf|^2 =  1.356E-12

      iter #   8 total cpu time :   483.3 secs   av.it.:   7.7
      thresh= 1.165E-07 alpha_mix =  0.700 |ddv_scf|^2 =  1.358E-13

      iter #   9 total cpu time :   483.6 secs   av.it.:   7.8
      thresh= 3.684E-08 alpha_mix =  0.700 |ddv_scf|^2 =  2.237E-14

      iter #  10 total cpu time :   483.9 secs   av.it.:   7.9
      thresh= 1.496E-08 alpha_mix =  0.700 |ddv_scf|^2 =  2.158E-15

     End of self-consistent calculation

     Convergence has been achieved 


     Representation #   2 mode #   2

     Self-consistent Calculation

      iter #   1 total cpu time :   484.2 secs   av.it.:   6.1
      thresh= 1.000E-02 alpha_mix =  0.700 |ddv_scf|^2 =  1.221E-04

      iter #   2 total cpu time :   484.5 secs   av.it.:   8.2
      thresh= 1.105E-03 alpha_mix =  0.700 |ddv_scf|^2 =  1.059E-04

      iter #   3 total cpu time :   484.8 secs   av.it.:   7.7
      thresh= 1.029E-03 alpha_mix =  0.700 |ddv_scf|^2 =  5.623E-07

      iter #   4 total cpu time :   485.1 secs   av.it.:   8.0
      thresh= 7.499E-05 alpha_mix =  0.700 |ddv_scf|^2 =  3.740E-08

      iter #   5 total cpu time :   485.4 secs   av.it.:   8.0
      thresh= 1.934E-05 alpha_mix =  0.700 |ddv_scf|^2 =  3.770E-09

      iter #   6 total cpu time :   485.7 secs   av.it.:   8.1
      thresh= 6.140E-06 alpha_mix =  0.700 |ddv_scf|^2 =  4.651E-11

      iter #   7 total cpu time :   486.0 secs   av.it.:   7.9
      thresh= 6.820E-07 alpha_mix =  0.700 |ddv_scf|^2 =  1.343E-12

      iter #   8 total cpu time :   486.3 secs   av.it.:   7.6
      thresh= 1.159E-07 alpha_mix =  0.700 |ddv_scf|^2 =  1.452E-13

      iter #   9 total cpu time :   486.6 secs   av.it.:   8.0
      thresh= 3.811E-08 alpha_mix =  0.700 |ddv_scf|^2 =  1.013E-13

      iter #  10 total cpu time :   486.9 secs   av.it.:   7.6
      thresh= 3.183E-08 alpha_mix =  0.700 |ddv_scf|^2 =  4.458E-15

     End of self-consistent calculation

     Convergence has been achieved 


     Representation #   3 mode #   3

     Self-consistent Calculation

      iter #   1 total cpu time :   487.2 secs   av.it.:   6.1
      thresh= 1.000E-02 alpha_mix =  0.700 |ddv_scf|^2 =  8.965E-05

      iter #   2 total cpu time :   487.5 secs   av.it.:   8.2
      thresh= 9.468E-04 alpha_mix =  0.700 |ddv_scf|^2 =  7.391E-05

      iter #   3 total cpu time :   487.8 secs   av.it.:   7.7
      thresh= 8.597E-04 alpha_mix =  0.700 |ddv_scf|^2 =  5.622E-07

      iter #   4 total cpu time :   488.1 secs   av.it.:   8.0
      thresh= 7.498E-05 alpha_mix =  0.700 |ddv_scf|^2 =  3.158E-08

      iter #   5 total cpu time :   488.5 secs   av.it.:   8.1
      thresh= 1.777E-05 alpha_mix =  0.700 |ddv_scf|^2 =  4.440E-09

      iter #   6 total cpu time :   488.8 secs   av.it.:   8.1
      thresh= 6.663E-06 alpha_mix =  0.700 |ddv_scf|^2 =  4.045E-11

      iter #   7 total cpu time :   489.1 secs   av.it.:   7.8
      thresh= 6.360E-07 alpha_mix =  0.700 |ddv_scf|^2 =  1.196E-12

      iter #   8 total cpu time :   489.4 secs   av.it.:   7.5
      thresh= 1.094E-07 alpha_mix =  0.700 |ddv_scf|^2 =  1.515E-13

      iter #   9 total cpu time :   489.7 secs   av.it.:   8.0
      thresh= 3.892E-08 alpha_mix =  0.700 |ddv_scf|^2 =  1.112E-13

      iter #  10 total cpu time :   489.9 secs   av.it.:   7.6
      thresh= 3.335E-08 alpha_mix =  0.700 |ddv_scf|^2 =  3.081E-15

     End of self-consistent calculation

     Convergence has been achieved 


     Representation #   4 mode #   4

     Self-consistent Calculation

      iter #   1 total cpu time :   490.3 secs   av.it.:   6.0
      thresh= 1.000E-02 alpha_mix =  0.700 |ddv_scf|^2 =  2.654E-05

      iter #   2 total cpu time :   490.6 secs   av.it.:   8.4
      thresh= 5.152E-04 alpha_mix =  0.700 |ddv_scf|^2 =  1.189E-05

      iter #   3 total cpu time :   490.9 secs   av.it.:   8.0
      thresh= 3.448E-04 alpha_mix =  0.700 |ddv_scf|^2 =  7.629E-07

      iter #   4 total cpu time :   491.2 secs   av.it.:   7.7
      thresh= 8.735E-05 alpha_mix =  0.700 |ddv_scf|^2 =  1.724E-08

      iter #   5 total cpu time :   491.5 secs   av.it.:   8.2
      thresh= 1.313E-05 alpha_mix =  0.700 |ddv_scf|^2 =  4.265E-09

      iter #   6 total cpu time :   491.8 secs   av.it.:   8.1
      thresh= 6.531E-06 alpha_mix =  0.700 |ddv_scf|^2 =  1.031E-10

      iter #   7 total cpu time :   492.1 secs   av.it.:   8.0
      thresh= 1.015E-06 alpha_mix =  0.700 |ddv_scf|^2 =  1.333E-12

      iter #   8 total cpu time :   492.4 secs   av.it.:   7.7
      thresh= 1.154E-07 alpha_mix =  0.700 |ddv_scf|^2 =  1.216E-13

      iter #   9 total cpu time :   492.7 secs   av.it.:   7.7
      thresh= 3.487E-08 alpha_mix =  0.700 |ddv_scf|^2 =  3.584E-15

     End of self-consistent calculation

     Convergence has been achieved 


     Representation #   5 mode #   5

     Self-consistent Calculation

      iter #   1 total cpu time :   493.0 secs   av.it.:   5.9
      thresh= 1.000E-02 alpha_mix =  0.700 |ddv_scf|^2 =  8.676E-06

      iter #   2 total cpu time :   493.3 secs   av.it.:   7.9
      thresh= 2.946E-04 alpha_mix =  0.700 |ddv_scf|^2 =  1.894E-07

      iter #   3 total cpu time :   493.6 secs   av.it.:   7.9
      thresh= 4.352E-05 alpha_mix =  0.700 |ddv_scf|^2 =  1.221E-08

      iter #   4 total cpu time :   493.9 secs   av.it.:   7.6
      thresh= 1.105E-05 alpha_mix =  0.700 |ddv_scf|^2 =  4.799E-11

      iter #   5 total cpu time :   494.2 secs   av.it.:   7.5
      thresh= 6.928E-07 alpha_mix =  0.700 |ddv_scf|^2 =  3.197E-13

      iter #   6 total cpu time :   494.5 secs   av.it.:   7.7
      thresh= 5.654E-08 alpha_mix =  0.700 |ddv_scf|^2 =  8.718E-16

     End of self-consistent calculation

     Convergence has been achieved 


     Representation #   6 mode #   6

     Self-consistent Calculation

      iter #   1 total cpu time :   494.8 secs   av.it.:   5.9
      thresh= 1.000E-02 alpha_mix =  0.700 |ddv_scf|^2 =  8.677E-06

      iter #   2 total cpu time :   495.1 secs   av.it.:   7.9
      thresh= 2.946E-04 alpha_mix =  0.700 |ddv_scf|^2 =  1.894E-07

      iter #   3 total cpu time :   495.4 secs   av.it.:   7.9
      thresh= 4.352E-05 alpha_mix =  0.700 |ddv_scf|^2 =  1.221E-08

      iter #   4 total cpu time :   495.7 secs   av.it.:   7.6
      thresh= 1.105E-05 alpha_mix =  0.700 |ddv_scf|^2 =  4.800E-11

      iter #   5 total cpu time :   496.0 secs   av.it.:   7.5
      thresh= 6.928E-07 alpha_mix =  0.700 |ddv_scf|^2 =  3.198E-13

      iter #   6 total cpu time :   496.3 secs   av.it.:   7.7
      thresh= 5.655E-08 alpha_mix =  0.700 |ddv_scf|^2 =  8.722E-16

     End of self-consistent calculation

     Convergence has been achieved 
 
     Number of q in the star =    3
     List of q in the star:
          1  -0.117851130  -0.824957911   0.117851130
          2  -0.117851130   0.117851130  -0.824957911
          3   0.824957911   0.117851130   0.117851130
     In addition there is the -q list: 
          1   0.117851130   0.824957911  -0.117851130
          2   0.117851130  -0.117851130   0.824957911
          3  -0.824957911  -0.117851130  -0.117851130

     Diagonalizing the dynamical matrix

     q = (   -0.117851130  -0.824957911   0.117851130 ) 

 **************************************************************************
     freq (    1) =      21.880243 [THz] =     729.846345 [cm-1]
     freq (    2) =      24.991418 [THz] =     833.623986 [cm-1]
     freq (    3) =      29.988303 [THz] =    1000.302118 [cm-1]
     freq (    4) =      32.688465 [THz] =    1090.369817 [cm-1]
     freq (    5) =      33.500567 [THz] =    1117.458640 [cm-1]
     freq (    6) =      36.998450 [THz] =    1234.135466 [cm-1]
 **************************************************************************

     Mode symmetry, C_s (m)     point group:

     freq (   1-   1) =        729.8  [cm-1]   --> A''                
     freq (   2-   2) =        833.6  [cm-1]   --> A'                 
     freq (   3-   3) =       1000.3  [cm-1]   --> A'                 
     freq (   4-   4) =       1090.4  [cm-1]   --> A''                
     freq (   5-   5) =       1117.5  [cm-1]   --> A'                 
     freq (   6-   6) =       1234.1  [cm-1]   --> A'                 

     Calculation of q =   -0.2357023  -0.7071068   0.0000000
 
     Parallelization info
     --------------------
     sticks:   dense  smooth     PW     G-vecs:    dense   smooth      PW
     Min          40      40     17                  445      445     127
     Max          41      41     18                  447      447     129
     Sum         283     283    121                 3119     3119     893
 
     Using Slab Decomposition
 

     Title: 
     default                                                                    


     bravais-lattice index     =            0
     lattice parameter (alat)  =       4.7733  a.u.
     unit-cell volume          =      76.9035 (a.u.)^3
     number of atoms/cell      =            2
     number of atomic types    =            1
     number of electrons       =         8.00
     number of Kohn-Sham states=            8
     kinetic-energy cutoff     =      45.0000  Ry
     charge density cutoff     =     180.0000  Ry
     Exchange-correlation= PBE
                           (   1   4   3   4   0   0   0)

     celldm(1)=   4.773317  celldm(2)=   0.000000  celldm(3)=   0.000000
     celldm(4)=   0.000000  celldm(5)=   0.000000  celldm(6)=   0.000000

     crystal axes: (cart. coord. in units of alat)
               a(1) = (  -0.707107   0.000000   0.707107 )  
               a(2) = (   0.000000   0.707107   0.707107 )  
               a(3) = (  -0.707107   0.707107   0.000000 )  

     reciprocal axes: (cart. coord. in units 2 pi/alat)
               b(1) = ( -0.707107 -0.707107  0.707107 )  
               b(2) = (  0.707107  0.707107  0.707107 )  
               b(3) = ( -0.707107  0.707107 -0.707107 )  


     PseudoPot. # 1 for C  read from file:
     ../../pseudos/C.pbe-n-kjpaw_psl.1.0.0.UPF
     MD5 check sum: 5f16ad9a65e90284d1d834d4ab3b0f7d
     Pseudo is Projector augmented-wave + core cor, Zval =  4.0
     Generated using &quot;atomic&quot; code by A. Dal Corso  v.6.3
     Shape of augmentation charge: PSQ
     Using radial grid of 1073 points,  4 beta functions with: 
                l(1) =   0
                l(2) =   0
                l(3) =   1
                l(4) =   1
     Q(r) pseudized with 0 coefficients 


     atomic species   valence    mass     pseudopotential
     C                 4.00    12.01070     C ( 1.00)

      6 Sym. Ops. (no inversion) found



   Cartesian axes

     site n.     atom                  positions (alat units)
         1        C      tau(   1) = (   0.0000000   0.0000000   0.0000000  )
         2        C      tau(   2) = (  -0.3541036   0.3541036   0.3541036  )

     number of k points=  1024

     Number of k-points >= 100: set verbosity='high' to print them.

     Dense  grid:     3119 G-vectors     FFT dimensions: (  24,  24,  24)

     Estimated max dynamical RAM per process >       0.69 MB

     Estimated total dynamical RAM >      19.40 MB

     Check: negative core charge=   -0.000077

     The potential is recalculated from file :
     ../tmp/_ph0/diamond.save/charge-density

     Starting wfcs are    8 atomic wfcs
     Checking if some PAW data can be deallocated... 

     Band Structure Calculation
     Davidson diagonalization with overlap

     ethr =  1.25E-10,  avg # of iterations = 10.4

     total cpu time spent up to now is       38.9 secs

     End of band structure calculation

     Number of k-points >= 100: set verbosity='high' to print the bands.

     highest occupied, lowest unoccupied level (ev):    13.31233097   17.40873064

     Writing config to output data dir ../tmp/_ph0/diamond.save/ :
     XML data file

     default                                                                    

     bravais-lattice index     =            0
     lattice parameter (alat)  =       4.7733  a.u.
     unit-cell volume          =      76.9035 (a.u.)^3
     number of atoms/cell      =            2
     number of atomic types    =            1
     kinetic-energy cut-off    =      45.0000  Ry
     charge density cut-off    =     180.0000  Ry
     convergence threshold     =      1.0E-14
     beta                      =       0.7000
     number of iterations used =            4
     Exchange-correlation= PBE
                           (   1   4   3   4   0   0   0)


     celldm(1)=    4.77332  celldm(2)=    0.00000  celldm(3)=    0.00000
     celldm(4)=    0.00000  celldm(5)=    0.00000  celldm(6)=    0.00000

     crystal axes: (cart. coord. in units of alat)
               a(1) = ( -0.7071  0.0000  0.7071 )  
               a(2) = (  0.0000  0.7071  0.7071 )  
               a(3) = ( -0.7071  0.7071  0.0000 )  

     reciprocal axes: (cart. coord. in units 2 pi/alat)
               b(1) = ( -0.7071 -0.7071  0.7071 )  
               b(2) = (  0.7071  0.7071  0.7071 )  
               b(3) = ( -0.7071  0.7071 -0.7071 )  


     Atoms inside the unit cell: 

     Cartesian axes

     site n.  atom      mass           positions (alat units)
        1  C      12.0107   tau(    1) = (    0.00000    0.00000    0.00000  )
        2  C      12.0107   tau(    2) = (   -0.35410    0.35410    0.35410  )

     Computing dynamical matrix for 
                    q = (  -0.2357023  -0.7071068   0.0000000 )
 
     No symmetry!

     G cutoff =  103.8851  (    447 G-vectors)     FFT grid: ( 24, 24, 24)
     number of k points=  1024

     PseudoPot. # 1 for C  read from file:
     ../../pseudos/C.pbe-n-kjpaw_psl.1.0.0.UPF
     MD5 check sum: 5f16ad9a65e90284d1d834d4ab3b0f7d
     Pseudo is Projector augmented-wave + core cor, Zval =  4.0
     Generated using &quot;atomic&quot; code by A. Dal Corso  v.6.3
     Shape of augmentation charge: PSQ
     Using radial grid of 1073 points,  4 beta functions with: 
                l(1) =   0
                l(2) =   0
                l(3) =   1
                l(4) =   1
     Q(r) pseudized with 0 coefficients 


     Mode symmetry, C_1 (1)     point group:


     Atomic displacements:
     There are    6 irreducible representations

     Representation     1      1 modes -  To be done

     Representation     2      1 modes -  To be done

     Representation     3      1 modes -  To be done

     Representation     4      1 modes -  To be done

     Representation     5      1 modes -  To be done

     Representation     6      1 modes -  To be done



     Alpha used in Ewald sum =   1.9000
     PHONON       :   5m46.51s CPU   8m19.36s WALL



     Representation #   1 mode #   1

     Self-consistent Calculation

      iter #   1 total cpu time :   499.8 secs   av.it.:   6.1
      thresh= 1.000E-02 alpha_mix =  0.700 |ddv_scf|^2 =  4.444E-05

      iter #   2 total cpu time :   500.3 secs   av.it.:   8.5
      thresh= 6.666E-04 alpha_mix =  0.700 |ddv_scf|^2 =  2.126E-05

      iter #   3 total cpu time :   500.7 secs   av.it.:   8.1
      thresh= 4.611E-04 alpha_mix =  0.700 |ddv_scf|^2 =  4.116E-07

      iter #   4 total cpu time :   501.2 secs   av.it.:   8.1
      thresh= 6.416E-05 alpha_mix =  0.700 |ddv_scf|^2 =  7.022E-09

      iter #   5 total cpu time :   501.7 secs   av.it.:   7.9
      thresh= 8.380E-06 alpha_mix =  0.700 |ddv_scf|^2 =  1.352E-10

      iter #   6 total cpu time :   502.2 secs   av.it.:   8.1
      thresh= 1.163E-06 alpha_mix =  0.700 |ddv_scf|^2 =  1.290E-11

      iter #   7 total cpu time :   502.6 secs   av.it.:   8.3
      thresh= 3.592E-07 alpha_mix =  0.700 |ddv_scf|^2 =  2.890E-12

      iter #   8 total cpu time :   503.1 secs   av.it.:   8.0
      thresh= 1.700E-07 alpha_mix =  0.700 |ddv_scf|^2 =  9.284E-14

      iter #   9 total cpu time :   503.6 secs   av.it.:   8.0
      thresh= 3.047E-08 alpha_mix =  0.700 |ddv_scf|^2 =  7.347E-15

     End of self-consistent calculation

     Convergence has been achieved 


     Representation #   2 mode #   2

     Self-consistent Calculation

      iter #   1 total cpu time :   504.0 secs   av.it.:   6.1
      thresh= 1.000E-02 alpha_mix =  0.700 |ddv_scf|^2 =  4.334E-05

      iter #   2 total cpu time :   504.5 secs   av.it.:   8.5
      thresh= 6.584E-04 alpha_mix =  0.700 |ddv_scf|^2 =  2.139E-05

      iter #   3 total cpu time :   505.0 secs   av.it.:   8.1
      thresh= 4.625E-04 alpha_mix =  0.700 |ddv_scf|^2 =  3.691E-07

      iter #   4 total cpu time :   505.5 secs   av.it.:   8.1
      thresh= 6.075E-05 alpha_mix =  0.700 |ddv_scf|^2 =  6.795E-09

      iter #   5 total cpu time :   506.0 secs   av.it.:   8.0
      thresh= 8.243E-06 alpha_mix =  0.700 |ddv_scf|^2 =  1.366E-10

      iter #   6 total cpu time :   506.4 secs   av.it.:   8.1
      thresh= 1.169E-06 alpha_mix =  0.700 |ddv_scf|^2 =  1.307E-11

      iter #   7 total cpu time :   506.9 secs   av.it.:   8.3
      thresh= 3.616E-07 alpha_mix =  0.700 |ddv_scf|^2 =  2.995E-12

      iter #   8 total cpu time :   507.4 secs   av.it.:   8.0
      thresh= 1.731E-07 alpha_mix =  0.700 |ddv_scf|^2 =  9.716E-14

      iter #   9 total cpu time :   507.9 secs   av.it.:   8.1
      thresh= 3.117E-08 alpha_mix =  0.700 |ddv_scf|^2 =  1.130E-14

      iter #  10 total cpu time :   508.3 secs   av.it.:   8.3
      thresh= 1.063E-08 alpha_mix =  0.700 |ddv_scf|^2 =  6.656E-16

     End of self-consistent calculation

     Convergence has been achieved 


     Representation #   3 mode #   3

     Self-consistent Calculation

      iter #   1 total cpu time :   508.8 secs   av.it.:   6.1
      thresh= 1.000E-02 alpha_mix =  0.700 |ddv_scf|^2 =  3.428E-05

      iter #   2 total cpu time :   509.3 secs   av.it.:   8.5
      thresh= 5.855E-04 alpha_mix =  0.700 |ddv_scf|^2 =  1.456E-05

      iter #   3 total cpu time :   509.8 secs   av.it.:   8.1
      thresh= 3.816E-04 alpha_mix =  0.700 |ddv_scf|^2 =  4.475E-07

      iter #   4 total cpu time :   510.3 secs   av.it.:   8.1
      thresh= 6.689E-05 alpha_mix =  0.700 |ddv_scf|^2 =  7.129E-09

      iter #   5 total cpu time :   510.7 secs   av.it.:   7.9
      thresh= 8.443E-06 alpha_mix =  0.700 |ddv_scf|^2 =  1.499E-10

      iter #   6 total cpu time :   511.2 secs   av.it.:   8.1
      thresh= 1.225E-06 alpha_mix =  0.700 |ddv_scf|^2 =  9.259E-12

      iter #   7 total cpu time :   511.7 secs   av.it.:   8.3
      thresh= 3.043E-07 alpha_mix =  0.700 |ddv_scf|^2 =  2.772E-12

      iter #   8 total cpu time :   512.2 secs   av.it.:   8.0
      thresh= 1.665E-07 alpha_mix =  0.700 |ddv_scf|^2 =  9.527E-14

      iter #   9 total cpu time :   512.6 secs   av.it.:   8.0
      thresh= 3.087E-08 alpha_mix =  0.700 |ddv_scf|^2 =  4.025E-15

     End of self-consistent calculation

     Convergence has been achieved 


     Representation #   4 mode #   4

     Self-consistent Calculation

      iter #   1 total cpu time :   513.1 secs   av.it.:   6.1
      thresh= 1.000E-02 alpha_mix =  0.700 |ddv_scf|^2 =  4.730E-05

      iter #   2 total cpu time :   513.6 secs   av.it.:   8.5
      thresh= 6.878E-04 alpha_mix =  0.700 |ddv_scf|^2 =  2.462E-05

      iter #   3 total cpu time :   514.1 secs   av.it.:   8.1
      thresh= 4.962E-04 alpha_mix =  0.700 |ddv_scf|^2 =  3.448E-07

      iter #   4 total cpu time :   514.6 secs   av.it.:   8.1
      thresh= 5.872E-05 alpha_mix =  0.700 |ddv_scf|^2 =  6.760E-09

      iter #   5 total cpu time :   515.0 secs   av.it.:   7.9
      thresh= 8.222E-06 alpha_mix =  0.700 |ddv_scf|^2 =  1.541E-10

      iter #   6 total cpu time :   515.5 secs   av.it.:   8.1
      thresh= 1.241E-06 alpha_mix =  0.700 |ddv_scf|^2 =  1.422E-11

      iter #   7 total cpu time :   516.0 secs   av.it.:   8.3
      thresh= 3.771E-07 alpha_mix =  0.700 |ddv_scf|^2 =  3.034E-12

      iter #   8 total cpu time :   516.5 secs   av.it.:   8.0
      thresh= 1.742E-07 alpha_mix =  0.700 |ddv_scf|^2 =  1.059E-13

      iter #   9 total cpu time :   517.0 secs   av.it.:   8.1
      thresh= 3.255E-08 alpha_mix =  0.700 |ddv_scf|^2 =  1.416E-14

      iter #  10 total cpu time :   517.4 secs   av.it.:   8.2
      thresh= 1.190E-08 alpha_mix =  0.700 |ddv_scf|^2 =  7.166E-16

     End of self-consistent calculation

     Convergence has been achieved 


     Representation #   5 mode #   5

     Self-consistent Calculation

      iter #   1 total cpu time :   517.9 secs   av.it.:   6.0
      thresh= 1.000E-02 alpha_mix =  0.700 |ddv_scf|^2 =  2.099E-05

      iter #   2 total cpu time :   518.4 secs   av.it.:   8.3
      thresh= 4.581E-04 alpha_mix =  0.700 |ddv_scf|^2 =  2.294E-06

      iter #   3 total cpu time :   518.9 secs   av.it.:   8.4
      thresh= 1.514E-04 alpha_mix =  0.700 |ddv_scf|^2 =  2.606E-07

      iter #   4 total cpu time :   519.3 secs   av.it.:   8.1
      thresh= 5.105E-05 alpha_mix =  0.700 |ddv_scf|^2 =  1.068E-08

      iter #   5 total cpu time :   519.8 secs   av.it.:   8.0
      thresh= 1.033E-05 alpha_mix =  0.700 |ddv_scf|^2 =  7.714E-11

      iter #   6 total cpu time :   520.3 secs   av.it.:   8.0
      thresh= 8.783E-07 alpha_mix =  0.700 |ddv_scf|^2 =  2.491E-12

      iter #   7 total cpu time :   520.8 secs   av.it.:   8.1
      thresh= 1.578E-07 alpha_mix =  0.700 |ddv_scf|^2 =  9.470E-13

      iter #   8 total cpu time :   521.2 secs   av.it.:   8.1
      thresh= 9.732E-08 alpha_mix =  0.700 |ddv_scf|^2 =  2.196E-14

      iter #   9 total cpu time :   521.7 secs   av.it.:   8.1
      thresh= 1.482E-08 alpha_mix =  0.700 |ddv_scf|^2 =  1.087E-15

     End of self-consistent calculation

     Convergence has been achieved 


     Representation #   6 mode #   6

     Self-consistent Calculation

      iter #   1 total cpu time :   522.2 secs   av.it.:   6.0
      thresh= 1.000E-02 alpha_mix =  0.700 |ddv_scf|^2 =  3.291E-05

      iter #   2 total cpu time :   522.7 secs   av.it.:   8.4
      thresh= 5.737E-04 alpha_mix =  0.700 |ddv_scf|^2 =  1.250E-05

      iter #   3 total cpu time :   523.1 secs   av.it.:   8.1
      thresh= 3.535E-04 alpha_mix =  0.700 |ddv_scf|^2 =  4.490E-07

      iter #   4 total cpu time :   523.6 secs   av.it.:   8.1
      thresh= 6.700E-05 alpha_mix =  0.700 |ddv_scf|^2 =  7.219E-09

      iter #   5 total cpu time :   524.1 secs   av.it.:   8.0
      thresh= 8.496E-06 alpha_mix =  0.700 |ddv_scf|^2 =  8.659E-11

      iter #   6 total cpu time :   524.6 secs   av.it.:   8.1
      thresh= 9.306E-07 alpha_mix =  0.700 |ddv_scf|^2 =  7.805E-12

      iter #   7 total cpu time :   525.1 secs   av.it.:   8.4
      thresh= 2.794E-07 alpha_mix =  0.700 |ddv_scf|^2 =  2.831E-12

      iter #   8 total cpu time :   525.5 secs   av.it.:   8.0
      thresh= 1.682E-07 alpha_mix =  0.700 |ddv_scf|^2 =  4.926E-14

      iter #   9 total cpu time :   526.0 secs   av.it.:   8.1
      thresh= 2.219E-08 alpha_mix =  0.700 |ddv_scf|^2 =  6.214E-15

     End of self-consistent calculation

     Convergence has been achieved 
 
     Number of q in the star =    6
     List of q in the star:
          1  -0.235702260  -0.707106781   0.000000000
          2   0.000000000  -0.707106781   0.235702260
          3  -0.000000000   0.235702260  -0.707106781
          4   0.707106781   0.000000000   0.235702260
          5   0.707106781   0.235702260   0.000000000
          6  -0.235702260   0.000000000  -0.707106781
     In addition there is the -q list: 
          1   0.235702260   0.707106781   0.000000000
          2   0.000000000   0.707106781  -0.235702260
          3   0.000000000  -0.235702260   0.707106781
          4  -0.707106781   0.000000000  -0.235702260
          5  -0.707106781  -0.235702260   0.000000000
          6   0.235702260  -0.000000000   0.707106781

     Diagonalizing the dynamical matrix

     q = (   -0.235702260  -0.707106781   0.000000000 ) 

 **************************************************************************
     freq (    1) =      25.821781 [THz] =     861.321892 [cm-1]
     freq (    2) =      25.842525 [THz] =     862.013845 [cm-1]
     freq (    3) =      30.542280 [THz] =    1018.780800 [cm-1]
     freq (    4) =      30.651352 [THz] =    1022.419040 [cm-1]
     freq (    5) =      34.617508 [THz] =    1154.715786 [cm-1]
     freq (    6) =      34.720242 [THz] =    1158.142619 [cm-1]
 **************************************************************************

     Mode symmetry, C_1 (1)     point group:

     freq (   1-   1) =        861.3  [cm-1]   --> A                  
     freq (   2-   2) =        862.0  [cm-1]   --> A                  
     freq (   3-   3) =       1018.8  [cm-1]   --> A                  
     freq (   4-   4) =       1022.4  [cm-1]   --> A                  
     freq (   5-   5) =       1154.7  [cm-1]   --> A                  
     freq (   6-   6) =       1158.1  [cm-1]   --> A                  

     Calculation of q =   -0.3535534  -0.5892557  -0.1178511
 
     Parallelization info
     --------------------
     sticks:   dense  smooth     PW     G-vecs:    dense   smooth      PW
     Min          40      40     17                  445      445     127
     Max          41      41     18                  447      447     129
     Sum         283     283    121                 3119     3119     893
 
     Using Slab Decomposition
 

     Title: 
     default                                                                    


     bravais-lattice index     =            0
     lattice parameter (alat)  =       4.7733  a.u.
     unit-cell volume          =      76.9035 (a.u.)^3
     number of atoms/cell      =            2
     number of atomic types    =            1
     number of electrons       =         8.00
     number of Kohn-Sham states=            8
     kinetic-energy cutoff     =      45.0000  Ry
     charge density cutoff     =     180.0000  Ry
     Exchange-correlation= PBE
                           (   1   4   3   4   0   0   0)

     celldm(1)=   4.773317  celldm(2)=   0.000000  celldm(3)=   0.000000
     celldm(4)=   0.000000  celldm(5)=   0.000000  celldm(6)=   0.000000

     crystal axes: (cart. coord. in units of alat)
               a(1) = (  -0.707107   0.000000   0.707107 )  
               a(2) = (   0.000000   0.707107   0.707107 )  
               a(3) = (  -0.707107   0.707107   0.000000 )  

     reciprocal axes: (cart. coord. in units 2 pi/alat)
               b(1) = ( -0.707107 -0.707107  0.707107 )  
               b(2) = (  0.707107  0.707107  0.707107 )  
               b(3) = ( -0.707107  0.707107 -0.707107 )  


     PseudoPot. # 1 for C  read from file:
     ../../pseudos/C.pbe-n-kjpaw_psl.1.0.0.UPF
     MD5 check sum: 5f16ad9a65e90284d1d834d4ab3b0f7d
     Pseudo is Projector augmented-wave + core cor, Zval =  4.0
     Generated using &quot;atomic&quot; code by A. Dal Corso  v.6.3
     Shape of augmentation charge: PSQ
     Using radial grid of 1073 points,  4 beta functions with: 
                l(1) =   0
                l(2) =   0
                l(3) =   1
                l(4) =   1
     Q(r) pseudized with 0 coefficients 


     atomic species   valence    mass     pseudopotential
     C                 4.00    12.01070     C ( 1.00)

      6 Sym. Ops. (no inversion) found



   Cartesian axes

     site n.     atom                  positions (alat units)
         1        C      tau(   1) = (   0.0000000   0.0000000   0.0000000  )
         2        C      tau(   2) = (  -0.3541036   0.3541036   0.3541036  )

     number of k points=  1024

     Number of k-points >= 100: set verbosity='high' to print them.

     Dense  grid:     3119 G-vectors     FFT dimensions: (  24,  24,  24)

     Estimated max dynamical RAM per process >       0.69 MB

     Estimated total dynamical RAM >      19.36 MB

     Check: negative core charge=   -0.000077

     The potential is recalculated from file :
     ../tmp/_ph0/diamond.save/charge-density

     Starting wfcs are    8 atomic wfcs
     Checking if some PAW data can be deallocated... 

     Band Structure Calculation
     Davidson diagonalization with overlap

     ethr =  1.25E-10,  avg # of iterations = 10.5

     total cpu time spent up to now is       41.3 secs

     End of band structure calculation

     Number of k-points >= 100: set verbosity='high' to print the bands.

     highest occupied, lowest unoccupied level (ev):    13.31233097   17.40873064

     Writing config to output data dir ../tmp/_ph0/diamond.save/ :
     XML data file

     default                                                                    

     bravais-lattice index     =            0
     lattice parameter (alat)  =       4.7733  a.u.
     unit-cell volume          =      76.9035 (a.u.)^3
     number of atoms/cell      =            2
     number of atomic types    =            1
     kinetic-energy cut-off    =      45.0000  Ry
     charge density cut-off    =     180.0000  Ry
     convergence threshold     =      1.0E-14
     beta                      =       0.7000
     number of iterations used =            4
     Exchange-correlation= PBE
                           (   1   4   3   4   0   0   0)


     celldm(1)=    4.77332  celldm(2)=    0.00000  celldm(3)=    0.00000
     celldm(4)=    0.00000  celldm(5)=    0.00000  celldm(6)=    0.00000

     crystal axes: (cart. coord. in units of alat)
               a(1) = ( -0.7071  0.0000  0.7071 )  
               a(2) = (  0.0000  0.7071  0.7071 )  
               a(3) = ( -0.7071  0.7071  0.0000 )  

     reciprocal axes: (cart. coord. in units 2 pi/alat)
               b(1) = ( -0.7071 -0.7071  0.7071 )  
               b(2) = (  0.7071  0.7071  0.7071 )  
               b(3) = ( -0.7071  0.7071 -0.7071 )  


     Atoms inside the unit cell: 

     Cartesian axes

     site n.  atom      mass           positions (alat units)
        1  C      12.0107   tau(    1) = (    0.00000    0.00000    0.00000  )
        2  C      12.0107   tau(    2) = (   -0.35410    0.35410    0.35410  )

     Computing dynamical matrix for 
                    q = (  -0.3535534  -0.5892557  -0.1178511 )
 
     No symmetry!

     G cutoff =  103.8851  (    447 G-vectors)     FFT grid: ( 24, 24, 24)
     number of k points=  1024

     PseudoPot. # 1 for C  read from file:
     ../../pseudos/C.pbe-n-kjpaw_psl.1.0.0.UPF
     MD5 check sum: 5f16ad9a65e90284d1d834d4ab3b0f7d
     Pseudo is Projector augmented-wave + core cor, Zval =  4.0
     Generated using &quot;atomic&quot; code by A. Dal Corso  v.6.3
     Shape of augmentation charge: PSQ
     Using radial grid of 1073 points,  4 beta functions with: 
                l(1) =   0
                l(2) =   0
                l(3) =   1
                l(4) =   1
     Q(r) pseudized with 0 coefficients 


     Mode symmetry, C_1 (1)     point group:


     Atomic displacements:
     There are    6 irreducible representations

     Representation     1      1 modes -  To be done

     Representation     2      1 modes -  To be done

     Representation     3      1 modes -  To be done

     Representation     4      1 modes -  To be done

     Representation     5      1 modes -  To be done

     Representation     6      1 modes -  To be done



     Alpha used in Ewald sum =   1.9000
     PHONON       :   6m 8.09s CPU   8m49.32s WALL



     Representation #   1 mode #   1

     Self-consistent Calculation

      iter #   1 total cpu time :   529.7 secs   av.it.:   6.1
      thresh= 1.000E-02 alpha_mix =  0.700 |ddv_scf|^2 =  3.360E-05

      iter #   2 total cpu time :   530.2 secs   av.it.:   8.5
      thresh= 5.796E-04 alpha_mix =  0.700 |ddv_scf|^2 =  1.528E-05

      iter #   3 total cpu time :   530.7 secs   av.it.:   8.1
      thresh= 3.909E-04 alpha_mix =  0.700 |ddv_scf|^2 =  4.234E-07

      iter #   4 total cpu time :   531.2 secs   av.it.:   8.0
      thresh= 6.507E-05 alpha_mix =  0.700 |ddv_scf|^2 =  9.872E-09

      iter #   5 total cpu time :   531.6 secs   av.it.:   8.0
      thresh= 9.936E-06 alpha_mix =  0.700 |ddv_scf|^2 =  4.109E-10

      iter #   6 total cpu time :   532.1 secs   av.it.:   8.2
      thresh= 2.027E-06 alpha_mix =  0.700 |ddv_scf|^2 =  3.802E-11

      iter #   7 total cpu time :   532.6 secs   av.it.:   8.2
      thresh= 6.166E-07 alpha_mix =  0.700 |ddv_scf|^2 =  7.046E-12

      iter #   8 total cpu time :   533.1 secs   av.it.:   8.0
      thresh= 2.654E-07 alpha_mix =  0.700 |ddv_scf|^2 =  1.495E-13

      iter #   9 total cpu time :   533.5 secs   av.it.:   7.8
      thresh= 3.866E-08 alpha_mix =  0.700 |ddv_scf|^2 =  5.054E-15

     End of self-consistent calculation

     Convergence has been achieved 


     Representation #   2 mode #   2

     Self-consistent Calculation

      iter #   1 total cpu time :   534.0 secs   av.it.:   6.1
      thresh= 1.000E-02 alpha_mix =  0.700 |ddv_scf|^2 =  5.593E-05

      iter #   2 total cpu time :   534.5 secs   av.it.:   8.5
      thresh= 7.479E-04 alpha_mix =  0.700 |ddv_scf|^2 =  3.300E-05

      iter #   3 total cpu time :   535.0 secs   av.it.:   8.1
      thresh= 5.745E-04 alpha_mix =  0.700 |ddv_scf|^2 =  2.836E-07

      iter #   4 total cpu time :   535.5 secs   av.it.:   8.1
      thresh= 5.326E-05 alpha_mix =  0.700 |ddv_scf|^2 =  8.348E-09

      iter #   5 total cpu time :   535.9 secs   av.it.:   8.2
      thresh= 9.137E-06 alpha_mix =  0.700 |ddv_scf|^2 =  5.073E-10

      iter #   6 total cpu time :   536.4 secs   av.it.:   8.4
      thresh= 2.252E-06 alpha_mix =  0.700 |ddv_scf|^2 =  1.089E-10

      iter #   7 total cpu time :   536.9 secs   av.it.:   8.2
      thresh= 1.043E-06 alpha_mix =  0.700 |ddv_scf|^2 =  6.227E-12

      iter #   8 total cpu time :   537.4 secs   av.it.:   8.0
      thresh= 2.495E-07 alpha_mix =  0.700 |ddv_scf|^2 =  1.297E-13

      iter #   9 total cpu time :   537.8 secs   av.it.:   7.7
      thresh= 3.601E-08 alpha_mix =  0.700 |ddv_scf|^2 =  8.002E-15

     End of self-consistent calculation

     Convergence has been achieved 


     Representation #   3 mode #   3

     Self-consistent Calculation

      iter #   1 total cpu time :   538.3 secs   av.it.:   6.1
      thresh= 1.000E-02 alpha_mix =  0.700 |ddv_scf|^2 =  4.267E-05

      iter #   2 total cpu time :   538.8 secs   av.it.:   8.5
      thresh= 6.532E-04 alpha_mix =  0.700 |ddv_scf|^2 =  2.293E-05

      iter #   3 total cpu time :   539.3 secs   av.it.:   8.1
      thresh= 4.788E-04 alpha_mix =  0.700 |ddv_scf|^2 =  3.148E-07

      iter #   4 total cpu time :   539.7 secs   av.it.:   8.1
      thresh= 5.611E-05 alpha_mix =  0.700 |ddv_scf|^2 =  7.964E-09

      iter #   5 total cpu time :   540.2 secs   av.it.:   8.2
      thresh= 8.924E-06 alpha_mix =  0.700 |ddv_scf|^2 =  5.030E-10

      iter #   6 total cpu time :   540.7 secs   av.it.:   8.3
      thresh= 2.243E-06 alpha_mix =  0.700 |ddv_scf|^2 =  7.696E-11

      iter #   7 total cpu time :   541.2 secs   av.it.:   8.2
      thresh= 8.773E-07 alpha_mix =  0.700 |ddv_scf|^2 =  8.372E-12

      iter #   8 total cpu time :   541.7 secs   av.it.:   8.0
      thresh= 2.893E-07 alpha_mix =  0.700 |ddv_scf|^2 =  1.455E-13

      iter #   9 total cpu time :   542.1 secs   av.it.:   8.0
      thresh= 3.814E-08 alpha_mix =  0.700 |ddv_scf|^2 =  1.524E-14

      iter #  10 total cpu time :   542.6 secs   av.it.:   8.2
      thresh= 1.234E-08 alpha_mix =  0.700 |ddv_scf|^2 =  2.581E-15

     End of self-consistent calculation

     Convergence has been achieved 


     Representation #   4 mode #   4

     Self-consistent Calculation

      iter #   1 total cpu time :   543.1 secs   av.it.:   6.0
      thresh= 1.000E-02 alpha_mix =  0.700 |ddv_scf|^2 =  2.302E-05

      iter #   2 total cpu time :   543.6 secs   av.it.:   8.5
      thresh= 4.798E-04 alpha_mix =  0.700 |ddv_scf|^2 =  1.045E-05

      iter #   3 total cpu time :   544.0 secs   av.it.:   8.2
      thresh= 3.233E-04 alpha_mix =  0.700 |ddv_scf|^2 =  3.238E-07

      iter #   4 total cpu time :   544.5 secs   av.it.:   8.1
      thresh= 5.690E-05 alpha_mix =  0.700 |ddv_scf|^2 =  6.992E-09

      iter #   5 total cpu time :   545.0 secs   av.it.:   8.1
      thresh= 8.362E-06 alpha_mix =  0.700 |ddv_scf|^2 =  4.368E-10

      iter #   6 total cpu time :   545.5 secs   av.it.:   8.2
      thresh= 2.090E-06 alpha_mix =  0.700 |ddv_scf|^2 =  5.032E-11

      iter #   7 total cpu time :   546.0 secs   av.it.:   8.2
      thresh= 7.093E-07 alpha_mix =  0.700 |ddv_scf|^2 =  7.186E-12

      iter #   8 total cpu time :   546.4 secs   av.it.:   8.1
      thresh= 2.681E-07 alpha_mix =  0.700 |ddv_scf|^2 =  1.530E-13

      iter #   9 total cpu time :   546.9 secs   av.it.:   7.8
      thresh= 3.912E-08 alpha_mix =  0.700 |ddv_scf|^2 =  1.572E-14

      iter #  10 total cpu time :   547.4 secs   av.it.:   8.3
      thresh= 1.254E-08 alpha_mix =  0.700 |ddv_scf|^2 =  3.994E-15

     End of self-consistent calculation

     Convergence has been achieved 


     Representation #   5 mode #   5

     Self-consistent Calculation

      iter #   1 total cpu time :   547.8 secs   av.it.:   6.1
      thresh= 1.000E-02 alpha_mix =  0.700 |ddv_scf|^2 =  5.368E-05

      iter #   2 total cpu time :   548.3 secs   av.it.:   8.3
      thresh= 7.327E-04 alpha_mix =  0.700 |ddv_scf|^2 =  2.186E-05

      iter #   3 total cpu time :   548.8 secs   av.it.:   8.0
      thresh= 4.676E-04 alpha_mix =  0.700 |ddv_scf|^2 =  5.626E-07

      iter #   4 total cpu time :   549.3 secs   av.it.:   8.1
      thresh= 7.501E-05 alpha_mix =  0.700 |ddv_scf|^2 =  1.086E-08

      iter #   5 total cpu time :   549.8 secs   av.it.:   8.1
      thresh= 1.042E-05 alpha_mix =  0.700 |ddv_scf|^2 =  2.485E-10

      iter #   6 total cpu time :   550.2 secs   av.it.:   8.3
      thresh= 1.576E-06 alpha_mix =  0.700 |ddv_scf|^2 =  6.664E-11

      iter #   7 total cpu time :   550.7 secs   av.it.:   8.1
      thresh= 8.163E-07 alpha_mix =  0.700 |ddv_scf|^2 =  3.679E-12

      iter #   8 total cpu time :   551.2 secs   av.it.:   8.0
      thresh= 1.918E-07 alpha_mix =  0.700 |ddv_scf|^2 =  9.903E-14

      iter #   9 total cpu time :   551.7 secs   av.it.:   8.0
      thresh= 3.147E-08 alpha_mix =  0.700 |ddv_scf|^2 =  1.484E-14

      iter #  10 total cpu time :   552.1 secs   av.it.:   8.3
      thresh= 1.218E-08 alpha_mix =  0.700 |ddv_scf|^2 =  6.055E-15

     End of self-consistent calculation

     Convergence has been achieved 


     Representation #   6 mode #   6

     Self-consistent Calculation

      iter #   1 total cpu time :   552.6 secs   av.it.:   6.1
      thresh= 1.000E-02 alpha_mix =  0.700 |ddv_scf|^2 =  5.636E-05

      iter #   2 total cpu time :   553.1 secs   av.it.:   8.4
      thresh= 7.508E-04 alpha_mix =  0.700 |ddv_scf|^2 =  2.711E-05

      iter #   3 total cpu time :   553.6 secs   av.it.:   8.0
      thresh= 5.207E-04 alpha_mix =  0.700 |ddv_scf|^2 =  4.573E-07

      iter #   4 total cpu time :   554.0 secs   av.it.:   8.2
      thresh= 6.763E-05 alpha_mix =  0.700 |ddv_scf|^2 =  1.018E-08

      iter #   5 total cpu time :   554.5 secs   av.it.:   8.1
      thresh= 1.009E-05 alpha_mix =  0.700 |ddv_scf|^2 =  2.767E-10

      iter #   6 total cpu time :   555.0 secs   av.it.:   8.4
      thresh= 1.663E-06 alpha_mix =  0.700 |ddv_scf|^2 =  7.958E-11

      iter #   7 total cpu time :   555.5 secs   av.it.:   8.2
      thresh= 8.921E-07 alpha_mix =  0.700 |ddv_scf|^2 =  4.218E-12

      iter #   8 total cpu time :   556.0 secs   av.it.:   8.0
      thresh= 2.054E-07 alpha_mix =  0.700 |ddv_scf|^2 =  1.121E-13

      iter #   9 total cpu time :   556.4 secs   av.it.:   8.0
      thresh= 3.348E-08 alpha_mix =  0.700 |ddv_scf|^2 =  2.506E-14

      iter #  10 total cpu time :   556.9 secs   av.it.:   8.3
      thresh= 1.583E-08 alpha_mix =  0.700 |ddv_scf|^2 =  6.420E-15

     End of self-consistent calculation

     Convergence has been achieved 
 
     Number of q in the star =    6
     List of q in the star:
          1  -0.353553391  -0.589255651  -0.117851130
          2   0.117851130  -0.589255651   0.353553391
          3   0.117851130   0.353553391  -0.589255651
          4   0.589255651  -0.117851130   0.353553391
          5   0.589255651   0.353553391  -0.117851130
          6  -0.353553391  -0.117851130  -0.589255651

     Diagonalizing the dynamical matrix

     q = (   -0.353553391  -0.589255651  -0.117851130 ) 

 **************************************************************************
     freq (    1) =      22.718892 [THz] =     757.820652 [cm-1]
     freq (    2) =      25.967438 [THz] =     866.180492 [cm-1]
     freq (    3) =      30.158506 [THz] =    1005.979480 [cm-1]
     freq (    4) =      31.568201 [THz] =    1053.001824 [cm-1]
     freq (    5) =      34.213745 [THz] =    1141.247674 [cm-1]
     freq (    6) =      35.761793 [THz] =    1192.885024 [cm-1]
 **************************************************************************

     Mode symmetry, C_1 (1)     point group:

     freq (   1-   1) =        757.8  [cm-1]   --> A                  
     freq (   2-   2) =        866.2  [cm-1]   --> A                  
     freq (   3-   3) =       1006.0  [cm-1]   --> A                  
     freq (   4-   4) =       1053.0  [cm-1]   --> A                  
     freq (   5-   5) =       1141.2  [cm-1]   --> A                  
     freq (   6-   6) =       1192.9  [cm-1]   --> A                  

     Calculation of q =   -0.1178511  -0.5892557   0.1178511
 
     Parallelization info
     --------------------
     sticks:   dense  smooth     PW     G-vecs:    dense   smooth      PW
     Min          40      40     17                  445      445     123
     Max          41      41     18                  447      447     125
     Sum         283     283    121                 3119     3119     869
 
     Using Slab Decomposition
 

     Title: 
     default                                                                    


     bravais-lattice index     =            0
     lattice parameter (alat)  =       4.7733  a.u.
     unit-cell volume          =      76.9035 (a.u.)^3
     number of atoms/cell      =            2
     number of atomic types    =            1
     number of electrons       =         8.00
     number of Kohn-Sham states=            8
     kinetic-energy cutoff     =      45.0000  Ry
     charge density cutoff     =     180.0000  Ry
     Exchange-correlation= PBE
                           (   1   4   3   4   0   0   0)

     celldm(1)=   4.773317  celldm(2)=   0.000000  celldm(3)=   0.000000
     celldm(4)=   0.000000  celldm(5)=   0.000000  celldm(6)=   0.000000

     crystal axes: (cart. coord. in units of alat)
               a(1) = (  -0.707107   0.000000   0.707107 )  
               a(2) = (   0.000000   0.707107   0.707107 )  
               a(3) = (  -0.707107   0.707107   0.000000 )  

     reciprocal axes: (cart. coord. in units 2 pi/alat)
               b(1) = ( -0.707107 -0.707107  0.707107 )  
               b(2) = (  0.707107  0.707107  0.707107 )  
               b(3) = ( -0.707107  0.707107 -0.707107 )  


     PseudoPot. # 1 for C  read from file:
     ../../pseudos/C.pbe-n-kjpaw_psl.1.0.0.UPF
     MD5 check sum: 5f16ad9a65e90284d1d834d4ab3b0f7d
     Pseudo is Projector augmented-wave + core cor, Zval =  4.0
     Generated using &quot;atomic&quot; code by A. Dal Corso  v.6.3
     Shape of augmentation charge: PSQ
     Using radial grid of 1073 points,  4 beta functions with: 
                l(1) =   0
                l(2) =   0
                l(3) =   1
                l(4) =   1
     Q(r) pseudized with 0 coefficients 


     atomic species   valence    mass     pseudopotential
     C                 4.00    12.01070     C ( 1.00)

      6 Sym. Ops. (no inversion) found



   Cartesian axes

     site n.     atom                  positions (alat units)
         1        C      tau(   1) = (   0.0000000   0.0000000   0.0000000  )
         2        C      tau(   2) = (  -0.3541036   0.3541036   0.3541036  )

     number of k points=   576

     Number of k-points >= 100: set verbosity='high' to print them.

     Dense  grid:     3119 G-vectors     FFT dimensions: (  24,  24,  24)

     Estimated max dynamical RAM per process >       0.69 MB

     Estimated total dynamical RAM >      19.29 MB

     Check: negative core charge=   -0.000077

     The potential is recalculated from file :
     ../tmp/_ph0/diamond.save/charge-density

     Starting wfcs are    8 atomic wfcs
     Checking if some PAW data can be deallocated... 

     Band Structure Calculation
     Davidson diagonalization with overlap

     ethr =  1.25E-10,  avg # of iterations = 10.4

     total cpu time spent up to now is       42.9 secs

     End of band structure calculation

     Number of k-points >= 100: set verbosity='high' to print the bands.

     highest occupied, lowest unoccupied level (ev):    13.31233097   17.40873064

     Writing config to output data dir ../tmp/_ph0/diamond.save/ :
     XML data file

     default                                                                    

     bravais-lattice index     =            0
     lattice parameter (alat)  =       4.7733  a.u.
     unit-cell volume          =      76.9035 (a.u.)^3
     number of atoms/cell      =            2
     number of atomic types    =            1
     kinetic-energy cut-off    =      45.0000  Ry
     charge density cut-off    =     180.0000  Ry
     convergence threshold     =      1.0E-14
     beta                      =       0.7000
     number of iterations used =            4
     Exchange-correlation= PBE
                           (   1   4   3   4   0   0   0)


     celldm(1)=    4.77332  celldm(2)=    0.00000  celldm(3)=    0.00000
     celldm(4)=    0.00000  celldm(5)=    0.00000  celldm(6)=    0.00000

     crystal axes: (cart. coord. in units of alat)
               a(1) = ( -0.7071  0.0000  0.7071 )  
               a(2) = (  0.0000  0.7071  0.7071 )  
               a(3) = ( -0.7071  0.7071  0.0000 )  

     reciprocal axes: (cart. coord. in units 2 pi/alat)
               b(1) = ( -0.7071 -0.7071  0.7071 )  
               b(2) = (  0.7071  0.7071  0.7071 )  
               b(3) = ( -0.7071  0.7071 -0.7071 )  


     Atoms inside the unit cell: 

     Cartesian axes

     site n.  atom      mass           positions (alat units)
        1  C      12.0107   tau(    1) = (    0.00000    0.00000    0.00000  )
        2  C      12.0107   tau(    2) = (   -0.35410    0.35410    0.35410  )

     Computing dynamical matrix for 
                    q = (  -0.1178511  -0.5892557   0.1178511 )
 
      2 Sym.Ops. (no q -> -q+G )


     G cutoff =  103.8851  (    447 G-vectors)     FFT grid: ( 24, 24, 24)
     number of k points=   576

     PseudoPot. # 1 for C  read from file:
     ../../pseudos/C.pbe-n-kjpaw_psl.1.0.0.UPF
     MD5 check sum: 5f16ad9a65e90284d1d834d4ab3b0f7d
     Pseudo is Projector augmented-wave + core cor, Zval =  4.0
     Generated using &quot;atomic&quot; code by A. Dal Corso  v.6.3
     Shape of augmentation charge: PSQ
     Using radial grid of 1073 points,  4 beta functions with: 
                l(1) =   0
                l(2) =   0
                l(3) =   1
                l(4) =   1
     Q(r) pseudized with 0 coefficients 


     Mode symmetry, C_s (m)     point group:


     Atomic displacements:
     There are    6 irreducible representations

     Representation     1      1 modes -  To be done

     Representation     2      1 modes -  To be done

     Representation     3      1 modes -  To be done

     Representation     4      1 modes -  To be done

     Representation     5      1 modes -  To be done

     Representation     6      1 modes -  To be done



     Alpha used in Ewald sum =   1.9000
     PHONON       :   6m29.58s CPU   9m19.10s WALL



     Representation #   1 mode #   1

     Self-consistent Calculation

      iter #   1 total cpu time :   559.4 secs   av.it.:   6.1
      thresh= 1.000E-02 alpha_mix =  0.700 |ddv_scf|^2 =  1.096E-04

      iter #   2 total cpu time :   559.7 secs   av.it.:   8.2
      thresh= 1.047E-03 alpha_mix =  0.700 |ddv_scf|^2 =  9.143E-05

      iter #   3 total cpu time :   560.0 secs   av.it.:   7.7
      thresh= 9.562E-04 alpha_mix =  0.700 |ddv_scf|^2 =  6.195E-07

      iter #   4 total cpu time :   560.3 secs   av.it.:   8.0
      thresh= 7.871E-05 alpha_mix =  0.700 |ddv_scf|^2 =  2.918E-08

      iter #   5 total cpu time :   560.6 secs   av.it.:   8.1
      thresh= 1.708E-05 alpha_mix =  0.700 |ddv_scf|^2 =  4.844E-09

      iter #   6 total cpu time :   560.9 secs   av.it.:   8.0
      thresh= 6.960E-06 alpha_mix =  0.700 |ddv_scf|^2 =  3.505E-11

      iter #   7 total cpu time :   561.2 secs   av.it.:   7.9
      thresh= 5.921E-07 alpha_mix =  0.700 |ddv_scf|^2 =  1.260E-12

      iter #   8 total cpu time :   561.5 secs   av.it.:   7.6
      thresh= 1.123E-07 alpha_mix =  0.700 |ddv_scf|^2 =  1.186E-13

      iter #   9 total cpu time :   561.8 secs   av.it.:   8.1
      thresh= 3.444E-08 alpha_mix =  0.700 |ddv_scf|^2 =  8.700E-14

      iter #  10 total cpu time :   562.1 secs   av.it.:   7.6
      thresh= 2.950E-08 alpha_mix =  0.700 |ddv_scf|^2 =  3.128E-15

     End of self-consistent calculation

     Convergence has been achieved 


     Representation #   2 mode #   2

     Self-consistent Calculation

      iter #   1 total cpu time :   562.4 secs   av.it.:   6.1
      thresh= 1.000E-02 alpha_mix =  0.700 |ddv_scf|^2 =  7.399E-05

      iter #   2 total cpu time :   562.7 secs   av.it.:   8.3
      thresh= 8.602E-04 alpha_mix =  0.700 |ddv_scf|^2 =  6.061E-05

      iter #   3 total cpu time :   563.0 secs   av.it.:   7.7
      thresh= 7.786E-04 alpha_mix =  0.700 |ddv_scf|^2 =  5.020E-07

      iter #   4 total cpu time :   563.3 secs   av.it.:   8.0
      thresh= 7.085E-05 alpha_mix =  0.700 |ddv_scf|^2 =  3.444E-08

      iter #   5 total cpu time :   563.6 secs   av.it.:   8.1
      thresh= 1.856E-05 alpha_mix =  0.700 |ddv_scf|^2 =  3.518E-09

      iter #   6 total cpu time :   563.9 secs   av.it.:   8.1
      thresh= 5.931E-06 alpha_mix =  0.700 |ddv_scf|^2 =  6.803E-11

      iter #   7 total cpu time :   564.2 secs   av.it.:   8.1
      thresh= 8.248E-07 alpha_mix =  0.700 |ddv_scf|^2 =  1.473E-12

      iter #   8 total cpu time :   564.5 secs   av.it.:   7.8
      thresh= 1.214E-07 alpha_mix =  0.700 |ddv_scf|^2 =  1.480E-13

      iter #   9 total cpu time :   564.9 secs   av.it.:   7.8
      thresh= 3.847E-08 alpha_mix =  0.700 |ddv_scf|^2 =  3.130E-14

      iter #  10 total cpu time :   565.1 secs   av.it.:   7.9
      thresh= 1.769E-08 alpha_mix =  0.700 |ddv_scf|^2 =  2.762E-15

     End of self-consistent calculation

     Convergence has been achieved 


     Representation #   3 mode #   3

     Self-consistent Calculation

      iter #   1 total cpu time :   565.4 secs   av.it.:   6.0
      thresh= 1.000E-02 alpha_mix =  0.700 |ddv_scf|^2 =  3.911E-05

      iter #   2 total cpu time :   565.8 secs   av.it.:   8.4
      thresh= 6.254E-04 alpha_mix =  0.700 |ddv_scf|^2 =  2.637E-05

      iter #   3 total cpu time :   566.1 secs   av.it.:   7.9
      thresh= 5.135E-04 alpha_mix =  0.700 |ddv_scf|^2 =  5.722E-07

      iter #   4 total cpu time :   566.4 secs   av.it.:   7.8
      thresh= 7.564E-05 alpha_mix =  0.700 |ddv_scf|^2 =  2.671E-08

      iter #   5 total cpu time :   566.7 secs   av.it.:   8.1
      thresh= 1.634E-05 alpha_mix =  0.700 |ddv_scf|^2 =  4.093E-09

      iter #   6 total cpu time :   567.0 secs   av.it.:   8.1
      thresh= 6.398E-06 alpha_mix =  0.700 |ddv_scf|^2 =  1.001E-10

      iter #   7 total cpu time :   567.3 secs   av.it.:   8.0
      thresh= 1.000E-06 alpha_mix =  0.700 |ddv_scf|^2 =  1.468E-12

      iter #   8 total cpu time :   567.6 secs   av.it.:   7.7
      thresh= 1.212E-07 alpha_mix =  0.700 |ddv_scf|^2 =  1.409E-13

      iter #   9 total cpu time :   567.9 secs   av.it.:   7.7
      thresh= 3.753E-08 alpha_mix =  0.700 |ddv_scf|^2 =  7.354E-15

     End of self-consistent calculation

     Convergence has been achieved 


     Representation #   4 mode #   4

     Self-consistent Calculation

      iter #   1 total cpu time :   568.2 secs   av.it.:   6.0
      thresh= 1.000E-02 alpha_mix =  0.700 |ddv_scf|^2 =  7.475E-05

      iter #   2 total cpu time :   568.5 secs   av.it.:   8.2
      thresh= 8.646E-04 alpha_mix =  0.700 |ddv_scf|^2 =  5.720E-05

      iter #   3 total cpu time :   568.8 secs   av.it.:   7.7
      thresh= 7.563E-04 alpha_mix =  0.700 |ddv_scf|^2 =  6.342E-07

      iter #   4 total cpu time :   569.1 secs   av.it.:   7.9
      thresh= 7.963E-05 alpha_mix =  0.700 |ddv_scf|^2 =  2.377E-08

      iter #   5 total cpu time :   569.4 secs   av.it.:   8.2
      thresh= 1.542E-05 alpha_mix =  0.700 |ddv_scf|^2 =  5.321E-09

      iter #   6 total cpu time :   569.7 secs   av.it.:   8.0
      thresh= 7.294E-06 alpha_mix =  0.700 |ddv_scf|^2 =  3.011E-11

      iter #   7 total cpu time :   570.0 secs   av.it.:   7.8
      thresh= 5.487E-07 alpha_mix =  0.700 |ddv_scf|^2 =  1.120E-12

      iter #   8 total cpu time :   570.3 secs   av.it.:   7.4
      thresh= 1.058E-07 alpha_mix =  0.700 |ddv_scf|^2 =  7.526E-14

      iter #   9 total cpu time :   570.6 secs   av.it.:   8.2
      thresh= 2.743E-08 alpha_mix =  0.700 |ddv_scf|^2 =  5.539E-14

      iter #  10 total cpu time :   570.9 secs   av.it.:   7.7
      thresh= 2.354E-08 alpha_mix =  0.700 |ddv_scf|^2 =  1.173E-15

     End of self-consistent calculation

     Convergence has been achieved 


     Representation #   5 mode #   5

     Self-consistent Calculation

      iter #   1 total cpu time :   571.2 secs   av.it.:   5.9
      thresh= 1.000E-02 alpha_mix =  0.700 |ddv_scf|^2 =  8.685E-06

      iter #   2 total cpu time :   571.5 secs   av.it.:   7.9
      thresh= 2.947E-04 alpha_mix =  0.700 |ddv_scf|^2 =  1.902E-07

      iter #   3 total cpu time :   571.8 secs   av.it.:   7.8
      thresh= 4.361E-05 alpha_mix =  0.700 |ddv_scf|^2 =  1.230E-08

      iter #   4 total cpu time :   572.1 secs   av.it.:   7.6
      thresh= 1.109E-05 alpha_mix =  0.700 |ddv_scf|^2 =  4.781E-11

      iter #   5 total cpu time :   572.4 secs   av.it.:   7.5
      thresh= 6.914E-07 alpha_mix =  0.700 |ddv_scf|^2 =  3.186E-13

      iter #   6 total cpu time :   572.7 secs   av.it.:   7.7
      thresh= 5.644E-08 alpha_mix =  0.700 |ddv_scf|^2 =  8.733E-16

     End of self-consistent calculation

     Convergence has been achieved 


     Representation #   6 mode #   6

     Self-consistent Calculation

      iter #   1 total cpu time :   573.0 secs   av.it.:   5.9
      thresh= 1.000E-02 alpha_mix =  0.700 |ddv_scf|^2 =  8.685E-06

      iter #   2 total cpu time :   573.3 secs   av.it.:   7.9
      thresh= 2.947E-04 alpha_mix =  0.700 |ddv_scf|^2 =  1.903E-07

      iter #   3 total cpu time :   573.6 secs   av.it.:   7.8
      thresh= 4.362E-05 alpha_mix =  0.700 |ddv_scf|^2 =  1.230E-08

      iter #   4 total cpu time :   573.9 secs   av.it.:   7.6
      thresh= 1.109E-05 alpha_mix =  0.700 |ddv_scf|^2 =  4.782E-11

      iter #   5 total cpu time :   574.2 secs   av.it.:   7.5
      thresh= 6.915E-07 alpha_mix =  0.700 |ddv_scf|^2 =  3.187E-13

      iter #   6 total cpu time :   574.5 secs   av.it.:   7.7
      thresh= 5.645E-08 alpha_mix =  0.700 |ddv_scf|^2 =  8.738E-16

     End of self-consistent calculation

     Convergence has been achieved 
 
     Number of q in the star =    3
     List of q in the star:
          1  -0.117851130  -0.589255651   0.117851130
          2  -0.117851130   0.117851130  -0.589255651
          3   0.589255651   0.117851130   0.117851130
     In addition there is the -q list: 
          1   0.117851130   0.589255651  -0.117851130
          2   0.117851130  -0.117851130   0.589255651
          3  -0.589255651  -0.117851130  -0.117851130

     Diagonalizing the dynamical matrix

     q = (   -0.117851130  -0.589255651   0.117851130 ) 

 **************************************************************************
     freq (    1) =      21.870298 [THz] =     729.514628 [cm-1]
     freq (    2) =      25.029098 [THz] =     834.880859 [cm-1]
     freq (    3) =      29.874995 [THz] =     996.522553 [cm-1]
     freq (    4) =      32.686781 [THz] =    1090.313658 [cm-1]
     freq (    5) =      33.634991 [THz] =    1121.942549 [cm-1]
     freq (    6) =      36.941651 [THz] =    1232.240829 [cm-1]
 **************************************************************************

     Mode symmetry, C_s (m)     point group:

     freq (   1-   1) =        729.5  [cm-1]   --> A''                
     freq (   2-   2) =        834.9  [cm-1]   --> A'                 
     freq (   3-   3) =        996.5  [cm-1]   --> A'                 
     freq (   4-   4) =       1090.3  [cm-1]   --> A''                
     freq (   5-   5) =       1121.9  [cm-1]   --> A'                 
     freq (   6-   6) =       1232.2  [cm-1]   --> A'                 

     Calculation of q =   -0.2357023   0.2357023   0.2357023
 
     Parallelization info
     --------------------
     sticks:   dense  smooth     PW     G-vecs:    dense   smooth      PW
     Min          40      40     15                  445      445     105
     Max          41      41     16                  447      447     108
     Sum         283     283    109                 3119     3119     749
 
     Using Slab Decomposition
 

     Title: 
     default                                                                    


     bravais-lattice index     =            0
     lattice parameter (alat)  =       4.7733  a.u.
     unit-cell volume          =      76.9035 (a.u.)^3
     number of atoms/cell      =            2
     number of atomic types    =            1
     number of electrons       =         8.00
     number of Kohn-Sham states=            8
     kinetic-energy cutoff     =      45.0000  Ry
     charge density cutoff     =     180.0000  Ry
     Exchange-correlation= PBE
                           (   1   4   3   4   0   0   0)

     celldm(1)=   4.773317  celldm(2)=   0.000000  celldm(3)=   0.000000
     celldm(4)=   0.000000  celldm(5)=   0.000000  celldm(6)=   0.000000

     crystal axes: (cart. coord. in units of alat)
               a(1) = (  -0.707107   0.000000   0.707107 )  
               a(2) = (   0.000000   0.707107   0.707107 )  
               a(3) = (  -0.707107   0.707107   0.000000 )  

     reciprocal axes: (cart. coord. in units 2 pi/alat)
               b(1) = ( -0.707107 -0.707107  0.707107 )  
               b(2) = (  0.707107  0.707107  0.707107 )  
               b(3) = ( -0.707107  0.707107 -0.707107 )  


     PseudoPot. # 1 for C  read from file:
     ../../pseudos/C.pbe-n-kjpaw_psl.1.0.0.UPF
     MD5 check sum: 5f16ad9a65e90284d1d834d4ab3b0f7d
     Pseudo is Projector augmented-wave + core cor, Zval =  4.0
     Generated using &quot;atomic&quot; code by A. Dal Corso  v.6.3
     Shape of augmentation charge: PSQ
     Using radial grid of 1073 points,  4 beta functions with: 
                l(1) =   0
                l(2) =   0
                l(3) =   1
                l(4) =   1
     Q(r) pseudized with 0 coefficients 


     atomic species   valence    mass     pseudopotential
     C                 4.00    12.01070     C ( 1.00)

      6 Sym. Ops. (no inversion) found



   Cartesian axes

     site n.     atom                  positions (alat units)
         1        C      tau(   1) = (   0.0000000   0.0000000   0.0000000  )
         2        C      tau(   2) = (  -0.3541036   0.3541036   0.3541036  )

     number of k points=   240

     Number of k-points >= 100: set verbosity='high' to print them.

     Dense  grid:     3119 G-vectors     FFT dimensions: (  24,  24,  24)

     Estimated max dynamical RAM per process >       0.68 MB

     Estimated total dynamical RAM >      19.11 MB

     Check: negative core charge=   -0.000077

     The potential is recalculated from file :
     ../tmp/_ph0/diamond.save/charge-density

     Starting wfcs are    8 atomic wfcs
     Checking if some PAW data can be deallocated... 

     Band Structure Calculation
     Davidson diagonalization with overlap

     ethr =  1.25E-10,  avg # of iterations = 10.2

     total cpu time spent up to now is       43.6 secs

     End of band structure calculation

     Number of k-points >= 100: set verbosity='high' to print the bands.

     highest occupied, lowest unoccupied level (ev):    13.31233097   17.40873064

     Writing config to output data dir ../tmp/_ph0/diamond.save/ :
     XML data file

     default                                                                    

     bravais-lattice index     =            0
     lattice parameter (alat)  =       4.7733  a.u.
     unit-cell volume          =      76.9035 (a.u.)^3
     number of atoms/cell      =            2
     number of atomic types    =            1
     kinetic-energy cut-off    =      45.0000  Ry
     charge density cut-off    =     180.0000  Ry
     convergence threshold     =      1.0E-14
     beta                      =       0.7000
     number of iterations used =            4
     Exchange-correlation= PBE
                           (   1   4   3   4   0   0   0)


     celldm(1)=    4.77332  celldm(2)=    0.00000  celldm(3)=    0.00000
     celldm(4)=    0.00000  celldm(5)=    0.00000  celldm(6)=    0.00000

     crystal axes: (cart. coord. in units of alat)
               a(1) = ( -0.7071  0.0000  0.7071 )  
               a(2) = (  0.0000  0.7071  0.7071 )  
               a(3) = ( -0.7071  0.7071  0.0000 )  

     reciprocal axes: (cart. coord. in units 2 pi/alat)
               b(1) = ( -0.7071 -0.7071  0.7071 )  
               b(2) = (  0.7071  0.7071  0.7071 )  
               b(3) = ( -0.7071  0.7071 -0.7071 )  


     Atoms inside the unit cell: 

     Cartesian axes

     site n.  atom      mass           positions (alat units)
        1  C      12.0107   tau(    1) = (    0.00000    0.00000    0.00000  )
        2  C      12.0107   tau(    2) = (   -0.35410    0.35410    0.35410  )

     Computing dynamical matrix for 
                    q = (  -0.2357023   0.2357023   0.2357023 )
 
      6 Sym.Ops. (no q -> -q+G )


     G cutoff =  103.8851  (    447 G-vectors)     FFT grid: ( 24, 24, 24)
     number of k points=   240

     PseudoPot. # 1 for C  read from file:
     ../../pseudos/C.pbe-n-kjpaw_psl.1.0.0.UPF
     MD5 check sum: 5f16ad9a65e90284d1d834d4ab3b0f7d
     Pseudo is Projector augmented-wave + core cor, Zval =  4.0
     Generated using &quot;atomic&quot; code by A. Dal Corso  v.6.3
     Shape of augmentation charge: PSQ
     Using radial grid of 1073 points,  4 beta functions with: 
                l(1) =   0
                l(2) =   0
                l(3) =   1
                l(4) =   1
     Q(r) pseudized with 0 coefficients 


     Mode symmetry, C_3v (3m)   point group:


     Atomic displacements:
     There are    4 irreducible representations

     Representation     1      1 modes -  To be done

     Representation     2      1 modes -  To be done

     Representation     3      2 modes -  To be done

     Representation     4      2 modes -  To be done



     Alpha used in Ewald sum =   1.9000
     PHONON       :   6m40.70s CPU   9m35.58s WALL



     Representation #   1 mode #   1

     Self-consistent Calculation

      iter #   1 total cpu time :   575.7 secs   av.it.:   6.1
      thresh= 1.000E-02 alpha_mix =  0.700 |ddv_scf|^2 =  7.078E-04

      iter #   2 total cpu time :   575.9 secs   av.it.:   7.6
      thresh= 2.660E-03 alpha_mix =  0.700 |ddv_scf|^2 =  1.622E-03

      iter #   3 total cpu time :   576.1 secs   av.it.:   6.7
      thresh= 4.028E-03 alpha_mix =  0.700 |ddv_scf|^2 =  5.427E-07

      iter #   4 total cpu time :   576.2 secs   av.it.:   7.9
      thresh= 7.367E-05 alpha_mix =  0.700 |ddv_scf|^2 =  5.418E-08

      iter #   5 total cpu time :   576.4 secs   av.it.:   7.8
      thresh= 2.328E-05 alpha_mix =  0.700 |ddv_scf|^2 =  3.328E-09

      iter #   6 total cpu time :   576.6 secs   av.it.:   7.9
      thresh= 5.769E-06 alpha_mix =  0.700 |ddv_scf|^2 =  3.533E-11

      iter #   7 total cpu time :   576.8 secs   av.it.:   7.6
      thresh= 5.944E-07 alpha_mix =  0.700 |ddv_scf|^2 =  2.534E-12

      iter #   8 total cpu time :   576.9 secs   av.it.:   7.6
      thresh= 1.592E-07 alpha_mix =  0.700 |ddv_scf|^2 =  3.358E-12

      iter #   9 total cpu time :   577.1 secs   av.it.:   6.9
      thresh= 1.832E-07 alpha_mix =  0.700 |ddv_scf|^2 =  1.744E-13

      iter #  10 total cpu time :   577.3 secs   av.it.:   7.3
      thresh= 4.176E-08 alpha_mix =  0.700 |ddv_scf|^2 =  8.031E-14

      iter #  11 total cpu time :   577.4 secs   av.it.:   7.5
      thresh= 2.834E-08 alpha_mix =  0.700 |ddv_scf|^2 =  2.211E-15

     End of self-consistent calculation

     Convergence has been achieved 


     Representation #   2 mode #   2

     Self-consistent Calculation

      iter #   1 total cpu time :   577.6 secs   av.it.:   6.1
      thresh= 1.000E-02 alpha_mix =  0.700 |ddv_scf|^2 =  7.078E-04

      iter #   2 total cpu time :   577.8 secs   av.it.:   7.6
      thresh= 2.660E-03 alpha_mix =  0.700 |ddv_scf|^2 =  1.622E-03

      iter #   3 total cpu time :   578.0 secs   av.it.:   6.7
      thresh= 4.028E-03 alpha_mix =  0.700 |ddv_scf|^2 =  5.426E-07

      iter #   4 total cpu time :   578.1 secs   av.it.:   7.9
      thresh= 7.366E-05 alpha_mix =  0.700 |ddv_scf|^2 =  5.416E-08

      iter #   5 total cpu time :   578.3 secs   av.it.:   7.8
      thresh= 2.327E-05 alpha_mix =  0.700 |ddv_scf|^2 =  3.326E-09

      iter #   6 total cpu time :   578.5 secs   av.it.:   7.9
      thresh= 5.768E-06 alpha_mix =  0.700 |ddv_scf|^2 =  3.532E-11

      iter #   7 total cpu time :   578.7 secs   av.it.:   7.6
      thresh= 5.943E-07 alpha_mix =  0.700 |ddv_scf|^2 =  2.530E-12

      iter #   8 total cpu time :   578.8 secs   av.it.:   7.6
      thresh= 1.591E-07 alpha_mix =  0.700 |ddv_scf|^2 =  3.350E-12

      iter #   9 total cpu time :   579.0 secs   av.it.:   6.9
      thresh= 1.830E-07 alpha_mix =  0.700 |ddv_scf|^2 =  1.744E-13

      iter #  10 total cpu time :   579.2 secs   av.it.:   7.3
      thresh= 4.176E-08 alpha_mix =  0.700 |ddv_scf|^2 =  8.023E-14

      iter #  11 total cpu time :   579.3 secs   av.it.:   7.5
      thresh= 2.833E-08 alpha_mix =  0.700 |ddv_scf|^2 =  2.211E-15

     End of self-consistent calculation

     Convergence has been achieved 


     Representation #   3 modes #   3   4

     Self-consistent Calculation

      iter #   1 total cpu time :   579.6 secs   av.it.:   5.8
      thresh= 1.000E-02 alpha_mix =  0.700 |ddv_scf|^2 =  1.119E-06

      iter #   2 total cpu time :   580.0 secs   av.it.:   8.9
      thresh= 1.058E-04 alpha_mix =  0.700 |ddv_scf|^2 =  2.544E-08

      iter #   3 total cpu time :   580.3 secs   av.it.:   8.3
      thresh= 1.595E-05 alpha_mix =  0.700 |ddv_scf|^2 =  1.691E-09

      iter #   4 total cpu time :   580.7 secs   av.it.:   8.4
      thresh= 4.113E-06 alpha_mix =  0.700 |ddv_scf|^2 =  8.253E-12

      iter #   5 total cpu time :   581.0 secs   av.it.:   8.1
      thresh= 2.873E-07 alpha_mix =  0.700 |ddv_scf|^2 =  1.754E-13

      iter #   6 total cpu time :   581.3 secs   av.it.:   7.9
      thresh= 4.189E-08 alpha_mix =  0.700 |ddv_scf|^2 =  2.961E-16

     End of self-consistent calculation

     Convergence has been achieved 


     Representation #   4 modes #   5   6

     Self-consistent Calculation

      iter #   1 total cpu time :   581.7 secs   av.it.:   5.8
      thresh= 1.000E-02 alpha_mix =  0.700 |ddv_scf|^2 =  1.119E-06

      iter #   2 total cpu time :   582.0 secs   av.it.:   8.9
      thresh= 1.058E-04 alpha_mix =  0.700 |ddv_scf|^2 =  2.543E-08

      iter #   3 total cpu time :   582.3 secs   av.it.:   8.2
      thresh= 1.595E-05 alpha_mix =  0.700 |ddv_scf|^2 =  1.691E-09

      iter #   4 total cpu time :   582.7 secs   av.it.:   8.3
      thresh= 4.112E-06 alpha_mix =  0.700 |ddv_scf|^2 =  8.254E-12

      iter #   5 total cpu time :   583.0 secs   av.it.:   8.1
      thresh= 2.873E-07 alpha_mix =  0.700 |ddv_scf|^2 =  1.759E-13

      iter #   6 total cpu time :   583.3 secs   av.it.:   7.9
      thresh= 4.194E-08 alpha_mix =  0.700 |ddv_scf|^2 =  2.960E-16

     End of self-consistent calculation

     Convergence has been achieved 
 
     Number of q in the star =    1
     List of q in the star:
          1  -0.235702260   0.235702260   0.235702260
     In addition there is the -q list: 
          1   0.235702260  -0.235702260  -0.235702260

     Diagonalizing the dynamical matrix

     q = (   -0.235702260   0.235702260   0.235702260 ) 

 **************************************************************************
     freq (    1) =      14.465680 [THz] =     482.523147 [cm-1]
     freq (    2) =      14.465680 [THz] =     482.523147 [cm-1]
     freq (    3) =      25.663708 [THz] =     856.049163 [cm-1]
     freq (    4) =      36.409600 [THz] =    1214.493533 [cm-1]
     freq (    5) =      36.409600 [THz] =    1214.493533 [cm-1]
     freq (    6) =      38.543839 [THz] =    1285.684076 [cm-1]
 **************************************************************************

     Mode symmetry, C_3v (3m)   point group:

     freq (   1-   2) =        482.5  [cm-1]   --> E    L_3           
     freq (   3-   3) =        856.0  [cm-1]   --> A_1  L_1           
     freq (   4-   5) =       1214.5  [cm-1]   --> E    L_3           
     freq (   6-   6) =       1285.7  [cm-1]   --> A_1  L_1           

     Calculation of q =    0.3535534  -0.3535534   0.8249579
 
     Parallelization info
     --------------------
     sticks:   dense  smooth     PW     G-vecs:    dense   smooth      PW
     Min          40      40     18                  445      445     137
     Max          41      41     19                  447      447     140
     Sum         283     283    127                 3119     3119     965
 
     Using Slab Decomposition
 

     Title: 
     default                                                                    


     bravais-lattice index     =            0
     lattice parameter (alat)  =       4.7733  a.u.
     unit-cell volume          =      76.9035 (a.u.)^3
     number of atoms/cell      =            2
     number of atomic types    =            1
     number of electrons       =         8.00
     number of Kohn-Sham states=            8
     kinetic-energy cutoff     =      45.0000  Ry
     charge density cutoff     =     180.0000  Ry
     Exchange-correlation= PBE
                           (   1   4   3   4   0   0   0)

     celldm(1)=   4.773317  celldm(2)=   0.000000  celldm(3)=   0.000000
     celldm(4)=   0.000000  celldm(5)=   0.000000  celldm(6)=   0.000000

     crystal axes: (cart. coord. in units of alat)
               a(1) = (  -0.707107   0.000000   0.707107 )  
               a(2) = (   0.000000   0.707107   0.707107 )  
               a(3) = (  -0.707107   0.707107   0.000000 )  

     reciprocal axes: (cart. coord. in units 2 pi/alat)
               b(1) = ( -0.707107 -0.707107  0.707107 )  
               b(2) = (  0.707107  0.707107  0.707107 )  
               b(3) = ( -0.707107  0.707107 -0.707107 )  


     PseudoPot. # 1 for C  read from file:
     ../../pseudos/C.pbe-n-kjpaw_psl.1.0.0.UPF
     MD5 check sum: 5f16ad9a65e90284d1d834d4ab3b0f7d
     Pseudo is Projector augmented-wave + core cor, Zval =  4.0
     Generated using &quot;atomic&quot; code by A. Dal Corso  v.6.3
     Shape of augmentation charge: PSQ
     Using radial grid of 1073 points,  4 beta functions with: 
                l(1) =   0
                l(2) =   0
                l(3) =   1
                l(4) =   1
     Q(r) pseudized with 0 coefficients 


     atomic species   valence    mass     pseudopotential
     C                 4.00    12.01070     C ( 1.00)

      6 Sym. Ops. (no inversion) found



   Cartesian axes

     site n.     atom                  positions (alat units)
         1        C      tau(   1) = (   0.0000000   0.0000000   0.0000000  )
         2        C      tau(   2) = (  -0.3541036   0.3541036   0.3541036  )

     number of k points=   576

     Number of k-points >= 100: set verbosity='high' to print them.

     Dense  grid:     3119 G-vectors     FFT dimensions: (  24,  24,  24)

     Estimated max dynamical RAM per process >       0.70 MB

     Estimated total dynamical RAM >      19.58 MB

     Check: negative core charge=   -0.000077

     The potential is recalculated from file :
     ../tmp/_ph0/diamond.save/charge-density

     Starting wfcs are    8 atomic wfcs
     Checking if some PAW data can be deallocated... 

     Band Structure Calculation
     Davidson diagonalization with overlap

     ethr =  1.25E-10,  avg # of iterations = 10.4

     total cpu time spent up to now is       44.8 secs

     End of band structure calculation

     Number of k-points >= 100: set verbosity='high' to print the bands.

     highest occupied, lowest unoccupied level (ev):    13.31233097   17.40873064

     Writing config to output data dir ../tmp/_ph0/diamond.save/ :
     XML data file

     default                                                                    

     bravais-lattice index     =            0
     lattice parameter (alat)  =       4.7733  a.u.
     unit-cell volume          =      76.9035 (a.u.)^3
     number of atoms/cell      =            2
     number of atomic types    =            1
     kinetic-energy cut-off    =      45.0000  Ry
     charge density cut-off    =     180.0000  Ry
     convergence threshold     =      1.0E-14
     beta                      =       0.7000
     number of iterations used =            4
     Exchange-correlation= PBE
                           (   1   4   3   4   0   0   0)


     celldm(1)=    4.77332  celldm(2)=    0.00000  celldm(3)=    0.00000
     celldm(4)=    0.00000  celldm(5)=    0.00000  celldm(6)=    0.00000

     crystal axes: (cart. coord. in units of alat)
               a(1) = ( -0.7071  0.0000  0.7071 )  
               a(2) = (  0.0000  0.7071  0.7071 )  
               a(3) = ( -0.7071  0.7071  0.0000 )  

     reciprocal axes: (cart. coord. in units 2 pi/alat)
               b(1) = ( -0.7071 -0.7071  0.7071 )  
               b(2) = (  0.7071  0.7071  0.7071 )  
               b(3) = ( -0.7071  0.7071 -0.7071 )  


     Atoms inside the unit cell: 

     Cartesian axes

     site n.  atom      mass           positions (alat units)
        1  C      12.0107   tau(    1) = (    0.00000    0.00000    0.00000  )
        2  C      12.0107   tau(    2) = (   -0.35410    0.35410    0.35410  )

     Computing dynamical matrix for 
                    q = (   0.3535534  -0.3535534   0.8249579 )
 
      2 Sym.Ops. (no q -> -q+G )


     G cutoff =  103.8851  (    447 G-vectors)     FFT grid: ( 24, 24, 24)
     number of k points=   576

     PseudoPot. # 1 for C  read from file:
     ../../pseudos/C.pbe-n-kjpaw_psl.1.0.0.UPF
     MD5 check sum: 5f16ad9a65e90284d1d834d4ab3b0f7d
     Pseudo is Projector augmented-wave + core cor, Zval =  4.0
     Generated using &quot;atomic&quot; code by A. Dal Corso  v.6.3
     Shape of augmentation charge: PSQ
     Using radial grid of 1073 points,  4 beta functions with: 
                l(1) =   0
                l(2) =   0
                l(3) =   1
                l(4) =   1
     Q(r) pseudized with 0 coefficients 


     Mode symmetry, C_s (m)     point group:


     Atomic displacements:
     There are    6 irreducible representations

     Representation     1      1 modes -  To be done

     Representation     2      1 modes -  To be done

     Representation     3      1 modes -  To be done

     Representation     4      1 modes -  To be done

     Representation     5      1 modes -  To be done

     Representation     6      1 modes -  To be done


     Message from routine init_vloc:
     Interpolation table for Vloc re-allocated

     Alpha used in Ewald sum =   1.9000
     PHONON       :   6m46.61s CPU   9m45.28s WALL



     Representation #   1 mode #   1

     Self-consistent Calculation

      iter #   1 total cpu time :   585.5 secs   av.it.:   6.1
      thresh= 1.000E-02 alpha_mix =  0.700 |ddv_scf|^2 =  1.194E-04

      iter #   2 total cpu time :   585.8 secs   av.it.:   8.0
      thresh= 1.093E-03 alpha_mix =  0.700 |ddv_scf|^2 =  1.510E-04

      iter #   3 total cpu time :   586.1 secs   av.it.:   7.2
      thresh= 1.229E-03 alpha_mix =  0.700 |ddv_scf|^2 =  3.946E-07

      iter #   4 total cpu time :   586.4 secs   av.it.:   8.0
      thresh= 6.282E-05 alpha_mix =  0.700 |ddv_scf|^2 =  4.353E-08

      iter #   5 total cpu time :   586.8 secs   av.it.:   8.0
      thresh= 2.086E-05 alpha_mix =  0.700 |ddv_scf|^2 =  3.755E-09

      iter #   6 total cpu time :   587.1 secs   av.it.:   8.0
      thresh= 6.128E-06 alpha_mix =  0.700 |ddv_scf|^2 =  5.816E-11

      iter #   7 total cpu time :   587.4 secs   av.it.:   8.1
      thresh= 7.626E-07 alpha_mix =  0.700 |ddv_scf|^2 =  1.684E-12

      iter #   8 total cpu time :   587.7 secs   av.it.:   7.7
      thresh= 1.298E-07 alpha_mix =  0.700 |ddv_scf|^2 =  2.234E-13

      iter #   9 total cpu time :   588.0 secs   av.it.:   8.1
      thresh= 4.727E-08 alpha_mix =  0.700 |ddv_scf|^2 =  2.527E-13

      iter #  10 total cpu time :   588.3 secs   av.it.:   7.3
      thresh= 5.027E-08 alpha_mix =  0.700 |ddv_scf|^2 =  6.419E-15

     End of self-consistent calculation

     Convergence has been achieved 


     Representation #   2 mode #   2

     Self-consistent Calculation

      iter #   1 total cpu time :   588.6 secs   av.it.:   6.2
      thresh= 1.000E-02 alpha_mix =  0.700 |ddv_scf|^2 =  2.729E-04

      iter #   2 total cpu time :   588.9 secs   av.it.:   8.0
      thresh= 1.652E-03 alpha_mix =  0.700 |ddv_scf|^2 =  3.655E-04

      iter #   3 total cpu time :   589.2 secs   av.it.:   7.2
      thresh= 1.912E-03 alpha_mix =  0.700 |ddv_scf|^2 =  6.470E-07

      iter #   4 total cpu time :   589.5 secs   av.it.:   8.0
      thresh= 8.044E-05 alpha_mix =  0.700 |ddv_scf|^2 =  3.759E-08

      iter #   5 total cpu time :   589.8 secs   av.it.:   8.0
      thresh= 1.939E-05 alpha_mix =  0.700 |ddv_scf|^2 =  5.085E-09

      iter #   6 total cpu time :   590.1 secs   av.it.:   8.1
      thresh= 7.131E-06 alpha_mix =  0.700 |ddv_scf|^2 =  3.448E-11

      iter #   7 total cpu time :   590.4 secs   av.it.:   7.8
      thresh= 5.872E-07 alpha_mix =  0.700 |ddv_scf|^2 =  1.578E-12

      iter #   8 total cpu time :   590.7 secs   av.it.:   7.7
      thresh= 1.256E-07 alpha_mix =  0.700 |ddv_scf|^2 =  6.190E-13

      iter #   9 total cpu time :   591.0 secs   av.it.:   7.8
      thresh= 7.868E-08 alpha_mix =  0.700 |ddv_scf|^2 =  2.416E-13

      iter #  10 total cpu time :   591.3 secs   av.it.:   7.4
      thresh= 4.915E-08 alpha_mix =  0.700 |ddv_scf|^2 =  2.932E-14

      iter #  11 total cpu time :   591.6 secs   av.it.:   7.7
      thresh= 1.712E-08 alpha_mix =  0.700 |ddv_scf|^2 =  3.536E-16

     End of self-consistent calculation

     Convergence has been achieved 


     Representation #   3 mode #   3

     Self-consistent Calculation

      iter #   1 total cpu time :   591.9 secs   av.it.:   6.1
      thresh= 1.000E-02 alpha_mix =  0.700 |ddv_scf|^2 =  1.776E-04

      iter #   2 total cpu time :   592.2 secs   av.it.:   8.1
      thresh= 1.333E-03 alpha_mix =  0.700 |ddv_scf|^2 =  2.287E-04

      iter #   3 total cpu time :   592.5 secs   av.it.:   7.3
      thresh= 1.512E-03 alpha_mix =  0.700 |ddv_scf|^2 =  8.382E-07

      iter #   4 total cpu time :   592.8 secs   av.it.:   7.9
      thresh= 9.155E-05 alpha_mix =  0.700 |ddv_scf|^2 =  4.253E-08

      iter #   5 total cpu time :   593.1 secs   av.it.:   8.0
      thresh= 2.062E-05 alpha_mix =  0.700 |ddv_scf|^2 =  4.971E-09

      iter #   6 total cpu time :   593.4 secs   av.it.:   8.1
      thresh= 7.051E-06 alpha_mix =  0.700 |ddv_scf|^2 =  5.127E-11

      iter #   7 total cpu time :   593.7 secs   av.it.:   7.9
      thresh= 7.160E-07 alpha_mix =  0.700 |ddv_scf|^2 =  1.737E-12

      iter #   8 total cpu time :   594.0 secs   av.it.:   7.6
      thresh= 1.318E-07 alpha_mix =  0.700 |ddv_scf|^2 =  6.945E-13

      iter #   9 total cpu time :   594.3 secs   av.it.:   7.8
      thresh= 8.334E-08 alpha_mix =  0.700 |ddv_scf|^2 =  2.543E-13

      iter #  10 total cpu time :   594.6 secs   av.it.:   7.3
      thresh= 5.043E-08 alpha_mix =  0.700 |ddv_scf|^2 =  3.064E-14

      iter #  11 total cpu time :   594.9 secs   av.it.:   7.8
      thresh= 1.750E-08 alpha_mix =  0.700 |ddv_scf|^2 =  1.109E-15

     End of self-consistent calculation

     Convergence has been achieved 


     Representation #   4 mode #   4

     Self-consistent Calculation

      iter #   1 total cpu time :   595.2 secs   av.it.:   6.0
      thresh= 1.000E-02 alpha_mix =  0.700 |ddv_scf|^2 =  2.399E-05

      iter #   2 total cpu time :   595.5 secs   av.it.:   8.3
      thresh= 4.898E-04 alpha_mix =  0.700 |ddv_scf|^2 =  1.404E-05

      iter #   3 total cpu time :   595.9 secs   av.it.:   7.9
      thresh= 3.746E-04 alpha_mix =  0.700 |ddv_scf|^2 =  1.020E-06

      iter #   4 total cpu time :   596.2 secs   av.it.:   7.5
      thresh= 1.010E-04 alpha_mix =  0.700 |ddv_scf|^2 =  5.181E-08

      iter #   5 total cpu time :   596.5 secs   av.it.:   8.0
      thresh= 2.276E-05 alpha_mix =  0.700 |ddv_scf|^2 =  3.584E-09

      iter #   6 total cpu time :   596.8 secs   av.it.:   8.1
      thresh= 5.987E-06 alpha_mix =  0.700 |ddv_scf|^2 =  8.377E-11

      iter #   7 total cpu time :   597.1 secs   av.it.:   8.0
      thresh= 9.153E-07 alpha_mix =  0.700 |ddv_scf|^2 =  1.406E-12

      iter #   8 total cpu time :   597.4 secs   av.it.:   7.4
      thresh= 1.186E-07 alpha_mix =  0.700 |ddv_scf|^2 =  1.404E-13

      iter #   9 total cpu time :   597.7 secs   av.it.:   7.9
      thresh= 3.746E-08 alpha_mix =  0.700 |ddv_scf|^2 =  7.109E-14

      iter #  10 total cpu time :   598.0 secs   av.it.:   7.7
      thresh= 2.666E-08 alpha_mix =  0.700 |ddv_scf|^2 =  5.864E-15

     End of self-consistent calculation

     Convergence has been achieved 


     Representation #   5 mode #   5

     Self-consistent Calculation

      iter #   1 total cpu time :   598.3 secs   av.it.:   5.8
      thresh= 1.000E-02 alpha_mix =  0.700 |ddv_scf|^2 =  4.908E-06

      iter #   2 total cpu time :   598.6 secs   av.it.:   7.9
      thresh= 2.215E-04 alpha_mix =  0.700 |ddv_scf|^2 =  1.022E-07

      iter #   3 total cpu time :   598.9 secs   av.it.:   7.7
      thresh= 3.196E-05 alpha_mix =  0.700 |ddv_scf|^2 =  7.703E-09

      iter #   4 total cpu time :   599.2 secs   av.it.:   7.6
      thresh= 8.777E-06 alpha_mix =  0.700 |ddv_scf|^2 =  3.841E-11

      iter #   5 total cpu time :   599.5 secs   av.it.:   7.4
      thresh= 6.197E-07 alpha_mix =  0.700 |ddv_scf|^2 =  7.863E-13

      iter #   6 total cpu time :   599.7 secs   av.it.:   7.0
      thresh= 8.867E-08 alpha_mix =  0.700 |ddv_scf|^2 =  1.215E-15

     End of self-consistent calculation

     Convergence has been achieved 


     Representation #   6 mode #   6

     Self-consistent Calculation

      iter #   1 total cpu time :   600.0 secs   av.it.:   5.8
      thresh= 1.000E-02 alpha_mix =  0.700 |ddv_scf|^2 =  4.908E-06

      iter #   2 total cpu time :   600.3 secs   av.it.:   7.9
      thresh= 2.215E-04 alpha_mix =  0.700 |ddv_scf|^2 =  1.021E-07

      iter #   3 total cpu time :   600.6 secs   av.it.:   7.7
      thresh= 3.196E-05 alpha_mix =  0.700 |ddv_scf|^2 =  7.700E-09

      iter #   4 total cpu time :   600.9 secs   av.it.:   7.6
      thresh= 8.775E-06 alpha_mix =  0.700 |ddv_scf|^2 =  3.840E-11

      iter #   5 total cpu time :   601.2 secs   av.it.:   7.4
      thresh= 6.197E-07 alpha_mix =  0.700 |ddv_scf|^2 =  7.862E-13

      iter #   6 total cpu time :   601.5 secs   av.it.:   7.0
      thresh= 8.867E-08 alpha_mix =  0.700 |ddv_scf|^2 =  1.214E-15

     End of self-consistent calculation

     Convergence has been achieved 
 
     Number of q in the star =    3
     List of q in the star:
          1   0.353553391  -0.353553391   0.824957911
          2  -0.824957911  -0.353553391  -0.353553391
          3   0.353553391   0.824957911  -0.353553391
     In addition there is the -q list: 
          1  -0.353553391   0.353553391  -0.824957911
          2   0.824957911   0.353553391   0.353553391
          3  -0.353553391  -0.824957911   0.353553391

     Diagonalizing the dynamical matrix

     q = (    0.353553391  -0.353553391   0.824957911 ) 

 **************************************************************************
     freq (    1) =      17.901030 [THz] =     597.114074 [cm-1]
     freq (    2) =      20.367524 [THz] =     679.387461 [cm-1]
     freq (    3) =      27.789725 [THz] =     926.965461 [cm-1]
     freq (    4) =      34.798825 [THz] =    1160.763843 [cm-1]
     freq (    5) =      36.138056 [THz] =    1205.435805 [cm-1]
     freq (    6) =      36.792924 [THz] =    1227.279851 [cm-1]
 **************************************************************************

     Mode symmetry, C_s (m)     point group:

     freq (   1-   1) =        597.1  [cm-1]   --> A''                
     freq (   2-   2) =        679.4  [cm-1]   --> A'                 
     freq (   3-   3) =        927.0  [cm-1]   --> A'                 
     freq (   4-   4) =       1160.8  [cm-1]   --> A''                
     freq (   5-   5) =       1205.4  [cm-1]   --> A'                 
     freq (   6-   6) =       1227.3  [cm-1]   --> A'                 

     Calculation of q =    0.2357023  -0.2357023   0.7071068
 
     Parallelization info
     --------------------
     sticks:   dense  smooth     PW     G-vecs:    dense   smooth      PW
     Min          40      40     17                  445      445     133
     Max          41      41     18                  447      447     137
     Sum         283     283    121                 3119     3119     941
 
     Using Slab Decomposition
 

     Title: 
     default                                                                    


     bravais-lattice index     =            0
     lattice parameter (alat)  =       4.7733  a.u.
     unit-cell volume          =      76.9035 (a.u.)^3
     number of atoms/cell      =            2
     number of atomic types    =            1
     number of electrons       =         8.00
     number of Kohn-Sham states=            8
     kinetic-energy cutoff     =      45.0000  Ry
     charge density cutoff     =     180.0000  Ry
     Exchange-correlation= PBE
                           (   1   4   3   4   0   0   0)

     celldm(1)=   4.773317  celldm(2)=   0.000000  celldm(3)=   0.000000
     celldm(4)=   0.000000  celldm(5)=   0.000000  celldm(6)=   0.000000

     crystal axes: (cart. coord. in units of alat)
               a(1) = (  -0.707107   0.000000   0.707107 )  
               a(2) = (   0.000000   0.707107   0.707107 )  
               a(3) = (  -0.707107   0.707107   0.000000 )  

     reciprocal axes: (cart. coord. in units 2 pi/alat)
               b(1) = ( -0.707107 -0.707107  0.707107 )  
               b(2) = (  0.707107  0.707107  0.707107 )  
               b(3) = ( -0.707107  0.707107 -0.707107 )  


     PseudoPot. # 1 for C  read from file:
     ../../pseudos/C.pbe-n-kjpaw_psl.1.0.0.UPF
     MD5 check sum: 5f16ad9a65e90284d1d834d4ab3b0f7d
     Pseudo is Projector augmented-wave + core cor, Zval =  4.0
     Generated using &quot;atomic&quot; code by A. Dal Corso  v.6.3
     Shape of augmentation charge: PSQ
     Using radial grid of 1073 points,  4 beta functions with: 
                l(1) =   0
                l(2) =   0
                l(3) =   1
                l(4) =   1
     Q(r) pseudized with 0 coefficients 


     atomic species   valence    mass     pseudopotential
     C                 4.00    12.01070     C ( 1.00)

      6 Sym. Ops. (no inversion) found



   Cartesian axes

     site n.     atom                  positions (alat units)
         1        C      tau(   1) = (   0.0000000   0.0000000   0.0000000  )
         2        C      tau(   2) = (  -0.3541036   0.3541036   0.3541036  )

     number of k points=   576

     Number of k-points >= 100: set verbosity='high' to print them.

     Dense  grid:     3119 G-vectors     FFT dimensions: (  24,  24,  24)

     Estimated max dynamical RAM per process >       0.69 MB

     Estimated total dynamical RAM >      19.43 MB

     Check: negative core charge=   -0.000077

     The potential is recalculated from file :
     ../tmp/_ph0/diamond.save/charge-density

     Starting wfcs are    8 atomic wfcs
     Checking if some PAW data can be deallocated... 

     Band Structure Calculation
     Davidson diagonalization with overlap

     ethr =  1.25E-10,  avg # of iterations = 10.4

     total cpu time spent up to now is       46.2 secs

     End of band structure calculation

     Number of k-points >= 100: set verbosity='high' to print the bands.

     highest occupied, lowest unoccupied level (ev):    13.31233097   17.40873064

     Writing config to output data dir ../tmp/_ph0/diamond.save/ :
     XML data file

     default                                                                    

     bravais-lattice index     =            0
     lattice parameter (alat)  =       4.7733  a.u.
     unit-cell volume          =      76.9035 (a.u.)^3
     number of atoms/cell      =            2
     number of atomic types    =            1
     kinetic-energy cut-off    =      45.0000  Ry
     charge density cut-off    =     180.0000  Ry
     convergence threshold     =      1.0E-14
     beta                      =       0.7000
     number of iterations used =            4
     Exchange-correlation= PBE
                           (   1   4   3   4   0   0   0)


     celldm(1)=    4.77332  celldm(2)=    0.00000  celldm(3)=    0.00000
     celldm(4)=    0.00000  celldm(5)=    0.00000  celldm(6)=    0.00000

     crystal axes: (cart. coord. in units of alat)
               a(1) = ( -0.7071  0.0000  0.7071 )  
               a(2) = (  0.0000  0.7071  0.7071 )  
               a(3) = ( -0.7071  0.7071  0.0000 )  

     reciprocal axes: (cart. coord. in units 2 pi/alat)
               b(1) = ( -0.7071 -0.7071  0.7071 )  
               b(2) = (  0.7071  0.7071  0.7071 )  
               b(3) = ( -0.7071  0.7071 -0.7071 )  


     Atoms inside the unit cell: 

     Cartesian axes

     site n.  atom      mass           positions (alat units)
        1  C      12.0107   tau(    1) = (    0.00000    0.00000    0.00000  )
        2  C      12.0107   tau(    2) = (   -0.35410    0.35410    0.35410  )

     Computing dynamical matrix for 
                    q = (   0.2357023  -0.2357023   0.7071068 )
 
      2 Sym.Ops. (no q -> -q+G )


     G cutoff =  103.8851  (    447 G-vectors)     FFT grid: ( 24, 24, 24)
     number of k points=   576

     PseudoPot. # 1 for C  read from file:
     ../../pseudos/C.pbe-n-kjpaw_psl.1.0.0.UPF
     MD5 check sum: 5f16ad9a65e90284d1d834d4ab3b0f7d
     Pseudo is Projector augmented-wave + core cor, Zval =  4.0
     Generated using &quot;atomic&quot; code by A. Dal Corso  v.6.3
     Shape of augmentation charge: PSQ
     Using radial grid of 1073 points,  4 beta functions with: 
                l(1) =   0
                l(2) =   0
                l(3) =   1
                l(4) =   1
     Q(r) pseudized with 0 coefficients 


     Mode symmetry, C_s (m)     point group:


     Atomic displacements:
     There are    6 irreducible representations

     Representation     1      1 modes -  To be done

     Representation     2      1 modes -  To be done

     Representation     3      1 modes -  To be done

     Representation     4      1 modes -  To be done

     Representation     5      1 modes -  To be done

     Representation     6      1 modes -  To be done



     Alpha used in Ewald sum =   1.9000
     PHONON       :   6m59.14s CPU  10m 3.47s WALL



     Representation #   1 mode #   1

     Self-consistent Calculation

      iter #   1 total cpu time :   603.7 secs   av.it.:   6.0
      thresh= 1.000E-02 alpha_mix =  0.700 |ddv_scf|^2 =  6.761E-05

      iter #   2 total cpu time :   604.0 secs   av.it.:   8.3
      thresh= 8.223E-04 alpha_mix =  0.700 |ddv_scf|^2 =  3.533E-05

      iter #   3 total cpu time :   604.3 secs   av.it.:   8.0
      thresh= 5.944E-04 alpha_mix =  0.700 |ddv_scf|^2 =  5.181E-07

      iter #   4 total cpu time :   604.6 secs   av.it.:   8.0
      thresh= 7.198E-05 alpha_mix =  0.700 |ddv_scf|^2 =  1.043E-08

      iter #   5 total cpu time :   604.9 secs   av.it.:   8.0
      thresh= 1.021E-05 alpha_mix =  0.700 |ddv_scf|^2 =  4.194E-10

      iter #   6 total cpu time :   605.3 secs   av.it.:   8.4
      thresh= 2.048E-06 alpha_mix =  0.700 |ddv_scf|^2 =  1.865E-10

      iter #   7 total cpu time :   605.6 secs   av.it.:   7.9
      thresh= 1.366E-06 alpha_mix =  0.700 |ddv_scf|^2 =  1.618E-12

      iter #   8 total cpu time :   605.9 secs   av.it.:   7.6
      thresh= 1.272E-07 alpha_mix =  0.700 |ddv_scf|^2 =  1.491E-13

      iter #   9 total cpu time :   606.2 secs   av.it.:   8.0
      thresh= 3.862E-08 alpha_mix =  0.700 |ddv_scf|^2 =  3.776E-14

      iter #  10 total cpu time :   606.4 secs   av.it.:   8.0
      thresh= 1.943E-08 alpha_mix =  0.700 |ddv_scf|^2 =  2.882E-15

     End of self-consistent calculation

     Convergence has been achieved 


     Representation #   2 mode #   2

     Self-consistent Calculation

      iter #   1 total cpu time :   606.8 secs   av.it.:   6.0
      thresh= 1.000E-02 alpha_mix =  0.700 |ddv_scf|^2 =  7.409E-05

      iter #   2 total cpu time :   607.1 secs   av.it.:   8.2
      thresh= 8.607E-04 alpha_mix =  0.700 |ddv_scf|^2 =  3.785E-05

      iter #   3 total cpu time :   607.4 secs   av.it.:   7.8
      thresh= 6.152E-04 alpha_mix =  0.700 |ddv_scf|^2 =  5.743E-07

      iter #   4 total cpu time :   607.7 secs   av.it.:   7.9
      thresh= 7.578E-05 alpha_mix =  0.700 |ddv_scf|^2 =  1.022E-08

      iter #   5 total cpu time :   608.0 secs   av.it.:   7.9
      thresh= 1.011E-05 alpha_mix =  0.700 |ddv_scf|^2 =  2.662E-10

      iter #   6 total cpu time :   608.3 secs   av.it.:   8.4
      thresh= 1.631E-06 alpha_mix =  0.700 |ddv_scf|^2 =  1.318E-10

      iter #   7 total cpu time :   608.6 secs   av.it.:   7.9
      thresh= 1.148E-06 alpha_mix =  0.700 |ddv_scf|^2 =  1.516E-12

      iter #   8 total cpu time :   608.9 secs   av.it.:   7.5
      thresh= 1.231E-07 alpha_mix =  0.700 |ddv_scf|^2 =  9.443E-14

      iter #   9 total cpu time :   609.2 secs   av.it.:   8.0
      thresh= 3.073E-08 alpha_mix =  0.700 |ddv_scf|^2 =  1.657E-14

      iter #  10 total cpu time :   609.5 secs   av.it.:   8.0
      thresh= 1.287E-08 alpha_mix =  0.700 |ddv_scf|^2 =  1.541E-15

     End of self-consistent calculation

     Convergence has been achieved 


     Representation #   3 mode #   3

     Self-consistent Calculation

      iter #   1 total cpu time :   609.8 secs   av.it.:   6.1
      thresh= 1.000E-02 alpha_mix =  0.700 |ddv_scf|^2 =  5.738E-05

      iter #   2 total cpu time :   610.1 secs   av.it.:   8.3
      thresh= 7.575E-04 alpha_mix =  0.700 |ddv_scf|^2 =  2.847E-05

      iter #   3 total cpu time :   610.4 secs   av.it.:   8.0
      thresh= 5.336E-04 alpha_mix =  0.700 |ddv_scf|^2 =  5.089E-07

      iter #   4 total cpu time :   610.7 secs   av.it.:   8.0
      thresh= 7.134E-05 alpha_mix =  0.700 |ddv_scf|^2 =  1.101E-08

      iter #   5 total cpu time :   611.0 secs   av.it.:   8.0
      thresh= 1.049E-05 alpha_mix =  0.700 |ddv_scf|^2 =  5.195E-10

      iter #   6 total cpu time :   611.3 secs   av.it.:   8.3
      thresh= 2.279E-06 alpha_mix =  0.700 |ddv_scf|^2 =  2.050E-10

      iter #   7 total cpu time :   611.6 secs   av.it.:   7.9
      thresh= 1.432E-06 alpha_mix =  0.700 |ddv_scf|^2 =  1.825E-12

      iter #   8 total cpu time :   611.9 secs   av.it.:   7.7
      thresh= 1.351E-07 alpha_mix =  0.700 |ddv_scf|^2 =  1.560E-13

      iter #   9 total cpu time :   612.2 secs   av.it.:   8.0
      thresh= 3.949E-08 alpha_mix =  0.700 |ddv_scf|^2 =  4.066E-14

      iter #  10 total cpu time :   612.5 secs   av.it.:   8.1
      thresh= 2.016E-08 alpha_mix =  0.700 |ddv_scf|^2 =  2.986E-15

     End of self-consistent calculation

     Convergence has been achieved 


     Representation #   4 mode #   4

     Self-consistent Calculation

      iter #   1 total cpu time :   612.8 secs   av.it.:   6.0
      thresh= 1.000E-02 alpha_mix =  0.700 |ddv_scf|^2 =  5.091E-05

      iter #   2 total cpu time :   613.1 secs   av.it.:   8.4
      thresh= 7.135E-04 alpha_mix =  0.700 |ddv_scf|^2 =  2.596E-05

      iter #   3 total cpu time :   613.5 secs   av.it.:   8.0
      thresh= 5.095E-04 alpha_mix =  0.700 |ddv_scf|^2 =  4.520E-07

      iter #   4 total cpu time :   613.8 secs   av.it.:   7.9
      thresh= 6.723E-05 alpha_mix =  0.700 |ddv_scf|^2 =  1.126E-08

      iter #   5 total cpu time :   614.1 secs   av.it.:   8.0
      thresh= 1.061E-05 alpha_mix =  0.700 |ddv_scf|^2 =  6.312E-10

      iter #   6 total cpu time :   614.4 secs   av.it.:   8.3
      thresh= 2.512E-06 alpha_mix =  0.700 |ddv_scf|^2 =  1.983E-10

      iter #   7 total cpu time :   614.7 secs   av.it.:   8.0
      thresh= 1.408E-06 alpha_mix =  0.700 |ddv_scf|^2 =  2.416E-12

      iter #   8 total cpu time :   615.0 secs   av.it.:   7.9
      thresh= 1.554E-07 alpha_mix =  0.700 |ddv_scf|^2 =  1.667E-13

      iter #   9 total cpu time :   615.3 secs   av.it.:   8.0
      thresh= 4.083E-08 alpha_mix =  0.700 |ddv_scf|^2 =  4.068E-14

      iter #  10 total cpu time :   615.6 secs   av.it.:   8.1
      thresh= 2.017E-08 alpha_mix =  0.700 |ddv_scf|^2 =  2.967E-15

     End of self-consistent calculation

     Convergence has been achieved 


     Representation #   5 mode #   5

     Self-consistent Calculation

      iter #   1 total cpu time :   615.9 secs   av.it.:   5.8
      thresh= 1.000E-02 alpha_mix =  0.700 |ddv_scf|^2 =  6.939E-06

      iter #   2 total cpu time :   616.2 secs   av.it.:   7.8
      thresh= 2.634E-04 alpha_mix =  0.700 |ddv_scf|^2 =  1.369E-07

      iter #   3 total cpu time :   616.5 secs   av.it.:   7.8
      thresh= 3.699E-05 alpha_mix =  0.700 |ddv_scf|^2 =  1.070E-08

      iter #   4 total cpu time :   616.8 secs   av.it.:   7.6
      thresh= 1.034E-05 alpha_mix =  0.700 |ddv_scf|^2 =  4.663E-11

      iter #   5 total cpu time :   617.1 secs   av.it.:   7.5
      thresh= 6.829E-07 alpha_mix =  0.700 |ddv_scf|^2 =  5.406E-13

      iter #   6 total cpu time :   617.4 secs   av.it.:   7.4
      thresh= 7.352E-08 alpha_mix =  0.700 |ddv_scf|^2 =  9.463E-16

     End of self-consistent calculation

     Convergence has been achieved 


     Representation #   6 mode #   6

     Self-consistent Calculation

      iter #   1 total cpu time :   617.7 secs   av.it.:   5.8
      thresh= 1.000E-02 alpha_mix =  0.700 |ddv_scf|^2 =  6.938E-06

      iter #   2 total cpu time :   618.0 secs   av.it.:   7.8
      thresh= 2.634E-04 alpha_mix =  0.700 |ddv_scf|^2 =  1.368E-07

      iter #   3 total cpu time :   618.3 secs   av.it.:   7.8
      thresh= 3.699E-05 alpha_mix =  0.700 |ddv_scf|^2 =  1.069E-08

      iter #   4 total cpu time :   618.6 secs   av.it.:   7.6
      thresh= 1.034E-05 alpha_mix =  0.700 |ddv_scf|^2 =  4.662E-11

      iter #   5 total cpu time :   618.9 secs   av.it.:   7.5
      thresh= 6.828E-07 alpha_mix =  0.700 |ddv_scf|^2 =  5.405E-13

      iter #   6 total cpu time :   619.1 secs   av.it.:   7.4
      thresh= 7.352E-08 alpha_mix =  0.700 |ddv_scf|^2 =  9.457E-16

     End of self-consistent calculation

     Convergence has been achieved 
 
     Number of q in the star =    3
     List of q in the star:
          1   0.235702260  -0.235702260   0.707106781
          2  -0.707106781  -0.235702260  -0.235702260
          3   0.235702260   0.707106781  -0.235702260
     In addition there is the -q list: 
          1  -0.235702260   0.235702260  -0.707106781
          2   0.707106781   0.235702260   0.235702260
          3  -0.235702260  -0.707106781   0.235702260

     Diagonalizing the dynamical matrix

     q = (    0.235702260  -0.235702260   0.707106781 ) 

 **************************************************************************
     freq (    1) =      21.406590 [THz] =     714.046978 [cm-1]
     freq (    2) =      28.677060 [THz] =     956.563757 [cm-1]
     freq (    3) =      28.837982 [THz] =     961.931536 [cm-1]
     freq (    4) =      31.757688 [THz] =    1059.322434 [cm-1]
     freq (    5) =      32.866973 [THz] =    1096.324199 [cm-1]
     freq (    6) =      36.745998 [THz] =    1225.714559 [cm-1]
 **************************************************************************

     Mode symmetry, C_s (m)     point group:

     freq (   1-   1) =        714.0  [cm-1]   --> A''                
     freq (   2-   2) =        956.6  [cm-1]   --> A'                 
     freq (   3-   3) =        961.9  [cm-1]   --> A'                 
     freq (   4-   4) =       1059.3  [cm-1]   --> A'                 
     freq (   5-   5) =       1096.3  [cm-1]   --> A''                
     freq (   6-   6) =       1225.7  [cm-1]   --> A'                 

     Calculation of q =   -0.2357023  -0.9428090   0.2357023
 
     Parallelization info
     --------------------
     sticks:   dense  smooth     PW     G-vecs:    dense   smooth      PW
     Min          40      40     18                  445      445     137
     Max          41      41     19                  447      447     140
     Sum         283     283    127                 3119     3119     965
 
     Using Slab Decomposition
 

     Title: 
     default                                                                    


     bravais-lattice index     =            0
     lattice parameter (alat)  =       4.7733  a.u.
     unit-cell volume          =      76.9035 (a.u.)^3
     number of atoms/cell      =            2
     number of atomic types    =            1
     number of electrons       =         8.00
     number of Kohn-Sham states=            8
     kinetic-energy cutoff     =      45.0000  Ry
     charge density cutoff     =     180.0000  Ry
     Exchange-correlation= PBE
                           (   1   4   3   4   0   0   0)

     celldm(1)=   4.773317  celldm(2)=   0.000000  celldm(3)=   0.000000
     celldm(4)=   0.000000  celldm(5)=   0.000000  celldm(6)=   0.000000

     crystal axes: (cart. coord. in units of alat)
               a(1) = (  -0.707107   0.000000   0.707107 )  
               a(2) = (   0.000000   0.707107   0.707107 )  
               a(3) = (  -0.707107   0.707107   0.000000 )  

     reciprocal axes: (cart. coord. in units 2 pi/alat)
               b(1) = ( -0.707107 -0.707107  0.707107 )  
               b(2) = (  0.707107  0.707107  0.707107 )  
               b(3) = ( -0.707107  0.707107 -0.707107 )  


     PseudoPot. # 1 for C  read from file:
     ../../pseudos/C.pbe-n-kjpaw_psl.1.0.0.UPF
     MD5 check sum: 5f16ad9a65e90284d1d834d4ab3b0f7d
     Pseudo is Projector augmented-wave + core cor, Zval =  4.0
     Generated using &quot;atomic&quot; code by A. Dal Corso  v.6.3
     Shape of augmentation charge: PSQ
     Using radial grid of 1073 points,  4 beta functions with: 
                l(1) =   0
                l(2) =   0
                l(3) =   1
                l(4) =   1
     Q(r) pseudized with 0 coefficients 


     atomic species   valence    mass     pseudopotential
     C                 4.00    12.01070     C ( 1.00)

      6 Sym. Ops. (no inversion) found



   Cartesian axes

     site n.     atom                  positions (alat units)
         1        C      tau(   1) = (   0.0000000   0.0000000   0.0000000  )
         2        C      tau(   2) = (  -0.3541036   0.3541036   0.3541036  )

     number of k points=   576

     Number of k-points >= 100: set verbosity='high' to print them.

     Dense  grid:     3119 G-vectors     FFT dimensions: (  24,  24,  24)

     Estimated max dynamical RAM per process >       0.70 MB

     Estimated total dynamical RAM >      19.61 MB

     Check: negative core charge=   -0.000077

     The potential is recalculated from file :
     ../tmp/_ph0/diamond.save/charge-density

     Starting wfcs are    8 atomic wfcs
     Checking if some PAW data can be deallocated... 

     Band Structure Calculation
     Davidson diagonalization with overlap

     ethr =  1.25E-10,  avg # of iterations = 10.4

     total cpu time spent up to now is       47.6 secs

     End of band structure calculation

     Number of k-points >= 100: set verbosity='high' to print the bands.

     highest occupied, lowest unoccupied level (ev):    13.31233097   17.40873064

     Writing config to output data dir ../tmp/_ph0/diamond.save/ :
     XML data file

     default                                                                    

     bravais-lattice index     =            0
     lattice parameter (alat)  =       4.7733  a.u.
     unit-cell volume          =      76.9035 (a.u.)^3
     number of atoms/cell      =            2
     number of atomic types    =            1
     kinetic-energy cut-off    =      45.0000  Ry
     charge density cut-off    =     180.0000  Ry
     convergence threshold     =      1.0E-14
     beta                      =       0.7000
     number of iterations used =            4
     Exchange-correlation= PBE
                           (   1   4   3   4   0   0   0)


     celldm(1)=    4.77332  celldm(2)=    0.00000  celldm(3)=    0.00000
     celldm(4)=    0.00000  celldm(5)=    0.00000  celldm(6)=    0.00000

     crystal axes: (cart. coord. in units of alat)
               a(1) = ( -0.7071  0.0000  0.7071 )  
               a(2) = (  0.0000  0.7071  0.7071 )  
               a(3) = ( -0.7071  0.7071  0.0000 )  

     reciprocal axes: (cart. coord. in units 2 pi/alat)
               b(1) = ( -0.7071 -0.7071  0.7071 )  
               b(2) = (  0.7071  0.7071  0.7071 )  
               b(3) = ( -0.7071  0.7071 -0.7071 )  


     Atoms inside the unit cell: 

     Cartesian axes

     site n.  atom      mass           positions (alat units)
        1  C      12.0107   tau(    1) = (    0.00000    0.00000    0.00000  )
        2  C      12.0107   tau(    2) = (   -0.35410    0.35410    0.35410  )

     Computing dynamical matrix for 
                    q = (  -0.2357023  -0.9428090   0.2357023 )
 
      2 Sym.Ops. (no q -> -q+G )


     G cutoff =  103.8851  (    447 G-vectors)     FFT grid: ( 24, 24, 24)
     number of k points=   576

     PseudoPot. # 1 for C  read from file:
     ../../pseudos/C.pbe-n-kjpaw_psl.1.0.0.UPF
     MD5 check sum: 5f16ad9a65e90284d1d834d4ab3b0f7d
     Pseudo is Projector augmented-wave + core cor, Zval =  4.0
     Generated using &quot;atomic&quot; code by A. Dal Corso  v.6.3
     Shape of augmentation charge: PSQ
     Using radial grid of 1073 points,  4 beta functions with: 
                l(1) =   0
                l(2) =   0
                l(3) =   1
                l(4) =   1
     Q(r) pseudized with 0 coefficients 


     Mode symmetry, C_s (m)     point group:


     Atomic displacements:
     There are    6 irreducible representations

     Representation     1      1 modes -  To be done

     Representation     2      1 modes -  To be done

     Representation     3      1 modes -  To be done

     Representation     4      1 modes -  To be done

     Representation     5      1 modes -  To be done

     Representation     6      1 modes -  To be done



     Alpha used in Ewald sum =   1.9000
     PHONON       :   7m11.17s CPU  10m21.11s WALL



     Representation #   1 mode #   1

     Self-consistent Calculation

      iter #   1 total cpu time :   621.4 secs   av.it.:   6.0
      thresh= 1.000E-02 alpha_mix =  0.700 |ddv_scf|^2 =  2.514E-05

      iter #   2 total cpu time :   621.7 secs   av.it.:   8.2
      thresh= 5.014E-04 alpha_mix =  0.700 |ddv_scf|^2 =  1.358E-05

      iter #   3 total cpu time :   622.0 secs   av.it.:   7.7
      thresh= 3.685E-04 alpha_mix =  0.700 |ddv_scf|^2 =  4.814E-07

      iter #   4 total cpu time :   622.3 secs   av.it.:   7.9
      thresh= 6.938E-05 alpha_mix =  0.700 |ddv_scf|^2 =  2.353E-08

      iter #   5 total cpu time :   622.6 secs   av.it.:   8.1
      thresh= 1.534E-05 alpha_mix =  0.700 |ddv_scf|^2 =  3.950E-09

      iter #   6 total cpu time :   622.9 secs   av.it.:   8.0
      thresh= 6.285E-06 alpha_mix =  0.700 |ddv_scf|^2 =  1.079E-10

      iter #   7 total cpu time :   623.2 secs   av.it.:   8.1
      thresh= 1.039E-06 alpha_mix =  0.700 |ddv_scf|^2 =  1.316E-12

      iter #   8 total cpu time :   623.5 secs   av.it.:   7.3
      thresh= 1.147E-07 alpha_mix =  0.700 |ddv_scf|^2 =  9.546E-14

      iter #   9 total cpu time :   623.8 secs   av.it.:   7.8
      thresh= 3.090E-08 alpha_mix =  0.700 |ddv_scf|^2 =  1.526E-14

      iter #  10 total cpu time :   624.1 secs   av.it.:   7.8
      thresh= 1.235E-08 alpha_mix =  0.700 |ddv_scf|^2 =  3.867E-15

     End of self-consistent calculation

     Convergence has been achieved 


     Representation #   2 mode #   2

     Self-consistent Calculation

      iter #   1 total cpu time :   624.4 secs   av.it.:   6.2
      thresh= 1.000E-02 alpha_mix =  0.700 |ddv_scf|^2 =  1.778E-04

      iter #   2 total cpu time :   624.7 secs   av.it.:   8.2
      thresh= 1.333E-03 alpha_mix =  0.700 |ddv_scf|^2 =  1.706E-04

      iter #   3 total cpu time :   625.0 secs   av.it.:   7.6
      thresh= 1.306E-03 alpha_mix =  0.700 |ddv_scf|^2 =  6.762E-07

      iter #   4 total cpu time :   625.3 secs   av.it.:   8.0
      thresh= 8.223E-05 alpha_mix =  0.700 |ddv_scf|^2 =  4.127E-08

      iter #   5 total cpu time :   625.6 secs   av.it.:   8.0
      thresh= 2.031E-05 alpha_mix =  0.700 |ddv_scf|^2 =  4.319E-09

      iter #   6 total cpu time :   626.0 secs   av.it.:   8.1
      thresh= 6.572E-06 alpha_mix =  0.700 |ddv_scf|^2 =  5.544E-11

      iter #   7 total cpu time :   626.3 secs   av.it.:   8.0
      thresh= 7.446E-07 alpha_mix =  0.700 |ddv_scf|^2 =  1.640E-12

      iter #   8 total cpu time :   626.6 secs   av.it.:   7.3
      thresh= 1.280E-07 alpha_mix =  0.700 |ddv_scf|^2 =  1.596E-13

      iter #   9 total cpu time :   626.9 secs   av.it.:   8.1
      thresh= 3.995E-08 alpha_mix =  0.700 |ddv_scf|^2 =  1.289E-13

      iter #  10 total cpu time :   627.1 secs   av.it.:   7.6
      thresh= 3.591E-08 alpha_mix =  0.700 |ddv_scf|^2 =  3.473E-15

     End of self-consistent calculation

     Convergence has been achieved 


     Representation #   3 mode #   3

     Self-consistent Calculation

      iter #   1 total cpu time :   627.5 secs   av.it.:   6.2
      thresh= 1.000E-02 alpha_mix =  0.700 |ddv_scf|^2 =  1.782E-04

      iter #   2 total cpu time :   627.8 secs   av.it.:   8.2
      thresh= 1.335E-03 alpha_mix =  0.700 |ddv_scf|^2 =  1.675E-04

      iter #   3 total cpu time :   628.1 secs   av.it.:   7.6
      thresh= 1.294E-03 alpha_mix =  0.700 |ddv_scf|^2 =  8.283E-07

      iter #   4 total cpu time :   628.4 secs   av.it.:   8.0
      thresh= 9.101E-05 alpha_mix =  0.700 |ddv_scf|^2 =  4.247E-08

      iter #   5 total cpu time :   628.7 secs   av.it.:   8.0
      thresh= 2.061E-05 alpha_mix =  0.700 |ddv_scf|^2 =  4.542E-09

      iter #   6 total cpu time :   629.0 secs   av.it.:   8.1
      thresh= 6.739E-06 alpha_mix =  0.700 |ddv_scf|^2 =  4.640E-11

      iter #   7 total cpu time :   629.3 secs   av.it.:   7.8
      thresh= 6.811E-07 alpha_mix =  0.700 |ddv_scf|^2 =  1.694E-12

      iter #   8 total cpu time :   629.6 secs   av.it.:   7.4
      thresh= 1.301E-07 alpha_mix =  0.700 |ddv_scf|^2 =  1.836E-13

      iter #   9 total cpu time :   629.9 secs   av.it.:   8.0
      thresh= 4.285E-08 alpha_mix =  0.700 |ddv_scf|^2 =  1.297E-13

      iter #  10 total cpu time :   630.2 secs   av.it.:   7.6
      thresh= 3.602E-08 alpha_mix =  0.700 |ddv_scf|^2 =  5.030E-15

     End of self-consistent calculation

     Convergence has been achieved 


     Representation #   4 mode #   4

     Self-consistent Calculation

      iter #   1 total cpu time :   630.5 secs   av.it.:   6.0
      thresh= 1.000E-02 alpha_mix =  0.700 |ddv_scf|^2 =  2.547E-05

      iter #   2 total cpu time :   630.8 secs   av.it.:   8.3
      thresh= 5.047E-04 alpha_mix =  0.700 |ddv_scf|^2 =  1.048E-05

      iter #   3 total cpu time :   631.1 secs   av.it.:   8.0
      thresh= 3.237E-04 alpha_mix =  0.700 |ddv_scf|^2 =  5.222E-07

      iter #   4 total cpu time :   631.4 secs   av.it.:   7.9
      thresh= 7.226E-05 alpha_mix =  0.700 |ddv_scf|^2 =  4.360E-08

      iter #   5 total cpu time :   631.7 secs   av.it.:   7.9
      thresh= 2.088E-05 alpha_mix =  0.700 |ddv_scf|^2 =  4.525E-09

      iter #   6 total cpu time :   632.0 secs   av.it.:   8.0
      thresh= 6.726E-06 alpha_mix =  0.700 |ddv_scf|^2 =  8.413E-11

      iter #   7 total cpu time :   632.4 secs   av.it.:   8.1
      thresh= 9.172E-07 alpha_mix =  0.700 |ddv_scf|^2 =  1.327E-12

      iter #   8 total cpu time :   632.6 secs   av.it.:   7.3
      thresh= 1.152E-07 alpha_mix =  0.700 |ddv_scf|^2 =  9.114E-14

      iter #   9 total cpu time :   633.0 secs   av.it.:   8.0
      thresh= 3.019E-08 alpha_mix =  0.700 |ddv_scf|^2 =  1.990E-14

      iter #  10 total cpu time :   633.2 secs   av.it.:   7.9
      thresh= 1.411E-08 alpha_mix =  0.700 |ddv_scf|^2 =  2.506E-15

     End of self-consistent calculation

     Convergence has been achieved 


     Representation #   5 mode #   5

     Self-consistent Calculation

      iter #   1 total cpu time :   633.5 secs   av.it.:   5.8
      thresh= 1.000E-02 alpha_mix =  0.700 |ddv_scf|^2 =  5.957E-06

      iter #   2 total cpu time :   633.8 secs   av.it.:   8.0
      thresh= 2.441E-04 alpha_mix =  0.700 |ddv_scf|^2 =  1.134E-07

      iter #   3 total cpu time :   634.2 secs   av.it.:   7.8
      thresh= 3.368E-05 alpha_mix =  0.700 |ddv_scf|^2 =  9.268E-09

      iter #   4 total cpu time :   634.5 secs   av.it.:   7.7
      thresh= 9.627E-06 alpha_mix =  0.700 |ddv_scf|^2 =  4.438E-11

      iter #   5 total cpu time :   634.8 secs   av.it.:   7.5
      thresh= 6.662E-07 alpha_mix =  0.700 |ddv_scf|^2 =  8.583E-13

      iter #   6 total cpu time :   635.0 secs   av.it.:   7.2
      thresh= 9.264E-08 alpha_mix =  0.700 |ddv_scf|^2 =  9.105E-16

     End of self-consistent calculation

     Convergence has been achieved 


     Representation #   6 mode #   6

     Self-consistent Calculation

      iter #   1 total cpu time :   635.3 secs   av.it.:   5.8
      thresh= 1.000E-02 alpha_mix =  0.700 |ddv_scf|^2 =  5.958E-06

      iter #   2 total cpu time :   635.6 secs   av.it.:   8.0
      thresh= 2.441E-04 alpha_mix =  0.700 |ddv_scf|^2 =  1.135E-07

      iter #   3 total cpu time :   635.9 secs   av.it.:   7.8
      thresh= 3.369E-05 alpha_mix =  0.700 |ddv_scf|^2 =  9.272E-09

      iter #   4 total cpu time :   636.2 secs   av.it.:   7.7
      thresh= 9.629E-06 alpha_mix =  0.700 |ddv_scf|^2 =  4.439E-11

      iter #   5 total cpu time :   636.5 secs   av.it.:   7.5
      thresh= 6.663E-07 alpha_mix =  0.700 |ddv_scf|^2 =  8.584E-13

      iter #   6 total cpu time :   636.8 secs   av.it.:   7.2
      thresh= 9.265E-08 alpha_mix =  0.700 |ddv_scf|^2 =  9.112E-16

     End of self-consistent calculation

     Convergence has been achieved 
 
     Number of q in the star =    3
     List of q in the star:
          1  -0.235702260  -0.942809042   0.235702260
          2  -0.235702260   0.235702260  -0.942809042
          3   0.942809042   0.235702260   0.235702260
     In addition there is the -q list: 
          1   0.235702260   0.942809042  -0.235702260
          2   0.235702260  -0.235702260   0.942809042
          3  -0.942809042  -0.235702260  -0.235702260

     Diagonalizing the dynamical matrix

     q = (   -0.235702260  -0.942809042   0.235702260 ) 

 **************************************************************************
     freq (    1) =      18.469919 [THz] =     616.090194 [cm-1]
     freq (    2) =      20.991518 [THz] =     700.201661 [cm-1]
     freq (    3) =      29.700305 [THz] =     990.695547 [cm-1]
     freq (    4) =      34.681414 [THz] =    1156.847447 [cm-1]
     freq (    5) =      35.252522 [THz] =    1175.897549 [cm-1]
     freq (    6) =      36.654552 [THz] =    1222.664239 [cm-1]
 **************************************************************************

     Mode symmetry, C_s (m)     point group:

     freq (   1-   1) =        616.1  [cm-1]   --> A''                
     freq (   2-   2) =        700.2  [cm-1]   --> A'                 
     freq (   3-   3) =        990.7  [cm-1]   --> A'                 
     freq (   4-   4) =       1156.8  [cm-1]   --> A''                
     freq (   5-   5) =       1175.9  [cm-1]   --> A'                 
     freq (   6-   6) =       1222.7  [cm-1]   --> A'                 

     Calculation of q =   -0.3535534  -0.8249579   0.1178511
 
     Parallelization info
     --------------------
     sticks:   dense  smooth     PW     G-vecs:    dense   smooth      PW
     Min          40      40     17                  445      445     133
     Max          41      41     18                  447      447     137
     Sum         283     283    121                 3119     3119     941
 
     Using Slab Decomposition
 

     Title: 
     default                                                                    


     bravais-lattice index     =            0
     lattice parameter (alat)  =       4.7733  a.u.
     unit-cell volume          =      76.9035 (a.u.)^3
     number of atoms/cell      =            2
     number of atomic types    =            1
     number of electrons       =         8.00
     number of Kohn-Sham states=            8
     kinetic-energy cutoff     =      45.0000  Ry
     charge density cutoff     =     180.0000  Ry
     Exchange-correlation= PBE
                           (   1   4   3   4   0   0   0)

     celldm(1)=   4.773317  celldm(2)=   0.000000  celldm(3)=   0.000000
     celldm(4)=   0.000000  celldm(5)=   0.000000  celldm(6)=   0.000000

     crystal axes: (cart. coord. in units of alat)
               a(1) = (  -0.707107   0.000000   0.707107 )  
               a(2) = (   0.000000   0.707107   0.707107 )  
               a(3) = (  -0.707107   0.707107   0.000000 )  

     reciprocal axes: (cart. coord. in units 2 pi/alat)
               b(1) = ( -0.707107 -0.707107  0.707107 )  
               b(2) = (  0.707107  0.707107  0.707107 )  
               b(3) = ( -0.707107  0.707107 -0.707107 )  


     PseudoPot. # 1 for C  read from file:
     ../../pseudos/C.pbe-n-kjpaw_psl.1.0.0.UPF
     MD5 check sum: 5f16ad9a65e90284d1d834d4ab3b0f7d
     Pseudo is Projector augmented-wave + core cor, Zval =  4.0
     Generated using &quot;atomic&quot; code by A. Dal Corso  v.6.3
     Shape of augmentation charge: PSQ
     Using radial grid of 1073 points,  4 beta functions with: 
                l(1) =   0
                l(2) =   0
                l(3) =   1
                l(4) =   1
     Q(r) pseudized with 0 coefficients 


     atomic species   valence    mass     pseudopotential
     C                 4.00    12.01070     C ( 1.00)

      6 Sym. Ops. (no inversion) found



   Cartesian axes

     site n.     atom                  positions (alat units)
         1        C      tau(   1) = (   0.0000000   0.0000000   0.0000000  )
         2        C      tau(   2) = (  -0.3541036   0.3541036   0.3541036  )

     number of k points=  1024

     Number of k-points >= 100: set verbosity='high' to print them.

     Dense  grid:     3119 G-vectors     FFT dimensions: (  24,  24,  24)

     Estimated max dynamical RAM per process >       0.70 MB

     Estimated total dynamical RAM >      19.53 MB

     Check: negative core charge=   -0.000077

     The potential is recalculated from file :
     ../tmp/_ph0/diamond.save/charge-density

     Starting wfcs are    8 atomic wfcs
     Checking if some PAW data can be deallocated... 

     Band Structure Calculation
     Davidson diagonalization with overlap

     ethr =  1.25E-10,  avg # of iterations = 10.5

     total cpu time spent up to now is       49.7 secs

     End of band structure calculation

     Number of k-points >= 100: set verbosity='high' to print the bands.

     highest occupied, lowest unoccupied level (ev):    13.31233097   17.40873064

     Writing config to output data dir ../tmp/_ph0/diamond.save/ :
     XML data file

     default                                                                    

     bravais-lattice index     =            0
     lattice parameter (alat)  =       4.7733  a.u.
     unit-cell volume          =      76.9035 (a.u.)^3
     number of atoms/cell      =            2
     number of atomic types    =            1
     kinetic-energy cut-off    =      45.0000  Ry
     charge density cut-off    =     180.0000  Ry
     convergence threshold     =      1.0E-14
     beta                      =       0.7000
     number of iterations used =            4
     Exchange-correlation= PBE
                           (   1   4   3   4   0   0   0)


     celldm(1)=    4.77332  celldm(2)=    0.00000  celldm(3)=    0.00000
     celldm(4)=    0.00000  celldm(5)=    0.00000  celldm(6)=    0.00000

     crystal axes: (cart. coord. in units of alat)
               a(1) = ( -0.7071  0.0000  0.7071 )  
               a(2) = (  0.0000  0.7071  0.7071 )  
               a(3) = ( -0.7071  0.7071  0.0000 )  

     reciprocal axes: (cart. coord. in units 2 pi/alat)
               b(1) = ( -0.7071 -0.7071  0.7071 )  
               b(2) = (  0.7071  0.7071  0.7071 )  
               b(3) = ( -0.7071  0.7071 -0.7071 )  


     Atoms inside the unit cell: 

     Cartesian axes

     site n.  atom      mass           positions (alat units)
        1  C      12.0107   tau(    1) = (    0.00000    0.00000    0.00000  )
        2  C      12.0107   tau(    2) = (   -0.35410    0.35410    0.35410  )

     Computing dynamical matrix for 
                    q = (  -0.3535534  -0.8249579   0.1178511 )
 
     No symmetry!

     G cutoff =  103.8851  (    447 G-vectors)     FFT grid: ( 24, 24, 24)
     number of k points=  1024

     PseudoPot. # 1 for C  read from file:
     ../../pseudos/C.pbe-n-kjpaw_psl.1.0.0.UPF
     MD5 check sum: 5f16ad9a65e90284d1d834d4ab3b0f7d
     Pseudo is Projector augmented-wave + core cor, Zval =  4.0
     Generated using &quot;atomic&quot; code by A. Dal Corso  v.6.3
     Shape of augmentation charge: PSQ
     Using radial grid of 1073 points,  4 beta functions with: 
                l(1) =   0
                l(2) =   0
                l(3) =   1
                l(4) =   1
     Q(r) pseudized with 0 coefficients 


     Mode symmetry, C_1 (1)     point group:


     Atomic displacements:
     There are    6 irreducible representations

     Representation     1      1 modes -  To be done

     Representation     2      1 modes -  To be done

     Representation     3      1 modes -  To be done

     Representation     4      1 modes -  To be done

     Representation     5      1 modes -  To be done

     Representation     6      1 modes -  To be done



     Alpha used in Ewald sum =   1.9000
     PHONON       :   7m24.04s CPU  10m39.91s WALL



     Representation #   1 mode #   1

     Self-consistent Calculation

      iter #   1 total cpu time :   640.3 secs   av.it.:   6.1
      thresh= 1.000E-02 alpha_mix =  0.700 |ddv_scf|^2 =  3.972E-05

      iter #   2 total cpu time :   640.8 secs   av.it.:   8.4
      thresh= 6.302E-04 alpha_mix =  0.700 |ddv_scf|^2 =  1.872E-05

      iter #   3 total cpu time :   641.3 secs   av.it.:   8.1
      thresh= 4.327E-04 alpha_mix =  0.700 |ddv_scf|^2 =  4.381E-07

      iter #   4 total cpu time :   641.8 secs   av.it.:   8.1
      thresh= 6.619E-05 alpha_mix =  0.700 |ddv_scf|^2 =  9.984E-09

      iter #   5 total cpu time :   642.2 secs   av.it.:   8.0
      thresh= 9.992E-06 alpha_mix =  0.700 |ddv_scf|^2 =  3.371E-10

      iter #   6 total cpu time :   642.7 secs   av.it.:   8.2
      thresh= 1.836E-06 alpha_mix =  0.700 |ddv_scf|^2 =  2.042E-11

      iter #   7 total cpu time :   643.2 secs   av.it.:   8.3
      thresh= 4.519E-07 alpha_mix =  0.700 |ddv_scf|^2 =  5.693E-12

      iter #   8 total cpu time :   643.7 secs   av.it.:   8.0
      thresh= 2.386E-07 alpha_mix =  0.700 |ddv_scf|^2 =  1.709E-13

      iter #   9 total cpu time :   644.1 secs   av.it.:   7.9
      thresh= 4.134E-08 alpha_mix =  0.700 |ddv_scf|^2 =  9.711E-15

     End of self-consistent calculation

     Convergence has been achieved 


     Representation #   2 mode #   2

     Self-consistent Calculation

      iter #   1 total cpu time :   644.6 secs   av.it.:   6.0
      thresh= 1.000E-02 alpha_mix =  0.700 |ddv_scf|^2 =  2.238E-05

      iter #   2 total cpu time :   645.1 secs   av.it.:   8.4
      thresh= 4.731E-04 alpha_mix =  0.700 |ddv_scf|^2 =  6.253E-06

      iter #   3 total cpu time :   645.6 secs   av.it.:   8.2
      thresh= 2.501E-04 alpha_mix =  0.700 |ddv_scf|^2 =  4.218E-07

      iter #   4 total cpu time :   646.0 secs   av.it.:   8.0
      thresh= 6.495E-05 alpha_mix =  0.700 |ddv_scf|^2 =  1.133E-08

      iter #   5 total cpu time :   646.5 secs   av.it.:   8.1
      thresh= 1.065E-05 alpha_mix =  0.700 |ddv_scf|^2 =  2.863E-10

      iter #   6 total cpu time :   647.0 secs   av.it.:   8.0
      thresh= 1.692E-06 alpha_mix =  0.700 |ddv_scf|^2 =  7.287E-12

      iter #   7 total cpu time :   647.5 secs   av.it.:   8.1
      thresh= 2.699E-07 alpha_mix =  0.700 |ddv_scf|^2 =  1.031E-12

      iter #   8 total cpu time :   647.9 secs   av.it.:   8.2
      thresh= 1.015E-07 alpha_mix =  0.700 |ddv_scf|^2 =  3.263E-13

      iter #   9 total cpu time :   648.4 secs   av.it.:   8.0
      thresh= 5.712E-08 alpha_mix =  0.700 |ddv_scf|^2 =  3.189E-15

     End of self-consistent calculation

     Convergence has been achieved 


     Representation #   3 mode #   3

     Self-consistent Calculation

      iter #   1 total cpu time :   648.9 secs   av.it.:   6.1
      thresh= 1.000E-02 alpha_mix =  0.700 |ddv_scf|^2 =  7.707E-05

      iter #   2 total cpu time :   649.4 secs   av.it.:   8.5
      thresh= 8.779E-04 alpha_mix =  0.700 |ddv_scf|^2 =  4.284E-05

      iter #   3 total cpu time :   649.8 secs   av.it.:   8.1
      thresh= 6.545E-04 alpha_mix =  0.700 |ddv_scf|^2 =  4.309E-07

      iter #   4 total cpu time :   650.3 secs   av.it.:   8.2
      thresh= 6.564E-05 alpha_mix =  0.700 |ddv_scf|^2 =  9.660E-09

      iter #   5 total cpu time :   650.8 secs   av.it.:   8.1
      thresh= 9.828E-06 alpha_mix =  0.700 |ddv_scf|^2 =  2.712E-10

      iter #   6 total cpu time :   651.3 secs   av.it.:   8.2
      thresh= 1.647E-06 alpha_mix =  0.700 |ddv_scf|^2 =  4.952E-11

      iter #   7 total cpu time :   651.8 secs   av.it.:   8.2
      thresh= 7.037E-07 alpha_mix =  0.700 |ddv_scf|^2 =  5.454E-12

      iter #   8 total cpu time :   652.2 secs   av.it.:   8.0
      thresh= 2.335E-07 alpha_mix =  0.700 |ddv_scf|^2 =  1.091E-13

      iter #   9 total cpu time :   652.7 secs   av.it.:   8.0
      thresh= 3.303E-08 alpha_mix =  0.700 |ddv_scf|^2 =  7.016E-15

     End of self-consistent calculation

     Convergence has been achieved 


     Representation #   4 mode #   4

     Self-consistent Calculation

      iter #   1 total cpu time :   653.2 secs   av.it.:   6.1
      thresh= 1.000E-02 alpha_mix =  0.700 |ddv_scf|^2 =  8.159E-05

      iter #   2 total cpu time :   653.7 secs   av.it.:   8.5
      thresh= 9.033E-04 alpha_mix =  0.700 |ddv_scf|^2 =  4.772E-05

      iter #   3 total cpu time :   654.1 secs   av.it.:   8.1
      thresh= 6.908E-04 alpha_mix =  0.700 |ddv_scf|^2 =  3.778E-07

      iter #   4 total cpu time :   654.6 secs   av.it.:   8.2
      thresh= 6.147E-05 alpha_mix =  0.700 |ddv_scf|^2 =  9.378E-09

      iter #   5 total cpu time :   655.1 secs   av.it.:   8.1
      thresh= 9.684E-06 alpha_mix =  0.700 |ddv_scf|^2 =  2.608E-10

      iter #   6 total cpu time :   655.6 secs   av.it.:   8.3
      thresh= 1.615E-06 alpha_mix =  0.700 |ddv_scf|^2 =  6.093E-11

      iter #   7 total cpu time :   656.1 secs   av.it.:   8.2
      thresh= 7.806E-07 alpha_mix =  0.700 |ddv_scf|^2 =  4.948E-12

      iter #   8 total cpu time :   656.5 secs   av.it.:   8.0
      thresh= 2.225E-07 alpha_mix =  0.700 |ddv_scf|^2 =  1.179E-13

      iter #   9 total cpu time :   657.0 secs   av.it.:   8.1
      thresh= 3.434E-08 alpha_mix =  0.700 |ddv_scf|^2 =  2.784E-14

      iter #  10 total cpu time :   657.5 secs   av.it.:   8.3
      thresh= 1.669E-08 alpha_mix =  0.700 |ddv_scf|^2 =  5.044E-15

     End of self-consistent calculation

     Convergence has been achieved 


     Representation #   5 mode #   5

     Self-consistent Calculation

      iter #   1 total cpu time :   657.9 secs   av.it.:   6.0
      thresh= 1.000E-02 alpha_mix =  0.700 |ddv_scf|^2 =  2.840E-05

      iter #   2 total cpu time :   658.4 secs   av.it.:   8.4
      thresh= 5.329E-04 alpha_mix =  0.700 |ddv_scf|^2 =  1.098E-05

      iter #   3 total cpu time :   658.9 secs   av.it.:   8.1
      thresh= 3.314E-04 alpha_mix =  0.700 |ddv_scf|^2 =  4.328E-07

      iter #   4 total cpu time :   659.4 secs   av.it.:   8.0
      thresh= 6.579E-05 alpha_mix =  0.700 |ddv_scf|^2 =  8.925E-09

      iter #   5 total cpu time :   659.9 secs   av.it.:   8.1
      thresh= 9.447E-06 alpha_mix =  0.700 |ddv_scf|^2 =  4.297E-10

      iter #   6 total cpu time :   660.4 secs   av.it.:   8.2
      thresh= 2.073E-06 alpha_mix =  0.700 |ddv_scf|^2 =  1.459E-11

      iter #   7 total cpu time :   660.8 secs   av.it.:   8.3
      thresh= 3.820E-07 alpha_mix =  0.700 |ddv_scf|^2 =  5.304E-12

      iter #   8 total cpu time :   661.3 secs   av.it.:   8.0
      thresh= 2.303E-07 alpha_mix =  0.700 |ddv_scf|^2 =  2.362E-13

      iter #   9 total cpu time :   661.8 secs   av.it.:   7.8
      thresh= 4.860E-08 alpha_mix =  0.700 |ddv_scf|^2 =  1.442E-15

     End of self-consistent calculation

     Convergence has been achieved 


     Representation #   6 mode #   6

     Self-consistent Calculation

      iter #   1 total cpu time :   662.2 secs   av.it.:   6.0
      thresh= 1.000E-02 alpha_mix =  0.700 |ddv_scf|^2 =  1.557E-05

      iter #   2 total cpu time :   662.7 secs   av.it.:   8.3
      thresh= 3.946E-04 alpha_mix =  0.700 |ddv_scf|^2 =  3.390E-06

      iter #   3 total cpu time :   663.2 secs   av.it.:   8.2
      thresh= 1.841E-04 alpha_mix =  0.700 |ddv_scf|^2 =  3.437E-07

      iter #   4 total cpu time :   663.7 secs   av.it.:   8.0
      thresh= 5.863E-05 alpha_mix =  0.700 |ddv_scf|^2 =  1.007E-08

      iter #   5 total cpu time :   664.1 secs   av.it.:   8.1
      thresh= 1.004E-05 alpha_mix =  0.700 |ddv_scf|^2 =  3.801E-10

      iter #   6 total cpu time :   664.6 secs   av.it.:   8.1
      thresh= 1.950E-06 alpha_mix =  0.700 |ddv_scf|^2 =  7.515E-12

      iter #   7 total cpu time :   665.1 secs   av.it.:   8.1
      thresh= 2.741E-07 alpha_mix =  0.700 |ddv_scf|^2 =  1.044E-12

      iter #   8 total cpu time :   665.6 secs   av.it.:   8.2
      thresh= 1.022E-07 alpha_mix =  0.700 |ddv_scf|^2 =  4.150E-13

      iter #   9 total cpu time :   666.1 secs   av.it.:   7.9
      thresh= 6.442E-08 alpha_mix =  0.700 |ddv_scf|^2 =  1.244E-14

      iter #  10 total cpu time :   666.5 secs   av.it.:   8.4
      thresh= 1.115E-08 alpha_mix =  0.700 |ddv_scf|^2 =  6.627E-15

     End of self-consistent calculation

     Convergence has been achieved 
 
     Number of q in the star =    6
     List of q in the star:
          1  -0.353553391  -0.824957911   0.117851130
          2  -0.117851130  -0.824957911   0.353553391
          3  -0.117851130   0.353553391  -0.824957911
          4   0.824957911   0.117851130   0.353553391
          5   0.824957911   0.353553391   0.117851130
          6  -0.353553391   0.117851130  -0.824957911

     Diagonalizing the dynamical matrix

     q = (   -0.353553391  -0.824957911   0.117851130 ) 

 **************************************************************************
     freq (    1) =      22.721535 [THz] =     757.908829 [cm-1]
     freq (    2) =      25.981954 [THz] =     866.664683 [cm-1]
     freq (    3) =      29.986600 [THz] =    1000.245325 [cm-1]
     freq (    4) =      31.579283 [THz] =    1053.371504 [cm-1]
     freq (    5) =      34.389352 [THz] =    1147.105311 [cm-1]
     freq (    6) =      35.716850 [THz] =    1191.385880 [cm-1]
 **************************************************************************

     Mode symmetry, C_1 (1)     point group:

     freq (   1-   1) =        757.9  [cm-1]   --> A                  
     freq (   2-   2) =        866.7  [cm-1]   --> A                  
     freq (   3-   3) =       1000.2  [cm-1]   --> A                  
     freq (   4-   4) =       1053.4  [cm-1]   --> A                  
     freq (   5-   5) =       1147.1  [cm-1]   --> A                  
     freq (   6-   6) =       1191.4  [cm-1]   --> A                  

     Calculation of q =    0.3535534  -0.3535534  -0.3535534
 
     Parallelization info
     --------------------
     sticks:   dense  smooth     PW     G-vecs:    dense   smooth      PW
     Min          40      40     17                  445      445     123
     Max          41      41     18                  447      447     125
     Sum         283     283    121                 3119     3119     869
 
     Using Slab Decomposition
 

     Title: 
     default                                                                    


     bravais-lattice index     =            0
     lattice parameter (alat)  =       4.7733  a.u.
     unit-cell volume          =      76.9035 (a.u.)^3
     number of atoms/cell      =            2
     number of atomic types    =            1
     number of electrons       =         8.00
     number of Kohn-Sham states=            8
     kinetic-energy cutoff     =      45.0000  Ry
     charge density cutoff     =     180.0000  Ry
     Exchange-correlation= PBE
                           (   1   4   3   4   0   0   0)

     celldm(1)=   4.773317  celldm(2)=   0.000000  celldm(3)=   0.000000
     celldm(4)=   0.000000  celldm(5)=   0.000000  celldm(6)=   0.000000

     crystal axes: (cart. coord. in units of alat)
               a(1) = (  -0.707107   0.000000   0.707107 )  
               a(2) = (   0.000000   0.707107   0.707107 )  
               a(3) = (  -0.707107   0.707107   0.000000 )  

     reciprocal axes: (cart. coord. in units 2 pi/alat)
               b(1) = ( -0.707107 -0.707107  0.707107 )  
               b(2) = (  0.707107  0.707107  0.707107 )  
               b(3) = ( -0.707107  0.707107 -0.707107 )  


     PseudoPot. # 1 for C  read from file:
     ../../pseudos/C.pbe-n-kjpaw_psl.1.0.0.UPF
     MD5 check sum: 5f16ad9a65e90284d1d834d4ab3b0f7d
     Pseudo is Projector augmented-wave + core cor, Zval =  4.0
     Generated using &quot;atomic&quot; code by A. Dal Corso  v.6.3
     Shape of augmentation charge: PSQ
     Using radial grid of 1073 points,  4 beta functions with: 
                l(1) =   0
                l(2) =   0
                l(3) =   1
                l(4) =   1
     Q(r) pseudized with 0 coefficients 


     atomic species   valence    mass     pseudopotential
     C                 4.00    12.01070     C ( 1.00)

      6 Sym. Ops. (no inversion) found



   Cartesian axes

     site n.     atom                  positions (alat units)
         1        C      tau(   1) = (   0.0000000   0.0000000   0.0000000  )
         2        C      tau(   2) = (  -0.3541036   0.3541036   0.3541036  )

     number of k points=   130

     Number of k-points >= 100: set verbosity='high' to print them.

     Dense  grid:     3119 G-vectors     FFT dimensions: (  24,  24,  24)

     Estimated max dynamical RAM per process >       0.69 MB

     Estimated total dynamical RAM >      19.29 MB

     Check: negative core charge=   -0.000077

     The potential is recalculated from file :
     ../tmp/_ph0/diamond.save/charge-density

     Starting wfcs are    8 atomic wfcs
     Checking if some PAW data can be deallocated... 

     Band Structure Calculation
     Davidson diagonalization with overlap

     ethr =  1.25E-10,  avg # of iterations = 10.1

     total cpu time spent up to now is       50.5 secs

     End of band structure calculation

     Number of k-points >= 100: set verbosity='high' to print the bands.

     highest occupied, lowest unoccupied level (ev):    13.31233097   17.40873064

     Writing config to output data dir ../tmp/_ph0/diamond.save/ :
     XML data file

     default                                                                    

     bravais-lattice index     =            0
     lattice parameter (alat)  =       4.7733  a.u.
     unit-cell volume          =      76.9035 (a.u.)^3
     number of atoms/cell      =            2
     number of atomic types    =            1
     kinetic-energy cut-off    =      45.0000  Ry
     charge density cut-off    =     180.0000  Ry
     convergence threshold     =      1.0E-14
     beta                      =       0.7000
     number of iterations used =            4
     Exchange-correlation= PBE
                           (   1   4   3   4   0   0   0)


     celldm(1)=    4.77332  celldm(2)=    0.00000  celldm(3)=    0.00000
     celldm(4)=    0.00000  celldm(5)=    0.00000  celldm(6)=    0.00000

     crystal axes: (cart. coord. in units of alat)
               a(1) = ( -0.7071  0.0000  0.7071 )  
               a(2) = (  0.0000  0.7071  0.7071 )  
               a(3) = ( -0.7071  0.7071  0.0000 )  

     reciprocal axes: (cart. coord. in units 2 pi/alat)
               b(1) = ( -0.7071 -0.7071  0.7071 )  
               b(2) = (  0.7071  0.7071  0.7071 )  
               b(3) = ( -0.7071  0.7071 -0.7071 )  


     Atoms inside the unit cell: 

     Cartesian axes

     site n.  atom      mass           positions (alat units)
        1  C      12.0107   tau(    1) = (    0.00000    0.00000    0.00000  )
        2  C      12.0107   tau(    2) = (   -0.35410    0.35410    0.35410  )

     Computing dynamical matrix for 
                    q = (   0.3535534  -0.3535534  -0.3535534 )
 
      7 Sym.Ops. (with q -> -q+G )


     G cutoff =  103.8851  (    447 G-vectors)     FFT grid: ( 24, 24, 24)
     number of k points=   130

     PseudoPot. # 1 for C  read from file:
     ../../pseudos/C.pbe-n-kjpaw_psl.1.0.0.UPF
     MD5 check sum: 5f16ad9a65e90284d1d834d4ab3b0f7d
     Pseudo is Projector augmented-wave + core cor, Zval =  4.0
     Generated using &quot;atomic&quot; code by A. Dal Corso  v.6.3
     Shape of augmentation charge: PSQ
     Using radial grid of 1073 points,  4 beta functions with: 
                l(1) =   0
                l(2) =   0
                l(3) =   1
                l(4) =   1
     Q(r) pseudized with 0 coefficients 


     Mode symmetry, C_3v (3m)   point group:


     Atomic displacements:
     There are    4 irreducible representations

     Representation     1      1 modes -  To be done

     Representation     2      1 modes -  To be done

     Representation     3      2 modes -  To be done

     Representation     4      2 modes -  To be done



     Alpha used in Ewald sum =   1.9000
     PHONON       :   7m44.09s CPU  11m 7.62s WALL



     Representation #   1 mode #   1

     Self-consistent Calculation

      iter #   1 total cpu time :   667.7 secs   av.it.:   6.1
      thresh= 1.000E-02 alpha_mix =  0.700 |ddv_scf|^2 =  2.184E-04

      iter #   2 total cpu time :   667.9 secs   av.it.:   7.9
      thresh= 1.478E-03 alpha_mix =  0.700 |ddv_scf|^2 =  2.089E-04

      iter #   3 total cpu time :   668.0 secs   av.it.:   7.3
      thresh= 1.445E-03 alpha_mix =  0.700 |ddv_scf|^2 =  1.097E-06

      iter #   4 total cpu time :   668.1 secs   av.it.:   7.7
      thresh= 1.047E-04 alpha_mix =  0.700 |ddv_scf|^2 =  3.990E-08

      iter #   5 total cpu time :   668.3 secs   av.it.:   7.6
      thresh= 1.998E-05 alpha_mix =  0.700 |ddv_scf|^2 =  3.800E-09

      iter #   6 total cpu time :   668.4 secs   av.it.:   7.9
      thresh= 6.165E-06 alpha_mix =  0.700 |ddv_scf|^2 =  4.569E-11

      iter #   7 total cpu time :   668.6 secs   av.it.:   7.5
      thresh= 6.759E-07 alpha_mix =  0.700 |ddv_scf|^2 =  1.849E-12

      iter #   8 total cpu time :   668.7 secs   av.it.:   7.1
      thresh= 1.360E-07 alpha_mix =  0.700 |ddv_scf|^2 =  1.639E-14

      iter #   9 total cpu time :   668.8 secs   av.it.:   7.4
      thresh= 1.280E-08 alpha_mix =  0.700 |ddv_scf|^2 =  1.592E-15

     End of self-consistent calculation

     Convergence has been achieved 


     Representation #   2 mode #   2

     Self-consistent Calculation

      iter #   1 total cpu time :   669.0 secs   av.it.:   6.1
      thresh= 1.000E-02 alpha_mix =  0.700 |ddv_scf|^2 =  2.184E-04

      iter #   2 total cpu time :   669.1 secs   av.it.:   7.9
      thresh= 1.478E-03 alpha_mix =  0.700 |ddv_scf|^2 =  2.090E-04

      iter #   3 total cpu time :   669.2 secs   av.it.:   7.3
      thresh= 1.446E-03 alpha_mix =  0.700 |ddv_scf|^2 =  1.097E-06

      iter #   4 total cpu time :   669.4 secs   av.it.:   7.7
      thresh= 1.047E-04 alpha_mix =  0.700 |ddv_scf|^2 =  3.988E-08

      iter #   5 total cpu time :   669.5 secs   av.it.:   7.6
      thresh= 1.997E-05 alpha_mix =  0.700 |ddv_scf|^2 =  3.797E-09

      iter #   6 total cpu time :   669.7 secs   av.it.:   7.9
      thresh= 6.162E-06 alpha_mix =  0.700 |ddv_scf|^2 =  4.570E-11

      iter #   7 total cpu time :   669.8 secs   av.it.:   7.5
      thresh= 6.760E-07 alpha_mix =  0.700 |ddv_scf|^2 =  1.849E-12

      iter #   8 total cpu time :   669.9 secs   av.it.:   7.1
      thresh= 1.360E-07 alpha_mix =  0.700 |ddv_scf|^2 =  1.638E-14

      iter #   9 total cpu time :   670.0 secs   av.it.:   7.4
      thresh= 1.280E-08 alpha_mix =  0.700 |ddv_scf|^2 =  1.591E-15

     End of self-consistent calculation

     Convergence has been achieved 


     Representation #   3 modes #   3   4

     Self-consistent Calculation

      iter #   1 total cpu time :   670.3 secs   av.it.:   5.8
      thresh= 1.000E-02 alpha_mix =  0.700 |ddv_scf|^2 =  1.186E-06

      iter #   2 total cpu time :   670.6 secs   av.it.:   8.9
      thresh= 1.089E-04 alpha_mix =  0.700 |ddv_scf|^2 =  2.497E-08

      iter #   3 total cpu time :   670.8 secs   av.it.:   8.3
      thresh= 1.580E-05 alpha_mix =  0.700 |ddv_scf|^2 =  1.819E-09

      iter #   4 total cpu time :   671.1 secs   av.it.:   8.3
      thresh= 4.265E-06 alpha_mix =  0.700 |ddv_scf|^2 =  8.334E-12

      iter #   5 total cpu time :   671.4 secs   av.it.:   8.0
      thresh= 2.887E-07 alpha_mix =  0.700 |ddv_scf|^2 =  1.837E-13

      iter #   6 total cpu time :   671.6 secs   av.it.:   7.8
      thresh= 4.286E-08 alpha_mix =  0.700 |ddv_scf|^2 =  2.562E-16

     End of self-consistent calculation

     Convergence has been achieved 


     Representation #   4 modes #   5   6

     Self-consistent Calculation

      iter #   1 total cpu time :   671.9 secs   av.it.:   5.8
      thresh= 1.000E-02 alpha_mix =  0.700 |ddv_scf|^2 =  1.185E-06

      iter #   2 total cpu time :   672.1 secs   av.it.:   8.8
      thresh= 1.089E-04 alpha_mix =  0.700 |ddv_scf|^2 =  2.496E-08

      iter #   3 total cpu time :   672.4 secs   av.it.:   8.2
      thresh= 1.580E-05 alpha_mix =  0.700 |ddv_scf|^2 =  1.817E-09

      iter #   4 total cpu time :   672.7 secs   av.it.:   8.4
      thresh= 4.263E-06 alpha_mix =  0.700 |ddv_scf|^2 =  8.331E-12

      iter #   5 total cpu time :   672.9 secs   av.it.:   8.0
      thresh= 2.886E-07 alpha_mix =  0.700 |ddv_scf|^2 =  1.838E-13

      iter #   6 total cpu time :   673.1 secs   av.it.:   7.8
      thresh= 4.287E-08 alpha_mix =  0.700 |ddv_scf|^2 =  2.558E-16

     End of self-consistent calculation

     Convergence has been achieved 
 
     Number of q in the star =    1
     List of q in the star:
          1   0.353553391  -0.353553391  -0.353553391

     Diagonalizing the dynamical matrix

     q = (    0.353553391  -0.353553391  -0.353553391 ) 

 **************************************************************************
     freq (    1) =      16.321624 [THz] =     544.430764 [cm-1]
     freq (    2) =      16.321624 [THz] =     544.430764 [cm-1]
     freq (    3) =      31.000007 [THz] =    1034.048928 [cm-1]
     freq (    4) =      35.834681 [THz] =    1195.316286 [cm-1]
     freq (    5) =      35.834681 [THz] =    1195.316286 [cm-1]
     freq (    6) =      37.327443 [THz] =    1245.109478 [cm-1]
 **************************************************************************

     Mode symmetry, C_3v (3m)   point group:

     freq (   1-   2) =        544.4  [cm-1]   --> E    L_3           
     freq (   3-   3) =       1034.0  [cm-1]   --> A_1  L_1           
     freq (   4-   5) =       1195.3  [cm-1]   --> E    L_3           
     freq (   6-   6) =       1245.1  [cm-1]   --> A_1  L_1           
 
     init_run     :      0.43s CPU      0.57s WALL (      31 calls)
     electrons    :     34.64s CPU     38.70s WALL (      31 calls)

     Called by init_run:
     wfcinit      :      0.00s CPU      0.02s WALL (      31 calls)
     potinit      :      0.27s CPU      0.29s WALL (      31 calls)
     hinit0       :      0.08s CPU      0.09s WALL (      31 calls)

     Called by electrons:
     c_bands      :     34.64s CPU     38.68s WALL (      31 calls)
     v_of_rho     :      0.03s CPU      0.03s WALL (      32 calls)
     newd         :      0.01s CPU      0.01s WALL (      32 calls)
     PAW_pot      :      0.24s CPU      0.25s WALL (      32 calls)

     Called by c_bands:
     init_us_2    :      2.10s CPU      2.58s WALL (  200087 calls)
     cegterg      :     28.23s CPU     31.76s WALL (    5394 calls)

     Called by *egterg:
     cdiaghg      :      8.71s CPU      9.68s WALL (   60582 calls)
     h_psi        :    229.32s CPU    279.85s WALL ( 1463036 calls)
     s_psi        :     12.29s CPU     15.18s WALL ( 3012954 calls)
     g_psi        :      0.17s CPU      0.19s WALL (   55188 calls)

     Called by h_psi:
     h_psi:calbec :     14.90s CPU     18.15s WALL ( 1463036 calls)
     vloc_psi     :    194.68s CPU    237.59s WALL ( 1463036 calls)
     add_vuspsi   :      6.25s CPU      7.67s WALL ( 1463036 calls)

     General routines
     calbec       :     22.23s CPU     27.38s WALL ( 3290056 calls)
     fft          :      0.81s CPU      0.89s WALL (   28370 calls)
     ffts         :      0.42s CPU      0.49s WALL (   17682 calls)
     fftw         :    198.40s CPU    242.43s WALL (13565940 calls)
     davcio       :      5.41s CPU      6.78s WALL (  834120 calls)
 
     Parallel routines
 
     PHONON       :   7m47.32s CPU  11m13.46s WALL

     INITIALIZATION: 
     phq_setup    :      0.09s CPU      0.17s WALL (      32 calls)
     phq_init     :      4.11s CPU      4.73s WALL (      32 calls)
 
     phq_init     :      4.11s CPU      4.73s WALL (      32 calls)
     set_drhoc    :      0.01s CPU      0.01s WALL (      96 calls)
     init_vloc    :      0.00s CPU      0.00s WALL (      32 calls)
     init_us_1    :      0.02s CPU      0.03s WALL (      32 calls)
     init_us_2    :      2.10s CPU      2.58s WALL (  200087 calls)
     newd         :      0.01s CPU      0.01s WALL (      32 calls)
     dvanqq       :      0.09s CPU      0.09s WALL (      32 calls)
     drho         :      3.51s CPU      3.96s WALL (      32 calls)
     drhous       :      2.81s CPU      3.17s WALL (      32 calls)
     nldyntot     :      0.22s CPU      0.27s WALL (      32 calls)
 
     DYNAMICAL MATRIX:
     dynmat0      :      0.34s CPU      0.46s WALL (      32 calls)
     dynmat_us    :      0.30s CPU      0.35s WALL (      32 calls)
     addusdynmat  :      0.00s CPU      0.00s WALL (      32 calls)
     d2ionq       :      0.00s CPU      0.01s WALL (      32 calls)
     dynmatcc     :      0.03s CPU      0.03s WALL (      32 calls)
     phqscf       :    425.37s CPU    599.29s WALL (      32 calls)
     dynmatrix    :      0.02s CPU      0.14s WALL (      32 calls)
 
     phqscf       :    425.37s CPU    599.29s WALL (      32 calls)
     solve_linter :    423.93s CPU    593.97s WALL (     184 calls)
     sth_kernel   :    358.89s CPU    441.56s WALL (    1677 calls)
     h_prec       :      0.80s CPU      1.00s WALL (  151475 calls)
     apply_dpot_b :     23.74s CPU     29.55s WALL (  136421 calls)
     ortho        :      4.13s CPU      5.12s WALL (  152807 calls)
     cgsolve      :    292.49s CPU    359.37s WALL (  152807 calls)
     incdrhoscf   :     26.05s CPU     32.33s WALL (  152807 calls)
                                        0.00s GPU  (  152807 calls)
     addusddens   :      0.94s CPU      1.02s WALL (    1855 calls)
     dv_of_drho   :      0.80s CPU      0.84s WALL (    1740 calls)
     mix_pot      :      0.73s CPU     48.99s WALL (    1677 calls)
     drhodv       :      1.30s CPU      1.52s WALL (     184 calls)
     psymdvscf    :      1.44s CPU      1.48s WALL (     963 calls)
     newdq        :      0.99s CPU      1.09s WALL (    1677 calls)
     adddvscf     :      1.30s CPU      1.61s WALL (  136421 calls)
     com_dvloc    :      0.57s CPU      0.66s WALL (   17682 calls)
                                        0.00s GPU  (   17682 calls)
     addcore      :      0.12s CPU      0.14s WALL (    3081 calls)
                                        0.00s GPU  (    3081 calls)
     drhodvus     :      0.02s CPU      0.03s WALL (     184 calls)
 
     dvqpsi_us    :      7.35s CPU      8.51s WALL (   16386 calls)
                                        0.00s GPU  (   16386 calls)
     dvqpsi_us_on :      1.70s CPU      1.95s WALL (   16386 calls)
 
     add_vuspsi   :      6.25s CPU      7.67s WALL ( 1463036 calls)
     addusdbec    :      2.12s CPU      2.59s WALL (  169091 calls)
 
     drhodvus     :      0.02s CPU      0.03s WALL (     184 calls)
 
      General routines
     calbec       :     22.23s CPU     27.38s WALL ( 3290056 calls)
     fft          :      0.81s CPU      0.89s WALL (   28370 calls)
     ffts         :      0.42s CPU      0.49s WALL (   17682 calls)
     fftw         :    198.40s CPU    242.43s WALL (13565940 calls)
     davcio       :      5.41s CPU      6.78s WALL (  834120 calls)
     write_rec    :      0.61s CPU     31.64s WALL (    1861 calls)
 
      Additional routines
     ch_psi       :    280.46s CPU    344.50s WALL ( 1397060 calls)
     last         :     46.30s CPU     56.94s WALL ( 1397060 calls)
     Hesh         :      2.54s CPU      3.12s WALL ( 1397060 calls)
     ch_psi_all_k :     37.14s CPU     45.67s WALL ( 1397060 calls)
                                        0.00s GPU  ( 1397060 calls)
     ch_psi_calbe :     12.32s CPU     15.06s WALL ( 1397060 calls)
                                        0.00s GPU  ( 1397060 calls)
     h_psi_bgrp   :    233.56s CPU    285.04s WALL ( 1463036 calls)
     h_psi        :    229.32s CPU    279.85s WALL ( 1463036 calls)
     h_psi:pot    :    224.58s CPU    274.04s WALL ( 1463036 calls)
     h_psi:calbec :     14.90s CPU     18.15s WALL ( 1463036 calls)
     s_psi_bgrp   :     21.16s CPU     25.97s WALL ( 3012954 calls)
     s_psi        :     12.29s CPU     15.18s WALL ( 3012954 calls)
 
 
     PHONON       :   7m47.32s CPU  11m13.46s WALL

 
   This run was terminated on:  15:31:20   9Aug2026            

=------------------------------------------------------------------------------=
   JOB DONE.
=------------------------------------------------------------------------------=
